score: 17682.2
6 : 7 8 5 245282 197716 197717 
6 : 20 25 17 128304 96617 96625 
6 : 51 62 43 201839 111282 111300 
6 : 68 76 66 79226 58498 58512 
6 : 80 70 74 145894 165151 145890 
6 : 90 104 109 55367 55372 206253 
6 : 170 183 169 124219 94978 95002 
6 : 182 176 175 179645 170460 170446 
6 : 319 318 332 51587 105890 51609 
6 : 352 362 371 90701 90712 168816 
6 : 353 367 361 94968 94958 152094 
6 : 490 488 492 209486 225055 209490 
6 : 503 512 514 208773 208776 256295 
6 : 630 639 628 47476 44861 44880 
6 : 637 632 640 78451 149544 78455 
6 : 653 647 659 59185 194717 59193 
6 : 671 669 679 74319 126597 74331 
6 : 810 809 798 258787 49813 49812 
6 : 846 839 854 133414 198894 133424 
6 : 881 879 860 233564 34631 34622 
6 : 966 964 956 210323 60831 60828 
6 : 974 987 983 73452 73448 245045 
6 : 1114 1115 1113 155179 104116 104120 
6 : 1160 1156 1162 220964 256578 220970 
6 : 1292 1293 1287 106183 64569 64570 
6 : 1307 1299 1302 191237 213249 191222 
6 : 1312 1309 1330 2182 76895 2211 
6 : 1321 1310 1327 34123 205220 34132 
6 : 1439 1448 1444 61664 61658 168826 
6 : 1450 1443 1447 161111 229204 161107 
6 : 1497 1486 1489 224696 230297 224693 
6 : 1651 1653 1656 59602 59609 90971 
6 : 1652 1661 1667 67446 67462 161598 
6 : 1682 1679 1675 207884 108775 108772 
6 : 1683 1680 1670 211477 5600 5598 
6 : 1684 1672 1685 62517 243276 62519 
6 : 1795 1797 1806 96265 96280 129269 
6 : 1804 1793 1796 40978 115665 40962 
6 : 1999 2002 2003 128436 128439 158796 
6 : 2108 2093 2099 14382 121003 14367 
6 : 2134 2131 2142 111087 167783 111098 
6 : 2171 2158 2169 138631 259033 138627 
6 : 2283 2288 2285 157459 157457 188106 
6 : 2428 2429 2424 235428 140265 140266 
6 : 2585 2582 2592 42892 118385 42908 
6 : 2593 2588 2589 194581 230579 194579 
6 : 2600 2613 2603 125387 125382 165314 
6 : 2609 2614 2605 212866 169115 169121 
6 : 2739 2735 2736 229267 243590 229263 
6 : 2743 2748 2744 11983 11979 33795 
6 : 2881 2883 2895 88234 88253 122177 
6 : 2893 2894 2891 257048 245031 245034 
6 : 3055 3057 3051 256877 214398 214399 
6 : 3186 3192 3193 52616 52619 175853 
6 : 3199 3191 3196 161815 249502 161812 
6 : 3215 3214 3207 242213 127880 127879 
6 : 3216 3221 3220 244344 244341 263522 
6 : 3242 3228 3239 86467 244543 86463 
6 : 3247 3263 3259 16523 16519 195901 
6 : 3358 3351 3356 73659 184292 73654 
6 : 3360 3364 3350 240328 21884 21896 
6 : 3370 3375 3374 122214 122213 144067 
6 : 3373 3366 3368 21202 89554 21198 
6 : 3397 3392 3396 145918 237192 145917 
6 : 3442 3436 3440 117332 161915 117328 
6 : 3444 3454 3432 203995 90335 90353 
6 : 3509 3513 3512 249182 249180 260975 
6 : 3511 3504 3506 181861 209372 181850 
6 : 3516 3518 3530 74841 74859 112633 
6 : 3545 3556 3543 196655 148364 148379 
6 : 3551 3544 3535 175013 17655 17643 
6 : 3681 3684 3678 235770 188716 188722 
6 : 3858 3855 3857 251460 262688 251458 
6 : 3867 3874 3862 232571 112601 112615 
6 : 4016 4020 4017 228709 228700 229208 
6 : 4183 4181 4169 259498 197953 197949 
6 : 4189 4192 4196 128090 128102 159133 
6 : 4199 4200 4185 263526 11757 11759 
6 : 4205 4208 4224 59151 59170 65081 
6 : 4345 4354 4346 76080 76072 128150 
6 : 4355 4353 4352 200379 166811 166800 
6 : 4360 4344 4350 13656 160846 13641 
6 : 4362 4364 4377 20868 20877 110195 
6 : 4381 4383 4378 258326 206184 206187 
6 : 4387 4403 4386 12363 6503 6522 
6 : 4485 4494 4487 95424 95415 138008 
6 : 4490 4495 4496 168545 168548 251316 
6 : 4491 4493 4497 206960 206966 225101 
6 : 4499 4502 4509 18169 18177 76545 
6 : 4554 4564 4555 181355 181345 196671 
6 : 4653 4645 4652 194509 254074 194506 
6 : 4662 4676 4660 161192 124366 124390 
6 : 4693 4688 4701 143700 211870 143714 
6 : 4752 4750 4767 37109 65005 37128 
6 : 4822 4824 4816 195517 45889 45890 
6 : 4840 4837 4838 170528 177245 170524 
6 : 4848 4847 4830 256667 28138 28132 
6 : 4980 4992 4987 105646 105637 189722 
6 : 5019 5026 5025 207504 207503 248258 
6 : 5037 5042 5040 12508 12506 82855 
6 : 5051 5039 5052 75480 248303 75481 
6 : 5152 5165 5161 149358 149353 250835 
6 : 5156 5153 5158 160228 211882 160229 
6 : 5178 5182 5180 176373 176369 214262 
6 : 5309 5303 5298 153401 51803 51781 
6 : 5328 5338 5327 74465 69118 69137 
6 : 5349 5332 5334 155844 182641 155831 
6 : 5356 5367 5371 94748 94761 244036 
6 : 5626 5632 5628 23726 23721 113450 
6 : 5629 5631 5635 119287 119292 134994 
6 : 5703 5686 5710 68002 227551 68016 
6 : 5815 5813 5805 210277 62890 62888 
6 : 5832 5846 5830 147428 145252 145279 
6 : 5957 5959 5961 119425 119429 191873 
6 : 5966 5951 5965 9381 249041 9377 
6 : 5968 5969 5956 263939 118921 118922 
6 : 5981 5980 5974 181738 117227 117223 
6 : 5998 5996 6010 34708 42164 34725 
6 : 6001 6005 6017 91319 91336 125830 
6 : 6018 6030 6020 27579 27571 101604 
6 : 6023 6032 6028 136075 136073 174798 
6 : 6026 6037 6041 168174 168181 227664 
6 : 6040 6019 6035 101521 219146 101517 
6 : 6121 6124 6120 136744 85328 85338 
6 : 6134 6129 6141 57639 195339 57643 
6 : 6140 6130 6144 75224 231842 75230 
6 : 6156 6162 6151 185853 103060 103068 
6 : 6158 6165 6166 201543 201547 236984 
6 : 6280 6282 6274 228007 78515 78519 
6 : 6293 6288 6296 155003 199651 155011 
6 : 6310 6315 6316 160646 160649 221827 
6 : 6311 6317 6318 161791 161793 235433 
6 : 6343 6327 6344 28735 229340 28737 
6 : 6426 6440 6436 125130 125128 260722 
6 : 6430 6425 6433 75344 237748 75350 
6 : 6454 6450 6443 242444 43438 43434 
6 : 665 6460 6464 670 677 106252 
6 : 6462 6461 6459 126044 74320 74318 
6 : 6507 6518 6531 66946 66962 163018 
6 : 6612 6610 6598 259392 219556 219553 
6 : 6614 6628 2216 28196 2218 2240 
6 : 6624 6630 6634 191671 191674 246482 
6 : 6656 6654 6660 226148 248276 226150 
6 : 6667 6650 6648 204323 187318 187298 
6 : 6760 6749 6755 99592 212311 99587 
6 : 6762 6761 6758 260338 250379 250376 
6 : 6775 6786 6787 192273 192274 263860 
6 : 6885 6893 6886 96581 96565 99407 
6 : 6901 6903 6900 89930 86050 86054 
6 : 6969 6944 6964 53399 251694 53389 
6 : 7089 7110 7106 43263 43256 248421 
6 : 7113 7107 7109 250637 253523 250635 
6 : 7132 7120 7133 131527 234540 131529 
6 : 7220 7217 7221 215372 247649 215373 
6 : 7227 7235 7232 136495 136493 203179 
6 : 7350 7358 7349 125841 61565 61574 
6 : 7359 7357 7351 227827 131897 131892 
6 : 7365 7362 7348 261472 59804 59798 
6 : 7392 7395 7397 152567 152570 203692 
6 : 7563 7545 7548 55698 132280 55676 
6 : 7674 7672 7676 223998 229344 224006 
6 : 7677 7663 7670 53390 212750 53384 
6 : 7679 7661 7673 28749 225721 28734 
6 : 7687 7684 7694 108560 173758 108568 
6 : 7692 7688 7683 178453 63950 63947 
6 : 7697 7696 7691 240207 205662 205661 
6 : 7714 7718 7712 208145 196401 196409 
6 : 7824 7833 7837 32665 32672 241835 
6 : 7839 7827 7826 55268 54376 54344 
6 : 7951 7940 7946 203403 245875 203396 
6 : 8000 8001 8004 176194 176195 221490 
6 : 5010 8029 8017 5024 5015 100624 
6 : 8020 8015 8023 74454 141345 74459 
6 : 8196 8207 8192 165482 29585 29600 
6 : 8212 8215 8221 140168 140175 205002 
6 : 8329 8332 8333 109699 109701 231371 
6 : 8334 8336 8330 255323 186303 186308 
6 : 8338 8352 8344 12103 12097 135373 
6 : 8367 8369 8379 103455 103467 126487 
6 : 8397 8398 8390 141270 52212 52213 
6 : 8501 8513 8504 89673 89653 173591 
6 : 8503 8511 8507 163374 163365 245008 
6 : 8509 8512 8502 256974 119696 119700 
6 : 8516 8521 8519 27903 27899 106438 
6 : 8631 8642 8632 108185 108173 127241 
6 : 8645 8646 8649 108310 108316 110680 
6 : 8647 8658 8648 139899 139886 166094 
6 : 8712 8686 8703 131102 246641 131094 
6 : 8798 8787 8797 10814 218245 10813 
6 : 8804 8796 8801 166106 241178 166103 
6 : 8813 8814 8811 70344 33713 33714 
6 : 8816 8826 8822 145026 145020 244382 
6 : 8817 8821 8825 172564 172570 226765 
6 : 8841 8845 8836 231942 130163 130168 
6 : 8962 8961 8957 256621 216421 216417 
6 : 8983 8995 8990 52481 52476 191208 
6 : 9131 9134 9133 100797 100796 198322 
6 : 9132 9135 9141 146350 146356 228872 
6 : 9145 9165 9167 53023 53029 252736 
6 : 9146 9154 9147 57079 57071 59215 
6 : 9153 9155 9164 194155 194160 195803 
6 : 9161 9157 9150 222316 110703 110701 
6 : 9214 9222 9208 220158 100492 100495 
6 : 9266 9281 9272 64661 64655 175393 
6 : 9278 9277 9280 238804 243857 238807 
6 : 9295 9288 9283 123589 66475 66466 
6 : 9313 9305 9307 44376 61686 44362 
6 : 9322 9303 9309 22161 121098 22139 
6 : 9465 9467 9474 32604 32610 47890 
6 : 9476 9478 9470 199814 104771 104774 
6 : 9609 9605 5217 85291 5234 5221 
6 : 9624 9623 9632 170509 180947 170517 
6 : 9767 9763 9759 256838 205265 205259 
6 : 9768 9755 9753 134704 92269 92248 
6 : 9988 9993 9982 162512 86421 86433 
6 : 10091 10098 10097 204833 204832 248105 
6 : 10181 10170 10183 106660 227802 106664 
6 : 10235 10229 10228 88977 47511 47487 
6 : 10239 10242 10244 85512 85517 160137 
6 : 10409 10400 10396 132865 63657 63637 
6 : 10455 10450 10437 244414 91663 91657 
6 : 10458 10479 10466 63328 63318 165498 
6 : 10459 10481 10465 71969 71950 164992 
6 : 10471 10461 10477 112602 241897 112610 
6 : 10556 10554 10557 174207 203531 174209 
6 : 10571 10566 10575 88522 131841 88528 
6 : 10588 10591 10592 156652 156653 175422 
6 : 10644 10651 10652 137531 137532 213832 
6 : 10658 10647 10653 176584 218056 176583 
6 : 10700 10709 10698 86672 26449 26473 
6 : 10725 10714 10712 131014 89735 89710 
6 : 10728 10717 10713 188339 125536 125522 
6 : 11018 11025 11022 139796 139793 261303 
6 : 11026 11028 11037 31913 31923 153609 
6 : 11059 11047 9795 51786 9814 9797 
6 : 11069 11066 11068 254727 262105 254726 
6 : 11102 11113 11118 34386 34390 186217 
6 : 11180 11175 11184 73307 189052 73312 
6 : 11192 11204 11194 22572 22556 64981 
6 : 11222 11217 11226 213240 241758 213245 
6 : 11369 11373 11372 143962 143956 218312 
6 : 11379 11377 11366 260462 91390 91388 
6 : 11452 11432 11435 94843 130519 94820 
6 : 11500 11496 11494 184682 135994 135977 
6 : 11501 11503 11506 228898 228901 244333 
6 : 11518 11522 11517 204017 196169 196179 
6 : 11519 11515 11510 189539 151966 151951 
6 : 11520 11508 11511 41597 165069 41580 
6 : 11564 11551 11575 45990 163093 46002 
6 : 11648 11644 11649 138315 197271 138324 
6 : 11675 11673 11692 121981 135750 122004 
6 : 11799 11806 11796 170627 39522 39541 
6 : 11967 11960 11973 16583 128819 16596 
6 : 12107 12106 12116 205503 212131 205515 
6 : 12130 12129 12125 204572 144854 144853 
6 : 12168 12174 12166 203055 188348 188354 
6 : 12178 12173 12167 227983 199415 199403 
6 : 12179 12165 12176 187155 244575 187145 
6 : 12183 12194 12187 117781 117770 149875 
6 : 12304 12305 12300 211800 170183 170186 
6 : 12357 12356 12359 144242 145151 144245 
6 : 12441 12453 12449 160350 160347 260817 
6 : 12451 12442 12452 195668 261551 195669 
6 : 12477 12458 12461 92069 142115 92043 
6 : 12504 12516 12524 44200 44208 221987 
6 : 12631 12635 12638 97415 97418 126616 
6 : 12640 12632 12642 101365 182493 101367 
6 : 12766 12769 12767 262696 262695 263108 
6 : 12771 12758 9865 178237 9903 9883 
6 : 12773 12795 12796 75205 75206 260354 
6 : 12797 12787 12793 232781 256815 232779 
6 : 12811 12814 12805 217363 146505 146510 
6 : 12826 12842 12830 83982 83970 107783 
6 : 12862 12858 12878 110105 176933 110117 
6 : 12937 12949 12945 151045 151041 216844 
6 : 12952 12943 12941 203616 194082 194069 
6 : 12959 12967 12964 98788 98784 177532 
6 : 12960 7140 12961 7149 107674 7150 
6 : 12971 12968 12969 246536 247603 246530 
6 : 13081 13074 13078 90309 138953 90306 
6 : 13083 13082 13079 206594 148078 148077 
6 : 13086 13073 13076 49481 116405 49462 
6 : 13088 13084 13075 220083 96709 96705 
6 : 13098 13100 13099 236254 236253 246491 
6 : 13232 13234 13231 198877 186706 186708 
6 : 13238 13237 13235 261979 233896 233894 
6 : 13263 13261 13251 263009 160376 160370 
6 : 13308 13291 13313 115926 251019 115932 
6 : 13335 13337 13329 197842 167049 167052 
6 : 13394 13398 13407 44660 44666 197820 
6 : 13403 13397 13405 175533 224375 175536 
6 : 13409 13418 13415 43571 43563 150723 
6 : 13420 13427 13416 232419 178068 178078 
6 : 13422 13417 13425 215025 258810 215029 
6 : 13435 13439 13442 86501 86506 165665 
6 : 13445 13446 13437 254765 116017 116019 
6 : 13466 13464 13470 161713 175255 161718 
6 : 13554 13553 13557 208006 224511 208011 
6 : 13560 13576 13573 14356 14351 243135 
6 : 13567 13568 13572 190171 190177 193866 
6 : 13570 13578 13564 228074 116174 116184 
6 : 13594 13588 13582 146601 35523 35514 
6 : 13598 13581 13593 32980 201227 32971 
6 : 13620 13611 13623 114253 196832 114258 
6 : 13725 13723 13731 197165 232901 197171 
6 : 13736 13752 2052 83513 2061 2086 
6 : 13791 13798 13816 76129 76149 180014 
6 : 13871 13856 13860 25572 166021 25555 
6 : 13873 13868 13859 251611 163610 163605 
6 : 13893 13877 13884 38659 200737 38644 
6 : 13894 13880 6237 114925 6270 6240 
6 : 13902 13908 13917 142874 142891 172825 
6 : 13959 13963 13954 226559 183964 183969 
6 : 14017 14015 14023 54072 82935 54098 
6 : 14028 3762 14040 3764 71171 3793 
6 : 14049 14055 14046 111110 47087 47098 
6 : 14050 14064 14051 141509 141490 158541 
6 : 14088 14065 14073 20995 152616 20981 
6 : 14112 14102 5712 170095 5740 5730 
6 : 14196 14205 14206 127368 127371 256884 
6 : 14201 14203 14202 239822 239819 245820 
6 : 14207 14198 14189 150923 17804 17785 
6 : 14318 14316 14313 198170 69036 69029 
6 : 14321 14324 14326 64649 64652 146597 
6 : 14325 14334 14330 164019 164015 220364 
6 : 14338 14320 14332 35536 238811 35525 
6 : 14466 14462 14464 207489 224977 207483 
6 : 14468 14469 14470 82059 82063 96093 
6 : 14518 14520 14516 79092 53232 53233 
6 : 14534 14523 14532 135595 256270 135589 
6 : 14614 14612 14616 235763 244016 235768 
6 : 14617 14608 14618 210018 258692 210022 
6 : 14621 14634 14628 40026 40020 155487 
6 : 14639 14624 14638 95744 261097 95741 
6 : 14651 14660 14647 198885 144955 144969 
6 : 14661 14650 14662 192136 262956 192137 
6 : 14677 14675 14664 229387 76806 76800 
6 : 14751 14753 14754 143639 143644 192028 
6 : 14755 14752 14758 171117 223758 171123 
6 : 14778 14770 14766 94328 57803 57788 
6 : 14815 14833 14830 58661 58660 240396 
6 : 14916 14921 14923 156435 156444 219421 
6 : 14924 14926 14922 249601 233107 233108 
6 : 14925 14931 14927 251208 251203 260179 
6 : 14940 14945 8746 201801 8764 8770 
6 : 14953 14947 14934 249925 79440 79434 
6 : 15068 15072 15070 241904 241902 246152 
6 : 15069 15073 3967 245539 3993 3996 
6 : 15077 15066 15071 157569 246241 157561 
6 : 15098 15099 15100 176202 176204 176553 
6 : 15117 15132 15127 76509 76502 218185 
6 : 15218 15225 15228 135449 135454 230186 
6 : 15242 15239 15238 212395 185518 185515 
6 : 15379 15390 15385 53646 53641 183817 
6 : 15409 15419 15411 210473 210464 220580 
6 : 15544 15553 15543 154171 126966 126974 
6 : 15572 15569 15562 181915 57539 57536 
6 : 15580 15566 15567 107795 139004 107775 
6 : 15590 15582 15600 68147 185578 68161 
6 : 15707 15710 15711 221908 221913 252442 
6 : 15732 15731 15712 256131 39682 39679 
6 : 15735 15738 15740 76771 76776 178469 
6 : 15781 15790 15798 98631 98641 187443 
6 : 15806 2387 15793 2419 213120 2409 
6 : 15863 15874 15865 138884 138870 153927 
6 : 15924 15909 15912 53337 73757 53320 
6 : 15997 16005 16008 62329 62339 228755 
6 : 16028 16025 16009 227347 17446 17442 
6 : 16047 16043 16048 215295 250093 215296 
6 : 16182 16164 16177 16304 235307 16297 
6 : 16341 16328 16333 107413 209888 107404 
6 : 16392 16381 1841 183843 1879 1865 
6 : 16459 16463 16465 120905 120909 206273 
6 : 16470 16468 16460 263221 123431 123424 
6 : 16473 16482 16481 142594 142593 233546 
6 : 16501 16489 16491 50067 93298 50048 
6 : 16615 16613 16619 163379 176080 163387 
6 : 16637 16627 16631 25743 162912 25732 
6 : 16642 16643 16640 261581 259123 259124 
6 : 16653 16670 16666 113642 113633 248870 
6 : 16674 16676 16673 56330 47699 47704 
6 : 16732 16731 16736 91988 95106 91992 
6 : 16768 16760 16764 24055 121810 24047 
6 : 16779 16783 16778 177976 171654 171675 
6 : 16913 16912 16926 18597 62159 18616 
6 : 16930 16940 16937 81420 81417 193090 
6 : 16936 16934 16929 171849 70903 70902 
6 : 16953 16950 16956 47189 52838 47190 
6 : 16969 16967 16955 259383 75095 75093 
6 : 16971 16951 16962 50185 210764 50174 
6 : 16981 16974 16987 66918 192184 66922 
6 : 17076 17078 17079 48030 48032 87723 
6 : 17089 17086 17082 222662 158865 158850 
6 : 17096 17093 17107 68684 97425 68702 
6 : 17102 17094 17104 79825 185741 79833 
6 : 17213 17211 17219 84018 96287 84037 
6 : 17220 17227 17231 56745 56754 183499 
6 : 17228 17234 17230 236306 236300 238856 
6 : 17373 17374 17371 112683 84685 84689 
6 : 17378 17382 17385 214041 214045 257101 
6 : 17383 17386 17376 259103 159377 159381 
6 : 17397 17399 17387 248737 35093 35095 
6 : 17419 17405 17416 68674 210758 68672 
6 : 17440 17433 6387 154225 6409 6400 
6 : 17524 17536 17528 65200 65191 139201 
6 : 17530 17535 17529 152355 146538 146545 
6 : 17586 17583 17595 85264 104890 85278 
6 : 17597 17588 17590 156875 188800 156863 
6 : 17613 17599 17601 26471 51533 26446 
6 : 17669 17666 17667 177048 178520 177042 
6 : 17670 17674 17663 239009 52334 52350 
6 : 17681 17684 17687 181788 181792 184354 
6 : 17688 17682 17685 181917 184731 181910 
6 : 17694 17710 17698 59574 59562 97924 
6 : 17841 17852 17844 92388 92379 160914 
6 : 17848 13157 17838 13175 50891 13161 
6 : 17897 17902 17909 68562 68571 119203 
6 : 17919 17906 17900 147032 108123 108103 
6 : 17964 17970 17971 123249 123250 236172 
6 : 17991 17989 17984 236930 210954 210949 
6 : 18010 18001 18003 66196 99880 66181 
6 : 18011 18013 18006 227359 127549 127554 
6 : 18036 18021 18032 167255 255764 167252 
6 : 18114 18115 9696 179953 9712 9713 
6 : 18128 18122 18136 136930 214032 136941 
6 : 18129 18135 18125 236102 188551 188558 
6 : 18137 18124 18120 169010 70397 70379 
6 : 18179 18174 18184 134993 216456 134999 
6 : 18186 18175 18180 179375 240940 179366 
6 : 18188 18173 18182 126408 247883 126400 
6 : 18268 18262 18267 77702 156477 77696 
6 : 18280 18272 18287 78976 245697 78989 
6 : 18296 18309 18294 109224 90749 90780 
6 : 18414 18425 18413 113874 95221 95244 
6 : 18445 18459 18456 28345 28341 230406 
6 : 18460 18447 18448 46390 90774 46374 
6 : 18557 18562 18554 156866 20024 20030 
6 : 18567 18591 18593 31076 31079 261628 
6 : 18569 18571 18586 78965 78978 113784 
6 : 18580 18579 18588 232784 239939 232794 
6 : 18606 18603 18596 175383 41033 41026 
6 : 18624 18633 17920 118738 17933 17946 
6 : 18628 18630 8139 172130 8151 8154 
6 : 18636 18639 18620 237235 72681 72683 
6 : 18720 18725 18715 138609 26178 26208 
6 : 18753 18766 18775 19225 19231 229542 
6 : 18756 18765 18768 136144 136149 224917 
6 : 18776 18772 18770 255903 253474 253465 
6 : 18778 18779 18782 63235 63238 96717 
6 : 18883 18888 18884 116725 116708 174757 
6 : 18894 18902 18901 109271 109267 221357 
6 : 18907 18912 18896 243188 127669 127674 
6 : 19031 19038 19032 101076 101071 108733 
6 : 19055 19048 19065 100735 192036 100757 
6 : 19066 19087 19075 51043 51026 165523 
6 : 19073 19086 19080 151574 151563 204808 
6 : 19189 19203 19200 21784 21778 185147 
6 : 19194 19192 19195 78766 89360 78767 
6 : 19332 19334 19338 209619 209622 220209 
6 : 19347 19341 19342 102397 104485 102385 
6 : 19348 19356 19352 204703 204698 251393 
6 : 19351 19346 19340 179437 23898 23884 
6 : 19364 19369 19359 231622 58689 58694 
6 : 19482 19478 19485 96477 173384 96484 
6 : 19487 19488 19483 224384 176557 176563 
6 : 19492 19489 19493 245867 261656 245870 
6 : 19632 19639 19620 220739 30543 30554 
6 : 11693 19698 3113 11712 3112 3136 
6 : 19727 19715 19709 163696 42014 42007 
6 : 19799 19800 19806 174463 174470 189999 
6 : 19931 19920 19919 148954 97388 97361 
6 : 19935 19945 19949 77219 77230 181294 
6 : 19969 19970 19957 202120 81181 81183 
6 : 20001 19992 20005 145260 211451 145270 
6 : 20083 20093 20086 43751 43742 117961 
6 : 20090 20091 20092 187769 187773 207221 
6 : 20113 20106 20101 215207 168111 168095 
6 : 20128 20121 20125 145204 202949 145200 
6 : 20131 20126 20134 214756 249931 214770 
6 : 20133 20129 20130 236520 249559 236518 
6 : 20231 20232 20240 39050 39059 71138 
6 : 20259 20264 20271 176111 176125 229614 
6 : 20397 20403 20396 139491 119919 119941 
6 : 20419 20420 20414 200159 102971 102973 
6 : 20438 20452 20442 167559 167546 185344 
6 : 20455 20434 20436 29175 148490 29151 
6 : 20563 20569 20568 67169 67168 199340 
6 : 4749 20615 20607 4778 4763 199359 
6 : 20736 20732 7595 102774 7600 7598 
6 : 20740 20742 20747 196820 196823 230171 
6 : 20845 20852 20856 42730 42737 174633 
6 : 20859 20854 20848 216392 120555 120544 
6 : 20955 20957 20969 167325 167335 174617 
6 : 6586 21007 21005 6588 6587 68194 
6 : 21009 21012 21015 130955 130961 177872 
6 : 21018 21008 21017 106088 252387 106085 
6 : 21043 21037 21045 58480 169852 58493 
6 : 21154 21157 21149 201388 68971 68977 
6 : 21285 21294 21289 178886 178874 219295 
6 : 21287 21283 21292 165912 192810 165924 
6 : 21293 21280 21290 84366 228656 84359 
6 : 21357 21356 21362 104558 115636 104576 
6 : 21367 21371 21370 252021 252020 261637 
6 : 21451 21450 21449 113536 52743 52742 
6 : 21474 21477 21470 239636 200612 200620 
6 : 21572 21549 21564 83392 244913 83382 
6 : 21613 21614 21616 83575 83578 109470 
6 : 21626 21620 21617 240656 187379 187366 
6 : 21641 21636 21628 189418 35415 35401 
6 : 21680 21666 21682 134171 263690 134173 
6 : 21764 21757 21755 231918 176241 176227 
6 : 21776 21774 21773 122094 117929 117926 
6 : 15929 21788 21803 15930 15959 27353 
6 : 21801 21789 21792 29739 140884 29721 
6 : 21906 21903 21912 68020 96065 68040 
6 : 21944 16393 21941 16407 171157 16401 
6 : 21953 21942 21948 173592 219077 173576 
6 : 21975 21955 21956 39256 45180 39230 
6 : 22045 22050 22048 99698 99696 133869 
6 : 22049 22055 22047 138940 124129 124139 
6 : 22059 22066 22060 88743 88730 99506 
6 : 22076 22062 22073 110666 251052 110659 
6 : 22079 22100 22104 37802 37806 250486 
6 : 22229 14683 22237 14684 40659 14692 
6 : 22256 22267 22251 183556 158087 158102 
6 : 22261 22254 22259 167167 198092 167164 
6 : 22393 22385 22381 195228 74205 74193 
6 : 22411 22402 22409 184833 260083 184831 
6 : 22436 22413 22422 47598 194084 47581 
6 : 22445 16113 22446 16123 126846 16124 
6 : 22468 22472 22470 104062 104061 157070 
6 : 22481 22475 22479 196080 249114 196075 
6 : 22535 22530 22537 174691 237906 174694 
6 : 22564 22574 22578 192415 192418 263213 
6 : 22576 22568 22566 227632 221184 221172 
6 : 22595 22585 22581 63416 46780 46767 
6 : 22602 22584 22592 61785 159255 61772 
6 : 22634 22655 22632 29201 27142 27170 
6 : 22638 22639 22650 43530 43549 51060 
6 : 22679 22672 22677 180612 253184 180607 
6 : 22734 19399 22736 19415 231422 19423 
6 : 22821 22807 22818 88251 245033 88248 
6 : 22847 22843 7304 262878 7346 7341 
6 : 22855 22857 22850 157239 77242 77243 
6 : 22865 22860 22859 226563 224515 224507 
6 : 22997 23007 23008 35664 35667 167810 
6 : 23126 23123 23131 145474 182788 145483 
6 : 23145 23155 23138 178679 30050 30070 
6 : 23157 23179 23162 55353 55334 91941 
6 : 23163 23180 23165 107495 107474 125104 
6 : 23281 23286 23295 25656 25666 151860 
6 : 23303 23305 23308 89627 89632 115158 
6 : 23326 23336 23337 125374 125376 251130 
6 : 23346 23355 23340 61826 26321 26330 
6 : 23453 23461 23462 97053 97056 233984 
6 : 23599 23607 23605 153310 153307 250525 
6 : 23600 23601 23591 180453 26934 26935 
6 : 23623 23628 23622 251639 243442 243454 
6 : 23651 23646 23634 255451 157117 157109 
6 : 23756 23758 23750 204385 135984 135989 
6 : 23759 23753 23751 186359 161200 161197 
6 : 23762 23760 23755 226856 196894 196888 
6 : 23915 23914 23922 121875 136915 121887 
6 : 23952 23951 23943 170278 88526 88524 
6 : 24071 24076 5579 62513 5581 5596 
6 : 7840 24106 24102 7858 7852 206776 
6 : 24109 24112 24117 40208 40215 51050 
6 : 24238 24243 24251 27042 27055 99814 
6 : 24242 24252 24239 88587 37846 37862 
6 : 24253 24246 24257 162664 250202 162671 
6 : 24255 24256 24240 263436 42246 42247 
6 : 24267 24274 24272 154215 154212 245821 
6 : 24380 24384 7305 56926 7307 7330 
6 : 24383 24385 24387 191683 191686 242547 
6 : 24389 24390 24393 52529 52533 55760 
6 : 24394 24398 24392 167993 126535 126546 
6 : 24404 24421 24415 64496 64487 212899 
6 : 24514 24517 24494 231440 71201 71203 
6 : 24527 24540 24531 40975 40965 135152 
6 : 24545 24548 24550 89823 89826 175572 
6 : 24546 24556 24557 141486 141487 262166 
6 : 24555 24552 24554 225588 250681 225587 
6 : 24566 24577 24560 223836 53535 53545 
6 : 24586 24596 24595 132133 132129 246357 
6 : 24665 24666 24667 137352 137353 192588 
6 : 24692 24687 24677 230560 115105 115093 
6 : 24699 24701 24710 119984 119995 136533 
6 : 20574 24838 24842 20587 20591 232933 
6 : 24836 24840 24832 206970 148342 148353 
6 : 24984 24974 24986 50752 252592 50754 
6 : 24997 24989 25002 124463 231735 124467 
6 : 25005 24993 24990 194324 131241 131222 
6 : 25152 25146 25147 128400 172678 128395 
6 : 25171 25172 25169 240776 236526 236532 
6 : 25306 25301 25307 41189 195215 41196 
6 : 25322 25316 25314 180075 160443 160431 
6 : 25350 25335 25337 116969 170195 116959 
6 : 23610 25450 25451 23614 23616 99583 
6 : 25490 25493 25497 44037 44040 76747 
6 : 25614 25615 25623 93014 93020 165900 
6 : 25638 25628 25633 81569 180145 81567 
6 : 22696 25701 25717 22702 22717 70072 
6 : 25707 25708 25722 142699 142714 151004 
6 : 25712 19400 25703 19411 73416 19404 
6 : 25769 25773 25775 149652 149655 217142 
6 : 25798 25804 25789 254211 146212 146219 
6 : 25906 25913 25907 218041 218034 220643 
6 : 25942 7276 25938 7297 161823 7293 
6 : 26062 26058 26056 242708 236378 236366 
6 : 26227 26221 26233 96158 241164 96164 
6 : 26242 26241 26243 156156 157054 156168 
6 : 26261 26254 26263 40405 216104 40408 
6 : 26285 26273 26287 75853 229117 75856 
6 : 16371 26372 26367 16382 16380 152606 
6 : 26376 26375 26373 253287 192429 192428 
6 : 26379 26392 26398 68550 68557 240111 
6 : 26385 26386 26378 140215 34775 34777 
6 : 26389 26397 26394 228149 228146 255074 
6 : 26400 26407 26419 90169 90177 208178 
6 : 26420 26414 26399 250979 79297 79291 
6 : 26440 26430 26421 166261 30345 30334 
6 : 26524 6917 26526 6934 248079 6938 
6 : 26544 26542 26537 248631 216779 216775 
6 : 26677 26673 4780 44960 4791 4781 
6 : 26678 9697 26674 9707 86830 9701 
6 : 26686 26697 26691 116954 116947 231251 
6 : 26696 26695 26684 240746 46193 46187 
6 : 26719 26731 26720 88637 88625 89184 
6 : 26811 26818 26829 82742 82757 187401 
6 : 26813 26815 26812 108859 98108 98109 
6 : 26820 26817 26828 174556 204567 174569 
6 : 26842 26837 26839 157579 164977 157570 
6 : 26851 26865 26870 69396 69403 233217 
6 : 26962 26973 11579 129208 11594 11606 
6 : 26976 26984 26986 114680 114681 260209 
6 : 26978 26979 26977 182397 126869 126870 
6 : 7866 26991 26998 7876 7881 155936 
6 : 26989 27000 26988 91196 69159 69182 
6 : 27036 27008 27018 36239 169543 36220 
6 : 27115 27112 27114 166447 224279 166446 
6 : 27129 27130 27141 152523 152537 175542 
6 : 27185 27201 27178 156071 57931 57954 
6 : 27251 27237 27249 65840 243687 65833 
6 : 27252 27239 27253 91693 260009 91694 
6 : 27255 27250 27245 255612 227439 227438 
6 : 27263 27265 27259 137039 49357 49362 
6 : 27282 27291 27289 175612 175608 217157 
6 : 27293 27283 27278 178201 109964 109953 
6 : 27428 27442 27447 61418 61423 247226 
6 : 27549 27557 27562 76215 76217 213972 
6 : 27555 27552 27554 135166 180684 135165 
6 : 27563 27561 27564 234593 242267 234596 
6 : 27585 27581 27590 215353 235914 215366 
6 : 36 27621 6043 40 34 6048 
6 : 552 27729 27730 579 581 263453 
6 : 27717 27718 27728 49540 49550 155870 
6 : 27723 27715 27726 38943 221518 38954 
6 : 27733 27737 27741 55604 55608 217386 
6 : 27736 27744 27734 196529 126755 126770 
6 : 27762 27748 27768 39240 158473 39259 
6 : 27877 3404 27872 3420 120998 3413 
6 : 27900 27907 13352 156733 13365 13385 
6 : 27991 27998 28000 97993 97997 219974 
6 : 28075 28092 28095 135828 135831 250832 
6 : 28080 28091 28085 160232 160223 195847 
6 : 28163 28165 28156 252473 184913 184917 
6 : 28167 28186 28176 30608 30601 200649 
6 : 28179 28183 28185 213423 213427 246630 
6 : 28181 28178 28175 206196 183415 183410 
6 : 24722 28286 28284 24727 24724 43560 
6 : 28300 28319 28314 61843 61836 218661 
6 : 28461 28449 28454 75237 251182 75228 
6 : 28463 28468 28469 32321 32323 235996 
6 : 28604 28602 28607 144832 197412 144838 
6 : 5483 28765 28769 5502 5508 259877 
6 : 28770 28787 28773 43622 43605 85463 
6 : 15778 28811 28793 15804 15780 83390 
6 : 28806 28794 28791 98638 36708 36687 
6 : 28849 28871 28860 94443 94432 209898 
6 : 28912 28914 28907 200530 65002 65008 
6 : 28919 28933 28929 46913 46904 178311 
6 : 12374 28943 28953 12376 12388 43565 
6 : 28961 24723 28958 24745 232415 24741 
6 : 28989 28988 29006 90879 93975 90892 
6 : 29004 29008 29007 229055 229054 262201 
6 : 29081 29077 29070 184423 114003 113998 
6 : 29083 29082 29078 217954 188776 188775 
6 : 29088 29090 29089 30590 30587 38487 
6 : 29104 29097 29101 182128 230753 182120 
6 : 29114 29132 29120 78901 78890 127431 
6 : 29247 29242 29249 190030 231388 190038 
6 : 29280 29264 29279 165397 259676 165394 
6 : 29424 29425 29410 245927 94220 94225 
6 : 27038 29516 29519 27049 27053 190267 
6 : 29517 29521 29515 196031 142805 142810 
6 : 11402 19526 29533 11401 11408 19536 
6 : 29532 29539 29536 102122 102113 216253 
6 : 29550 29564 29561 96632 96628 215305 
6 : 29632 29630 29627 261066 259425 259422 
6 : 29673 29674 29676 190739 190748 223529 
6 : 29678 29689 29686 62948 62943 239646 
6 : 29709 29701 29699 205899 198410 198399 
6 : 29819 29820 29829 238307 238315 246942 
6 : 29979 29989 29983 140987 140977 214974 
6 : 29984 29976 28844 116851 28863 28850 
6 : 29998 30008 29997 160317 149362 149382 
6 : 30023 30034 30021 167901 150695 150716 
6 : 30030 30011 30025 44856 198278 44850 
6 : 30156 30160 30155 189603 180299 180303 
6 : 30168 30170 30177 138137 138142 147126 
6 : 30169 30180 30186 142883 142892 238701 
6 : 30178 13895 30184 13912 201560 13916 
6 : 30274 30272 30284 42312 119889 42330 
6 : 30277 30276 30281 175615 175821 175621 
6 : 30278 30285 1366 212722 1381 1398 
6 : 30283 30280 30279 241838 235827 235818 
6 : 30294 30289 30296 187933 217475 187935 
6 : 251 30308 30314 263 266 146712 
6 : 30309 30319 30310 147316 147304 154622 
6 : 30320 30312 30315 159544 236544 159538 
6 : 30410 30423 30425 41396 41400 244008 
6 : 30431 30430 30433 125608 182400 125612 
6 : 30432 30437 30434 185472 185466 226188 
6 : 30439 30438 30436 258498 255648 255647 
6 : 30445 30446 30459 134666 134678 140002 
6 : 30448 30461 30464 180839 180844 253650 
6 : 30570 30583 30577 68136 68131 230570 
6 : 30585 30573 30586 178709 261398 178711 
6 : 30732 7841 30734 7862 263022 7865 
6 : 15877 30867 30862 15898 15888 188359 
6 : 30887 30877 30876 119213 115768 115749 
6 : 30922 30925 30933 109206 109220 126155 
6 : 30929 30935 30926 202738 129709 129721 
6 : 31003 31007 31005 145852 145850 194674 
6 : 31147 31149 31154 153169 153173 201054 
6 : 31167 31164 31158 205719 138110 138105 
6 : 31288 31285 31293 38015 214247 38029 
6 : 31297 31289 31295 225091 259933 225088 
6 : 31302 31309 31314 113846 113856 217847 
6 : 31460 31471 31447 223530 58686 58699 
6 : 31576 31578 31572 183024 69027 69030 
6 : 31590 31593 31584 201387 87092 87099 
6 : 31603 31601 31598 170732 126174 126171 
6 : 31622 31625 31633 104269 104278 161006 
6 : 31728 31714 31721 91113 194362 91097 
6 : 31823 31824 23524 228561 23543 23545 
6 : 31871 31873 31877 133497 133507 145365 
6 : 31872 31866 31876 36662 140296 36673 
6 : 21913 31883 31884 21922 21923 179802 
6 : 31890 31880 31879 96958 46191 46171 
6 : 31909 31903 31893 229000 127942 127930 
6 : 31915 31912 31926 148015 171160 148028 
6 : 31924 31919 31931 206678 223322 206691 
6 : 2897 31962 31948 2924 2912 219970 
6 : 32010 32006 32011 167552 227167 167554 
6 : 32185 32178 32187 91131 195530 91138 
6 : 32186 32184 32194 191680 220407 191695 
6 : 32300 32297 32304 82479 216309 82482 
6 : 32301 32298 32302 84006 221497 84007 
6 : 32324 32311 32325 35383 244934 35385 
6 : 32355 32364 32354 150904 138151 138163 
6 : 31059 32470 32472 31066 31073 206098 
6 : 32579 32572 15027 122725 15047 15038 
6 : 32581 32576 32575 171985 167853 167832 
6 : 32629 32640 32641 85400 85402 240418 
6 : 32633 32638 32644 167687 167694 225332 
6 : 32747 1339 32741 1357 207876 1353 
6 : 32758 32751 32759 40556 124335 40557 
6 : 32782 32792 32791 126948 126947 214661 
6 : 32876 32877 3153 260230 3182 3185 
6 : 32879 32869 32870 104612 107673 104586 
6 : 32882 32890 32881 57304 44286 44299 
6 : 32883 32887 32889 76367 76371 115254 
6 : 32895 32897 32908 54381 54391 133921 
6 : 32899 32902 32900 159854 159851 190522 
6 : 32912 32930 32920 99622 99612 220321 
6 : 32976 32965 32986 130358 222788 130367 
6 : 33003 33002 32993 258963 139317 139313 
6 : 33015 33005 33008 71059 155627 71048 
6 : 33027 33032 33031 171803 171801 254585 
6 : 33033 33030 33021 240570 93771 93762 
6 : 33047 33036 33051 52510 214477 52514 
6 : 33141 33131 33143 64944 232393 64948 
6 : 33144 33138 33142 184608 242394 184605 
6 : 33166 33157 33156 210181 194767 194757 
6 : 23525 33188 33179 23557 23536 198338 
6 : 33175 31808 33187 31816 111391 31832 
6 : 33184 33178 33181 196521 234004 196518 
6 : 33200 33199 33209 180468 181731 180485 
6 : 33210 33219 4450 63020 4452 4459 
6 : 33297 33308 33303 51522 51517 151950 
6 : 33462 27797 33454 27816 40880 27798 
6 : 33472 33468 33471 83224 101009 83222 
6 : 33477 33487 33484 144711 144707 230956 
6 : 33612 33610 33613 180317 190979 180320 
6 : 33614 33615 33619 248873 248880 251266 
6 : 33623 33620 33629 40716 107216 40740 
6 : 33652 33635 33655 97235 256027 97238 
6 : 33653 33648 33644 236388 186883 186879 
6 : 33664 33667 33677 110433 110439 199082 
6 : 33670 33672 33668 228027 223713 223716 
6 : 33673 33660 33674 56985 240255 56990 
6 : 33758 33768 33762 151177 151169 195623 
6 : 19209 33778 33774 19217 19213 108127 
6 : 33786 33790 33771 222502 41925 41934 
6 : 33905 33907 33918 125833 125853 153213 
6 : 33906 33916 33913 145146 145138 238657 
6 : 33954 33956 33960 223983 223987 232905 
6 : 34055 34046 34053 137935 226513 137931 
6 : 34103 34109 34097 172399 121353 121367 
6 : 34137 34131 2180 252448 2213 2208 
6 : 34255 34250 34243 239701 173174 173168 
6 : 34357 34353 34362 40212 91745 40220 
6 : 34359 34355 34364 43536 128983 43545 
6 : 34389 34392 34383 212375 155055 155059 
6 : 34506 28050 34499 28065 112711 28057 
6 : 34507 34497 34504 90866 194348 90860 
6 : 34522 34521 34518 227333 138535 138532 
6 : 34533 34536 34541 165013 165016 228904 
6 : 34538 34534 34532 212040 158524 158520 
6 : 34586 34589 34587 179702 179700 179924 
6 : 34593 34598 34600 231164 231165 260025 
6 : 34657 34647 34653 190765 241579 190758 
6 : 34693 34704 34696 210184 210176 226526 
6 : 34805 34803 34802 87962 79145 79137 
6 : 34815 34804 34810 141552 216520 141537 
6 : 34823 34835 34824 157907 157893 171958 
6 : 34832 34838 34821 255045 122171 122181 
6 : 34833 34830 34827 245421 207836 207830 
6 : 34847 10134 34849 10154 226854 10156 
6 : 10289 34861 34868 10298 10311 146722 
6 : 34858 34869 34864 112809 112800 186379 
6 : 34865 14126 34857 14143 99876 14136 
6 : 34870 34863 34854 169982 62400 62383 
6 : 34943 34946 34949 137607 137616 230281 
6 : 34956 34961 34954 195828 148979 148985 
6 : 34962 34955 34963 163964 229994 163966 
6 : 34976 34974 34975 75167 92177 75166 
6 : 35101 35110 35108 113036 113034 222019 
6 : 35106 24285 35100 24297 83253 24291 
6 : 35128 35123 35115 213695 80353 80349 
6 : 35270 35279 35287 48350 48364 188094 
6 : 35289 35272 35286 133941 252791 133937 
6 : 35309 35291 35293 87105 152694 87085 
6 : 35313 35326 35330 46248 46256 242220 
6 : 35319 35316 35331 67622 116384 67643 
6 : 35360 4902 35350 4933 196602 4922 
6 : 35377 35381 35365 235995 66295 66297 
6 : 35428 19588 35437 19595 65340 19614 
6 : 35438 35430 35432 99402 182222 99387 
6 : 35444 35441 35443 74656 106317 74655 
6 : 35446 35447 35452 198288 198292 208530 
6 : 35478 35457 35458 50529 57411 50509 
6 : 24845 16087 35494 16085 24857 16100 
6 : 35490 35487 35504 149096 171095 149112 
6 : 35604 35592 35603 128378 257203 128377 
6 : 35639 35645 35649 116673 116678 180770 
6 : 35653 27007 35651 27033 245579 27026 
6 : 7384 35720 35715 7396 7386 60853 
6 : 35724 35723 35726 241705 251157 241706 
6 : 35743 35735 35733 160310 129052 129038 
6 : 35793 35810 35800 91477 91470 215999 
6 : 35811 35812 35805 258116 242766 242767 
6 : 35890 35900 35891 199668 199658 200856 
6 : 35901 35885 35892 136654 203653 136636 
6 : 35905 35909 35916 78037 78043 123953 
6 : 35921 35920 35918 252807 233408 233405 
6 : 36021 36013 36015 127533 159683 127522 
6 : 36051 36056 36049 202921 197437 197447 
6 : 36052 36045 36050 151685 202777 151682 
6 : 8718 36120 36119 8727 8721 52357 
6 : 36126 36130 36118 203545 44881 44885 
6 : 36141 36143 36151 212172 212183 217743 
6 : 36280 30239 36276 30259 67868 30240 
6 : 15733 36299 10033 15747 10031 10058 
6 : 36288 36292 36302 149666 149674 199134 
6 : 36290 36289 36301 156453 174793 156471 
6 : 22464 36303 36310 22467 22478 81955 
6 : 36319 36308 36311 217811 244170 217799 
6 : 36419 36418 36417 232069 220314 220312 
6 : 36423 36427 36439 48129 48148 122857 
6 : 36437 36438 36428 250941 123987 123988 
6 : 10759 36458 36454 10786 10783 214092 
6 : 36463 36443 36453 106704 207841 106693 
6 : 36573 36566 36563 189459 77990 77978 
6 : 36581 36595 36589 38568 38559 177445 
6 : 36583 36586 36592 83998 84009 146430 
6 : 36584 36587 36596 86389 86404 146531 
6 : 36590 36600 36588 182091 150000 150017 
6 : 3431 36602 36604 3435 3437 95695 
6 : 36613 36612 36605 245065 161929 161928 
6 : 36617 36616 36609 258657 239724 239723 
6 : 36626 36629 36623 77457 38333 38341 
6 : 36724 36722 36733 107125 151652 107136 
6 : 36773 36772 36764 217070 160267 160262 
6 : 36780 36777 36781 242402 255454 242403 
6 : 36883 36899 6389 67197 6393 6418 
6 : 36898 36888 36886 139942 109887 109866 
6 : 36904 36909 36913 38579 38583 126477 
6 : 37029 37024 37032 201514 262000 201516 
6 : 37031 37021 37026 64443 237388 64430 
6 : 37037 37036 37039 105916 122182 105918 
6 : 37054 37057 37075 61653 61671 99003 
6 : 37069 37064 37065 206570 228705 206567 
6 : 37155 37167 37170 162495 162496 254042 
6 : 37179 37176 37175 98968 72675 72658 
6 : 37189 37193 37198 111482 111494 194099 
6 : 37194 37192 37186 136031 40078 40068 
6 : 37197 37196 26010 243238 26036 26035 
6 : 37203 37200 37202 254882 261363 254879 
6 : 37206 19953 37207 19954 66236 19955 
6 : 37217 37212 586 136479 604 592 
6 : 37268 37250 37263 85073 231696 85065 
6 : 37329 4056 37326 4068 68344 4061 
6 : 37338 37332 37331 189118 170824 170808 
6 : 37392 37405 37401 86460 86452 225597 
6 : 37448 37455 37458 96252 96257 224864 
6 : 37472 37468 20670 208159 20699 20690 
6 : 37485 37478 37497 138081 208602 138096 
6 : 37611 37599 37602 40222 49179 40207 
6 : 37613 37603 23046 77388 23078 23053 
6 : 37473 37628 37632 37486 37494 218731 
6 : 37616 37633 37619 62454 62437 140051 
6 : 37634 37623 37622 191156 186531 186515 
6 : 892 6390 37750 889 894 6395 
6 : 37773 37780 37777 222876 222873 245131 
6 : 37800 37783 37797 76804 225962 76798 
6 : 37803 37809 37785 252146 117477 117487 
6 : 37916 37912 37914 48490 145055 48484 
6 : 37926 37925 37930 54043 86029 54049 
6 : 37935 37937 37936 202597 202596 204260 
6 : 37982 37991 37988 93434 93431 206485 
6 : 38077 38078 38084 138705 138715 141967 
6 : 38089 38105 38095 86645 86635 195781 
6 : 38097 16115 38098 16134 220842 16137 
6 : 38124 38119 38117 225084 170193 170185 
6 : 7869 38223 38218 7880 7873 118770 
6 : 38281 38294 38283 184919 184905 188890 
6 : 38286 38293 38271 228210 92767 92773 
6 : 38391 38397 38399 126603 126606 233702 
6 : 38411 38423 2999 143923 3005 3027 
6 : 38414 38412 38421 151331 177221 151345 
6 : 38523 38527 38529 66729 66731 242069 
6 : 38556 38574 38573 95951 95948 263161 
6 : 38572 38557 38564 106286 225037 106277 
6 : 38591 38596 38577 222715 99119 99128 
6 : 26084 38667 38682 26088 26102 78731 
6 : 38677 38671 38683 108470 211392 108482 
6 : 38690 38700 38689 132372 127416 127433 
6 : 38739 38749 38743 193601 193594 218399 
6 : 38832 38847 38840 61231 61219 187404 
6 : 38843 38839 38837 179190 155484 155476 
6 : 38970 38965 38972 68696 195875 68700 
6 : 38992 38983 38990 178240 260706 178232 
6 : 39030 10831 39031 10836 87389 10838 
6 : 22108 39060 39054 22125 22116 181476 
6 : 39118 39111 39120 84026 215458 84028 
6 : 39124 39114 36242 140160 36274 36250 
6 : 39267 39269 39266 179424 169311 169338 
6 : 39294 39296 39305 87388 87398 120854 
6 : 39410 39404 39403 202988 179260 179249 
6 : 39414 39418 39427 43388 43408 76298 
6 : 39444 39429 39436 55232 153886 55215 
6 : 39465 39452 39470 185837 256580 185845 
6 : 39555 39564 39551 109705 68891 68912 
6 : 39556 39563 39561 111033 111028 231605 
6 : 39557 39560 39562 114226 114228 228850 
6 : 39568 1574 39574 1579 132445 1604 
6 : 39575 39570 39571 178698 255851 178690 
6 : 39580 39593 39583 110093 110080 140272 
6 : 39594 39595 39586 254358 199129 199132 
6 : 39597 39591 39588 233409 220241 220231 
6 : 25174 39641 39628 25194 25178 80616 
6 : 39649 39648 39647 262725 262629 262625 
6 : 39694 39700 39693 215694 162775 162783 
6 : 39722 39736 39728 119212 119201 162416 
6 : 39757 39748 39751 194218 232912 194212 
6 : 39820 39803 39817 193964 244795 193958 
6 : 39831 21322 39828 21333 98501 21328 
6 : 39836 39840 25835 231474 25849 25858 
6 : 39865 39874 39858 210454 145259 145272 
6 : 39980 39992 39987 99941 99937 245439 
6 : 40000 39996 40001 101016 134922 101025 
6 : 40059 40045 40037 217454 58140 58122 
6 : 40132 40134 40136 106100 106107 222139 
6 : 40144 40145 40141 210513 115416 115420 
6 : 6470 40182 40190 6473 6486 55686 
6 : 40185 40189 40203 115040 115051 197191 
6 : 40293 40282 40291 98362 229607 98357 
6 : 8878 36490 40304 8877 8881 36494 
6 : 40320 40305 40308 125669 179379 125652 
6 : 40358 40362 40357 82210 66485 66488 
6 : 40439 20202 40448 20205 89559 20217 
6 : 40443 40441 40456 129474 142726 129492 
6 : 40461 40476 40471 67721 67715 165150 
6 : 40587 40593 40590 88502 88494 182978 
6 : 24286 40602 40614 24289 24302 68627 
6 : 40601 40612 40604 43656 43646 83262 
6 : 40603 40608 40617 71633 71645 150495 
6 : 40657 40662 40673 134347 134358 181860 
6 : 40658 40655 40666 120007 149137 120014 
6 : 40676 40675 40670 259197 227583 227580 
6 : 40761 40759 40765 202778 214942 202790 
6 : 40769 40768 40782 69156 69401 69185 
6 : 40777 40767 40771 47336 102706 47328 
6 : 40781 40784 40779 247249 228758 228761 
6 : 37811 40802 40786 37826 37812 71551 
6 : 40901 40906 40908 192506 192508 229584 
6 : 40929 40931 40949 42922 42940 104725 
6 : 41058 41062 31641 179344 31653 31664 
6 : 38109 41074 41079 38116 38120 163249 
6 : 41073 41075 41084 156751 156766 163976 
6 : 41129 41136 41132 171246 171244 183121 
6 : 41211 41210 1885 238797 1904 1902 
6 : 41237 41239 41222 247485 123313 123315 
6 : 41241 41228 41229 186073 190598 186054 
6 : 9006 41268 41274 9007 9013 62079 
6 : 41277 41281 41266 191526 44753 44758 
6 : 41383 41380 41384 251339 261992 251344 
6 : 41395 41402 41401 218108 218107 260371 
6 : 41411 41419 6538 137979 6549 6558 
6 : 41424 41428 41425 256163 256158 257081 
6 : 41530 41545 41539 112227 112220 214828 
6 : 41557 41560 41564 200849 200851 222705 
6 : 41641 41647 41648 141749 141750 236523 
6 : 41722 4904 41720 4939 262902 4935 
6 : 41799 41798 41784 260197 52945 52942 
6 : 41830 41834 41844 138339 138344 172118 
6 : 41873 41871 41861 251098 150735 150734 
6 : 12852 41947 41953 12866 12880 218591 
6 : 41942 41952 41951 104077 104074 260836 
6 : 42109 42104 42110 179178 262308 179180 
6 : 8663 42142 42141 8677 8676 217457 
6 : 42140 42135 42133 177675 144327 144321 
6 : 42259 42257 42256 214963 186790 186785 
6 : 42276 42271 42268 200184 150239 150228 
6 : 42281 42278 42275 262483 250956 250950 
6 : 42325 42319 42321 241837 246315 241832 
6 : 42409 42410 42416 221403 221412 233507 
6 : 42412 42402 42407 102355 190590 102343 
6 : 42442 42436 42445 127528 220931 127532 
6 : 39882 42544 42547 39895 39899 220205 
6 : 42551 42555 11455 157761 11463 11471 
6 : 42561 42563 42559 251421 238615 238617 
6 : 42679 42684 42689 45937 45943 100075 
6 : 42705 42704 28101 103723 28110 28107 
6 : 42733 42739 42721 204162 43675 43689 
6 : 42838 42847 42848 45245 45246 264200 
6 : 42850 42851 42860 124056 124073 124867 
6 : 42870 42880 42866 91749 43533 43550 
6 : 42879 42883 42878 217096 196989 196992 
6 : 17740 42989 42992 17746 17753 118049 
6 : 42988 42985 42993 59713 100511 59718 
6 : 43068 43063 43061 231082 223282 223279 
6 : 43168 43165 43159 253149 198036 198033 
6 : 43305 43311 43312 70441 70444 244915 
6 : 43321 43326 43322 135483 135477 190028 
6 : 43341 43337 43338 54472 64565 54467 
6 : 43343 43345 43350 106186 106188 138938 
6 : 43457 43458 43460 177557 177559 180144 
6 : 43459 43454 43470 74971 193693 74989 
6 : 43462 43461 43471 200243 200702 200261 
6 : 43481 43488 43477 167135 104767 104777 
6 : 43483 43489 43473 191047 54906 54918 
6 : 43490 43474 43482 78119 183590 78107 
6 : 43493 43479 43485 120000 195688 119987 
6 : 43597 43591 43596 156647 260769 156646 
6 : 43599 27749 43587 27770 78793 27751 
6 : 43639 43643 43626 256266 136774 136783 
6 : 43740 43737 43739 192792 214123 192783 
6 : 43749 43750 43743 206030 137308 137310 
6 : 43752 43741 43747 83699 167445 83692 
6 : 43876 43872 43864 257283 199561 199553 
6 : 43877 43881 43878 67596 67595 80310 
6 : 43880 43885 43889 94711 94723 187574 
6 : 43891 43883 43890 136630 262678 136629 
6 : 43900 43906 43893 224156 97498 97513 
6 : 43902 43903 43904 244766 244767 245332 
6 : 44011 30352 44008 30369 180623 30363 
6 : 44035 44027 44026 246723 237972 237964 
6 : 44117 44103 1847 121115 1869 1854 
6 : 44179 44168 44183 108238 245349 108246 
6 : 44180 44175 44182 195966 246041 195969 
6 : 44219 44223 44217 226715 210621 210630 
6 : 44475 44488 44474 184419 178907 178927 
6 : 44479 44490 44476 220004 202883 202897 
6 : 44485 44471 44482 52031 244074 52028 
6 : 44624 44626 44622 187522 92281 92284 
6 : 44647 44639 44640 161704 168676 161689 
6 : 44650 44649 44644 259048 225719 225717 
6 : 29406 24872 44662 24869 29421 24888 
6 : 44772 44778 44775 165615 165610 213999 
6 : 44785 44779 44788 52721 187261 52734 
6 : 44789 44786 26921 214110 26953 26940 
6 : 44794 44804 3561 86263 3562 3584 
6 : 44823 44819 44811 184715 120852 120846 
6 : 44857 44845 44835 167898 53195 53177 
6 : 44902 44911 44906 106053 106042 167732 
6 : 44916 44921 44918 121865 121861 225654 
6 : 44917 39856 27644 39862 27657 27643 
6 : 44926 44919 44920 233393 234329 233388 
6 : 45050 45051 45054 167453 167472 190787 
6 : 45076 45087 45066 191946 69131 69147 
6 : 45194 4782 45187 4804 58924 4783 
6 : 45197 45202 45200 45624 45622 103985 
6 : 45204 45209 45198 187349 50056 50061 
6 : 45217 45222 45223 195274 195275 255209 
6 : 45219 45211 45218 65105 196006 65104 
6 : 45224 45225 45214 261858 160099 160101 
6 : 45325 45327 45320 256237 224585 224594 
6 : 45361 45358 45357 256251 254451 254444 
6 : 45459 45464 45467 46548 46551 207963 
6 : 45466 45460 45463 76294 182215 76287 
6 : 45473 45468 45472 246060 262953 246057 
6 : 45477 45480 45478 169239 169237 175299 
6 : 45479 45489 45485 191381 191378 239460 
6 : 45508 45494 45509 86552 243862 86554 
6 : 45609 45615 34903 92499 34905 34926 
6 : 45616 16539 45619 16562 252024 16569 
6 : 45631 45623 45642 142836 230958 142844 
6 : 45681 45700 45698 178372 178371 252790 
6 : 45686 45702 45704 201433 201436 257742 
6 : 45759 45754 45763 159180 233881 159186 
6 : 45773 45766 45780 93177 209185 93191 
6 : 45774 45768 45770 134485 175570 134481 
6 : 45912 45908 45917 45941 157756 45954 
6 : 45914 45916 45910 231332 96903 96908 
6 : 42451 45922 45928 42455 42466 96940 
6 : 45927 45930 45929 201267 201264 237608 
6 : 45931 45919 45923 77689 112635 77669 
6 : 46061 46067 46065 151214 151205 241680 
6 : 46063 46058 46056 121246 68487 68481 
6 : 46064 46066 27296 193352 27307 27316 
6 : 28051 46206 46208 28066 28069 227801 
6 : 46201 46203 46214 106654 106674 172353 
6 : 46218 46232 46225 128272 128267 233192 
6 : 46240 46258 46253 150079 150075 250689 
6 : 46250 46245 46239 228087 126316 126308 
6 : 46254 46251 46255 245957 253860 245958 
6 : 46269 46266 46265 144068 139402 139400 
6 : 46271 46268 46264 152812 137796 137784 
6 : 46366 46355 46357 202511 207733 202501 
6 : 46392 46396 46394 255798 255795 262352 
6 : 46509 18141 46517 18148 151831 18164 
6 : 46510 46514 46504 212767 103586 103591 
6 : 46544 19557 46558 19572 189624 19583 
6 : 46666 46672 46669 67014 67012 183241 
6 : 46681 46689 46676 155247 76687 76705 
6 : 14812 46705 46692 14831 14813 48535 
6 : 46699 46709 46701 191521 191510 209672 
6 : 46716 46715 46712 171460 140237 140235 
6 : 46796 46809 46802 78962 78950 199379 
6 : 46805 46800 46801 154675 183500 154669 
6 : 46830 46825 46824 232711 223111 223104 
6 : 41913 47016 46999 41939 41921 162301 
6 : 47132 47133 47140 199067 199073 201357 
6 : 47135 47134 38895 205989 38914 38911 
6 : 47143 47145 47160 50848 50873 76055 
6 : 47156 47148 47152 134789 209682 134779 
6 : 47175 47176 47164 171171 90724 90725 
6 : 47249 47255 47251 173021 173018 222828 
6 : 47256 47252 47261 225274 258453 225281 
6 : 36422 47269 47262 36436 36425 73080 
6 : 47264 47274 47263 93445 73351 73381 
6 : 47292 47285 47276 185886 57743 57729 
6 : 34992 7628 47310 7627 35004 7638 
6 : 47321 47314 47303 210419 66686 66666 
6 : 47379 47390 47389 77466 77464 215370 
6 : 47381 47383 47387 90946 90955 119795 
6 : 39913 47400 17775 39926 17774 17791 
6 : 47405 47398 43111 152936 43144 43119 
6 : 26137 47455 47453 26166 26165 255234 
6 : 47471 47463 47467 94828 141955 94822 
6 : 29256 47542 47549 29270 29277 204545 
6 : 38534 17240 47661 17237 38548 17255 
6 : 38705 47654 47663 38708 38728 102599 
6 : 12291 47667 47666 12299 12297 148976 
6 : 47681 47693 47682 100286 100276 138804 
6 : 47822 47820 47815 258691 242980 242974 
6 : 498 47832 47834 510 515 246142 
6 : 47836 47825 47823 86903 65014 64993 
6 : 47889 47886 47906 76157 124019 76180 
6 : 47985 47983 19740 155022 19757 19748 
6 : 48098 48103 48096 220131 193092 193100 
6 : 48122 48118 48119 221862 228231 221854 
6 : 48254 48267 48257 78202 78184 102381 
6 : 48281 48286 48272 239448 144099 144101 
6 : 30567 7280 48410 7278 30572 7289 
6 : 48415 48408 30522 111830 30541 30527 
6 : 43623 48429 48427 43635 43634 238526 
6 : 48451 48438 48446 169013 253374 169005 
6 : 48555 48552 48557 116233 190476 116237 
6 : 9981 48583 48595 9987 10000 156627 
6 : 48578 48589 48588 64066 64065 245635 
6 : 48585 48579 48586 74562 205636 74565 
6 : 48609 48599 48603 120983 177542 120967 
6 : 48685 48699 48698 86530 86529 253788 
6 : 48687 48688 48690 109590 109596 126536 
6 : 48701 48681 48697 61283 250449 61280 
6 : 48839 48832 48838 62882 124844 62881 
6 : 48844 48846 48849 203925 203931 240084 
6 : 48859 48854 48855 99703 115853 99694 
6 : 48896 48894 48906 162282 183553 162295 
6 : 48959 48958 48961 249718 252651 249726 
6 : 48960 48956 48957 225907 226683 225899 
6 : 33490 48973 48971 33501 33499 189246 
6 : 48967 3595 48969 3600 134671 3610 
6 : 48970 48974 48964 180836 90997 91001 
6 : 48995 48990 23249 218363 23277 23262 
6 : 49037 49055 49052 147060 147056 249414 
6 : 49064 49083 49070 94439 94426 164484 
6 : 49092 49095 49097 81926 81930 154167 
6 : 49100 49106 49114 105175 105190 195326 
6 : 49110 49111 49112 235591 235594 239110 
6 : 49116 49133 49120 70731 70719 169514 
6 : 49152 49139 49160 123396 239382 123404 
6 : 49234 49243 49241 69625 69623 201444 
6 : 49270 49259 49269 211570 263564 211569 
6 : 49272 49265 49253 257085 150445 150437 
6 : 49293 49283 20277 180011 20306 20287 
6 : 49386 49390 49384 116676 89978 89991 
6 : 30568 49417 49424 30569 30574 66631 
6 : 49449 49451 49442 251524 204263 204265 
6 : 49532 49530 49524 242313 159260 159258 
6 : 49537 49534 49522 253854 102158 102154 
6 : 49541 49544 49539 165090 117489 117501 
6 : 49664 44184 49667 44188 79362 44193 
6 : 49676 49674 49660 213557 56511 56506 
6 : 49739 49733 49747 172882 227794 172892 
6 : 49823 49832 49834 111095 111099 244902 
6 : 39046 49871 49872 39063 39068 259705 
6 : 29454 49962 49968 29460 29473 107727 
6 : 49972 49973 49977 246943 246948 254328 
6 : 15396 49990 49984 15415 15402 175860 
6 : 49992 49989 49988 221609 214827 214823 
6 : 50029 50041 50032 96821 96811 180793 
6 : 50039 50027 50031 82930 165296 82921 
6 : 1043 50113 50111 1065 1056 195396 
6 : 41500 50259 50257 41524 41522 255884 
6 : 50255 17000 50253 17009 86828 17005 
6 : 50321 50328 49163 232246 49183 49193 
6 : 50329 50344 50334 53887 53874 80347 
6 : 50407 50417 50406 104539 94951 94969 
6 : 50549 50541 50539 200724 109039 109019 
6 : 50551 50559 6076 90064 6081 6108 
6 : 50567 2843 50580 2845 109559 2864 
6 : 50685 50682 50694 65478 80300 65498 
6 : 50697 50706 50712 78729 78736 224808 
6 : 50749 50735 50736 136719 143033 136709 
6 : 50826 50823 50820 99875 62384 62377 
6 : 50832 50834 50833 110613 110608 115056 
6 : 50835 50842 50836 147813 147805 152096 
6 : 50713 50985 50982 50723 50721 186831 
6 : 50977 50990 50993 59120 59125 241330 
6 : 51000 51006 40984 110873 40989 40998 
6 : 51008 51014 50995 217916 56656 56665 
6 : 19987 32242 51113 19984 19990 32247 
6 : 51130 51126 36209 175258 36228 36222 
6 : 51134 13452 51128 13476 188629 13468 
6 : 51136 51131 51122 242487 76447 76435 
6 : 51150 51156 51149 251127 240397 240401 
6 : 51158 51178 51177 57496 57494 243602 
6 : 51167 51160 51181 71412 168572 71434 
6 : 24130 51254 51255 24140 24144 210289 
6 : 51268 51269 51270 192888 192889 220277 
6 : 51279 51292 51288 54739 54729 227396 
6 : 51290 51282 51296 121229 249710 121238 
6 : 51293 51287 51280 184189 85345 85333 
6 : 28329 21515 51448 21513 28337 21524 
6 : 51494 51500 51508 157919 157929 239167 
6 : 51583 51565 51584 94336 263367 94337 
6 : 34281 51624 51635 34295 34306 200167 
6 : 51688 51683 51678 236765 90124 90111 
6 : 51702 51703 51704 246725 246727 249226 
6 : 51724 51719 51721 244418 258301 244413 
6 : 51809 51807 51808 75054 130153 75053 
6 : 51824 51823 51811 260511 194848 194847 
6 : 51830 51833 51828 187340 126996 127008 
6 : 37500 51838 51856 37501 37522 56201 
6 : 51963 51974 51960 140568 123471 123487 
6 : 51980 51987 51986 117669 117667 231551 
6 : 51998 51994 52002 71016 144432 71022 
6 : 52064 52043 52055 134937 229834 134929 
6 : 18650 52111 52114 18657 18664 155882 
6 : 52117 52118 52108 255766 97505 97509 
6 : 52119 52133 52120 72988 72978 76948 
6 : 52135 52124 52126 165436 173666 165422 
6 : 5684 52145 52138 5696 5687 72813 
6 : 40654 52149 52141 40668 40656 124975 
6 : 52142 52139 52147 112723 155349 112725 
6 : 52247 52248 52255 106274 106282 182086 
6 : 52256 52254 52246 239813 96002 95999 
6 : 52275 52281 52288 83543 83550 223478 
6 : 52292 52306 52305 86429 86427 226015 
6 : 52416 52407 52400 182376 102921 102907 
6 : 52429 52430 52435 196451 196462 211005 
6 : 52534 52530 52539 71317 162255 71336 
6 : 52556 52553 52542 227905 55038 55036 
6 : 52576 52570 52580 117284 212867 117292 
6 : 27619 52593 52595 27629 27630 170998 
6 : 52589 52591 52598 114488 114497 139093 
6 : 52600 52590 52607 138957 243672 138963 
6 : 52681 52682 52674 183370 67220 67223 
6 : 52696 48434 52698 48452 264136 48453 
6 : 52706 52699 52705 80157 196721 80156 
6 : 52834 52832 52837 206928 245427 206936 
6 : 6618 52852 52846 6629 6627 215294 
6 : 52857 52844 52854 183992 252606 183986 
6 : 52949 52950 52963 84067 84078 121460 
6 : 52961 52955 52959 209947 235749 209943 
6 : 52967 52979 52975 120463 120459 237300 
6 : 52997 53000 52983 205081 56686 56693 
6 : 53115 53116 53119 245118 245123 245480 
6 : 53127 53121 53132 81571 221707 81584 
6 : 53130 53124 53128 171118 223438 171116 
6 : 53158 53139 53157 71940 255271 71939 
6 : 53260 53272 53263 58101 58090 138301 
6 : 53269 53264 53277 169217 223981 169229 
6 : 53309 53303 53304 169076 186949 169072 
6 : 53403 53412 53408 112273 112260 152196 
6 : 53413 53401 53406 58892 131329 58879 
6 : 52964 53420 53428 52972 52978 170881 
6 : 53419 53426 53429 133165 133167 253587 
6 : 53422 53421 53433 185381 225623 185392 
6 : 18730 53443 53438 18744 18736 98817 
6 : 53435 53450 53442 69299 69285 195403 
6 : 53458 53464 40959 116675 40964 40969 
6 : 53580 53605 53581 145589 145571 158953 
6 : 53694 53697 53699 241393 241396 254173 
6 : 53702 53706 53707 70326 70327 145554 
6 : 53713 53714 53705 219636 88640 88641 
6 : 9953 53719 53725 9956 9961 80959 
6 : 32961 53832 53827 32983 32964 114528 
6 : 53842 53843 53852 222383 222397 224923 
6 : 53844 53837 53845 159030 234182 159031 
6 : 23482 53997 27801 23496 23479 27825 
6 : 53995 46728 53993 46741 153626 46738 
6 : 54038 54040 54027 258500 210610 210613 
6 : 54103 54105 54104 108942 108940 115980 
6 : 54106 54109 38630 171354 38640 38661 
6 : 19661 54130 54120 19681 19666 140178 
6 : 54170 54154 54169 93862 240463 93859 
6 : 54251 54243 20811 90440 20833 20815 
6 : 54252 54242 54247 83244 159585 83229 
6 : 54262 54259 54267 136740 173448 136749 
6 : 54270 54268 54264 255408 225830 225827 
6 : 54288 54290 54291 247613 247614 257360 
6 : 221 54305 54298 238 227 112972 
6 : 54307 54297 54312 106911 247659 106917 
6 : 54314 54302 54299 148439 114266 114242 
6 : 54334 54336 54332 230037 226675 226679 
6 : 54396 54398 54404 184039 184044 212396 
6 : 54414 14870 54429 14875 174332 14892 
6 : 54538 54539 54536 225614 190394 190396 
6 : 54553 54542 54544 136410 152167 136401 
6 : 54557 54551 54549 216478 180863 180849 
6 : 54706 54700 54708 59513 203614 59527 
6 : 54710 22415 54702 22435 102511 22417 
6 : 54711 54703 54709 119236 261728 119233 
6 : 54759 54754 54750 145560 76406 76397 
6 : 32540 9699 54831 9698 32548 9703 
6 : 54838 17001 8455 17024 8481 8452 
6 : 54844 54851 54847 144498 144493 182692 
6 : 222 54868 54865 233 232 152374 
6 : 35586 54860 54873 35587 35610 59356 
6 : 54884 54882 54888 195371 201479 195377 
6 : 54988 54993 54980 224008 81876 81887 
6 : 55125 55133 28679 71641 28680 28701 
6 : 55128 55127 55136 87193 114698 87213 
6 : 55138 55129 55130 178658 193708 178649 
6 : 55150 55140 55142 92948 102861 92933 
6 : 55274 55282 55269 185888 68489 68503 
6 : 55279 55280 55277 233717 192094 192095 
6 : 55287 55286 55273 263952 177922 177921 
6 : 55323 55325 55314 246868 225269 225271 
6 : 55340 55343 55339 142606 127540 127545 
6 : 55421 55428 55431 97055 97062 237281 
6 : 55429 55426 55424 222592 195165 195158 
6 : 55438 55433 55447 61407 156272 61421 
6 : 55461 55462 55473 197918 197931 199135 
6 : 55574 55566 55569 135776 158861 135756 
6 : 46519 55576 55583 46522 46536 84646 
6 : 55588 55591 55579 243132 126654 126661 
6 : 55598 55597 55599 92272 125711 92279 
6 : 55607 55601 55593 195817 58547 58540 
6 : 55717 55727 55714 169171 130659 130676 
6 : 55720 55722 55723 224773 224774 244148 
6 : 55753 55733 55745 124271 240850 124265 
6 : 29692 55765 55757 29706 29693 76137 
6 : 55844 55847 55850 99542 99547 112908 
6 : 55846 55854 55849 105223 105209 148989 
6 : 55864 41878 55866 41894 216125 41900 
6 : 55878 55869 55874 97368 171019 97365 
6 : 55884 55876 55873 190955 148951 148940 
6 : 55994 55991 55988 258085 214324 214317 
6 : 56044 56057 56056 117183 117182 244345 
6 : 56144 56136 56143 220666 264215 220665 
6 : 56279 56283 56285 93936 93941 173767 
6 : 56293 56290 56292 244165 258380 244163 
6 : 56297 56301 56303 182442 182443 253543 
6 : 56300 56299 1813 244604 1832 1829 
6 : 56311 56315 56326 138594 138612 174473 
6 : 56329 56347 56340 69545 69540 189039 
6 : 56343 26139 56332 26158 129711 26148 
6 : 56389 56393 56402 130525 130538 179637 
6 : 56416 56424 56419 145549 145542 209763 
6 : 56425 56422 5753 231275 5780 5775 
6 : 56426 56423 56414 239996 60353 60339 
6 : 56429 56443 56447 95705 95711 238752 
6 : 56448 56445 56439 245382 199764 199758 
6 : 19837 56564 56565 19844 19845 167904 
6 : 56575 56571 1235 240852 1264 1258 
6 : 56576 56574 56570 258953 234891 234888 
6 : 56586 14068 56583 14086 228875 14081 
6 : 56606 56598 56597 148430 112975 112961 
6 : 56608 56604 44704 206477 44731 44721 
6 : 56703 56706 56704 180057 180051 201086 
6 : 56713 56705 56712 242667 263454 242666 
6 : 56717 56719 56723 91092 91099 172337 
6 : 37944 56785 56776 37974 37966 210609 
6 : 56786 56765 56777 95185 215660 95178 
6 : 56865 56867 56859 264070 220430 220431 
6 : 56874 56872 56878 158626 171926 158631 
6 : 56883 56881 56870 257720 131773 131771 
6 : 56945 56960 56947 169609 169589 174222 
6 : 22867 57032 57033 22870 22871 161369 
6 : 57046 57034 57037 176218 234318 176211 
6 : 57068 57060 57051 213560 92587 92578 
6 : 57151 57163 57150 187040 184099 184121 
6 : 57212 57211 57195 260747 142820 142819 
6 : 57287 57291 50217 104881 50221 50228 
6 : 57316 57313 57312 105364 65797 65789 
6 : 57317 57323 57318 194862 194857 214898 
6 : 57325 57321 57320 242463 229207 229202 
6 : 57344 57342 57332 234050 135126 135123 
6 : 57446 54932 57448 54952 226942 54955 
6 : 57568 57569 57571 201336 201343 205757 
6 : 57592 57589 57601 143999 195480 144008 
6 : 57594 57606 57595 218589 218579 229954 
6 : 57624 38993 22134 39020 22164 22133 
6 : 57693 57697 57695 195455 195453 221866 
6 : 57709 57712 57716 172563 172569 223571 
6 : 57768 57776 57763 194748 162306 162316 
6 : 57876 57871 57878 169245 252119 169247 
6 : 57884 57882 57890 85329 142579 85341 
6 : 21546 57918 25107 21568 21543 25133 
6 : 57910 57901 57898 116649 73786 73771 
6 : 57998 58001 57996 112684 58527 58534 
6 : 58005 57999 58000 145965 155868 145951 
6 : 58189 58178 58190 147844 234651 147845 
6 : 58289 58295 58291 199991 199988 249270 
6 : 58302 58310 58309 206036 206035 255646 
6 : 58311 58303 58304 206662 210612 206658 
6 : 58312 45648 58305 45675 215662 45665 
6 : 58326 58313 58317 106412 203579 106400 
6 : 58434 58433 58427 259199 186352 186348 
6 : 58437 58442 31835 117309 31841 31849 
6 : 58449 58460 58461 68156 68157 239172 
6 : 58459 58464 58457 234501 205527 205535 
6 : 58557 58563 58561 155094 155089 241402 
6 : 58566 58569 58583 59581 59595 163684 
6 : 27912 58708 6852 27923 6849 6868 
6 : 58710 58704 58707 153950 203498 153942 
6 : 58726 58721 58724 236836 255091 236830 
6 : 58753 58750 58755 147627 165472 147628 
6 : 58763 58756 58757 194812 197496 194798 
6 : 58850 58854 26638 244232 26662 26671 
6 : 52420 58857 51926 52424 51924 51930 
6 : 58855 58864 58859 74113 74108 115092 
6 : 58862 58861 58860 169251 153676 153675 
6 : 58873 58891 58900 63718 63724 238357 
6 : 58876 58877 58901 125395 125418 126986 
6 : 58976 46139 58980 46146 163470 46149 
6 : 59055 59045 59051 189942 223373 189937 
6 : 59119 59115 59111 172764 100255 100251 
6 : 2153 24599 59145 2150 2167 24616 
6 : 54875 59142 59139 54887 54885 206089 
6 : 59140 13484 59137 13496 169619 13491 
6 : 59256 59264 59268 65395 65402 208580 
6 : 59266 59267 31680 219880 31697 31699 
6 : 59270 59262 59258 160054 96388 96368 
6 : 59597 59591 59583 243725 193915 193907 
6 : 59611 59606 59604 110502 95194 95191 
6 : 32442 59674 59673 32457 32454 242816 
6 : 2599 59685 59677 2619 2606 190446 
6 : 21665 59686 59679 21681 21673 199936 
6 : 59681 59676 59678 138181 195085 138176 
6 : 59687 5916 59682 5950 236648 5934 
6 : 59808 59809 59813 191749 191752 223413 
6 : 59828 59822 7145 172798 7174 7158 
6 : 59844 59848 59847 255202 255198 260062 
6 : 59846 59840 59835 216418 203502 203492 
6 : 38754 59941 59951 38763 38775 131639 
6 : 40483 59955 59950 40508 40501 252166 
6 : 59948 59945 59952 221740 248175 221741 
6 : 59959 59958 59964 114837 123571 114847 
6 : 59965 59963 59961 165988 154444 154440 
6 : 59974 49164 23051 49171 23057 23050 
6 : 53454 60110 60107 53468 53462 151202 
6 : 60112 60116 60109 243205 205576 205588 
6 : 60121 60142 60140 74474 74473 258898 
6 : 23782 60145 60148 23784 23788 74818 
6 : 60146 60160 44737 81210 44740 44766 
6 : 60158 60162 60156 246150 216200 216206 
6 : 60223 60226 60233 162936 162947 204720 
6 : 60225 34141 60232 34154 184437 34166 
6 : 60244 21807 60249 21820 233648 21824 
6 : 60262 60270 60266 204553 204548 252577 
6 : 60265 60260 60269 165387 250099 165395 
6 : 60302 60310 5685 149138 5691 5702 
6 : 60303 60297 60307 67991 149522 68000 
6 : 60368 45677 60365 45696 181238 45683 
6 : 60369 60364 60373 178370 250401 178375 
6 : 60388 60384 60397 201901 245906 201907 
6 : 58152 60502 60513 58155 58173 112360 
6 : 60509 60500 24036 67345 24061 24037 
6 : 60518 60514 8562 84519 8574 8565 
6 : 60543 60547 60558 88734 88750 129579 
6 : 60637 60648 60639 145736 145724 174810 
6 : 60669 54798 60673 54820 250581 54824 
6 : 60770 60767 60776 61543 151848 61562 
6 : 60787 60788 60790 236852 236855 242587 
6 : 60792 60784 60793 162765 258913 162766 
6 : 60903 60911 58346 210418 58358 58375 
6 : 60905 60902 60899 188206 66673 66662 
6 : 60910 28719 60907 28741 252875 28740 
6 : 60919 60924 60922 181104 181102 262544 
6 : 60949 60932 60931 169587 156901 156880 
6 : 60957 60951 60959 97742 187119 97745 
6 : 60976 60977 60962 263681 226280 226282 
6 : 4571 36089 61043 4568 4583 36105 
6 : 61048 61042 61047 71383 243307 71381 
6 : 61056 61062 61059 220422 220420 245766 
6 : 61058 61060 61054 239047 211191 211195 
6 : 61066 55495 61067 55520 264069 55521 
6 : 61105 61091 61099 107279 186019 107271 
6 : 61179 44984 61182 44986 95031 44989 
6 : 61197 61199 42641 124668 42644 42650 
6 : 61207 43357 61201 43375 185932 43364 
6 : 61211 61229 61208 91224 62375 62398 
6 : 61224 61220 61210 193558 89053 89048 
6 : 15607 61329 61331 15621 15627 231697 
6 : 61346 61345 61343 242460 214899 214896 
6 : 61372 61366 61355 242183 130418 130411 
6 : 61470 61477 4451 192822 4462 4477 
6 : 61473 25671 61469 25692 180808 25677 
6 : 61475 61465 3801 93629 3833 3803 
6 : 61479 61486 61483 85074 85059 214615 
6 : 40960 61498 61494 40968 40966 135479 
6 : 61505 61501 61500 234506 205578 205575 
6 : 61648 61645 61631 256817 116055 116050 
6 : 61744 61748 61745 61799 61796 78333 
6 : 61900 61909 17923 184965 17939 17959 
6 : 62014 62015 62016 207604 207609 244468 
6 : 62023 62029 62019 198630 130634 130649 
6 : 62028 62024 62020 202111 134470 134465 
6 : 12207 62047 62040 12231 12219 195787 
6 : 62030 62035 62042 86632 86636 168477 
6 : 62043 62045 62034 223717 164734 164737 
6 : 62137 62131 13971 110339 13988 13975 
6 : 62139 62140 62133 217079 129366 129370 
6 : 62142 62144 62136 252688 182471 182472 
6 : 59711 62162 62156 59736 59726 252457 
6 : 62148 62158 62150 155209 155193 174657 
6 : 62167 62180 62170 137540 137526 203505 
6 : 62175 62173 62165 220345 128153 128149 
6 : 62250 62255 62253 142900 142895 167048 
6 : 62277 62279 62274 200162 128051 128060 
6 : 62285 62283 62282 252389 251995 251988 
6 : 62292 62294 62295 244686 244688 251849 
6 : 62293 62291 62288 213688 147688 147681 
6 : 62330 50191 62335 50206 232489 50210 
6 : 62422 62412 62419 133296 208834 133289 
6 : 62540 62548 4710 114067 4714 4735 
6 : 62542 62550 62545 180049 180040 212601 
6 : 62564 62572 62559 214471 177887 177899 
6 : 62680 62691 62684 135812 135804 235573 
6 : 62802 62804 62797 228962 94490 94496 
6 : 62807 29379 48508 29405 48545 29378 
6 : 62810 62822 62827 115384 115390 233947 
6 : 62837 62845 62833 198555 139377 139399 
6 : 62937 62941 62940 156562 156561 216423 
6 : 62949 62947 62942 259365 233371 233367 
6 : 62952 41243 62958 41244 67957 41254 
6 : 62953 62963 62960 86099 86092 186526 
6 : 9446 51297 62967 9445 9447 51300 
6 : 63104 63106 63108 79511 79513 110544 
6 : 63357 63358 63351 263412 241180 241182 
6 : 63475 63474 63479 199020 259255 199028 
6 : 63493 36841 63481 36863 78520 36844 
6 : 62553 63506 63497 62566 62555 73075 
6 : 63508 63498 63503 111623 177893 111608 
6 : 4751 63527 63513 4773 4754 78906 
6 : 63591 63593 63602 123910 123924 139833 
6 : 63603 63600 63601 221482 227581 221471 
6 : 63610 63607 63605 149502 89453 89449 
6 : 63618 63624 63630 116216 116222 222863 
6 : 63621 2020 63619 2027 124130 2025 
6 : 63622 63620 63631 151134 154602 151149 
6 : 63627 63617 13822 92630 13843 13825 
6 : 63736 63728 63733 67752 191551 67741 
6 : 63753 63743 63744 134799 147475 134774 
6 : 63790 63796 63786 212178 132146 132157 
6 : 63877 63881 63883 93028 93032 148071 
6 : 63882 63876 63880 66497 116392 66490 
6 : 63920 63937 63934 206329 206328 260284 
6 : 29408 64021 64022 29413 29415 175531 
6 : 64030 64041 64029 82981 67076 67104 
6 : 64063 64058 64047 191961 86431 86422 
6 : 64080 64076 64077 228353 231348 228349 
6 : 64153 64163 64148 157927 117463 117484 
6 : 64184 64199 64201 79906 79907 251826 
6 : 64185 64190 64188 94454 94451 151468 
6 : 64186 64194 64183 109581 73872 73889 
6 : 64247 64251 39475 181894 39487 39489 
6 : 64308 64310 64311 232426 232427 262087 
6 : 64314 64315 64325 87787 87802 118965 
6 : 64326 28880 64324 28901 248712 28899 
6 : 64337 9800 64347 9813 210681 9826 
6 : 64407 64390 64385 96033 65245 65216 
6 : 64447 64444 64446 69673 155654 69672 
6 : 64450 64457 64445 182043 144848 144873 
6 : 29717 64474 27330 29743 27327 27356 
6 : 64470 40102 64462 40121 140882 40104 
6 : 59970 57897 64612 57896 59981 57909 
6 : 64603 64602 64604 74678 79874 74679 
6 : 64616 64615 64607 249637 164354 164352 
6 : 48889 64636 64628 48907 48899 204882 
6 : 64751 64741 64750 103256 260494 103254 
6 : 64757 64759 64763 218136 218139 238413 
6 : 64785 64784 64780 263497 259350 259349 
6 : 64883 64890 64886 213158 213154 262288 
6 : 64884 64887 64885 230885 230883 249501 
6 : 64889 37108 64880 37141 198746 37123 
6 : 64891 64892 64907 88187 88205 115742 
6 : 64923 64925 64911 246854 114977 114981 
6 : 13267 65029 12408 13269 12404 12410 
6 : 7725 65114 65093 7750 7730 116888 
6 : 65155 65160 65157 91850 91843 111405 
6 : 65164 65159 61140 153119 61159 61147 
6 : 65254 65259 65255 151423 151419 159021 
6 : 65322 65328 65325 209887 209878 225847 
6 : 65324 65317 65319 120344 200394 120341 
6 : 65327 65321 65318 205886 139208 139196 
6 : 65337 65329 65333 87209 194501 87204 
6 : 26427 65350 1535 26431 1533 1553 
6 : 65347 65348 65356 142621 142633 157170 
6 : 65351 65354 65352 197594 197592 198589 
6 : 65406 65396 65394 218523 208452 208445 
6 : 65436 65435 65443 92691 119913 92716 
6 : 65444 65440 28618 233111 28644 28634 
6 : 53630 65450 65449 53638 53637 120140 
6 : 65472 65466 65476 186967 254802 186971 
6 : 65572 14128 65573 14149 246672 14151 
6 : 7052 39027 60814 7050 7051 39026 
6 : 65724 65735 65723 109816 101932 101948 
6 : 65730 65731 24196 253219 24216 24217 
6 : 65752 65743 65757 120751 237545 120756 
6 : 65850 65859 65851 124088 124076 124613 
6 : 65861 65849 65856 108635 182640 108618 
6 : 32195 65995 66002 32198 32210 117561 
6 : 65996 65999 66005 157976 157983 197777 
6 : 66006 66004 66000 224310 208879 208873 
6 : 66022 66020 35060 214329 35089 35084 
6 : 29069 66030 66034 29075 29079 175283 
6 : 66051 66045 66054 138642 200376 138649 
6 : 66064 66073 66066 73225 73215 78504 
6 : 66271 66267 66265 173769 144005 143996 
6 : 66275 66278 9551 260842 9583 9587 
6 : 66304 17426 66311 17427 67192 17439 
6 : 66313 66320 66323 215520 215523 259678 
6 : 66321 66316 66319 232301 258719 232299 
6 : 66415 66420 66419 78892 78891 127864 
6 : 66457 66449 66455 224082 258157 224081 
6 : 26112 66476 66474 26130 26126 221649 
6 : 66561 66562 66558 256296 219682 219685 
6 : 66568 66572 66570 173450 173443 237453 
6 : 66585 66578 66579 112125 125866 112110 
6 : 66689 66694 66698 167351 167360 255888 
6 : 66705 66719 22171 113388 22176 22204 
6 : 66710 66702 66700 80316 68754 68741 
6 : 66717 66718 66708 253307 173411 173417 
6 : 66828 66822 66826 145070 252705 145066 
6 : 66837 66835 3630 150314 3641 3639 
6 : 66843 66842 66850 188522 219894 188539 
6 : 66854 66864 66873 111529 111540 170786 
6 : 66991 66992 66995 182170 182172 206042 
6 : 67144 67149 67147 243478 243477 262756 
6 : 67174 67183 18229 226663 18246 18259 
6 : 67198 67193 67188 205134 139943 139933 
6 : 67252 67257 67250 236017 212934 212940 
6 : 67266 67263 67278 127865 143774 127890 
6 : 67284 67287 67295 110841 110846 153981 
6 : 67320 67309 67318 223289 258747 223286 
6 : 67437 67426 67419 171133 121569 121550 
6 : 67438 67423 67431 167583 221631 167576 
6 : 67544 67539 46019 194659 46046 46034 
6 : 56735 67553 67559 56742 56750 172953 
6 : 67602 17031 67611 17047 191723 17055 
6 : 67632 67619 64990 74057 65007 64991 
6 : 67655 67652 11456 199774 11476 11469 
6 : 67661 67648 67663 128161 263934 128163 
6 : 67819 38158 67820 38163 102212 38165 
6 : 67947 67944 67951 226392 244375 226397 
6 : 67979 67904 67978 67929 254338 67927 
6 : 27593 17459 68094 17457 27607 17476 
6 : 35613 68101 68104 35619 35621 197748 
6 : 68107 68112 68115 242180 242188 252519 
6 : 68121 68120 68134 128728 128899 128741 
6 : 42867 68235 68239 42868 42877 73778 
6 : 68383 68382 68377 240278 198706 198699 
6 : 68408 68411 68416 177671 177684 202938 
6 : 68513 68519 68518 196297 196296 256585 
6 : 68527 68522 68535 180055 230552 180063 
6 : 68660 68655 68661 137147 234083 137148 
6 : 50565 50164 68678 50163 50583 50180 
6 : 61926 68788 68790 61931 61935 131043 
6 : 68806 68813 68817 147201 147205 217416 
6 : 68808 68816 68804 161182 141657 141668 
6 : 68812 68822 68811 205442 200877 200892 
6 : 68921 68926 68919 148729 72129 72152 
6 : 68933 68940 68934 210938 210932 214543 
6 : 68937 68930 68938 116297 240839 116300 
6 : 68939 68927 5095 77592 5124 5097 
6 : 69051 69050 69055 111046 146949 111055 
6 : 69071 69075 69070 251923 249993 250003 
6 : 69090 69078 19710 125955 19732 19713 
6 : 69092 69085 69082 217374 200654 200641 
6 : 9038 69203 69207 9057 9064 226022 
6 : 69201 69209 69193 201878 138004 138025 
6 : 51299 69226 69218 51322 51313 225038 
6 : 69223 36468 69212 36486 182087 36476 
6 : 69258 69255 69256 120121 120508 120119 
6 : 69334 69341 69336 96577 96569 164192 
6 : 69344 69337 69345 172212 262618 172213 
6 : 20617 69406 69407 20619 20620 101118 
6 : 69464 69460 69463 73334 117954 73328 
6 : 69484 69479 69487 182526 238152 182530 
6 : 69511 52290 69495 52316 156630 52298 
6 : 69619 69632 69616 152583 117462 117486 
6 : 69621 69631 69624 184722 184708 217164 
6 : 69630 69618 69626 142439 225967 142429 
6 : 69731 69722 66179 142618 66208 66187 
6 : 69734 69743 69746 162439 162444 254563 
6 : 69864 69866 69863 189605 163859 163867 
6 : 69865 69860 69859 75537 73423 73407 
6 : 8984 69875 43495 9001 8982 43519 
6 : 69871 69879 51888 124096 51897 51920 
6 : 69883 69882 69881 159124 126872 126868 
6 : 69884 69894 69892 193257 193256 239069 
6 : 69899 69887 69888 222490 226190 222486 
6 : 69909 69905 69904 142917 140477 140473 
6 : 69955 69952 62635 80567 62644 62637 
6 : 69978 69992 69981 98844 98834 164206 
6 : 70020 70022 70023 89526 89527 140012 
6 : 58153 70049 70046 58169 58165 247631 
6 : 70115 70119 70124 81936 81941 234555 
6 : 70123 70118 70117 194005 146652 146645 
6 : 70141 45124 70130 45137 112848 45127 
6 : 70144 70133 70147 132482 242145 132488 
6 : 66736 70163 70161 66757 66755 263064 
6 : 70171 70182 70175 108841 108838 178633 
6 : 70267 70270 70265 216350 211034 211038 
6 : 70275 70266 70271 212000 237559 211998 
6 : 70279 70293 58250 123922 58256 58272 
6 : 27179 70426 70415 27203 27182 96585 
6 : 70419 70424 70413 172209 75769 75793 
6 : 70423 70427 57923 255842 57950 57959 
6 : 70473 70471 70460 262876 174964 174961 
6 : 64786 70534 70539 64789 64799 94961 
6 : 70551 70560 70559 144485 144484 246529 
6 : 70556 70558 70548 231892 79582 79585 
6 : 70565 70570 61258 145240 61267 61274 
6 : 70671 70687 36522 158348 36532 36556 
6 : 70676 70678 70667 187008 127923 127926 
6 : 70707 70711 70709 256663 256660 262985 
6 : 70748 70751 60426 247993 60451 60455 
6 : 70822 70826 70827 170315 170317 207203 
6 : 69693 70934 70930 69703 69698 114279 
6 : 57329 70952 70950 57340 57338 201593 
6 : 70941 70948 70946 83743 83736 150616 
6 : 70954 70953 70949 234611 196407 196404 
6 : 70955 70942 70957 105014 255684 105015 
6 : 70975 70971 70979 227176 245113 227181 
6 : 71073 71088 71086 142889 142882 230286 
6 : 71081 71072 71090 97956 191442 97972 
6 : 71101 64959 51889 64982 51915 51887 
6 : 71114 71107 71113 107658 200178 107655 
6 : 63991 71147 71148 64016 64017 261794 
6 : 71156 46891 71150 46900 81319 46893 
6 : 33970 71213 43966 33992 33967 43990 
6 : 71226 71219 71228 104433 189932 104435 
6 : 71231 71229 71234 200847 214435 200853 
6 : 71232 71223 71237 163583 243934 163588 
6 : 71255 71242 71250 88643 205419 88638 
6 : 71361 71362 71356 236727 164736 164739 
6 : 71364 71354 71353 147115 142078 142061 
6 : 71377 71372 71378 179723 207332 179724 
6 : 46236 71478 71479 46243 46247 215225 
6 : 71480 71472 71475 155278 186109 155257 
6 : 2899 71502 71491 2923 2909 199449 
6 : 71483 71484 71496 112564 112576 122062 
6 : 71500 71498 71492 250059 219966 219964 
6 : 71518 71521 71516 175186 154738 154747 
6 : 71690 71684 71682 148248 123984 123971 
6 : 71768 71766 71764 254234 230972 230970 
6 : 71901 71897 71892 197282 124264 124257 
6 : 64501 72029 72031 64502 64511 122052 
6 : 72034 72038 72035 227022 227011 228946 
6 : 72049 72048 72042 247780 191032 191031 
6 : 72165 46856 72154 46888 78661 46857 
6 : 41975 72174 72175 41987 41988 201517 
6 : 72167 72171 72168 83468 83465 120533 
6 : 72177 72180 49167 238898 49186 49191 
6 : 72281 41323 72292 41324 95446 41339 
6 : 72286 72284 72282 120988 96753 96751 
6 : 72299 72310 55945 164225 55956 55978 
6 : 72306 72313 72300 218839 167374 167390 
6 : 33102 72317 72314 33107 33105 111147 
6 : 72316 72330 72331 129290 129291 261469 
6 : 72328 72322 72327 204081 260158 204080 
6 : 39884 40714 72337 39881 39886 40719 
6 : 72423 72418 71282 113918 71304 71287 
6 : 72428 72424 72421 244142 200807 200804 
6 : 72438 9640 1729 9651 1744 1722 
6 : 72458 72467 72455 231508 222134 222145 
6 : 72468 56669 72472 56670 93554 56675 
6 : 72476 72491 72474 162014 147747 147764 
6 : 57143 38605 72570 38604 57158 38619 
6 : 72567 72572 72565 213014 155953 155972 
6 : 72569 72568 72571 224128 237311 224129 
6 : 72576 72577 56352 128003 56357 56366 
6 : 72579 72580 72574 225797 94242 94247 
6 : 72597 72594 72603 227368 232891 227378 
6 : 72701 72705 72702 149108 149095 153904 
6 : 72709 72719 42505 178612 42516 42532 
6 : 72716 72720 72711 232505 206195 206205 
6 : 72718 72714 72717 218920 246274 218917 
6 : 33946 72834 72831 33955 33947 128512 
6 : 55996 28945 72845 28944 56007 28955 
6 : 72850 72848 12377 250331 12401 12396 
6 : 72862 72870 72860 231436 201225 201232 
6 : 72872 72856 72866 130389 245945 130385 
6 : 72968 72973 72977 181998 182006 211227 
6 : 72970 72971 72966 204842 166356 166357 
6 : 72976 72963 72961 143757 107572 107550 
6 : 73021 73015 30918 161576 30930 30927 
6 : 73024 7765 73028 7783 213433 7789 
6 : 73095 10291 73101 10297 136511 10304 
6 : 73166 73161 73175 112145 177873 112156 
6 : 73186 73174 73181 241041 251990 241039 
6 : 63256 73248 73246 63274 63268 231189 
6 : 73249 30388 49895 30408 49920 30385 
6 : 73254 73270 73260 187469 187462 221874 
6 : 21915 73291 73281 21929 21919 160273 
6 : 73388 73396 73393 230620 230618 260584 
6 : 73404 73399 73406 171540 242821 171552 
6 : 73543 73532 73547 88607 220758 88609 
6 : 73552 73538 73541 195512 210225 195494 
6 : 73553 61402 35234 61427 35269 35232 
6 : 14933 73684 73679 14948 14944 229268 
6 : 73675 73676 73575 160643 73590 73593 
6 : 73683 73688 73685 247702 247699 257956 
6 : 73693 73699 73696 212919 212915 253915 
6 : 73697 73689 73694 75410 242545 75404 
6 : 73700 73706 73705 122914 122913 229201 
6 : 73702 37055 17330 37063 17347 17327 
6 : 73804 73801 73802 122788 134755 122782 
6 : 73805 73799 50357 99142 50376 50361 
6 : 73806 73803 73808 151250 219708 151260 
6 : 73824 73829 67206 83183 67207 67212 
6 : 73938 73951 73736 115409 73737 73766 
6 : 73947 73949 73950 246130 246132 264058 
6 : 73967 73963 73953 243347 85193 85190 
6 : 73978 73971 73984 96155 231376 96161 
6 : 73991 42152 74003 42153 96125 42166 
6 : 74045 74019 74046 105861 264197 105862 
6 : 74074 74087 74084 87603 87594 247400 
6 : 74077 74079 5096 128350 5100 5106 
6 : 74218 74217 74222 228261 238660 228271 
6 : 74226 74223 74225 263342 263636 263340 
6 : 74228 74237 74231 124416 124401 152101 
6 : 74243 74239 74248 85061 222097 85066 
6 : 74256 74245 74254 226614 262039 226611 
6 : 74291 74289 74308 124480 170176 124502 
6 : 74344 74345 74354 80933 80945 100839 
6 : 74357 74353 74351 185145 129828 129818 
6 : 74365 74377 74373 131364 131358 201599 
6 : 74402 74392 74397 241987 259900 241984 
6 : 74409 74411 74415 227480 227487 243448 
6 : 2763 74439 74444 2782 2786 251012 
6 : 74425 74438 65212 108873 65219 65241 
6 : 74433 74437 74424 212410 98118 98126 
6 : 40513 74478 74486 40523 40539 131011 
6 : 74485 74479 74487 155573 234085 155579 
6 : 74501 74500 74497 217975 196970 196969 
6 : 74513 74531 13357 106457 13362 13393 
6 : 74619 74631 74622 115979 115965 157502 
6 : 74632 74623 74626 159629 240943 159615 
6 : 74735 74736 74737 191364 191365 240186 
6 : 74739 16246 74741 16270 260991 16272 
6 : 74748 74751 74752 212352 212353 227923 
6 : 74750 60701 74757 60715 227805 60723 
6 : 74868 74872 74874 189201 189204 222590 
6 : 74883 74890 74884 184072 184058 192620 
6 : 74902 74909 74906 227145 227142 261219 
6 : 191 33324 74924 190 213 33346 
6 : 74997 75004 53479 235562 53501 53515 
6 : 75000 75001 74993 246788 100594 100601 
6 : 75013 75008 75005 109499 81351 81344 
6 : 75137 75145 75132 189843 146837 146854 
6 : 75139 75140 75144 234468 234473 254588 
6 : 75141 75135 56789 184807 56817 56799 
6 : 75155 75161 75159 240251 240250 260958 
6 : 75169 66210 75181 66214 137363 66226 
6 : 75170 75171 75176 149028 149031 155781 
6 : 75184 75185 75191 78991 78998 82572 
6 : 75282 75279 65213 113296 65227 65220 
6 : 75293 75295 75297 108329 108331 148840 
6 : 75298 75309 68335 206624 68354 68371 
6 : 75303 75307 75305 260745 260744 262057 
6 : 75312 75314 75319 89954 89959 130292 
6 : 30466 75425 75427 30485 30490 247472 
6 : 32065 75421 54210 32078 32064 54219 
6 : 75419 14212 75422 14217 133260 14224 
6 : 75434 75439 75444 214739 214751 230459 
6 : 75442 75438 25865 222594 25895 25883 
6 : 75551 73350 75546 73374 177892 73359 
6 : 44472 75565 75560 44484 44480 221562 
6 : 75558 75566 75559 211887 211881 212939 
6 : 75664 75672 75666 160653 160644 193324 
6 : 35442 75686 75682 35456 35448 213480 
6 : 14394 75700 75696 14415 14409 227069 
6 : 75690 75702 75689 109984 104480 104509 
6 : 75695 75691 23875 135053 23888 23881 
6 : 75705 75711 29322 111510 29327 29344 
6 : 75794 75797 1237 118721 1239 1251 
6 : 75819 31113 75814 31141 254857 31131 
6 : 75274 75820 75837 75278 75289 98133 
6 : 75825 75839 75823 202030 172983 173006 
6 : 75831 75829 75840 214589 241890 214597 
6 : 75924 75923 75927 96947 141829 96952 
6 : 75948 75949 32095 184552 32108 32111 
6 : 63042 75975 75969 63070 63055 245243 
6 : 75982 75992 75994 159757 159760 247343 
6 : 17460 64562 76058 17458 17465 64573 
6 : 76101 9619 76091 9636 210773 9627 
6 : 76190 76202 29574 120460 29580 29597 
6 : 76191 76199 76195 152882 152877 189252 
6 : 76196 76192 76198 159731 194801 159734 
6 : 76197 63992 76194 64002 174951 63999 
6 : 76323 76334 76327 77058 77042 170655 
6 : 76333 76332 76337 228653 252234 228657 
6 : 76341 76325 76340 110909 262710 110908 
6 : 1994 76344 76353 1997 2010 119819 
6 : 36492 76542 76560 36495 36519 125208 
6 : 76613 76610 76615 248333 262794 248337 
6 : 59688 76624 76621 59695 59690 108014 
6 : 67322 76631 76622 67340 67328 117609 
6 : 76630 24039 76635 24056 237143 24062 
6 : 76644 27521 76654 27531 190402 27540 
6 : 76670 76681 76675 230900 230894 248173 
6 : 76691 76702 76686 186544 153194 153206 
6 : 76722 76717 76723 194341 259604 194343 
6 : 59130 76738 76735 59148 59144 221106 
6 : 76728 76727 76736 113770 142524 113780 
6 : 76741 76729 76732 169630 197562 169616 
6 : 76754 76757 76765 211465 211473 249809 
6 : 76778 76773 76782 180087 225801 180093 
6 : 76851 76850 76858 139736 146145 139753 
6 : 76854 76852 76862 162214 207049 162228 
6 : 76856 76860 24934 235236 24955 24969 
6 : 76863 76869 34904 133490 34907 34931 
6 : 76868 14427 76864 14449 200086 14441 
6 : 76999 61260 76994 61284 176340 61270 
6 : 77016 77002 77011 93268 221048 93257 
6 : 77017 77013 77001 231727 81587 81575 
6 : 77030 77029 38867 216573 38882 38881 
6 : 77136 77131 77137 157986 236508 157989 
6 : 77138 77133 77141 200383 247901 200388 
6 : 77153 77142 77156 79838 248226 79845 
6 : 77154 77149 77148 185750 179935 179922 
6 : 77172 77170 77168 234551 193999 193995 
6 : 77175 63694 77179 63722 254863 63725 
6 : 77204 77205 77190 256442 185531 185532 
6 : 25494 44256 77275 25491 25496 44258 
6 : 77290 77287 77274 256127 90641 90635 
6 : 77304 10983 77307 11009 262034 11011 
6 : 77310 64352 77321 64354 107625 64368 
6 : 77311 73868 77326 73873 112508 73895 
6 : 77328 77319 77324 197331 224665 197320 
6 : 77382 77372 77377 145804 182809 145795 
6 : 77394 77393 77405 103864 113853 103884 
6 : 77400 77403 77399 250475 214757 214765 
6 : 77414 77416 77418 199730 199733 213355 
6 : 77423 77438 77426 153853 153842 167939 
6 : 77428 77424 77436 158630 205981 158647 
6 : 77450 13735 77448 13750 218623 13748 
6 : 77509 77512 77513 159324 159327 226338 
6 : 43019 77539 77545 43032 43044 222128 
6 : 77536 77544 77540 156053 156048 224712 
6 : 77538 77537 77547 171755 214639 171769 
6 : 77556 31363 77566 31370 163464 31382 
6 : 77622 37879 77629 37891 181825 37905 
6 : 77623 77624 77630 210335 210342 228933 
6 : 48150 77654 77650 48161 48153 93485 
6 : 77649 77655 77653 92480 92477 158019 
6 : 77657 35965 77659 35988 218846 35990 
6 : 36737 77773 77774 36751 36753 249524 
6 : 21957 77784 77787 21968 21977 210020 
6 : 72202 77785 77776 72214 72203 78782 
6 : 77789 77786 77788 246217 262003 246216 
6 : 77881 77886 77889 121423 121430 171390 
6 : 77885 77882 55155 125492 55162 55161 
6 : 77908 77915 77913 251244 251241 258378 
6 : 77925 77937 77940 134763 134769 245132 
6 : 78011 78005 78012 146630 242132 146631 
6 : 78032 78016 78020 78256 188555 78242 
6 : 13243 78061 78067 13247 13258 122957 
6 : 78063 43798 78064 43806 143296 43807 
6 : 78065 78072 38786 188600 38799 38817 
6 : 78074 73456 78058 73487 78912 73457 
6 : 78082 20317 78078 20326 88654 20321 
6 : 78151 78146 78148 216256 253016 216250 
6 : 78152 78149 78138 262492 94505 94499 
6 : 78275 78282 78281 147924 147921 208121 
6 : 78315 78318 78321 189865 189870 219909 
6 : 78398 78406 78400 123708 123699 185609 
6 : 78405 78401 78408 196747 249031 196749 
6 : 78422 78436 78428 93570 93558 166783 
6 : 78527 78535 78534 185360 185359 258178 
6 : 78536 78542 78537 80551 80545 117359 
6 : 78544 78541 78549 176600 224162 176607 
6 : 78553 78554 54936 263431 54963 54964 
6 : 78560 78567 78566 98816 98815 195389 
6 : 78581 78583 78593 137103 137111 177076 
6 : 78669 78676 78670 159846 159834 177319 
6 : 78671 78677 78666 178951 119361 119383 
6 : 52422 78706 78713 52433 52438 230847 
6 : 78709 78698 8915 115099 8942 8920 
6 : 78711 78705 78701 230562 154139 154130 
6 : 78797 78804 78800 168088 168080 212943 
6 : 78801 52016 78803 52027 231902 52038 
6 : 78807 56307 78815 56314 174086 56323 
6 : 78813 78811 65282 212269 65305 65302 
6 : 78923 78925 78922 251270 220303 220306 
6 : 72355 78927 78937 72357 72373 103252 
6 : 78932 78929 78934 202020 225105 202021 
6 : 79013 79006 34004 245241 34034 34021 
6 : 53906 79031 79020 53925 53912 144957 
6 : 45227 79062 79060 45236 45235 234218 
6 : 79066 79061 52779 242739 52809 52796 
6 : 58987 48651 79199 48647 59010 48669 
6 : 73845 79201 79210 73846 73859 98620 
6 : 79324 79318 79320 85566 137998 85562 
6 : 79326 79329 79331 196545 196548 232183 
6 : 79328 79319 79322 95356 138533 95343 
6 : 79332 79330 79317 251313 82360 82359 
6 : 79333 79325 79321 191034 138467 138454 
6 : 79335 79336 79341 98810 98813 119638 
6 : 79345 79343 79353 203303 210173 203311 
6 : 79458 79476 79465 103194 103180 192793 
6 : 79525 79515 79523 154336 212330 154335 
6 : 79600 79605 79610 87614 87627 199903 
6 : 79642 79644 79646 126229 126230 169091 
6 : 79643 49136 79641 49142 113907 49138 
6 : 79649 79650 79648 243232 226389 226393 
6 : 79762 79757 79763 224758 249825 224759 
6 : 34874 79782 79774 34886 34882 157177 
6 : 79851 79852 79861 179245 179261 186203 
6 : 79863 79872 7007 102224 7011 7038 
6 : 79869 79870 79867 250623 204466 204468 
6 : 79876 53480 79878 53486 116957 53489 
6 : 10255 79903 68301 10274 10254 68317 
6 : 80008 80022 80007 103916 80565 80587 
6 : 80013 80016 68884 132100 68893 68899 
6 : 80021 80020 5720 252030 5747 5745 
6 : 3088 80032 80028 3105 3095 207561 
6 : 80042 80043 80052 193347 193361 203636 
6 : 80050 80041 71831 151211 71859 71839 
6 : 80153 80143 80147 103722 200897 103704 
6 : 80258 80251 80256 160146 238973 160142 
6 : 80262 78330 80272 78338 170695 78354 
6 : 13268 80282 55090 13281 13266 55109 
6 : 42337 80283 80281 42354 42351 212007 
6 : 80285 80286 80287 256172 256173 262119 
6 : 9493 80290 80303 9494 9513 119112 
6 : 80299 80291 80297 138187 236641 138183 
6 : 54393 80372 80366 54409 54397 185846 
6 : 80382 80383 80384 256175 256177 257954 
6 : 80394 80391 80396 131545 197749 131551 
6 : 80409 80419 80418 144604 144602 241305 
6 : 30305 10292 80493 10288 30306 10293 
6 : 80494 80501 37688 155613 37695 37708 
6 : 80504 80503 80495 263981 169128 169126 
6 : 80505 80512 80514 100295 100298 202007 
6 : 80511 75357 80520 75366 193027 75377 
6 : 80638 80644 80648 185470 185473 254207 
6 : 80639 80651 80649 186498 186495 263102 
6 : 53739 80680 80674 53749 53740 107825 
6 : 80769 59850 80768 59868 235864 59864 
6 : 80773 80762 80761 163075 151881 151868 
6 : 80781 80779 80780 174702 179320 174700 
6 : 80811 80796 80813 134616 252123 134620 
6 : 80892 17839 17177 17851 17198 17172 
6 : 80899 80906 80907 124929 124931 225580 
6 : 80918 80916 80925 82737 122552 82744 
6 : 80952 80946 80950 245425 259347 245422 
6 : 81015 81023 81017 156848 156838 177741 
6 : 26545 81032 81028 26554 26547 151232 
6 : 30443 81047 81050 30452 30458 210993 
6 : 81049 81048 81039 216208 116295 116293 
6 : 81054 81043 81038 174616 85302 85290 
6 : 81123 81126 81124 187972 187967 216713 
6 : 81130 81146 81140 96166 96159 250455 
6 : 81139 81136 81138 190161 240944 190160 
6 : 30014 81151 53165 30019 30012 53173 
6 : 81202 81196 40682 121328 40695 40686 
6 : 81267 81259 37946 83691 37960 37947 
6 : 81269 81268 81270 155734 181967 155735 
6 : 81278 81287 52712 178657 52718 52737 
6 : 81295 81292 81310 155023 224053 155042 
6 : 81296 49699 81308 49710 230929 49720 
6 : 81386 81383 81391 88770 158925 88787 
6 : 81390 81387 81385 189522 151258 151247 
6 : 4683 81404 81397 4692 4687 121858 
6 : 81396 81410 31515 121197 31517 31538 
6 : 40438 81515 16054 40450 16053 16070 
6 : 81508 81518 81510 143671 143660 150687 
6 : 81534 81531 72525 254761 72557 72555 
6 : 81545 47702 81556 47713 185916 47721 
6 : 30970 81626 81629 30980 30984 180712 
6 : 37814 81631 81623 37827 37817 121562 
6 : 39140 81634 81635 39158 39159 260574 
6 : 81645 81650 81644 234591 233920 233933 
6 : 81658 81662 81670 159227 159238 196014 
6 : 28923 81686 81689 28934 28940 234807 
6 : 81688 81683 81685 214168 234158 214164 
6 : 81787 81784 81771 262567 178580 178576 
6 : 81809 81789 81794 89065 187402 89047 
6 : 81813 81828 80720 139523 80728 80758 
6 : 81822 81826 11725 249647 11750 11758 
6 : 81900 81896 81906 114246 177079 114264 
6 : 81902 81894 81897 84498 122619 84492 
6 : 81908 81910 44673 90661 44674 44685 
6 : 81917 81919 81914 252701 241056 241060 
6 : 81934 81938 81929 230594 181038 181042 
6 : 82025 82016 82024 126325 257130 126321 
6 : 82031 82032 82039 179321 179330 195460 
6 : 82036 82035 36524 221869 36547 36540 
6 : 82050 82057 82055 202274 202272 261918 
6 : 82058 82049 7896 199045 7922 7909 
6 : 82066 82069 82064 202326 169423 169437 
6 : 21935 82137 82138 21938 21940 148324 
6 : 82136 82140 82142 101780 101781 206893 
6 : 82145 82135 82147 89662 246804 89665 
6 : 82151 82152 82150 130917 84804 84805 
6 : 82178 82168 61765 191297 61792 61779 
6 : 82192 82191 82183 170610 82504 82503 
6 : 82205 82200 82203 226964 240126 226962 
6 : 82280 82277 20813 222338 20841 20830 
6 : 82295 82283 82301 180010 251643 180016 
6 : 82307 82321 82317 159185 159178 224410 
6 : 82326 82322 82339 109136 154514 109159 
6 : 82416 82418 82421 85734 85736 168187 
6 : 82435 82442 75102 202739 75115 75125 
6 : 82437 23563 82432 23580 185061 23575 
6 : 82447 82461 82460 110182 110181 263820 
6 : 82449 82453 64088 142609 64095 64105 
6 : 82528 82525 82532 167345 225644 167353 
6 : 82530 82527 82531 221375 236069 221378 
6 : 82537 82535 82540 125514 159097 125528 
6 : 82538 82534 40515 91575 40531 40517 
6 : 82541 78596 82544 78622 243342 78627 
6 : 82656 82658 82665 133385 133401 169087 
6 : 51441 82774 82779 51447 51455 179064 
6 : 82772 82783 82768 159832 113558 113582 
6 : 82791 82790 82798 189784 190180 189796 
6 : 58728 82887 82883 58740 58732 166104 
6 : 77065 82942 82956 77070 77082 159782 
6 : 83038 83035 83034 232712 229458 229455 
6 : 79769 83054 83062 79779 79787 187984 
6 : 83049 83050 83051 143117 143118 157467 
6 : 83061 83052 83048 170099 108266 108254 
6 : 83064 83060 83055 232364 209039 209026 
6 : 83113 83105 83099 224611 200945 200936 
6 : 83166 83168 83158 242588 91549 91555 
6 : 77440 83178 83169 77454 77441 83515 
6 : 83206 83207 83200 172746 119813 119814 
6 : 83215 83199 83218 110420 244446 110424 
6 : 83286 83290 83285 253614 253376 253385 
6 : 18732 83300 83299 18752 18751 262103 
6 : 83330 83325 83317 243884 124016 124010 
6 : 83333 83322 9391 226710 9424 9403 
6 : 12534 83397 83399 12543 12550 206943 
6 : 32628 83530 83520 32646 32634 183150 
6 : 83518 83516 83529 109332 172589 109346 
6 : 83524 83523 83519 225326 178916 178912 
6 : 83563 83560 83567 213388 233047 213395 
6 : 83595 83617 83619 120397 120398 260652 
6 : 83608 83597 83615 124976 225743 124983 
6 : 83662 83667 83665 183378 183372 198638 
6 : 20097 83678 83682 20105 20109 210034 
6 : 83732 83734 83744 90697 90704 135960 
6 : 83792 83789 83798 106555 153763 106577 
6 : 83794 83796 83788 220192 102614 102620 
6 : 83815 83804 83800 193888 98872 98857 
6 : 4209 25419 83824 4202 4212 25424 
6 : 83822 41292 83820 41296 141974 41295 
6 : 83826 46311 83825 46321 214676 46320 
6 : 83835 83831 83827 243685 228868 228864 
6 : 83855 83848 83849 200716 227931 200708 
6 : 83968 83986 83973 98267 98252 157819 
6 : 84030 57786 24786 57802 24802 24782 
6 : 84174 84172 84171 178378 157805 157801 
6 : 84185 84177 84178 89834 111892 89817 
6 : 84207 84193 84196 142475 166394 142462 
6 : 84303 84307 84298 224068 175575 175592 
6 : 84313 84323 84312 185610 174040 174050 
6 : 84314 84320 84326 205065 205068 249033 
6 : 84317 84316 84321 220876 230729 220885 
6 : 84330 84328 84343 111955 135246 111973 
6 : 84339 84335 84341 200697 254617 200699 
6 : 84435 84451 17927 118279 17932 17950 
6 : 1730 84460 84463 1746 1748 202282 
6 : 84471 84458 84454 164661 92292 92276 
6 : 84479 73216 84483 73232 217918 73236 
6 : 84589 84590 84594 244959 244963 249342 
6 : 78557 84605 84611 78572 78573 240083 
6 : 84599 84602 84607 168722 168728 203926 
6 : 84628 84613 84627 103297 247546 103295 
6 : 84639 84654 84643 152286 152273 198822 
6 : 80385 84711 84716 80389 80405 127316 
6 : 59689 53631 4420 53629 4416 4415 
6 : 84743 80168 84753 80175 165599 80190 
6 : 84798 84778 84787 100982 199282 100967 
6 : 84835 84841 84840 164652 164650 232134 
6 : 84868 19531 35966 19532 35967 19527 
6 : 84897 84899 84906 133515 133524 155029 
6 : 84997 84990 23972 204733 24001 23990 
6 : 85022 85014 85029 94302 168280 94314 
6 : 85037 85035 85047 138965 186425 138979 
6 : 85043 85046 85042 244194 232430 232436 
6 : 23216 85127 85135 23217 23235 118750 
6 : 85130 85125 85133 98965 183637 98970 
6 : 85233 85236 85248 137927 137937 179900 
6 : 29881 85260 29484 29893 29482 29502 
6 : 85253 85259 10522 162543 10530 10543 
6 : 85254 6793 85257 6800 208807 6806 
6 : 85306 85317 85321 101703 101708 243128 
6 : 1164 85355 85354 1179 1176 215153 
6 : 16325 85357 85350 16339 16327 92828 
6 : 85358 85368 85366 122686 122684 250512 
6 : 85380 85378 5584 250458 5614 5609 
6 : 85381 36469 85379 36488 253688 36485 
6 : 85383 78858 35198 78882 35229 35197 
6 : 85428 68336 85418 68364 170821 68346 
6 : 85478 85473 44741 192671 44769 44754 
6 : 85488 72634 85485 72656 245268 72652 
6 : 75006 85526 85510 75028 75011 143489 
6 : 10436 85588 29325 10438 10431 29328 
6 : 85607 83730 85611 83735 148825 83746 
6 : 67831 85615 85627 67833 67846 133374 
6 : 85623 85632 85614 241075 123069 123089 
6 : 85722 85720 85719 185250 155053 155047 
6 : 63912 85846 77838 63918 63911 77850 
6 : 37209 85860 85853 37222 37214 149188 
6 : 85861 19958 85854 19981 188557 19967 
6 : 85899 85900 85888 224757 106209 106213 
6 : 57221 85920 85915 57230 57225 200374 
6 : 85924 85929 85913 255514 179895 179903 
6 : 85969 71700 85971 71705 157517 71710 
6 : 85990 85988 3116 221589 3135 3134 
6 : 86102 86089 86096 87239 218734 87227 
6 : 49980 46815 86105 46811 49981 46817 
6 : 86113 86116 18231 246208 18252 18258 
6 : 29813 86234 86241 29816 29826 173567 
6 : 86346 86348 86354 211801 211810 229998 
6 : 86363 12885 78359 12899 78373 12884 
6 : 86367 86359 86366 138862 244949 138861 
6 : 63569 86473 86474 63576 63577 153890 
6 : 84849 24852 86481 24850 84862 24861 
6 : 86475 86476 86472 171084 129936 129942 
6 : 86483 86496 86494 121847 121845 248216 
6 : 86497 50141 86495 50160 257691 50156 
6 : 86498 86492 86489 234192 182445 182437 
6 : 22703 86500 19405 22706 19398 19408 
6 : 41123 86602 26016 41130 26011 26024 
6 : 86608 86603 86601 196839 152391 152378 
6 : 86758 86752 86753 202457 202939 202448 
6 : 86784 86787 86781 144415 107715 107720 
6 : 86822 50002 6675 50024 6703 6671 
6 : 86854 86858 86861 161264 161268 252088 
6 : 86863 86856 86862 236352 262575 236351 
6 : 87006 86994 87004 125624 263101 125622 
6 : 36246 87022 87014 36271 36253 154140 
6 : 87023 87015 87012 167237 140159 140142 
6 : 87125 87131 87137 137042 137045 230566 
6 : 87126 87129 87141 148223 148236 200356 
6 : 87133 87138 87130 238043 206061 206066 
6 : 87142 87121 87132 95900 231137 95890 
6 : 87144 87149 5756 107399 5758 5762 
6 : 87154 87155 87147 208393 138675 138676 
6 : 87253 87256 87266 96414 96422 185710 
6 : 87258 87257 87261 191957 195123 191960 
6 : 23375 27680 87302 23371 23399 27706 
6 : 87290 87299 87295 107969 107965 183561 
6 : 87293 87296 87304 178856 178864 184607 
6 : 87361 87374 87368 101109 101101 195090 
6 : 87380 87379 51612 157238 51621 51616 
6 : 87419 47411 84919 47421 84935 47409 
6 : 87529 87518 87532 104852 258035 104858 
6 : 87543 32270 87550 32286 238427 32292 
6 : 87628 87630 87631 133815 133816 174172 
6 : 78288 87643 87650 78301 78305 231639 
6 : 87646 87641 87642 191859 206556 191853 
6 : 87661 25726 87656 25740 197860 25736 
6 : 70630 69787 87764 69786 70651 69813 
6 : 87773 87776 25727 152125 25731 25737 
6 : 87784 13925 85559 13944 85581 13922 
6 : 87887 87886 25728 247781 25749 25746 
6 : 87900 57191 87904 57198 186041 57202 
6 : 87907 87901 87892 203319 96737 96729 
6 : 31812 87920 87927 31822 31831 222775 
6 : 87924 87918 87925 216367 248971 216369 
6 : 68403 88027 39516 68413 39514 39536 
6 : 88047 32127 88031 32162 185438 32137 
6 : 6205 88050 88061 6209 6219 116144 
6 : 88058 88071 88067 178220 178209 252363 
6 : 88065 88056 88051 168175 117940 117931 
6 : 88167 88172 88173 231955 231957 261404 
6 : 88170 88165 59628 220316 59656 59647 
6 : 79611 88179 88183 79626 79633 227935 
6 : 88189 88207 37419 141629 37423 37446 
6 : 88307 88306 88300 238285 119150 119148 
6 : 11431 88551 10795 11436 10791 10800 
6 : 88570 11074 88566 11085 139407 11079 
6 : 88610 25014 35235 25034 35254 25009 
6 : 78059 88680 88689 78062 78068 132369 
6 : 88684 88690 88682 199990 160356 160364 
6 : 88688 88691 88678 230886 116776 116787 
6 : 88693 88704 88702 93992 93988 176501 
6 : 46927 2063 88828 2058 46934 2069 
6 : 88832 88831 88827 192758 112941 112936 
6 : 88876 88874 88880 196344 228630 196351 
6 : 85032 88936 88939 85034 85038 137973 
6 : 88942 88938 88946 186742 227038 186751 
6 : 88999 2319 88997 2344 239860 2339 
6 : 89072 78559 89081 78562 134251 78575 
6 : 89101 89120 89109 177881 177875 246885 
6 : 89116 68197 45709 68223 45741 45707 
6 : 89210 43475 89209 43486 194814 43484 
6 : 89213 89219 76251 92614 76253 76262 
6 : 89220 89226 89221 187712 187700 188074 
6 : 18143 89337 11277 18144 11269 11278 
6 : 89340 89347 89339 128806 116248 116271 
6 : 89351 89352 89359 217023 217031 223099 
6 : 89353 77840 89350 77859 176030 77847 
6 : 21959 89367 89372 21972 21976 227620 
6 : 89477 31813 89478 31817 137602 31821 
6 : 89490 75243 89492 75251 148620 75253 
6 : 89491 24131 89501 24137 152363 24151 
6 : 89504 89489 89500 147953 247796 147949 
6 : 89508 89513 83755 130379 83756 83768 
6 : 89514 63120 89512 63129 181472 63126 
6 : 89611 89610 89604 258186 107895 107891 
6 : 89761 89758 89766 172183 192975 172192 
6 : 89885 89881 89890 166761 232813 166769 
6 : 14935 89901 89910 14942 14951 210120 
6 : 89907 89900 89904 209669 242600 209664 
6 : 90012 90015 90014 167313 167312 238102 
6 : 90021 90016 69119 244728 69152 69143 
6 : 90029 90032 90035 192972 192976 234309 
6 : 86369 2504 90044 2503 86382 2526 
6 : 90042 90041 28493 235949 28509 28508 
6 : 90048 90040 90046 197310 259580 197308 
6 : 90126 90135 90136 116361 116362 255058 
6 : 90129 90138 90132 211397 211385 218737 
6 : 90140 90154 49196 106818 49199 49226 
6 : 90141 90147 90155 107129 107143 189757 
6 : 90144 77181 90150 77187 141752 77198 
6 : 90146 90152 90145 180828 154941 154956 
6 : 68613 16247 26570 16245 26569 16241 
6 : 90274 90282 90279 227225 227223 249882 
6 : 90299 90296 90291 231608 182723 182714 
6 : 90301 90285 87988 96167 88023 87989 
6 : 27622 90315 90304 27632 27623 116404 
6 : 90384 90388 89375 217777 89389 89405 
6 : 90394 90405 90393 131190 116387 116414 
6 : 90416 90415 90323 233827 90342 90341 
6 : 90423 90417 90421 241975 252201 241970 
6 : 90519 19663 60464 19669 60476 19662 
6 : 90529 90528 90517 262664 140177 140176 
6 : 90535 90539 90536 174510 174509 180166 
6 : 90676 90689 90684 133712 133709 223430 
6 : 90795 90786 90791 161114 214903 161106 
6 : 18490 90809 90805 18512 18505 252110 
6 : 90804 73640 90801 73663 178570 73652 
6 : 90810 90803 31967 240334 32002 31989 
6 : 90918 90924 90914 162245 99750 99770 
6 : 10641 90929 90928 10646 10643 125079 
6 : 32197 90941 86705 32213 32196 86731 
6 : 90936 90943 90940 209344 209342 250573 
6 : 91024 91019 91023 170939 251940 170935 
6 : 91042 91053 1732 145124 1740 1750 
6 : 91046 91040 91043 92282 159363 92275 
6 : 91050 3769 91049 3786 241351 3785 
6 : 91156 91151 91157 158757 259961 158761 
6 : 91176 91169 91163 230525 150709 150704 
6 : 91182 72875 91184 72877 102701 72883 
6 : 46858 91288 91285 46868 46860 104236 
6 : 91323 91331 70504 180205 70511 70524 
6 : 12977 91435 91430 12989 12983 180685 
6 : 91427 91429 1342 166141 1347 1349 
6 : 91443 91449 91441 105903 103697 103710 
6 : 91445 91455 91453 161186 161185 247270 
6 : 91452 91458 12209 247038 12227 12235 
6 : 91456 91447 91451 205443 244661 205433 
6 : 91465 16852 91474 16856 173037 16865 
6 : 58614 91568 91563 58638 58621 174299 
6 : 12034 71406 91583 12030 12050 71425 
6 : 51161 91573 91572 51165 51163 117787 
6 : 91585 89274 91577 89292 221244 89283 
6 : 91719 91728 91723 97172 97165 168675 
6 : 87268 20141 91835 20140 87274 20153 
6 : 91833 91832 91839 125834 166689 125847 
6 : 68117 91847 91860 68123 68137 172849 
6 : 91844 21411 91848 21416 128890 21422 
6 : 91959 91953 91954 239269 239916 239263 
6 : 91960 78209 67987 78210 67988 67986 
6 : 91969 9171 91965 9192 237394 9190 
6 : 92073 92082 92081 150781 150777 243031 
6 : 92077 92078 92079 160724 160726 216744 
6 : 56331 41091 92098 41086 56346 41112 
6 : 92106 6173 92111 6178 140459 6185 
6 : 92112 19118 92104 19129 124927 19120 
6 : 92206 2538 92216 2540 139368 2564 
6 : 92242 31754 92239 31767 202184 31761 
6 : 92245 92235 8566 140968 8591 8571 
6 : 92330 31645 92342 31646 92789 31665 
6 : 92355 92362 92361 147109 147107 210944 
6 : 92367 92371 52209 248285 52232 52238 
6 : 33772 92458 92452 33785 33775 120615 
6 : 92456 92466 92459 183554 183547 204883 
6 : 92461 92454 92465 153630 222501 153637 
6 : 92463 92469 92453 235813 139632 139640 
6 : 29382 92487 92475 29401 29387 134298 
6 : 48108 92494 92489 48115 48110 98073 
6 : 92493 14429 92496 14438 177477 14443 
6 : 92604 92606 92601 261008 178573 178577 
6 : 92607 92603 21865 251343 21900 21889 
6 : 92622 92612 92611 148153 146119 146096 
6 : 92633 92632 92629 244834 228292 228290 
6 : 92650 56384 92648 56394 170447 56392 
6 : 90966 92677 92675 90977 90976 178725 
6 : 92684 92672 80334 159152 80357 80343 
6 : 92719 92730 92729 101469 101468 255641 
6 : 92726 92728 63437 172859 63447 63461 
6 : 92737 92738 92731 195826 112911 112912 
6 : 92740 92745 92733 229290 163962 163975 
6 : 92758 92752 92766 163572 189936 163579 
6 : 92765 92772 92761 217723 211121 211131 
6 : 92881 92880 92878 133911 113538 113535 
6 : 92887 92879 42364 120505 42398 42370 
6 : 43835 92894 53767 43842 43831 53774 
6 : 92892 92897 61766 162588 61774 61789 
6 : 92928 92923 92922 144765 127935 127919 
6 : 92990 768 92995 774 146741 787 
6 : 14242 93003 92998 14261 14244 126760 
6 : 93008 22920 93001 22952 185695 22932 
6 : 93019 93017 56526 221676 56547 56543 
6 : 21218 93026 93035 21220 21234 113976 
6 : 93051 93052 81216 176782 81227 81228 
6 : 93105 77572 93109 77584 215042 77594 
6 : 93110 93106 93098 258349 114929 114921 
6 : 93148 93162 93165 160919 160924 260173 
6 : 93156 44985 93159 45000 239484 45001 
6 : 93225 93227 93231 112566 112579 167712 
6 : 93241 93246 93247 185189 185190 252937 
6 : 12690 14278 93382 12683 12698 14286 
6 : 93391 93387 93393 127829 199319 127831 
6 : 93541 93545 93540 164166 161910 161926 
6 : 93550 12063 93542 12086 189875 12072 
6 : 93634 93640 74450 155840 74456 74469 
6 : 66280 93660 93648 66302 66287 166024 
6 : 93679 93663 93670 156347 231485 156340 
6 : 63308 93778 93777 63317 63315 162400 
6 : 93774 93784 93781 128132 128129 245975 
6 : 93779 93786 93788 227698 227701 263012 
6 : 58086 42194 93794 42190 58098 42205 
6 : 93922 93915 93920 108991 150109 108988 
6 : 93924 51459 93914 51470 108596 51461 
6 : 93928 93913 93923 102484 200943 102473 
6 : 94012 94015 94013 171901 171894 235209 
6 : 94030 94032 94018 253105 142341 142344 
6 : 94046 2358 94039 2375 135507 2362 
6 : 33103 94062 94064 33119 33121 240419 
6 : 67620 94151 94147 67633 67630 220574 
6 : 94140 94150 37111 116378 37113 37131 
6 : 94163 8754 94170 8761 186964 8772 
6 : 94177 94162 94173 180431 257957 180426 
6 : 94266 94272 94262 169573 130235 130254 
6 : 30972 84344 94275 30971 30975 84346 
6 : 94278 94279 94273 203047 100739 100742 
6 : 94290 46730 94293 46750 243139 46762 
6 : 94383 94387 94389 144552 144559 189053 
6 : 94396 94402 94404 143913 143914 227613 
6 : 94397 94401 4544 145310 4551 4557 
6 : 94413 94414 94421 159821 159831 164571 
6 : 94508 94514 94509 212365 212362 213391 
6 : 94511 94506 94516 126214 233050 126223 
6 : 94518 94512 94517 235630 262974 235628 
6 : 94536 94537 94521 252614 144035 144037 
6 : 86229 94655 94653 86240 86238 261114 
6 : 94662 94661 61432 216906 61451 61450 
6 : 94663 94666 94659 233226 172621 172625 
6 : 94770 94769 94766 223383 198814 198811 
6 : 94776 88487 94341 88515 94377 88486 
6 : 94781 2821 94778 2835 139100 2824 
6 : 94797 94790 94784 200472 95265 95254 
6 : 94813 94810 94818 225426 239539 225432 
6 : 94899 94896 94897 223048 224074 223045 
6 : 94904 94918 94916 116099 116095 241773 
6 : 94910 94909 94914 194223 198879 194230 
6 : 94972 94975 94967 262749 249567 249570 
6 : 85998 13519 3158 13518 3156 3151 
6 : 95010 95012 9702 171158 9711 9718 
6 : 95027 12887 95016 12905 95642 12888 
6 : 95130 95138 95131 111990 111976 136213 
6 : 95276 95274 95273 168823 162805 162799 
6 : 95278 95279 95277 254163 238511 238515 
6 : 95309 95308 45839 242621 45862 45860 
6 : 5378 95333 95319 5404 5389 188286 
6 : 95335 95313 95314 144444 150952 144429 
6 : 95342 95345 95347 138448 138450 149694 
6 : 95396 95393 45574 110431 45582 45576 
6 : 95398 95394 60465 139073 60490 60468 
6 : 95409 95413 95408 197604 180617 180629 
6 : 95411 95410 95412 232119 240675 232120 
6 : 95434 95417 95418 138544 158957 138528 
6 : 95442 95444 95449 175551 175557 227437 
6 : 95530 95519 95526 180259 231692 180255 
6 : 38090 95537 95548 38093 38106 147209 
6 : 95663 95662 95657 231794 161212 161204 
6 : 95674 95666 85687 165315 85705 85692 
6 : 95686 95684 95680 208023 121360 121356 
6 : 95687 95689 95681 232412 143588 143590 
6 : 95781 95785 92800 162080 92809 92821 
6 : 62432 95798 95791 62447 62435 111416 
6 : 95794 95793 95797 118633 137025 118647 
6 : 95808 95813 29576 172187 29586 29591 
6 : 95818 95819 95812 240837 197553 197556 
6 : 95823 95834 91791 118052 91794 91808 
6 : 95918 95905 95916 120984 247604 120979 
6 : 95925 95929 95927 246081 246080 263637 
6 : 95928 95923 95920 234155 181595 181583 
6 : 96057 96066 96069 134563 134565 260267 
6 : 67682 96099 96095 67694 67689 166872 
6 : 96092 96096 96109 105489 105507 169442 
6 : 96169 96168 40157 162755 40163 40162 
6 : 96172 96175 8596 233433 8613 8619 
6 : 96195 59070 34609 59099 34639 34607 
6 : 96204 96199 96209 133923 178368 133935 
6 : 96218 10762 96216 10767 111841 10766 
6 : 96223 96237 96215 181224 106687 106702 
6 : 96290 96295 24198 196209 24211 24223 
6 : 96294 96289 96291 166561 236327 166555 
6 : 44676 80592 96299 44672 44689 80601 
6 : 19686 96312 96318 19697 19701 212830 
6 : 96395 96393 96402 104295 142628 104303 
6 : 96397 96407 67352 177703 67360 67379 
6 : 96405 96396 96399 167900 180444 167890 
6 : 96417 96408 96420 108566 227339 108575 
6 : 96433 96438 48793 230842 48810 48819 
6 : 31301 40464 91792 31298 31300 40463 
6 : 96558 96559 96562 212777 212786 217784 
6 : 96634 96631 96621 230695 171305 171301 
6 : 96643 96646 69558 111978 69560 69564 
6 : 96663 96665 96662 224373 214600 214603 
6 : 96668 96666 96671 235965 243852 235968 
6 : 96680 96673 96678 101487 208252 101483 
6 : 96681 96676 40064 177341 40089 40071 
6 : 96687 96679 96683 222325 253262 222320 
6 : 96787 96791 96788 244443 244441 245306 
6 : 96810 67186 96823 67190 154999 67204 
6 : 96815 96818 96813 230319 199585 199587 
6 : 96925 40986 96918 41004 131117 40991 
6 : 96928 7210 96923 7222 217776 7218 
6 : 49725 96953 23415 49734 23411 23425 
6 : 22018 43940 97029 22014 22040 43960 
6 : 67573 63181 97023 63178 67576 63184 
6 : 97024 82712 49461 82718 49469 49458 
6 : 97044 97036 97033 225820 206642 206627 
6 : 97178 97179 97168 262685 218671 218675 
6 : 97192 97181 97180 119762 111119 111102 
6 : 97193 97190 97185 253215 183247 183243 
6 : 97199 79380 97198 79386 116250 79383 
6 : 61797 97278 97279 61802 61804 137280 
6 : 97280 97281 97284 181633 181641 206336 
6 : 97389 97392 97390 99795 99790 120514 
6 : 97391 55646 63538 55661 63550 55642 
6 : 97398 97393 97397 215862 262545 215860 
6 : 97402 97404 97411 192325 192333 209299 
6 : 97405 97400 97403 165593 199162 165592 
6 : 97433 97447 97448 100079 100080 209598 
6 : 97525 97517 97519 172792 192615 172781 
6 : 97540 97532 97536 172706 206190 172693 
6 : 97555 97545 97546 151117 170100 151109 
6 : 97563 97549 97557 203123 251506 203117 
6 : 90716 97595 97601 90722 90732 164735 
6 : 13108 97649 46561 13123 13106 46580 
6 : 97659 97658 46594 194141 46609 46608 
6 : 97679 79613 97686 79628 242448 79636 
6 : 97694 97710 97707 159441 159439 252674 
6 : 97718 45253 97724 45258 161004 45267 
6 : 53457 11556 97765 11553 53463 11567 
6 : 97774 97785 97778 199263 199254 242047 
6 : 9958 97817 97818 9972 9973 244896 
6 : 97886 97897 97898 136687 136688 261270 
6 : 97888 2320 97894 2331 173690 2349 
6 : 97896 21721 97892 21749 239865 21739 
6 : 77918 97941 97943 77932 77935 213934 
6 : 98010 98019 98020 105094 105096 225887 
6 : 98024 98011 98023 125961 262496 125958 
6 : 98053 67324 98067 67332 153085 67349 
6 : 98060 98066 98062 237145 237138 246079 
6 : 80407 98087 98095 80408 80421 134578 
6 : 98161 98150 57818 114126 57831 57821 
6 : 98167 98148 98166 98589 237246 98587 
6 : 98184 98179 98178 238136 232075 232067 
6 : 98185 98180 98171 245626 123428 123418 
6 : 98194 98186 98206 99998 192050 100013 
6 : 98278 98274 88651 103445 88665 88653 
6 : 89928 64533 98328 64532 89935 64538 
6 : 98335 86052 98337 86073 257676 86077 
6 : 22233 98413 36986 22239 22228 36998 
6 : 98412 98410 98409 155352 131496 131489 
6 : 98529 98534 98531 204859 204857 238851 
6 : 98544 98558 98539 203163 131226 131248 
6 : 98659 98658 81218 215785 81236 81233 
6 : 98663 98661 98662 248152 250592 248149 
6 : 98666 98655 98664 164641 259891 164638 
6 : 98680 71655 98673 71675 202716 71666 
6 : 98681 92394 98672 92419 195850 92406 
6 : 98798 98809 98802 128365 128357 204115 
6 : 98913 98917 3460 251205 3486 3492 
6 : 98918 63666 98905 63690 129694 63671 
6 : 11857 77841 24789 11853 11851 24785 
6 : 99036 99037 99039 206317 206323 219608 
6 : 99040 99042 99033 249941 176039 176049 
6 : 99054 51303 99048 51318 162411 51308 
6 : 99076 99056 99060 101868 182646 101848 
6 : 99177 99183 99182 149598 149593 236689 
6 : 99203 99197 99208 212575 253148 212581 
6 : 99210 99201 99198 238142 217662 217653 
6 : 99305 99297 99299 216720 248196 216712 
6 : 99318 77090 99307 77125 116893 77093 
6 : 5357 99321 22019 5363 5353 22024 
6 : 99326 99322 99328 193736 258543 193739 
6 : 99327 99325 99319 211565 114506 114496 
6 : 99419 99412 99417 134619 232634 134611 
6 : 99440 99446 61654 226974 61663 61666 
6 : 99450 99465 99459 151192 151188 201103 
6 : 99455 60734 99467 60746 178319 60763 
6 : 62031 99533 99530 62038 62033 163489 
6 : 99532 99534 99531 168481 166565 166575 
6 : 99543 99556 76787 123169 76790 76805 
6 : 99553 99559 3316 241508 3333 3347 
6 : 99658 99659 72123 220929 72138 72139 
6 : 99664 99667 99672 125660 125665 247881 
6 : 99787 43909 95978 43934 96010 43908 
6 : 99788 99799 99794 102940 102930 206342 
6 : 99792 99791 9080 144246 9087 9084 
6 : 99838 99842 95338 262918 95359 95362 
6 : 99901 96264 15310 96282 15334 15308 
6 : 99903 99897 99893 203633 115676 115652 
6 : 99913 99921 99915 241918 241913 247686 
6 : 99916 99920 99922 253222 253227 259909 
6 : 99949 99953 99959 190309 190315 235729 
6 : 99952 99954 99962 212703 212710 245035 
6 : 99963 99945 99960 157908 261043 157906 
6 : 32446 100020 100028 32448 32456 123373 
6 : 92176 100030 100025 92194 92182 192600 
6 : 100033 100041 100035 122528 122526 176977 
6 : 100036 100040 100042 190935 190940 207166 
6 : 100037 100039 100044 192780 192788 198720 
6 : 100107 100100 100108 185405 242305 185407 
6 : 100162 100178 100169 119305 119291 200013 
6 : 100182 20494 100194 20496 110381 20521 
6 : 100210 100209 100203 221485 156437 156436 
6 : 100218 42000 100212 42024 245088 42013 
6 : 9149 100297 48184 9160 9144 48200 
6 : 100314 100309 100316 176014 249946 176020 
6 : 100403 100408 100412 110291 110298 181495 
6 : 100455 100464 47084 109473 47086 47097 
6 : 100531 91740 100533 91756 253336 91759 
6 : 100538 100551 100543 184634 184617 210364 
6 : 100542 100539 100549 184814 193143 184827 
6 : 4235 100573 100553 4256 4236 142825 
6 : 100560 100562 91533 230158 91541 91543 
6 : 100568 100561 100559 231336 223739 223729 
6 : 100669 87604 100673 87621 237839 87624 
6 : 38252 100678 100680 38253 38256 119707 
6 : 100696 100697 100692 215701 133441 133442 
6 : 100784 100792 100793 102183 102185 259080 
6 : 100785 100790 100789 188864 188860 245651 
6 : 100801 100802 100808 230268 230276 234010 
6 : 100851 100843 100833 245423 120686 120677 
6 : 30891 100914 100919 30902 30911 229934 
6 : 100950 73611 100951 73630 242261 73631 
6 : 101065 101069 101066 254227 254223 254700 
6 : 101070 101067 60431 258796 60463 60457 
6 : 101082 76153 101087 76169 223694 76175 
6 : 101088 101085 101080 234278 219476 219473 
6 : 101184 101192 93302 124217 93305 93322 
6 : 25077 101243 46595 25078 25074 46597 
6 : 101310 85080 101314 85085 160321 85091 
6 : 101317 10797 29940 10820 29966 10792 
6 : 75007 101328 61975 75014 61973 61988 
6 : 101331 101322 101329 147268 202659 147266 
6 : 101417 33578 88518 33596 88537 33577 
6 : 101426 101425 101433 231408 242357 231416 
6 : 101428 101429 101424 246121 201969 201971 
6 : 101444 101442 28722 223640 28736 28732 
6 : 101448 101441 59474 198177 59494 59482 
6 : 101450 101452 101434 262321 119672 119673 
6 : 101476 101480 101485 172282 172290 184538 
6 : 101541 101542 41092 152985 41097 41101 
6 : 101551 30921 75106 30939 75129 30919 
6 : 24432 101662 101654 24458 24440 168950 
6 : 101689 41573 101678 41601 181665 41583 
6 : 71044 101698 101699 71051 71052 201738 
6 : 101772 101769 101762 258264 149314 149312 
6 : 101784 86824 101775 86847 113214 86826 
6 : 101786 101777 83624 146195 83655 83630 
6 : 101796 29147 101793 29162 182303 29158 
6 : 19239 101905 101908 19240 19243 109552 
6 : 101914 101910 101909 201507 199895 199887 
6 : 51420 101929 101927 51435 51434 256495 
6 : 101935 697 101943 701 131845 714 
6 : 102040 60051 102043 60054 119307 60059 
6 : 102053 92013 89707 92036 89742 89705 
6 : 102064 16697 102058 16715 178794 16705 
6 : 102065 102067 6677 240539 6693 6699 
6 : 102068 102069 102055 261527 121716 121718 
6 : 102077 102072 102081 145875 197765 145879 
6 : 102102 102086 84799 103076 84825 84800 
6 : 102180 102172 50644 147343 50667 50654 
6 : 102181 102170 102179 137382 214178 137377 
6 : 102195 102201 102203 179098 179100 246214 
6 : 102206 102200 6208 237066 6233 6226 
6 : 102293 47573 102291 47579 151580 47577 
6 : 102305 102301 102303 245647 258853 245645 
6 : 102307 102299 102292 221573 152916 152904 
6 : 102310 102312 102314 135952 135953 147745 
6 : 95455 102373 85436 95470 85435 85456 
6 : 102442 102449 102439 191023 164555 164568 
6 : 102454 102457 102462 193929 193934 220291 
6 : 102514 74451 102526 74453 122296 74475 
6 : 102527 102517 102523 155850 247319 155839 
6 : 25524 102532 64568 25531 25517 64579 
6 : 102530 102536 102535 175450 175447 259830 
6 : 102539 102549 102552 137291 137294 255670 
6 : 102545 47729 102548 47748 227162 47754 
6 : 66737 102630 102638 66743 66754 161401 
6 : 102647 102644 102648 187957 242947 187958 
6 : 102657 102663 102662 196332 196331 254140 
6 : 102690 102695 102671 249689 151259 151263 
6 : 100219 69161 102702 69160 100227 69170 
6 : 102748 102751 102752 205491 205492 216413 
6 : 102801 102799 102808 179169 195582 179175 
6 : 102896 102892 70895 235120 70926 70917 
6 : 102937 102932 102933 213941 215858 213933 
6 : 102997 17899 102998 17908 164240 17910 
6 : 103001 102994 102995 119208 147782 119198 
6 : 34115 103015 103025 34128 34139 228660 
6 : 103093 103091 103103 210124 224445 210140 
6 : 103150 103152 103149 206959 206855 206859 
6 : 29093 103170 103175 29105 29108 253362 
6 : 103158 103159 55949 114450 55950 55954 
6 : 103169 103174 103165 250429 205315 205321 
6 : 103263 103259 103258 198086 125101 125082 
6 : 103277 66879 103273 66903 238435 66898 
6 : 103298 92502 103288 92523 152201 92510 
6 : 103319 103307 103306 174188 166265 166247 
6 : 13044 12245 103378 12236 13046 12247 
6 : 22245 103384 103393 22253 22264 165786 
6 : 103404 103409 103397 218968 122719 122727 
6 : 103511 54717 103507 54741 244260 54736 
6 : 14098 103538 103548 14107 14122 211789 
6 : 103558 26722 103560 26726 181091 26730 
6 : 103572 103562 103566 213535 222962 213528 
6 : 12292 103639 103645 12307 12310 233066 
6 : 103689 6396 103687 6417 237869 6414 
6 : 103727 103742 103738 192993 192988 254318 
6 : 18491 103789 103786 18498 18494 141959 
6 : 103782 103790 103797 121170 121180 204734 
6 : 103796 103787 103783 147885 133245 133224 
6 : 50192 29148 103809 29143 50204 29167 
6 : 103887 103893 103891 138323 138316 200080 
6 : 103905 103906 103910 226295 226298 228852 
6 : 103914 103915 103907 258514 231612 231613 
6 : 103923 103935 103932 204163 204159 252554 
6 : 65506 104014 104012 65510 65508 112235 
6 : 104028 104021 104039 112093 201425 112109 
6 : 104050 104045 104053 207832 252497 207839 
6 : 104155 104157 83364 232239 83379 83386 
6 : 104182 104190 49198 110511 49200 49213 
6 : 104185 104187 104203 189743 189759 213459 
6 : 104197 59071 104201 59089 256447 59096 
6 : 79459 104273 45255 79464 45250 45262 
6 : 104275 85764 104268 85776 106172 85765 
6 : 104277 104270 90850 173933 90867 90855 
6 : 104387 82246 104389 82248 181093 82255 
6 : 104397 40041 6545 40044 6556 6537 
6 : 104515 104513 104518 153943 205494 153948 
6 : 104521 104516 104524 209195 255040 209200 
6 : 70083 104531 104526 70090 70084 104996 
6 : 104533 104529 104542 126377 191690 126386 
6 : 104603 104609 104594 234719 150235 150243 
6 : 40930 104660 104655 40945 40941 209503 
6 : 104651 104656 39477 148761 39484 39491 
6 : 104680 104674 55525 210924 55555 55541 
6 : 104738 104747 104758 126153 126163 234569 
6 : 5973 104799 104792 5991 5978 173969 
6 : 104790 104795 104801 156526 156536 219593 
6 : 104800 104797 104796 256590 254417 254410 
6 : 104811 17038 100575 17056 100599 17037 
6 : 104814 56185 104810 56203 248195 56199 
6 : 104840 104839 104854 156158 159725 156175 
6 : 104868 104871 104873 224316 224318 244494 
6 : 16975 104917 104909 16998 16982 203660 
6 : 104970 104984 104983 170915 170914 248229 
6 : 105029 100089 105022 100112 208531 100103 
6 : 105030 105037 105031 143401 143388 154619 
6 : 105143 105147 61295 130701 61300 61307 
6 : 105162 105159 105155 193536 153917 153913 
6 : 105172 105179 105188 110090 110094 229933 
6 : 105193 25980 105195 25983 177978 25985 
6 : 105267 105269 105261 221795 133124 133133 
6 : 105270 105282 105281 155646 155645 244301 
6 : 105277 105271 105288 170051 222068 170059 
6 : 105287 105280 105286 241518 263119 241517 
6 : 77158 105302 105298 77177 77173 247548 
6 : 105396 105400 105397 123554 123553 130046 
6 : 105439 105437 58669 143891 58682 58675 
6 : 105441 105438 105453 173768 231837 173786 
6 : 105483 103226 53038 103229 53040 53037 
6 : 103673 105509 105514 103675 103686 139938 
6 : 77880 99103 29907 77879 29903 29905 
6 : 44838 105525 14989 44841 14983 14993 
6 : 62481 2393 105551 2390 62490 2408 
6 : 105547 105545 105555 171828 201469 171838 
6 : 105553 15782 105548 15796 203462 15792 
6 : 105575 105581 85081 246569 85101 85105 
6 : 105744 105738 105742 115784 198973 115782 
6 : 105800 79481 80723 79501 80745 79477 
6 : 105885 105881 105888 135630 217703 135637 
6 : 77762 106002 105992 77775 77763 117589 
6 : 105991 105998 106001 108820 108824 231915 
6 : 37503 106012 17039 37517 17029 17052 
6 : 106038 85864 106037 85886 264139 85885 
6 : 106091 106103 106097 139581 139576 206250 
6 : 106128 106125 106127 251832 260868 251830 
6 : 41955 106130 106137 41959 41962 135582 
6 : 106159 106158 106145 263348 131908 131902 
6 : 106225 106229 106226 222652 222648 228941 
6 : 106238 106239 86677 246295 86692 86693 
6 : 106242 70322 72901 70342 72922 70320 
6 : 106264 70604 106249 70627 147353 70607 
6 : 106303 106293 106309 141645 230003 141650 
6 : 66704 25112 106348 25108 66706 25114 
6 : 106351 106347 68744 116961 68752 68745 
6 : 106387 106377 28109 195229 28131 28117 
6 : 14771 106462 24791 14780 14764 24808 
6 : 106461 84020 61296 84032 61314 61292 
6 : 106472 106474 106469 209859 184678 184680 
6 : 106587 106582 106591 184424 217961 184440 
6 : 34469 106593 106606 34475 34495 169226 
6 : 106596 106594 106602 176652 189001 176661 
6 : 106608 106595 106601 188079 238969 188070 
6 : 68615 106624 83245 68629 68612 83267 
6 : 106623 106625 106610 232897 110923 110926 
6 : 72072 106633 106637 72079 72082 194210 
6 : 106641 106642 106629 251076 177345 177346 
6 : 106717 106716 106718 263772 264221 263773 
6 : 71152 106742 106749 71160 71170 186350 
6 : 106737 106746 106750 142884 142890 239439 
6 : 106738 81314 106740 81320 151184 81322 
6 : 106826 34689 71286 34694 71299 34688 
6 : 106848 106850 106837 257989 183592 183595 
6 : 41410 97909 58109 41409 41407 58108 
6 : 49252 106859 106855 49262 49257 196260 
6 : 106862 106853 106861 175049 249890 175048 
6 : 101931 106866 106885 101933 101946 112491 
6 : 106967 106972 71438 176827 71445 71457 
6 : 106970 13045 106976 13061 234767 13070 
6 : 106998 61674 107001 61675 119117 61678 
6 : 107004 107002 107009 150591 176769 150598 
6 : 26297 107078 67854 26306 26293 67862 
6 : 55435 107077 107083 55440 55442 180068 
6 : 107074 107084 107087 135258 135264 239287 
6 : 107096 107101 107097 248702 248697 252215 
6 : 107098 107095 107090 231292 192707 192696 
6 : 107195 107204 46596 143421 46604 46626 
6 : 107220 107215 94228 248331 94255 94250 
6 : 107269 10765 107273 10769 153781 10779 
6 : 107326 107331 107340 122455 122470 196082 
6 : 107332 107339 107337 215423 215422 249111 
6 : 107341 107352 107351 122124 122120 245552 
6 : 107349 107342 107346 132756 191959 132755 
6 : 10737 107369 107366 10753 10749 243638 
6 : 107357 107361 107363 152141 152144 181893 
6 : 98423 101955 107376 98422 98426 101958 
6 : 107378 80859 107391 80864 160315 80884 
6 : 107386 107379 107385 179908 230576 179907 
6 : 107457 107449 107461 168588 259751 168595 
6 : 107460 107446 107455 126773 251543 126765 
6 : 97935 103557 107467 97934 97942 103564 
6 : 107463 11592 107462 11595 120507 11593 
6 : 107498 107501 101498 117930 101500 101511 
6 : 107532 107527 98107 193556 98119 98113 
6 : 107578 107582 107584 147865 147869 223082 
6 : 107590 107588 107599 108347 137153 108362 
6 : 107597 107593 89708 188333 89733 89722 
6 : 107618 107608 107603 215376 119804 119799 
6 : 107704 107706 107711 129319 129323 184874 
6 : 107707 107705 107710 139743 186674 139750 
6 : 8855 107750 63964 8875 8852 63990 
6 : 71974 84137 107749 71971 71997 84162 
6 : 107928 72449 107930 72457 225439 72461 
6 : 107929 31367 107933 31378 233760 31389 
6 : 58592 107942 53170 58608 53162 53192 
6 : 81148 107940 107945 81163 81166 254791 
6 : 107939 107935 107946 189607 253770 189611 
6 : 107943 107937 73409 249821 73431 73427 
6 : 64909 30834 107953 30832 64920 30847 
6 : 72841 108046 80675 72852 72839 80694 
6 : 108044 53741 13520 53756 13538 13517 
6 : 23140 108058 108060 23153 23154 252240 
6 : 108052 101977 108053 101985 179500 101988 
6 : 108062 108049 108055 162555 204921 162547 
6 : 108072 108073 108068 226500 184890 184892 
6 : 108166 108167 108162 226978 200419 200422 
6 : 108171 108168 69303 247028 69333 69326 
6 : 108245 108247 1082 263913 1109 1111 
6 : 108290 108291 108288 255601 252161 252162 
6 : 108298 108293 64707 113861 64716 64708 
6 : 108299 108304 108297 180400 152398 152406 
6 : 108309 108301 108300 227536 220567 220555 
6 : 92905 108325 108315 92920 92911 196925 
6 : 108334 4064 94096 4071 94110 4063 
6 : 108397 108394 108402 185964 246899 185970 
6 : 51422 108410 108409 51432 51431 208733 
6 : 108412 66834 102817 66845 102830 66832 
6 : 108432 108423 108427 121540 215871 121538 
6 : 108531 108535 108529 241025 230749 230759 
6 : 108533 108530 108525 232498 163697 163695 
6 : 108645 72753 108642 72759 140793 72756 
6 : 108654 108655 108652 262910 260788 260793 
6 : 108665 108660 108666 173146 249789 173147 
6 : 55336 108796 108792 55351 55349 228401 
6 : 47436 108808 108807 47451 47449 223246 
6 : 66577 108800 108811 66581 66591 162270 
6 : 108836 108840 108845 131432 131435 207189 
6 : 27458 108895 108882 27472 27464 124107 
6 : 108929 108930 108933 215981 215983 217296 
6 : 87579 108949 108954 87597 87602 256061 
6 : 109048 109045 109047 234490 257946 234489 
6 : 84832 109059 109053 84847 84839 217392 
6 : 85155 109096 109089 85169 85163 189365 
6 : 109166 40961 109168 40970 216664 40972 
6 : 109199 51220 109205 51238 241670 51247 
6 : 109218 109219 109225 235563 235574 236894 
6 : 109300 109295 109303 129044 206940 129048 
6 : 109309 109299 109306 194753 260391 194749 
6 : 109403 109406 103197 115535 103198 103209 
6 : 109404 109405 109408 149753 149760 153397 
6 : 109421 109419 109412 206165 118772 118769 
6 : 109429 106650 109416 106676 181067 106656 
6 : 109436 109435 109434 166042 158699 158698 
6 : 109454 109450 45157 156773 45170 45164 
6 : 109456 109460 109445 198154 116145 116151 
6 : 19811 109523 109532 19820 19831 186454 
6 : 101096 109521 84405 101097 84403 84407 
6 : 109529 109526 109525 205721 197081 197071 
6 : 30618 109548 109556 30621 30630 142953 
6 : 44497 109551 109557 44502 44515 175025 
6 : 69665 109582 109584 69682 69685 224659 
6 : 109585 109579 15347 197325 15370 15358 
6 : 61929 109664 109658 61934 61930 114735 
6 : 109661 109660 109662 160655 166130 160656 
6 : 109691 109681 109693 173664 256111 173670 
6 : 109732 75245 93303 75271 93329 75244 
6 : 109736 109737 109726 264169 250914 250915 
6 : 70085 109776 109771 70104 70091 164282 
6 : 59017 102386 23880 59016 23874 23878 
6 : 109941 109944 50050 258324 50063 50071 
6 : 59018 109965 109973 59023 59029 181581 
6 : 48481 37420 110020 37415 48492 37427 
6 : 108327 110023 110021 108338 108333 207286 
6 : 110030 110042 110028 166962 153910 153924 
6 : 110049 110056 18850 211636 18865 18879 
6 : 110083 110086 110089 197920 197921 208616 
6 : 14430 110126 110128 14442 14444 218457 
6 : 110137 110136 110142 123362 150982 123370 
6 : 69766 110150 110166 69773 69782 194363 
6 : 110157 110151 110165 200710 230783 200719 
6 : 110244 110240 77843 215092 77864 77854 
6 : 110249 92962 110258 92967 160935 92978 
6 : 110250 105685 110252 105697 167893 105701 
6 : 110323 110325 53172 262392 53196 53201 
6 : 110326 110308 110314 134916 230532 134903 
6 : 87724 110364 110370 87733 87747 189702 
6 : 25651 110385 110380 25667 25662 235932 
6 : 110383 110378 110375 204402 151861 151853 
6 : 59397 110391 110399 59399 59409 130909 
6 : 110389 110390 105686 126904 105688 105689 
6 : 110397 527 110398 545 259375 549 
6 : 110444 50588 110440 50615 263969 50614 
6 : 110476 110484 101978 162559 101982 102005 
6 : 110482 4912 66386 4929 66403 4906 
6 : 110483 97 110475 110 125637 98 
6 : 110494 110488 18851 154583 18869 18857 
6 : 110520 59072 110518 59094 259105 59092 
6 : 110523 105914 110526 105919 140343 105925 
6 : 110609 110618 110606 123466 113075 113097 
6 : 110620 110614 91118 242551 91145 91139 
6 : 110621 110623 110643 112811 112832 117594 
6 : 81832 110654 1409 81849 1405 1422 
6 : 4578 42779 110740 4569 4588 42795 
6 : 110753 69902 110747 69917 175663 69910 
6 : 78332 110771 110773 78343 78347 206333 
6 : 93681 110850 110854 93703 93705 259368 
6 : 27125 110856 110859 27132 27134 199679 
6 : 110974 85411 110971 85427 161207 85417 
6 : 110976 110973 110968 231799 121373 121361 
6 : 111070 27935 111066 27948 154615 27941 
6 : 36933 111078 108248 36947 36932 108265 
6 : 111075 111079 5725 157182 5727 5742 
6 : 111127 61948 111124 61954 133012 61951 
6 : 111181 111182 111175 259264 117187 117190 
6 : 111183 111185 111188 112087 112100 130270 
6 : 111186 95873 48920 95881 48928 48918 
6 : 21809 111318 111330 21817 21831 198898 
6 : 111323 111316 111314 172490 151781 151770 
6 : 111338 111336 111351 171299 204789 171316 
6 : 111345 79915 8919 79940 8944 8916 
6 : 111437 111441 111429 239369 121586 121595 
6 : 100221 97978 111472 97976 100244 98002 
6 : 111466 111469 111464 176658 156966 156973 
6 : 111543 111542 30102 143425 30110 30106 
6 : 108203 72471 17493 72469 17492 17489 
6 : 111573 111572 111571 163107 153724 153721 
6 : 111591 38457 111590 38467 189024 38466 
6 : 111661 88233 111662 88240 181343 88241 
6 : 111666 111668 111667 239358 239355 255526 
6 : 111677 111680 111671 213700 114827 114835 
6 : 7599 111786 111787 7617 7619 256890 
6 : 51727 111779 18684 51733 18679 18693 
6 : 111805 111818 111820 123464 123468 260344 
6 : 111807 111812 111810 145324 145323 152087 
6 : 111834 111836 111827 239655 181945 181952 
6 : 85017 46631 111908 46629 85028 46656 
6 : 111900 111904 104080 121997 104081 104098 
6 : 111945 111950 111937 227762 136850 136857 
6 : 111948 111942 111951 181552 254903 181560 
6 : 35660 69638 111972 35657 35678 69655 
6 : 111966 111962 111961 183921 181233 181227 
6 : 112034 112035 112033 159550 151746 151749 
6 : 103082 112060 112055 103105 103096 240388 
6 : 112045 112052 112054 158827 158830 226144 
6 : 7055 27493 112188 7048 7067 27510 
6 : 112177 112183 112187 182234 182235 246693 
6 : 112292 112290 112294 201363 223512 201368 
6 : 112310 112315 112300 249912 171219 171229 
6 : 112322 112329 111144 188416 111154 111163 
6 : 77794 92298 112412 77791 77808 92315 
6 : 112413 92532 91398 92566 91425 91395 
6 : 110499 112420 112417 110513 110510 217865 
6 : 112440 112433 30529 161828 30548 30534 
6 : 112453 112467 112458 154029 154016 222087 
6 : 112462 112464 111751 231211 111766 111771 
6 : 112465 112451 112452 131336 146653 131321 
6 : 103433 112525 20325 103450 20324 20346 
6 : 112524 102818 3636 102839 3664 3635 
6 : 112541 112545 62878 243825 62892 62899 
6 : 112560 6820 112551 6838 156295 6826 
6 : 86091 112642 112649 86094 86101 194179 
6 : 112639 112643 87218 116354 87219 87224 
6 : 112640 112648 112646 125485 125481 236890 
6 : 75246 112660 112654 75260 75255 179636 
6 : 112677 112673 75843 167170 75859 75846 
6 : 112685 112693 112687 176818 176804 180513 
6 : 100552 57194 112750 57193 100564 57204 
6 : 112870 27937 112865 27957 139318 27938 
6 : 88186 112882 112875 88206 88195 224143 
6 : 112873 112879 112871 150587 134390 134410 
6 : 112983 42284 24876 42288 24878 24871 
6 : 110622 112996 112998 110634 110636 216544 
6 : 113001 112999 113002 244153 261720 244155 
6 : 113039 113030 113045 139963 240151 139966 
6 : 113106 112697 113104 112709 179455 112703 
6 : 33606 113113 113120 33611 33618 189089 
6 : 113116 113121 43562 244677 43573 43586 
6 : 81811 38193 113224 38188 81818 38206 
6 : 113225 69474 113223 69485 221313 69482 
6 : 24072 113244 113241 24086 24083 252907 
6 : 113237 113245 24903 228203 24915 24931 
6 : 11698 113249 68140 11702 11695 68145 
6 : 113354 113351 113357 217994 221937 218008 
6 : 113358 113359 20976 263150 21000 21001 
6 : 113367 113372 113364 191931 156381 156396 
6 : 113371 113361 81724 137654 81747 81726 
6 : 113482 91669 113490 91671 137842 91690 
6 : 113500 113499 113507 175367 193233 175378 
6 : 113508 113501 113505 209883 236129 209880 
6 : 113587 113586 113583 194574 151983 151982 
6 : 113607 113609 113606 239428 216052 216061 
6 : 61181 113611 113621 61183 61194 132167 
6 : 72073 113617 113615 72092 72089 253257 
6 : 105631 113747 113742 105644 105636 179371 
6 : 113829 113825 113826 168943 174136 168932 
6 : 113838 56766 113834 56782 183483 56772 
6 : 18600 113850 113843 18614 18601 164549 
6 : 6333 113962 113958 6345 6342 212746 
6 : 113950 113956 113965 118004 118017 198181 
6 : 113975 113989 113969 201838 151013 151027 
6 : 114047 114045 37848 118164 37853 37849 
6 : 93129 114086 114081 93141 93136 175782 
6 : 114076 114089 114088 139455 139454 254106 
6 : 114136 105558 114138 105578 249137 105579 
6 : 114176 114179 114178 205076 205072 215166 
6 : 114203 114200 114204 144756 195873 144760 
6 : 114210 114198 114213 126627 238891 126634 
6 : 114294 114293 114304 162188 162558 162205 
6 : 74107 114313 74784 74116 74104 74802 
6 : 114308 51931 114324 51934 153696 51956 
6 : 114327 114337 114332 140658 140654 233677 
6 : 114358 68990 114350 69015 218194 68999 
6 : 114432 114444 114439 165544 165541 241721 
6 : 114440 114446 114442 241742 241737 252629 
6 : 112755 114453 101357 112767 101356 101368 
6 : 114455 114459 114454 217373 205308 205322 
6 : 82304 114657 114659 82313 82315 204176 
6 : 114683 114677 114670 231626 159138 159127 
6 : 114685 114688 114692 145420 145425 178650 
6 : 70716 114753 114755 70723 70728 213177 
6 : 73162 92247 114758 73160 73185 92263 
6 : 114754 74261 114756 74273 222690 74278 
6 : 65763 114768 114763 65776 65771 166780 
6 : 114767 108204 93552 108213 93565 93551 
6 : 114812 114816 114797 263275 166370 166375 
6 : 114941 114946 114942 231808 231805 248329 
6 : 23352 13460 115020 13450 23356 13465 
6 : 115022 61949 115031 61953 200366 61964 
6 : 115050 115037 21121 126301 21146 21123 
6 : 115115 115124 115117 201894 201886 231701 
6 : 115120 115125 115111 242669 133755 133764 
6 : 115121 115118 115114 234478 201293 201289 
6 : 115131 115132 115135 192802 192805 196173 
6 : 115140 115134 72385 215672 72411 72398 
6 : 105140 98941 115145 98940 105142 98942 
6 : 115148 115144 23844 125261 23854 23845 
6 : 115244 15094 115242 15109 212593 15105 
6 : 68426 115363 115358 68434 68432 165380 
6 : 115376 115385 115378 165759 165750 178897 
6 : 22828 58253 115469 22824 22842 58278 
6 : 115463 115464 115468 120743 120757 135130 
6 : 115476 52781 59210 52790 59217 52776 
6 : 66096 115592 42952 66111 42948 42971 
6 : 115591 115594 115586 223213 176599 176617 
6 : 115685 76257 89009 76266 89023 76250 
6 : 115687 115688 115678 255834 137443 137453 
6 : 115706 115702 115704 242813 248867 242806 
6 : 115710 115713 115722 189971 189977 215700 
6 : 30469 115800 115801 30473 30476 155618 
6 : 115805 115804 115803 246394 240976 240975 
6 : 115813 115820 115811 159109 141183 141196 
6 : 38709 115832 115830 38720 38716 175631 
6 : 115837 97616 115833 97635 226998 97632 
6 : 115843 40465 115831 40479 200874 40474 
6 : 115935 115943 115942 174847 174846 263644 
6 : 35591 115985 115981 35600 35595 181493 
6 : 115989 115986 86275 230640 86297 86289 
6 : 68686 116070 116063 68703 68691 166016 
6 : 116067 79795 116066 79810 188638 79805 
6 : 116081 116079 77479 203924 77496 77491 
6 : 56431 110669 116100 56430 56450 110689 
6 : 116191 116192 35936 173442 35943 35950 
6 : 116201 116198 116202 122159 164604 122160 
6 : 116210 116214 116219 154593 154598 200601 
6 : 116224 116225 116221 260476 255012 255013 
6 : 60900 116326 10524 60908 10518 10547 
6 : 116318 107170 79820 107176 79823 79819 
6 : 116322 116320 116329 183656 226232 183663 
6 : 1048 116334 116342 1057 1068 208581 
6 : 116352 116356 38458 202733 38468 38471 
6 : 95436 3412 116416 3409 95439 3416 
6 : 116435 116438 116436 259066 259064 261477 
6 : 116447 116442 116448 199961 229845 199963 
6 : 116450 116449 111474 248705 111493 111491 
6 : 116452 116451 116454 253261 263281 253263 
6 : 87808 116540 54474 87822 54470 54494 
6 : 116533 116538 116531 167793 139270 139285 
6 : 116548 116553 116556 202128 202131 254515 
6 : 116549 116547 34174 194980 34186 34184 
6 : 88311 116704 116685 88329 88312 123090 
6 : 105751 116834 116838 105754 105764 206314 
6 : 110760 116895 47733 110762 47731 47735 
6 : 116896 116899 116903 135095 135100 173462 
6 : 116919 116924 116917 237984 211638 211648 
6 : 116920 116909 116915 129401 183923 129399 
6 : 110522 116932 116936 110529 110543 219282 
6 : 116925 116927 116931 122257 122261 153007 
6 : 117007 117011 89845 136958 89850 89875 
6 : 117025 59040 117021 59057 217721 59049 
6 : 117041 117031 44866 159943 44893 44873 
6 : 57010 117120 117122 57012 57018 131326 
6 : 8265 117139 71868 8274 8261 71880 
6 : 117138 117135 18346 204395 18358 18354 
6 : 117259 117258 74317 134505 74322 74321 
6 : 117394 17464 95369 17478 95385 17463 
6 : 99821 82344 117398 82343 99824 82348 
6 : 117409 117400 117412 174194 239293 174195 
6 : 117433 117436 29286 260446 29310 29311 
6 : 53990 102468 116164 53988 53989 102467 
6 : 117539 117551 117543 208517 208509 240668 
6 : 117540 117538 117552 207664 222563 207682 
6 : 117542 117534 117545 139382 237807 139387 
6 : 117549 117550 117544 251356 241640 241645 
6 : 117624 117627 117631 150069 150071 212452 
6 : 117629 117623 117633 120876 215231 120885 
6 : 117647 117646 117639 254860 216962 216958 
6 : 117648 117643 117641 249717 238358 238351 
6 : 94037 117653 117661 94041 94051 172689 
6 : 117657 117651 13521 156188 13539 13524 
6 : 117738 117748 92533 167564 92540 92565 
6 : 117742 117740 60980 227679 60999 60995 
6 : 117757 117752 117759 175901 233454 175902 
6 : 117766 117754 117755 187435 208453 187422 
6 : 117869 117870 117871 172375 172379 203842 
6 : 117876 117882 37882 228927 37897 37903 
6 : 117877 117875 117884 185928 234433 185938 
6 : 117881 42614 117878 42631 244649 42628 
6 : 72229 35825 117997 35820 72252 35849 
6 : 98729 79113 117996 79111 98744 79131 
6 : 89628 118104 118101 89644 89640 246306 
6 : 100146 118108 60376 100148 60375 60378 
6 : 118113 16977 118110 16986 157783 16980 
6 : 92352 118153 118142 92366 92357 162198 
6 : 118226 118229 33975 259345 33994 33995 
6 : 62607 118242 17495 62628 17488 17517 
6 : 118258 118254 118253 220437 214314 214307 
6 : 118329 118327 118328 193901 194672 193899 
6 : 118330 118324 118323 177985 177714 177706 
6 : 118337 118340 118345 171052 171058 248542 
6 : 43801 118380 118382 43818 43820 223533 
6 : 118449 118448 118452 189091 193675 189100 
6 : 118454 118450 62903 240426 62930 62917 
6 : 118477 118478 118492 137698 137712 143759 
6 : 99926 118502 118500 99932 99930 165487 
6 : 118524 118511 118522 147440 220620 147439 
6 : 118573 118576 118567 242235 156978 156981 
6 : 118583 118589 92270 208996 92283 92288 
6 : 118587 84687 118579 84700 159651 84692 
6 : 118704 118698 6547 170410 6560 6551 
6 : 118726 118729 73055 236170 73073 73084 
6 : 118820 118824 7390 223515 7399 7406 
6 : 118823 118816 118819 157926 201374 157914 
6 : 87166 118828 118833 87180 87191 220706 
6 : 118873 118861 96852 123483 96873 96853 
6 : 69475 88895 118887 69471 69483 88903 
6 : 118923 110078 118936 110079 126703 110096 
6 : 118928 118933 118927 237740 208622 208629 
6 : 84210 118953 118389 84213 84209 118393 
6 : 818 119057 119058 826 827 178044 
6 : 119062 119065 119060 224628 197641 197650 
6 : 119063 16698 81562 16714 81574 16695 
6 : 70454 119072 119078 70463 70472 239648 
6 : 119075 119066 119067 136608 197493 136594 
6 : 119101 75334 119110 75343 233793 75355 
6 : 69721 119167 50793 69726 50788 50801 
6 : 119176 66185 119165 66209 127557 66186 
6 : 119184 16251 119192 16255 207800 16267 
6 : 119196 119180 40235 178165 40265 40242 
6 : 119406 119409 119401 258767 217180 217190 
6 : 24436 119493 119495 24444 24451 221802 
6 : 9804 55816 119524 9798 9831 55841 
6 : 119530 119527 119529 200551 201441 200550 
6 : 119607 119614 119617 190481 190483 246532 
6 : 119625 119632 119628 197291 197283 240849 
6 : 119629 119620 95845 154396 95867 95852 
6 : 119666 119667 119661 240920 212744 212745 
6 : 119728 27148 94099 27164 94112 27146 
6 : 119746 28215 119744 28245 263568 28244 
6 : 60635 119774 119777 60642 60645 231781 
6 : 86905 119778 119766 86919 86907 136108 
6 : 71729 19435 119840 19432 71738 19447 
6 : 119835 119844 119845 152070 152076 244424 
6 : 119836 119841 119843 160809 160812 215615 
6 : 11771 119869 119868 11786 11779 214334 
6 : 116840 119884 54350 116862 54349 54367 
6 : 119887 119881 55238 214972 55262 55245 
6 : 119956 119954 77212 174462 77220 77217 
6 : 119970 115294 119977 115303 231144 115309 
6 : 119979 87934 119973 87953 238192 87949 
6 : 120092 13007 120094 13013 160516 13018 
6 : 120099 120103 120095 256391 213377 213386 
6 : 69476 120115 9562 69489 9552 9585 
6 : 120136 93868 120122 93888 141860 93870 
6 : 120215 65725 120209 65740 221766 65728 
6 : 120218 120219 120232 137021 137029 145491 
6 : 120224 120223 120234 206055 209752 206069 
6 : 120227 118834 120235 118845 230075 118859 
6 : 120257 120255 120267 137034 156054 137048 
6 : 62557 120448 120446 62571 62568 246495 
6 : 120443 120434 120437 123368 177888 123364 
6 : 120452 120454 120461 162948 162959 167333 
6 : 120465 120455 120458 174618 228298 174610 
6 : 120563 120575 120571 194567 194562 247154 
6 : 120572 31911 120576 31928 247382 31932 
6 : 120583 120588 53077 180498 53084 53104 
6 : 120599 108611 89411 108625 89422 89409 
6 : 120704 63259 30393 63277 30407 30386 
6 : 120709 120707 120708 176256 208405 176254 
6 : 120712 120713 120710 252553 233300 233306 
6 : 120776 24007 120764 24023 154134 24009 
6 : 120801 120802 120797 256411 247553 247554 
6 : 120808 101594 84370 101602 84376 84369 
6 : 120822 61380 120824 61381 126027 61383 
6 : 17903 82469 24164 17898 17892 24161 
6 : 120899 120893 120896 148869 167515 148859 
6 : 120922 116842 120924 116844 145621 116845 
6 : 120928 120923 53942 151752 53953 53947 
6 : 121030 106868 76821 106876 76830 76819 
6 : 121067 121060 121075 187914 245300 187922 
6 : 121079 121088 121094 149084 149086 228819 
6 : 121169 121164 121181 162263 199118 162278 
6 : 121175 121166 121172 173643 229240 173639 
6 : 121182 87959 121176 87987 256561 87976 
6 : 44395 104228 121240 44394 44398 104230 
6 : 19072 71220 93982 19067 19068 71218 
6 : 79796 121302 121305 79807 79814 205318 
6 : 112756 121293 25548 112761 25547 25551 
6 : 121306 101358 121296 101375 167388 101363 
6 : 121313 121309 121324 147544 189844 147562 
6 : 49703 121375 121379 49708 49716 203341 
6 : 121386 121392 121394 135235 135240 229188 
6 : 121388 23003 121391 23004 144496 23010 
6 : 121444 121454 121452 137746 137742 226403 
6 : 121455 104709 63636 104727 63658 63635 
6 : 64316 121515 84211 64319 64313 84215 
6 : 4547 121599 121606 4550 4563 143918 
6 : 14962 121611 121620 14973 14979 207523 
6 : 82549 121610 111396 82551 82548 111403 
6 : 66911 105113 121719 66908 66913 105115 
6 : 85156 121736 121728 85173 85158 131535 
6 : 121727 121735 109082 130829 109084 109101 
6 : 121744 121748 121740 224576 170648 170656 
6 : 121755 58223 94734 58228 94737 58221 
6 : 121829 121827 121828 197133 208604 197131 
6 : 121830 121826 121825 175384 165152 165148 
6 : 121838 34376 121840 34384 182433 34388 
6 : 121842 121843 121849 234183 234188 239019 
6 : 12068 121905 121910 12081 12088 245071 
6 : 121945 109489 121946 109510 231217 109514 
6 : 121950 121940 121947 208179 256842 208175 
6 : 121951 121941 121949 216948 258748 216945 
6 : 28528 121960 42507 28546 28525 42533 
6 : 121958 121953 121959 178606 241288 178607 
6 : 121963 29639 121957 29668 218320 29657 
6 : 38872 121976 121970 38893 38885 243836 
6 : 122068 122074 122067 172189 163200 163214 
6 : 122073 122070 122076 214533 234307 214539 
6 : 58224 122079 122087 58230 58247 175053 
6 : 122077 1371 122084 1373 146689 1393 
6 : 122078 122089 122082 155472 155453 196276 
6 : 122116 53579 122122 53588 201872 53599 
6 : 122147 122137 122140 192944 212207 192939 
6 : 122193 122189 32100 221251 32121 32113 
6 : 83201 122198 122202 83205 83210 169710 
6 : 122196 22611 122209 22612 123157 22631 
6 : 122287 122300 69122 205687 69133 69153 
6 : 122298 122291 10357 247318 10392 10380 
6 : 105669 122303 122305 105671 105673 142719 
6 : 122304 122302 122310 132971 151845 132979 
6 : 60149 64937 122318 60144 60157 64946 
6 : 122322 122323 112721 261646 112741 112743 
6 : 79514 122355 7012 79529 7006 7030 
6 : 16252 122421 122417 16269 16257 214111 
6 : 113247 122429 1889 113254 1886 1899 
6 : 88897 122468 122456 88909 88901 206869 
6 : 96243 122457 109986 96250 96241 109997 
6 : 75872 45129 122472 45126 75873 45131 
6 : 109061 122536 108959 109080 108956 108982 
6 : 122537 122533 117351 254538 117382 117374 
6 : 122559 122550 122562 204413 241887 204423 
6 : 95298 122642 122648 95304 95307 195488 
6 : 122639 122647 122640 125807 125803 135991 
6 : 122644 10138 93746 10151 93752 10135 
6 : 110372 122657 63842 110377 63840 63852 
6 : 103919 122739 122741 103927 103930 220883 
6 : 122750 122747 122755 174361 250869 174367 
6 : 122860 53078 122869 53079 128943 53093 
6 : 122875 34439 122877 34445 193218 34449 
6 : 122998 123003 123002 199608 199605 238663 
6 : 123022 27965 123021 27977 243774 27976 
6 : 123095 123112 88599 158733 88601 88623 
6 : 123122 123123 123128 257551 257555 257900 
6 : 123156 123149 123152 201168 215173 201159 
6 : 123210 123206 123204 256185 158130 158122 
6 : 25053 37394 123221 25048 25064 37406 
6 : 123218 86444 123219 86457 239302 86458 
6 : 123223 1774 63389 1791 63405 1769 
6 : 123331 123327 123335 176381 218571 176387 
6 : 123333 123330 56210 216745 56230 56226 
6 : 104149 120530 123338 104148 104150 120535 
6 : 123351 123358 123352 215136 215126 230742 
6 : 123354 56528 123348 56548 204486 56540 
6 : 123375 5514 123363 5530 156588 5519 
6 : 123437 123432 123433 136163 165383 136158 
6 : 123445 123442 123448 167701 186587 167704 
6 : 123450 123444 123449 185893 255487 185889 
6 : 7707 123454 123456 7708 7709 135936 
6 : 123457 123467 123460 170493 170484 236286 
6 : 123479 123482 21485 234277 21498 21502 
6 : 123506 123509 123510 255791 255792 264053 
6 : 123511 123508 100880 263739 100909 100907 
6 : 123566 87270 123557 87282 219496 87275 
6 : 14541 123585 53943 14543 14537 53950 
6 : 123591 123586 123590 208463 226917 208456 
6 : 123676 123671 123677 242937 260416 242938 
6 : 123772 123786 123777 132686 132675 211249 
6 : 123793 123801 123799 138052 138050 227570 
6 : 123904 123906 7313 254693 7337 7339 
6 : 123925 123909 123916 135134 209375 135121 
6 : 123927 123939 123936 129489 129485 244994 
6 : 74894 124029 124031 74900 74903 206698 
6 : 124043 124046 124054 235950 235954 249107 
6 : 124045 124053 124055 248179 248180 262380 
6 : 124168 124157 124161 154842 221256 154828 
6 : 124173 124176 124181 195302 195306 233833 
6 : 124182 124177 124178 241976 242891 241968 
6 : 124281 124286 64123 232553 64136 64140 
6 : 124282 124283 106550 236003 106567 106568 
6 : 28798 124297 124294 28805 28803 202046 
6 : 111706 124312 124317 111713 111722 213929 
6 : 124310 124311 42032 179984 42041 42043 
6 : 124394 7844 124396 7855 209867 7856 
6 : 124446 124443 124440 224861 207208 207204 
6 : 124512 60982 124247 61001 124267 60981 
6 : 124515 83368 124514 83375 158136 83372 
6 : 124524 124519 124518 229463 203468 203461 
6 : 124526 100578 66524 100603 66549 66522 
6 : 124558 124568 124561 243215 243210 250038 
6 : 124643 65931 124633 65956 178826 65939 
6 : 18971 124661 124645 18992 18972 129172 
6 : 124646 124659 124648 142147 142136 190591 
6 : 124692 124699 124689 164936 153699 153705 
6 : 100962 124755 124763 100965 100979 182394 
6 : 124757 124759 124762 199270 199273 232309 
6 : 124760 124764 124756 239826 186880 186885 
6 : 12211 124765 124775 12212 12226 141288 
6 : 124797 124786 124793 182223 243172 182219 
6 : 11054 124811 86928 11061 11052 86940 
6 : 75210 124837 124840 75238 75240 261917 
6 : 106979 124876 41754 106983 41752 41756 
6 : 124882 124883 124885 255844 255850 256896 
6 : 124898 124901 124897 255318 251598 251601 
6 : 999 124906 124917 1005 1014 210939 
6 : 124999 124995 125003 131914 187110 131921 
6 : 125011 125005 94100 161202 94113 94103 
6 : 125035 125042 125037 134132 134123 152280 
6 : 125045 125038 88488 189773 88514 88495 
6 : 125118 125126 125121 222637 222632 239910 
6 : 125124 125119 125129 225618 249634 225622 
6 : 21305 125224 125228 21306 21313 182088 
6 : 125348 37253 125350 37265 245752 37270 
6 : 125354 125353 125346 264153 233853 233852 
6 : 121307 125363 68341 121322 68339 68367 
6 : 30104 125378 125365 30129 30105 133127 
6 : 115249 125381 28112 115250 28111 28113 
6 : 26090 125490 125488 26109 26108 263834 
6 : 125498 125506 125493 192116 138671 138687 
6 : 125578 125574 125580 134551 184591 134555 
6 : 125703 103841 125700 103857 214176 103854 
6 : 125716 125725 125708 231846 159652 159667 
6 : 125787 125783 260 228505 279 272 
6 : 125792 125797 125791 205476 170793 170796 
6 : 125796 125790 125798 138326 230100 138329 
6 : 125799 125788 125795 126747 227747 126742 
6 : 125800 125789 125794 134056 207581 134047 
6 : 125811 125808 27151 231792 27172 27166 
6 : 125883 125311 125889 125313 170608 125335 
6 : 125890 125886 80218 220983 80243 80229 
6 : 25842 125893 125903 25846 25857 182277 
6 : 121146 125894 125898 121149 121155 185187 
6 : 125899 103006 125900 103016 239479 103017 
6 : 125901 125895 11140 192034 11165 11150 
6 : 83840 125907 68828 83844 68825 68835 
6 : 125912 125908 125918 222366 257148 222370 
6 : 125922 125934 125939 161862 161869 239940 
6 : 125933 125929 125919 221685 132045 132041 
6 : 126011 105040 126014 105058 253748 105061 
6 : 108656 126018 126017 108658 108657 137054 
6 : 126020 10205 91534 10212 91544 10202 
6 : 126124 126133 36526 230042 36545 36560 
6 : 126132 126126 126119 242480 179334 179329 
6 : 114579 126136 126145 114585 114595 184397 
6 : 126134 60019 126143 60021 127074 60042 
6 : 49755 126234 126239 49773 49778 244374 
6 : 126235 126236 126227 245058 157284 157285 
6 : 126247 54999 126242 55015 227752 55007 
6 : 126249 126251 126255 132193 132197 156701 
6 : 126345 126350 126343 197927 188934 188944 
6 : 94954 126378 104991 94962 94952 105002 
6 : 112565 126449 126445 112578 112570 189559 
6 : 126443 31940 126446 31941 147265 31947 
6 : 40816 82374 126475 40813 40834 82405 
6 : 44190 113122 126471 44189 44203 113132 
6 : 126472 126463 126473 166597 245516 166600 
6 : 126563 126573 31756 140965 31757 31775 
6 : 126571 126572 8569 246135 8585 8587 
6 : 50766 81435 126675 50760 50784 81459 
6 : 126666 126673 126679 173551 173557 254866 
6 : 126669 111044 126678 111054 222166 111063 
6 : 126674 126672 126671 250215 248862 248860 
6 : 126777 126783 38934 196525 38940 38955 
6 : 126788 126795 126792 204369 204364 234107 
6 : 126801 126815 126802 161456 161449 168037 
6 : 122947 38794 118662 38793 118660 38792 
6 : 75981 126894 126891 75990 75984 172430 
6 : 126897 126903 126893 250397 189207 189214 
6 : 59820 127020 127019 59830 59829 261335 
6 : 103415 127021 87169 103416 87164 87170 
6 : 127143 127137 127140 210299 225256 210290 
6 : 90183 127151 127155 90191 90197 193369 
6 : 109329 127158 127160 109345 109348 257201 
6 : 127259 115960 113448 115978 113469 113444 
6 : 127263 127260 127262 262607 262724 262605 
6 : 127276 127266 127267 156812 157503 156791 
6 : 127354 561 127356 576 261289 582 
6 : 127358 127373 127365 135005 134998 251469 
6 : 127363 127367 127361 159621 154198 154216 
6 : 127386 127379 35237 210222 35262 35247 
6 : 9472 127471 127468 9475 9473 129331 
6 : 127476 127475 127479 226705 245292 226711 
6 : 21201 127486 127482 21210 21206 233893 
6 : 19901 111019 127497 19898 19908 111031 
6 : 127502 127490 127500 134384 250807 134375 
6 : 127513 55211 18814 55230 18833 18807 
6 : 127561 127562 46931 213274 46944 46945 
6 : 69998 17121 71871 17117 69995 17118 
6 : 127593 127587 109377 227202 109396 109391 
6 : 127741 46114 21486 46133 21503 21480 
6 : 127809 127816 127813 187143 187136 195457 
6 : 127820 127819 127814 249725 217585 217582 
6 : 127827 127830 127826 183392 182971 182973 
6 : 127839 71535 94345 71559 94375 71533 
6 : 127860 127862 4604 261106 4634 4638 
6 : 127960 127967 127973 132977 132981 245028 
6 : 127969 127961 127962 148770 154526 148757 
6 : 128002 28820 26576 28825 26583 26565 
6 : 75052 128086 128082 75069 75066 260405 
6 : 128085 128077 31256 224792 31282 31268 
6 : 128092 128103 128097 186759 186754 236369 
6 : 128095 128099 92837 231621 92856 92859 
6 : 128208 128196 128193 188645 163606 163598 
6 : 128216 128214 60194 209432 60203 60200 
6 : 3692 128232 128227 3701 3695 149105 
6 : 50143 24855 88521 24846 50142 24853 
6 : 128241 128243 128245 151808 151811 191026 
6 : 81467 128315 128311 81494 81492 261055 
6 : 92121 128301 128300 92126 92123 131911 
6 : 128306 45714 128305 45730 212665 45726 
6 : 128364 128356 128359 203175 247399 203166 
6 : 50852 128433 122039 50872 50851 122064 
6 : 128426 128429 128434 232825 232832 250065 
6 : 128432 81594 128425 81620 227020 81609 
6 : 128450 128442 128453 208582 254938 208584 
6 : 128535 128541 42287 152977 42289 42302 
6 : 4549 128544 30795 4552 4540 30800 
6 : 128548 128552 3003 235769 3019 3026 
6 : 15449 128584 128590 15454 15460 183676 
6 : 128660 128657 128658 209121 222774 209113 
6 : 128661 128659 96752 228024 96777 96768 
6 : 128674 128666 128679 148347 236529 148356 
6 : 51464 128789 116165 51477 51462 116179 
6 : 128800 88959 128796 88971 171853 88964 
6 : 128809 122923 11282 122943 11306 11280 
6 : 75010 128818 119023 75018 75009 119038 
6 : 16094 106869 128856 16093 16103 106880 
6 : 128855 128857 113795 174261 113801 113813 
6 : 128866 67329 108013 67341 108028 67326 
6 : 128867 128872 128870 249488 249485 258136 
6 : 128869 128865 114271 199167 114287 114281 
6 : 128875 128877 128878 162380 162381 167916 
6 : 128888 128882 128881 204849 204718 204705 
6 : 128965 128963 128957 258505 183512 183505 
6 : 79618 128978 128976 79638 79637 263779 
6 : 43804 129053 129049 43824 43819 233418 
6 : 32225 129071 123595 32241 32224 123621 
6 : 129065 129070 129057 247592 129686 129697 
6 : 129068 39170 119891 39188 119912 39169 
6 : 129080 125142 129078 125152 230962 125151 
6 : 129096 129100 129098 249868 249865 258374 
6 : 129105 112138 81468 112143 81472 81465 
6 : 66740 129182 129188 66744 66752 182671 
6 : 30499 129198 129199 30508 30509 210487 
6 : 63784 129217 72076 63795 63780 72086 
6 : 129215 102388 129209 102406 177342 102394 
6 : 129279 66602 110185 66607 110188 66599 
6 : 129286 129278 129283 173960 190887 173948 
6 : 129287 129289 93343 247727 93364 93374 
6 : 129294 39517 129301 39532 212888 39547 
6 : 90288 71314 109230 71310 90286 71311 
6 : 129305 127727 123470 127734 123475 123469 
6 : 129386 129392 129390 160155 160152 212591 
6 : 129407 129408 129406 261908 260043 260045 
6 : 80039 129417 129410 80046 80040 133449 
6 : 129412 24353 129420 24358 165269 24375 
6 : 129416 129423 46862 211081 46874 46889 
6 : 129418 129415 129413 193354 178002 177996 
6 : 129498 129499 2689 219470 2705 2706 
6 : 129507 129509 129518 147807 147816 167422 
6 : 129510 129516 129515 196623 196621 246407 
6 : 129512 129514 96363 216621 96376 96383 
6 : 55436 129529 129525 55449 55444 251273 
6 : 68280 129522 129528 68290 68298 220768 
6 : 129603 129595 129602 180353 259246 180352 
6 : 129604 123820 2965 123836 2989 2964 
6 : 129605 129596 129600 192915 255093 192908 
6 : 129608 129620 129613 145521 145513 208467 
6 : 129611 129612 109256 178762 109260 109261 
6 : 129619 129617 8144 242808 8169 8164 
6 : 129633 129627 110447 181737 110460 110457 
6 : 39273 129727 60432 39275 39270 60434 
6 : 88985 121308 129738 88984 89004 121323 
6 : 129750 129752 129756 258470 258471 262653 
6 : 129762 60984 129768 60993 195365 61002 
6 : 129842 129843 129850 157855 157866 159033 
6 : 129845 129840 22247 136142 22258 22248 
6 : 129847 129851 129853 214795 214800 253473 
6 : 129849 11107 129848 11121 236582 11119 
6 : 129866 129858 129867 175671 251758 175672 
6 : 95052 61434 129883 61433 95074 61456 
6 : 129887 129880 129885 213862 263963 213859 
6 : 129902 125491 129895 125511 205740 125502 
6 : 70963 129961 129965 70970 70976 223176 
6 : 129966 129959 129967 165492 251677 165496 
6 : 129970 129976 129979 147191 147193 250983 
6 : 129981 129975 129980 245591 262313 245588 
6 : 130081 130086 130089 206896 206899 249765 
6 : 130085 89650 130087 89658 229577 89667 
6 : 79359 68258 130111 68253 79375 68272 
6 : 130106 130099 130103 132701 205525 132698 
6 : 76903 130185 130179 76919 76904 141545 
6 : 130184 130190 130186 244059 244051 252007 
6 : 58878 130192 130191 58881 58880 134643 
6 : 100504 17748 130215 17744 100508 17755 
6 : 130221 130220 130222 226306 226774 226308 
6 : 45159 124731 130309 45158 45166 124736 
6 : 27280 130325 130324 27287 27286 200552 
6 : 130334 130339 61768 166159 61775 61783 
6 : 130338 130333 130341 165149 211262 165155 
6 : 130342 130345 130337 243859 208607 208613 
6 : 130376 130377 130384 169181 169190 174647 
6 : 29842 77670 74843 29838 29834 74838 
6 : 130436 130428 130433 174466 214119 174465 
6 : 130445 130451 38433 207000 38444 38450 
6 : 123132 115487 72232 115485 72230 72228 
6 : 130574 130578 23570 238954 23583 23588 
6 : 91231 130579 130596 91233 91250 144870 
6 : 98709 130588 130587 98719 98718 229168 
6 : 130607 130614 130616 209585 209589 241993 
6 : 130678 130685 130683 162473 162467 245216 
6 : 130679 130682 130681 222299 222297 240786 
6 : 130691 62814 130693 62824 254867 62825 
6 : 130699 130713 130712 204239 204237 260283 
6 : 130704 130706 130711 223090 223094 236737 
6 : 117811 130729 130718 117829 117815 181858 
6 : 103434 130811 130808 103446 103440 223155 
6 : 130927 130922 130928 237086 263633 237087 
6 : 130967 130966 130953 257474 135664 135661 
6 : 38580 29912 46599 29899 38575 29901 
6 : 131022 131025 131027 188502 188504 253012 
6 : 120174 67052 131034 67050 120181 67059 
6 : 131036 131037 131041 210178 210180 237404 
6 : 56390 131046 45289 56397 45281 45299 
6 : 131044 89488 131053 89495 210586 89505 
6 : 131052 131048 60328 251817 60346 60342 
6 : 45816 1739 131145 1727 45818 1743 
6 : 131154 131144 46895 170081 46920 46902 
6 : 70300 131171 131170 70317 70316 261400 
6 : 131165 131163 67472 211085 67481 67477 
6 : 131254 131259 122585 135443 122587 122598 
6 : 131256 131264 131258 162201 162190 195248 
6 : 131268 131267 131255 264149 153516 153515 
6 : 131287 112088 95878 112096 95888 95875 
6 : 131297 131292 131291 244567 240833 240826 
6 : 131343 84408 131344 84422 219222 84423 
6 : 131349 72126 131350 72128 146920 72135 
6 : 131355 131363 131368 145981 145989 237524 
6 : 8987 131452 131458 8991 9000 202456 
6 : 131457 131447 131450 153882 189458 153873 
6 : 48271 84615 131465 48268 48280 84626 
6 : 128889 131569 131570 128891 128893 181385 
6 : 131580 29945 131576 29962 228803 29954 
6 : 131591 131592 131590 264123 261885 261886 
6 : 131618 58503 131620 58515 237687 58516 
6 : 131683 131681 131682 198301 205036 198294 
6 : 131686 131685 107871 261334 107894 107893 
6 : 67420 36327 108884 36322 67417 36324 
6 : 81655 131701 124099 81667 81654 124121 
6 : 131689 131697 131692 155223 155217 192030 
6 : 131700 114598 115317 114617 115336 114596 
6 : 131733 131741 131739 204785 204783 241091 
6 : 131742 96618 131734 96639 212675 96627 
6 : 131808 131809 131815 186741 186749 190427 
6 : 131823 131824 131833 211015 211027 212461 
6 : 131827 131830 131826 240019 235609 235616 
6 : 64646 131935 131942 64651 64665 166167 
6 : 131962 49036 54940 49058 54962 49027 
6 : 132064 132060 24166 148864 24179 24170 
6 : 97671 132076 90482 97682 90480 90503 
6 : 132095 132086 21260 234558 21279 21267 
6 : 37692 132170 120353 37697 37691 120357 
6 : 132176 132179 132177 255008 255007 256080 
6 : 132187 132184 132186 244320 250070 244319 
6 : 132288 69409 55891 69411 55895 55888 
6 : 132301 132299 76275 223843 76297 76293 
6 : 132306 132310 121239 148532 121243 121250 
6 : 132314 71837 132315 71852 238602 71854 
6 : 103867 130372 132323 103866 103873 130378 
6 : 132324 132328 132329 197354 197357 233992 
6 : 41249 132382 96992 41250 41247 96993 
6 : 132383 108461 132392 108463 150413 108477 
6 : 132518 132509 132506 190574 180441 180432 
6 : 132612 111636 112959 111641 112969 111632 
6 : 132628 132617 132620 161380 173860 161371 
6 : 132629 132625 8883 217430 8900 8889 
6 : 132641 16889 132634 16908 149400 16892 
6 : 132643 42748 132635 42768 150517 42750 
6 : 132717 132722 132725 164631 164643 244068 
6 : 79202 132735 293 79209 285 309 
6 : 132729 132730 108760 163458 108765 108766 
6 : 37342 132748 12325 37353 12317 12339 
6 : 19941 132820 132822 19942 19944 137647 
6 : 82569 132867 132854 82592 82574 181777 
6 : 132868 42923 132861 42944 226412 42935 
6 : 13930 37537 132936 13920 13935 37545 
6 : 132992 133000 132998 226911 226908 249468 
6 : 133030 6054 133032 6062 174433 6069 
6 : 133033 103960 133034 103975 260085 103976 
6 : 133038 133036 133051 133946 141739 133962 
6 : 133048 133042 133047 172512 238762 172510 
6 : 133055 133069 133056 173493 173477 185433 
6 : 116230 133075 25269 116236 25266 25278 
6 : 133085 133093 133098 140998 141002 213995 
6 : 67285 133137 133138 67288 67289 192178 
6 : 133136 66912 133145 66916 159336 66931 
6 : 133152 41147 10206 41159 10213 10197 
6 : 133156 133148 133153 173155 258917 173151 
6 : 133186 107899 133181 107913 222075 107911 
6 : 133259 133264 44589 179315 44595 44615 
6 : 133262 133261 110815 225021 110830 110827 
6 : 53325 133284 133287 53326 53327 155233 
6 : 43895 133346 133348 43897 43898 188045 
6 : 32939 133361 133359 32952 32949 237605 
6 : 133467 133461 133462 210017 220144 210012 
6 : 231 133479 133474 246 240 242081 
6 : 133475 54301 133470 54308 164080 54303 
6 : 50122 133485 133484 50124 50123 179543 
6 : 123113 73713 133491 73712 123125 73729 
6 : 133568 133580 133574 166692 166687 242910 
6 : 133584 133566 133573 155252 240900 155243 
6 : 16734 133594 133599 16747 16757 230806 
6 : 20922 133618 133608 20943 20926 166505 
6 : 133604 133609 133612 154267 154272 176489 
6 : 133606 133607 133616 163979 163989 164388 
6 : 21463 133679 109740 21471 21461 109748 
6 : 108188 133684 86656 108201 86653 86675 
6 : 133693 125398 133689 125413 222076 125410 
6 : 120029 133704 133711 120033 120042 181041 
6 : 133759 67624 15485 67640 15502 15480 
6 : 133793 133796 133799 215280 215290 234893 
6 : 133809 133808 133800 226960 135378 135376 
6 : 133811 12096 133804 12117 188389 12102 
6 : 133860 133850 133864 144339 252561 144342 
6 : 82044 41829 133903 41827 82048 41836 
6 : 133902 133905 37883 174249 37889 37901 
6 : 31792 134000 115774 31794 31791 115778 
6 : 134003 126845 90719 126851 90730 90718 
6 : 134035 134041 134028 252494 217527 217534 
6 : 134116 134119 119786 152345 119789 119798 
6 : 55580 134134 134130 55590 55584 223390 
6 : 134141 91459 134145 91467 178672 91473 
6 : 134142 134138 134146 135626 193437 135632 
6 : 134148 134144 26777 215997 26796 26790 
6 : 134152 134147 90720 234212 90744 90734 
6 : 134159 134174 134167 185733 185728 258298 
6 : 89553 134219 134208 89566 89558 192450 
6 : 34117 134229 134233 34127 34134 219291 
6 : 134225 134224 134222 186500 170639 170638 
6 : 134234 55779 134232 55802 253157 55800 
6 : 134241 134252 134247 162089 162082 221806 
6 : 134313 134319 134322 204984 204987 245111 
6 : 134315 134312 134325 204639 208973 204655 
6 : 134437 134442 134436 229868 219201 219212 
6 : 85020 126025 134529 85019 85023 126030 
6 : 134528 134526 104084 138643 104093 104086 
6 : 106146 134537 53080 106147 53075 53081 
6 : 127077 134538 34407 127081 34405 34410 
6 : 86445 73615 134571 73610 86450 73624 
6 : 50287 35143 134599 35134 50305 35159 
6 : 134592 134591 134594 168248 177110 168251 
6 : 134596 134600 17497 208449 17508 17519 
6 : 104592 2361 134608 2359 104596 2369 
6 : 134612 107646 87439 107660 87453 87436 
6 : 134626 134629 14847 239117 14859 14867 
6 : 134637 134631 134641 185933 257376 185939 
6 : 134638 7899 37884 7919 37904 7890 
6 : 33495 134677 134669 33505 33498 157001 
6 : 134750 74290 134743 74311 205025 74294 
6 : 101246 134862 134875 101253 101260 192112 
6 : 133654 134871 92803 133672 92802 92824 
6 : 134872 134869 134873 215151 228782 215152 
6 : 7576 30331 134962 7566 7577 30332 
6 : 134971 134972 71564 144448 71566 71567 
6 : 134982 134981 134976 258177 230910 230909 
6 : 135009 61825 101143 61827 101144 61824 
6 : 134665 132030 135078 132029 134680 132050 
6 : 135081 135076 135073 215148 189257 189248 
6 : 135094 135102 135112 170689 170699 230179 
6 : 135099 135106 135098 207409 206331 206337 
6 : 69098 135189 93747 69104 69094 93754 
6 : 135196 77714 135194 77722 169310 77720 
6 : 135326 134752 99135 134768 99154 99134 
6 : 103514 135339 46735 103524 46731 46754 
6 : 135334 116166 135330 116172 153629 116169 
6 : 112758 135343 127389 112759 112757 127391 
6 : 135355 135350 135346 179707 151876 151869 
6 : 135438 135447 135458 145099 145108 224703 
6 : 135440 30040 135450 30046 166942 30060 
6 : 135472 115727 95459 115745 95483 95457 
6 : 121513 135559 122710 121524 121512 122731 
6 : 135567 135579 135572 197037 197028 236677 
6 : 135583 135596 135598 233148 233149 263390 
6 : 91259 135618 80595 91283 80590 80620 
6 : 135615 135610 135605 241426 210649 210644 
6 : 135669 70233 131909 70255 131930 70232 
6 : 135675 135673 16216 204244 16227 16224 
6 : 135685 27015 119655 27020 119660 27012 
6 : 132766 135783 54652 132786 54651 54672 
6 : 135786 135795 135791 136043 136034 222323 
6 : 135790 135789 26020 195798 26031 26029 
6 : 135799 135800 135805 191176 191180 214328 
6 : 135801 135803 125284 215902 125293 125296 
6 : 135897 94802 135903 94809 222995 94816 
6 : 18897 7803 135915 7794 18910 7817 
6 : 131427 135909 8146 131433 8145 8155 
6 : 135912 18047 135919 18062 235981 18071 
6 : 5761 135925 135924 5771 5767 174127 
6 : 113493 135927 135932 113502 113510 221805 
6 : 135933 135921 92804 139211 92832 92807 
6 : 136008 136009 125963 163920 125965 125967 
6 : 136013 26924 136014 26943 222022 26948 
6 : 136017 63810 66492 63812 66493 63804 
6 : 136021 136022 133966 226977 133979 133980 
6 : 105305 136052 136065 105307 105327 146610 
6 : 136061 130373 32967 130382 32977 32966 
6 : 136090 84371 136080 84394 247345 84389 
6 : 136114 17783 136124 17786 154218 17803 
6 : 84050 136132 5545 84059 5542 5568 
6 : 122433 136127 97091 122435 97089 97093 
6 : 136229 136234 136236 183026 183031 227813 
6 : 136232 136233 136225 223637 163189 163190 
6 : 2322 136240 136252 2327 2341 164351 
6 : 9936 25113 136248 9928 9944 25122 
6 : 113374 136246 53487 113376 53485 53495 
6 : 2848 136347 136345 2859 2852 160707 
6 : 136342 136346 47767 137898 47768 47773 
6 : 15758 73494 130735 15753 15757 73492 
6 : 136367 136365 136364 177027 141872 141869 
6 : 136455 136456 136452 261382 236645 236647 
6 : 136463 136466 136459 240136 155380 155387 
6 : 136548 136544 122490 206279 122515 122498 
6 : 136549 136547 33250 254052 33273 33268 
6 : 136550 103350 136551 103376 264005 103377 
6 : 3252 136552 60467 3254 3249 60470 
6 : 107621 136583 136585 107632 107635 251825 
6 : 136582 136588 136569 251631 151483 151492 
6 : 118879 136663 11731 118881 11728 11738 
6 : 136701 136689 136698 137910 242367 137908 
6 : 136784 136786 132901 165310 132903 132912 
6 : 136787 136788 136791 227314 227320 228503 
6 : 70417 136806 136794 70425 70418 156900 
6 : 82893 136800 136796 82902 82896 165663 
6 : 136804 136795 75763 160937 75788 75766 
6 : 19121 136821 86055 19138 19117 86072 
6 : 123146 136886 136890 123147 123154 157148 
6 : 136899 136896 136904 195358 202106 195370 
6 : 136905 136902 136898 260003 200094 200089 
6 : 81674 136997 136998 81679 81680 178306 
6 : 136995 137001 60737 138144 60738 60754 
6 : 136999 9646 88917 9654 88925 9641 
6 : 137003 136996 137000 145126 234164 145117 
6 : 134255 137019 137012 134270 134263 249621 
6 : 137006 101817 137009 101824 188156 101827 
6 : 89775 137020 137031 89776 89794 144569 
6 : 137030 137023 21417 171768 21444 21421 
6 : 137233 137243 137228 204445 163276 163289 
6 : 137238 137231 113967 193769 113982 113974 
6 : 137334 137332 137325 259689 197476 197472 
6 : 28058 6979 137343 6970 28070 6992 
6 : 137337 137336 12728 155809 12732 12730 
6 : 16958 137456 137463 16959 16970 149288 
6 : 106502 106199 137461 106198 106513 106215 
6 : 137492 137496 70762 236304 70775 70782 
6 : 137495 137493 137497 238084 244941 238086 
6 : 137574 20051 137570 20063 139411 20053 
6 : 137613 137608 137606 234009 217387 217378 
6 : 137683 137688 137684 142484 142477 156568 
6 : 137697 49463 137703 49465 143522 49473 
6 : 137708 131173 113392 131181 113406 113389 
6 : 6307 137821 137814 6324 6309 144547 
6 : 137820 137819 137817 254687 177738 177736 
6 : 120900 137836 137832 120907 120901 152663 
6 : 137841 137835 137845 205234 251357 205241 
6 : 137849 89147 137855 89150 154713 89153 
6 : 137899 137912 137895 183990 142944 142964 
6 : 85908 137929 128140 85917 85907 128148 
6 : 137926 32200 137523 32203 137524 32199 
6 : 22249 137967 137963 22265 22260 214797 
6 : 137958 137964 137960 169565 169561 174539 
6 : 137961 137969 137957 197264 167163 167173 
6 : 138032 138035 116167 259431 116183 116186 
6 : 138034 27811 138033 27830 260945 27828 
6 : 122783 138042 138038 122803 122793 215109 
6 : 120006 138058 138059 120026 120027 263307 
6 : 138046 106321 138049 106323 170511 106329 
6 : 138060 138047 138056 175679 253053 175673 
6 : 138122 138123 13828 154592 13830 13835 
6 : 138135 138133 138127 256545 244840 244837 
6 : 54323 138251 127917 54341 54321 127941 
6 : 9984 138254 138264 9986 9997 145587 
6 : 98342 138255 138260 98345 98356 149592 
6 : 138280 138281 138269 264193 187233 187234 
6 : 112317 138366 138361 112335 112320 181422 
6 : 83899 138379 89379 83919 83893 89402 
6 : 138387 138389 138390 203287 203288 225218 
6 : 138481 138475 138476 174467 181292 174461 
6 : 24094 138502 138498 24105 24099 201163 
6 : 138507 138524 138517 167141 167138 246119 
6 : 138512 126594 138515 126599 207034 126605 
6 : 138578 138577 35688 251209 35713 35705 
6 : 138586 97735 29641 97751 29658 29635 
6 : 138588 138579 138587 179612 235863 179611 
6 : 138820 43913 138828 43916 162333 43933 
6 : 138827 138823 138824 210091 230633 210087 
6 : 138830 138821 138822 168398 194447 168381 
6 : 51425 96935 58091 51419 51416 58087 
6 : 138834 137642 138843 137649 191833 137655 
6 : 138878 94068 51649 94078 51659 51641 
6 : 120316 138923 138920 120332 120328 255153 
6 : 138921 77946 138918 77961 228218 77955 
6 : 138922 138919 138917 228492 222272 222264 
6 : 72507 74161 91402 72495 72498 74152 
6 : 101540 112112 139006 101539 101545 112123 
6 : 139010 16681 129702 16689 129714 16680 
6 : 15350 139013 139018 15351 15371 155669 
6 : 139014 40391 139015 40397 169930 40398 
6 : 139020 69669 139011 69691 144867 69670 
6 : 139027 88353 139025 88362 179075 88358 
6 : 139049 139053 20501 235930 20516 20522 
6 : 139121 139122 114386 190141 114393 114396 
6 : 139129 139125 139126 238409 238714 238408 
6 : 139135 139134 139139 160412 182333 160418 
6 : 41149 139182 105331 41164 41146 105353 
6 : 139177 139186 114018 238396 114032 114042 
6 : 136254 139214 139220 136257 136268 201018 
6 : 139215 139219 138983 242470 138990 139001 
6 : 139232 139226 139223 183117 160651 160642 
6 : 139233 138061 139234 138075 254799 138076 
6 : 139239 139242 120275 206666 120290 120293 
6 : 139022 79710 139329 79709 139036 79734 
6 : 139332 139331 91123 214922 91136 91135 
6 : 139334 139338 139330 249411 168940 168949 
6 : 47604 139358 139364 47611 47615 213396 
6 : 139354 46836 139366 46837 139566 46850 
6 : 139425 139431 139424 158457 156237 156254 
6 : 139443 139440 139441 223175 230182 223170 
6 : 139497 139480 139484 154756 176514 154739 
6 : 139533 139525 8114 155891 8129 8118 
6 : 139538 49756 139528 49777 210713 49768 
6 : 139546 139553 139551 223933 223929 251781 
6 : 139564 139557 91643 209103 91656 91649 
6 : 36043 139644 139645 36044 36046 147121 
6 : 139647 139650 69166 198026 69173 69180 
6 : 1814 139670 139667 1834 1831 248757 
6 : 139659 139665 139666 182435 182438 212373 
6 : 139669 139664 139671 210688 254533 210691 
6 : 139685 139679 139690 206124 259137 206129 
6 : 139688 139680 139676 209965 190710 190685 
6 : 139768 139765 139767 171103 196008 171101 
6 : 81656 139779 116868 81666 81653 116881 
6 : 139775 139773 139774 171098 171359 171097 
6 : 139776 139777 131396 190077 131406 131407 
6 : 139778 107900 139772 107907 160086 107901 
6 : 2750 139791 76685 2758 2746 76704 
6 : 139794 139786 139785 217971 199301 199286 
6 : 139823 139819 139825 175662 192675 175664 
6 : 90533 83443 139870 83437 90544 83462 
6 : 139864 139868 139866 166926 166923 204792 
6 : 28992 139888 139889 28996 28999 183668 
6 : 127078 139887 139901 127082 127099 170009 
6 : 139906 139916 139922 187127 187131 238482 
6 : 47963 7154 139977 7143 47965 7159 
6 : 139979 139983 139981 202827 202821 216260 
6 : 139989 139988 139985 256250 241751 241746 
6 : 31062 140010 139999 31080 31067 221697 
6 : 126578 95575 140088 95574 126590 95586 
6 : 140131 140135 64125 230045 64135 64139 
6 : 140181 140180 140188 140765 143897 140777 
6 : 140189 140184 58673 226184 58693 58687 
6 : 140193 140200 43971 144208 43972 43993 
6 : 140196 140205 140197 194993 194983 224353 
6 : 133220 31974 140289 31971 133241 31996 
6 : 140286 140284 140283 146733 143354 143348 
6 : 140333 140340 140319 260247 162272 162279 
6 : 68143 140345 140355 68150 68162 203874 
6 : 3255 140406 140397 3271 3260 198982 
6 : 140409 108556 140399 108582 213728 108565 
6 : 140423 140413 102260 159131 102276 102263 
6 : 140425 79487 37286 79503 37307 37278 
6 : 3283 140456 140463 3288 3297 169955 
6 : 99211 140507 40328 99214 40327 40331 
6 : 140517 105482 140508 105506 155138 105485 
6 : 138704 140541 140539 138713 138711 184289 
6 : 7228 140602 140603 7233 7234 206296 
6 : 140611 140610 140609 194741 189710 189704 
6 : 140621 140616 140628 157283 239387 157291 
6 : 48731 140636 53353 48743 48723 53366 
6 : 140697 140700 140698 227433 227431 228681 
6 : 41438 140713 140718 41457 41461 247669 
6 : 51188 140708 140704 51198 51193 171924 
6 : 137348 140717 140710 137364 137357 211112 
6 : 140822 55818 52650 55819 52652 52639 
6 : 140826 88630 93869 88645 93887 88626 
6 : 114562 140856 140859 114563 114565 177215 
6 : 48132 140932 140938 48139 48143 219411 
6 : 140952 19565 140946 19587 260368 19581 
6 : 96446 140971 53946 96447 53936 53948 
6 : 141010 141011 114817 151639 114818 114822 
6 : 141017 141029 49705 142386 49706 49722 
6 : 127504 141042 141039 127517 127511 226957 
6 : 141037 141040 135361 204871 135374 135380 
6 : 13463 104164 141069 13459 13473 104172 
6 : 3602 141109 52321 3608 3596 52325 
6 : 141108 141119 141111 146477 146464 177065 
6 : 141117 83759 141114 83780 197488 83767 
6 : 84982 141135 141128 84995 84984 143367 
6 : 129426 141212 141215 129434 129442 199914 
6 : 141214 141209 141217 142838 239933 142840 
6 : 55186 41728 141230 41723 55202 41746 
6 : 14691 141266 120379 14705 14687 120395 
6 : 141328 141331 141330 152926 152922 199998 
6 : 141338 141337 141336 261812 261200 261197 
6 : 141358 141354 73912 254677 73935 73927 
6 : 129195 42342 141364 42341 129201 42353 
6 : 141361 141362 141370 169861 169869 179438 
6 : 23255 95488 40722 23251 23247 40715 
6 : 141457 141454 141456 258210 260109 258205 
6 : 25183 141464 141475 25186 25197 170921 
6 : 62192 141472 87337 62206 62187 87354 
6 : 141567 141572 141564 225403 199269 199275 
6 : 141575 77815 141588 77819 165024 77837 
6 : 141589 75467 141607 75468 143688 75484 
6 : 141682 137189 141688 137192 183165 137200 
6 : 141685 141693 141689 209651 209647 238475 
6 : 141686 141691 141687 232444 232440 234949 
6 : 140428 42957 141702 42955 140434 42964 
6 : 141705 141712 131081 230622 131088 131106 
6 : 141723 141714 141729 154488 220945 154497 
6 : 50714 141794 25868 50732 25862 25896 
6 : 141901 84926 141900 84940 245773 84937 
6 : 134987 10617 141921 10616 134990 10622 
6 : 47025 141935 76276 47029 47021 76283 
6 : 141943 141947 141938 246055 182220 182230 
6 : 142006 136157 142010 136159 181883 136165 
6 : 142021 142015 142024 169001 216737 169007 
6 : 142022 142020 136918 210771 136936 136929 
6 : 14965 105561 140033 14960 14964 105560 
6 : 142125 142123 142126 213720 246901 213722 
6 : 142132 3256 142129 3275 258560 3272 
6 : 102339 48622 142134 48620 102341 48625 
6 : 142248 142252 136839 181547 136842 136849 
6 : 122691 86172 142356 86170 122698 86184 
6 : 142357 142359 142355 231059 202222 202224 
6 : 142360 142354 142353 193098 187937 187926 
6 : 142364 136961 142368 136965 171867 136972 
6 : 142366 142369 142362 183444 156355 156363 
6 : 142379 69363 142383 69372 235951 69376 
6 : 48709 142389 142390 48711 48714 172506 
6 : 142388 89851 37575 89856 37578 37567 
6 : 142488 52323 132031 52337 132049 52319 
6 : 6513 142496 9083 6515 6502 9085 
6 : 142508 142506 66941 260750 66961 66959 
6 : 105306 142568 142566 105317 105311 183325 
6 : 26877 142574 142581 26879 26887 209399 
6 : 142584 136738 86314 136753 86336 86312 
6 : 142590 142587 142597 196477 217147 196485 
6 : 72611 142678 142679 72629 72630 264011 
6 : 142669 99626 88796 99633 88801 88792 
6 : 62051 65068 142696 62048 62067 65085 
6 : 58595 142703 142704 58605 58606 238420 
6 : 142775 142776 29335 263751 29362 29363 
6 : 142782 142778 6480 166100 6487 6482 
6 : 142855 142857 142856 256340 256336 257978 
6 : 116087 142859 142872 116088 116101 169286 
6 : 142860 142868 142864 180494 180490 208185 
6 : 142867 142861 142863 196919 199627 196912 
6 : 142914 142909 142905 243336 229107 229102 
6 : 55871 142979 29642 55882 29634 29663 
6 : 142978 142980 142974 218426 166009 166025 
6 : 132339 142994 85206 132349 85202 85222 
6 : 54593 125589 143007 54591 54598 125590 
6 : 143075 143085 143076 217646 217637 229616 
6 : 143086 143081 143082 251461 260130 251452 
6 : 70508 143123 143129 70518 70525 228645 
6 : 96115 143124 143132 96129 96138 235507 
6 : 143139 61855 143134 61861 147455 61856 
6 : 143182 143178 143189 213938 248630 213944 
6 : 143194 143195 143193 239678 215720 215721 
6 : 143203 143210 132137 185210 132140 132153 
6 : 143226 143232 143224 249991 238282 238288 
6 : 143231 143225 143229 243023 256989 243020 
6 : 143277 143278 30076 245902 30093 30097 
6 : 143281 118538 143280 118560 263578 118559 
6 : 143282 143273 143284 171272 264217 171274 
6 : 143287 143286 92695 176189 92700 92699 
6 : 143293 143288 42809 223835 42830 42820 
6 : 143305 143301 143303 194577 206939 194575 
6 : 42782 143318 52651 42786 42774 52657 
6 : 143373 143377 143383 153284 153288 202713 
6 : 13741 143391 143390 13745 13744 169109 
6 : 143395 140570 143394 140578 190431 140577 
6 : 143407 143420 143410 171396 171385 184480 
6 : 143496 143494 143505 177981 205402 177991 
6 : 143497 102131 41019 102147 41035 41016 
6 : 19383 123840 67771 19382 19376 67770 
6 : 143512 143515 32378 245894 32396 32398 
6 : 143519 143521 143518 166842 148068 148070 
6 : 120277 143608 29021 120299 29015 29048 
6 : 143605 143607 143609 204377 204380 237696 
6 : 15259 143661 143670 15261 15269 189622 
6 : 64239 129475 143659 64237 64240 129476 
6 : 143731 143726 22928 234806 22949 22939 
6 : 142981 143736 143744 142990 142997 226867 
6 : 143836 143838 100478 178716 100483 100490 
6 : 143841 137643 38313 137652 38323 38312 
6 : 143850 143865 143868 183405 183407 263192 
6 : 115411 132008 143886 115410 115428 132027 
6 : 143881 143880 29336 235851 29351 29350 
6 : 22022 143930 63185 22025 22015 63191 
6 : 143928 143929 139084 145922 139085 139086 
6 : 136177 143941 143950 136184 136196 205611 
6 : 65042 42510 143958 42504 65049 42522 
6 : 143954 143953 143957 178599 187847 178603 
6 : 144154 144156 144158 144531 144540 153341 
6 : 111333 144173 144168 111343 111339 212668 
6 : 115752 144195 144185 115769 115756 196607 
6 : 144194 24168 144181 24191 162420 24172 
6 : 56478 144266 144267 56482 56484 207571 
6 : 144274 80841 144273 80846 170775 80845 
6 : 144281 144277 144271 230844 169966 169956 
6 : 16096 131836 144317 16095 16111 131849 
6 : 144304 144303 24205 166550 24209 24208 
6 : 132009 144378 144380 132018 132024 227068 
6 : 144391 112142 18855 112162 18874 18852 
6 : 144393 144388 144386 249308 241541 241535 
6 : 74515 144406 144399 74525 74520 181131 
6 : 144396 144404 144397 152468 152459 156687 
6 : 144398 144400 144401 158888 158890 199524 
6 : 144474 43220 48376 43237 48404 43213 
6 : 144482 144491 144486 222845 222843 254450 
6 : 144495 144505 144506 207550 207554 252856 
6 : 144573 19866 144576 19873 183628 19879 
6 : 144580 144587 95749 149245 95751 95765 
6 : 144586 144585 117840 247021 117857 117854 
6 : 86446 144599 144603 86454 86461 227290 
6 : 144609 144592 45961 152491 45986 45962 
6 : 144680 144684 144681 170348 170343 181652 
6 : 142045 144698 144694 142050 142046 152305 
6 : 144704 144705 144710 191116 191126 196962 
6 : 129759 144721 144717 129766 129764 219409 
6 : 144722 144719 144723 230102 251874 230104 
6 : 74492 144809 144798 74506 74494 181688 
6 : 21696 144895 116476 21703 21692 116482 
6 : 144978 61405 144981 61420 255696 61422 
6 : 144979 60401 113417 60420 113433 60399 
6 : 84439 127895 145017 84436 84449 127904 
6 : 145174 145180 145181 185288 185290 256588 
6 : 145178 145176 145173 216321 163682 163673 
6 : 145189 145183 145193 209260 256341 209268 
6 : 145191 145190 145187 258104 252358 252356 
6 : 145242 145248 145241 232291 228167 228177 
6 : 145251 109591 145247 109611 256791 109605 
6 : 145282 117439 98984 117450 98997 98980 
6 : 145286 68457 145280 68472 157169 68458 
6 : 145292 145301 145303 182416 182419 261078 
6 : 145330 145332 89679 261824 89697 89703 
6 : 145351 145340 145338 199766 192135 192123 
6 : 145399 145410 145398 170970 167611 167628 
6 : 145437 145431 145427 240193 222027 222020 
6 : 26119 145512 145519 26122 26133 207197 
6 : 145524 145523 107021 204439 107029 107028 
6 : 145543 145544 139187 209876 139199 139202 
6 : 134059 145599 145593 134068 134060 150724 
6 : 145604 122887 145596 122901 180329 122890 
6 : 145714 145720 120531 238899 120551 120559 
6 : 145728 145722 145737 167725 198159 167735 
6 : 145730 145738 52075 221645 52087 52097 
6 : 89126 145761 145763 89134 89135 220737 
6 : 145762 145758 130493 182449 130505 130501 
6 : 145785 145769 145775 159884 224608 159876 
6 : 145829 145827 13675 208557 13691 13683 
6 : 145832 145830 7478 261498 7505 7500 
6 : 42571 30077 145840 30071 42580 30094 
6 : 145838 93685 145836 93695 184906 93692 
6 : 145843 139478 145841 139496 259367 139493 
6 : 145863 145865 104320 263461 104351 104353 
6 : 145876 145883 145878 222288 222279 229106 
6 : 107500 145914 145920 107504 107515 198162 
6 : 144410 29462 145913 29461 144417 29468 
6 : 81522 6058 145925 6047 81525 6066 
6 : 145929 67578 145926 67590 246025 67585 
6 : 123381 146013 48756 123383 48754 48757 
6 : 146015 29607 146014 29615 157278 29610 
6 : 115728 146029 146033 115731 115743 184809 
6 : 146040 146051 146044 183615 183605 220867 
6 : 145011 63153 67084 63152 67083 63145 
6 : 146055 146061 146068 172136 172141 243153 
6 : 146066 27653 146065 27672 251877 27671 
6 : 39034 27498 146124 27490 39039 27502 
6 : 49327 146133 146131 49334 49328 156356 
6 : 24296 146238 146240 24304 24306 232895 
6 : 146244 83370 66525 83371 66526 66520 
6 : 146250 146254 36692 228983 36706 36714 
6 : 19437 146277 146279 19460 19462 260695 
6 : 59610 53882 93079 53871 59603 53876 
6 : 111503 115412 146363 111500 111519 115424 
6 : 146465 146466 146467 197349 197350 213087 
6 : 146564 146562 112004 207899 112018 112017 
6 : 32786 146571 146575 32789 32793 174858 
6 : 146576 146578 146572 245674 181218 181221 
6 : 146590 146581 130045 184451 130073 130049 
6 : 146658 79071 146661 79079 201265 79085 
6 : 124078 146669 146666 124089 124084 221179 
6 : 146665 100613 146670 100620 207509 100631 
6 : 146673 146672 146664 263816 188972 188969 
6 : 146684 121754 146682 121771 211693 121765 
6 : 146688 146683 146692 237339 252158 237345 
6 : 146746 146751 137419 176145 137423 137441 
6 : 146750 146748 146757 196428 246646 196443 
6 : 146788 146781 146782 232365 233128 232351 
6 : 146789 146785 146786 259923 260110 259915 
6 : 146880 146879 23818 193373 23825 23824 
6 : 146898 146894 146901 149101 213971 149104 
6 : 146967 146969 146972 164475 164481 180782 
6 : 5831 146993 146985 5840 5833 170375 
6 : 107106 135026 146998 107105 107120 135045 
6 : 146987 146994 109134 200678 109144 109149 
6 : 73411 97249 57930 73408 57924 57926 
6 : 147013 147009 147014 238424 255840 238428 
6 : 131594 146695 96367 131593 96364 96366 
6 : 147081 138420 147076 138438 223446 138426 
6 : 147134 147139 118760 250213 118779 118784 
6 : 45073 147172 147170 45082 45078 205670 
6 : 147180 147175 147179 251065 264225 251064 
6 : 37343 147189 147181 37350 37344 158221 
6 : 69079 147287 147289 69084 69087 213419 
6 : 147301 54074 147303 54093 253804 54102 
6 : 147305 147309 63442 163653 63445 63452 
6 : 147411 147399 147408 150928 261202 150922 
6 : 147479 147487 24943 156932 24945 24958 
6 : 147518 147516 147521 211459 221726 211468 
6 : 13763 147543 147551 13767 13776 185810 
6 : 36889 147596 147589 36901 36893 198659 
6 : 124183 99105 147602 99104 124200 99127 
6 : 125495 58778 119582 58774 119577 58772 
6 : 147613 147623 147619 234142 234139 262577 
6 : 147624 147639 147632 156570 156559 213098 
6 : 147716 45657 147715 45676 255650 45671 
6 : 147720 147724 65290 182173 65295 65306 
6 : 102313 16796 147810 16787 102322 16808 
6 : 135935 147806 147812 135938 135945 160663 
6 : 147822 147832 146595 197362 146600 146611 
6 : 147823 130375 147829 130380 213060 130386 
6 : 147824 147827 145886 218793 145895 145906 
6 : 23981 146728 147876 23980 23985 146731 
6 : 147890 147886 147887 186024 241792 186018 
6 : 12806 147899 147898 12820 12819 264048 
6 : 147891 89555 147894 89557 162650 89562 
6 : 147901 147908 147913 172868 172877 238337 
6 : 78893 116761 147989 78887 78902 116779 
6 : 147983 38798 147992 38803 195761 38818 
6 : 147988 147981 147985 179013 218595 179009 
6 : 56313 100479 137421 56308 56310 100475 
6 : 148001 89013 148003 89028 246931 89034 
6 : 148009 148006 119920 184389 119942 119934 
6 : 148010 148011 103417 254166 103426 103429 
6 : 148095 82217 133968 82233 133991 82215 
6 : 148103 113418 148110 113423 166412 113431 
6 : 148104 148115 148107 190115 190107 239288 
6 : 148105 148114 104615 209935 104628 104647 
6 : 148109 148102 25018 164364 25033 25023 
6 : 148188 54180 148185 54195 202616 54188 
6 : 148191 148190 148182 252625 164200 164199 
6 : 80657 148198 107986 80658 80655 107991 
6 : 8857 148217 135500 8871 8856 135517 
6 : 148210 148218 148213 169069 169059 200191 
6 : 148226 118837 130255 118842 130266 118835 
6 : 148286 148283 148284 176700 182208 176695 
6 : 137846 148311 148317 137854 137862 203057 
6 : 148307 56532 148315 56536 167624 56549 
6 : 148386 148383 148389 187124 231044 187130 
6 : 109414 148399 148392 109424 109415 151690 
6 : 148495 16891 148499 16902 219542 16911 
6 : 148497 124228 148492 124239 175634 124230 
6 : 12004 148506 55502 12014 12000 55509 
6 : 6595 148522 20361 6606 6585 20380 
6 : 148606 148605 148595 261944 173865 173862 
6 : 118611 94621 148697 94619 118619 94630 
6 : 148701 148695 73588 154553 73606 73589 
6 : 140519 148806 148804 140532 140527 248219 
6 : 148829 148830 148824 252341 192857 192858 
6 : 148901 148898 92938 223493 92954 92945 
6 : 5488 148917 148914 5506 5497 247752 
6 : 148913 64504 148905 64518 158854 64506 
6 : 89099 148929 148934 89112 89119 253503 
6 : 148931 148933 148924 262168 212674 212678 
6 : 69700 12069 117600 12061 69699 12066 
6 : 98052 114273 24049 98051 24043 24045 
6 : 128861 149006 149007 128863 128864 196475 
6 : 149023 40490 111477 40505 111497 40487 
6 : 41440 149030 148238 41445 41439 148242 
6 : 149042 149032 59368 201762 59391 59375 
6 : 32317 126615 149114 32316 32320 126623 
6 : 149118 149125 149117 174277 161022 161040 
6 : 149130 141975 149129 142003 263291 142002 
6 : 11081 149170 1891 11099 1882 1914 
6 : 149233 70874 149231 70892 223494 70884 
6 : 34473 117355 149326 34470 34474 117356 
6 : 135815 102487 149352 102485 135827 102506 
6 : 149439 149435 149442 184522 243426 184528 
6 : 149451 88856 149448 88870 224078 88866 
6 : 149548 149543 23982 203547 24000 23989 
6 : 149550 31980 21875 32000 21902 21860 
6 : 90698 70088 149551 70082 90699 70089 
6 : 149559 149563 104994 209724 105005 105016 
6 : 149561 149552 149555 156292 164279 156280 
6 : 149562 6825 149564 6842 255689 6847 
6 : 149624 149626 149625 182064 182058 196665 
6 : 59020 149647 149654 59022 59031 166669 
6 : 149671 149675 10040 257367 10062 10071 
6 : 53747 149690 149689 53762 53761 262482 
6 : 149683 2364 3168 2370 3171 2352 
6 : 2365 149749 149750 2379 2382 260231 
6 : 149746 104593 91347 104606 91361 91337 
6 : 149808 48377 149807 48384 188453 48383 
6 : 149811 149806 65818 187149 65838 65821 
6 : 63501 149819 149818 63507 63504 234879 
6 : 149833 149841 149825 244338 186097 186108 
6 : 149845 76750 146805 76751 146808 76749 
6 : 149923 149916 149918 157189 226648 157180 
6 : 149932 149928 149931 215283 240845 215282 
6 : 149937 149926 149927 178302 197292 178290 
6 : 149948 149944 91348 205813 91356 91355 
6 : 150020 150032 150027 169264 169257 222981 
6 : 150033 31089 150022 31110 209699 31093 
6 : 150034 143002 99604 143004 99606 99603 
6 : 150039 150046 150035 203691 187654 187668 
6 : 150045 150043 113648 221679 113668 113657 
6 : 123945 150051 150059 123951 123965 188951 
6 : 150145 150138 150148 185088 254640 185093 
6 : 150153 150149 98371 174107 98388 98374 
6 : 35546 150157 150165 35547 35557 154911 
6 : 150161 150173 85820 205139 85829 85840 
6 : 150266 150269 150267 184392 184385 237502 
6 : 150272 60023 150264 60045 154760 60024 
6 : 150354 54215 150358 54223 220208 54231 
6 : 122092 150449 78775 122093 78770 78776 
6 : 125051 150451 119550 125055 119548 119555 
6 : 64825 45370 45025 45362 45012 45011 
6 : 150464 89799 150459 89816 207373 89806 
6 : 150482 150485 150486 153296 153297 178362 
6 : 33149 150545 150549 33165 33169 242637 
6 : 150544 52502 150548 52511 222535 52525 
6 : 119966 150553 49933 119971 49931 49944 
6 : 85868 150572 129148 85881 85866 129170 
6 : 150562 150573 150563 182201 182185 190596 
6 : 32942 58031 150586 32932 32955 58051 
6 : 150646 144634 150652 144635 159637 144647 
6 : 16061 19567 150675 16052 16067 19573 
6 : 150743 150748 150746 167592 167585 186914 
6 : 150751 24881 18235 24896 18256 18224 
6 : 150754 100428 130857 100433 130863 100424 
6 : 150769 150776 150770 152466 152458 155438 
6 : 150782 150780 150786 250060 252647 250066 
6 : 65819 150856 150862 65820 65837 167627 
6 : 150871 150875 5260 224429 5276 5285 
6 : 150877 150868 150872 166655 225059 166645 
6 : 150879 150884 150883 209929 209928 243983 
6 : 151065 151063 151062 231841 202377 202369 
6 : 100457 151085 151086 100462 100466 196350 
6 : 151088 151092 135269 253200 135289 135296 
6 : 151098 151108 151106 169706 169705 264054 
6 : 29583 151144 13829 29594 13819 13848 
6 : 151136 151151 151143 167336 167331 244838 
6 : 151170 109824 151176 109831 222753 109841 
6 : 151178 151171 151168 232349 193486 193475 
6 : 142172 151190 151185 142180 142176 185683 
6 : 98628 151274 151278 98640 98648 249230 
6 : 151283 86027 151284 86033 201957 86035 
6 : 22114 151389 151390 22121 22124 229033 
6 : 108816 151395 151397 108826 108831 261703 
6 : 151394 151387 151386 213103 197492 197478 
6 : 151396 132321 151391 132337 249529 132330 
6 : 151407 151400 151410 158093 214793 158098 
6 : 151498 151497 46605 171386 46607 46606 
6 : 151508 28077 151509 28081 160497 28083 
6 : 151521 59502 151513 59528 202896 59512 
6 : 151554 151551 120279 243436 120304 120296 
6 : 151609 151611 94348 238544 94361 94368 
6 : 146036 151619 39658 146041 39657 39662 
6 : 151618 89573 99258 89579 99268 89571 
6 : 151620 151627 96949 226992 96957 96959 
6 : 151642 151647 151651 189748 189751 236527 
6 : 151648 132646 151641 132657 185519 132649 
6 : 151668 151661 151654 208187 161930 161920 
6 : 151710 150654 151712 150657 187628 150666 
6 : 151711 151708 127104 168309 127112 127107 
6 : 151727 151719 33425 165285 33451 33427 
6 : 151797 151799 151794 244001 152905 152910 
6 : 151798 151803 93610 247737 93620 93627 
6 : 151812 151820 151819 215897 215894 259125 
6 : 68540 128257 151826 68539 68544 128265 
6 : 151890 151885 151892 173657 229986 173662 
6 : 100709 45102 151905 45099 100718 45116 
6 : 151903 151902 42648 213296 42660 42658 
6 : 86614 151910 151917 86618 86625 173149 
6 : 151915 10209 105334 10219 105352 10203 
6 : 152002 152008 6550 186747 6553 6570 
6 : 152035 152040 152041 219280 219281 260543 
6 : 152105 152106 152108 252978 252979 256513 
6 : 152122 12413 152120 12438 262737 12435 
6 : 152236 152248 152241 211314 211310 252258 
6 : 152245 152250 152242 256779 253054 253060 
6 : 152254 104564 55395 104565 55397 55387 
6 : 142620 152323 152319 142631 142624 180438 
6 : 152321 105528 152320 105534 193240 105533 
6 : 15399 56942 152332 15397 15413 56951 
6 : 152336 152334 152329 242809 182906 182902 
6 : 15759 152427 152428 15771 15773 243252 
6 : 94055 152423 34176 94056 34171 34180 
6 : 130738 141510 152424 130736 130741 141513 
6 : 152431 152444 152437 153419 153407 213778 
6 : 152454 152453 5924 236309 5935 5933 
6 : 152460 139145 152465 139148 176382 139157 
6 : 88331 152519 43974 88339 43968 43987 
6 : 152516 62905 152521 62914 202870 62921 
6 : 141377 152525 152533 141382 141388 201968 
6 : 152628 152627 152624 199459 170620 170617 
6 : 98923 152637 152641 98925 98934 171910 
6 : 152655 152645 51900 183759 51922 51902 
6 : 152656 152650 152651 234401 238438 234389 
6 : 152732 152729 99748 162760 99760 99751 
6 : 152733 41151 28422 41168 28444 28410 
6 : 138045 152749 152742 138053 138048 185406 
6 : 152840 152848 152844 177408 177400 223051 
6 : 152853 84111 152843 84131 219006 84119 
6 : 61384 22318 152870 22306 61398 22337 
6 : 29584 142190 120405 29582 29579 120404 
6 : 136471 136919 152951 136468 136484 136937 
6 : 152946 152949 152944 202125 188543 188552 
6 : 152961 152958 152965 220680 247213 220684 
6 : 152962 152968 103231 254776 103247 103257 
6 : 153058 153062 153059 197013 197009 198096 
6 : 143175 153168 153172 143177 143187 196907 
6 : 153166 153164 153163 169860 166659 166658 
6 : 153175 153176 153183 177119 177130 177409 
6 : 153177 33978 153180 33986 206522 33988 
6 : 84781 153270 153272 84793 84796 251856 
6 : 153273 72101 129547 72121 129568 72100 
6 : 123841 153294 62850 123861 62848 62873 
6 : 153308 48346 79546 48365 79562 48338 
6 : 37060 153326 117440 37070 37058 117453 
6 : 148014 153353 153355 148021 148025 218368 
6 : 153361 148322 153362 148334 260638 148335 
6 : 153453 153448 153450 199123 208624 199119 
6 : 65592 6644 153458 6639 65597 6651 
6 : 153457 153466 117067 193430 117072 117088 
6 : 153473 153470 122713 167095 122724 122714 
6 : 153483 153491 112005 188163 112012 112024 
6 : 153545 153550 153549 204971 204970 254099 
6 : 11439 153131 153570 11438 11446 153147 
6 : 98155 153561 10803 98156 10796 10804 
6 : 153646 61544 153647 61550 196948 61558 
6 : 153660 153651 91921 186381 91944 91924 
6 : 31738 153328 153671 31737 31748 153348 
6 : 153747 153752 101736 184097 101739 101761 
6 : 123822 153756 143906 123829 123821 143915 
6 : 32227 88263 42006 32219 32217 41999 
6 : 153821 153823 153839 196516 196531 202293 
6 : 34150 153846 153840 34155 34152 166350 
6 : 153877 153874 88131 191207 88142 88139 
6 : 153935 119332 10528 119341 10540 10525 
6 : 23691 111843 153945 23686 23696 111850 
6 : 153939 153951 153949 181223 181220 251930 
6 : 153940 80936 106681 80940 106688 80934 
6 : 153982 153972 153980 159332 247063 159330 
6 : 154036 154034 154041 190311 244050 190318 
6 : 154040 154032 154033 171957 187836 171942 
6 : 154049 154047 154056 186015 228907 186027 
6 : 154054 154055 154043 253143 163792 163800 
6 : 154152 154149 154148 197136 175390 175381 
6 : 154244 154242 154255 217768 226828 217779 
6 : 154254 143969 154245 143989 232795 143980 
6 : 154263 36848 154257 36864 190274 36851 
6 : 154291 126531 154293 126549 249690 126550 
6 : 28853 141297 154355 28852 28858 141304 
6 : 154358 154361 154364 223357 223359 241054 
6 : 44044 130656 154375 44041 44056 130668 
6 : 154368 145845 154371 145848 169157 145851 
6 : 24095 70578 154475 24090 24101 70585 
6 : 154476 110403 154473 110415 162606 110404 
6 : 154486 154498 29023 208703 29034 29052 
6 : 121853 154509 31845 121864 31843 31857 
6 : 154515 18049 8149 18072 8173 8138 
6 : 51191 62348 154560 51183 51206 62364 
6 : 107154 154555 154561 107155 107167 156194 
6 : 154571 132232 154568 132250 232527 132244 
6 : 71 154654 22591 86 64 22607 
6 : 131610 61771 100361 61769 100360 61767 
6 : 154691 154694 154687 202434 158935 158942 
6 : 30288 154768 154766 30301 30295 226570 
6 : 154765 154763 138786 171854 138797 138788 
6 : 154770 154764 47494 188519 47516 47497 
6 : 154779 153295 154775 153309 229193 153303 
6 : 154831 71409 154843 71422 240483 71433 
6 : 53210 57356 154871 53203 53220 57372 
6 : 97201 154887 140991 97214 97200 141006 
6 : 154877 122925 927 122927 933 925 
6 : 154968 37290 154965 37301 199370 37293 
6 : 154982 154972 154977 221028 245081 221024 
6 : 154984 154973 154981 225834 259516 225829 
6 : 82919 87339 154992 82913 82928 87345 
6 : 155037 155034 155031 254759 251887 251885 
6 : 155081 155072 1413 170254 1434 1414 
6 : 111379 14374 140358 14366 111378 14370 
6 : 155181 155185 155180 220440 202141 202152 
6 : 155184 97673 155177 97680 173509 97674 
6 : 155208 155197 155194 217514 177058 177046 
6 : 108888 131401 140057 108883 108886 131397 
6 : 155216 65095 155213 65100 160083 65097 
6 : 155284 155282 155285 201552 223821 201553 
6 : 155289 155281 155290 166479 262457 166481 
6 : 16399 155295 155296 16412 16413 241463 
6 : 155293 155292 155301 171156 194250 171168 
6 : 155400 91993 155397 92010 255714 92008 
6 : 41863 102368 149075 41855 41859 102366 
6 : 155416 155411 155417 249014 263883 249015 
6 : 134176 152371 155419 134175 134179 152375 
6 : 12298 112907 155505 12294 12312 112928 
6 : 26607 119676 155512 26605 26619 119691 
6 : 155511 143692 155514 143710 235259 143713 
6 : 155513 155517 87471 244025 87489 87496 
6 : 155586 155591 81347 238977 81363 81372 
6 : 28079 52022 155604 28073 28096 52037 
6 : 155607 155608 84411 165306 84414 84418 
6 : 72064 36634 48013 36625 47999 36624 
6 : 155690 155689 155701 222277 227742 222294 
6 : 155692 155695 155699 232488 232492 249188 
6 : 155702 155713 155710 159013 159012 245040 
6 : 155787 41441 155777 41454 177890 41442 
6 : 155792 155780 137621 194566 137636 137626 
6 : 20924 155801 155804 20935 20942 246183 
6 : 153796 143050 155799 143049 153808 143061 
6 : 155795 155803 44106 160495 44110 44122 
6 : 155800 155806 155802 238311 238308 251247 
6 : 155819 60707 155814 60717 194350 60711 
6 : 135906 155900 151745 135910 135905 151756 
6 : 155903 107756 53949 107765 53960 53938 
6 : 155929 79891 2226 79908 2252 2222 
6 : 131707 118763 155940 118758 131721 118778 
6 : 155938 155945 119357 241176 119376 119387 
6 : 4690 156011 31846 4697 4682 31856 
6 : 121854 109138 17936 109132 17934 17931 
6 : 94301 115490 21388 94295 21378 21382 
6 : 156202 156204 156197 219264 168116 168125 
6 : 156226 56106 148038 56118 148050 56104 
6 : 30894 3940 156305 3934 30896 3944 
6 : 116829 156304 156312 116832 116839 173519 
6 : 124888 156307 156308 124893 124900 223495 
6 : 102213 142153 36254 102211 36248 36252 
6 : 4168 156319 156327 4170 4182 205381 
6 : 156324 156326 109495 233719 109512 109516 
6 : 156331 156329 156325 262835 250982 250980 
6 : 156341 156343 156344 236560 236561 241367 
6 : 156412 156406 136423 201298 136441 136430 
6 : 156416 119790 48014 119797 48018 48007 
6 : 156425 41705 156420 41714 206252 41708 
6 : 138382 83069 31199 83068 31197 31195 
6 : 156504 156512 70060 157460 70061 70069 
6 : 156513 156510 156515 238241 248319 238242 
6 : 156558 156571 142191 189254 142196 142208 
6 : 19690 156602 156610 19695 19703 209493 
6 : 156603 156611 5261 223484 5274 5291 
6 : 156606 156604 156605 235510 243636 235509 
6 : 145215 156656 156666 145222 145233 199115 
6 : 156723 156719 113908 239384 113924 113916 
6 : 156740 134899 156742 134904 236413 134909 
6 : 156754 156765 116956 225954 116963 116974 
6 : 156755 25336 156762 25343 230400 25351 
6 : 156825 156828 69169 188747 69171 69178 
6 : 156826 156829 156830 199741 199742 242130 
6 : 153662 51427 137646 51426 137645 51424 
6 : 156843 156847 112620 234079 112628 112634 
6 : 156911 147938 156910 147955 253505 147954 
6 : 156924 156921 156918 260162 247560 247556 
6 : 156927 156942 39174 207050 39176 39194 
6 : 157014 157015 157021 178424 178438 202686 
6 : 3776 157031 157029 3784 3781 234156 
6 : 138138 13905 157024 13900 138141 13910 
6 : 157025 71157 157032 71162 198457 71169 
6 : 157026 142173 157034 142179 214172 142187 
6 : 43702 157042 157041 43713 43709 195674 
6 : 39727 130764 157138 39723 39739 130790 
6 : 157144 157153 157151 208934 208932 262385 
6 : 157229 157228 157226 239928 234925 234922 
6 : 70348 157257 157253 70356 70351 174478 
6 : 157324 157328 157326 163267 163263 224075 
6 : 115827 157340 157339 115841 115840 252966 
6 : 157343 157345 157349 170583 170588 222448 
6 : 157352 157355 157354 254846 254845 263147 
6 : 52971 150200 149198 52970 52969 149196 
6 : 157421 157428 27527 170876 27528 27534 
6 : 157423 157427 157426 222631 222629 229660 
6 : 157431 70840 157434 70847 208201 70857 
6 : 157436 55002 129906 55016 129927 55001 
6 : 157456 107051 157464 107056 181151 107063 
6 : 157462 54181 157465 54197 246711 54203 
6 : 157482 157480 5728 254480 5749 5746 
6 : 157510 157507 157509 182879 247310 182878 
6 : 157519 157515 157518 183232 193900 183231 
6 : 157522 112817 44260 112820 44267 44259 
6 : 157537 129011 143023 129023 143037 129010 
6 : 157541 128021 157535 128034 194265 128024 
6 : 17081 64505 157619 17077 17085 64508 
6 : 157640 157632 157635 210110 246538 210105 
6 : 157642 157658 80733 193130 80737 80755 
6 : 157653 120719 157645 120736 227913 120726 
6 : 157660 157649 157646 236379 229956 229941 
6 : 119877 75587 157734 75585 119888 75600 
6 : 157730 157733 157728 242212 171215 171223 
6 : 157747 157737 157743 193239 251820 193232 
6 : 97440 129129 157754 97434 97452 129139 
6 : 157778 157781 157779 159320 159318 188605 
6 : 87584 115549 91888 87581 87576 91883 
6 : 157832 157830 157837 160513 171444 160518 
6 : 157839 157838 38639 247387 38655 38654 
6 : 89250 157851 77485 89264 77478 77498 
6 : 70802 157863 157871 70808 70818 239021 
6 : 147939 83601 157936 83599 147945 83607 
6 : 7579 60575 157949 7568 7588 60590 
6 : 110718 157946 130889 110723 110717 130895 
6 : 158048 158046 57357 248773 57378 57373 
6 : 106984 158051 158058 106985 106990 176494 
6 : 158069 158078 158070 202057 202045 210727 
6 : 158074 158063 158071 174637 219728 174631 
6 : 158167 31523 158166 31534 242449 31533 
6 : 158172 6366 158168 6381 244381 6373 
6 : 158181 89251 158176 89262 195395 89253 
6 : 158182 77486 74709 77497 74725 74703 
6 : 99802 45963 158201 45957 99808 45966 
6 : 158200 4238 42226 4240 42228 4230 
6 : 158210 89956 158203 89971 220243 89963 
6 : 158268 158271 158269 191392 191384 198639 
6 : 130442 158295 64244 130444 64238 64248 
6 : 158312 158324 158328 221383 221388 261193 
6 : 131837 24206 112474 24203 112472 24201 
6 : 158354 144302 158350 144316 221762 144306 
6 : 25791 150274 99969 25790 25784 99967 
6 : 158363 158374 152806 161856 152807 152826 
6 : 46529 121528 158381 46526 46533 121534 
6 : 114217 158448 158445 114234 114231 243944 
6 : 149954 34883 158443 34881 149961 34893 
6 : 158444 158442 158441 231373 186298 186293 
6 : 109433 158453 63972 109439 63965 63976 
6 : 158477 158483 71188 200544 71195 71206 
6 : 158498 119677 158493 119690 211716 119684 
6 : 158543 158549 158544 227902 227895 240981 
6 : 128812 158576 158584 128817 128828 211582 
6 : 49730 124574 158585 49726 49732 124576 
6 : 158588 158592 23420 194727 23426 23430 
6 : 158600 158591 158586 217075 179811 179806 
6 : 158652 158664 158654 165205 165192 167857 
6 : 158658 158662 158657 238347 202543 202551 
6 : 158672 158671 158666 252350 208062 208059 
6 : 158694 88769 158681 88788 205425 88776 
6 : 158695 6516 158692 6532 253410 6527 
6 : 96830 56943 158767 56940 96840 56954 
6 : 101124 158769 158765 101132 101129 208461 
6 : 158772 76105 158764 76117 207200 76110 
6 : 37696 158783 146708 37711 37694 146725 
6 : 158778 158782 158779 205209 205206 236540 
6 : 110872 57178 158794 57171 110885 57188 
6 : 146966 158876 158881 146973 146979 230216 
6 : 158874 158884 158873 218939 199267 199281 
6 : 158885 158892 158899 171815 171823 243036 
6 : 85869 158907 103030 85876 85863 103044 
6 : 158903 18975 37721 18979 37725 18967 
6 : 158910 158900 79950 165108 79970 79951 
6 : 158974 158978 158984 159554 159562 214970 
6 : 158979 50623 158983 50631 215835 50638 
6 : 158981 143255 158975 143263 170841 143258 
6 : 15883 158989 158992 15885 15889 163597 
6 : 148936 158999 158990 148948 148937 167383 
6 : 159014 159008 115435 201992 115456 115441 
6 : 159072 159069 159071 162984 185736 162983 
6 : 159081 146807 159080 146823 252317 146822 
6 : 128813 159118 159111 128827 128821 224409 
6 : 159161 152493 24470 152500 24483 24469 
6 : 159171 109497 159183 109503 204183 109515 
6 : 159275 159277 95935 216306 95940 95941 
6 : 159276 82472 159281 82480 217138 82490 
6 : 159279 108104 159278 108119 223865 108117 
6 : 141033 159292 159285 141041 141035 184209 
6 : 159286 18818 88132 18824 88140 18811 
6 : 159287 159291 159289 204869 204866 217044 
6 : 159392 159383 159386 190071 204587 190059 
6 : 159395 107524 159397 107543 263784 107545 
6 : 92076 159408 159407 92086 92085 263309 
6 : 147262 159405 143468 147277 143465 143486 
6 : 159404 159402 135757 243544 135775 135770 
6 : 159406 159403 159409 250184 262642 250188 
6 : 3941 159422 90486 3962 3937 90513 
6 : 118070 153236 83255 118068 83248 83252 
6 : 136273 148776 159494 136271 136281 148784 
6 : 159490 159496 159491 181718 181711 193706 
6 : 159499 159509 159504 160699 160695 211941 
6 : 159503 159508 159515 199331 199334 226126 
6 : 159514 159516 159510 254503 238665 238670 
6 : 159524 7549 159519 7560 222268 7556 
6 : 159600 107873 159593 107888 177536 107876 
6 : 66796 159610 157271 66815 66795 157289 
6 : 159612 159607 144346 261129 144374 144368 
6 : 159700 159695 159697 223183 249884 223178 
6 : 159702 159699 16855 258806 16878 16874 
6 : 61097 159803 159797 61109 61101 193821 
6 : 64770 29465 63444 29456 63435 29455 
6 : 159802 144730 146313 144746 146333 144728 
6 : 159808 159819 159811 185968 185960 210038 
6 : 159859 159861 80863 249609 80878 80880 
6 : 48566 159900 159899 48577 48575 263840 
6 : 129453 159892 65680 129463 65677 65699 
6 : 16515 159911 60473 16529 16506 60493 
6 : 159922 159919 159920 205793 229446 205787 
6 : 66768 160000 44592 66780 44584 44607 
6 : 160004 160003 22494 259133 22520 22518 
6 : 160014 160017 154382 238737 154395 154404 
6 : 160020 160019 5104 262505 5127 5125 
6 : 146262 160028 160034 146268 146273 220471 
6 : 160108 29187 160113 29193 193004 29199 
6 : 109207 741 160121 734 109221 748 
6 : 160117 110214 82602 110215 82603 82595 
6 : 158679 160191 160189 158685 158683 212253 
6 : 148906 160196 55062 148909 55060 55066 
6 : 160289 44844 160292 44846 174529 44855 
6 : 160303 160301 160307 189703 192366 189711 
6 : 160379 43242 20538 43255 20552 20530 
6 : 12778 160394 133195 12786 12776 133208 
6 : 160389 160384 63638 189342 63646 63642 
6 : 99058 160410 142638 99077 99057 142663 
6 : 160413 160425 160414 189088 189081 191475 
6 : 160423 160419 95226 250329 95240 95235 
6 : 160426 160424 160428 262050 262579 262051 
6 : 120705 160485 68051 120715 68049 68076 
6 : 160493 119178 160492 119189 233829 119188 
6 : 160536 160552 160555 174809 174812 256318 
6 : 133701 160583 160581 133703 133702 166968 
6 : 150655 160585 160587 150658 150667 193998 
6 : 149769 160592 114363 149773 114362 114367 
6 : 160596 160603 160600 233533 233532 254619 
6 : 160605 160608 63415 190292 63417 63421 
6 : 85970 160674 105841 85976 85967 105853 
6 : 86214 160685 160682 86228 86223 224303 
6 : 160684 66242 160683 66256 239661 66253 
6 : 105458 160690 160697 105462 105468 183983 
6 : 135251 25022 56216 25016 56211 25011 
6 : 160764 160760 100363 242318 100395 100380 
6 : 160775 160779 160774 196726 163875 163878 
6 : 160799 160797 39520 222185 39540 39538 
6 : 160852 111958 52449 111960 52450 52444 
6 : 160855 160860 160854 216815 183918 183928 
6 : 160862 110940 160865 110941 170147 110946 
6 : 28531 160886 160882 28541 28539 225890 
6 : 160885 160883 160879 231158 206139 206134 
6 : 38901 160965 160982 38904 38927 176244 
6 : 160992 26454 57261 26472 57277 26447 
6 : 160993 86544 149786 86556 149799 86543 
6 : 130116 161050 161052 130122 130123 249560 
6 : 101271 161055 161057 101274 101277 192278 
6 : 161059 161056 24357 195348 24369 24364 
6 : 161086 161088 161095 210987 210995 217250 
6 : 161145 161146 161144 224566 213174 213176 
6 : 1634 161151 161157 1636 1647 170033 
6 : 161154 138266 25710 138274 25716 25706 
6 : 161239 161243 161242 193894 193887 254372 
6 : 161252 161249 161256 221528 224942 221534 
6 : 161279 161288 161275 211999 184816 184832 
6 : 58179 103204 161339 58176 58181 103205 
6 : 161342 161345 67496 216500 67503 67514 
6 : 161343 76905 161341 76912 201812 76908 
6 : 155921 129454 161368 129451 155931 129472 
6 : 161366 123033 15354 123044 15366 15349 
6 : 102777 161440 161442 102784 102785 219128 
6 : 104461 161438 119246 104466 104455 119254 
6 : 161451 117327 67214 117338 67225 67210 
6 : 161484 161472 161479 195649 246176 195645 
6 : 161485 17185 161471 17206 190207 17188 
6 : 11389 161541 161539 11397 11394 254050 
6 : 161542 103353 161538 103375 242196 103367 
6 : 122326 161553 4458 122332 4454 4470 
6 : 161544 161547 23188 170327 23189 23194 
6 : 135839 149076 134392 135837 134386 134389 
6 : 161560 161563 161567 218080 218084 238597 
6 : 23571 112116 161581 23567 23586 112134 
6 : 161578 161577 161580 212964 213432 212971 
6 : 93829 161637 161635 93841 93840 258580 
6 : 161627 161638 81349 204184 81356 81370 
6 : 12464 62303 158305 12456 12463 62302 
6 : 161643 161642 136964 185158 136970 136968 
6 : 161734 161746 148040 178301 148045 148062 
6 : 161740 161735 161749 200954 235549 200964 
6 : 77818 149048 161764 77816 77835 149069 
6 : 73560 117174 12733 73558 12721 12726 
6 : 66444 161839 161840 66453 66454 240828 
6 : 161838 121576 130257 121581 130264 121571 
6 : 161843 161853 161846 183680 183670 208837 
6 : 161860 161870 161867 180843 180842 259225 
6 : 46117 155143 61269 46116 46108 61268 
6 : 161891 157294 161900 157295 175046 157311 
6 : 161941 87961 161945 87969 226369 87980 
6 : 28532 161961 31232 28549 28523 31251 
6 : 60955 161959 161951 60975 60961 225896 
6 : 8691 161968 161975 8698 8710 236073 
6 : 162055 162059 162050 254500 179532 179540 
6 : 162088 162085 162081 252913 211238 211236 
6 : 162144 84618 83230 84620 83234 83219 
6 : 162163 120258 162167 120266 243962 120270 
6 : 147019 162330 95982 147026 95981 95997 
6 : 162340 162343 27044 196112 27051 27059 
6 : 51466 162358 162353 51474 51471 233188 
6 : 131966 71596 162359 71594 131978 71614 
6 : 162360 18149 162355 18163 237827 18159 
6 : 162361 108590 162354 108610 233826 108599 
6 : 105942 162427 162426 105952 105951 220621 
6 : 127506 162422 88133 127508 88126 88137 
6 : 162431 100073 35832 100076 35835 35824 
6 : 162487 162492 162485 197059 192848 192855 
6 : 109680 162549 162548 109684 109682 205338 
6 : 73 162590 162584 85 79 211264 
6 : 152984 162630 162632 152991 152994 191192 
6 : 87671 154075 162653 87669 87680 154088 
6 : 162693 162709 162706 164084 164082 257643 
6 : 31123 162717 162724 31126 31137 185616 
6 : 80822 120354 162718 80818 80823 120358 
6 : 130117 90953 162744 90948 130118 90954 
6 : 13139 162830 32382 13151 13129 32401 
6 : 162851 88697 162846 88711 188609 88703 
6 : 162852 162848 162847 201900 188879 188870 
6 : 162924 35977 93483 35978 93484 35968 
6 : 162928 109618 162927 109643 253689 109639 
6 : 162932 162940 162939 167059 167056 229100 
6 : 162934 162942 162931 197766 166352 166363 
6 : 162943 162944 162935 246003 197848 197850 
6 : 162951 156989 120407 156996 120415 120406 
6 : 71247 4582 76007 4573 71240 4575 
6 : 163035 163038 163033 237844 194412 194415 
6 : 7934 81696 163047 7927 7944 81701 
6 : 163043 163044 31487 207725 31490 31491 
6 : 163149 163148 163141 251350 215246 215243 
6 : 163170 163178 163169 244893 237868 237875 
6 : 163226 163225 121646 219900 121659 121654 
6 : 163230 163229 146199 258149 146218 146214 
6 : 163240 108439 163237 108456 234615 108447 
6 : 163242 163239 152085 249565 152099 152093 
6 : 17045 163254 163258 17058 17061 255997 
6 : 120964 163326 79981 120978 79975 79997 
6 : 163336 100964 163339 100976 246618 100978 
6 : 86682 163353 163346 86703 86694 250075 
6 : 59113 75336 163429 59110 59116 75339 
6 : 163441 163442 114390 234475 114403 114404 
6 : 163517 163513 15884 199412 15901 15890 
6 : 53356 81175 163528 53347 53364 81184 
6 : 162560 163625 14575 162562 14574 14578 
6 : 32788 144414 132234 32784 32783 132228 
6 : 163705 163713 161292 181992 161295 161311 
6 : 163708 163711 163714 211355 211360 251644 
6 : 17907 163719 163721 17914 17915 237270 
6 : 119202 163720 163726 119210 119215 240784 
6 : 163727 108703 147771 108725 147793 108700 
6 : 163739 163738 163740 253810 254007 253813 
6 : 127523 76036 72131 76030 72125 72122 
6 : 139482 163811 118540 139483 118537 118541 
6 : 11466 116106 163855 11461 11480 116124 
6 : 163854 35030 163842 35047 166815 35031 
6 : 163870 163872 163866 262391 230527 230529 
6 : 163905 163909 82079 236714 82087 82095 
6 : 163907 163904 163911 221175 248262 221185 
6 : 163915 45231 163916 45241 260187 45242 
6 : 163921 163930 76280 179881 76285 76304 
6 : 7602 163986 163981 7609 7606 175951 
6 : 163999 63707 163997 63714 216951 63710 
6 : 164013 130351 35516 130356 35520 35512 
6 : 164040 32276 164039 32293 260387 32290 
6 : 164113 164109 164108 223847 207756 207748 
6 : 115849 164121 91404 115859 91399 91415 
6 : 111915 164211 164214 111923 111932 206338 
6 : 164215 47741 151245 47759 151262 47738 
6 : 164221 164216 38493 183420 38508 38496 
6 : 137075 164244 164241 137081 137079 175197 
6 : 164297 164301 164300 192655 192652 246189 
6 : 164310 164303 164311 176562 241655 176564 
6 : 164314 164321 164304 254336 186103 186112 
6 : 164399 5694 94983 5705 94994 5689 
6 : 164405 164398 164397 227552 221483 221470 
6 : 164413 87175 164420 87179 208290 87188 
6 : 164418 117683 164412 117697 204807 117689 
6 : 35294 164425 164424 35298 35296 186685 
6 : 164451 27967 164445 27986 247996 27978 
6 : 164495 164496 102134 214946 102143 102145 
6 : 164503 164502 164506 178784 180380 178788 
6 : 131061 164527 164526 131077 131075 262802 
6 : 164518 47357 152682 47369 152691 47355 
6 : 164521 164516 17300 205673 17314 17305 
6 : 164597 61119 164600 61128 248620 61132 
6 : 157892 129814 164607 129813 157896 129819 
6 : 131708 122760 164614 122757 131710 122762 
6 : 164613 164616 164611 195991 166462 166469 
6 : 164623 164618 164624 238137 258909 238138 
6 : 164629 164640 94349 217091 94356 94376 
6 : 73192 164698 164711 73193 73213 175002 
6 : 164697 164696 164704 167915 173486 167919 
6 : 164699 158625 164706 158627 182507 158639 
6 : 164709 164710 164708 260800 259988 259990 
6 : 164803 62580 164791 62598 202721 62586 
6 : 153777 164845 164832 153793 153778 174869 
6 : 4430 164899 164905 4433 4440 192332 
6 : 84742 164900 58478 84746 58470 58484 
6 : 164902 164901 164907 217144 247585 217148 
6 : 164913 39800 164908 39818 195227 39804 
6 : 41832 7901 164924 7891 41840 7912 
6 : 164926 75211 164919 75222 173212 75212 
6 : 164957 164951 67215 178157 67228 67218 
6 : 164994 114626 90973 114629 90978 90969 
6 : 165008 165010 165006 250054 240163 240169 
6 : 165019 165023 97858 263133 97877 97882 
6 : 165098 165097 37723 210029 37732 37729 
6 : 21697 10620 165164 10606 21699 10621 
6 : 122282 82830 165165 82825 122284 82832 
6 : 165166 152917 165169 152921 199803 152934 
6 : 165173 115649 165172 115666 241675 115662 
6 : 115001 165185 165182 115014 115008 245080 
6 : 165178 165177 165179 184080 192243 184084 
6 : 133285 23662 9678 23658 9676 9668 
6 : 165197 165201 15938 222820 15945 15957 
6 : 165256 165257 165255 238049 165386 165388 
6 : 10012 165261 165264 10016 10018 195592 
6 : 73016 165345 165343 73025 73022 212965 
6 : 165347 165344 165349 215394 229800 215397 
6 : 165351 66102 165352 66107 200537 66108 
6 : 165372 67913 165374 67934 263165 67936 
6 : 165401 90854 165399 90858 177309 90857 
6 : 165412 148156 147043 148171 147058 147040 
6 : 165457 165454 151768 235452 151790 151780 
6 : 165534 165531 165533 247693 261195 247691 
6 : 140646 165601 165589 140667 140650 183826 
6 : 165614 86174 165605 86188 187938 86177 
6 : 165628 165626 15818 200497 15834 15826 
6 : 165629 111607 165625 111620 195006 111611 
6 : 105308 165633 165643 105309 105325 166999 
6 : 165642 165644 165640 259173 252881 252887 
6 : 37041 153002 165651 37040 37043 153009 
6 : 165648 165653 165654 207253 207254 224424 
6 : 92970 153700 165724 92965 92971 153702 
6 : 124693 165727 130891 124701 124687 130900 
6 : 165745 165738 165747 186280 253082 186285 
6 : 165749 138196 13052 138215 13072 13049 
6 : 40365 63814 165755 40356 40368 63818 
6 : 165823 165828 129149 199979 129153 129173 
6 : 165829 165825 165826 250540 258005 250532 
6 : 46819 165838 7804 46826 7796 7815 
6 : 165852 165853 165851 246177 242714 242715 
6 : 165937 121836 165938 121844 244560 121848 
6 : 165969 16348 153597 16353 153603 16346 
6 : 91592 166035 23421 91596 23414 23431 
6 : 166041 166036 166032 250320 193988 193983 
6 : 134549 166046 143445 134559 134547 143456 
6 : 166075 2328 166064 2351 227285 2336 
6 : 166116 105652 166115 105665 248906 105663 
6 : 18760 166126 120608 18774 18754 120629 
6 : 166125 166119 139618 189797 139637 139622 
6 : 166139 166131 77600 193237 77618 77605 
6 : 166199 166198 165768 224913 165781 165780 
6 : 133384 101792 166210 101788 133388 101794 
6 : 165860 166214 166212 165881 165878 245170 
6 : 651 166226 166220 660 655 223117 
6 : 166227 166225 100365 251168 100396 100386 
6 : 166292 70134 166296 70143 241618 70146 
6 : 158283 156452 166305 156450 158290 156463 
6 : 166385 166382 162798 215868 162811 162807 
6 : 25024 166409 166408 25030 25027 210211 
6 : 67834 166435 166426 67849 67837 213184 
6 : 85268 166431 166423 85279 85269 183971 
6 : 166512 106395 166513 106396 177296 106397 
6 : 166521 166532 9844 179053 9847 9864 
6 : 166538 166537 69126 214803 69135 69134 
6 : 87312 122808 166614 87309 87315 122811 
6 : 166622 166629 77098 172661 77101 77113 
6 : 166652 166648 166646 243637 226409 226405 
6 : 166654 166650 166656 249298 256639 249304 
6 : 166724 42810 166721 42828 210703 42815 
6 : 102779 153800 166736 102775 102790 153816 
6 : 166729 166725 117329 178161 117344 117334 
6 : 166757 166764 29946 192259 29950 29964 
6 : 31552 49359 166829 31545 31565 49375 
6 : 166827 84113 33979 84123 33991 33971 
6 : 63284 166838 166830 63299 63285 168745 
6 : 166833 166841 166836 238125 238122 254858 
6 : 166839 166832 166831 228989 212959 212944 
6 : 23636 166917 166920 23638 23648 202076 
6 : 166925 166930 103354 215274 103360 103369 
6 : 161488 166960 153024 161496 153023 153034 
6 : 155099 167014 167008 155108 155102 193543 
6 : 167019 167009 167020 193721 257630 193722 
6 : 139462 167031 112008 139475 112003 112027 
6 : 167024 167021 167022 170546 183738 170543 
6 : 167039 22420 62581 22425 62589 22416 
6 : 167044 167045 151032 263731 151057 151060 
6 : 148403 84216 94600 84214 94597 84208 
6 : 167137 167133 167131 226706 212783 212779 
6 : 167196 136181 167198 136182 179575 136186 
6 : 112366 167260 16516 112372 16511 16526 
6 : 167293 167296 55095 247332 55112 55121 
6 : 167298 167303 100366 176883 100367 100379 
6 : 167302 167299 65534 200573 65545 65542 
6 : 45074 167308 167316 45075 45085 172723 
6 : 167398 154076 167396 154091 261214 154089 
6 : 27901 167406 167401 27908 27902 171819 
6 : 156727 91511 167402 91510 156730 91518 
6 : 50292 167417 166774 50303 50291 166788 
6 : 167460 22181 167462 22190 227270 22191 
6 : 161064 149499 123270 149498 123269 123267 
6 : 167489 161018 167484 161035 185687 161024 
6 : 167499 28535 167497 28543 246624 28542 
6 : 167503 167493 167500 194853 260180 194846 
6 : 149678 167566 158603 149691 149677 158620 
6 : 30979 167578 133723 30986 30976 133730 
6 : 167571 100731 114601 100737 114605 100727 
6 : 167610 167606 154124 257225 154143 154135 
6 : 167663 167666 74710 175938 74713 74732 
6 : 167671 167673 167678 187283 187288 205509 
6 : 90188 85390 167695 85384 90200 85409 
6 : 167692 167691 167686 245507 221560 221559 
6 : 167766 11894 167771 11900 217368 11906 
6 : 167768 167773 167770 227984 227976 244574 
6 : 134043 23031 9964 23029 9960 9952 
6 : 23032 126733 167791 23026 23037 126743 
6 : 24588 167792 167795 24594 24598 244787 
6 : 75709 167804 93585 75720 75704 93597 
6 : 34585 167874 167863 34602 34590 207596 
6 : 167862 167861 167864 197365 200361 197373 
6 : 98988 167878 142401 98994 98983 142407 
6 : 167875 167887 167881 180313 180304 228708 
6 : 30395 167947 167955 30396 30402 181412 
6 : 167986 167983 167988 176329 201574 176331 
6 : 168051 168050 168046 232654 179736 179732 
6 : 168053 168049 163000 229587 163014 163009 
6 : 168144 168141 105597 253291 105615 105612 
6 : 168161 168157 14282 195374 14289 14285 
6 : 106165 168186 168190 106167 106174 173932 
6 : 155810 168200 168191 155828 155816 218539 
6 : 168231 149586 137997 149588 138001 137995 
6 : 117049 168240 168246 117055 117063 230106 
6 : 156222 125731 54483 125729 54481 54477 
6 : 168241 60990 168242 60998 235544 61000 
6 : 155176 159411 168326 155175 155187 159419 
6 : 168327 3942 168320 3954 175756 3943 
6 : 168329 168333 90488 259550 90506 90512 
6 : 168344 168335 168338 180966 218093 180961 
6 : 150383 50054 168378 50052 150395 50070 
6 : 68594 42617 168434 42611 68600 42626 
6 : 168436 168438 168437 234519 234518 244650 
6 : 168439 168435 99752 233774 99775 99764 
6 : 168453 168444 168451 220180 263293 220177 
6 : 159169 168464 168460 159182 159176 222345 
6 : 168462 22287 141186 22295 141201 22282 
6 : 56021 168517 133971 56030 56018 133992 
6 : 168516 78746 168515 78757 241836 78751 
6 : 66862 140455 110551 66857 66853 110548 
6 : 58353 168529 26331 58367 26320 26351 
6 : 168533 168531 161711 260199 161733 161730 
6 : 168534 61828 168527 61849 225722 61838 
6 : 95420 168537 95348 95422 95337 95351 
6 : 168546 168540 168538 225093 202440 202433 
6 : 168549 168547 109991 259128 110011 110008 
6 : 112567 168601 168606 112581 112584 255490 
6 : 168605 153674 168599 153695 216983 153682 
6 : 122692 168617 168620 122706 122709 256571 
6 : 168607 168608 73616 169238 73617 73621 
6 : 168623 168626 119793 201009 119796 119801 
6 : 10961 168634 153134 10967 10958 153142 
6 : 92755 168697 168698 92759 92760 197455 
6 : 168700 168703 168701 222708 222704 231872 
6 : 16331 162076 84090 16330 16324 84089 
6 : 168767 108559 168764 108580 258555 108578 
6 : 2799 134645 101022 2797 2792 101015 
6 : 168771 168776 168772 189670 189663 238359 
6 : 168782 168784 27944 247539 27951 27955 
6 : 168825 168821 168833 205099 229205 205106 
6 : 168895 168888 168890 238894 244538 238886 
6 : 105544 168962 66529 105556 66523 66547 
6 : 116707 168958 68307 116720 68304 68319 
6 : 168998 168987 168983 191201 174736 174720 
6 : 19962 169006 146072 19978 19960 146085 
6 : 169022 169027 169016 221420 172429 172437 
6 : 169061 169064 107650 220849 107657 107665 
6 : 155563 78607 125517 78606 125513 78601 
6 : 169148 169153 71413 203243 71417 71428 
6 : 169149 169155 168551 226902 168558 168567 
6 : 36741 169170 169165 36759 36752 251143 
6 : 169233 96971 138338 96983 138346 96968 
6 : 169235 169234 169232 256145 244651 244647 
6 : 34779 169243 169249 34789 34800 239466 
6 : 98089 169246 169244 98099 98093 242268 
6 : 169340 161387 169342 161389 182667 161392 
6 : 169343 169348 169347 227973 227970 263069 
6 : 105415 169393 169383 105433 105419 201652 
6 : 169448 169447 169457 217625 228559 217635 
6 : 169458 169463 169469 176473 176481 234213 
6 : 169465 30047 169468 30063 242882 30066 
6 : 169470 169461 76571 216412 76604 76578 
6 : 82190 169481 169471 82206 82194 184996 
6 : 118515 161665 169480 118513 118530 161683 
6 : 169472 169483 20463 187293 20465 20484 
6 : 169486 169485 169474 263870 222196 222195 
6 : 169548 120942 169544 120962 242892 120956 
6 : 169560 121893 48225 121907 48245 48222 
6 : 169642 144550 169639 144560 190254 144553 
6 : 141157 169652 169654 141166 141169 229862 
6 : 121649 169668 169664 121657 121652 215656 
6 : 169727 12415 169732 12417 181604 12423 
6 : 169734 163106 169731 163123 212012 163114 
6 : 169742 116140 169743 116149 240648 116150 
6 : 20146 169856 169846 20161 20149 181590 
6 : 169874 169885 153579 174711 153580 153593 
6 : 18761 138197 169918 18757 18764 138201 
6 : 169929 169925 169919 257930 198111 198104 
6 : 169937 162018 113294 162031 113306 113293 
6 : 142702 160926 93205 142700 93200 93202 
6 : 169950 164933 53178 164950 53200 53176 
6 : 170014 98305 50371 98312 50377 50360 
6 : 170027 170022 170028 233623 254649 233626 
6 : 170041 170043 8928 256045 8945 8951 
6 : 170130 170128 170127 254310 252557 252551 
6 : 170201 46176 99263 46180 99270 46172 
6 : 170205 170211 170204 235223 220857 220870 
6 : 36047 170221 43424 36055 36039 43436 
6 : 128966 124711 102848 124707 102845 102844 
6 : 170218 170219 170215 214564 181054 181059 
6 : 170228 170227 90723 230678 90735 90733 
6 : 170252 170248 170255 249426 261692 249431 
6 : 81060 170314 149604 81066 81058 149610 
6 : 18694 121109 105598 18686 18683 105589 
6 : 143054 170385 158237 143058 143051 158242 
6 : 170401 170397 170402 230856 259775 230857 
6 : 82922 115273 154222 82916 82918 115270 
6 : 164612 170479 170478 164620 164619 238690 
6 : 170489 89683 170491 89698 262066 89701 
6 : 139357 170498 126206 139361 126203 126216 
6 : 170504 170507 170502 259174 250072 250074 
6 : 47416 59750 170576 47406 47425 59761 
6 : 79850 67775 170575 67765 79854 67782 
6 : 161890 170592 170591 161908 161907 262938 
6 : 170605 170609 170600 243335 197847 197853 
6 : 170671 170673 142065 199076 142067 142071 
6 : 170675 170681 170672 231483 223786 223796 
6 : 170706 170704 170705 210422 223728 210421 
6 : 170760 120470 170761 120480 242340 120482 
6 : 98990 170769 170766 98996 98995 214894 
6 : 170858 145954 170861 145961 242612 145967 
6 : 170864 170872 170867 197664 197659 226746 
6 : 170882 170874 170883 220074 260661 220075 
6 : 170887 170880 167324 254434 167338 167332 
6 : 93665 170901 16128 93676 16119 16146 
6 : 166700 170912 141300 166710 141299 141314 
6 : 170966 139372 170967 139385 240659 139386 
6 : 171001 82719 171011 82723 206603 82732 
6 : 125006 171041 171037 125013 125012 240567 
6 : 171049 171057 171043 238176 200881 200894 
6 : 40844 39084 170635 39069 40843 39082 
6 : 171136 77043 171138 77055 242835 77062 
6 : 171161 171152 171164 173578 241468 173588 
6 : 171185 171178 163484 230301 163503 163495 
6 : 171233 171234 44965 252572 44975 44980 
6 : 171240 98473 127654 98480 127663 98469 
6 : 84493 171245 171258 84495 84512 186442 
6 : 36475 171318 16739 36477 16725 16742 
6 : 167504 82476 171319 82475 167510 82481 
6 : 101677 135869 165054 101671 101675 135866 
6 : 171327 77044 72391 77056 72406 72381 
6 : 11565 171339 171335 11576 11570 223646 
6 : 45991 171337 94852 46001 45987 94864 
6 : 131987 171406 171405 131995 131990 177525 
6 : 171412 171411 40875 248468 40892 40890 
6 : 1950 171425 171414 1963 1952 193969 
6 : 171413 171418 171417 176260 176259 237636 
6 : 124905 114906 171434 114903 124912 114917 
6 : 171435 131655 171428 131666 200732 131657 
6 : 171436 12695 171439 12709 261049 12714 
6 : 171440 77576 171431 77596 216288 77585 
6 : 96074 2511 171482 2505 96090 2530 
6 : 171576 74024 171575 74026 174928 74025 
6 : 171581 112818 104326 112828 104343 104317 
6 : 171683 171676 171684 182535 262430 182537 
6 : 161648 171693 171082 161657 161647 171090 
6 : 171799 171804 170806 249012 170819 170825 
6 : 171800 171806 68347 252189 68363 68369 
6 : 171866 171864 171872 173302 193195 173312 
6 : 144879 40336 53045 40330 53041 40322 
6 : 171882 171878 171884 215723 247212 215727 
6 : 71392 171900 171896 71399 71398 237860 
6 : 36221 171971 76422 36233 36213 76438 
6 : 171990 166621 171997 166626 197616 166636 
6 : 172091 138284 172089 138309 247502 138302 
6 : 56946 172148 81439 56952 56939 81451 
6 : 172162 172158 95494 248336 95517 95506 
6 : 172165 172170 172169 175696 175693 210347 
6 : 172168 143613 172167 143620 184614 143617 
6 : 172179 172176 69434 248232 69457 69451 
6 : 172249 172247 172253 189833 239835 189836 
6 : 172279 172264 172273 198019 246590 198008 
6 : 172367 168642 96476 168654 96495 96474 
6 : 172381 172387 172390 224272 224275 253712 
6 : 172389 172376 172392 206853 258427 206854 
6 : 172403 172393 134063 190992 134082 134065 
6 : 18203 172459 172449 18219 18204 179376 
6 : 172452 172457 165678 195429 165681 165696 
6 : 172466 30362 72133 30377 72149 30354 
6 : 172481 172482 172476 262837 231391 231394 
6 : 18320 38876 172556 18313 18336 38891 
6 : 23572 172549 75111 23577 23562 75112 
6 : 70566 172636 172643 70569 70576 207135 
6 : 161875 62647 87998 62646 87996 62640 
6 : 172639 172638 172637 235774 231606 231603 
6 : 172646 172644 157194 175271 157204 157196 
6 : 172653 172648 172651 246570 257351 246568 
6 : 45792 116870 172667 45790 45810 116890 
6 : 74747 172736 172743 74749 74758 218536 
6 : 83843 59447 172745 59442 83859 59465 
6 : 29438 172759 172749 29451 29442 203263 
6 : 172755 162595 172751 162610 206772 162602 
6 : 65482 172776 172769 65499 65495 246475 
6 : 125924 172832 172829 125938 125928 217513 
6 : 172850 172841 172845 224739 253599 224733 
6 : 147307 172860 172856 147314 147310 241789 
6 : 172857 172861 66190 245021 66201 66206 
6 : 57728 172863 172864 57730 57732 189550 
6 : 172870 172872 172875 247743 247747 250181 
6 : 172895 172886 14722 248751 14748 14739 
6 : 172924 95421 82351 95428 82358 82341 
6 : 172926 172928 172921 262731 231402 231405 
6 : 899 154904 173024 895 906 154915 
6 : 173052 60824 142422 60834 142432 60820 
6 : 173117 30251 16591 30262 16601 16575 
6 : 121047 173125 173133 121048 121053 180008 
6 : 173139 173126 173132 194325 241261 194318 
6 : 173143 32413 173152 32423 208248 32430 
6 : 173226 142826 103990 142833 103996 103982 
6 : 42040 173325 173323 42058 42051 235469 
6 : 173318 68027 159445 68029 159446 68026 
6 : 173327 173334 173338 180472 180477 227369 
6 : 173331 97955 173333 97961 205360 97963 
6 : 173343 173341 172803 259572 172823 172818 
6 : 10467 33428 173344 10457 10468 33430 
6 : 85981 20651 173426 20647 85994 20662 
6 : 105923 88080 102015 88073 102006 88072 
6 : 173421 121779 173428 121781 191143 121795 
6 : 173422 173430 132693 220273 132700 132713 
6 : 96349 35692 173434 35686 96354 35701 
6 : 173525 173524 114491 244507 114508 114500 
6 : 173529 173532 46640 239684 46648 46662 
6 : 67165 173546 173555 67171 67182 221293 
6 : 173597 121666 173596 121679 249338 121677 
6 : 104972 154200 173603 104965 104979 154208 
6 : 172164 33641 173605 33640 172174 33651 
6 : 173697 173698 173693 225397 193136 193138 
6 : 173702 145446 69435 145463 69456 69428 
6 : 173703 143614 1205 143631 1227 1202 
6 : 173711 173709 51334 234794 51348 51345 
6 : 173720 173724 90102 225678 90109 90112 
6 : 173725 173714 173717 180092 199126 180084 
6 : 173794 48760 156352 48787 156374 48758 
6 : 173801 110062 51373 110064 51375 51362 
6 : 148294 173874 173878 148298 148305 240148 
6 : 107651 173917 173912 107663 107653 191473 
6 : 148513 173995 173989 148528 148520 244586 
6 : 173982 70237 173991 70238 177876 70247 
6 : 16896 131109 48017 16888 16879 48009 
6 : 63371 119794 38351 63366 38332 38342 
6 : 110874 174001 174002 110878 110879 220808 
6 : 110503 174072 34614 110514 34611 34626 
6 : 174071 50342 90975 50350 90982 50335 
6 : 174090 157357 110820 157359 110825 110819 
6 : 174146 174148 174151 252113 252117 254201 
6 : 174158 5926 174161 5942 258565 5949 
6 : 174165 160927 153701 160930 153709 153698 
6 : 28084 149342 174242 28076 28097 149357 
6 : 174236 155528 67994 155531 67997 67992 
6 : 101938 174260 174269 101942 101954 236329 
6 : 30652 111022 174307 30647 30654 111023 
6 : 174316 80571 174311 80586 235776 80580 
6 : 159930 153218 174362 153217 159936 153226 
6 : 174359 174363 174360 229908 229906 241177 
6 : 133569 58481 174426 58476 133582 58496 
6 : 174423 121804 108015 121818 108029 108012 
6 : 174439 103964 28501 103978 28522 28495 
6 : 35871 174500 174494 35880 35873 189564 
6 : 58648 174505 174503 58662 58657 223163 
6 : 124945 174517 163761 124959 124944 163773 
6 : 174519 174518 139739 255261 139756 139754 
6 : 50007 174522 174530 50010 50020 180440 
6 : 174575 154786 174578 154795 243229 154800 
6 : 174579 68864 162770 68879 162794 68863 
6 : 41581 174590 149409 41603 41577 149433 
6 : 174607 116286 13836 116292 13841 13826 
6 : 67401 57222 174671 57219 67402 57223 
6 : 174679 174677 174672 248187 199784 199778 
6 : 167339 174769 174774 167346 167352 229514 
6 : 174777 174767 174772 203776 251029 203766 
6 : 174789 174778 174790 195053 251947 195054 
6 : 174823 174819 174824 217639 245405 217640 
6 : 174831 174843 174834 190344 190337 203189 
6 : 174878 174874 174880 187637 222373 187642 
6 : 174886 174882 174887 247406 256305 247407 
6 : 174891 21813 174889 21822 188278 21815 
6 : 174902 72339 174899 72341 183898 72340 
6 : 85161 124946 83446 85157 83436 83441 
6 : 121187 130130 174978 121184 121195 130141 
6 : 175000 175001 174994 258689 246583 246585 
6 : 173751 132343 175064 132342 173762 132355 
6 : 175071 149737 150226 149748 150241 149734 
6 : 166331 143408 120281 143405 120280 120276 
6 : 175160 76939 175153 76952 196599 76942 
6 : 175164 175168 175169 186927 186932 223790 
6 : 51595 175247 101984 51603 51586 101997 
6 : 175244 52218 164727 52222 164732 52216 
6 : 175248 168471 175243 168482 195247 168474 
6 : 175348 175340 175347 203379 237705 203378 
6 : 175355 131111 175362 131115 217772 131120 
6 : 55785 165910 175419 55781 55803 165930 
6 : 175410 175421 175409 211684 196171 196183 
6 : 175438 175446 175435 228232 203083 203095 
6 : 92649 175499 120382 92657 92642 120388 
6 : 175508 175515 175506 227094 216818 216834 
6 : 175512 175507 157701 220748 157718 157708 
6 : 175516 175510 4312 235886 4329 4321 
6 : 161765 175596 175598 161774 161778 220636 
6 : 166266 162460 175600 162459 166268 162461 
6 : 175604 175613 175602 203003 194253 194273 
6 : 146677 167963 175624 146676 146693 167981 
6 : 175622 157296 175617 157315 235826 157306 
6 : 61496 156945 175648 61495 61499 156948 
6 : 175683 115650 129251 115654 129258 115647 
6 : 143615 175700 175699 143627 143626 236380 
6 : 37986 175720 73358 37999 37980 73379 
6 : 175719 55003 175711 55013 206493 55004 
6 : 175721 175717 175718 241155 242644 241151 
6 : 155544 35981 175793 35975 155548 35985 
6 : 72078 175799 175806 72083 72094 224111 
6 : 23617 175827 32657 23629 23611 32681 
6 : 21843 175875 58066 21846 21837 58071 
6 : 125695 175879 167635 125705 125694 167652 
6 : 175886 72478 166775 72484 166782 72477 
6 : 175894 50293 162596 50307 162618 50290 
6 : 175896 17500 175899 17503 185028 17510 
6 : 93691 127063 175971 93683 93706 127076 
6 : 175968 38279 175967 38292 259366 38291 
6 : 19222 175980 175974 19234 19227 241263 
6 : 175976 102561 130237 102573 130248 102557 
6 : 59566 1517 28502 1508 28491 1505 
6 : 175998 175988 175991 189924 211871 189913 
6 : 147308 27945 86960 27940 86958 27932 
6 : 176053 176052 154609 245018 154620 154616 
6 : 176064 176072 176055 249828 203397 203405 
6 : 176069 176056 176074 203966 262667 203968 
6 : 176077 149154 176075 149159 193645 149156 
6 : 176171 154848 95373 154865 95391 95371 
6 : 139740 129674 78368 129670 78364 78362 
6 : 176247 176245 43705 183581 43712 43706 
6 : 176273 20056 176275 20073 248714 20077 
6 : 176299 176295 135393 262095 135422 135420 
6 : 176350 176345 176344 196015 192035 192022 
6 : 176361 124947 176356 124958 204796 124951 
6 : 65594 141159 176367 65591 65598 141162 
6 : 176401 52892 176396 52912 221568 52900 
6 : 99793 97938 11598 97932 11590 11587 
6 : 140647 176449 176462 140649 140663 180987 
6 : 176450 176451 176463 195132 195140 213650 
6 : 176528 176535 176536 213232 213233 263776 
6 : 176543 176550 176542 229421 222181 222194 
6 : 96221 176580 176582 96226 96228 209192 
6 : 131083 127752 26183 127744 26175 26174 
6 : 176620 91210 176621 91218 229493 91219 
6 : 176627 176632 176639 217073 217076 239853 
6 : 176635 176633 99265 248853 99283 99282 
6 : 176718 176720 176726 196206 196211 239591 
6 : 176741 176742 54656 228005 54662 54664 
6 : 176753 6984 176756 6990 228078 6991 
6 : 176764 121083 176772 121086 206047 121095 
6 : 88057 156635 124739 88054 88052 124734 
6 : 102194 109453 39243 102187 39233 39235 
6 : 176806 176812 176808 202281 202277 217381 
6 : 174533 176823 176832 174536 174551 186286 
6 : 176825 138200 176831 138205 230489 138212 
6 : 96834 50774 170362 50762 96831 50773 
6 : 98446 30683 176887 30679 98457 30701 
6 : 176894 100509 176898 100514 226314 100522 
6 : 177017 177015 177022 211123 222713 211130 
6 : 177023 38586 177018 38597 231879 38592 
6 : 177098 177093 177092 213066 211711 211709 
6 : 177102 177108 177096 257029 219209 219220 
6 : 22873 177187 177183 22889 22882 247718 
6 : 177182 96479 123872 96488 123879 96469 
6 : 177188 177184 122953 254337 122971 122964 
6 : 177267 177273 72537 242735 72549 72558 
6 : 177270 133516 128507 133525 128520 128504 
6 : 177275 121919 177269 121934 247921 121923 
6 : 20102 177276 177277 20103 20104 185958 
6 : 80702 177282 37724 80717 37716 37745 
6 : 177283 159806 18978 159820 18993 18976 
6 : 177363 177367 136868 179684 136869 136871 
6 : 177364 177369 92434 192040 92437 92440 
6 : 177375 177368 177377 205877 224223 205881 
6 : 177386 177390 140478 232173 140488 140489 
6 : 177469 177468 170256 261147 170274 170272 
6 : 177470 177463 177471 191459 263155 191461 
6 : 64575 177473 91405 64576 64564 91406 
6 : 177550 88585 42229 88592 42240 42221 
6 : 177553 177549 86447 241208 86468 86459 
6 : 121758 177654 133973 121768 121753 133982 
6 : 177660 177657 1378 247841 1396 1390 
6 : 148119 25390 135527 25387 135522 25384 
6 : 177661 177665 49500 180548 49501 49509 
6 : 177664 177662 83447 193153 83453 83450 
6 : 177744 177753 177751 222259 222256 253181 
6 : 177756 177759 177760 209643 209652 231162 
6 : 154408 177842 177845 154418 154421 251133 
6 : 177847 177854 43566 182336 43567 43580 
6 : 177851 177848 177852 187176 248384 187178 
6 : 171603 27813 79575 27812 79574 27806 
6 : 177866 177860 177863 246069 258525 246066 
6 : 177931 177932 78506 191407 78509 78510 
6 : 177938 166172 177935 166181 208896 166178 
6 : 43247 6721 177974 6712 43262 6735 
6 : 130772 178016 147774 130786 130762 147787 
6 : 149631 178020 106072 149633 106067 106076 
6 : 178032 145522 124550 145529 124560 124547 
6 : 114059 178040 178036 114068 114063 212596 
6 : 49009 78473 178087 49001 49022 78487 
6 : 178088 178085 123059 235222 123083 123066 
6 : 118123 79777 34722 79771 34714 34711 
6 : 62462 178182 178184 62474 62476 250238 
6 : 178188 178190 63762 219254 63767 63773 
6 : 80106 25117 53493 25111 53481 25106 
6 : 178245 178242 178247 193789 221896 193794 
6 : 178252 118268 178256 118270 210453 118281 
6 : 125710 178324 58536 125722 58529 58551 
6 : 178345 178349 30112 227386 30125 30134 
6 : 111826 162092 178352 111825 111829 162095 
6 : 162247 108734 2693 108729 2690 2684 
6 : 178397 140552 178403 140555 200292 140561 
6 : 178406 178405 178398 248286 201582 201579 
6 : 66990 178449 95464 67002 66983 95482 
6 : 178450 178444 61680 245506 61699 61691 
6 : 178457 178460 97596 239496 97606 97608 
6 : 178458 178463 178452 239747 205660 205667 
6 : 178492 178500 100884 179388 100886 100908 
6 : 9846 178506 178508 9855 9857 244370 
6 : 178581 177608 15521 177613 15526 15520 
6 : 178587 178584 58912 232633 58927 58923 
6 : 178593 178595 178590 251908 212013 212015 
6 : 178619 154575 178626 154579 209813 154590 
6 : 83952 178660 178667 83953 83966 184455 
6 : 47177 178676 163488 47181 47171 163502 
6 : 178670 178677 20186 195748 20189 20196 
6 : 178691 121112 178693 121125 257823 121127 
6 : 178701 134942 128732 134946 128738 128730 
6 : 178740 142283 178738 142294 205167 142287 
6 : 81177 178753 178758 81186 81188 219718 
6 : 178752 178749 178755 202121 214029 202126 
6 : 77292 178852 31319 77308 31315 31334 
6 : 178844 178850 10991 219863 11001 11010 
6 : 178848 178853 178846 257288 232958 232963 
6 : 178859 178867 115436 235044 115448 115461 
6 : 178938 69912 65653 69928 65668 65642 
6 : 110170 14142 127542 14137 110167 14138 
6 : 179035 62485 36697 62493 36709 36684 
6 : 179043 179048 179047 227777 227776 244369 
6 : 179063 179060 179065 215906 243192 215908 
6 : 179066 179062 41582 227563 41600 41591 
6 : 179163 80176 114275 80187 114289 80171 
6 : 136242 57907 147652 57902 136238 57903 
6 : 179208 179206 25118 220749 25136 25123 
6 : 75192 179243 179242 75202 75201 254472 
6 : 132853 137733 179236 132852 132862 137744 
6 : 179234 179237 179233 223481 222199 222204 
6 : 179238 40935 179228 40946 181770 40937 
6 : 158822 179271 55535 158828 55533 55548 
6 : 91045 57638 179306 57629 91052 57645 
6 : 179312 32077 179313 32081 226492 32084 
6 : 70995 93454 179346 70988 71005 93471 
6 : 179340 174475 67090 174480 67100 67089 
6 : 177629 57671 179351 57670 177631 57674 
6 : 179395 179391 169394 227890 169412 169404 
6 : 170686 125430 179404 125427 170696 125443 
6 : 179397 179398 111917 200979 111920 111921 
6 : 74662 120009 179470 74658 74668 120015 
6 : 100099 175661 179474 100098 100114 175677 
6 : 179484 52368 65537 52383 65558 52354 
6 : 179514 35349 166566 35358 166577 35348 
6 : 163468 179577 179581 163475 163478 233008 
6 : 179590 84239 98856 84247 98866 84231 
6 : 179661 6552 179659 6565 234896 6561 
6 : 179673 179679 179666 233274 182309 182317 
6 : 179678 125316 148469 125336 148481 125312 
6 : 77026 179760 109209 77028 77022 109211 
6 : 179765 179759 179764 203388 261234 203384 
6 : 179779 179770 167700 228550 167718 167706 
6 : 179804 179810 126172 206911 126177 126189 
6 : 179857 154807 39954 154818 39968 39951 
6 : 43397 62716 179869 43387 43400 62719 
6 : 179943 84901 125547 84902 125549 84895 
6 : 179950 148575 179951 148579 201262 148585 
6 : 115968 39923 50945 39920 50942 39914 
6 : 180021 152918 72935 152932 72949 72933 
6 : 180028 180031 61858 235646 61869 61875 
6 : 180029 20417 180026 20427 212896 20421 
6 : 180045 180039 180036 209808 197986 197980 
6 : 180076 180080 104624 251272 104641 104648 
6 : 180098 168800 180096 168809 228340 168805 
6 : 180128 161217 180121 161235 240953 161226 
6 : 161766 61859 20027 61857 20025 20016 
6 : 115379 180182 180187 115383 115389 226986 
6 : 149239 157681 66500 149236 66495 66496 
6 : 180184 180183 95755 243209 95763 95762 
6 : 71263 114103 180196 71259 71275 114113 
6 : 108926 180195 167341 108935 108923 167348 
6 : 149014 180270 180279 149018 149027 223923 
6 : 180278 180269 180277 208267 263170 208265 
6 : 180292 46905 180293 46915 238035 46916 
6 : 174796 180359 167723 174803 167721 167727 
6 : 180371 180368 50519 181036 50525 50520 
6 : 180372 162628 63851 162633 63859 63849 
6 : 180397 180404 180401 218086 218082 251103 
6 : 180406 107005 102371 107016 102383 102362 
6 : 180455 62717 180461 62718 199854 62728 
6 : 180465 180460 172197 244779 172211 172203 
6 : 180466 45682 180463 45706 253817 45699 
6 : 20213 180493 180497 20219 20225 233892 
6 : 165954 173296 156354 165952 156350 156351 
6 : 154668 180560 180552 154681 154671 211407 
6 : 180563 180555 96097 237333 96110 96102 
6 : 12329 65045 180577 12319 12345 65063 
6 : 180574 180578 125258 259742 125273 125281 
6 : 180637 36850 73228 36857 73234 36842 
6 : 117418 115397 180649 115391 117429 115404 
6 : 180648 49640 180646 49650 233676 49647 
6 : 180662 56047 180660 56055 239108 56053 
6 : 180679 180671 102492 202717 102507 102497 
6 : 23953 180735 90104 23966 23944 90123 
6 : 180732 180734 113803 236762 113812 113819 
6 : 116503 180742 180736 116521 116504 184475 
6 : 143409 38587 180745 38582 143418 38595 
6 : 180752 180751 180760 232954 239532 232960 
6 : 180872 180876 133113 224455 133125 133135 
6 : 180882 180877 130526 198246 130537 130529 
6 : 159005 180907 180914 159006 159017 183572 
6 : 180912 180910 136096 225201 136103 136100 
6 : 7077 180924 180920 7086 7081 201297 
6 : 180918 180926 180927 192874 192875 263679 
6 : 128456 43425 180996 43419 128475 43440 
6 : 147124 180994 129233 147129 129227 129239 
6 : 180997 181002 180998 181214 181211 193811 
6 : 181019 181014 65966 220319 65989 65977 
6 : 164751 181078 109877 164764 109873 109892 
6 : 181072 170404 17437 170411 17444 17436 
6 : 181076 181075 139929 252698 139945 139944 
6 : 181079 76970 181069 76986 198660 76973 
6 : 67128 25056 137057 25050 67122 25054 
6 : 181081 84808 181086 84810 189314 84821 
6 : 181089 46090 181085 46107 242408 46100 
6 : 181090 181105 181097 182951 182947 241691 
6 : 79688 181112 181118 79697 79705 238976 
6 : 85515 181114 81350 85522 81340 81367 
6 : 181106 27437 181115 27439 196061 27443 
6 : 177138 181133 181135 177152 177155 257447 
6 : 91166 181162 181165 91174 91177 254766 
6 : 181187 172710 181191 172719 243294 172724 
6 : 61388 65136 96891 61375 61378 65124 
6 : 181288 138290 53810 138295 53811 53803 
6 : 80939 181323 6863 80949 6854 6876 
6 : 132525 90056 181326 90054 132535 90066 
6 : 174830 7905 181329 7904 174832 7908 
6 : 41984 173279 140103 41983 41980 140101 
6 : 181432 71982 58913 71985 58920 58903 
6 : 123873 118669 181466 118661 123888 118689 
6 : 181468 57765 137875 57780 137892 57758 
6 : 181503 25057 80411 25058 80412 25052 
6 : 181506 41153 181510 41158 235391 41169 
6 : 181522 18529 181518 18550 228869 18538 
6 : 176159 181530 179541 176165 176158 179549 
6 : 181608 132011 181613 132023 244324 132028 
6 : 181643 78341 169763 78353 169779 78337 
6 : 181696 181697 142640 227624 142647 142650 
6 : 181786 181785 75216 257102 75242 75231 
6 : 156654 181791 8305 156657 8301 8310 
6 : 181878 181871 181877 192512 232658 192507 
6 : 151071 175944 105600 151070 105593 105599 
6 : 181976 73338 181978 73344 248895 73346 
6 : 113997 181996 182007 114001 114013 204721 
6 : 1351 182052 182054 1360 1361 257818 
6 : 182048 73619 103059 73625 103066 73612 
6 : 70154 182059 182069 70156 70166 217022 
6 : 129181 182067 36665 129193 36660 36679 
6 : 182062 182063 182068 235018 235024 237032 
6 : 129874 182072 134829 129878 129873 134835 
6 : 139822 182074 181849 139828 139821 181854 
6 : 151333 171941 182141 151330 151348 171960 
6 : 182153 169380 182160 169382 188761 169387 
6 : 182161 176498 182155 176508 201644 176503 
6 : 152566 22089 182236 22086 152579 22103 
6 : 54757 182247 160167 54763 54755 160184 
6 : 124805 163445 36102 124803 36097 36099 
6 : 174442 182258 99756 174455 99753 99772 
6 : 182287 25678 182297 25689 229451 25697 
6 : 134607 84145 84274 84140 84264 84134 
6 : 182408 182405 58680 249874 58697 58695 
6 : 154499 182426 86146 154508 86144 86156 
6 : 182425 182424 182429 221647 224900 221655 
6 : 68694 151870 182501 68689 68705 151882 
6 : 182514 182508 182504 248558 200504 200499 
6 : 182576 182577 182571 263669 245395 245396 
6 : 165535 182587 182588 165546 165551 258669 
6 : 182584 50918 176696 50929 176708 50916 
6 : 182589 72727 19308 72747 19327 19301 
6 : 115275 54078 150422 54073 115269 54075 
6 : 182658 122547 127443 122556 127454 122545 
6 : 84054 53919 182686 53907 84060 53932 
6 : 182737 179130 182739 179146 247258 179149 
6 : 566 155855 58538 564 554 58531 
6 : 182741 170715 182746 170719 195815 170722 
6 : 182751 182747 182742 252812 202382 202376 
6 : 42121 182757 174553 42125 42120 174560 
6 : 43780 182764 182759 43790 43786 238669 
6 : 182763 138101 155478 138115 155493 138098 
6 : 159918 182827 33221 159924 33217 33234 
6 : 182823 182822 182830 222265 233356 222275 
6 : 81104 182831 182838 81105 81115 185614 
6 : 182833 182834 182837 221058 221061 228986 
6 : 182852 114907 182848 114918 214537 114911 
6 : 1778 100945 182864 1772 1785 100953 
6 : 182862 175297 182867 175306 242269 175313 
6 : 141808 182915 160059 141815 141806 160067 
6 : 182918 32612 182923 32615 198321 32626 
6 : 182946 88774 182948 88781 238702 88783 
6 : 94430 182969 141301 94444 94424 141322 
6 : 134332 162757 183008 134328 134338 162764 
6 : 183007 176847 28427 176851 28433 28425 
6 : 183013 28886 20058 28889 20062 20049 
6 : 168643 183041 183050 168651 168655 229314 
6 : 183079 183081 183083 206883 206891 246809 
6 : 135332 82789 27814 82786 27810 27807 
6 : 6623 154424 183106 6621 6637 154437 
6 : 183092 183095 31400 191665 31403 31406 
6 : 106169 183110 179449 106173 106168 179453 
6 : 183180 183172 183178 253356 262312 253353 
6 : 59698 183190 183191 59706 59707 249686 
6 : 183187 183182 183184 189868 197149 189861 
6 : 143549 183194 183193 143551 143550 188059 
6 : 183207 183197 183195 220162 198724 198714 
6 : 183259 183253 183255 228051 242648 228044 
6 : 183266 183267 137789 238798 137803 137804 
6 : 183278 183274 132258 197624 132272 132263 
6 : 183283 84879 134278 84880 134279 84871 
6 : 165113 183340 183343 165120 165132 238092 
6 : 183342 183338 169421 196076 169436 169422 
6 : 60062 183353 125520 60081 60055 125543 
6 : 159093 183352 183350 159106 159105 261210 
6 : 183364 130998 183359 131013 211042 131002 
6 : 180081 10046 183430 10044 180082 10047 
6 : 155305 79717 183443 79711 155306 79721 
6 : 117279 183455 183457 117289 117293 237639 
6 : 183476 183474 43977 257632 43999 43995 
6 : 183559 183557 183555 260232 257928 257926 
6 : 183599 183600 183602 251338 251345 259621 
6 : 160024 183608 99267 160031 99259 99277 
6 : 51031 175178 183620 51029 51034 175180 
6 : 183692 132259 3814 132284 3834 3807 
6 : 122693 183696 183694 122697 122694 185760 
6 : 137938 183700 183699 137947 137946 238389 
6 : 127027 183704 60027 127029 60020 60029 
6 : 183708 183707 183705 252192 218865 218863 
6 : 183775 2514 183770 2522 203331 2517 
6 : 92251 183874 183876 92258 92261 246875 
6 : 183867 183866 183880 201672 215310 201684 
6 : 183869 177509 183865 177516 188791 177511 
6 : 183878 183871 183868 241040 219550 219545 
6 : 183934 140575 183932 140588 195164 140579 
6 : 183941 183943 183940 225624 223518 223521 
6 : 183946 123243 79489 123259 79505 79483 
6 : 95318 183955 183957 95330 95332 247457 
6 : 183951 172035 183949 172043 195610 172037 
6 : 183953 183959 183950 229879 212812 212814 
6 : 183958 98191 183947 98202 185505 98193 
6 : 124436 2856 184021 2847 124444 2862 
6 : 184026 149607 44505 149617 44519 44500 
6 : 184033 165645 184032 165652 212824 165650 
6 : 180819 184049 49205 180831 49204 49222 
6 : 37237 105046 172593 37229 37236 105044 
6 : 184123 184132 184125 189408 189392 194771 
6 : 184129 184126 184133 200802 240149 200811 
6 : 184158 140992 56834 140993 56836 56830 
6 : 184166 184159 79392 188699 79401 79394 
6 : 184219 74458 89418 74472 89432 74449 
6 : 148072 157682 184232 148066 148087 157696 
6 : 184233 66501 184224 66516 222913 66505 
6 : 184308 184314 102726 224030 102731 102743 
6 : 163459 136948 35209 136946 35207 35204 
6 : 184339 184348 135144 231090 135150 135161 
6 : 168984 173631 184352 168982 168988 173635 
6 : 184362 184358 184350 248360 186136 186129 
6 : 184405 184403 113324 236539 113339 113332 
6 : 184406 184401 184402 190447 195094 190432 
6 : 109783 52024 184421 52017 109798 52040 
6 : 171619 154331 64541 154326 64539 64537 
6 : 184503 184501 19750 260879 19776 19772 
6 : 176834 7807 184505 7806 176836 7810 
6 : 184507 145256 72669 145265 72679 72662 
6 : 184574 172897 124851 172901 124856 124849 
6 : 6909 184584 168494 6913 6908 168504 
6 : 33154 184593 184592 33162 33161 222528 
6 : 184657 184655 184656 246877 252386 246876 
6 : 184658 171297 184654 171313 215314 171300 
6 : 184663 184661 184666 206992 221337 206997 
6 : 184667 184660 184669 205152 259806 205159 
6 : 139574 184720 184711 139586 139577 222138 
6 : 184765 132034 184766 132037 216207 132038 
6 : 72615 184782 184777 72628 72622 241373 
6 : 184773 139061 184774 139063 186924 139064 
6 : 67450 97598 115780 67442 67444 97592 
6 : 184847 161588 178724 161594 178730 161587 
6 : 184850 114628 184849 114639 258839 114638 
6 : 184852 184853 184855 206828 206829 221097 
6 : 160591 184929 184924 160601 160594 207655 
6 : 184930 184933 176219 222002 176223 176228 
6 : 184932 50082 170257 50091 170263 50079 
6 : 184940 184942 65363 259702 65379 65381 
6 : 47634 24642 184943 24630 47635 24643 
6 : 23222 145257 184958 23220 23233 145271 
6 : 155547 185020 42077 155554 42073 42084 
6 : 37934 179667 131302 37931 37928 131301 
6 : 185097 185098 87586 251528 87595 87600 
6 : 4314 185127 80313 4332 4305 80332 
6 : 185119 185123 185120 235557 235553 244908 
6 : 185180 12570 67915 12578 67924 12559 
6 : 185182 172309 185183 172324 257890 172327 
6 : 167570 185185 180707 167573 167568 180710 
6 : 183632 147145 185202 147144 183645 147166 
6 : 185204 121857 185198 121873 243157 121867 
6 : 105068 55787 185270 55778 105081 55801 
6 : 75637 35033 185279 35024 75648 35044 
6 : 185351 84522 181297 84524 181301 84520 
6 : 185354 141515 3982 141531 4002 3978 
6 : 185443 59567 185445 59571 236197 59572 
6 : 185459 185458 185454 258354 245807 245805 
6 : 185625 20289 2694 20313 2722 2680 
6 : 104210 166439 185633 104208 104218 166448 
6 : 185637 185632 122494 234547 122523 122508 
6 : 185643 185649 185650 199405 199406 235359 
6 : 94601 185671 185670 94605 94604 208319 
6 : 118955 185672 122715 118961 118951 122721 
6 : 185703 185699 172423 254190 172448 172440 
6 : 39451 25592 185708 25580 39468 25609 
6 : 107128 185711 185510 107145 107127 185535 
6 : 171781 68464 168819 68463 168818 68462 
6 : 164819 185787 185782 164829 164820 195889 
6 : 75589 151750 185795 75586 75599 151764 
6 : 179668 185868 185865 179677 179669 207652 
6 : 44346 17247 86931 17239 44343 17242 
6 : 153391 84954 185878 84952 153400 84974 
6 : 185950 185949 46641 226801 46647 46646 
6 : 185985 185986 185987 258759 258760 259644 
6 : 46354 7938 186036 7923 46365 7950 
6 : 133198 186137 169397 133199 133196 169398 
6 : 87017 102216 111531 87009 87010 102209 
6 : 178423 167224 186143 167223 178426 167227 
6 : 186159 186157 16283 211993 16291 16288 
6 : 186161 130025 39525 130034 39537 39518 
6 : 103825 12736 117101 12722 103819 12725 
6 : 186183 3741 130470 3758 130487 3736 
6 : 186185 94625 186177 94643 244355 94637 
6 : 186241 186232 110190 188425 110206 110192 
6 : 186246 186255 186252 201346 201342 248295 
6 : 58599 92972 165660 58590 58597 92969 
6 : 10443 186315 186320 10448 10454 235857 
6 : 157957 185799 27158 157956 27154 27157 
6 : 186376 127543 2073 127552 2085 2067 
6 : 64827 117196 83709 64822 64819 83704 
6 : 64467 186408 73745 64471 64460 73760 
6 : 50456 169862 186465 50455 50463 169867 
6 : 186474 186473 89721 245991 89738 89737 
6 : 186484 186487 186483 226553 223801 223806 
6 : 34121 186510 186513 34133 34136 253160 
6 : 186554 186551 186553 194417 239075 194414 
6 : 186555 56652 99728 56660 99739 56643 
6 : 186572 33222 77949 33230 77956 33211 
6 : 186573 180597 132260 180602 132270 132257 
6 : 179766 177903 61986 177901 61985 61984 
6 : 186588 186593 186589 226849 226841 230061 
6 : 147105 186638 186646 147108 147118 216903 
6 : 186645 186644 186637 261587 210963 210962 
6 : 123134 186652 186655 123140 123145 244472 
6 : 186654 66050 104092 66062 104101 66042 
6 : 186656 186660 186667 195064 195078 242738 
6 : 186735 32658 171207 32661 171209 32656 
6 : 41414 55310 186748 41406 41426 55327 
6 : 186807 159931 73655 159938 73664 73650 
6 : 186814 168841 186808 168851 192705 168843 
6 : 186866 186852 125289 206428 125310 125292 
6 : 186897 186898 186899 258794 258795 260884 
6 : 186903 169289 136320 169293 136327 136318 
6 : 106838 186979 186981 106845 106849 245655 
6 : 186980 186976 186982 221814 245935 221818 
6 : 186983 59158 180469 59161 180471 59157 
6 : 186987 65072 46316 65083 46333 46309 
6 : 187160 28360 40877 28365 40883 28352 
6 : 187167 187171 8762 254803 8775 8785 
6 : 171919 187236 158739 171922 158737 158741 
6 : 187250 15101 187255 15110 244845 15114 
6 : 114689 187256 187265 114690 114705 189169 
6 : 110191 187322 167522 110197 110187 167536 
6 : 187320 33112 181298 33113 181299 33110 
6 : 171826 36698 187326 36695 171827 36702 
6 : 187333 187331 187327 256048 203471 203470 
6 : 187335 187334 187328 262972 212961 212960 
6 : 187338 187342 21879 245159 21887 21899 
6 : 187416 113540 80867 113544 80873 80860 
6 : 187419 187421 187414 249737 190527 190530 
6 : 167409 175882 147754 167408 147750 147752 
6 : 187427 160041 72479 160049 72485 72475 
6 : 183091 187506 187504 183101 183096 223194 
6 : 187510 187503 160704 215299 160719 160709 
6 : 187517 15683 163302 15690 163312 15677 
6 : 121625 64939 187540 64936 121636 64953 
6 : 156125 187536 53671 156135 53670 53687 
6 : 187539 187533 90232 229147 90254 90239 
6 : 121312 187613 56800 121320 56791 56811 
6 : 187612 170807 187620 170816 239838 170826 
6 : 187631 175727 187629 175734 245737 175733 
6 : 187633 133705 187625 133719 207449 133708 
6 : 187679 38352 89386 38359 89397 38336 
6 : 176537 169814 187689 169812 176545 169821 
6 : 187710 187716 26186 243418 26199 26210 
6 : 187717 15522 187704 15537 202811 15525 
6 : 95060 187739 40566 95073 40553 40578 
6 : 122438 65624 187766 65617 122448 65639 
6 : 171557 168025 67222 168024 67217 67216 
6 : 45662 187779 142734 45674 45655 142748 
6 : 181969 187778 99972 181979 99971 99985 
6 : 160876 187843 187844 160877 160878 191973 
6 : 187853 31263 187848 31280 225894 31269 
6 : 187856 187854 187845 263230 207091 207089 
6 : 188030 188031 96759 207008 96762 96765 
6 : 188046 184079 188057 184086 223838 184096 
6 : 188118 187475 46476 187483 46483 46475 
6 : 188124 188117 188121 209037 251505 209032 
6 : 188133 188134 188130 225051 215738 215739 
6 : 188147 188146 188145 247303 219492 219490 
6 : 161767 106075 118900 106069 118896 106063 
6 : 21844 137371 188226 21840 21855 137384 
6 : 51032 188247 132472 51040 51023 132484 
6 : 188243 188239 188240 200848 204801 200845 
6 : 188250 188244 165503 216650 165524 165511 
6 : 188251 188252 80443 261454 80464 80465 
6 : 161669 188325 92574 161688 92571 92598 
6 : 104042 6865 106689 6857 104040 6858 
6 : 153959 188413 188408 153971 153961 196606 
6 : 188410 165485 108707 165490 108715 108705 
6 : 188492 188488 20826 243130 20842 20834 
6 : 150592 85450 188569 85445 150604 85460 
6 : 188572 188586 188576 192912 192902 236835 
6 : 188587 188574 188583 224322 257155 224317 
6 : 53383 52929 11935 52915 11916 11915 
6 : 188654 188652 188656 229391 262364 229394 
6 : 128630 76941 177435 76933 128629 76940 
6 : 153960 188659 146425 153962 146423 146426 
6 : 188666 94689 84003 94702 84016 83994 
6 : 188667 188668 95109 263858 95127 95129 
6 : 77045 165911 188669 77041 77048 165914 
6 : 175691 100435 188682 100430 175695 100438 
6 : 41377 171905 141085 41376 41371 141082 
6 : 77462 16897 99729 16881 77456 16884 
6 : 44506 160705 142945 44501 44499 142940 
6 : 52845 188740 154427 52847 52841 154431 
6 : 188748 100230 188745 100243 208127 100236 
6 : 188755 188759 188757 189935 189933 204802 
6 : 188819 188814 138966 258545 138980 138977 
6 : 177945 11251 188821 11247 177947 11252 
6 : 188845 80224 188850 80242 256390 80248 
6 : 96593 188894 152160 96597 96590 152164 
6 : 21557 188906 23063 21570 21542 23082 
6 : 41985 40221 188903 40205 41993 40228 
6 : 144165 188918 171298 144175 144163 171311 
6 : 188911 96623 45720 96626 45725 45711 
6 : 188974 188983 79894 197052 79896 79913 
6 : 26549 189019 189013 26560 26553 222274 
6 : 178108 189016 189014 178118 178115 233349 
6 : 148121 189069 7423 148134 7418 7435 
6 : 72887 189078 189074 72898 72894 249419 
6 : 189079 102704 189080 102714 264130 102715 
6 : 78193 145056 189139 78191 78200 145067 
6 : 162447 189140 135843 162453 135840 135856 
6 : 67860 189146 189149 67864 67867 211574 
6 : 189144 189150 189153 198538 198543 235962 
6 : 167241 189171 63676 167245 63675 63683 
6 : 189218 83502 139298 83505 139300 83495 
6 : 40797 189231 189230 40807 40806 247012 
6 : 189294 135118 105001 135125 105008 104992 
6 : 174245 189307 185920 174253 174244 185936 
6 : 189305 42621 37893 42629 37900 37875 
6 : 63394 46091 114023 46083 63387 46085 
6 : 35756 79718 19273 35750 19259 19262 
6 : 189387 185157 189389 185166 234044 185172 
6 : 82310 171190 141190 82308 82306 141187 
6 : 93831 30253 81353 30243 81342 30242 
6 : 158573 54160 183056 54156 158571 54159 
6 : 189497 189499 16592 209087 16595 16600 
6 : 132541 70877 181050 70873 132540 70876 
6 : 189511 189513 189509 263516 258078 258082 
6 : 189526 189525 173456 255665 173470 173469 
6 : 189572 68284 189574 68288 198533 68289 
6 : 69102 147217 189578 69100 69109 147223 
6 : 189580 189577 161198 221091 161211 161201 
6 : 110311 44438 189610 44430 110324 44455 
6 : 100767 189633 93487 100771 93476 93494 
6 : 87297 189649 189647 87306 87303 255563 
6 : 73563 189674 97698 73565 73555 97702 
6 : 158284 189672 83845 158287 83842 83847 
6 : 189681 189675 189671 218534 194361 194347 
6 : 7711 189739 189735 7722 7716 242548 
6 : 155909 120338 45297 120336 45291 45286 
6 : 189815 189810 189816 227966 258226 227971 
6 : 189834 13768 189838 13780 253871 13782 
6 : 105794 126871 37292 105790 37281 37283 
6 : 172747 2007 189892 2005 172750 2008 
6 : 189899 189897 93562 254045 93577 93571 
6 : 99480 80445 165505 80431 99478 80437 
6 : 52408 161102 189958 52404 52409 161104 
6 : 189970 187024 189969 187029 200554 187027 
6 : 107904 65102 190083 65090 107922 65117 
6 : 190110 160432 190103 160446 210220 160435 
6 : 25187 44688 190134 25175 25193 44700 
6 : 190137 190131 141302 234099 141326 141311 
6 : 190216 190214 137790 202062 137793 137792 
6 : 190217 110527 190219 110533 235653 110535 
6 : 132508 162876 93206 132505 93198 93203 
6 : 190222 190226 104300 191272 104301 104314 
6 : 36667 133501 62082 36661 36654 62078 
6 : 177963 190285 190287 177969 177972 235288 
6 : 189901 190284 140873 189903 140872 140876 
6 : 53775 190291 52370 53778 52351 52372 
6 : 32050 190329 109500 32056 32043 109513 
6 : 93521 190325 119031 93525 93514 119034 
6 : 30195 190366 190370 30196 30205 193397 
6 : 58734 172691 45888 58733 45872 45885 
6 : 72261 190382 24473 72266 24459 24480 
6 : 190387 190380 190388 202512 263336 202513 
6 : 131656 190453 6247 131662 6243 6254 
6 : 190470 190473 190469 253079 248753 248755 
6 : 190472 190466 190463 224919 198103 198091 
6 : 12663 190484 190482 12678 12674 247599 
6 : 131992 184057 7161 131991 7153 7160 
6 : 190535 190543 190541 230264 230261 261115 
6 : 33223 151224 160457 33216 33218 151219 
6 : 77820 190558 158516 77829 77817 158525 
6 : 190559 190552 127326 208555 127337 127329 
6 : 95539 57360 190617 57351 95541 57365 
6 : 150965 101987 166567 101981 150964 101983 
6 : 190621 190625 190620 251161 248672 248679 
6 : 190624 53211 12218 53228 12233 12206 
6 : 190639 126288 190641 126290 218488 126291 
6 : 190644 180598 190652 180603 241631 180614 
6 : 190653 98448 190649 98467 254824 98458 
6 : 190656 107301 153026 107305 153031 107297 
6 : 190720 190723 190718 236615 222706 222712 
6 : 49147 190729 190732 49149 49154 200803 
6 : 190821 160733 190824 160742 250987 160748 
6 : 64916 190827 158700 64922 64913 158708 
6 : 96061 71293 190826 71285 96063 71300 
6 : 179981 190830 176089 179991 176088 176103 
6 : 190838 49502 190845 49507 234045 49519 
6 : 190840 95557 190844 95566 252493 95568 
6 : 190842 156358 190841 156369 253553 156368 
6 : 129234 46906 190908 46894 129236 46909 
6 : 190921 190925 77849 206319 77852 77858 
6 : 190931 7019 98882 7037 98900 7010 
6 : 190951 190950 9885 206131 9892 9890 
6 : 84724 191005 191004 84735 84734 257778 
6 : 190995 186207 191000 186208 192149 186220 
6 : 29847 42463 81732 29831 29839 42454 
6 : 21523 191020 113560 21530 21519 113570 
6 : 191019 191016 90757 206415 90766 90760 
6 : 191084 191081 191080 208057 205253 205242 
6 : 47967 83098 79984 47960 47958 79971 
6 : 76311 191090 191089 76315 76313 224597 
6 : 191088 191095 191094 223701 223700 261099 
6 : 191122 191118 112263 222012 112275 112267 
6 : 88082 191132 132695 88087 88077 132699 
6 : 191162 191159 191166 232562 241870 232568 
6 : 15546 191170 120034 15552 15542 120041 
6 : 126149 23578 191189 23569 126165 23590 
6 : 191178 139042 47715 139047 47717 47711 
6 : 191190 191183 90758 248413 90784 90773 
6 : 149572 7780 63854 7773 63846 7762 
6 : 49075 191254 180780 49088 49073 180794 
6 : 191274 44849 191273 44860 263658 44859 
6 : 78220 8578 191275 8564 78222 8580 
6 : 113972 43286 191334 43271 113977 43291 
6 : 119121 191356 85451 119132 85438 85469 
6 : 162448 145057 45436 145053 45429 45426 
6 : 191430 191439 166461 225758 166470 166478 
6 : 191433 191435 191443 240283 240286 250211 
6 : 166638 191479 191487 166640 166653 196689 
6 : 191484 177298 176939 177302 176946 176938 
6 : 109090 166440 74587 109087 74578 74583 
6 : 109317 100232 71193 100220 71182 71181 
6 : 158475 147918 191492 147914 158479 147927 
6 : 191573 97985 191567 98008 208132 97990 
6 : 191575 191576 191574 226468 203328 203335 
6 : 191579 40494 19751 40500 19763 19739 
6 : 51756 105815 191589 51748 51760 105819 
6 : 56395 191607 191612 56398 56404 222033 
6 : 191646 189340 191643 189347 209501 189341 
6 : 191649 191652 59451 198192 59453 59459 
6 : 191650 155812 191655 155815 207864 155824 
6 : 191691 191684 191682 250344 236287 236275 
6 : 29441 191736 169708 29449 29437 169720 
6 : 134593 191734 119816 134595 119809 119817 
6 : 189891 50296 17505 50295 17504 17486 
6 : 148309 191738 191746 148310 148321 200489 
6 : 128836 191748 102609 128840 102604 102611 
6 : 191820 142284 191822 142293 243197 142295 
6 : 134712 191906 148140 134726 134706 148155 
6 : 191904 191905 107654 248612 107664 107669 
6 : 191933 191928 191935 233099 262146 233101 
6 : 191987 191989 191990 240589 240590 263267 
6 : 191988 191986 130261 224080 130277 130268 
6 : 10013 191998 191991 10023 10014 192283 
6 : 192004 184408 115164 184410 115166 115161 
6 : 190948 191972 167367 190947 167365 167366 
6 : 90190 192059 192054 90199 90192 225431 
6 : 192062 192053 192055 221069 240471 221067 
6 : 54282 192064 192068 54283 54292 202772 
6 : 162484 62619 192065 62611 162488 62623 
6 : 16284 192079 192090 16292 16305 217466 
6 : 192140 173383 169789 173386 169794 169786 
6 : 192141 8887 192146 8896 256611 8905 
6 : 1822 185248 157398 1819 1816 157396 
6 : 192150 192148 192151 234184 242754 234185 
6 : 192154 192157 192156 261969 261966 263530 
6 : 192182 173063 192187 173069 225811 173076 
6 : 192240 86546 57265 86561 57283 57250 
6 : 110733 55657 108497 55650 108487 55649 
6 : 56049 81999 85539 56039 56040 81992 
6 : 192294 192295 3742 201144 3744 3746 
6 : 192316 59508 192314 59518 216842 59516 
6 : 153804 192382 192384 153811 153812 234261 
6 : 7878 192395 192389 7887 7885 241171 
6 : 192387 192397 181364 198225 181366 181381 
6 : 192392 134880 192390 134890 244608 134889 
6 : 192401 176699 192405 176710 252869 176714 
6 : 192404 7256 182207 7271 182229 7254 
6 : 192460 192457 166486 233832 166503 166494 
6 : 192463 153805 192462 153819 263004 153818 
6 : 100815 192485 192481 100820 100816 194066 
6 : 192515 192502 179720 216888 179741 179727 
6 : 117262 70615 58068 70605 58058 58054 
6 : 13296 192570 54907 13316 13286 54930 
6 : 192562 192568 50658 219469 50668 50679 
6 : 192565 183578 167639 183586 167650 167636 
6 : 192567 192566 137374 248459 137385 137383 
6 : 267 186443 192576 265 273 186447 
6 : 192627 37894 192629 37896 218044 37899 
6 : 116089 192639 49795 116098 49788 49811 
6 : 180487 110677 192642 110675 180495 110687 
6 : 192634 192636 192640 208184 208189 241772 
6 : 192637 140018 192644 140025 242829 140031 
6 : 178363 192656 79550 178374 79548 79566 
6 : 192657 154062 192654 154072 250529 154069 
6 : 192738 192741 192739 261060 261058 262889 
6 : 34784 129939 153896 34774 34778 129934 
6 : 138292 192782 176971 138297 138286 176975 
6 : 75876 36821 192796 36811 75892 36835 
6 : 37608 43543 192797 37601 37609 43544 
6 : 158065 73780 192798 73774 158068 73783 
6 : 192800 145797 120538 145810 120554 120532 
6 : 192872 185972 114394 185982 114409 114392 
6 : 26859 72888 156968 26852 26856 72885 
6 : 47335 147045 117363 47332 47330 117354 
6 : 149329 192884 24506 149336 24502 24521 
6 : 192887 192890 181758 217356 181763 181769 
6 : 88243 151335 192959 88237 88249 151342 
6 : 181344 192956 192958 181351 181353 229806 
6 : 37672 112910 192963 37664 37678 112916 
6 : 192966 123163 192965 123171 248530 123170 
6 : 193012 173673 192999 173691 216835 173676 
6 : 25847 72761 98505 25836 25838 72751 
6 : 193037 34122 165913 34138 165933 34119 
6 : 146158 193051 65300 146161 65289 65303 
6 : 166625 193062 65103 166630 65098 65109 
6 : 193069 169363 193060 169378 215676 169368 
6 : 99337 193111 132143 99347 99333 132163 
6 : 193108 193110 54509 247916 54521 54524 
6 : 193114 167586 146944 167591 146952 146940 
6 : 193125 182518 93938 182524 93944 93937 
6 : 193184 85937 48525 85943 48533 48510 
6 : 193187 193181 193188 210118 256697 210122 
6 : 162110 193210 127871 162126 127867 127892 
6 : 193211 193204 118188 243906 118206 118194 
6 : 172949 58683 92848 58679 92846 58667 
6 : 193267 2516 193265 2523 230504 2521 
6 : 193268 28505 54510 28511 54517 28490 
6 : 193272 192845 193275 192850 218515 192854 
6 : 193274 166776 132593 166781 132598 132588 
6 : 64320 27339 15042 27329 15031 15025 
6 : 84218 193337 193336 84222 84221 245388 
6 : 193338 183010 15979 183020 15991 15978 
6 : 55168 121427 119590 55160 55159 119576 
6 : 193346 101254 193345 101267 241719 101261 
6 : 193353 193360 44403 244368 44414 44424 
6 : 193376 172334 179451 172342 179457 172333 
6 : 20606 193406 141871 20613 20602 141888 
6 : 193410 193418 193412 236117 236106 242190 
6 : 21230 193421 185417 21236 21227 185424 
6 : 193425 193419 193424 202521 238864 202520 
6 : 193429 47804 193422 47819 226149 47810 
6 : 193443 176468 193441 176476 243714 176475 
6 : 136477 146077 193499 136469 136486 146089 
6 : 134881 106658 109018 106652 109013 106649 
6 : 158286 159427 59452 158282 59445 59446 
6 : 130933 193530 193529 130949 130945 259448 
6 : 182496 163600 166007 163594 166004 163590 
6 : 193526 193531 193527 234492 234488 238841 
6 : 193576 174929 193574 174938 230447 174932 
6 : 125405 134646 193584 125399 125412 134655 
6 : 154013 193588 57266 154021 57260 57279 
6 : 170527 138175 193602 138171 170539 138189 
6 : 193596 119001 5927 119005 5931 5921 
6 : 83905 152161 193616 83902 83918 152174 
6 : 143972 193609 193624 143976 143991 211935 
6 : 18474 137059 41155 18471 18464 41148 
6 : 46093 159302 193671 46087 46106 159317 
6 : 193666 193665 193668 214376 220799 214380 
6 : 193710 136925 193720 136927 202130 136938 
6 : 193724 148554 107302 148571 107324 107296 
6 : 193755 44375 135845 44378 135848 44369 
6 : 193783 58601 193786 58607 255841 58610 
6 : 193825 193831 138314 207579 138320 138331 
6 : 39802 193841 191790 39816 39801 191806 
6 : 193835 193833 193836 204154 232748 204155 
6 : 193840 193834 193838 230726 240224 230725 
6 : 193856 193605 110944 193613 110954 110943 
6 : 193873 193872 162285 259116 162299 162298 
6 : 193926 136508 186444 136520 186458 136506 
6 : 193927 193930 193936 205146 205155 225525 
6 : 193933 193939 181759 254989 181776 181782 
6 : 35889 194025 194027 35898 35899 252469 
6 : 148017 194033 194040 148023 148032 218806 
6 : 194039 194031 194036 206690 246582 206686 
6 : 44114 119253 183827 44101 44112 119251 
6 : 115415 194114 194120 115422 115431 250301 
6 : 190996 159972 35404 159971 35402 35397 
6 : 194129 194124 194128 239589 259218 239585 
6 : 194192 171733 194185 171741 201373 171735 
6 : 83349 128706 165056 83340 83346 128699 
6 : 53921 171558 194238 53918 53933 171570 
6 : 19999 50775 147414 19986 19993 50770 
6 : 170599 29160 80225 29155 80221 29146 
6 : 194293 165866 182302 165882 182319 165863 
6 : 194372 194370 154712 221343 154719 154717 
6 : 194382 132362 194386 132370 238912 132376 
6 : 194384 194389 38802 248571 38814 38822 
6 : 143428 194399 40245 143443 40240 40268 
6 : 194393 158423 118076 158434 118084 118069 
6 : 183531 194400 194401 183534 183537 225800 
6 : 194405 109806 112479 109813 112490 109800 
6 : 63677 194461 194458 63687 63686 253796 
6 : 102472 194468 194473 102479 102481 241745 
6 : 116569 194493 6249 116583 6241 6272 
6 : 125039 81231 94353 81219 94344 81217 
6 : 194541 194544 167527 205121 167529 167537 
6 : 152434 194624 194614 152447 152436 209148 
6 : 120180 194638 194634 120191 120187 255591 
6 : 194642 194640 194646 200465 229488 200469 
6 : 194648 103583 116253 103598 116275 103574 
6 : 149459 194737 194736 149477 149474 262752 
6 : 194729 194726 29787 214407 29799 29793 
6 : 187266 194794 194789 187275 187267 198740 
6 : 194797 76108 174205 76124 174224 76107 
6 : 185712 194856 17346 185714 17344 17349 
6 : 194868 177474 194872 177475 218223 177478 
6 : 194873 98075 194875 98081 257892 98082 
6 : 194874 87813 194867 87824 212326 87815 
6 : 145955 194877 568 145958 563 569 
6 : 170718 194882 117497 170726 117490 117506 
6 : 58234 194897 194888 58243 58236 211699 
6 : 194945 194944 194949 215887 217349 215896 
6 : 175817 42315 194954 42314 175823 42327 
6 : 195015 195017 25562 241016 25567 25574 
6 : 195022 195028 195019 242091 205917 205928 
6 : 195043 195036 195045 230571 261397 230572 
6 : 195107 195108 195105 261826 259897 259898 
6 : 141907 160150 195117 141905 141918 160160 
6 : 195111 136813 3290 136815 3292 3282 
6 : 188430 195144 195148 188436 188445 220302 
6 : 195196 89825 45721 89840 45744 45710 
6 : 25317 88604 195197 25312 25320 88606 
6 : 195262 195261 195256 262248 199635 199633 
6 : 192021 195268 115324 192026 115323 115327 
6 : 193433 195278 30054 193434 30053 30055 
6 : 195283 135627 195282 135636 242761 135635 
6 : 194639 99086 88967 99085 88966 88956 
6 : 195288 195291 75504 202856 75506 75514 
6 : 195309 125431 195303 125444 242894 125437 
6 : 195334 104976 195330 104986 251854 104985 
6 : 73140 75219 195342 73131 73150 75229 
6 : 195409 195407 195406 240788 202997 202994 
6 : 195414 195413 4952 260970 4976 4973 
6 : 89782 112092 195419 89772 89791 112103 
6 : 184693 34072 130262 34070 130260 34067 
6 : 21096 129042 179005 21087 21090 129040 
6 : 195426 195424 195431 208946 216136 208959 
6 : 195427 113543 125655 113546 125659 113534 
6 : 134350 195434 195435 134352 134361 209373 
6 : 135119 164126 115633 135115 115625 115629 
6 : 195444 50886 6554 50895 6563 6540 
6 : 195491 195493 111226 257120 111237 111239 
6 : 195550 195547 185848 242263 185857 185855 
6 : 142761 195558 195554 142773 142764 228521 
6 : 152377 195562 55926 152395 55919 55944 
6 : 174918 40401 142946 40399 142941 40392 
6 : 195569 15357 195571 15364 226122 15367 
6 : 27308 96273 195605 27299 27326 96288 
6 : 195631 46178 195629 46197 248859 46190 
6 : 101719 21704 82833 21691 82824 21689 
6 : 3092 195647 195650 3106 3107 253519 
6 : 195640 195641 195648 199283 199297 200789 
6 : 195660 195663 66530 216709 66535 66539 
6 : 195665 79895 63286 79905 63295 63280 
6 : 186038 181813 195725 181812 186047 181820 
6 : 195728 159047 195724 159067 244112 159059 
6 : 166936 195740 195752 166937 166951 210634 
6 : 195742 195751 195743 216410 216402 230303 
6 : 96837 15408 195868 15398 96844 15417 
6 : 195871 169594 195865 169611 222671 169600 
6 : 195936 134462 146399 134464 146400 134460 
6 : 195959 147146 195952 147169 243159 147158 
6 : 115298 193466 196020 115297 115302 193473 
6 : 196027 196023 196025 234386 256357 234383 
6 : 68287 166406 196057 68282 68292 166411 
6 : 73539 196056 196063 73546 73550 243546 
6 : 53618 173178 131304 53616 53615 131300 
6 : 196103 196104 196106 230609 230612 251525 
6 : 75320 196113 196114 75329 75330 252536 
6 : 196133 158307 39352 158314 39358 39347 
6 : 196191 46940 127544 46956 127558 46930 
6 : 194885 196203 196198 194899 194895 247081 
6 : 196192 196197 82222 197831 82223 82230 
6 : 196194 121760 196196 121766 215432 121770 
6 : 93966 137764 196282 93958 93979 137779 
6 : 196287 23195 196288 23203 246262 23204 
6 : 196294 97294 196292 97301 253114 97300 
6 : 111532 79519 196371 79512 111534 79521 
6 : 190138 196375 122346 190145 122345 122356 
6 : 196374 196373 140144 222109 140151 140150 
6 : 196376 167225 7020 167234 7034 7016 
6 : 196378 196386 112965 201961 112966 112976 
6 : 196383 179212 75367 179223 75375 75365 
6 : 98429 196397 196394 98434 98431 230582 
6 : 196460 2908 196466 2916 231272 2927 
6 : 58483 108019 196488 58473 58494 108031 
6 : 196490 196484 169764 249688 169784 169778 
6 : 28887 60064 19009 28879 18995 18997 
6 : 185477 138294 179452 138291 179450 138289 
6 : 59186 196569 196566 59200 59198 259682 
6 : 93255 196617 196612 93272 93265 246388 
6 : 196616 183388 129363 183404 129378 129360 
6 : 89687 196619 152088 89689 89680 152090 
6 : 135961 196618 196627 135963 135970 218521 
6 : 40851 194652 196631 40849 40853 194656 
6 : 70003 168286 149411 70001 69999 149408 
6 : 196652 196644 196650 205511 234995 205507 
6 : 196628 196712 113563 196634 113562 113569 
6 : 61341 196797 142405 61350 61337 142417 
6 : 196806 196801 153897 213975 153903 153899 
6 : 78316 183371 90333 78313 78307 90330 
6 : 125432 196822 196829 125439 125445 246186 
6 : 185723 196881 196877 185731 185726 245780 
6 : 72762 156080 196930 72758 72765 156082 
6 : 35297 196943 196938 35311 35299 208065 
6 : 154576 71814 196942 71810 154588 71827 
6 : 196937 111875 196944 111877 202042 111898 
6 : 64335 84955 197004 64330 64343 84968 
6 : 86868 91300 197005 86866 86878 91311 
6 : 185895 151426 165775 151424 165773 151421 
6 : 173913 134609 197103 134605 173924 134621 
6 : 197098 191463 197095 191472 200181 191465 
6 : 197100 197104 2371 255793 2377 2383 
6 : 197174 194901 197173 194907 203180 194904 
6 : 197182 197186 197183 252823 252821 253179 
6 : 197188 6485 197178 6496 228221 6489 
6 : 194130 81776 21881 81774 21880 21863 
6 : 75450 197250 197255 75452 75459 240980 
6 : 197252 197246 197249 201748 229829 201741 
6 : 197262 197261 197257 237128 198101 198095 
6 : 187692 197334 120540 187695 120537 120547 
6 : 156127 5699 197340 5693 156134 5707 
6 : 37061 197407 142406 37074 37059 142419 
6 : 190224 197406 136205 190225 136201 136219 
6 : 197410 186209 197420 186219 234191 186226 
6 : 197433 197429 185821 258768 185847 185838 
6 : 197434 197428 197423 257271 243744 243738 
6 : 197499 66799 197506 66803 229980 66813 
6 : 139677 106524 197512 106521 139678 106525 
6 : 197514 197520 197517 226497 226493 248300 
6 : 197521 197513 197519 221279 252548 221273 
6 : 148878 137550 197527 137546 148880 137557 
6 : 48972 197588 156995 48978 48968 157008 
6 : 81045 174950 197586 81044 81052 174956 
6 : 195265 197612 110795 195273 110794 110804 
6 : 10775 197654 197653 10781 10780 207826 
6 : 36452 153780 197656 36447 36456 153784 
6 : 153653 197657 112937 153657 112933 112947 
6 : 130837 28658 51523 28654 51514 28647 
6 : 197661 162563 26457 162571 26468 26455 
6 : 197662 109386 14581 109397 14589 14569 
6 : 197666 177575 112126 177577 112129 112121 
6 : 197671 197665 189025 212967 189033 189028 
6 : 166059 187804 22185 166056 22180 22184 
6 : 197733 119899 197734 119914 262924 119915 
6 : 23197 197745 25988 23209 23181 26005 
6 : 197738 197739 197736 227472 198481 198484 
6 : 197744 106780 197741 106797 256433 106795 
6 : 62327 188834 180214 62326 62325 180211 
6 : 197767 190864 197768 190875 251716 190878 
6 : 31176 197807 110217 31178 31174 110220 
6 : 197811 179785 15490 179787 15494 15488 
6 : 197814 197822 187184 229700 187189 187194 
6 : 197825 197834 197824 220951 211686 211697 
6 : 197883 157999 197886 158008 255877 158014 
6 : 175154 9455 147775 9453 147773 9450 
6 : 197892 165278 164971 165282 164979 164967 
6 : 197895 119205 108708 119214 108723 108698 
6 : 180199 197896 108257 180203 108255 108262 
6 : 187976 42161 44564 42159 44563 42151 
6 : 197902 197900 34724 254479 34738 34735 
6 : 197958 197962 2696 246956 2711 2720 
6 : 197961 29698 197957 29711 219862 29704 
6 : 119313 197966 174373 119319 119308 174381 
6 : 197979 111251 70904 111268 70927 70896 
6 : 10678 197993 152685 10693 10673 152695 
6 : 152124 198041 198042 152130 152134 256212 
6 : 198046 106781 194671 106793 194687 106778 
6 : 198112 154428 50173 154429 50176 50170 
6 : 198113 198114 47776 216703 47781 47789 
6 : 73854 198121 198118 73860 73856 223154 
6 : 154789 198120 184100 154794 154787 184110 
6 : 198117 50744 155952 50746 155954 50737 
6 : 198144 112890 8432 112899 8445 8428 
6 : 37509 198184 198183 37515 37514 218872 
6 : 198188 88800 148980 88816 148995 88797 
6 : 10178 198198 198194 10191 10185 256002 
6 : 198207 198213 73501 222996 73505 73514 
6 : 198261 198265 118765 202918 118767 118776 
6 : 58603 73422 44442 58587 44425 44427 
6 : 198303 103584 25277 103593 25286 25264 
6 : 188127 198357 198350 188140 188129 212837 
6 : 146620 119468 198360 119461 146623 119469 
6 : 198358 66105 100233 66106 100234 66093 
6 : 24015 169951 8931 24012 8908 8927 
6 : 198370 198374 198380 220727 220733 248986 
6 : 198371 153677 127197 153689 127206 127192 
6 : 198425 175196 198431 175203 241869 175212 
6 : 198428 63319 198432 63325 256235 63330 
6 : 121783 198440 17644 121789 17636 17648 
6 : 198477 198475 95757 264038 95777 95773 
6 : 198515 198520 198516 252202 252197 252917 
6 : 198523 84093 198524 84094 204086 84095 
6 : 198532 198537 198534 204179 204177 213519 
6 : 198539 75015 67863 75022 67870 67850 
6 : 198541 198544 198542 250153 250152 263054 
6 : 25427 23537 198550 23523 25442 23552 
6 : 198552 198545 198554 214692 261635 214696 
6 : 9626 8579 198597 8558 9635 8588 
6 : 84446 33726 198612 33715 84447 33728 
6 : 198613 130005 198614 130008 212223 130009 
6 : 198621 198620 72672 260201 72689 72688 
6 : 198622 198624 198611 261872 203950 203951 
6 : 14497 198628 198631 14498 14512 207375 
6 : 198671 198672 119224 263613 119237 119240 
6 : 198679 173361 198673 173375 199473 173362 
6 : 198680 198674 188369 205521 188390 188372 
6 : 150036 198752 198758 150042 150047 217663 
6 : 198753 198757 59639 221680 59648 59662 
6 : 8865 32557 158605 8849 8862 32555 
6 : 17017 198759 198761 17018 17022 205817 
6 : 181429 44967 8470 44966 8469 8454 
6 : 146681 198785 198784 146686 146685 247069 
6 : 197823 121762 175040 121761 175039 121757 
6 : 81294 198834 198833 81301 81299 247143 
6 : 124040 49707 198839 49704 124051 49718 
6 : 198831 198838 128510 230513 128513 128526 
6 : 198837 72080 198835 72090 249101 72088 
6 : 198907 198903 198905 204485 228452 204481 
6 : 198917 198921 198920 227141 227140 258398 
6 : 198919 198918 49797 228433 49808 49803 
6 : 198922 198915 198916 199763 208191 199751 
6 : 198999 198995 79365 220270 79372 79367 
6 : 199002 122262 3131 122277 3148 3122 
6 : 159903 199010 98860 159913 98852 98876 
6 : 14630 110173 138104 14625 14627 110168 
6 : 34329 172504 158020 34325 34323 158017 
6 : 48713 305 108770 282 48707 289 
6 : 136950 35982 37582 35974 37574 35964 
6 : 147321 89254 199150 89249 147332 89268 
6 : 45352 199161 145773 45359 45348 145786 
6 : 199224 199225 6555 258996 6571 6572 
6 : 199232 170835 199235 170847 256123 170852 
6 : 199244 48929 199241 48941 231128 48935 
6 : 199314 106489 199310 106497 238908 106495 
6 : 199317 199308 199311 220504 240528 220497 
6 : 199324 199323 199325 248392 252687 248396 
6 : 199329 199328 13989 264189 14014 14012 
6 : 191661 123039 183978 123037 183977 123035 
6 : 199392 199391 199393 211758 218609 211759 
6 : 199420 199434 130133 207115 130135 130152 
6 : 134259 199492 199495 134264 134269 251409 
6 : 199499 174429 82722 174435 82728 82720 
6 : 91519 189847 199523 91517 91523 189850 
6 : 107725 113328 2076 107714 2064 2066 
6 : 192757 186370 46941 186369 46939 46938 
6 : 199569 83503 199570 83506 213750 83509 
6 : 199575 199571 132239 244742 132254 132246 
6 : 199577 199580 188853 219464 188857 188862 
6 : 199578 199581 54910 222156 54915 54924 
6 : 11117 199639 153628 11122 11109 153634 
6 : 48897 199645 139625 48911 48893 139642 
6 : 166121 162286 199642 162280 166129 162300 
6 : 174538 12256 199644 12253 174550 12274 
6 : 117018 2971 199652 2963 117024 2983 
6 : 178176 85642 199717 85640 178181 85648 
6 : 199729 38718 97625 38727 97643 38706 
6 : 199738 119752 74027 119763 74043 74022 
6 : 199750 198022 199740 198034 233292 198027 
6 : 120439 171534 194997 120436 120438 171533 
6 : 199795 199794 186942 242820 186957 186951 
6 : 199797 199792 101797 215289 101810 101798 
6 : 82082 199807 74460 82096 74448 74476 
6 : 199800 199805 199808 216461 216463 262031 
6 : 199867 199866 114024 218326 114031 114027 
6 : 199870 199868 199874 240436 249085 240443 
6 : 199883 199884 194429 258627 194440 194444 
6 : 199916 134923 118296 134938 118319 118291 
6 : 9780 183012 15043 9778 9770 15041 
6 : 119314 199943 199942 119322 119321 248710 
6 : 189198 50085 176222 50083 176220 50080 
6 : 194088 26030 191305 26027 191303 26026 
6 : 199964 199962 11326 233459 11336 11333 
6 : 14671 200026 124369 14678 14666 124382 
6 : 200025 120848 200022 120855 200885 120849 
6 : 116462 173092 200040 116459 116473 173110 
6 : 200107 200103 187477 203111 187485 187478 
6 : 200110 200117 200108 258170 233119 233132 
6 : 200118 200113 200106 261594 227190 227183 
6 : 200199 150898 200205 150900 230553 150910 
6 : 200204 200195 200201 201095 238723 201084 
6 : 200208 200207 171946 245029 171954 171952 
6 : 177397 107851 64282 107848 64276 64266 
6 : 6776 182942 82251 6772 6765 82249 
6 : 200270 84117 66633 84124 66640 66624 
6 : 76884 165915 200280 76881 76894 165925 
6 : 200274 200281 200275 217632 217624 219091 
6 : 29700 200300 2698 29714 2682 2721 
6 : 154445 196145 200334 154443 154460 196165 
6 : 200340 200345 200341 225319 225312 231234 
6 : 26993 200440 200436 27001 26995 206171 
6 : 200437 128458 200439 128462 207054 128464 
6 : 167572 36333 11153 36328 11144 11130 
6 : 172004 150321 200461 150315 172015 150334 
6 : 113957 169522 200510 113951 113963 169535 
6 : 200511 200509 115873 239221 115892 115880 
6 : 41707 57361 200524 41695 41718 57377 
6 : 165424 200522 200519 165433 165431 240710 
6 : 200525 200517 200523 235904 257344 235901 
6 : 200541 74591 200545 74595 228971 74604 
6 : 200584 12361 150386 12364 150388 12358 
6 : 200587 200593 26189 220511 26196 26203 
6 : 200592 189983 200591 189993 246636 189991 
6 : 200618 151852 18353 151862 18368 18349 
6 : 200660 200666 200665 242065 242064 263661 
6 : 152126 200668 200667 152128 152127 201500 
6 : 144833 200747 200745 144844 144843 259667 
6 : 147528 186210 155052 147527 147524 155048 
6 : 72785 125817 200749 72778 72786 125819 
6 : 117264 189467 200762 117261 117270 189473 
6 : 200759 192607 50662 192610 50669 50659 
6 : 200766 187905 89314 187913 89325 89312 
6 : 198779 200814 200816 198782 198791 244297 
6 : 200817 157300 58120 157321 58139 58115 
6 : 200827 118766 200821 118781 215409 118773 
6 : 116570 178291 154386 116568 116564 154383 
6 : 133391 95858 13021 95848 13008 13006 
6 : 193213 200832 6250 193217 6248 6253 
6 : 200838 160517 200843 160524 255379 160531 
6 : 104436 41890 200846 41882 104438 41892 
6 : 200852 200854 151775 247060 151783 151786 
6 : 174986 16354 200898 16350 174989 16357 
6 : 181107 135255 200910 135252 181117 135263 
6 : 200917 200921 187883 256428 187893 187900 
6 : 7939 200924 146373 7942 7932 146378 
6 : 200922 99631 31488 99632 31489 31480 
6 : 200930 200931 200923 263337 211767 211771 
6 : 200965 114254 200969 114255 206475 114262 
6 : 200986 200983 197147 249684 197157 197156 
6 : 201006 189185 201004 189189 211256 189187 
6 : 159304 8605 193087 8599 159301 8604 
6 : 42348 201047 97316 42352 42339 97317 
6 : 178128 201067 200774 178141 178127 200791 
6 : 201079 23098 194833 23099 194834 23096 
6 : 200862 201122 175629 200870 175628 175640 
6 : 11416 92158 192530 11405 11415 92157 
6 : 95063 201133 201132 95067 95066 213462 
6 : 83427 201178 80869 83433 80857 80885 
6 : 133915 201174 21097 133916 21088 21099 
6 : 159852 59283 120060 59279 120055 59276 
6 : 201186 35983 108771 35986 108773 35971 
6 : 78868 95110 201200 78861 78875 95120 
6 : 201242 201240 190265 236947 190279 190271 
6 : 201245 102803 178683 102811 178692 102798 
6 : 201253 201251 201252 237520 239870 237519 
6 : 201254 176006 163303 176013 163314 163299 
6 : 201258 170926 201257 170937 253047 170936 
6 : 12643 201319 201315 12650 12647 257953 
6 : 31898 66290 201311 31891 31900 66291 
6 : 188637 166008 201313 166006 188640 166014 
6 : 125818 96120 201321 96113 125820 96123 
6 : 170529 186830 201356 170525 170535 186840 
6 : 201350 49616 189199 49620 189200 49613 
6 : 201352 65485 177246 65491 177251 65483 
6 : 201355 201353 201358 233782 243771 233792 
6 : 201384 27501 80200 27513 80212 27492 
6 : 115240 201390 152686 115247 115236 152700 
6 : 144554 201414 201417 144562 144564 232040 
6 : 201423 201415 201413 238046 231191 231182 
6 : 151268 201470 151472 151275 151264 151484 
6 : 201484 201488 115557 262857 115570 115572 
6 : 98036 128282 201495 98028 98043 128291 
6 : 165607 201542 201540 165613 165611 217310 
6 : 147127 201561 201559 147136 147135 258990 
6 : 188494 138673 61721 138669 61718 61710 
6 : 201596 201601 201592 237525 209364 209374 
6 : 201604 201607 201610 203555 203559 232717 
6 : 12104 201618 201615 12112 12108 220624 
6 : 147435 161672 201617 147429 147444 161679 
6 : 170618 188371 184199 170614 170611 184195 
6 : 201628 201626 193089 222169 193099 193093 
6 : 201632 114026 111253 114038 111264 111242 
6 : 169596 37125 201693 37116 169607 37139 
6 : 201689 201694 201692 210476 210470 234447 
6 : 201706 163816 201701 163822 239210 163819 
6 : 192896 201727 201729 192903 192905 238614 
6 : 201775 175457 201769 175467 203813 175458 
6 : 201777 201770 201776 213856 253370 213853 
6 : 182323 108498 55099 108493 55096 55092 
6 : 201784 191884 201788 191890 237920 191899 
6 : 142686 46319 201792 46313 142689 46325 
6 : 44115 158425 175946 44108 44111 158420 
6 : 201858 143060 201862 143063 227385 143068 
6 : 201859 120950 192420 120952 192422 120947 
6 : 201861 51867 1867 51877 1874 1848 
6 : 201926 201931 71447 233163 71452 71470 
6 : 201936 32946 95467 32953 95477 32936 
6 : 201938 149080 201937 149091 255911 149088 
6 : 198850 201952 194065 198859 194064 194085 
6 : 202001 202003 201999 238463 205832 205839 
6 : 202006 202015 111639 208282 111640 111657 
6 : 202019 202026 202023 214595 214591 248376 
6 : 202033 81478 131915 81485 131917 81470 
6 : 202095 73036 202087 73052 240796 73040 
6 : 70584 202117 201154 70600 70583 201171 
6 : 202119 202110 68997 248939 69017 69004 
6 : 202162 202158 202159 204223 214470 204216 
6 : 12302 123165 195823 12295 12301 123164 
6 : 167226 170778 110558 167222 110549 110553 
6 : 139801 202246 202249 139804 139806 238800 
6 : 122221 202254 202256 122223 122229 213746 
6 : 158365 61552 137765 61546 137760 61540 
6 : 183263 202257 144072 183271 144069 144082 
6 : 202268 202270 14881 260119 14899 14901 
6 : 105493 202321 202322 105495 105496 211400 
6 : 185295 65970 202330 65968 185302 65981 
6 : 99999 202338 184462 100003 99997 184464 
6 : 202404 101149 93718 101168 93737 93707 
6 : 117445 166251 69573 117442 69561 69565 
6 : 180302 202430 202424 180312 180305 229206 
6 : 202428 202423 202426 228704 232401 228702 
6 : 202431 202432 17348 264113 17367 17368 
6 : 124671 202469 202471 124676 124679 234427 
6 : 23693 202486 202483 23700 23694 206926 
6 : 126944 202490 202492 126950 126952 245419 
6 : 202555 169969 99879 169980 99890 99874 
6 : 202557 55344 64100 55356 64115 55331 
6 : 202560 202558 202568 204384 209864 204391 
6 : 202567 202563 202561 226857 210790 210783 
6 : 19102 52188 202600 19090 19107 52196 
6 : 202601 202606 125319 246004 125332 125340 
6 : 202636 202638 79927 230838 79935 79938 
6 : 202637 169952 156478 169957 156483 156475 
6 : 202651 202648 202643 242686 205841 205835 
6 : 202655 202644 202654 208419 259829 208417 
6 : 151336 202724 187820 151338 151334 187824 
6 : 202729 202728 202725 258693 229158 229155 
6 : 24885 202754 202749 24893 24890 234442 
6 : 150467 202830 202828 150477 150476 240759 
6 : 99088 141762 202852 99081 99089 141763 
6 : 10776 202906 6866 10785 6848 6871 
6 : 202911 174854 106691 174870 106703 106685 
6 : 202914 153941 129823 153955 129839 129811 
6 : 202915 202775 202920 202779 218559 202785 
6 : 82510 184200 77982 82505 77966 77977 
6 : 69236 111509 70200 69232 69230 70189 
6 : 100821 163671 67781 100811 67767 67774 
6 : 203043 162112 141876 162128 141891 141868 
6 : 103011 110893 203049 103004 103020 110902 
6 : 203132 203130 203131 249030 252277 249029 
6 : 160290 203136 203139 160291 160297 242044 
6 : 168970 203197 191426 168979 168966 191438 
6 : 96025 203203 144850 96032 96018 144862 
6 : 203217 203214 203218 243789 258415 243791 
6 : 113772 203232 203227 113785 113778 232793 
6 : 106009 203273 187568 106013 106007 187572 
6 : 203271 203274 203275 229286 229288 233060 
6 : 116689 45077 203282 45070 116694 45083 
6 : 203286 196318 203278 196339 214821 196320 
6 : 14054 203355 203354 14061 14057 251905 
6 : 203353 77821 7487 77828 7494 7474 
6 : 203372 124348 150618 124360 150633 124338 
6 : 203373 57339 65659 57348 65670 57327 
6 : 60935 92974 203431 60927 60946 92984 
6 : 203432 203422 148675 216813 148692 148678 
6 : 203512 203515 203513 227991 227988 233185 
6 : 49150 169093 203523 49145 49153 169099 
6 : 81976 105051 203525 81969 81983 105057 
6 : 41538 203541 203532 41548 41541 226923 
6 : 203581 66195 46942 66205 46953 46924 
6 : 134863 25091 203584 25083 134865 25093 
6 : 203596 203591 48931 214012 48934 48933 
6 : 203662 203667 203666 233876 233875 256787 
6 : 129321 203690 99610 129324 99602 99619 
6 : 95323 193467 116511 95320 95312 116507 
6 : 203828 173503 54658 173523 54679 54655 
6 : 44942 203831 203836 44946 44952 238225 
6 : 203850 203858 31692 208583 31693 31710 
6 : 203903 203894 203902 208063 256837 208061 
6 : 28783 203907 184796 28789 28779 184812 
6 : 203917 44996 50888 45007 50903 44983 
6 : 203972 203971 135399 244209 135409 135406 
6 : 203977 188061 203975 188081 261191 188076 
6 : 117337 203982 168028 117342 117330 168032 
6 : 77049 204007 204009 77050 77053 215665 
6 : 100558 204072 204069 100570 100565 236946 
6 : 204074 195515 204073 195518 205293 195516 
6 : 204147 5768 204148 5772 223407 5774 
6 : 39806 204161 204156 39822 39813 237643 
6 : 204175 33985 204040 33997 204059 33984 
6 : 111227 204202 121355 111234 111221 121365 
6 : 121939 204206 183058 121944 121938 183063 
6 : 204212 204210 204207 250977 224407 224405 
6 : 204279 20653 17645 20659 17652 17626 
6 : 204280 204277 82864 213559 82874 82867 
6 : 204288 204287 26192 246635 26201 26200 
6 : 204289 204285 176136 238960 176143 176140 
6 : 204299 204298 204300 254558 262568 254559 
6 : 204326 203787 40081 203789 40085 40079 
6 : 33557 78247 70384 33543 33541 70373 
6 : 204363 204368 130530 213321 130532 130544 
6 : 204382 204379 92816 252912 92830 92827 
6 : 28659 204397 26459 28668 26443 26467 
6 : 119183 26584 118077 26573 118064 26572 
6 : 143429 194047 204437 143427 143438 194059 
6 : 7189 204538 204529 7199 7190 210134 
6 : 21232 187635 141429 21228 21224 141425 
6 : 176366 204541 204530 176379 176370 215934 
6 : 204599 71737 204594 71755 213185 71739 
6 : 204607 204602 204605 247019 260794 247013 
6 : 10648 204614 204616 10657 10659 246858 
6 : 204613 86716 204610 86728 216414 86723 
6 : 204617 112940 204611 112948 218057 112943 
6 : 204694 204697 109969 233144 109972 109976 
6 : 204699 204691 104491 208259 104503 104492 
6 : 14774 204756 119143 14782 14772 119152 
6 : 144617 145202 204760 144610 144619 145205 
6 : 204777 181490 164069 181502 164087 164066 
6 : 189741 114825 25595 114824 25593 25585 
6 : 34158 204853 204844 34168 34161 229899 
6 : 204856 204861 204855 237328 223802 223804 
6 : 204863 199360 92850 199373 92868 92849 
6 : 204889 204891 108445 247047 108450 108452 
6 : 151684 118768 204894 118762 151689 118774 
6 : 197367 168664 204956 168662 197368 168665 
6 : 204963 204957 26335 218667 26355 26339 
6 : 174782 205055 205047 174792 174784 222367 
6 : 205052 205049 140258 229930 140271 140263 
6 : 205062 205069 196735 242437 196744 196753 
6 : 24768 205088 70096 24771 24751 70101 
6 : 154502 20688 205117 20682 154512 20702 
6 : 178631 107761 18054 107758 18051 18043 
6 : 205122 152900 205124 152906 247732 152908 
6 : 189613 205154 205143 189623 189615 216057 
6 : 122600 205193 164729 122612 122593 164747 
6 : 129653 67338 205196 67330 129662 67346 
6 : 188010 205201 163407 188022 163402 163423 
6 : 37700 205204 205203 37703 37701 205713 
6 : 196708 205276 125291 196716 125290 125302 
6 : 205275 35080 90759 35088 90769 35064 
6 : 205280 181289 100488 181295 100497 100484 
6 : 205282 9213 58099 9225 58104 9203 
6 : 205332 205335 43125 248351 43135 43141 
6 : 205355 117604 48230 117616 48248 48221 
6 : 205362 205363 170071 238036 170074 170075 
6 : 205369 46910 205361 46922 234808 46914 
6 : 102080 131756 179831 102071 102075 131751 
6 : 205397 37646 205401 37649 227470 37654 
6 : 156142 5769 92817 5763 92808 5757 
6 : 205471 205467 139195 208401 139209 139197 
6 : 205546 197770 86717 197776 86726 86714 
6 : 26550 205549 167069 26551 26548 167070 
6 : 182281 77951 205556 77948 182298 77964 
6 : 205550 205552 132264 217204 132266 132269 
6 : 205554 63026 180599 63034 180605 63022 
6 : 205561 186414 48070 186420 48081 48065 
6 : 205562 205557 205559 215531 239489 215526 
6 : 177964 149898 205568 149891 177970 149906 
6 : 178968 205620 82106 178978 82103 82122 
6 : 205631 205642 53589 217648 53591 53607 
6 : 205701 146839 68353 146845 68362 68342 
6 : 205712 205710 170733 256905 170749 170747 
6 : 18299 46382 205767 18290 18302 46383 
6 : 184160 18153 171852 18152 171848 18151 
6 : 205814 205812 86834 217294 86841 86839 
6 : 133274 46534 114471 46528 114463 46525 
6 : 176393 122329 152901 122327 152895 122325 
6 : 78317 69706 48231 69694 48217 48216 
6 : 129654 205945 163408 129660 129646 163417 
6 : 205943 111922 189863 111929 189866 111919 
6 : 149945 8473 113203 8465 113198 8461 
6 : 206080 165059 206074 165076 226745 165064 
6 : 148092 198462 91622 148091 91615 91620 
6 : 24609 206102 12700 24623 12684 12710 
6 : 206153 118051 206152 118061 249561 118057 
6 : 206158 206160 5556 228432 5561 5564 
6 : 206161 128938 199620 128946 199628 128936 
6 : 206162 206156 183813 209295 183820 183814 
6 : 122222 206228 206230 122225 122228 238803 
6 : 202061 3577 1895 3576 1894 1881 
6 : 206225 197023 206224 197026 209976 197024 
6 : 156166 178813 192531 156162 156164 178811 
6 : 198189 159429 156457 159428 156456 156451 
6 : 206360 97126 206366 97136 230008 97145 
6 : 206372 196301 120289 196314 120302 120284 
6 : 37089 176701 34016 37082 33999 34010 
6 : 206376 206388 206387 218786 218785 258920 
6 : 206383 206380 182210 241722 182225 182218 
6 : 173999 206433 141087 174003 141083 141106 
6 : 206429 90957 160242 90959 160244 90952 
6 : 182892 206435 175854 182893 175850 175857 
6 : 145659 159872 206454 145653 145660 159875 
6 : 206459 206470 172782 236916 172789 172801 
6 : 94934 206500 206506 94939 94947 231086 
6 : 184332 206507 206505 184345 184344 243625 
6 : 206502 133439 206503 133448 237888 133451 
6 : 188414 49909 66635 49905 66632 49894 
6 : 206537 206540 68898 231372 68905 68908 
6 : 54419 206576 206579 54421 54431 213304 
6 : 158555 174836 14883 158551 14874 14876 
6 : 206580 206547 206578 206559 251580 206557 
6 : 187683 97127 206587 97125 187687 97134 
6 : 60199 56803 170810 56787 60196 56797 
6 : 206649 206650 141764 210099 141765 141773 
6 : 206659 87564 206657 87569 207224 87565 
6 : 184443 206717 206721 184447 184450 234792 
6 : 188142 36140 206715 36135 188143 36142 
6 : 203909 17194 130054 17193 130053 17183 
6 : 206732 206731 173162 255879 173170 173169 
6 : 168306 206743 204393 168315 168305 204403 
6 : 61780 206796 206792 61794 61786 238810 
6 : 206788 206795 159251 222255 159252 159264 
6 : 190228 162759 33842 162758 33839 33836 
6 : 160225 78223 101393 78216 101385 78211 
6 : 83187 171560 117339 83185 83181 117331 
6 : 206878 90336 168031 90354 168044 90328 
6 : 165972 206898 206902 165982 165984 261391 
6 : 160336 10265 206953 10259 160343 10279 
6 : 206963 206965 85571 256670 85579 85582 
6 : 205142 206996 206998 205150 205153 244993 
6 : 207005 150676 207004 150691 264103 150689 
6 : 39006 207028 207029 39017 39018 259410 
6 : 104772 207036 207039 104781 104786 251020 
6 : 207064 151448 200412 151450 200416 151447 
6 : 16099 207105 207103 16109 16105 254245 
6 : 23956 106877 166551 23947 23950 106871 
6 : 207100 76831 90105 76832 90106 76817 
6 : 207109 142305 207114 142310 229745 142322 
6 : 48860 207122 91410 48865 48853 91421 
6 : 207116 207117 174603 210988 174605 174609 
6 : 207123 2035 82637 2048 82654 2021 
6 : 207162 207164 127756 223972 127758 127764 
6 : 207170 207167 207165 253155 249470 249465 
6 : 47179 56979 161591 47161 47170 56974 
6 : 207313 207319 207318 238184 238181 259417 
6 : 207322 173460 78344 173464 78349 78339 
6 : 122679 116623 207376 116615 122682 116629 
6 : 207381 207377 57641 253349 57652 57646 
6 : 154372 207383 194673 154374 154370 194683 
6 : 185319 177982 130357 177980 130355 130354 
6 : 207382 32973 207388 32974 214957 32987 
6 : 102682 173461 163409 102675 102672 163400 
6 : 122792 47746 99140 47734 99133 47727 
6 : 81977 207460 207456 81988 81985 253724 
6 : 121063 207461 207455 121074 121068 246546 
6 : 207450 189393 123390 189396 123393 123388 
6 : 207464 109785 207465 109788 231899 109792 
6 : 78970 207482 207493 78973 78979 221691 
6 : 207488 207481 207491 214758 252453 214760 
6 : 207527 169696 207532 169697 208167 169703 
6 : 60581 207553 207546 60593 60582 221445 
6 : 207689 207688 193555 238487 193561 193559 
6 : 207691 207685 187385 214593 187394 187387 
6 : 207692 204407 207695 204419 257163 204426 
6 : 207696 4140 169400 4145 169406 4136 
6 : 65629 111361 171561 65615 65622 111358 
6 : 207771 90337 48232 90343 48238 48218 
6 : 207845 207850 207849 242072 242070 259998 
6 : 207846 128984 45527 128989 45533 45516 
6 : 207851 196085 207844 196101 208484 196086 
6 : 207859 112708 12738 112710 12740 12724 
6 : 207926 138531 15198 138534 15202 15187 
6 : 207982 200229 605 200234 618 602 
6 : 19671 199074 208000 19670 19677 199080 
6 : 170890 50600 207998 50594 170897 50606 
6 : 208045 142607 208042 142616 255414 142615 
6 : 208069 208068 143476 244699 143485 143482 
6 : 208070 93526 208066 93530 238975 93528 
6 : 201799 179353 88392 179352 88390 88387 
6 : 205798 208075 88664 205803 88663 88667 
6 : 134466 64831 208083 64823 134467 64833 
6 : 208092 208085 208093 222436 254526 222438 
6 : 178425 208102 208101 178434 178433 226194 
6 : 208103 208098 176026 215087 176034 176028 
6 : 208111 208110 86933 239074 86943 86941 
6 : 101558 187360 135274 101557 101553 135272 
6 : 208149 95581 190601 95587 190612 95577 
6 : 131162 142306 208158 131157 131167 142315 
6 : 207106 124554 208154 124553 207108 124555 
6 : 179489 208164 113400 179492 113395 113408 
6 : 208196 166316 80967 166318 80969 80965 
6 : 105816 208215 208207 105829 105821 243395 
6 : 180383 208212 180147 180391 180142 180155 
6 : 86034 131309 208279 86025 86043 131316 
6 : 208275 179214 208276 179217 233861 179218 
6 : 71667 135823 142221 71657 71658 135814 
6 : 195841 208356 208355 195849 195848 248987 
6 : 207794 191386 30120 191385 30119 30115 
6 : 208370 102909 208373 102917 239203 102920 
6 : 32230 96350 208429 32220 32236 96359 
6 : 208490 155568 40534 155571 40537 40527 
6 : 208533 161322 208529 161338 253052 161334 
6 : 208539 208548 195673 241520 195679 195689 
6 : 140461 86067 156479 86057 140453 86060 
6 : 208569 138971 99854 138972 99858 99848 
6 : 208572 208573 208568 247914 230507 230508 
6 : 44349 111689 208633 44345 44354 111695 
6 : 143321 208635 76405 143324 76396 76410 
6 : 208636 208637 84958 254350 84972 84973 
6 : 186602 208649 208638 186611 186603 220163 
6 : 208645 208643 26193 250659 26204 26202 
6 : 208648 113012 188063 113023 188077 113009 
6 : 208711 208707 208705 227761 211456 211449 
6 : 145745 208718 90761 145747 90754 90764 
6 : 164558 208723 208714 164572 164559 214342 
6 : 98927 208788 98258 98928 98243 98260 
6 : 208791 208790 208795 231048 232062 231051 
6 : 194906 14884 208817 14878 194912 14887 
6 : 208843 208844 208850 218290 218299 225813 
6 : 208863 208865 81737 225446 81741 81743 
6 : 45947 61389 167438 45932 45942 61387 
6 : 83695 208914 137309 83700 83689 137316 
6 : 187771 208913 56775 187775 56773 56783 
6 : 208978 208976 100584 244906 100598 100593 
6 : 208979 208977 208975 246728 232720 232715 
6 : 208983 208987 208982 250636 248415 248424 
6 : 208985 207557 20547 207564 20557 20546 
6 : 209067 209075 209071 209339 209335 218055 
6 : 209089 209091 81357 243304 81365 81369 
6 : 147862 121992 138645 121984 138640 121982 
6 : 118867 2699 192196 2687 118866 2695 
6 : 24479 207724 200879 24478 24474 200878 
6 : 209178 209183 134484 215228 134487 134497 
6 : 209234 170734 29791 170744 29804 29784 
6 : 183284 209243 209250 183285 183292 209425 
6 : 183214 209306 209303 183220 183215 221759 
6 : 209326 157915 200553 157921 200559 157913 
6 : 119709 110269 86719 110259 86711 86710 
6 : 209385 171347 209380 171356 247397 171349 
6 : 193863 204874 108141 193861 108137 108140 
6 : 209387 46744 120617 46745 120619 46734 
6 : 61956 85335 209394 61944 61960 85339 
6 : 209409 38880 209407 38887 235567 38883 
6 : 6725 209456 167091 6737 6717 167104 
6 : 16023 20548 133542 16010 16015 20535 
6 : 136162 209452 122717 136166 122711 122723 
6 : 209451 196497 202538 196500 202541 196495 
6 : 209477 209472 209481 227018 261108 227021 
6 : 209478 209470 190794 217283 190814 190799 
6 : 209479 209473 209482 230698 261503 230702 
6 : 209480 209476 74789 256651 74811 74807 
6 : 209541 209538 209543 211243 231913 211246 
6 : 137489 209557 209554 137499 137494 241338 
6 : 209553 209556 209560 238087 238094 250326 
6 : 28605 128229 144305 28598 28601 128226 
6 : 35493 37398 33584 35484 33572 33573 
6 : 125170 85186 88527 85181 88520 85178 
6 : 171174 209614 209612 171186 171180 236936 
6 : 209638 209640 209629 259957 248667 248670 
6 : 139909 97746 179605 97736 139904 97741 
6 : 209649 209645 209646 235867 237449 235862 
6 : 118617 209659 209671 118622 118631 236579 
6 : 209703 199049 129257 199058 129271 129254 
6 : 209717 176008 7325 176010 7329 7318 
6 : 10649 209768 209769 10654 10656 223080 
6 : 209800 152902 160459 152914 160474 152893 
6 : 183580 129340 209849 129334 183594 129353 
6 : 189592 209862 135988 189596 135979 136003 
6 : 209914 117228 173952 117237 173963 117221 
6 : 95324 209919 51093 95328 51077 51097 
6 : 115300 209924 188272 115311 115296 188288 
6 : 185492 173066 209922 173061 185503 173081 
6 : 209918 193469 209923 193472 225489 193481 
6 : 166407 209934 209926 166416 166410 220765 
6 : 82579 209949 209940 82593 82583 225424 
6 : 210006 40643 193166 40646 193174 40641 
6 : 210009 128110 127526 128117 127536 127519 
6 : 68952 142519 210073 68946 68961 142531 
6 : 113773 210076 210069 113790 113777 230650 
6 : 206826 10330 24611 10329 24610 10319 
6 : 41813 210082 126050 41820 41807 126061 
6 : 210088 65263 210093 65268 237132 65275 
6 : 210094 210086 194430 230490 194446 194433 
6 : 73594 85544 117104 73578 73586 85531 
6 : 210116 210111 210114 211178 242597 211176 
6 : 210147 210148 22503 248883 22514 22516 
6 : 87837 210160 210157 87848 87846 260390 
6 : 210152 210153 190516 214642 190520 190523 
6 : 7737 54625 210233 7724 7748 54636 
6 : 72397 210234 196170 72410 72395 196178 
6 : 105070 210231 210232 105079 105080 252444 
6 : 149740 210246 210240 149752 149744 248909 
6 : 118520 210248 210250 118521 118523 212125 
6 : 134868 208689 210268 134867 134877 208700 
6 : 210306 8866 13531 8869 13540 8848 
6 : 210307 3174 136763 3181 136776 3164 
6 : 88924 210309 178307 88928 88921 178313 
6 : 164647 210311 22934 164653 22930 22941 
6 : 210310 126756 210313 126759 240033 126771 
6 : 190326 210317 155374 190330 155371 155379 
6 : 20767 210329 178540 20777 20764 178559 
6 : 98736 210369 210372 98741 98746 247215 
6 : 210367 53049 210365 53056 218119 53052 
6 : 67892 150406 207512 67882 67891 150405 
6 : 172839 97004 210377 96997 172843 97010 
6 : 210511 210514 209094 227656 209098 209108 
6 : 52479 210526 210530 52480 52487 211995 
6 : 210546 122349 210542 122352 212331 122350 
6 : 210548 171621 79522 171627 79528 79516 
6 : 47609 132013 91651 47603 47602 91642 
6 : 137719 175547 48386 137715 48374 48379 
6 : 210742 210735 210739 213461 259108 213456 
6 : 210749 8545 140557 8550 140565 8536 
6 : 157947 69649 181230 69644 157944 69647 
6 : 210802 210800 183917 259243 183927 183926 
6 : 203008 16440 210811 16439 203022 16457 
6 : 210815 210817 210814 229582 219764 219765 
6 : 210884 16556 203080 16561 203087 16555 
6 : 170306 174684 172488 170302 170301 172483 
6 : 210897 210901 151776 250291 151785 151792 
6 : 38469 210910 147241 38476 38460 147251 
6 : 202730 210904 210908 202734 202736 218726 
6 : 4107 80572 68900 4092 4091 68885 
6 : 34885 114221 210978 34878 34901 114237 
6 : 210972 62227 210974 62237 240947 62240 
6 : 165425 130776 196586 130768 165423 130774 
6 : 187806 211055 157706 187815 157704 157720 
6 : 192398 124790 179970 124787 179967 124785 
6 : 211066 211060 211063 241730 256770 241723 
6 : 42574 211137 211139 42577 42581 232218 
6 : 117894 166084 192124 117888 117893 166078 
6 : 207365 172523 45032 172521 45030 45027 
6 : 84461 211214 211219 84467 84469 250519 
6 : 211215 59895 38942 59903 38956 38929 
6 : 162385 211228 166358 162399 162379 166376 
6 : 204843 211226 185422 204851 185418 185440 
6 : 211279 211274 186617 220287 186631 186618 
6 : 211287 211288 86935 264060 86952 86953 
6 : 211330 211334 211332 237098 237096 242491 
6 : 211350 211353 2701 239902 2709 2712 
6 : 42593 211370 211365 42605 42601 256518 
6 : 160227 137173 1094 137162 1087 1083 
6 : 211425 100840 211426 100848 257066 100849 
6 : 211427 211421 193808 237197 193820 193812 
6 : 211457 211450 211454 237242 251880 237237 
6 : 136059 137128 211503 136051 136067 137133 
6 : 163557 211497 194675 163562 163556 194685 
6 : 211501 211495 211506 234000 260852 234002 
6 : 196303 211595 211591 196313 196312 257009 
6 : 118645 171754 175126 118637 118639 171746 
6 : 178412 206057 211653 178410 178415 206062 
6 : 160539 211657 192826 160546 160537 192830 
6 : 211729 211730 62116 217832 62119 62124 
6 : 211731 211734 211728 259319 217499 217503 
6 : 211740 156841 211741 156845 253304 156846 
6 : 211745 172084 144537 172090 144548 144532 
6 : 141594 211746 211747 141595 141596 212823 
6 : 211751 211748 211749 221217 221591 221216 
6 : 143398 97051 211818 97047 143402 97059 
6 : 211815 211820 195081 221138 195082 195092 
6 : 211816 101102 103729 101104 103731 101094 
6 : 54028 211821 199362 54032 54024 199365 
6 : 186482 211823 70772 186486 70769 70783 
6 : 207220 211825 146206 207228 146205 146213 
6 : 211830 211829 7781 212970 7787 7782 
6 : 211834 12012 211832 12028 251725 12019 
6 : 186912 24886 15495 24883 15489 15476 
6 : 211961 41418 211970 41420 221720 41429 
6 : 211965 211968 6557 253732 6567 6569 
6 : 211966 211969 211967 254255 254254 254272 
6 : 94579 211974 78372 94584 78360 78381 
6 : 211978 83452 211972 83457 220315 83454 
6 : 148862 211986 211990 148868 148873 245977 
6 : 196453 212018 199436 196456 196450 199439 
6 : 155520 82724 63198 82717 63187 63179 
6 : 212061 212064 212068 230837 230841 238453 
6 : 175077 47933 172617 47924 172610 47923 
6 : 212092 118272 211862 118282 211869 118271 
6 : 141383 212108 212103 141395 141387 235972 
6 : 158889 212153 75905 158891 75899 75910 
6 : 29493 212158 212157 29495 29494 219792 
6 : 212162 35372 212159 35384 237597 35378 
6 : 212168 212167 38014 225082 38023 38016 
6 : 106473 111229 208019 106465 106471 111228 
6 : 179338 70355 212229 70353 179347 70368 
6 : 212236 129537 146182 129543 146192 129533 
6 : 8355 20470 212291 8340 8360 20482 
6 : 210249 173366 82385 173365 82383 82378 
6 : 212293 20654 68266 20667 68276 20644 
6 : 35620 127304 212350 35614 35623 127309 
6 : 69775 60714 200705 60699 69774 60713 
6 : 212359 212355 194345 253823 194365 194360 
6 : 212360 59454 109020 59468 109037 59443 
6 : 212368 212366 212370 253715 257866 253718 
6 : 212371 58811 185252 58813 185253 58808 
6 : 212383 201594 156288 201595 156290 156285 
6 : 95730 212411 122397 95736 95721 122405 
6 : 174557 65233 212417 65226 174570 65247 
6 : 212430 212434 121219 231163 121223 121231 
6 : 131004 184817 212440 130999 131005 184819 
6 : 168557 188328 212447 168555 168571 188345 
6 : 189915 212485 212487 189922 189926 245003 
6 : 94671 212497 212500 94679 94685 245204 
6 : 208295 212547 158938 208315 158937 158958 
6 : 187165 144538 177730 144535 177728 144533 
6 : 204902 161789 212526 161786 204901 161788 
6 : 212549 31632 212550 31637 249059 31638 
6 : 121535 114472 212553 114462 121536 114473 
6 : 189959 212558 212554 189968 189965 229209 
6 : 59285 52755 149369 52741 59278 52746 
6 : 212568 212566 212560 258199 221554 221547 
6 : 212605 212606 94239 253703 94253 94254 
6 : 200538 212612 212609 200543 200539 219975 
6 : 117178 130474 212624 117170 117188 130486 
6 : 212621 212620 195312 235592 195317 195316 
6 : 98818 212683 89258 98827 89247 89269 
6 : 212680 175926 212687 175928 222571 175937 
6 : 66144 212694 160985 66150 66139 160995 
6 : 112456 212697 212695 112468 112466 257459 
6 : 192897 212701 212698 192901 192898 219777 
6 : 116239 71599 11291 71593 11279 11273 
6 : 212778 128917 212784 128920 219463 128924 
6 : 191663 10268 174745 10262 174738 10261 
6 : 212840 212846 212842 216718 216708 226088 
6 : 196736 212871 212864 196751 196743 231572 
6 : 212865 212863 132907 219117 132918 132911 
6 : 212869 269 120362 278 120370 259 
6 : 50458 99141 212906 50449 50468 99151 
6 : 170434 212911 212916 170435 170440 213318 
6 : 212921 93314 212920 93332 262711 93331 
6 : 131661 114910 5113 114904 5101 5099 
6 : 193216 194479 212929 193212 193225 194492 
6 : 192466 38445 212976 38442 192473 38449 
6 : 212981 212980 212986 215552 220339 215558 
6 : 164648 212993 212995 164658 164660 262399 
6 : 212988 58541 180504 58543 180507 58537 
6 : 213042 213037 175198 216081 175216 175199 
6 : 213048 51868 213047 51880 254436 51878 
6 : 213049 213053 213044 260618 243125 243129 
6 : 136187 111363 97105 111354 97092 97088 
6 : 61615 213132 181302 61618 61613 181310 
6 : 156113 42045 114105 42036 114095 42031 
6 : 122680 1747 22935 1736 22922 1723 
6 : 213200 180290 178308 180298 178321 178305 
6 : 165263 213203 213204 165265 165270 232990 
6 : 128028 213221 162774 128038 128022 162796 
6 : 139559 2458 29345 2452 29334 2447 
6 : 213262 213255 213257 225770 230669 225762 
6 : 156951 198793 94858 156947 94850 94855 
6 : 171334 210395 163086 171333 163082 163085 
6 : 56073 203107 213287 56071 56079 203115 
6 : 53861 182012 213328 53857 53863 182016 
6 : 137107 164071 114256 137102 114240 114245 
6 : 213335 213333 86286 246010 86296 86293 
6 : 213347 106256 213344 106262 248101 106259 
6 : 160696 208228 15360 160694 15353 15359 
6 : 52551 213416 206856 52562 52550 206870 
6 : 118885 193122 149702 118882 118880 149697 
6 : 154692 213413 213417 154698 154704 255733 
6 : 200640 207077 9893 200639 9889 9891 
6 : 131862 213439 41106 131875 41096 41119 
6 : 107627 213485 197073 107636 107624 197083 
6 : 84729 189413 213491 84723 84737 189429 
6 : 112066 145033 213489 112063 112070 145037 
6 : 127693 213492 35408 127705 35390 35426 
6 : 213536 213542 213541 214505 214504 263020 
6 : 42735 213574 140109 42738 42724 140117 
6 : 183533 76833 213624 76828 183540 76845 
6 : 15106 168647 209126 15097 15104 168646 
6 : 213666 213672 212586 229319 212590 212602 
6 : 213679 104493 179429 104504 179440 104484 
6 : 189744 106808 213693 106805 189745 106809 
6 : 213734 107908 213733 107921 255208 107918 
6 : 209973 1897 213743 1896 209987 1913 
6 : 35180 186013 63455 35177 35167 63450 
6 : 213761 213763 213756 252404 230641 230648 
6 : 143304 118376 192363 118371 143299 118373 
6 : 155307 213819 213809 155321 155308 213932 
6 : 213812 67744 136973 67746 136978 67734 
6 : 119315 118403 15981 118390 15973 15972 
6 : 144092 213865 20828 144102 20819 20838 
6 : 213880 213877 213876 256861 253341 253339 
6 : 213883 150936 213878 150955 258006 150949 
6 : 131323 213892 51527 131332 51515 51536 
6 : 213884 107909 213895 107910 216875 107919 
6 : 213888 213898 213887 231215 226732 226743 
6 : 213893 213897 213894 253404 253401 253755 
6 : 76646 213947 213951 76652 76656 246476 
6 : 10596 213954 8311 10600 8287 8315 
6 : 66587 56344 7784 56328 7763 7761 
6 : 185908 26160 213953 26155 185909 26163 
6 : 205328 108623 124608 108622 124607 108613 
6 : 213960 213967 142644 235757 142649 142661 
6 : 214020 111205 214011 111217 224240 111206 
6 : 214025 203788 104494 203800 104510 104488 
6 : 66250 33559 146079 33540 66241 33548 
6 : 214033 161493 188546 161509 188559 161489 
6 : 151515 202708 195842 151512 151511 195840 
6 : 87838 116484 173852 87827 87832 116481 
6 : 192520 105092 214134 105090 192527 105108 
6 : 214146 214148 214143 260010 243689 243691 
6 : 170072 192341 185682 170068 170066 185679 
6 : 20901 65488 214215 20894 20918 65502 
6 : 214213 21996 214211 22005 231230 21999 
6 : 144454 207498 161413 144451 144449 161412 
6 : 206586 177676 39533 177673 39531 39524 
6 : 23639 214222 174376 23640 23637 174377 
6 : 214229 169132 85831 169133 85833 85824 
6 : 26996 197440 214275 26992 27003 197445 
6 : 9500 214284 74196 9507 9491 74203 
6 : 65518 214292 214294 65519 65521 235049 
6 : 182448 181618 214293 181614 182453 181625 
6 : 214302 133094 188693 133100 188702 133088 
6 : 214305 176905 79399 176915 79406 79391 
6 : 214358 9966 214354 9980 227754 9968 
6 : 214433 190670 188873 190673 188877 188869 
6 : 198633 178158 30121 178154 30117 30111 
6 : 214488 152545 190687 152551 190695 152540 
6 : 210151 189709 214495 189708 210154 189715 
6 : 214494 214498 214493 224264 222398 222406 
6 : 111454 124533 160623 111444 111448 124530 
6 : 214514 102347 214509 102357 247491 102353 
6 : 177949 148245 211099 148240 177948 148244 
6 : 214546 214551 214547 227266 227258 241728 
6 : 158179 124065 210274 124058 158178 124063 
6 : 210161 89259 172904 89256 172902 89252 
6 : 14795 214625 150721 14802 14791 150727 
6 : 214650 135014 58359 135018 58364 58351 
6 : 188222 214700 50666 188224 50656 50671 
6 : 125060 156775 214703 125052 125061 156776 
6 : 214705 214706 214704 244014 235725 235726 
6 : 214712 214707 187823 249498 187842 187832 
6 : 159211 214717 214714 159218 159212 224079 
6 : 203592 161612 214715 161611 203597 161616 
6 : 214726 214734 129259 243206 129264 129274 
6 : 214729 214724 71847 239947 71858 71853 
6 : 214749 100993 25879 101006 25897 25867 
6 : 142797 214841 131409 142801 131399 131419 
6 : 214839 159230 27476 159236 27485 27466 
6 : 17268 214882 214876 17282 17271 229154 
6 : 120646 214878 161391 120653 120642 161395 
6 : 80705 214910 214909 80715 80710 250925 
6 : 164628 37824 129365 37822 129358 37818 
6 : 214916 93058 214917 93067 254553 93069 
6 : 214918 214920 13991 263179 14008 14011 
6 : 132543 214936 151686 132544 132539 151687 
6 : 79255 135171 214976 79241 79258 135173 
6 : 158557 214983 199032 158558 158553 199034 
6 : 876 59080 49210 864 863 49194 
6 : 215002 213442 214992 213458 217187 213443 
6 : 78456 124235 46784 78448 46768 46772 
6 : 24612 215033 215040 24617 24627 248822 
6 : 170331 37647 25990 37643 25981 25975 
6 : 215048 215053 92545 227173 92549 92560 
6 : 215054 215050 200952 252836 200961 200957 
6 : 108086 215062 215057 108092 108088 223037 
6 : 136280 26941 215063 26925 136286 26952 
6 : 192649 215060 207744 192653 192648 207755 
6 : 215066 215059 148677 244781 148694 148683 
6 : 115737 60202 189110 60192 115732 60198 
6 : 14776 5073 77855 5055 14768 5060 
6 : 54263 215122 215123 54273 54275 262524 
6 : 98949 215120 27077 98953 27068 27089 
6 : 215119 215124 57797 253654 57807 57814 
6 : 215179 143031 189111 143032 189112 143028 
6 : 215204 102348 5393 102360 5407 5380 
6 : 215259 215254 188790 249070 188799 188797 
6 : 215262 191042 214173 191044 214174 191041 
6 : 5862 180167 215272 5857 5867 180172 
6 : 44512 215301 215292 44523 44514 216706 
6 : 215320 215319 8608 228792 8621 8611 
6 : 215323 215321 145691 256349 145706 145701 
6 : 115256 215324 215327 115258 115262 219118 
6 : 166857 138179 215329 138170 166864 138186 
6 : 215350 194070 151588 194083 151599 151584 
6 : 157382 13338 179832 13326 157373 13331 
6 : 215377 214461 215379 214463 217544 214466 
6 : 211906 26161 189030 26157 189027 26156 
6 : 215433 32662 196254 32666 196261 32660 
6 : 215439 215437 151449 260340 151464 151462 
6 : 215445 215443 215441 229875 217983 217978 
6 : 215449 150938 123305 150954 123320 123292 
6 : 141147 215462 36260 141153 36251 36268 
6 : 138180 192981 199917 138174 138178 192980 
6 : 182926 215510 140581 182935 140574 140592 
6 : 215521 171662 196498 171673 196510 171658 
6 : 215567 215569 215568 225023 225020 231802 
6 : 81067 183982 65696 81063 65673 65685 
6 : 49504 215583 215587 49508 49518 242417 
6 : 215582 28227 139747 28228 139749 28220 
6 : 215592 215591 158094 236581 158097 158096 
6 : 24301 110920 215631 24293 24310 110936 
6 : 66341 28830 105604 28814 66329 28817 
6 : 128004 48353 83263 48341 83249 48339 
6 : 215629 14227 123726 14235 123730 14216 
6 : 34483 215638 176137 34493 34476 176149 
6 : 215650 215653 215651 220549 220547 242693 
6 : 215684 137978 215679 137986 238925 137982 
6 : 215685 215686 205449 217958 205450 205456 
6 : 165031 136390 51339 136382 51332 51331 
6 : 104047 215814 215816 104051 104054 255041 
6 : 26880 137195 215821 26876 26884 137206 
6 : 215839 215830 55246 238557 55265 55252 
6 : 85168 7427 215957 7411 85170 7432 
6 : 128588 137767 3580 128577 3565 3568 
6 : 149160 191698 139412 149155 139401 139406 
6 : 123367 216031 198952 123374 123365 198961 
6 : 216030 216036 123978 235532 123982 123995 
6 : 130980 35214 216040 35203 130985 35219 
6 : 184320 34331 216041 34327 184327 34336 
6 : 134716 38321 212266 38311 134715 38319 
6 : 148583 216099 100890 148584 100883 100892 
6 : 213502 216101 216102 213509 213515 248908 
6 : 56074 103609 170092 56063 56068 103605 
6 : 103540 216121 216116 103556 103543 233130 
6 : 208842 216124 216129 208848 208852 236623 
6 : 214640 43814 192365 43813 192364 43809 
6 : 144074 15649 216156 15641 144081 15660 
6 : 216157 199830 130136 199831 130137 130134 
6 : 216161 121192 117847 121201 117861 117836 
6 : 208815 54422 206552 54420 206548 54418 
6 : 216227 166061 216229 166063 222609 166066 
6 : 215693 200137 216241 200136 215699 200153 
6 : 216237 57153 155955 57155 155959 57147 
6 : 216242 68870 184105 68874 184118 68865 
6 : 216295 216291 201737 246403 201754 201746 
6 : 216299 216298 185423 229887 185429 185426 
6 : 216320 216325 202881 245251 202888 202891 
6 : 164649 216376 202276 164659 164645 202291 
6 : 216375 216374 216372 263200 259749 259748 
6 : 65047 216384 130162 65064 65041 130178 
6 : 180567 153090 216380 153087 180570 153094 
6 : 216440 216441 216445 225612 225619 229670 
6 : 216492 216490 79150 229234 79154 79152 
6 : 119754 132880 13686 119749 13671 13672 
6 : 216535 105843 216530 105860 245782 105848 
6 : 132196 81844 103439 81836 103435 81831 
6 : 216548 187048 104333 187056 104342 104327 
6 : 128487 216588 93357 128501 93342 93379 
6 : 216592 49013 216600 49021 245970 49024 
6 : 216595 49737 216603 49743 256304 49749 
6 : 216598 146267 216593 146278 250316 146272 
6 : 216614 216605 18386 238467 18402 18392 
6 : 216620 147325 216619 147330 236118 147329 
6 : 216661 216653 103361 217660 103374 103362 
6 : 216670 216668 169526 242485 169538 169533 
6 : 189083 216679 128399 189086 128397 128407 
6 : 216681 216674 152400 245471 152420 152405 
6 : 216723 131087 216724 131093 244210 131096 
6 : 159518 25684 216793 25673 159527 25700 
6 : 192816 33226 132265 33224 132261 33215 
6 : 216799 216802 216796 258328 247555 247558 
6 : 81603 122050 209676 81593 81600 122047 
6 : 131324 111763 216874 111757 131335 111772 
6 : 133180 142832 216873 133175 133189 142839 
6 : 216876 58887 216870 58899 232458 58890 
6 : 144999 216918 171020 145002 144994 171025 
6 : 154715 216921 216920 154732 154730 260699 
6 : 104866 101224 6093 101217 6083 6082 
6 : 144288 155005 216926 144284 144293 155010 
6 : 142139 98040 216932 98030 142144 98046 
6 : 216936 216937 216934 262078 252288 252289 
6 : 195642 92386 190190 92383 190187 92381 
6 : 94434 216997 54356 94440 54346 54360 
6 : 41279 121330 90236 41272 41269 90227 
6 : 124209 83606 217010 83596 124212 83609 
6 : 204229 36261 7025 36257 7021 7001 
6 : 204433 217059 30122 204435 30118 30127 
6 : 217065 217067 217069 254349 254352 256940 
6 : 217068 217064 86936 247870 86951 86944 
6 : 69215 217137 211476 69225 69213 211487 
6 : 197010 217139 147024 197020 147021 147037 
6 : 134353 56924 115635 56916 115624 56913 
6 : 217260 217262 217264 227723 227727 248722 
6 : 18154 122931 217287 18145 18157 122938 
6 : 93315 130533 217326 93306 93317 130536 
6 : 217330 217332 217329 257335 251434 251437 
6 : 217399 196737 132909 196745 132919 132905 
6 : 217402 101103 106421 101113 106431 101095 
6 : 105247 141768 217406 105241 105253 141779 
6 : 217411 168476 217419 168478 220846 168485 
6 : 217472 217470 217469 263206 260865 260862 
6 : 12990 103065 193091 12979 12986 103061 
6 : 216082 118795 2704 118794 2703 2686 
6 : 134245 193631 217539 134243 134254 193642 
6 : 185547 78570 74721 78565 74716 74704 
6 : 113178 53645 209288 53634 113177 53644 
6 : 217616 217617 186533 222758 186535 186536 
6 : 105072 65108 115328 65089 105063 65092 
6 : 217628 217633 138763 252446 138775 138778 
6 : 215796 168098 217685 168096 215805 168104 
6 : 125215 207795 217755 125214 125220 207802 
6 : 23641 217766 39773 23650 23630 39792 
6 : 217758 169991 217765 169997 233519 170007 
6 : 217761 217759 217757 245390 227510 227508 
6 : 217767 191700 217764 191714 262208 191711 
6 : 216472 217775 110948 216477 110947 110960 
6 : 136076 160540 217813 136070 136081 160550 
6 : 217827 27699 217822 27709 245043 27705 
6 : 127171 217889 65142 127186 65128 65152 
6 : 168711 46645 217887 46637 168717 46659 
6 : 172508 307 169292 301 169288 299 
6 : 217894 86127 109956 86133 109962 86120 
6 : 67035 45110 217917 45094 67037 45112 
6 : 197027 217952 217947 197035 197031 245263 
6 : 33805 178129 217967 33800 33815 178135 
6 : 184695 218025 218018 184704 184700 231136 
6 : 218024 218023 130267 260264 130283 130280 
6 : 87677 218067 216047 87687 87676 216062 
6 : 218070 169275 199754 169279 199757 169270 
6 : 218077 151663 218073 151675 261215 151673 
6 : 41865 218085 152401 41875 41862 152413 
6 : 218102 42046 159451 42050 159454 42038 
6 : 151566 169386 99483 151560 99476 99479 
6 : 218153 218155 218151 246210 220822 220829 
6 : 218157 194170 218152 194184 243837 194174 
6 : 218196 215599 9816 215602 9818 9815 
6 : 218197 178381 84962 178385 84970 84953 
6 : 218204 218202 194516 260022 194535 194532 
6 : 218210 150369 218205 150382 224664 150371 
6 : 104946 218215 76796 104952 76788 76807 
6 : 205428 218213 124372 205436 124371 124379 
6 : 4892 212316 218225 4891 4899 212325 
6 : 24563 218265 218268 24573 24578 262745 
6 : 41334 120995 218278 41327 41350 121008 
6 : 128322 218270 153584 128324 128318 153585 
6 : 152546 218281 218289 152549 152565 231815 
6 : 77109 218349 138764 77126 77096 138785 
6 : 110896 110799 116874 110782 110888 110784 
6 : 38855 218355 118301 38863 38849 118316 
6 : 108683 218358 40730 108684 40717 40731 
6 : 218359 171366 95497 171367 95499 95493 
6 : 61077 124534 7646 61070 7630 7636 
6 : 218410 208804 218407 208809 219800 208805 
6 : 110296 142521 206090 110288 110294 142518 
6 : 122894 206484 123979 122893 122884 123976 
6 : 218471 164878 18086 164891 18103 18080 
6 : 218504 117340 218507 117347 254102 117348 
6 : 218549 203566 218550 203572 251329 203574 
6 : 218566 144230 218561 144240 252945 144234 
6 : 177229 158849 13379 158845 13369 13366 
6 : 96517 132103 46481 96508 46468 46473 
6 : 173385 218677 125193 173387 125188 125195 
6 : 218678 155331 186690 155335 186693 155327 
6 : 67273 218695 160359 67274 67267 160362 
6 : 173827 218706 159874 173831 159867 159879 
6 : 218762 85060 218763 85068 243369 85076 
6 : 171928 218767 218772 171929 171937 223325 
6 : 96575 54189 182213 54177 96570 54185 
6 : 218776 39611 164187 39618 164195 39605 
6 : 218826 30901 218827 30908 259549 30910 
6 : 218420 218837 163603 218427 163602 163611 
6 : 218832 218836 218835 221346 221344 244571 
6 : 218834 11901 218833 11903 223653 11902 
6 : 208021 218842 135992 208027 135986 136001 
6 : 95671 52577 190354 52568 95669 52575 
6 : 218896 106422 165308 106426 165317 106414 
6 : 218905 218901 218903 248325 251374 248323 
6 : 138158 218926 163693 138168 138154 163704 
6 : 218933 218932 133544 250506 133553 133551 
6 : 161453 171563 161921 161450 161446 161914 
6 : 49595 108806 218962 49586 49600 108810 
6 : 68442 198863 218972 68433 68446 198871 
6 : 187723 218974 165384 187731 165377 165398 
6 : 218966 167092 149900 167093 149901 149887 
6 : 218985 218980 182593 247313 182603 182598 
6 : 218989 218982 218983 252260 253062 252255 
6 : 147879 178990 73658 147877 73648 73653 
6 : 184291 133232 219026 133228 184301 133239 
6 : 219031 153608 173575 153610 173577 153600 
6 : 219035 118030 219030 118039 223320 118033 
6 : 219043 219046 147682 237941 147686 147687 
6 : 219050 158400 219040 158415 223380 158401 
6 : 219056 219058 219053 262148 240327 240329 
6 : 219059 173637 184729 173651 184748 173632 
6 : 68494 219105 154630 68505 68485 154642 
6 : 219162 190490 99018 190495 99022 99013 
6 : 219169 185763 219170 185767 238390 185768 
6 : 219185 219176 83770 224779 83786 83771 
6 : 219198 181037 57404 181047 57416 57393 
6 : 23361 168668 219235 23357 23366 168678 
6 : 219248 96150 219244 96163 253791 96160 
6 : 194961 177590 194982 177587 194958 177588 
6 : 75258 219261 170449 75264 75254 170456 
6 : 219263 219258 219260 221917 240873 221916 
6 : 2203 116877 115329 2189 2188 115314 
6 : 127570 93138 219306 93130 127574 93142 
6 : 219309 219308 175771 263414 175789 175788 
6 : 219315 194654 109390 194667 109399 109384 
6 : 149684 219319 172676 149688 149679 172686 
6 : 169060 123498 84149 123494 84142 84138 
6 : 173914 219320 135505 173922 135503 135516 
6 : 219318 219317 107656 250946 107667 107666 
6 : 161416 219340 191211 161423 161408 191216 
6 : 219361 9683 218810 9687 218817 9682 
6 : 219396 219400 28119 230789 28121 28127 
6 : 219401 219397 219405 237642 254306 237645 
6 : 144596 174259 196846 144594 144595 174257 
6 : 211539 219440 37400 211549 37399 37409 
6 : 139468 219504 219506 139473 139477 240622 
6 : 152647 199485 106934 152646 106925 106932 
6 : 160399 122241 160263 122234 160254 122233 
6 : 167027 188158 43512 167023 43506 43509 
6 : 55624 219520 219521 55625 55628 230519 
6 : 132514 193243 136210 132510 132500 136204 
6 : 163865 212873 190568 163864 163861 190567 
6 : 216804 52456 133929 52455 133928 52445 
6 : 219532 219524 219523 229198 223043 223031 
6 : 124236 126997 141092 124225 124227 126992 
6 : 60385 219564 159322 60392 60380 159334 
6 : 219336 144330 202931 144329 202930 144323 
6 : 219567 219566 177680 238318 177685 177682 
6 : 180169 219583 78375 180180 78369 78394 
6 : 46843 219622 219619 46847 46845 228514 
6 : 115418 219625 70206 115430 70190 70217 
6 : 219624 219623 29347 259154 29358 29357 
6 : 45379 219633 172525 45388 45373 172541 
6 : 157146 89809 169714 89800 157140 89801 
6 : 95443 219692 219694 95447 95454 245125 
6 : 207006 158335 460 158332 457 450 
6 : 155551 219701 134283 155556 134274 134296 
6 : 219703 27216 159975 27232 159991 27212 
6 : 173560 133838 219711 133833 173564 133845 
6 : 215457 74643 219752 74642 215464 74650 
6 : 219746 219750 24018 232988 24020 24027 
6 : 129307 61273 114852 61266 114839 61264 
6 : 219757 46125 192201 46131 192206 46122 
6 : 215797 129159 219807 129158 215802 129163 
6 : 219806 103039 69000 103043 69003 68988 
6 : 219839 105220 219838 105230 263671 105229 
6 : 85093 29952 219870 29938 85107 29970 
6 : 219875 160415 178063 160417 178069 160411 
6 : 147326 210163 1061 147324 1052 1058 
6 : 123666 219921 106330 123667 106320 106333 
6 : 64157 219930 124374 64159 64150 124385 
6 : 219929 219933 219927 245611 225960 225969 
6 : 90889 219938 219937 90894 90893 261212 
6 : 219934 56441 180491 56442 180492 56436 
6 : 22424 151590 219996 22419 22427 151592 
6 : 193766 220016 210917 193775 193764 210930 
6 : 220055 168369 220058 168373 250703 168380 
6 : 13278 30512 184272 13264 13275 30507 
6 : 171645 63553 163116 63546 163108 63544 
6 : 220077 150207 65366 150223 65385 65360 
6 : 142140 210030 129160 142137 129147 129156 
6 : 158905 124654 215798 124647 158904 124651 
6 : 86128 189632 89862 86124 86118 89858 
6 : 220189 86009 220184 86021 238531 86010 
6 : 220193 3016 220196 3021 240280 3031 
6 : 208170 197938 119041 197934 119035 119033 
6 : 205746 217993 118302 205744 118298 118300 
6 : 220253 98092 103067 98105 103080 98086 
6 : 220262 187186 42818 187197 42833 42811 
6 : 46411 220329 220324 46423 46412 225604 
6 : 123214 220326 220325 123220 123216 227289 
6 : 220333 220330 126998 220814 127011 126999 
6 : 196121 220335 163675 196122 163669 163676 
6 : 220342 220341 67784 259557 67798 67794 
6 : 220362 211258 220365 211263 242314 211265 
6 : 220401 135122 7327 135128 7336 7315 
6 : 121901 183375 219906 121894 121900 183374 
6 : 220417 161455 220413 161468 252920 161459 
6 : 200138 4955 220455 4954 200157 4978 
6 : 220460 220458 220459 237305 255150 237304 
6 : 220461 220462 220037 261603 220049 220051 
6 : 65004 220487 141878 65012 64998 141889 
6 : 52729 26942 28703 26922 28678 26919 
6 : 220517 19607 76292 19616 76302 19596 
6 : 220519 220521 114693 260157 114701 114703 
6 : 220522 153394 220528 153396 224908 153399 
6 : 189277 72676 220536 72671 189283 72686 
6 : 14034 220600 43430 14041 14026 43441 
6 : 109338 220613 220611 109343 109341 236767 
6 : 220631 102975 20032 102977 20034 20020 
6 : 188437 220645 56228 188438 56220 56229 
6 : 82792 116173 220656 82785 82803 116187 
6 : 10936 32497 83875 10921 10925 32484 
6 : 173285 220669 220667 173288 173287 233297 
6 : 212618 220710 10053 212622 10052 10057 
6 : 30931 38472 220718 30915 30938 38483 
6 : 192254 128737 57838 128735 57834 57822 
6 : 131970 128264 220776 128255 131973 128268 
6 : 220782 220779 220778 257817 240104 240102 
6 : 149758 220785 215601 149762 149756 215604 
6 : 211290 76913 194517 76910 194514 76907 
6 : 220793 220797 220792 259094 233193 233196 
6 : 123246 220836 220840 123254 123262 241342 
6 : 8406 220847 108375 8418 8392 108392 
6 : 1977 220918 220920 1978 1980 228912 
6 : 220919 220921 220924 233605 233610 241437 
6 : 220922 153395 220928 153398 250446 153403 
6 : 55510 220995 29953 55516 29935 29965 
6 : 221002 107059 32281 107060 32283 32273 
6 : 221007 31205 221005 31219 256769 31218 
6 : 61957 161695 207584 61952 61955 161693 
6 : 212429 192521 54728 192519 54727 54723 
6 : 54852 221053 167817 54855 54846 167821 
6 : 159345 221052 66776 159348 66767 66781 
6 : 174905 221056 44604 174911 44594 44617 
6 : 23798 108235 10502 23787 10482 10489 
6 : 160504 221066 168210 160505 160498 168211 
6 : 221120 207573 221115 207580 227751 207575 
6 : 201864 52304 154693 52301 154690 52297 
6 : 35470 103211 207434 35461 35466 103208 
6 : 221213 202835 152586 202846 152597 152585 
6 : 189746 221265 185516 189754 185512 185527 
6 : 195119 77195 154947 77193 154946 77188 
6 : 221270 221272 193684 238208 193687 193690 
6 : 61390 221322 142740 61396 61382 142743 
6 : 221321 90554 65143 90555 65144 65123 
6 : 221324 35838 96900 35843 96905 35823 
6 : 221328 171175 221333 171179 236734 171189 
6 : 221332 56980 221326 56994 229727 56981 
6 : 163473 19576 97106 19570 97094 19560 
6 : 182116 210856 209207 182114 182113 209206 
6 : 142467 221395 220370 142474 142466 220383 
6 : 30457 163211 214532 30447 30453 163206 
6 : 134676 29593 216425 29581 134675 29592 
6 : 221400 132040 120420 132048 120426 120402 
6 : 94551 221411 210031 94561 94549 210039 
6 : 150407 221449 111411 150408 111399 111414 
6 : 122843 62357 221458 62343 122859 62370 
6 : 220553 18088 221455 18087 220559 18098 
6 : 221499 16743 76943 16749 76947 16729 
6 : 221501 221500 221503 242358 255047 242360 
6 : 189987 220151 221510 189986 189989 220154 
6 : 69936 221517 221520 69942 69947 240515 
6 : 221530 157979 221529 157982 226319 157981 
6 : 80062 221585 42047 80069 42030 42056 
6 : 158313 221583 176094 158321 158306 176102 
6 : 221600 221596 221592 253952 250248 250241 
6 : 221606 221605 198733 249264 198738 198737 
6 : 24327 43572 221632 24313 24332 43574 
6 : 53754 221633 153431 53758 53748 153435 
6 : 113114 221634 137668 113118 113110 137673 
6 : 107506 168173 221638 107502 107509 168176 
6 : 122098 221646 124740 122111 122090 124752 
6 : 221678 221673 221672 230737 228453 228449 
6 : 42443 87738 221704 42434 42450 87748 
6 : 163750 221702 221701 163756 163753 245849 
6 : 221772 221771 136433 245929 136447 136439 
6 : 57467 221778 8936 57475 8912 8943 
6 : 221776 220721 127201 220725 127210 127200 
6 : 203435 170909 80609 170906 80604 80599 
6 : 221785 221784 145454 251853 145460 145459 
6 : 55605 221839 69937 55610 55595 69948 
6 : 194878 187524 59897 187521 59892 59891 
6 : 221883 221886 218112 255160 218126 218132 
6 : 221906 221903 221904 239989 242541 239988 
6 : 209840 221954 208536 209847 208534 208543 
6 : 106028 15128 206770 15120 106024 15126 
6 : 197212 172526 218177 172520 197211 172524 
6 : 155198 144113 197351 144107 155195 144111 
6 : 21799 15982 64855 15964 21790 15971 
6 : 89964 99813 212463 89953 89961 99811 
6 : 222048 122573 149871 122584 149883 122566 
6 : 42316 78749 32663 42311 32650 32652 
6 : 165292 222059 54357 165300 54354 54371 
6 : 185974 154337 222061 154332 185975 154338 
6 : 203684 222090 222091 203686 203687 231948 
6 : 196702 69919 161325 69916 161318 69906 
6 : 506 222095 222107 508 518 226615 
6 : 222102 222106 222105 252694 252692 261315 
6 : 222151 222153 115917 230816 115918 115922 
6 : 55901 210465 222160 55900 55902 210466 
6 : 84766 148945 38500 84758 38488 38492 
6 : 222303 80202 222300 80213 247998 80206 
6 : 95036 222356 95089 95039 95030 95094 
6 : 18953 26616 222381 18936 18962 26627 
6 : 208360 154416 67232 154414 67229 67213 
6 : 108686 160088 222420 108679 108693 160096 
6 : 116740 222419 126423 116750 116729 126432 
6 : 199909 171368 222418 171362 199915 171374 
6 : 182283 180801 55688 180797 55683 55682 
6 : 222482 222481 159253 252093 159263 159262 
6 : 222485 222484 200571 255107 200581 200579 
6 : 162386 131759 222544 131747 162387 131760 
6 : 222545 92186 205969 92189 205972 92184 
6 : 222548 222550 222549 263833 263832 264210 
6 : 222557 222553 167617 240666 167629 167622 
6 : 110490 211624 144664 110489 110487 144663 
6 : 222601 222605 222603 243297 243293 249310 
6 : 80531 167459 216817 80527 80530 167458 
6 : 222612 74689 179288 74697 179299 74685 
6 : 222615 222611 222610 242140 239863 239856 
6 : 222616 37674 222614 37685 258305 37681 
6 : 195210 222618 17945 195212 17941 17948 
6 : 93243 100741 115330 93236 93238 100728 
6 : 193228 212724 222680 193227 193235 212734 
6 : 222696 126307 219667 126317 219674 126306 
6 : 91327 222740 192694 91333 91324 192715 
6 : 14182 222747 193471 14186 14177 193480 
6 : 142141 109830 150941 109820 142133 109823 
6 : 220657 222754 150942 220662 150940 150950 
6 : 222755 212809 217976 212819 217990 212807 
6 : 183816 128940 121812 128935 121807 121799 
6 : 222767 222765 155238 264006 155253 155250 
6 : 222782 222783 222787 240598 240604 241599 
6 : 222796 208862 222794 208870 252995 208867 
6 : 40116 222817 222823 40119 40125 227515 
6 : 222831 199288 178130 199296 178137 178126 
6 : 131971 207141 108996 131968 108986 108993 
6 : 12900 65978 209209 12882 12898 65972 
6 : 49688 184638 222854 49685 49691 184650 
6 : 104575 222855 222852 104584 104579 253914 
6 : 141256 92656 55406 92645 55394 55386 
6 : 20959 222860 124140 20965 20949 124144 
6 : 222879 222875 222878 257686 260928 257683 
6 : 83562 222922 132016 83569 83554 132025 
6 : 222923 91652 179431 91665 179442 91645 
6 : 31326 28980 222928 28964 31332 28985 
6 : 77299 203154 190175 77296 77294 190172 
6 : 209156 161302 198405 161299 198400 161298 
6 : 20770 222989 222133 20776 20769 222143 
6 : 79664 152571 222984 79661 79666 152574 
6 : 222983 222987 201362 231506 201365 201369 
6 : 9182 222997 149300 9198 9177 149315 
6 : 172380 202178 106332 172374 106324 106328 
6 : 223000 157076 223014 157078 231836 157089 
6 : 223005 223008 223003 256288 244943 244944 
6 : 223022 223020 26944 249150 26951 26949 
6 : 223065 2374 13534 2378 13544 2353 
6 : 223134 223131 223130 248109 245553 245548 
6 : 196939 131068 18866 131064 18861 18854 
6 : 223205 209805 205247 209809 205251 205243 
6 : 146764 223209 42967 146767 42959 42974 
6 : 173638 87968 199538 87963 173634 87965 
6 : 223214 223222 216505 236363 216507 216522 
6 : 158478 72891 24510 72886 24503 24495 
6 : 185493 198888 184465 185491 184458 184461 
6 : 223275 100005 223273 100016 256405 100011 
6 : 62153 223334 214753 62157 62152 214761 
6 : 223331 219817 202948 219821 202954 202946 
6 : 223337 223335 174644 257945 174662 174655 
6 : 167990 209350 2707 167987 2691 2700 
6 : 139894 145344 217491 139884 139893 145342 
6 : 140307 29002 223351 28993 140313 29009 
6 : 223396 173097 201270 173103 201279 173093 
6 : 221334 136190 216049 136189 216048 136188 
6 : 54031 223457 146208 54033 54021 146211 
6 : 162434 61391 223456 61385 162437 61395 
6 : 143262 223462 149373 143264 143254 149374 
6 : 207125 223479 223471 207133 207128 233058 
6 : 121451 223485 133205 121462 121443 133217 
6 : 223500 100997 222587 100999 222589 100996 
6 : 223501 172431 25884 172435 25886 25871 
6 : 223504 118467 223507 118472 254270 118476 
6 : 223506 149504 223505 149515 262006 149513 
6 : 137145 171281 125526 137142 125512 125518 
6 : 80160 223566 223565 80167 80161 242628 
6 : 167778 53733 210782 53727 167777 53730 
6 : 70357 30846 223578 30833 70370 30857 
6 : 149980 223576 223570 149992 149987 250841 
6 : 223567 223579 31658 226770 31659 31675 
6 : 223568 213065 223572 213067 232620 213074 
6 : 53891 115785 159146 53879 53884 115776 
6 : 223609 193882 84243 193884 84249 84240 
6 : 223611 223613 198974 253031 198981 198990 
6 : 223627 93855 128820 93860 128825 93845 
6 : 223698 122021 196149 122032 196159 122015 
6 : 160127 223756 223755 160131 160128 232195 
6 : 189594 223754 51062 189595 51056 51064 
6 : 223759 143645 193288 143649 193292 143640 
6 : 212893 220630 26503 212892 26500 26502 
6 : 16228 203568 223814 16223 16230 203569 
6 : 206267 223828 223822 206278 206270 233290 
6 : 189344 223888 4143 189356 4139 4160 
6 : 184041 223893 223894 184045 184046 246980 
6 : 49888 26309 93837 26292 49874 26295 
6 : 223943 211573 222341 211578 222344 211572 
6 : 79783 114224 161222 79770 79776 114218 
6 : 224015 80576 46482 80577 46484 46467 
6 : 49709 224045 72542 49713 49697 72551 
6 : 224056 219543 224060 219544 234530 219547 
6 : 70725 208051 112154 70721 70715 112148 
6 : 107609 224093 224091 107617 107612 234196 
6 : 125020 224155 224152 125033 125027 254889 
6 : 224153 136848 8125 136853 8130 8113 
6 : 205727 216640 224254 205726 205729 216642 
6 : 224296 172619 134839 172623 134844 134826 
6 : 47368 27376 216174 27358 47366 27375 
6 : 27924 76081 224312 27915 27929 76086 
6 : 70485 199770 2977 70482 2961 2972 
6 : 101701 142834 197572 101692 101697 142829 
6 : 60557 150324 224365 60550 60568 150335 
6 : 78090 185993 3648 78087 3631 3643 
6 : 58999 224389 186090 59011 58995 186111 
6 : 224401 224398 224392 257684 234153 234151 
6 : 224416 77732 224417 77733 228443 77734 
6 : 224432 224431 222200 263184 222214 222213 
6 : 117076 224441 224434 117084 117079 238872 
6 : 113745 224484 116486 113746 113738 116493 
6 : 214080 224485 18211 214083 18208 18216 
6 : 85397 224493 224489 85404 85398 225429 
6 : 155534 101398 224496 101384 155538 101411 
6 : 224512 224514 126180 253838 126191 126194 
6 : 224554 224548 44082 227015 44087 44084 
6 : 224565 224558 64286 229566 64298 64288 
6 : 70726 109115 224568 70713 70730 109121 
6 : 81572 224626 125758 81580 81563 125765 
6 : 133819 121703 204339 121690 133818 121698 
6 : 224687 57229 224689 57238 255512 57240 
6 : 224688 224684 224681 252482 235348 235345 
6 : 86036 224748 224752 86039 86044 235058 
6 : 111642 88469 75369 88457 75362 75358 
6 : 14549 20693 200418 14535 14546 20687 
6 : 41561 224826 224818 41568 41562 231026 
6 : 224825 224830 224827 256105 256102 256818 
6 : 101227 224834 224838 101232 101237 244492 
6 : 224831 179886 224842 179887 226333 179904 
6 : 168635 146735 73660 146730 73651 73647 
6 : 219052 147881 224889 147880 219057 147884 
6 : 224890 23991 141964 23999 141971 23978 
6 : 180344 224941 160834 180347 160826 160838 
6 : 22969 81406 18632 22960 18618 18621 
6 : 59721 224978 224979 59727 59728 256722 
6 : 113776 13500 157598 13488 113771 13490 
6 : 57405 225001 199539 57414 57397 199548 
6 : 220523 60686 225003 60685 220529 60696 
6 : 224998 194518 103213 194521 103216 103206 
6 : 46702 58658 68871 46693 46694 58641 
6 : 225054 106401 5277 106407 5281 5255 
6 : 17021 225064 217295 17023 17020 217297 
6 : 89241 4802 91357 4785 89229 4786 
6 : 220676 225104 214049 220679 214048 214052 
6 : 105660 219645 134718 105659 105649 134717 
6 : 209564 148145 76267 148142 76264 76259 
6 : 225114 15530 225115 15536 262182 15538 
6 : 179138 225134 107427 179142 107420 107432 
6 : 225136 171625 225132 171634 226201 171626 
6 : 84886 130982 207885 84870 84882 130978 
6 : 155455 225169 157304 155458 155451 157309 
6 : 225175 58123 225170 58134 247077 58129 
6 : 39324 225184 225188 39332 39338 249450 
6 : 201412 118649 111415 118643 111406 111395 
6 : 225199 225194 225196 257626 262728 257623 
6 : 134030 66802 218231 66792 134029 66801 
6 : 225234 225237 177166 250707 177170 177177 
6 : 225236 28229 225233 28242 249750 28234 
6 : 106 225246 225251 111 114 250420 
6 : 225248 223508 94693 223514 94701 94692 
6 : 225297 91625 66506 91637 66515 66486 
6 : 225301 225307 225299 244136 234450 234454 
6 : 225306 225308 225305 258220 255447 255448 
6 : 221852 225313 18388 221855 18387 18391 
6 : 140560 225379 192203 140564 140554 192209 
6 : 225377 46127 225380 46128 226421 46135 
6 : 155310 165958 225382 155303 155311 165960 
6 : 189457 202454 207900 189446 189449 202449 
6 : 225395 18827 106935 18840 106949 18812 
6 : 31376 91998 225442 31365 31391 92012 
6 : 86129 225438 34332 86132 34315 34334 
6 : 26540 97318 163117 26530 26533 97310 
6 : 132017 184273 216767 132012 132015 184271 
6 : 222921 225445 210509 222924 210508 210516 
6 : 195579 225482 89188 195584 89183 89199 
6 : 225484 93877 144249 93891 144263 93872 
6 : 109832 225486 49942 109835 49929 49945 
6 : 225490 116512 188274 116524 188287 116506 
6 : 4074 225553 213581 4080 4072 213589 
6 : 78195 98760 121358 78183 78188 98751 
6 : 161561 69105 85454 69101 85446 69093 
6 : 20931 225563 225562 20936 20933 242885 
6 : 103422 225611 225609 103430 103428 262668 
6 : 225613 225617 225621 241754 241761 249259 
6 : 172954 140775 144002 140767 143995 140766 
6 : 225632 56075 225634 56081 241896 56086 
6 : 225637 225633 33432 258819 33448 33445 
6 : 178893 179750 43292 178888 43282 43285 
6 : 89965 225680 76835 89968 76816 76841 
6 : 225682 225683 212464 262064 212475 212477 
6 : 154507 225689 69320 154511 69308 69329 
6 : 103185 225699 225706 103186 103195 250239 
6 : 209324 152573 225725 152568 209332 152582 
6 : 208362 16260 194500 16256 194494 16254 
6 : 115188 225755 172809 115196 115182 172816 
6 : 206269 225750 225760 206271 206281 238140 
6 : 168162 91899 200729 91890 168158 91893 
6 : 43659 120245 110828 43650 43648 110813 
6 : 225862 42521 225854 42535 234957 42525 
6 : 207066 225865 151758 207067 151755 151759 
6 : 225868 225879 138429 228589 138430 138443 
6 : 223630 111112 132883 111111 132881 111104 
6 : 223926 174397 71715 174396 71714 71708 
6 : 21800 176268 208829 21795 21798 176266 
6 : 74669 192678 225916 74664 74671 192679 
6 : 225920 225919 185400 237475 185404 185403 
6 : 90078 225927 125869 90086 90071 125874 
6 : 198054 82977 63163 82973 63156 63147 
6 : 225975 29762 225974 29767 250836 29765 
6 : 161353 41540 225980 41531 161357 41544 
6 : 22323 225990 96902 22338 22313 96909 
6 : 83698 220693 225989 83697 83701 220703 
6 : 87568 61392 37970 61377 37948 37945 
6 : 192169 225997 13535 192176 13529 13546 
6 : 116691 158594 226034 116686 116698 158599 
6 : 160029 46183 226030 46175 160030 46186 
6 : 200454 172073 156702 172069 156699 156694 
6 : 226066 81452 198734 81462 198748 81447 
6 : 92163 226095 216244 92171 92161 216252 
6 : 226094 97834 224174 97835 224176 97833 
6 : 226104 91378 42523 91384 42528 42506 
6 : 226107 226106 23857 260463 23870 23869 
6 : 226110 35374 226112 35376 233265 35380 
6 : 226157 226159 182285 251166 182289 182294 
6 : 226165 189763 94358 189775 94379 94352 
6 : 226215 37402 226211 37408 227291 37403 
6 : 130313 6224 78785 6213 78773 6204 
6 : 156777 226221 226219 156781 156779 251662 
6 : 226241 226242 150115 262913 150130 150132 
6 : 181987 28981 198406 28974 181983 28977 
6 : 226292 202200 226294 202210 258803 202211 
6 : 74300 209023 187484 74295 74292 187479 
6 : 201188 136328 37590 136323 37583 37573 
6 : 226349 48169 98618 48172 98624 48154 
6 : 226351 100772 158026 100781 158039 100763 
6 : 123955 226358 54661 123961 54648 54670 
6 : 194132 30775 226375 30773 194140 30790 
6 : 197118 204723 226371 197116 197126 204729 
6 : 28891 226377 226379 28894 28896 238144 
6 : 87796 64857 122720 64844 87789 64848 
6 : 226420 155149 166901 155153 166907 155144 
6 : 226478 40697 90237 40707 90246 40683 
6 : 109833 226488 5396 109842 5381 5405 
6 : 215442 226487 212810 215446 212806 212813 
6 : 108687 226491 126424 108689 108674 126428 
6 : 222304 226498 217996 222313 217995 218011 
6 : 26541 93595 153729 26529 26532 93583 
6 : 61363 208007 14731 61357 14715 14728 
6 : 226579 226578 223927 262621 223938 223937 
6 : 226585 226586 209130 254262 209137 209140 
6 : 189964 176649 215866 176643 189961 176647 
6 : 152381 59344 226602 59336 152390 59355 
6 : 226610 67631 26657 67641 26666 26642 
6 : 76669 205162 226627 76667 76671 205164 
6 : 130705 226628 57799 130710 57793 57805 
6 : 226626 85336 61309 85337 61310 61293 
6 : 18024 35699 226638 18015 18033 35708 
6 : 226636 123604 155982 123611 155992 123598 
6 : 50126 203082 226692 50125 50136 203102 
6 : 116988 68060 208472 68048 116985 68058 
6 : 226696 226693 226700 231725 254722 231730 
6 : 173036 226718 90980 173045 90974 90989 
6 : 47341 226752 226749 47346 47345 247958 
6 : 159841 117369 226750 117357 159845 117373 
6 : 215269 148128 218160 148125 215268 148127 
6 : 156566 3620 83772 3606 83763 3598 
6 : 226773 177049 98225 177051 98226 98216 
6 : 226880 226883 146107 232638 146108 146122 
6 : 220993 105571 195697 105570 195696 105566 
6 : 226925 132418 25401 132422 25408 25383 
6 : 226926 191543 177805 191554 177814 177798 
6 : 226932 127637 53537 127649 53547 53521 
6 : 226933 79694 226936 79696 236062 79704 
6 : 226938 61992 143478 62001 143487 61977 
6 : 153411 226967 216176 153414 153408 216178 
6 : 221285 227027 179790 221292 179789 179799 
6 : 227035 58124 227033 58138 261133 58137 
6 : 173229 227050 159573 173236 159566 159583 
6 : 227078 227077 220755 246749 220763 220759 
6 : 200044 102683 112350 102680 112345 102669 
6 : 227172 95863 34450 95871 34460 34436 
6 : 227193 97916 193729 97919 193730 97912 
6 : 227194 1520 227197 1528 259591 1530 
6 : 211068 99247 133445 99243 133440 99237 
6 : 41590 226067 113568 41589 41575 113567 
6 : 96431 216968 227214 96429 96439 216980 
6 : 227238 227240 227239 237314 237312 249337 
6 : 227246 103757 113084 103765 113090 103744 
6 : 126151 227252 227253 126158 126159 250754 
6 : 227303 227301 51906 238434 51914 51909 
6 : 203533 108846 227308 108839 203534 108848 
6 : 225978 221358 227312 221356 225979 221366 
6 : 218618 227316 227318 218621 218625 241130 
6 : 227355 70592 62889 70594 62893 62874 
6 : 72267 103708 227362 72256 72273 103713 
6 : 227370 227367 188178 228867 188192 188180 
6 : 158430 208748 26587 158427 26579 26585 
6 : 392 176909 226564 384 391 176908 
6 : 227412 227409 47505 235117 47515 47508 
6 : 227413 102097 941 102104 949 924 
6 : 8160 118739 72678 8143 8141 72660 
6 : 195948 227414 227420 195949 195958 229553 
6 : 72268 227424 204996 72271 72264 204999 
6 : 203361 227473 216840 203364 203359 216847 
6 : 112730 227494 227497 112733 112735 243911 
6 : 202455 191212 77987 191203 77981 77979 
6 : 223046 51662 64287 51661 64285 51639 
6 : 66866 168501 155763 66861 66858 155753 
6 : 155421 227588 227587 155427 155426 252159 
6 : 11420 227595 227591 11426 11422 237659 
6 : 194549 97074 227639 97072 194552 97081 
6 : 227638 42317 171211 42324 171220 42313 
6 : 227647 15895 89158 15902 89169 15879 
6 : 227716 205339 60857 205345 60867 60852 
6 : 30812 102616 227729 30792 30824 102628 
6 : 152358 166231 227725 152352 152366 166238 
6 : 72912 227768 227772 72917 72921 250073 
6 : 227774 227778 227779 240142 240143 253721 
6 : 46184 227792 227798 46196 46198 260697 
6 : 142377 227841 52792 142387 52784 52810 
6 : 227844 134050 45531 134053 45534 45517 
6 : 113888 204192 227883 113885 113900 204197 
6 : 227884 172097 219907 172105 219918 172095 
6 : 209941 227886 38056 209942 38049 38058 
6 : 227940 117962 227944 117967 254212 117975 
6 : 74503 227959 154310 74505 74493 154318 
6 : 127043 227972 9530 127058 9517 9546 
6 : 28784 115738 228017 28775 28790 115747 
6 : 37431 85455 134401 37418 37422 85441 
6 : 180398 78196 44379 78192 44374 44364 
6 : 228054 214561 227922 214565 227926 214560 
6 : 228058 228060 228057 259847 255999 256004 
6 : 228059 80478 109023 80489 109036 80469 
6 : 23334 228062 207958 23335 23330 207966 
6 : 103522 157402 153631 103516 103515 153623 
6 : 202406 58814 228075 58810 202417 58826 
6 : 228118 228120 228122 260837 260841 263971 
6 : 228121 81951 228117 81966 249115 81960 
6 : 59862 54730 228125 54715 59865 54733 
6 : 136743 137198 27081 136737 27071 27072 
6 : 184181 228124 86324 184184 86318 86325 
6 : 228129 61958 228131 61968 261040 61972 
6 : 228143 149103 129944 149106 129947 129933 
6 : 225118 172867 122057 172865 122055 122043 
6 : 228189 31953 228188 31955 228938 31954 
6 : 133593 184322 211478 133586 133590 184319 
6 : 197011 228195 228197 197012 197015 230629 
6 : 152959 99221 217794 99213 152956 99220 
6 : 228241 228245 228244 250674 250673 260490 
6 : 187738 144913 15688 144906 15684 15674 
6 : 228247 69920 134840 69922 134843 69903 
6 : 228248 185401 228250 185409 251759 185410 
6 : 184254 206611 207280 184251 184252 206607 
6 : 209727 228255 56808 209732 56805 56813 
6 : 175245 179508 228302 175241 175246 179512 
6 : 228322 153225 126292 153231 126302 126281 
6 : 228364 228370 205750 228375 205751 205761 
6 : 39897 217998 126425 39894 39887 126419 
6 : 226537 228372 40734 226538 40733 40736 
6 : 101486 194211 177339 101482 101478 177334 
6 : 228405 228411 136035 229849 136036 136047 
6 : 36747 63132 114521 36736 36738 63124 
6 : 44269 191447 228413 44264 44274 191452 
6 : 151665 113889 168035 113879 151656 113881 
6 : 134557 158707 226518 134548 134556 158705 
6 : 67310 228471 228475 67311 67317 228717 
6 : 164051 90172 228476 90163 164057 90176 
6 : 228474 5202 228478 5208 254087 5216 
6 : 228530 218941 7169 218951 7177 7167 
6 : 228537 208232 228534 208243 257185 208240 
6 : 45802 228554 115331 45806 45789 115335 
6 : 228593 228592 228597 252810 257099 252813 
6 : 228596 75223 213901 75236 213916 75221 
6 : 178208 91772 228610 91767 178217 91785 
6 : 81801 228677 98121 81805 81790 98132 
6 : 228676 228673 228674 243550 243788 243548 
6 : 198066 228728 228729 198070 198072 261631 
6 : 118601 6065 114371 6053 114361 6051 
6 : 220078 57 206596 55 206595 53 
6 : 4695 228744 228741 4705 4703 260141 
6 : 23228 63164 228739 23214 23229 63165 
6 : 172134 145264 225650 145254 172133 145262 
6 : 228748 13342 80232 13345 80234 13323 
6 : 190230 228797 228791 190237 190232 240445 
6 : 220610 228831 167531 220616 167530 167539 
6 : 114004 197846 180221 114000 113996 180215 
6 : 228842 228849 167094 235295 167096 167109 
6 : 228889 222683 213175 222687 213178 213173 
6 : 228891 74274 109116 74279 109123 74259 
6 : 228894 187102 144666 187112 144676 144658 
6 : 228902 228899 185807 251953 185818 185813 
6 : 210821 184970 132243 184967 132240 132236 
6 : 228906 228905 149057 261773 149068 149066 
6 : 84965 201914 9819 84957 9803 9810 
6 : 119228 178914 113691 119222 113674 113683 
6 : 228953 158806 203256 158812 203259 158802 
6 : 205800 180416 193319 180413 193316 180411 
6 : 228961 228958 117108 232998 117115 117109 
6 : 216806 229011 125984 216808 125978 125989 
6 : 229010 45689 156887 45693 156892 45680 
6 : 229015 229012 188088 252794 188102 188093 
6 : 196633 204011 109392 196629 109385 109387 
6 : 229063 229060 229065 230408 245724 230414 
6 : 191277 229110 106335 191280 106326 106338 
6 : 13114 121560 229122 13110 13115 121561 
6 : 196009 229128 140067 196017 140061 140084 
6 : 228578 36339 171105 36338 171104 36329 
6 : 229133 229130 229136 234938 254985 234943 
6 : 201711 166323 229167 166314 201719 166328 
6 : 202564 212999 135996 202562 135982 135990 
6 : 69684 98122 229171 69663 69688 98127 
6 : 220021 113301 43095 113299 43090 43079 
6 : 229179 170929 227565 170933 227568 170928 
6 : 205633 9058 229219 9055 205639 9068 
6 : 229278 229280 62590 261145 62596 62601 
6 : 171047 123168 143807 123162 143794 123159 
6 : 36227 229343 59488 36231 36211 59489 
6 : 175257 183657 127788 175252 127782 127784 
6 : 229342 223639 69035 223644 69039 69034 
6 : 177937 229401 229403 177942 177944 254360 
6 : 31607 229406 23432 31610 23409 23437 
6 : 229405 14733 29795 14738 29800 14714 
6 : 229411 229408 225338 256908 225354 225349 
6 : 78166 229472 229474 78167 78174 232789 
6 : 100515 229473 202952 100519 100512 202956 
6 : 92228 14183 150944 14168 92221 14172 
6 : 112539 229484 196972 112546 112534 196985 
6 : 229481 229480 229482 230223 257962 230224 
6 : 229499 130269 229504 130272 232044 130276 
6 : 161477 93153 199290 93149 161473 93151 
6 : 186417 44998 229532 44994 186423 45004 
6 : 101131 135036 18060 101120 18042 18046 
6 : 134212 206993 189617 134210 134207 189614 
6 : 171519 229572 94694 171526 94688 94699 
6 : 30420 64921 52512 30412 30411 52499 
6 : 215984 114974 229579 114971 215993 114983 
6 : 229578 33050 217103 33064 217111 33048 
6 : 118741 229593 229594 118745 118747 243151 
6 : 7883 106662 229619 7871 7884 106663 
6 : 229622 229621 229623 239402 241168 239405 
6 : 61576 229633 229628 61591 61582 247636 
6 : 199725 90821 215005 90817 199723 90818 
6 : 229682 175633 229681 175638 256937 175637 
6 : 101257 128841 58786 101244 58770 58775 
6 : 229736 229735 183496 263693 183511 183509 
6 : 204440 187993 117849 187989 117844 117842 
6 : 128784 229787 229786 128792 128790 256248 
6 : 89224 89025 212270 89006 89222 89021 
6 : 131208 220152 26197 131205 26176 26195 
6 : 229791 113017 229793 113018 241416 113021 
6 : 229792 229797 137435 250661 137440 137455 
6 : 223913 222315 19759 222314 19756 19755 
6 : 229847 229850 229851 251081 251084 264105 
6 : 229854 156680 229855 156684 243543 156686 
6 : 229900 50924 229901 50925 231553 50927 
6 : 11442 229907 229910 11447 11449 252106 
6 : 229912 197119 141965 197127 141972 141961 
6 : 167676 171069 188379 167668 167672 171060 
6 : 229918 169475 229915 169487 239262 169477 
6 : 229963 229957 229958 234571 237718 234562 
6 : 98637 171832 229970 98630 98649 171844 
6 : 229968 77383 210719 77389 210726 77380 
6 : 51314 16746 177439 16726 51310 16740 
6 : 212797 113035 142552 113033 142546 113031 
6 : 230013 135236 35673 135237 35674 35662 
6 : 230021 202712 229702 202718 229711 202711 
6 : 230040 175552 230039 175563 259447 175560 
6 : 41261 230072 230074 41264 41265 244625 
6 : 230078 230080 104746 245107 104751 104757 
6 : 230081 109217 11781 109226 11792 11770 
6 : 230111 82837 230115 82842 248352 82847 
6 : 230140 230144 230141 260457 260455 261816 
6 : 230145 136300 230149 136302 239071 136312 
6 : 24651 230193 230195 24655 24661 244624 
6 : 43616 189831 68357 43614 43603 68350 
6 : 108336 60208 230196 60191 108341 60214 
6 : 230218 230212 184620 236389 184630 184624 
6 : 230219 227102 130873 227112 130884 130872 
6 : 30336 230254 1559 30348 1534 1569 
6 : 110775 133840 215102 110764 110772 133836 
6 : 22907 230308 230309 22909 22911 251534 
6 : 105222 230314 230312 105227 105225 245873 
6 : 211802 211760 88809 211756 88804 88803 
6 : 164755 20550 196501 20539 164753 20543 
6 : 230366 212189 104421 212193 104424 104418 
6 : 111091 70645 230379 70631 111100 70661 
6 : 122844 118430 69809 118412 69789 69788 
6 : 132798 230378 206487 132809 132793 206497 
6 : 230383 230381 50089 239264 50097 50095 
6 : 230402 230395 230396 244910 248194 244905 
6 : 181015 230419 230415 181022 181016 244956 
6 : 230416 7429 113275 7433 113280 7413 
6 : 72790 70519 211779 70502 72787 70515 
6 : 230430 96127 161224 96130 161228 96116 
6 : 230432 42167 230435 42173 252034 42184 
6 : 216940 164052 159477 164050 159471 159464 
6 : 71643 230480 230483 71649 71651 260325 
6 : 154067 110921 230479 110914 154071 110930 
6 : 230492 174542 108144 174552 108157 108131 
6 : 109457 107507 230539 107496 109466 107520 
6 : 230538 185144 117937 185154 117949 117932 
6 : 230541 85188 230544 85191 244562 85194 
6 : 51814 153092 230548 51810 51818 153099 
6 : 230547 230550 230546 249603 245079 245083 
6 : 120038 166974 230593 120031 120043 166977 
6 : 186855 230596 20514 186860 20509 20523 
6 : 230607 174293 125323 174294 125325 125314 
6 : 230610 86037 230611 86041 255756 86042 
6 : 48568 30632 216698 30614 48567 30631 
6 : 136695 230656 160711 136707 136692 160718 
6 : 199332 230657 2863 199338 2858 2872 
6 : 105902 230659 230658 105911 105904 239153 
6 : 138411 106907 230708 106892 138417 106918 
6 : 147882 113060 31988 113051 31979 31970 
6 : 230714 43849 204927 43855 204935 43846 
6 : 184603 44759 115445 44751 115439 44746 
6 : 224499 64943 191527 64942 191524 64940 
6 : 80480 230785 59458 80491 59441 59469 
6 : 223426 168310 146649 168308 146648 146640 
6 : 101346 57912 173407 57899 101340 57906 
6 : 230869 230865 30090 252196 30099 30095 
6 : 230873 159978 137401 159992 137414 137393 
6 : 149142 230874 213019 149143 149135 213021 
6 : 142291 230897 94326 142297 94321 94333 
6 : 199816 196151 202298 196144 199811 196146 
6 : 230923 195062 230926 195066 248177 195071 
6 : 57913 225937 164347 57911 57905 164345 
6 : 230827 230979 147663 230828 147662 147664 
6 : 201072 80707 79959 80703 79954 79945 
6 : 230985 230989 230987 233500 233497 249531 
6 : 94811 231037 137177 94814 94804 137179 
6 : 231072 231075 185077 241336 185082 185086 
6 : 16045 11825 47201 11813 16035 11815 
6 : 81702 231100 231095 81714 81708 251227 
6 : 231112 50205 231116 50207 243541 50212 
6 : 26286 63324 164976 26272 26281 63316 
6 : 134370 90466 231140 90451 134382 90476 
6 : 218293 231146 231019 218302 218292 231028 
6 : 89369 205862 187826 89365 89364 187821 
6 : 231160 161696 105095 161703 105101 105088 
6 : 35375 231196 127932 35379 35368 127936 
6 : 193525 187464 225900 187457 193524 187463 
6 : 231195 228993 7981 228995 7983 7980 
6 : 231201 140437 177807 140443 177813 140431 
6 : 83354 86551 51531 83336 51510 51511 
6 : 211677 225142 165810 211675 165805 165808 
6 : 147684 21393 231259 21386 147690 21403 
6 : 231269 231266 189553 250182 189562 189560 
6 : 104847 231282 231285 104851 104857 256184 
6 : 199878 231305 165782 199880 165777 165785 
6 : 212895 209045 228348 209042 212894 209044 
6 : 231323 231331 231333 232130 232131 262172 
6 : 88423 231362 222951 88428 88422 222959 
6 : 213935 231358 231359 213937 213939 245129 
6 : 40616 120246 110922 40607 40605 110911 
6 : 181716 231370 118082 181720 118072 118094 
6 : 219178 231437 114523 219184 114518 114534 
6 : 226771 132043 231430 132042 226772 132044 
6 : 110702 186430 40088 110700 40066 40074 
6 : 136037 177073 231459 136029 136041 177075 
6 : 231461 196834 191313 196837 191321 191304 
6 : 186928 231476 204997 186930 186925 205000 
6 : 104698 231498 48199 104706 48185 48213 
6 : 179216 226464 88472 179215 88463 88470 
6 : 231525 145114 186338 145119 186342 145112 
6 : 38019 33339 116964 33320 38005 33329 
6 : 231528 195830 231532 195832 241507 195836 
6 : 231549 229883 158634 229896 158650 158633 
6 : 174106 39615 226781 39606 174105 39613 
6 : 102686 231575 231580 102689 102693 242229 
6 : 143242 112351 222575 112339 143241 112348 
6 : 231579 164459 231576 164467 245130 164461 
6 : 208864 88751 150326 88746 150322 88736 
6 : 87395 231648 231647 87409 87407 262735 
6 : 231658 179706 207585 179709 207587 179703 
6 : 122749 8740 231704 8730 122753 8742 
6 : 159934 6490 204928 6481 159932 6488 
6 : 37242 218386 48771 37241 37227 48768 
6 : 197500 231711 231710 197503 197502 242412 
6 : 106528 231719 231718 106530 106529 231745 
6 : 231763 231765 231764 246224 246223 261707 
6 : 41262 218724 231768 41258 41263 218725 
6 : 208594 78730 110224 78726 110219 78717 
6 : 212843 231774 66537 212844 66534 66546 
6 : 228623 231780 115446 228624 115443 115450 
6 : 231779 192659 231787 192661 236887 192672 
6 : 193493 193715 78250 193488 78243 78244 
6 : 231851 146082 231847 146086 236995 146083 
6 : 231852 231848 219713 242950 219720 219716 
6 : 231854 231849 148559 246351 148570 148563 
6 : 94678 227012 222462 94675 94673 222460 
6 : 96434 214576 230556 96428 96432 214575 
6 : 231886 231887 48811 259758 48820 48821 
6 : 213160 231896 205034 213167 205031 205044 
6 : 231898 12669 231893 12682 246540 12672 
6 : 74118 48812 222463 48788 74114 48806 
6 : 204781 79936 231936 79928 204787 79943 
6 : 65875 231940 158219 65880 65870 158222 
6 : 75062 225822 23859 75060 23842 23855 
6 : 231995 231999 231997 238655 238651 254966 
6 : 231998 217729 200781 217740 200790 200776 
6 : 232000 232004 190192 260557 190208 190212 
6 : 232005 60337 232014 60340 250904 60354 
6 : 232011 166233 9533 166240 9538 9522 
6 : 17132 232022 232020 17142 17139 262354 
6 : 106987 230258 144251 106986 106981 144250 
6 : 18438 104216 232056 18428 18444 104226 
6 : 32923 221675 232053 32921 32925 221677 
6 : 193061 171991 107912 171988 107906 107902 
6 : 109971 232101 232102 109980 109981 256267 
6 : 208253 11332 232100 11329 208256 11335 
6 : 215759 232103 177340 215761 177338 177351 
6 : 15241 106811 232158 15233 15244 106814 
6 : 216627 61452 203808 61449 203804 61446 
6 : 127638 156441 136435 127633 127630 136424 
6 : 167593 232202 24889 167595 24882 24892 
6 : 229694 232201 232205 229695 229699 237433 
6 : 232214 143036 232215 143045 262082 143047 
6 : 167746 232233 232231 167759 167754 258383 
6 : 232225 81953 229086 81958 229090 81952 
6 : 16202 95503 232261 16187 16203 95505 
6 : 191101 232265 141405 191111 141400 141417 
6 : 232268 193095 232267 193097 235112 193096 
6 : 194911 202144 232280 194903 194917 202155 
6 : 201742 232317 126427 201744 126416 126429 
6 : 226226 232325 219793 226228 219791 219801 
6 : 232334 50860 75737 50870 75748 50847 
6 : 48716 232381 232382 48720 48722 263075 
6 : 91999 232379 146435 92007 91991 146441 
6 : 219635 232387 89189 219639 89187 89194 
6 : 149525 232399 232397 149534 149532 260676 
6 : 192660 112731 90241 112727 90234 90226 
6 : 222112 64549 115216 64546 115214 64536 
6 : 45857 232416 232418 45867 45870 260774 
6 : 232417 223545 118431 223554 118444 118427 
6 : 89812 14503 231904 14491 89811 14502 
6 : 232420 143341 172529 143342 172531 143333 
6 : 12133 204410 65238 12128 12123 65231 
6 : 203212 223852 172995 203210 172985 172992 
6 : 183163 232445 65051 183173 65046 65057 
6 : 232476 193993 232473 194003 238353 193997 
6 : 77054 232482 39096 77061 39071 39104 
6 : 225143 232480 138770 225146 138767 138773 
6 : 169078 232487 232495 169082 169088 245173 
6 : 230995 142908 232491 142906 231001 142913 
6 : 232486 171538 232490 171541 243360 171547 
6 : 168356 65371 50092 65361 50077 50074 
6 : 160972 232578 199950 160978 160967 199957 
6 : 123369 232590 73071 123372 73056 73076 
6 : 214464 200496 232595 200494 214472 200503 
6 : 152960 127452 82747 127441 82739 82738 
6 : 207538 53054 214051 53047 207535 53051 
6 : 101941 232605 232607 101944 101947 255110 
6 : 140226 232609 84859 140231 84853 84865 
6 : 232603 166554 232604 166557 237011 166559 
6 : 232616 172022 202435 172030 202443 172019 
6 : 27665 211864 87484 27661 27651 87478 
6 : 105727 102980 231345 102965 105726 102979 
6 : 122797 151255 163414 122784 122786 151244 
6 : 232643 110776 170690 110780 170697 110767 
6 : 47288 193349 232646 47287 47293 193356 
6 : 232663 90663 76976 90666 76981 76961 
6 : 232664 228151 131789 228156 131792 131788 
6 : 232683 197695 94863 197698 94866 94854 
6 : 232688 102238 87067 102241 87069 87046 
6 : 232745 232746 190270 248306 190273 190277 
6 : 220877 54814 85702 54812 85699 54801 
6 : 232754 202047 120549 202055 120557 120542 
6 : 100056 162510 176112 100051 100052 162504 
6 : 133710 232769 193994 133715 133706 194001 
6 : 108360 97138 232801 97118 108368 97146 
6 : 228316 181622 57841 181621 57840 57830 
6 : 232826 232827 232822 251686 237099 237101 
6 : 219472 232841 205896 219479 205894 205905 
6 : 90209 12046 232862 12033 90220 12058 
6 : 20658 232868 232864 20661 20660 234994 
6 : 188314 1138 147443 1135 147432 1133 
6 : 232869 232871 188380 246659 188384 188387 
6 : 232873 171070 232870 171080 247759 171076 
6 : 165004 60289 232882 60280 165011 60294 
6 : 227103 232880 60069 227106 60067 60073 
6 : 232904 232913 19761 252734 19765 19774 
6 : 232917 232918 232924 237319 237324 246479 
6 : 31798 232929 91499 31801 31786 91500 
6 : 146842 232975 56809 146855 56795 56821 
6 : 6933 232984 146298 6941 6924 146309 
6 : 180044 206443 232981 180038 180047 206447 
6 : 176455 233030 227821 176460 176454 227826 
6 : 112441 134100 233036 112431 112443 134102 
6 : 233037 58737 28572 58739 28575 28550 
6 : 29102 126925 95638 29094 29091 95624 
6 : 229383 233070 143809 229395 143808 143823 
6 : 233075 233076 233077 244448 244454 248498 
6 : 121411 111513 191314 111501 121406 111506 
6 : 233201 141541 79153 141551 79162 79140 
6 : 233205 209010 184734 209018 184747 184728 
6 : 149778 169700 205452 149772 149775 169695 
6 : 161282 233259 216349 161289 161280 216362 
6 : 186162 210533 216560 186156 186158 210527 
6 : 19105 54059 148474 19091 19095 54046 
6 : 233313 233315 173722 258608 173727 173728 
6 : 143766 233318 127615 143771 127604 127622 
6 : 220399 233342 113085 220403 113083 113093 
6 : 233344 196403 233345 196416 264002 196418 
6 : 88927 81330 186340 81312 88922 81324 
6 : 222296 164441 233380 164437 222301 164448 
6 : 211750 127986 205526 127983 205523 127982 
6 : 228790 174451 185766 174449 185764 174444 
6 : 64405 112507 95733 64393 64389 95720 
6 : 233449 233443 167923 244861 167934 167927 
6 : 182498 11904 25565 11896 25557 11882 
6 : 31350 149852 211460 31339 31348 149850 
6 : 233475 186194 233476 186198 251366 186201 
6 : 233477 59588 233478 59596 259733 59600 
6 : 177387 164130 233489 164123 177395 164140 
6 : 209715 233480 233479 209719 209718 237518 
6 : 19825 185604 231563 19819 19824 185603 
6 : 233524 205205 192577 205211 192585 192572 
6 : 22262 159029 233526 22252 22266 159038 
6 : 135222 165783 198093 135214 135220 165776 
6 : 233577 233575 219898 251045 219905 219901 
6 : 126585 190605 233580 126580 126586 190608 
6 : 233582 233584 114740 253574 114746 114751 
6 : 132000 233636 108999 132005 108987 109009 
6 : 233634 233630 224600 239900 224612 224604 
6 : 60290 137146 233639 60276 60292 137152 
6 : 233644 233640 191061 245993 191078 191068 
6 : 233650 173072 188277 173082 188283 173062 
6 : 201830 179752 32149 179744 32139 32136 
6 : 45505 83356 233697 45493 45511 83360 
6 : 233727 127453 218117 127460 218123 127448 
6 : 216973 78646 199442 78642 199437 78639 
6 : 232644 233738 46880 232648 46879 46886 
6 : 233735 192280 233736 192284 248310 192287 
6 : 162161 220736 232726 162157 162160 220735 
6 : 202926 134101 112246 134095 112242 112234 
6 : 233796 128740 233798 128744 246567 128751 
6 : 233799 233797 134949 247516 134961 134955 
6 : 160491 56373 208749 56361 160489 56367 
6 : 28317 233806 26343 28321 26319 26352 
6 : 93724 133019 66672 93709 66651 66655 
6 : 65751 22835 103759 22825 65741 22826 
6 : 233858 233855 233857 237624 260973 237623 
6 : 203069 233866 233865 203073 203072 257204 
6 : 233150 233873 71325 233156 71324 71332 
6 : 233877 233874 233878 252662 261865 252666 
6 : 98738 223415 49312 98737 49301 49311 
6 : 154674 166877 233900 154666 154676 166879 
6 : 145778 233911 233904 145790 145780 240761 
6 : 225180 233905 220900 225183 220898 220903 
6 : 233913 233906 233910 245989 262574 245986 
6 : 144644 189765 233919 144638 144652 189774 
6 : 222925 45355 41929 45354 41926 41911 
6 : 233963 126272 233964 126275 253169 126277 
6 : 233972 233973 233969 263875 252637 252639 
6 : 185582 233975 112272 185586 112262 112276 
6 : 222011 63716 233981 63712 222018 63727 
6 : 148297 234019 234018 148303 148300 244372 
6 : 176530 226386 157282 176529 157273 157280 
6 : 217770 96600 234035 96598 217773 96606 
6 : 234033 174006 234039 174009 245378 174018 
6 : 41866 150596 121362 41860 41857 121349 
6 : 218079 234067 64723 218083 64721 64729 
6 : 121539 142469 234112 121527 121541 142471 
6 : 234115 220545 105378 220552 105384 105373 
6 : 223677 223016 234121 223015 223685 223025 
6 : 139914 192523 9898 139907 9873 9888 
6 : 213420 19725 234125 19721 213422 19728 
6 : 9686 234173 140879 9690 9677 140887 
6 : 81111 205715 231564 81108 81110 205714 
6 : 123813 14635 62390 14626 62379 14623 
6 : 57469 214577 51946 57466 51925 51941 
6 : 234237 171302 128057 171310 128069 128045 
6 : 234246 83611 234244 83618 254910 83616 
6 : 234252 221360 18061 221365 18066 18058 
6 : 234285 25503 231967 25512 231977 25502 
6 : 234293 200062 75738 200065 75745 75729 
6 : 214140 234299 224461 214141 214137 224463 
6 : 234296 207667 48393 207668 48394 48385 
6 : 234302 187142 56545 187151 56554 56537 
6 : 210934 234311 116296 210941 116289 116305 
6 : 234322 143708 87486 143712 87488 87469 
6 : 234332 160648 234336 160650 235434 160654 
6 : 234338 234339 211174 261764 211183 211184 
6 : 210397 123187 234405 123185 210403 123194 
6 : 160987 34761 51532 34749 51518 34742 
6 : 117424 125843 234422 117416 117434 125851 
6 : 234414 234423 217730 234797 217731 217742 
6 : 7913 172115 234426 7902 7914 172117 
6 : 234461 234463 138556 261290 138568 138570 
6 : 108337 56810 68359 56790 68338 56788 
6 : 191611 227492 40702 191608 40694 40698 
6 : 9969 93437 129914 9957 9959 93425 
6 : 175714 228100 198955 175713 175710 198954 
6 : 234588 234583 234581 242589 235409 235403 
6 : 207350 198583 234622 198579 207360 198591 
6 : 234632 45302 234638 45308 251823 45314 
6 : 119089 131090 234675 119080 119093 131100 
6 : 207706 176660 34484 176656 34482 34477 
6 : 234677 176602 202798 176614 202810 176595 
6 : 231968 234683 234685 231969 231978 250256 
6 : 234690 234687 105846 262624 105863 105858 
6 : 111131 234693 227389 111135 111129 227394 
6 : 234700 234697 184183 258361 184191 184190 
6 : 166685 234799 234801 166696 166698 262508 
6 : 149163 128593 233512 128579 149162 128591 
6 : 234854 90210 202066 90224 202079 90208 
6 : 234855 209979 39776 209991 39795 39770 
6 : 180675 234863 234861 180680 180677 255561 
6 : 234857 107971 234860 107972 242572 107975 
6 : 119688 149985 31663 119675 31648 31650 
6 : 234868 92788 211714 92792 211721 92782 
6 : 234873 158496 159776 158509 159794 158486 
6 : 154479 234875 1063 154480 1053 1067 
6 : 233082 175931 162608 175930 162607 162598 
6 : 216941 234912 234915 216946 216950 260739 
6 : 163709 121050 139631 121045 139617 121043 
6 : 97208 234968 226566 97217 97207 226573 
6 : 176925 197863 162909 176920 162897 162900 
6 : 184022 206394 207205 184018 184019 206391 
6 : 213447 234980 234983 213454 213457 257266 
6 : 904 235015 198866 913 900 198874 
6 : 235016 235009 235010 251280 253449 251275 
6 : 235021 17273 196664 17283 196674 17265 
6 : 134336 182253 145693 134331 134326 145686 
6 : 168070 235027 235031 168073 168076 249399 
6 : 233431 40172 105347 40171 105346 40159 
6 : 235070 235069 223294 239240 223296 223295 
6 : 235088 235077 179639 241639 179654 179641 
6 : 152053 222362 235123 152052 152055 222365 
6 : 223689 173832 235138 173828 223702 173845 
6 : 232952 79991 224602 79989 224599 79988 
6 : 235134 235127 221810 236911 221816 221811 
6 : 123019 235151 162466 123024 123013 162469 
6 : 235159 42492 235154 42502 256919 42497 
6 : 80296 166860 233739 80292 80295 166858 
6 : 157667 235201 80741 157673 80734 80751 
6 : 203451 3951 54665 3948 54657 3936 
6 : 228006 235244 235245 228009 228010 253269 
6 : 235243 175749 90499 175752 90501 90491 
6 : 235253 235256 196152 247138 196156 196166 
6 : 200677 235263 72680 200683 72673 72691 
6 : 210449 225652 235258 210447 210451 225655 
6 : 228738 183638 235265 183635 228746 183647 
6 : 87663 191629 235317 87654 87664 191632 
6 : 235321 127716 139721 127726 139734 127709 
6 : 235329 71419 133327 71432 133342 71408 
6 : 208963 204659 147783 204657 147778 147777 
6 : 235379 209115 140367 209124 140375 140363 
6 : 140861 235384 188715 140867 140857 188723 
6 : 147394 123278 235382 123266 147396 123281 
6 : 68133 82559 43038 68116 43017 43020 
6 : 235423 145484 175134 145488 175137 145471 
6 : 235424 30550 187550 30553 187557 30540 
6 : 130297 210425 220232 130295 130296 210420 
6 : 201147 232994 235431 201146 201149 232996 
6 : 60176 212112 173074 60172 60171 173067 
6 : 219656 41711 94697 41709 94691 41699 
6 : 235479 235480 235476 260924 235716 235718 
6 : 114480 65805 229200 65790 114478 65804 
6 : 235486 235484 235488 242461 256429 242464 
6 : 163733 146001 235518 145993 163736 146004 
6 : 235519 138650 235520 138657 254949 138658 
6 : 122845 206488 164884 122840 122836 164876 
6 : 215281 95865 213373 95861 213369 95860 
6 : 235636 235633 163283 237288 163291 163284 
6 : 205475 166325 135999 166315 135985 135975 
6 : 225938 51066 151932 51063 151931 51052 
6 : 235655 171284 202067 171288 202069 171279 
6 : 146484 235687 162781 146495 146479 162797 
6 : 235684 166274 235688 166278 260358 166286 
6 : 235685 235682 4960 237969 4974 4961 
6 : 1492 150796 16867 1482 1477 16854 
6 : 201399 227218 26795 201397 26787 26793 
6 : 146142 235703 123605 146149 123597 123616 
6 : 202838 155985 24956 155978 24951 24944 
6 : 143663 235736 235735 143668 143667 256813 
6 : 145839 194021 159326 145837 145835 159319 
6 : 235741 235742 235743 255705 255706 260145 
6 : 183304 39666 69139 39661 69129 39653 
6 : 29274 235784 167097 29275 29265 167098 
6 : 91773 235788 235793 91775 91780 242775 
6 : 58817 235807 157405 58820 58805 157410 
6 : 179876 223841 178654 179873 178648 178652 
6 : 11541 81086 210679 11527 11535 81081 
6 : 205417 203882 89190 203876 89186 89185 
6 : 207336 235840 235842 207338 207344 243310 
6 : 235845 229583 51794 229590 51804 51793 
6 : 235850 235847 133211 256637 133214 133212 
6 : 101925 224033 235893 101923 101926 224034 
6 : 179511 235898 196592 179513 179502 196598 
6 : 142610 235948 99883 142619 99872 99891 
6 : 192759 66200 146322 66192 146317 66188 
6 : 235946 91933 112945 91938 112949 91918 
6 : 93858 190106 232582 93851 93857 190105 
6 : 235987 145063 85457 145068 85461 85443 
6 : 235988 95471 64724 95479 64733 64703 
6 : 200398 205882 236005 200391 200401 205883 
6 : 148519 89830 236035 89821 148523 89836 
6 : 236037 236039 236034 262169 250684 250688 
6 : 195137 236047 236045 195142 195139 257871 
6 : 217619 155241 196916 155236 196914 155234 
6 : 236046 236044 131895 242915 131906 131898 
6 : 131091 236070 236072 131097 131099 256704 
6 : 57065 1032 234493 1020 57063 1031 
6 : 110534 236096 221241 110541 110530 221253 
6 : 154830 82388 133328 82376 133319 82375 
6 : 236143 132885 236144 132894 261568 132900 
6 : 236147 144115 236149 144120 256142 144128 
6 : 18747 173737 84099 18739 18733 84091 
6 : 236151 236153 204094 258983 204096 204099 
6 : 157366 232894 83266 157364 83254 83265 
6 : 165045 230505 54516 165043 54506 54514 
6 : 72198 225389 199180 72196 72194 199178 
6 : 114207 236250 236243 114211 114208 237599 
6 : 233262 236248 236244 233267 233264 238290 
6 : 214520 123371 73370 123366 73366 73352 
6 : 216688 93439 228766 93433 216686 93436 
6 : 19853 227169 212321 19849 19847 212318 
6 : 139282 54491 176417 54479 139271 54485 
6 : 31463 140776 92857 31451 31449 92840 
6 : 192769 222517 236335 192768 192776 222525 
6 : 236342 236340 60485 261800 60498 60496 
6 : 236395 88975 141003 88982 141007 88962 
6 : 236400 151453 133981 151466 133999 133970 
6 : 236418 207351 181234 207356 181242 181228 
6 : 38617 236440 206612 38618 38613 206614 
6 : 148846 184803 207283 148839 148841 184798 
6 : 43182 236453 178686 43183 43176 178687 
6 : 236454 71058 236458 71060 248891 71064 
6 : 236456 121117 175949 121122 175955 121110 
6 : 236469 232462 236077 232472 236086 232461 
6 : 234866 236481 213070 234871 213069 213082 
6 : 186045 236500 236429 186050 186044 236437 
6 : 177288 236505 236501 177293 177290 248984 
6 : 236504 171303 79937 171309 79942 79923 
6 : 225939 219511 182810 219509 182808 182807 
6 : 75991 36972 7493 36959 7473 7470 
6 : 236595 96868 176334 96872 176337 96860 
6 : 236609 43516 236603 43527 238436 43517 
6 : 37377 236652 236650 37384 37382 252320 
6 : 137129 56267 194680 56250 137127 56261 
6 : 236655 224521 104336 224531 104352 104334 
6 : 81954 196070 236661 81947 81957 196071 
6 : 231070 168012 236667 168008 231079 168022 
6 : 168628 217840 211261 168625 168624 211257 
6 : 175387 223113 236697 175385 175388 223114 
6 : 103946 236712 100621 103950 100609 100627 
6 : 236713 60133 207500 60138 207506 60132 
6 : 226546 212337 77861 212333 77860 77853 
6 : 236731 236725 52228 236932 52233 52229 
6 : 236744 236742 116176 249514 116181 116178 
6 : 14232 177425 183835 14222 14223 177416 
6 : 136746 236760 24803 136754 24794 24815 
6 : 161284 236788 184625 161287 161274 184631 
6 : 168876 185674 176683 168870 168868 176670 
6 : 72649 188792 20036 72640 20018 20028 
6 : 222684 73173 236791 73170 222688 73178 
6 : 236790 236793 209625 247293 209628 209633 
6 : 236796 105728 77253 105737 77263 77239 
6 : 60644 236809 236808 60657 60656 263944 
6 : 13887 236847 5117 13888 5093 5121 
6 : 18794 236859 203316 18797 18789 203321 
6 : 116626 145118 231629 116617 116624 145115 
6 : 120652 36671 121332 36658 120636 36659 
6 : 152973 201966 136437 152970 136422 136431 
6 : 236902 236900 67634 245926 67639 67636 
6 : 28343 71882 113573 28330 28333 71867 
6 : 164563 236917 149421 164565 149407 149424 
6 : 227201 204013 151965 204010 151962 151956 
6 : 236919 28670 109757 28674 109768 28651 
6 : 232821 87322 236923 87320 232824 87323 
6 : 236410 236961 53186 236417 53185 53193 
6 : 236960 160933 156889 160938 156894 156878 
6 : 70183 97076 151760 70170 70173 97069 
6 : 212308 236820 236967 212307 212314 236825 
6 : 236968 236969 236966 262394 247674 247675 
6 : 22714 27196 97258 22697 22704 27183 
6 : 73425 165662 237001 73413 73429 165668 
6 : 233230 32285 57942 32284 57940 32268 
6 : 157849 29446 215164 29433 157846 29444 
6 : 168255 162609 215486 162594 168252 162605 
6 : 237008 1064 237007 1071 261741 1070 
6 : 237015 237013 709 256343 718 715 
6 : 135741 147868 146002 135733 135732 145990 
6 : 83213 177113 2012 83209 1995 2006 
6 : 49445 237110 174296 49448 49436 174297 
6 : 173183 52194 237114 52186 173193 52202 
6 : 228377 79835 58365 79834 58363 58349 
6 : 237117 237118 162987 238888 162988 162990 
6 : 114351 79960 114716 79948 114342 79949 
6 : 160404 214806 237166 160398 160407 214810 
6 : 205730 119597 29924 119593 29919 29908 
6 : 208885 237204 237202 208890 208888 249388 
6 : 120325 40195 228487 40186 120324 40194 
6 : 195922 237216 237220 195925 195929 241885 
6 : 185134 237260 198407 185136 185129 198413 
6 : 52599 103970 237263 52588 52602 103971 
6 : 237269 130779 162408 130781 162409 130765 
6 : 237280 237282 237278 263692 248507 248510 
6 : 15291 36797 134103 15275 15280 36788 
6 : 237321 237322 74201 258873 74209 74210 
6 : 105798 237362 58690 105799 58670 58691 
6 : 66869 169958 86071 66863 66852 86062 
6 : 170038 128567 237374 128560 170039 128570 
6 : 212063 115098 237377 115091 212069 115104 
6 : 237413 205973 237412 205984 260856 205983 
6 : 193126 237421 185080 193132 185073 185091 
6 : 208508 237424 230733 208512 208506 230739 
6 : 237426 152668 237422 152673 241641 152669 
6 : 236150 221797 174133 221796 174132 174128 
6 : 237463 160660 173738 160666 173741 160657 
6 : 70777 37302 92858 37276 70761 37280 
6 : 74007 237574 232353 74010 74005 232358 
6 : 201326 42169 170098 42162 170088 42157 
6 : 204456 232629 237579 204455 204461 232635 
6 : 237431 197531 18251 197530 18250 18239 
6 : 145316 237023 220139 145315 145311 220138 
6 : 33341 237634 164671 33351 33333 164678 
6 : 237670 237667 237668 253628 254626 253626 
6 : 39814 38143 132917 38127 39799 38134 
6 : 223776 237688 237690 223780 223781 252095 
6 : 93925 237721 177531 93927 93921 177538 
6 : 237724 108600 237722 108608 254449 108604 
6 : 105167 161500 204043 105157 105161 161491 
6 : 237731 223590 237732 223604 262963 223605 
6 : 222363 237733 156462 222364 156459 156464 
6 : 71397 179328 237780 71393 71402 179333 
6 : 43310 237785 201657 43315 43307 201666 
6 : 116918 237789 237794 116921 116923 246667 
6 : 237792 182696 152550 182699 152556 152539 
6 : 194892 157690 82228 157683 82221 82219 
6 : 70333 237846 108501 70341 70323 108515 
6 : 154991 117778 180786 117772 154987 117774 
6 : 163335 237851 122144 163338 122133 122152 
6 : 100701 228713 237892 100699 100704 228719 
6 : 223281 237893 237891 223292 223284 256846 
6 : 237899 224057 237898 224066 262167 224064 
6 : 237901 18868 237900 18881 263763 18880 
6 : 115307 237903 203647 115308 115299 203649 
6 : 12551 73476 218594 12532 12548 73472 
6 : 195757 129050 127616 129043 127612 127601 
6 : 212649 179012 237931 179007 212656 179020 
6 : 223532 127430 233412 127428 223531 127429 
6 : 208877 237936 226509 208880 208875 226512 
6 : 90922 105349 145696 90915 90917 105333 
6 : 96981 112394 99766 96965 96964 99747 
6 : 85483 237974 85274 85486 85262 85277 
6 : 237979 237980 237983 240232 240239 248591 
6 : 237981 159349 74977 159353 74983 74967 
6 : 93596 97321 237989 93580 93600 97325 
6 : 95734 174563 155488 95724 95723 155475 
6 : 237997 91242 238002 91245 251089 91251 
6 : 148372 127987 238021 127975 148376 127994 
6 : 191136 175010 82873 175004 82862 82861 
6 : 238028 238030 238024 260813 252773 252775 
6 : 238029 140753 8314 140759 8322 8298 
6 : 186659 238066 238067 186663 186664 247142 
6 : 230921 238071 238070 230930 230928 262301 
6 : 35919 130299 197924 35910 35913 130293 
6 : 191413 55467 75325 55458 75318 55452 
6 : 18279 31069 113779 18271 18274 31061 
6 : 123814 40027 238123 40019 123816 40034 
6 : 17730 151320 238131 17721 17736 151326 
6 : 21674 195162 190439 21672 21670 190433 
6 : 238165 180585 231565 180596 231574 180583 
6 : 238173 218444 120851 218448 120856 120850 
6 : 238180 161593 90736 161599 90741 90721 
6 : 238183 238178 115788 240342 115794 115789 
6 : 96869 155152 109241 96856 96849 109234 
6 : 129312 238200 176335 129315 129304 176341 
6 : 145243 127739 140563 127729 140550 127728 
6 : 78690 199507 196010 78687 78686 196005 
6 : 218900 238212 238210 218909 218908 259011 
6 : 238213 191590 46574 191600 46586 46566 
6 : 42596 39616 4146 39599 4126 4125 
6 : 64634 231732 12264 64631 12239 12262 
6 : 98550 204879 198408 98545 98542 198398 
6 : 211349 217482 131234 211346 131228 131229 
6 : 238257 108850 127667 108857 127680 108835 
6 : 25504 196218 238262 25501 25507 196220 
6 : 238276 91107 229324 91115 229333 91104 
6 : 238309 218645 158247 218649 158255 158244 
6 : 238341 43253 238339 43259 249963 43257 
6 : 70334 238361 86939 70339 70321 86947 
6 : 238363 238364 23434 250318 23438 23448 
6 : 213740 238367 137802 213744 137794 137808 
6 : 238374 238372 238370 256457 249103 249102 
6 : 28982 189792 204880 28976 28978 189786 
6 : 97077 178638 238405 97071 97083 178641 
6 : 238402 182545 238404 182546 241079 182548 
6 : 238441 238440 166495 242712 166497 166496 
6 : 135609 50634 54359 50620 54352 50616 
6 : 238447 94437 180787 94442 180791 94429 
6 : 238506 70210 238509 70215 258392 70219 
6 : 136622 216710 100591 136616 100579 100586 
6 : 182615 238537 139940 182621 139930 139946 
6 : 221040 238542 238548 221044 221051 248159 
6 : 238547 238545 182982 263191 182996 182993 
6 : 41236 215197 48634 41233 41218 48630 
6 : 186392 70593 103042 70580 103033 70577 
6 : 238587 215800 238583 215811 250749 215804 
6 : 158358 207226 238628 158357 158361 207230 
6 : 115190 230269 214683 115189 115187 214680 
6 : 173336 190755 238630 173328 173337 190756 
6 : 238633 228563 25433 228575 25445 25429 
6 : 238634 238632 161033 250168 161046 161039 
6 : 231650 132420 109099 132419 109097 109085 
6 : 191830 238676 225779 191831 191828 225783 
6 : 129001 238681 1592 129003 1578 1601 
6 : 177204 145159 66954 145152 66948 66943 
6 : 204940 238680 238683 204948 204951 255848 
6 : 238679 127228 238678 127232 253405 127231 
6 : 80269 189869 163416 80266 80261 163403 
6 : 200047 28040 129659 28034 129652 28029 
6 : 125740 212322 148058 125735 125727 148048 
6 : 238733 115858 74174 115860 74176 74159 
6 : 152845 31560 238781 31551 152851 31566 
6 : 238779 206524 238777 206529 240631 206526 
6 : 238782 188415 43984 188427 44000 43979 
6 : 238789 238787 230293 252243 230306 230299 
6 : 225902 127937 238838 127928 225908 127940 
6 : 94865 161725 225709 94851 94860 161721 
6 : 238882 238880 132218 241298 132222 132220 
6 : 140114 174634 238900 140102 140121 174640 
6 : 25825 99250 104247 25812 25813 99235 
6 : 234802 238952 192347 234810 192345 192358 
6 : 185307 238994 209215 185316 185297 209226 
6 : 5841 229818 238995 5839 5842 229819 
6 : 20004 222620 170376 20002 19995 170370 
6 : 232708 189281 118744 189279 118742 118736 
6 : 33509 239005 132046 33516 33494 132054 
6 : 239002 222799 189251 222804 189255 189250 
6 : 239004 197484 216429 197491 216438 197480 
6 : 9459 119209 204660 9448 9456 119206 
6 : 217700 147784 239089 147779 217705 147791 
6 : 239105 121674 224845 121680 224852 121670 
6 : 51872 224336 18706 51869 18680 18701 
6 : 173561 120133 88782 120125 88772 88763 
6 : 196958 239148 239150 196959 196964 246450 
6 : 226419 182718 88012 182711 88005 88000 
6 : 228168 186297 239187 186292 228175 186304 
6 : 106050 237058 239192 106049 106058 237063 
6 : 211659 239190 214089 211660 211656 214090 
6 : 239171 203867 239196 203866 239180 203873 
6 : 239227 239225 239228 244062 248157 244067 
6 : 171524 60862 66401 60848 66391 60841 
6 : 87182 154749 201641 87173 87178 154744 
6 : 188762 118553 176506 118547 176500 118544 
6 : 239272 239273 239274 259986 259987 263579 
6 : 42468 134452 239276 42458 42469 134455 
6 : 156844 181293 161008 156839 156836 161002 
6 : 169204 239324 192984 169208 169202 192990 
6 : 238217 239325 239323 238229 238220 257263 
6 : 138072 177636 88395 138064 88382 88386 
6 : 209661 239339 239334 209673 209662 240562 
6 : 239352 111886 175580 111896 175588 111873 
6 : 239371 29305 190196 29308 190200 29293 
6 : 200801 239383 239380 200808 200806 246543 
6 : 127851 239414 153037 127857 127844 153042 
6 : 239412 64290 616 64291 617 587 
6 : 171814 239419 239421 171821 171822 257322 
6 : 239418 176385 75911 176388 75915 75901 
6 : 239449 92516 21268 92526 21274 21253 
6 : 118256 191856 239467 118249 118257 191857 
6 : 232274 220436 239469 220434 232279 220441 
6 : 239474 79698 189556 79700 189557 79689 
6 : 31050 107536 144859 31039 31041 107523 
6 : 223002 227149 239522 222999 223007 227152 
6 : 239519 204412 239520 204414 244160 204416 
6 : 160700 150376 239524 150363 160701 150377 
6 : 226234 239531 82114 226237 82110 82119 
6 : 239565 239568 239562 257466 244073 244079 
6 : 239567 202885 216843 202892 216851 202882 
6 : 23935 83077 70067 23929 23927 70054 
6 : 75539 239575 239576 75542 75545 255843 
6 : 170025 239573 187219 170026 170019 187224 
6 : 232698 19417 239574 19416 232701 19424 
6 : 119759 208554 22366 119753 22352 22362 
6 : 234681 74035 239624 74033 234682 74036 
6 : 115615 239633 234549 115621 115612 234557 
6 : 239630 239629 185585 249712 185589 185587 
6 : 8276 18365 236080 8255 8275 18362 
6 : 175731 204398 20518 175728 20508 20510 
6 : 177125 144203 84121 144199 84114 84109 
6 : 180476 41311 239674 41300 180482 41315 
6 : 228680 139384 239676 139381 228695 139397 
6 : 239671 46324 239670 46331 259534 46330 
6 : 115500 165243 239685 115491 115507 165252 
6 : 168713 239683 104099 168716 104088 104106 
6 : 89540 228430 239706 89538 89542 228434 
6 : 239735 206420 26469 206423 26476 26461 
6 : 239738 216068 205015 216069 205016 205010 
6 : 91195 198028 239776 91190 91197 198030 
6 : 191493 228756 24516 191491 24505 24512 
6 : 239773 131717 69181 131719 69183 69165 
6 : 135451 193439 239790 135441 135455 193442 
6 : 237948 239793 239791 237952 237951 254566 
6 : 239817 239816 211481 264014 211494 211493 
6 : 19418 239831 32287 19430 19401 32295 
6 : 239832 4076 207284 4078 207285 4070 
6 : 239847 239845 233616 244777 233627 233619 
6 : 235139 8892 239877 8891 235148 8906 
6 : 200124 129801 126543 129795 126538 126529 
6 : 239920 201984 239917 201996 245047 201987 
6 : 232451 101034 118309 101031 118307 101013 
6 : 239951 239956 115661 260531 115671 115677 
6 : 69107 208024 13774 69103 13755 13769 
6 : 225940 49187 73790 49181 73787 49168 
6 : 239963 211667 23072 211672 23076 23066 
6 : 239964 116655 182812 116661 182820 116643 
6 : 191137 127988 239967 127978 191141 127992 
6 : 221463 159329 240047 159323 221465 159333 
6 : 204915 162195 240056 162191 204918 162204 
6 : 154229 198653 133550 154223 133533 133538 
6 : 170415 139941 237867 139928 170413 139939 
6 : 212220 240092 93760 212222 93753 93770 
6 : 199294 240122 217732 199302 199285 217745 
6 : 238076 90964 38357 90963 38356 38337 
6 : 88181 55148 214563 55139 88178 55145 
6 : 240134 232672 202782 232673 202783 202781 
6 : 202661 240135 240137 202664 202668 250185 
6 : 210318 79699 156681 79693 156678 79685 
6 : 212520 134792 159679 134783 159673 134775 
6 : 217272 30370 76049 30367 76045 30355 
6 : 151859 240185 239509 151867 151857 239517 
6 : 240215 92168 178476 92169 178477 92153 
6 : 240234 164940 240238 164944 252753 164949 
6 : 230681 97607 240254 97602 230683 97611 
6 : 240262 240264 15498 260327 15504 15508 
6 : 200223 192444 240267 192435 200226 192449 
6 : 237678 168761 139068 168760 139067 139059 
6 : 240305 240307 79994 258858 80001 80002 
6 : 240306 7170 224605 7175 224610 7168 
6 : 240308 172791 216262 172802 216271 172783 
6 : 231542 193307 32152 193304 32147 32138 
6 : 240310 133066 167925 133072 167938 133054 
6 : 176813 240320 38948 176820 38939 38960 
6 : 175096 179694 92445 175090 92433 92435 
6 : 66058 157988 128155 66046 66044 128143 
6 : 137535 110278 226510 110260 137534 110277 
6 : 125846 240377 190199 125849 125839 190204 
6 : 21852 214175 189472 21848 21845 189469 
6 : 240409 14380 23547 14384 23553 14362 
6 : 223766 240451 209048 223774 209043 209059 
6 : 240446 217273 134793 217278 134796 134784 
6 : 43618 98764 161206 43606 43609 98755 
6 : 69108 102375 121363 69095 69097 102365 
6 : 111232 94115 240452 94098 111233 94116 
6 : 218841 122377 185809 122374 185803 122368 
6 : 240453 13775 213584 13779 213588 13771 
6 : 240489 172813 185689 172817 185693 172804 
6 : 212729 225735 240499 212725 212732 225738 
6 : 240501 240505 103761 252018 103764 103770 
6 : 59322 240507 32118 59323 32092 32119 
6 : 240510 127989 3138 127995 3144 3123 
6 : 240520 155862 240512 155872 241141 155863 
6 : 208538 119994 155644 119991 155641 119985 
6 : 240532 104776 54916 104780 54920 54900 
6 : 179121 43928 198097 43922 179120 43923 
6 : 216606 39815 240577 39807 216615 39823 
6 : 237318 205833 44303 205831 44302 44297 
6 : 240583 240582 97473 264199 97484 97483 
6 : 148234 203598 240587 148224 148235 203600 
6 : 199242 200350 95894 199237 95884 95885 
6 : 240588 240584 121587 240830 121594 121588 
6 : 157650 231071 38213 157647 38198 38209 
6 : 240623 228042 239798 228043 239800 228041 
6 : 190050 240626 13537 190053 13528 13542 
6 : 240628 158611 9720 158619 9729 9708 
6 : 236310 44304 236636 44300 236307 44301 
6 : 240671 119011 240673 119018 257971 119019 
6 : 211435 237089 147468 211434 147458 147465 
6 : 240677 180625 102981 180627 102985 102970 
6 : 240683 61872 231347 61884 231357 61867 
6 : 240686 240685 192614 247601 192622 192616 
6 : 113891 240706 117610 113902 113877 117618 
6 : 166340 55176 235800 55164 166339 55174 
6 : 240718 240717 184471 243432 184477 184473 
6 : 188925 15770 239535 15764 188923 15768 
6 : 196760 240474 133330 196759 133323 133329 
6 : 234814 169823 222186 169820 222183 169818 
6 : 48569 240772 149282 48574 48565 149292 
6 : 52848 50578 175030 50563 52843 50571 
6 : 240771 240773 240770 263599 251477 251478 
6 : 184323 38566 240811 38560 184325 38569 
6 : 228196 201197 5606 201196 5602 5595 
6 : 9297 240815 240818 9300 9302 249613 
6 : 187273 240819 98482 187276 98476 98492 
6 : 119974 240823 116045 119980 116027 116057 
6 : 240825 240822 226340 261758 226348 226345 
6 : 240860 238486 240857 238495 260497 238493 
6 : 240868 123501 134613 123504 134615 123490 
6 : 80663 7236 240902 7225 80666 7238 
6 : 83007 240911 240913 83012 83018 257829 
6 : 240907 236873 94192 236875 94194 94190 
6 : 24307 110831 183837 24292 24299 110823 
6 : 14805 220558 240955 14798 14809 220569 
6 : 239799 215019 118434 215018 118433 118424 
6 : 241012 241008 241014 244935 258387 244936 
6 : 173445 238279 94330 173444 94322 94329 
6 : 34595 212431 59867 34592 34579 59858 
6 : 139917 163069 241066 139903 139923 163079 
6 : 241063 121226 241064 121233 261937 121235 
6 : 20638 221653 237767 20633 20637 221651 
6 : 81486 128061 20374 81466 20353 20356 
6 : 139514 162511 241107 139502 139519 162514 
6 : 241108 139852 241111 139857 259890 139862 
6 : 180964 241126 241120 180971 180965 245354 
6 : 193269 62999 114499 62996 114494 62992 
6 : 94793 229485 75513 94792 75490 75512 
6 : 54403 241185 241188 54407 54408 256577 
6 : 193839 241195 241191 193847 193842 244802 
6 : 241193 32502 241192 32509 252552 32504 
6 : 241197 193956 191805 193972 191815 191791 
6 : 44575 5744 211782 5714 44566 5735 
6 : 46417 45974 133642 45955 46402 45960 
6 : 182427 241233 20695 182431 20684 20703 
6 : 47849 8583 240036 8560 47848 8582 
6 : 50323 36710 210723 36681 50320 36704 
6 : 240429 73792 120553 73791 120552 73772 
6 : 134453 241246 227231 134459 134451 227237 
6 : 100172 150915 241269 100165 100180 150926 
6 : 147403 115970 100622 115962 100614 100611 
6 : 61873 102982 26505 61853 26479 26482 
6 : 223767 241271 128062 223769 128055 128066 
6 : 218978 241281 108630 218987 108624 108636 
6 : 241284 230108 211304 230117 211319 211302 
6 : 213421 31271 218310 31266 213418 31267 
6 : 168543 241323 241319 168550 168544 249650 
6 : 239291 241325 231397 239297 231396 231401 
6 : 62702 111946 8438 62696 8425 8427 
6 : 179045 241364 32256 179050 32252 32263 
6 : 44243 174382 227507 44238 44240 174378 
6 : 172662 195270 108900 172656 108891 108894 
6 : 241410 160092 241409 160097 248298 160094 
6 : 241411 199509 140070 199517 140085 140063 
6 : 76506 241414 241413 76514 76511 260301 
6 : 208087 114352 72020 114348 72015 72005 
6 : 128339 156249 241417 128331 128341 156253 
6 : 133596 223901 241440 133592 133597 223902 
6 : 80091 241447 188184 80092 80082 188186 
6 : 175484 237806 228682 175483 175479 228679 
6 : 241460 60888 69651 60894 69657 60873 
6 : 225941 241476 173408 225946 173406 173418 
6 : 241493 134952 187553 134957 187560 134944 
6 : 241496 85067 241500 85072 250312 85078 
6 : 241505 241509 233059 262365 233065 233069 
6 : 52849 241548 241551 52853 52855 250094 
6 : 166862 233983 236637 166859 166861 233982 
6 : 180853 241584 32706 180854 32699 32707 
6 : 241615 241614 235865 258528 235871 235868 
6 : 87183 241624 176507 87192 87177 176518 
6 : 155743 241622 237495 155752 155742 237505 
6 : 183043 241658 241661 183049 183054 257792 
6 : 241651 224381 241659 224383 242344 224388 
6 : 157246 72651 4287 72638 4273 4265 
6 : 169669 209604 36828 169663 36820 36824 
6 : 241701 155109 153038 155115 153048 153022 
6 : 187417 87839 21103 87833 21092 21082 
6 : 57915 40229 164103 40209 57904 40217 
6 : 241799 219513 23074 219515 23079 23067 
6 : 241800 235874 80114 235883 80126 80113 
6 : 241801 241795 53503 247449 53513 53506 
6 : 241806 147552 68361 147560 68366 68343 
6 : 241863 39496 5279 39501 5284 5252 
6 : 71956 175204 241900 71951 71967 175214 
6 : 241891 241898 241893 245494 245490 250802 
6 : 241901 223591 204045 223592 204046 204042 
6 : 239578 224180 221756 224178 221755 221751 
6 : 225007 235091 241950 225004 225008 235098 
6 : 162735 185324 194684 162728 162729 185317 
6 : 241956 56269 211464 56275 211474 56263 
6 : 217509 83777 132047 83769 132039 83757 
6 : 77079 158499 228326 77069 77076 158495 
6 : 88041 204315 242004 88033 88046 204321 
6 : 112894 242009 49771 112903 49753 49775 
6 : 242008 187910 210699 187921 210709 187907 
6 : 205149 220280 242015 205145 205151 220288 
6 : 133068 32154 242025 32133 133071 32161 
6 : 242049 201341 171372 201345 171377 171363 
6 : 156230 177479 179552 156223 156224 177472 
6 : 206303 202149 152307 202139 152297 152296 
6 : 242124 186625 205597 186633 205608 186615 
6 : 59054 224535 216643 59052 59048 216641 
6 : 228757 102711 122773 102709 122768 102698 
6 : 33342 242137 179293 33347 33335 179301 
6 : 235078 222034 170457 222032 170454 170451 
6 : 242158 219262 33374 219271 33384 33370 
6 : 192098 242162 143481 192101 143474 143484 
6 : 149488 183066 242202 149480 149489 183068 
6 : 9298 75593 242209 9284 9301 75597 
6 : 242210 182547 242211 182549 254950 182550 
6 : 208766 242218 230334 208775 208763 230342 
6 : 242221 242216 217929 258618 217941 217937 
6 : 104824 241702 106105 104823 104816 106104 
6 : 147113 53218 242243 53209 147114 53219 
6 : 242248 242246 242244 260564 248681 248676 
6 : 129993 211885 137180 129987 129983 137174 
6 : 232236 21563 4322 21560 4320 4296 
6 : 75348 119012 177255 75333 75338 118999 
6 : 242286 233781 229661 233785 229665 229659 
6 : 242293 131619 242291 131626 253086 131624 
6 : 204645 222937 223174 204640 204641 222930 
6 : 217701 230494 115763 217698 115759 115761 
6 : 134495 4736 212594 4717 134486 4731 
6 : 242343 229313 71820 229315 71826 71819 
6 : 242350 201085 242351 201091 258758 201092 
6 : 15896 97374 55972 15880 15878 55948 
6 : 223957 242379 38505 223966 38502 38520 
6 : 103947 8028 232086 8018 103945 8026 
6 : 141924 242388 200000 141933 141922 200017 
6 : 211305 152929 240928 152924 211303 152927 
6 : 242392 242398 142229 253192 142232 142236 
6 : 242303 242421 242423 242306 242308 251760 
6 : 45826 14262 240026 14239 45824 14260 
6 : 163926 242433 242429 163932 163927 242944 
6 : 78459 175635 227865 78452 78457 175632 
6 : 233757 200997 92005 200995 92000 91995 
6 : 242473 240778 196597 240782 196600 196595 
6 : 233325 13027 242506 13025 233328 13030 
6 : 109321 242553 234541 109322 109319 234543 
6 : 158481 198364 74602 158476 74582 74589 
6 : 242131 98000 71204 97998 71202 71180 
6 : 22570 242561 188961 22577 22563 188970 
6 : 150600 95472 242567 95460 150609 95480 
6 : 71671 183564 115451 71664 71656 115438 
6 : 195340 156028 84702 156027 84696 84691 
6 : 42560 242617 236829 42564 42558 236832 
6 : 224536 242613 158404 224537 158403 158405 
6 : 196481 192329 242650 192323 196483 192331 
6 : 198845 242651 242654 198847 198848 257544 
6 : 242653 242223 242652 242233 258135 242230 
6 : 242658 242656 34791 243344 34794 34792 
6 : 180056 229696 136438 180054 136428 136434 
6 : 162701 106909 228507 106894 162697 106904 
6 : 194159 239978 242675 194158 194161 239980 
6 : 242678 59346 242680 59358 263723 59359 
6 : 189768 182468 123533 182462 123522 123520 
6 : 167414 242702 96382 167418 96370 96387 
6 : 187982 151116 211783 151110 187977 151113 
6 : 145782 242753 82116 145788 82099 82125 
6 : 242750 7172 40888 7173 40889 7142 
6 : 193868 120624 242759 120613 193874 120631 
6 : 237125 242758 242755 237131 237126 248759 
6 : 187791 242785 192700 187798 187781 192710 
6 : 214153 150801 242784 150792 214155 150804 
6 : 53273 56320 42210 53259 42187 42189 
6 : 174084 234078 89027 174081 89016 89026 
6 : 83813 195905 198977 83805 83806 195897 
6 : 193795 179294 242799 179284 193796 179296 
6 : 235552 242800 80116 235559 80112 80124 
6 : 242801 113380 157715 113386 157722 113375 
6 : 242822 121335 33375 121338 33378 33362 
6 : 242837 51453 113575 51456 113579 51444 
6 : 170232 8411 163500 8402 163483 8399 
6 : 195746 242883 26799 195750 26786 26806 
6 : 161742 242923 231120 161748 161739 231124 
6 : 236166 19854 156587 19852 156585 19843 
6 : 71424 242526 191066 71423 71416 191065 
6 : 12472 49342 191548 12455 12466 49335 
6 : 155313 242930 136981 155317 136962 136986 
6 : 208382 180238 28706 180233 28700 28692 
6 : 175701 175778 230905 175689 175698 175773 
6 : 73004 162266 212969 72994 73001 162264 
6 : 199104 215537 242954 199102 199106 215538 
6 : 220419 140754 242959 140750 220429 140762 
6 : 230026 160328 105574 160324 105572 105563 
6 : 224435 198007 187308 198001 187305 187297 
6 : 113608 65635 53931 65616 53909 53903 
6 : 168727 133674 243005 133659 168731 133677 
6 : 243006 210264 29045 210272 29053 29036 
6 : 205166 243018 5080 205169 5070 5085 
6 : 1181 243050 184472 1182 1171 184476 
6 : 92229 243054 188279 92232 92224 188291 
6 : 77662 14832 238759 14817 77660 14828 
6 : 182355 151233 243105 151221 182358 151236 
6 : 237074 243113 86462 237083 86456 86469 
6 : 8868 192170 243119 8864 8874 192175 
6 : 122940 138803 233186 122924 122936 138799 
6 : 236257 243142 11301 236262 11298 11304 
6 : 46132 243145 108749 46136 46110 108753 
6 : 138742 167992 243144 138735 138745 167994 
6 : 212851 243146 2710 212858 2702 2715 
6 : 232835 71328 118800 71323 118796 71312 
6 : 243148 226953 188382 226954 188383 188376 
6 : 243179 222329 159578 222339 159591 159571 
6 : 170691 243181 1595 170693 1582 1596 
6 : 243182 20934 243185 20937 248595 20945 
6 : 108851 243186 237768 108852 108849 237771 
6 : 224898 229820 221364 224894 221355 221359 
6 : 236424 101135 207196 101133 207193 101128 
6 : 243193 28671 71885 28672 71889 28649 
6 : 243196 109763 239510 109769 239518 109758 
6 : 213448 132658 95204 132653 95199 95193 
6 : 243222 25601 49217 25605 49225 25581 
6 : 57157 237962 162785 57156 57149 162782 
6 : 143786 213224 169100 143780 143776 169096 
6 : 183125 186434 122624 183120 122617 122618 
6 : 230151 148791 52735 148787 52733 52715 
6 : 239811 230627 243282 230626 239814 230635 
6 : 179046 240139 243315 179044 179049 240144 
6 : 243316 243318 226390 260623 226396 226400 
6 : 32529 174692 222707 32515 32523 174687 
6 : 14185 185500 51099 14175 14167 51088 
6 : 243352 243026 69846 243028 69847 69845 
6 : 101803 157387 243365 101790 101812 157394 
6 : 111619 243363 186952 111629 111610 186958 
6 : 243368 229298 214608 229302 214616 214601 
6 : 19911 243407 68910 19912 19890 68911 
6 : 48696 190163 62657 48691 48682 62649 
6 : 239739 103912 170173 103909 170171 103901 
6 : 189990 243416 243411 189997 189992 247964 
6 : 243412 243415 220155 250237 220156 220159 
6 : 40804 156085 140806 40793 40790 140792 
6 : 167579 243459 223441 167582 167577 223448 
6 : 146471 243464 233360 146476 146468 233372 
6 : 243498 138728 107744 138731 107746 107736 
6 : 70490 243503 6099 70497 6079 6110 
6 : 243501 231858 243505 231865 259337 231868 
6 : 215271 186677 113278 186670 113272 113269 
6 : 243515 216494 241873 216501 241877 216493 
6 : 176743 73237 243532 73227 176744 73238 
6 : 243533 210428 78518 210432 78521 78513 
6 : 195115 6912 15624 6910 15614 6896 
6 : 224059 111887 20375 111881 20372 20355 
6 : 218944 107887 25285 107883 25284 25265 
6 : 243557 243556 205038 256735 205045 205042 
6 : 15369 73896 224661 15345 15363 73890 
6 : 243568 240835 77589 240840 77593 77587 
6 : 61415 180072 56234 61410 56206 56219 
6 : 193689 243605 221435 193691 193685 221439 
6 : 234135 205181 68501 205177 68499 68491 
6 : 9342 243646 243650 9343 9346 254096 
6 : 240313 243645 228566 240316 228564 228570 
6 : 243653 243656 243655 255573 255572 262675 
6 : 243654 231552 4148 231560 4159 4144 
6 : 150845 180153 221436 150836 150842 180149 
6 : 107278 23702 243695 23685 107281 23704 
6 : 29476 101613 193813 29458 29469 101606 
6 : 184974 174860 214664 174851 184969 174856 
6 : 16871 204124 26800 16859 16846 26788 
6 : 215284 165877 13028 165870 13023 13015 
6 : 230996 227734 125329 227731 125324 125321 
6 : 116858 243753 243751 116866 116863 257431 
6 : 243761 206816 243758 206822 256962 206819 
6 : 243794 243798 90469 256510 90472 90479 
6 : 21365 75405 243803 21354 21372 75413 
6 : 196406 243800 236271 196408 196405 236274 
6 : 233281 21239 36201 21238 36197 21217 
6 : 235545 227681 243844 227678 235550 227687 
6 : 15746 243847 54781 15750 15734 54788 
6 : 103834 243465 178818 103833 103823 178817 
6 : 217842 243856 61788 217843 61782 61790 
6 : 71937 207416 220376 71929 71931 207413 
6 : 84649 243873 242692 84655 84648 242695 
6 : 243870 223385 110349 223386 110350 110343 
6 : 163094 239216 234839 163091 163090 234836 
6 : 243881 21501 243882 21505 249345 21506 
6 : 243923 135127 243925 135129 255687 135133 
6 : 64903 214862 176870 64898 64896 176864 
6 : 121675 99519 243952 99499 121686 99528 
6 : 243958 231185 243956 231188 256960 231187 
6 : 137629 123983 73371 123969 73354 73353 
6 : 191592 178796 197645 178785 191588 178787 
6 : 231720 243998 243995 231729 231724 251865 
6 : 244002 167534 173962 167538 173965 167521 
6 : 244005 244006 117236 263850 117245 117246 
6 : 157260 172566 244011 157252 157270 172575 
6 : 210015 244019 244018 210021 210019 260605 
6 : 244041 201449 76802 201452 76809 76794 
6 : 244042 3334 244040 3343 253231 3340 
6 : 134022 215657 244045 134019 134025 215661 
6 : 38419 207714 212702 38416 38417 207710 
6 : 157899 180348 244048 157894 157904 180350 
6 : 173641 79155 244052 79146 173644 79159 
6 : 229235 87974 244055 87970 229242 87979 
6 : 159115 30265 244091 30247 159120 30269 
6 : 81527 39389 244128 39374 81533 39392 
6 : 89290 244131 133332 89298 89276 133344 
6 : 242925 234819 155578 234816 155576 155574 
6 : 244134 60071 244132 60074 245389 60072 
6 : 83958 244218 59792 83965 59768 59800 
6 : 169850 238649 178136 169849 169845 178133 
6 : 240372 244217 233170 240374 233168 233172 
6 : 244219 166688 61579 166699 61593 61568 
6 : 125138 244222 92415 125139 92399 92417 
6 : 244221 244227 243907 246043 243910 243919 
6 : 110865 229299 244229 110862 110868 229303 
6 : 148960 244228 244230 148967 148970 257127 
6 : 190149 89947 231693 89937 190144 89944 
6 : 88340 244237 205296 88347 88336 205307 
6 : 239652 242514 244234 239651 239654 242519 
6 : 158811 244267 169722 158818 158798 169724 
6 : 213545 244271 244274 213550 213553 256945 
6 : 244273 157539 244268 157545 246721 157540 
6 : 244276 81089 51797 81090 51798 51775 
6 : 211604 55322 238917 55313 211602 55319 
6 : 244282 244284 217440 254275 217443 217450 
6 : 244283 244286 75617 261506 75624 75630 
6 : 175360 235622 233019 175359 175358 233016 
6 : 206472 38771 244330 38766 206483 38784 
6 : 239979 122625 244326 122623 239985 122633 
6 : 18099 143592 152718 18077 18079 143573 
6 : 244337 244335 244339 247710 257787 247715 
6 : 244357 41342 234005 41343 234006 41338 
6 : 102832 224848 244364 102829 102842 224856 
6 : 112204 244361 129585 112206 112191 129587 
6 : 176928 244394 244393 176936 176934 263972 
6 : 240064 202437 244388 202436 240065 202439 
6 : 141619 110657 244395 110645 141620 110658 
6 : 184258 244398 155963 184266 155951 155974 
6 : 219637 219767 210680 219634 210673 210674 
6 : 124071 215777 206775 124066 124062 206769 
6 : 238791 167282 215168 167278 215165 167274 
6 : 244451 227545 169904 227548 169910 169898 
6 : 244452 117827 106340 117831 106342 106318 
6 : 230202 237176 179592 230200 179586 179588 
6 : 41006 126218 244479 40990 41008 126219 
6 : 161700 179616 143 161690 128 131 
6 : 143529 27634 244516 27624 143531 27640 
6 : 144233 198029 244532 144222 144241 198037 
6 : 68727 64689 75744 64668 68708 64670 
6 : 244553 189852 244552 189857 250131 189853 
6 : 101583 224393 135061 101578 101572 135055 
6 : 78708 228543 153691 78704 78700 153687 
6 : 244595 244277 244592 244280 248245 244278 
6 : 216591 244598 244600 216597 216599 260694 
6 : 138589 59871 244630 59854 138592 59879 
6 : 244628 97171 135019 97175 135022 97162 
6 : 91380 125268 234946 91368 91379 125266 
6 : 244674 28959 220560 28960 220563 28957 
6 : 244676 12394 95232 12399 95241 12379 
6 : 29276 122726 244681 29262 29278 122728 
6 : 118407 64862 15049 64847 15036 15032 
6 : 244683 44245 9785 44252 9793 9772 
6 : 99489 165246 112853 99477 99470 112839 
6 : 240008 45144 244687 45142 240010 45146 
6 : 20194 159150 244691 20181 20197 159151 
6 : 164566 168293 244719 164554 164567 168296 
6 : 232016 244718 214332 232018 214325 214335 
6 : 218979 74468 239749 74463 218977 74467 
6 : 244765 112895 244771 112896 245062 112905 
6 : 230099 227744 159958 227743 159954 159952 
6 : 244784 14447 176420 14450 176421 14437 
6 : 244808 50952 72945 50960 72954 50936 
6 : 244811 152930 182597 152938 182607 152919 
6 : 74645 57518 41629 57504 41606 41604 
6 : 160813 244824 131554 160821 131541 131565 
6 : 125196 244843 186694 125202 125190 186697 
6 : 226581 154584 197988 154582 197984 154577 
6 : 232251 234144 169773 232248 169769 169771 
6 : 244846 188018 244848 188019 245456 188028 
6 : 243239 38772 75374 38770 75373 38755 
6 : 194355 237147 244867 194352 194358 237150 
6 : 210982 239232 5434 210980 5427 5431 
6 : 228615 244926 125638 228622 125633 125647 
6 : 182485 153415 47372 153405 47361 47356 
6 : 183045 244932 96491 183055 96480 96502 
6 : 244930 155337 213771 155344 213779 155329 
6 : 165126 157081 241942 157069 165123 157080 
6 : 6655 158834 244970 6645 6661 158839 
6 : 88042 36202 210132 36183 88035 36193 
6 : 220012 243805 240384 220011 220010 240383 
6 : 71087 201102 60757 71083 60731 60750 
6 : 59291 80877 244986 59273 59295 80882 
6 : 244979 237530 104372 237529 104371 104369 
6 : 245013 221539 151990 221552 151997 151985 
6 : 187072 85947 224117 85936 187068 85941 
6 : 191517 233597 245015 191513 191518 233601 
6 : 112805 27949 245020 27936 112808 27954 
6 : 59004 93187 245055 58990 59013 93193 
6 : 79194 118195 127881 79182 79185 118182 
6 : 181548 245057 210701 181549 181546 210702 
6 : 226963 170630 88149 170623 88143 88135 
6 : 95966 245096 211678 95968 95962 211682 
6 : 245099 165811 170651 165813 170654 165797 
6 : 111596 126156 38886 111588 38870 38873 
6 : 245108 110227 147248 110236 147259 110213 
6 : 202209 245114 76589 202212 76574 76599 
6 : 106310 216353 175779 106302 106296 175770 
6 : 212443 97143 211043 97131 211032 97129 
6 : 225400 245138 245137 225402 225401 245817 
6 : 175098 203588 89465 175092 89450 89455 
6 : 245142 245140 232036 249390 232038 232037 
6 : 245175 233620 54196 233625 54202 54193 
6 : 211437 68728 159681 68718 159672 68714 
6 : 145983 201598 70103 145975 70087 70095 
6 : 184790 245227 156294 184792 156284 156297 
6 : 45303 245229 196239 45304 45298 196240 
6 : 214879 163944 147948 163938 147943 147940 
6 : 59522 244070 245244 59520 59524 244072 
6 : 245280 108383 97610 108390 97614 97591 
6 : 92136 245283 111888 92141 92120 111895 
6 : 111341 96633 226722 96614 111340 96630 
6 : 89108 92137 226723 89096 89104 92131 
6 : 89832 245286 225584 89837 89828 225591 
6 : 202857 245317 245319 202860 202861 261081 
6 : 141725 245322 96384 141727 96365 96386 
6 : 245324 98824 84100 98830 84107 84084 
6 : 245326 161502 245331 161505 256984 161510 
6 : 139703 89948 110564 89933 110547 89929 
6 : 245359 245360 19137 264223 19140 19141 
6 : 84362 238231 72771 84360 72749 72768 
6 : 245192 21346 180721 21345 180720 21335 
6 : 163543 2468 230665 2456 163541 2464 
6 : 241585 179525 245369 179524 241587 179526 
6 : 64064 245414 145581 64069 64054 145591 
6 : 173101 245411 229605 173109 173098 229615 
6 : 159481 205376 245442 159469 159485 205380 
6 : 114441 218777 19320 114435 19304 19313 
6 : 138393 72734 187223 72722 138385 72728 
6 : 245450 237137 242224 237141 242228 237135 
6 : 75326 152478 233923 75315 75324 152476 
6 : 121036 37864 245459 37850 121039 37870 
6 : 2645 134374 240199 2627 2643 134373 
6 : 129805 235105 157581 129800 129791 157578 
6 : 91584 237552 89736 91580 89704 89729 
6 : 39011 133779 149085 38997 38998 133765 
6 : 33485 245524 197573 33488 33480 197576 
6 : 90441 245523 159579 90442 90433 159580 
6 : 144709 92518 20835 92508 20820 20816 
6 : 87906 218045 144031 87903 87895 144025 
6 : 130727 152261 213313 130714 130722 152258 
6 : 229180 155359 124982 155356 124978 124966 
6 : 245530 115638 181855 115640 181857 115632 
6 : 86130 163463 245562 86122 86134 163465 
6 : 171075 147446 245566 147430 171077 147447 
6 : 162218 180173 12907 162208 12892 12894 
6 : 174514 235231 78384 174513 78367 78380 
6 : 210459 116949 245604 116944 210461 116952 
6 : 226033 195890 160272 195885 160266 160261 
6 : 245624 245620 205232 254992 205240 205236 
6 : 129865 103492 245628 103472 129868 103495 
6 : 90845 209761 139205 90840 90837 139198 
6 : 98265 141097 99738 98249 98244 99721 
6 : 175361 245667 151365 175365 151354 151373 
6 : 242095 77473 233020 77471 233018 77468 
6 : 233224 53369 161329 53367 161326 53355 
6 : 32796 63459 193815 32779 32790 63453 
6 : 245682 228488 55692 228491 55696 55689 
6 : 10334 245691 245694 10335 10337 257807 
6 : 206094 245695 245693 206099 206097 259032 
6 : 13283 227650 237913 13279 13282 227649 
6 : 3381 46275 245258 3367 3380 46274 
6 : 105678 61559 197788 61535 105676 61551 
6 : 196042 132845 101641 132840 101635 101628 
6 : 120733 245731 11749 120741 11729 11760 
6 : 85755 235974 69325 85753 69301 69322 
6 : 245755 199837 147160 199841 147163 147147 
6 : 245760 68010 243909 68012 243912 68009 
6 : 110161 218529 109027 110152 109011 109021 
6 : 245791 217050 18834 217055 18837 18826 
6 : 245794 245797 77359 256469 77362 77365 
6 : 195891 245829 44152 195894 44142 44159 
6 : 217074 172416 99281 172408 99272 99264 
6 : 231244 193980 46189 193976 46185 46177 
6 : 17614 245830 222077 17615 17609 222079 
6 : 245834 95967 245833 95971 253752 95970 
6 : 188257 245845 6872 188263 6864 6882 
6 : 245843 245418 111857 245424 111865 111856 
6 : 51602 135638 163501 51590 51593 135622 
6 : 153510 195246 245884 153504 153518 195254 
6 : 223177 204126 245882 204118 223184 204137 
6 : 245881 162197 245428 162199 245429 162196 
6 : 169174 245886 72144 169179 72132 72151 
6 : 103663 226979 245888 103660 103665 226980 
6 : 47422 74037 223928 47408 47420 74029 
6 : 245901 206757 188612 206761 188617 188606 
6 : 245917 87456 146113 87462 146117 87440 
6 : 188763 245921 112854 188765 112842 112859 
6 : 245923 144623 241990 144625 241992 144621 
6 : 131555 245971 245964 131566 131558 252523 
6 : 245968 245965 214408 253837 214411 214409 
6 : 154585 10687 87102 10674 87086 10668 
6 : 229254 245995 245997 229258 229259 259953 
6 : 50036 246000 122577 50038 50030 122578 
6 : 113522 241052 171216 113521 113516 171214 
6 : 232662 54088 246001 54086 232670 54101 
6 : 185563 36111 76022 36104 76012 36092 
6 : 246037 246031 54817 252282 54829 54821 
6 : 241633 53684 95000 53681 94995 53662 
6 : 246045 216333 76436 216336 76437 76428 
6 : 246083 179735 198389 179737 198392 179721 
6 : 83310 237209 246086 83309 83311 237211 
6 : 208938 45900 57843 45891 57836 45871 
6 : 246092 136306 246095 136309 249872 136311 
6 : 243066 246125 156445 243075 156443 156447 
6 : 246123 127639 42300 127643 42304 42286 
6 : 127093 15948 73756 15937 73738 15935 
6 : 246133 246128 167845 253450 167858 167849 
6 : 58193 219192 241874 58187 58191 219191 
6 : 246202 144141 210953 144149 210964 144132 
6 : 148885 24891 37134 24880 37114 24870 
6 : 246206 94221 141884 94222 141886 94208 
6 : 37491 246211 240798 37498 37489 240808 
6 : 125482 78732 138091 78718 125474 78720 
6 : 96086 69375 63000 69361 62989 62983 
6 : 228311 226431 200382 226428 200377 200375 
6 : 141226 209247 246250 141223 141227 209248 
6 : 246251 89905 246249 89909 247700 89906 
6 : 231050 41007 149399 41001 149396 40994 
6 : 170426 144883 176312 144878 170420 144880 
6 : 223417 211405 53057 211401 53053 53050 
6 : 215891 99833 226864 99830 215888 99831 
6 : 246341 246333 246342 249260 261163 249261 
6 : 224966 202127 78253 202123 78249 78246 
6 : 179527 211925 106910 179521 106898 106901 
6 : 246417 102242 162313 102254 162325 102228 
6 : 246418 96492 186696 96500 186704 96481 
6 : 111621 246419 234881 111622 111616 234882 
6 : 120445 34987 214522 34977 120442 34984 
6 : 237797 63822 91631 63821 91628 63806 
6 : 246424 246425 133985 247833 133987 133988 
6 : 246434 24333 246432 24337 255910 24334 
6 : 246458 199700 218445 199702 218447 199695 
6 : 133919 1713 190526 1699 133913 1704 
6 : 47205 246489 31414 47212 31392 31421 
6 : 145226 246504 184736 145235 145221 184752 
6 : 246508 86236 246506 86242 262270 86239 
6 : 246510 230259 246507 230266 262750 230262 
6 : 246516 148684 28709 148691 28714 28686 
6 : 143541 85783 179461 85769 143537 85774 
6 : 176757 210563 246551 176751 176758 210564 
6 : 195926 246559 179193 195935 179188 179203 
6 : 228396 246557 125093 228400 125089 125098 
6 : 124559 246602 151454 124566 124549 151460 
6 : 246647 58491 121815 58492 121816 58475 
6 : 208597 240799 220823 208595 208590 220819 
6 : 246661 154836 242986 154841 242995 154833 
6 : 150903 201087 233106 150899 150902 201082 
6 : 231591 194841 245078 194837 231589 194840 
6 : 246691 246688 246690 259738 260404 259735 
6 : 110866 48664 219675 48653 110860 48658 
6 : 232836 246744 234276 232844 232834 234280 
6 : 246741 209354 108751 209356 108752 108740 
6 : 246742 96871 166906 96874 166911 96858 
6 : 113430 243982 246751 113429 113439 243989 
6 : 8620 86191 111262 8595 8597 86169 
6 : 214384 246778 218330 214386 214373 218333 
6 : 245143 12908 246782 12906 245146 12914 
6 : 185121 67610 80118 67599 80107 67594 
6 : 230830 242134 25130 230829 25126 25128 
6 : 79837 160628 218660 79824 79831 160625 
6 : 111096 246811 164887 111097 111086 164888 
6 : 215022 246812 150731 215027 150722 150738 
6 : 218848 246815 158031 218852 158023 158035 
6 : 246816 130984 93498 130989 93502 93479 
6 : 164859 246822 139388 164867 139370 139393 
6 : 246820 246819 246825 250154 250874 250166 
6 : 246826 246823 243682 261832 243694 243692 
6 : 246828 52876 24657 52879 24659 24631 
6 : 225751 170078 161037 170073 161030 161020 
6 : 241244 245502 213507 241243 213505 213506 
6 : 246889 246888 125766 251861 125772 125768 
6 : 246890 178798 246886 178805 248160 178799 
6 : 213873 18983 98042 18980 98038 18970 
6 : 246923 246924 48496 253870 48499 48500 
6 : 65208 198700 146550 65195 65192 146541 
6 : 153787 246944 146326 153790 146312 146331 
6 : 143065 218647 119262 143062 119242 119258 
6 : 246977 246979 158432 252728 158435 158439 
6 : 8975 236325 112485 8974 8966 112484 
6 : 88846 144624 157607 88836 88837 144613 
6 : 154247 247003 247004 154250 154251 249926 
6 : 112184 189974 175611 112179 112176 175601 
6 : 245607 37799 201451 37798 201450 37791 
6 : 247048 195533 192856 195538 192861 192846 
6 : 235535 37098 181774 37095 181767 37084 
6 : 247087 203292 99401 203300 99410 99393 
6 : 247091 125173 247096 125177 260243 125182 
6 : 26078 143743 139727 26070 26069 139710 
6 : 151816 112374 226865 112364 151813 112370 
6 : 159909 186931 247101 159902 159914 186938 
6 : 169757 3268 247097 3258 169758 3269 
6 : 247109 188166 183748 188170 183758 183737 
6 : 152072 47373 17313 47354 17297 17288 
6 : 247131 216179 247133 216189 263423 216191 
6 : 200327 145671 244303 145658 200325 145669 
6 : 31054 130591 244159 31040 31053 130590 
6 : 223855 107537 204583 107533 204574 107531 
6 : 236403 204415 247140 204411 236408 204422 
6 : 57087 131637 247146 57077 57093 131644 
6 : 247170 189350 63056 189355 63065 63049 
6 : 164430 247171 247173 164431 164434 258176 
6 : 195192 225585 111890 195190 111874 111882 
6 : 227977 150189 187147 150184 187141 150176 
6 : 234751 56550 188358 56546 188355 56538 
6 : 247177 247174 230735 254817 230745 230738 
6 : 211 216824 237036 204 208 216823 
6 : 167465 21742 157716 21727 157699 21725 
6 : 247201 239857 169324 239864 169332 169322 
6 : 42444 30372 193171 30351 42439 30364 
6 : 121885 145646 146928 121876 121877 145634 
6 : 212522 189695 190805 189689 190797 189685 
6 : 103407 64469 64863 64461 64846 64459 
6 : 247208 213822 247206 213826 251170 213824 
6 : 247210 247207 247209 251283 261754 251279 
6 : 179413 187813 21743 179405 21729 21732 
6 : 247244 95096 247246 95100 260573 95103 
6 : 247259 225824 247260 225832 261440 225835 
6 : 76381 246471 5939 76380 5918 5938 
6 : 103931 38146 28128 38130 28108 28099 
6 : 247282 208408 74204 208413 74207 74195 
6 : 74778 45117 247287 45096 74780 45119 
6 : 100721 247288 108000 100724 100707 108004 
6 : 33406 51632 106082 33390 33394 51613 
6 : 156871 200163 247290 156864 156872 200165 
6 : 238740 52764 221540 52762 221538 52757 
6 : 247321 247326 247325 250020 250019 261583 
6 : 227651 63556 212010 63554 212006 63549 
6 : 247333 33878 194416 33885 194425 33870 
6 : 213151 247339 220576 213157 213145 220585 
6 : 247353 247357 191772 249021 191773 191780 
6 : 209721 247369 163313 209725 163307 163319 
6 : 247366 145985 164281 145987 164285 145971 
6 : 203204 247373 112512 203208 112503 112517 
6 : 247383 89663 153613 89669 153620 89652 
6 : 17761 200628 247415 17757 17767 200634 
6 : 247416 62756 208608 62763 208614 62751 
6 : 226356 159437 186771 159433 186769 159426 
6 : 247440 227928 247436 227938 256003 227933 
6 : 103815 142910 198237 103800 103806 142902 
6 : 243538 247468 222285 243540 222282 222287 
6 : 247469 245162 148478 245165 148482 148476 
6 : 224337 183907 247475 183899 224341 183912 
6 : 75328 42239 212469 42220 75321 42231 
6 : 209184 247509 219676 209188 209179 219688 
6 : 247505 247504 235613 256293 235617 235615 
6 : 247513 247514 128746 249139 128748 128753 
6 : 210599 235602 126717 210597 126713 126715 
6 : 247527 181657 165070 181662 165073 165055 
6 : 234326 147161 244377 147155 234323 147159 
6 : 41672 200424 69327 41666 41659 69313 
6 : 199428 229742 222378 199423 199422 222371 
6 : 112806 192761 113335 112801 112795 113327 
6 : 201833 113409 247573 113398 201837 113414 
6 : 247570 247574 163285 255956 163288 163294 
6 : 247571 116407 222902 116410 222912 116399 
6 : 123959 3952 208625 3938 123952 3949 
6 : 126695 78051 247579 78038 126702 78056 
6 : 113184 192330 228263 113175 113181 192327 
6 : 207044 163772 78387 163769 78371 78366 
6 : 50302 31703 72488 31678 50283 31681 
6 : 175890 202766 17514 175883 17499 17507 
6 : 185033 35157 56690 35150 56682 35137 
6 : 40855 190856 196175 40847 40850 190848 
6 : 211681 170653 138772 170644 138761 138753 
6 : 245095 55798 72408 55796 72405 55776 
6 : 185214 239485 118362 185211 118351 118360 
6 : 201064 217735 17202 201057 17192 17197 
6 : 87039 169298 224119 87028 87034 169295 
6 : 61965 121228 244255 61950 61962 121227 
6 : 204030 161702 86329 161692 86319 86315 
6 : 247677 147 237448 150 237456 140 
6 : 228500 196746 120367 196741 120363 120361 
6 : 112076 159719 247684 112064 112079 159724 
6 : 82008 211177 8773 82002 8751 8768 
6 : 129637 233348 247728 129635 129642 233354 
6 : 162104 247552 181415 162103 162093 181414 
6 : 117547 167625 224468 117536 117541 167618 
6 : 237423 247763 247764 237425 237430 255543 
6 : 158316 92058 247770 92046 158323 92064 
6 : 163158 244904 66545 163157 66528 66543 
6 : 235439 87951 105133 87948 105130 87930 
6 : 247810 60182 62782 60185 62785 60163 
6 : 204831 247816 59087 204837 59076 59090 
6 : 239745 114831 106813 114829 106812 106799 
6 : 213055 247843 174650 213059 174642 174652 
6 : 188403 129830 120679 129821 120667 120662 
6 : 247850 246212 219149 246218 219159 219148 
6 : 110538 90215 247861 90201 110539 90216 
6 : 159102 117804 242528 117789 159099 117800 
6 : 247884 119564 192833 119565 192834 119557 
6 : 150918 82089 39931 82077 39922 39916 
6 : 247899 155013 35045 155015 35048 35029 
6 : 197989 87103 247904 87091 197996 87108 
6 : 185215 247929 219493 185222 185208 219501 
6 : 247954 131095 202802 131104 202813 131086 
6 : 247971 247968 219068 257796 219076 219072 
6 : 98201 247973 120298 98203 98188 120301 
6 : 173626 192048 208695 173614 173619 192041 
6 : 101805 248008 245163 101808 101804 245167 
6 : 232166 103816 227736 103810 227733 103808 
6 : 248015 46364 211763 46369 211769 46358 
6 : 122462 238151 248021 122461 122467 238157 
6 : 190675 151784 211126 151773 190668 151777 
6 : 218918 206200 19729 206193 19722 19719 
6 : 187251 209810 248077 187249 187253 209812 
6 : 152227 99149 222581 99136 152221 99143 
6 : 248123 248124 203571 254467 203573 203575 
6 : 248127 248129 228509 254496 228512 228519 
6 : 248162 20072 15051 20074 15053 15024 
6 : 146889 85784 234725 85770 146885 85780 
6 : 244866 237350 248166 237348 244870 237357 
6 : 179220 38773 110705 38764 110698 38760 
6 : 99490 117699 235343 99471 99485 117695 
6 : 6347 181840 245576 6337 6346 181839 
6 : 218031 131389 159482 131382 159472 131371 
6 : 242298 101446 69041 101445 69038 69020 
6 : 92621 113155 87457 92609 87433 87437 
6 : 119420 173541 89029 119414 89010 89015 
6 : 248203 248208 136647 250286 136648 136650 
6 : 248204 66927 188614 66928 188615 66917 
6 : 4223 248238 243683 4226 4221 243693 
6 : 175486 167626 139390 167612 139373 139371 
6 : 46158 186628 248254 46148 46163 186634 
6 : 205600 28275 243171 28262 205598 28271 
6 : 220602 248267 248271 220605 220608 259765 
6 : 245963 248268 123074 245969 123073 123086 
6 : 198133 248272 190889 198134 190884 190894 
6 : 112357 188020 233551 112343 112352 188014 
6 : 166673 169777 99150 166657 99137 99138 
6 : 68270 245208 132707 68269 68259 132706 
6 : 37099 226785 98391 37092 37080 98383 
6 : 248338 248340 35702 249055 35703 35706 
6 : 71330 201580 248366 71320 71334 201587 
6 : 248390 73205 241464 73212 241471 73202 
6 : 248391 51204 136772 51214 136781 51185 
6 : 221045 235272 246380 221039 221043 235269 
6 : 125174 37407 713 37395 700 693 
6 : 204626 248447 248450 204634 204636 262906 
6 : 248442 248443 233298 257412 233303 233305 
6 : 48465 8127 97503 8103 48456 8107 
6 : 248452 32258 96842 32262 96846 32245 
6 : 248453 248451 248454 260200 260622 260203 
6 : 243880 246109 9413 243879 9406 9410 
6 : 213570 83882 233299 83872 213567 83879 
6 : 90559 22330 168411 22311 90549 22319 
6 : 216366 59901 168583 59896 168576 59889 
6 : 176181 245145 230752 176180 176178 230751 
6 : 172959 238852 241944 172957 172958 238848 
6 : 248016 244940 248516 244939 248020 244945 
6 : 64108 228397 214055 64106 64104 214050 
6 : 220681 78848 82753 78841 82746 78831 
6 : 248522 248524 239763 263547 239769 239771 
6 : 207016 248548 23549 207020 23539 23556 
6 : 58 114376 205459 44 52 114369 
6 : 211842 197849 248550 197844 211846 197855 
6 : 63903 229091 166882 63899 63895 166875 
6 : 144885 248563 103242 144888 103230 103251 
6 : 177205 164385 248596 164375 177209 164394 
6 : 215951 155112 64293 155104 64284 64271 
6 : 218237 29621 227447 29616 218232 29619 
6 : 248602 248600 248603 249572 251200 249573 
6 : 134722 148588 65309 134707 65287 65291 
6 : 248639 248637 248636 263343 257136 257134 
6 : 248643 97324 153735 97327 153739 97309 
6 : 248647 248642 248646 255939 262546 255936 
6 : 189419 248649 248652 189422 189426 253545 
6 : 49869 132680 185384 49860 49863 132673 
6 : 248689 248695 248688 253286 249994 250005 
6 : 166945 248699 248704 166949 166952 259639 
6 : 248698 204127 248696 204130 249881 204128 
6 : 97819 80973 227745 80955 97813 80970 
6 : 248730 248731 77737 251779 77739 77746 
6 : 20774 203698 239161 20766 20771 203696 
6 : 248733 312 238763 313 238765 310 
6 : 68729 248765 81617 68730 68709 81618 
6 : 114319 209687 242490 114310 114317 209685 
6 : 230557 220726 230839 220723 230555 220724 
6 : 111744 88784 163013 88762 111729 88771 
6 : 207605 239312 200385 207603 200372 200381 
6 : 133049 169301 89870 133041 89847 89855 
6 : 248795 77565 138561 77568 138567 77555 
6 : 248801 248797 68215 259394 68225 68220 
6 : 248807 214245 225952 214257 225958 214238 
6 : 248843 248837 248835 253439 250175 250169 
6 : 102377 150601 248871 102367 102379 150602 
6 : 111235 213586 165713 111230 111225 165708 
6 : 232413 220562 69815 220557 69810 69805 
6 : 248876 180328 134075 180331 134081 134064 
6 : 191594 28397 248887 28387 191605 28405 
6 : 51875 20993 248892 20972 51884 20999 
6 : 248925 248922 248921 258577 256922 256916 
6 : 164654 59902 235709 59888 164651 59898 
6 : 248954 218429 248955 218435 259263 218438 
6 : 248969 248968 225145 263811 225151 225150 
6 : 169960 115101 127211 115089 127193 115083 
6 : 248134 155384 249001 155383 248138 155389 
6 : 172009 88396 102834 88384 102822 88378 
6 : 132921 85707 244792 85691 132920 85706 
6 : 90471 249047 154110 90478 90453 154121 
6 : 211354 180009 241257 180001 211351 180007 
6 : 165142 92309 124146 92303 124133 92300 
6 : 103336 244958 153344 103335 103325 153342 
6 : 196137 249076 249074 196139 196138 251023 
6 : 85242 155014 11478 85234 11457 11462 
6 : 18482 249086 202228 18485 18477 202238 
6 : 159314 231064 187941 159309 159300 187934 
6 : 148743 249117 249120 148746 148751 253989 
6 : 237572 103545 142337 103544 142331 103534 
6 : 249127 248248 249123 248256 259945 248250 
6 : 249149 249147 49218 261491 49231 49228 
6 : 167416 16810 152092 16801 152086 16797 
6 : 249158 115073 246406 115082 246413 115071 
6 : 231905 45039 218184 45036 218179 45033 
6 : 152262 164134 58271 152253 58257 58258 
6 : 6783 163457 205421 6770 6777 163449 
6 : 26737 180967 249203 26725 26740 180972 
6 : 140864 212704 249204 140858 140865 212705 
6 : 80689 192171 249235 80684 80692 192174 
6 : 120573 238527 136773 120569 120560 136769 
6 : 249237 149686 84285 149692 84294 84268 
6 : 12996 222170 218331 12993 12991 218324 
6 : 249253 175308 73632 175312 73634 73618 
6 : 93040 187645 178899 93033 93030 178889 
6 : 243808 159785 141436 159780 141433 141420 
6 : 246981 107137 243736 107134 243732 107131 
6 : 113307 243549 144864 113303 113290 144861 
6 : 204565 249312 173000 204570 172987 173007 
6 : 4051 242682 249313 4049 4052 242685 
6 : 106385 22003 38147 21989 38131 21985 
6 : 87399 142433 249320 87391 87404 142437 
6 : 72794 249353 108267 72797 72777 108269 
6 : 75972 181146 249356 75962 75973 181154 
6 : 145021 195213 249360 145014 145022 195214 
6 : 249363 249367 23232 260780 23237 23242 
6 : 227091 22196 249395 22189 227093 22199 
6 : 249394 249396 2342 251776 2343 2347 
6 : 18795 249400 174452 18801 18785 174458 
6 : 249398 10217 144032 10222 144040 10208 
6 : 73965 175309 239455 73956 73961 175305 
6 : 113506 24450 114744 24434 113492 24435 
6 : 249408 52171 249407 52175 250337 52172 
6 : 173885 249442 249443 173890 173893 262815 
6 : 235393 249472 67789 235396 67786 67792 
6 : 156661 112132 185066 112115 156655 112122 
6 : 211911 129718 249475 129710 211912 129719 
6 : 50130 249483 18395 50137 18372 18407 
6 : 55010 249506 70860 55017 54996 70865 
6 : 28371 222842 27824 28366 27796 27818 
6 : 212106 201890 199685 201879 199678 199677 
6 : 222101 240015 249547 222098 222103 240018 
6 : 187794 14119 217597 14103 187783 14108 
6 : 201329 245712 232356 201328 201324 232355 
6 : 229743 178900 95764 178894 95761 95754 
6 : 86528 109244 166909 86517 86521 109237 
6 : 161885 231375 249600 161881 161889 231381 
6 : 249595 249592 182722 255321 182729 182725 
6 : 243067 221491 194843 221488 194839 194835 
6 : 91051 159653 58548 91044 58525 58532 
6 : 195341 125718 154932 125713 154925 125707 
6 : 249627 183611 248852 183617 248857 183610 
6 : 246334 224194 75351 224193 75349 75341 
6 : 249657 249659 50673 257990 50675 50681 
6 : 211438 30373 249663 30365 211445 30381 
6 : 249660 9378 231349 9379 231350 9374 
6 : 164365 249670 195504 164372 164361 195509 
6 : 249666 123105 210217 123107 210218 123099 
6 : 249668 88611 104640 88614 104643 88596 
6 : 249675 249678 213300 256146 213305 213307 
6 : 242347 114161 23106 114160 23103 23089 
6 : 249697 210553 238711 210556 238724 210552 
6 : 242021 173491 55559 173489 55554 55534 
6 : 125333 80238 229103 80217 125322 80233 
6 : 20639 249732 127672 20641 20624 127675 
6 : 66480 96460 178639 66462 66468 96449 
6 : 98433 98485 249734 98421 98438 98490 
6 : 224262 249738 245907 224266 224261 245914 
6 : 249740 234148 234772 234150 234774 234143 
6 : 124796 141944 249777 124782 124800 141948 
6 : 230770 37100 249776 37094 230777 37104 
6 : 73146 213906 249783 73142 73158 213915 
6 : 158560 249784 249782 158568 158565 259284 
6 : 166070 216827 169327 166062 166054 169316 
6 : 193007 221088 77738 193000 77727 77731 
6 : 199972 98044 49950 98034 49939 49928 
6 : 215199 123314 154315 123304 154306 123293 
6 : 191002 247682 109635 191001 109622 109634 
6 : 131293 163269 111212 131283 111196 111200 
6 : 99590 78754 235821 78739 99588 78750 
6 : 233225 182102 134845 182098 134841 134830 
6 : 215090 226202 249939 215085 215096 226208 
6 : 5476 14702 249943 5456 5478 14704 
6 : 107538 249960 249954 107544 107541 257162 
6 : 249978 239404 148172 239407 148175 148168 
6 : 79235 166163 100383 79224 79218 100364 
6 : 131622 245535 145903 131621 131609 145901 
6 : 27029 234840 242324 27024 27025 234838 
6 : 203713 94870 81882 94857 81870 81859 
6 : 83418 250011 43822 83420 43800 43825 
6 : 179911 42909 250012 42896 179916 42912 
6 : 212654 29136 38816 29126 38806 29109 
6 : 162470 250014 250018 162472 162476 256833 
6 : 250027 30232 232136 30235 232140 30226 
6 : 173054 22099 250049 22088 173060 22106 
6 : 195193 150074 211022 150066 195188 150068 
6 : 7745 27483 219286 7723 7740 27480 
6 : 111968 74982 200254 74963 111963 74972 
6 : 234641 159352 200695 159347 200691 159340 
6 : 142526 180859 250090 142515 142532 180865 
6 : 250088 47069 157609 47071 157611 47054 
6 : 222379 31539 69328 31529 69319 31514 
6 : 248724 250113 228769 248729 228768 228774 
6 : 163390 250118 183679 163394 163380 183683 
6 : 217497 250117 9258 217502 9256 9262 
6 : 250142 250145 250148 260244 260245 262196 
6 : 215061 133936 75787 133927 75776 75762 
6 : 223021 216809 250149 216805 223023 216811 
6 : 47614 2557 246453 2535 47613 2554 
6 : 125414 168314 86553 125403 86539 86545 
6 : 52901 128492 250226 52888 52910 128497 
6 : 62202 165297 250232 62194 62211 165302 
6 : 230321 205133 198654 205131 198651 198647 
6 : 224164 250233 231988 224165 224159 231990 
6 : 250263 47479 784 47485 795 763 
6 : 151817 227338 15205 151814 15189 15200 
6 : 51855 119453 170194 51839 51842 119439 
6 : 83042 250304 250302 83045 83043 251713 
6 : 211807 235556 247829 211804 211806 235554 
6 : 190150 114162 250309 114146 190152 114167 
6 : 250346 61129 176315 61136 176323 61121 
6 : 250348 248615 226806 248626 226812 226805 
6 : 250352 239804 143594 239806 143596 143589 
6 : 250354 18100 150733 18109 150741 18078 
6 : 124680 210340 236433 124672 124678 210338 
6 : 148132 250358 173310 148133 148117 173311 
6 : 155314 19282 156367 19265 155302 19266 
6 : 190839 56467 191549 56460 190834 56461 
6 : 238563 213097 250362 213091 238564 213099 
6 : 27979 225085 250390 27972 27984 225089 
6 : 250389 187814 233245 187818 233253 187809 
6 : 235219 191944 78484 191942 78481 78475 
6 : 250432 178228 167382 178239 167391 167362 
6 : 250436 183819 49810 183821 49814 49794 
6 : 250443 209011 86945 209019 86949 86934 
6 : 236959 93212 243089 93209 236956 93210 
6 : 147826 132331 250472 132320 147828 132332 
6 : 197358 169193 164545 169182 164534 164531 
6 : 41519 158709 250478 41507 41523 158712 
6 : 225963 200887 143815 200880 143806 143800 
6 : 163987 250498 250500 163988 163990 255845 
6 : 236874 102807 83009 102805 83004 82989 
6 : 143127 42172 221974 42156 143122 42165 
6 : 154231 250509 85836 154239 85821 85843 
6 : 193703 188092 28711 188082 28696 28694 
6 : 250523 222023 79559 222024 79560 79553 
6 : 115543 216885 250544 115536 115545 216886 
6 : 183788 250549 231746 183791 183785 231751 
6 : 250550 81583 243390 81586 243393 81577 
6 : 250558 201280 229608 201281 229609 201273 
6 : 249048 228293 82646 228291 82645 82641 
6 : 182776 203244 221246 182769 182770 203236 
6 : 153171 250620 50466 153174 50454 50473 
6 : 237987 172296 250619 172293 237988 172298 
6 : 250624 24373 222724 24376 222731 24367 
6 : 215074 154725 234753 154714 215070 154721 
6 : 115405 186545 140883 115398 115393 140871 
6 : 243331 188781 107568 188780 107566 107555 
6 : 250658 114377 246022 114383 246030 114375 
6 : 241862 176951 243634 176948 241861 176949 
6 : 37997 247186 228107 37996 37993 228106 
6 : 55748 241153 250711 55746 55751 241154 
6 : 122851 129922 242642 122834 122848 129918 
6 : 250726 250727 250729 251116 251122 255583 
6 : 34762 181658 222078 34750 34756 181651 
6 : 100352 223227 111769 100348 100339 111765 
6 : 250776 232499 250772 232507 253801 232502 
6 : 250777 94752 250780 94754 251295 94757 
6 : 232388 238706 93885 232385 93878 93880 
6 : 220069 185385 170268 185379 170261 170258 
6 : 250849 117505 202373 117510 202381 117500 
6 : 188915 140466 212669 140458 188912 140462 
6 : 77591 153529 6261 77574 6239 6244 
6 : 250865 250868 250863 253247 252630 252635 
6 : 250884 65637 186716 65640 186721 65623 
6 : 250886 250887 250889 262992 262993 263827 
6 : 250890 216054 192446 216063 192454 192439 
6 : 65270 214794 198100 65265 65261 198089 
6 : 88219 185901 250892 88214 88224 185904 
6 : 250894 250893 5610 263158 5620 5618 
6 : 247354 73148 250932 73145 247355 73149 
6 : 250935 42667 250938 42671 258737 42674 
6 : 216033 250943 93441 216035 93432 93443 
6 : 243974 11260 247664 11256 243972 11259 
6 : 218970 250962 196504 218973 196499 196508 
6 : 7613 204945 246178 7607 7611 204943 
6 : 236006 203034 251001 203031 236010 203037 
6 : 231941 236724 176040 231937 176035 176036 
6 : 240414 219613 226203 219610 226198 219606 
6 : 251006 231747 140071 231752 140073 140068 
6 : 103245 248369 210199 103241 103235 210197 
6 : 49741 225343 126190 49738 49727 126181 
6 : 197756 251034 251031 197762 197757 252520 
6 : 200532 15503 74064 15493 74053 15481 
6 : 182670 127049 227616 127039 182668 127042 
6 : 207716 179099 251068 179091 207721 179105 
6 : 251069 88250 171955 88252 171959 88239 
6 : 251070 45179 187833 45186 187841 45171 
6 : 111700 251073 251072 111702 111701 259558 
6 : 230160 42241 133645 42234 133639 42225 
6 : 180809 251146 100385 180813 100369 100390 
6 : 251149 138903 65549 138912 65557 65532 
6 : 79350 251194 96385 79354 79334 96390 
6 : 146705 244096 98825 146702 98811 98823 
6 : 164150 251196 7988 164151 7969 7989 
6 : 104931 35482 243512 35462 104928 35477 
6 : 8244 51476 79590 8227 8230 51458 
6 : 94753 150435 247071 94735 94750 150432 
6 : 230939 58132 235824 58125 230933 58126 
6 : 251260 243441 131795 243455 131806 131791 
6 : 195747 150803 123640 150791 123626 123622 
6 : 48668 126318 239599 48655 48661 126313 
6 : 251291 228091 219677 228093 219680 219668 
6 : 171376 141408 248292 141399 171373 141406 
6 : 251309 251312 86160 257152 86165 86168 
6 : 251328 223300 251327 223306 255337 223304 
6 : 40951 16233 222207 16212 40942 16226 
6 : 152149 39500 243635 39485 152147 39497 
6 : 166326 184688 232194 166311 166324 184684 
6 : 251336 227748 163895 227755 163902 163883 
6 : 73045 251361 60453 73049 60428 60462 
6 : 251359 251358 227275 255181 227280 227277 
6 : 59592 235394 210841 59589 59586 210837 
6 : 251367 67790 193909 67795 193918 67780 
6 : 126932 38510 251394 38491 126933 38511 
6 : 28483 146848 251398 28473 28486 146852 
6 : 202091 235153 251399 202086 202093 235158 
6 : 251401 251400 240789 260982 240797 240793 
6 : 30905 251445 173510 30912 30895 173518 
6 : 79630 124721 104131 79616 79615 104112 
6 : 50131 228228 231678 50127 50128 228226 
6 : 210886 251449 34927 210890 34917 34935 
6 : 251448 205837 208410 205844 208418 205826 
6 : 191964 149597 251456 149589 191969 149600 
6 : 153866 176788 157166 153860 153855 157157 
6 : 227546 9194 213028 9185 213018 9180 
6 : 202737 110230 194176 110218 194166 110216 
6 : 218729 244617 220824 218727 218721 220821 
6 : 228070 41933 120626 41928 120621 41918 
6 : 82589 63059 38067 63044 38039 38035 
6 : 209509 245802 181775 209506 181760 181772 
6 : 242014 251516 232777 242017 232774 232780 
6 : 37048 88091 251521 37034 37052 88096 
6 : 96316 251519 251520 96321 96322 262280 
6 : 131313 251526 251523 131317 131315 256058 
6 : 251321 159787 202529 159786 202528 159770 
6 : 104953 251568 200889 104959 104943 200895 
6 : 149375 251590 251588 149383 149378 254734 
6 : 188813 165050 28515 165040 28504 28499 
6 : 191673 226123 226083 191667 191666 226077 
6 : 42323 251635 251638 42329 42332 260339 
6 : 123401 217526 157286 123392 123384 157279 
6 : 202575 187916 244371 187906 202572 187911 
6 : 208497 240689 144361 208496 144351 144354 
6 : 251651 141174 214265 141178 214271 141165 
6 : 22837 251653 251655 22838 22840 252017 
6 : 10913 249087 251679 10911 10916 249095 
6 : 140116 251683 208475 140122 140106 208485 
6 : 213571 251681 10939 213573 10933 10941 
6 : 242142 87186 80459 87184 80457 80429 
6 : 220269 88092 221594 88089 220264 88090 
6 : 58636 243333 175293 58633 58622 175289 
6 : 39391 207654 107570 39385 39377 107557 
6 : 195039 137046 251734 137038 195044 137051 
6 : 241219 183171 54738 183167 54735 54721 
6 : 251742 91385 207085 91393 207092 91373 
6 : 234662 134376 251746 134371 234668 134380 
6 : 67433 171110 11162 67425 11133 11145 
6 : 234505 203628 251770 203624 234512 203632 
6 : 249636 173687 237041 173684 237040 173681 
6 : 170877 251801 174955 170888 170873 174965 
6 : 251802 26625 141438 26626 141439 26606 
6 : 18307 234566 214337 18304 18301 214326 
6 : 251837 69544 251835 69550 263324 69549 
6 : 171468 192617 251841 171461 171474 192623 
6 : 217786 58079 167655 58073 167646 58065 
6 : 230819 104782 251840 104775 230824 104784 
6 : 248808 126433 116606 126431 116605 116586 
6 : 251842 52058 251843 52062 257382 52063 
6 : 147689 99492 132485 99475 132466 99473 
6 : 194135 209013 157814 194131 157804 157806 
6 : 63139 201231 244151 63128 63137 201228 
6 : 37998 97820 228770 37983 37994 97814 
6 : 126748 159960 246356 126732 126746 159959 
6 : 132131 55749 167908 55736 132120 55739 
6 : 251909 236681 63558 236684 63563 63555 
6 : 59008 239600 251915 59001 59012 239605 
6 : 120485 251911 247705 120487 120484 247707 
6 : 251912 251914 127885 256037 127888 127891 
6 : 50730 160977 172438 50716 50719 160964 
6 : 133164 251924 241755 133173 133161 241764 
6 : 251921 159741 13849 159747 13852 13831 
6 : 89110 70246 251944 70223 89111 70248 
6 : 92138 234531 239391 92132 92134 234527 
6 : 212635 241085 68216 212634 68209 68212 
6 : 218431 251950 251949 218442 218440 264093 
6 : 251948 156466 10060 156469 10064 10042 
6 : 102354 244240 251968 102352 102356 244242 
6 : 223492 251982 234161 223498 223487 234167 
6 : 103860 13309 251984 13289 103862 13312 
6 : 217787 78120 43724 78113 43715 43696 
6 : 105642 160311 21106 105634 21083 21089 
6 : 72427 252014 252013 72431 72430 255586 
6 : 213229 123402 246541 123391 213227 123400 
6 : 164327 252047 252046 164331 164328 256541 
6 : 22629 231906 164781 22625 22619 164778 
6 : 108977 165415 215406 108965 108972 165405 
6 : 252075 106669 229327 106671 229328 106661 
6 : 26709 185771 105351 26702 26701 105341 
6 : 149107 135176 252118 135162 149109 135178 
6 : 252147 217249 6262 217252 6265 6256 
6 : 208579 197061 166787 197054 166779 166777 
6 : 147883 143365 21890 143349 21874 21873 
6 : 168638 141968 44887 141956 44875 44869 
6 : 213752 252219 139310 213753 139302 139315 
6 : 252225 238219 140591 238227 140597 140586 
6 : 2808 86555 111770 2790 2793 86537 
6 : 231210 57278 222080 57273 222074 57271 
6 : 252229 154020 216955 154023 216959 154014 
6 : 52059 246442 248809 52056 52057 246441 
6 : 230954 221936 101036 221930 101030 101028 
6 : 252266 243883 244306 243885 244307 243877 
6 : 164366 88613 69850 88602 69834 69825 
6 : 13690 7497 172439 7468 13680 7482 
6 : 195166 252297 158526 195171 158517 158540 
6 : 61082 252300 219798 61086 61079 219804 
6 : 235999 10545 252299 10542 236000 10549 
6 : 52766 151993 180533 52747 52751 151979 
6 : 196765 249796 166603 196763 166588 166599 
6 : 247860 92590 133337 92586 133335 92568 
6 : 39640 240455 252332 39636 39645 240458 
6 : 143266 207813 252333 143259 143270 207817 
6 : 194303 241422 80615 194301 80602 80613 
6 : 252331 244980 252330 244983 252418 244981 
6 : 67199 62205 76983 62184 67184 62185 
6 : 115286 225270 237870 115280 115283 225267 
6 : 252343 228339 236276 228342 236280 228335 
6 : 74142 160551 221156 74130 74137 160541 
6 : 220093 242773 135288 220090 135275 135285 
6 : 252364 187367 252365 187370 255965 187382 
6 : 110318 252367 97264 110320 97246 97265 
6 : 177695 55632 150708 55620 150696 55616 
6 : 198276 252369 252368 198282 198280 257133 
6 : 245200 217277 209688 217275 209686 209677 
6 : 34130 182271 100748 34120 34114 100733 
6 : 96607 241994 232790 96603 96599 232785 
6 : 115990 50500 91901 50482 91884 50478 
6 : 230351 134076 152408 134070 152404 134061 
6 : 112186 187035 42495 112178 42478 42485 
6 : 117431 200787 239614 117421 117426 200783 
6 : 208984 7108 76703 7099 76693 7091 
6 : 252431 252430 190202 259161 190209 190206 
6 : 252458 237640 132922 237641 132923 132916 
6 : 252460 193963 85708 193967 85712 85697 
6 : 75834 251085 248371 75833 75832 248370 
6 : 252464 190067 252462 190073 258382 190069 
6 : 239207 245900 252471 239206 239209 245903 
6 : 79632 70890 102863 70867 79614 70869 
6 : 242443 124724 251597 124719 242442 124722 
6 : 252488 30959 232675 30962 232679 30955 
6 : 247297 237533 55256 237531 55254 55250 
6 : 2497 78733 97014 2484 2486 78716 
6 : 252529 177833 224803 177836 224807 177826 
6 : 63797 252534 234927 63802 63794 234932 
6 : 239525 17168 123050 17165 123047 17145 
6 : 78624 235303 237553 78618 78619 235297 
6 : 127854 107315 252564 107293 127859 107321 
6 : 199093 238642 619 199090 601 615 
6 : 231452 193716 70391 193714 70387 70382 
6 : 252582 122360 226204 122363 226207 122353 
6 : 226807 183502 65148 183494 65145 65137 
6 : 154252 189271 136418 154241 136402 136407 
6 : 219825 249209 252597 219822 219826 249212 
6 : 252609 233461 251384 233468 251390 233460 
6 : 252616 252617 28438 258914 28441 28442 
6 : 249790 91552 223740 91550 223737 91540 
6 : 236063 237100 219967 236058 219961 219962 
6 : 224685 168277 252660 168271 224692 168281 
6 : 201572 192118 123282 192106 123275 123272 
6 : 103690 164761 198657 103678 103682 164754 
6 : 205135 232297 133552 205132 133541 133548 
6 : 247009 247334 123538 247007 123536 123537 
6 : 131699 251298 210062 131698 131694 210060 
6 : 225874 221625 121566 221618 121558 121556 
6 : 252714 36346 231750 36349 231759 36340 
6 : 252715 114616 11163 114621 11170 11136 
6 : 128807 252745 47512 128810 47492 47520 
6 : 52174 242542 113091 52170 52161 113086 
6 : 217426 169798 252763 169793 217435 169811 
6 : 252780 252779 167752 256290 167757 167753 
6 : 230087 252788 190422 230096 190416 190429 
6 : 83723 252799 146411 83727 83707 146417 
6 : 43851 252824 252820 43857 43852 252971 
6 : 244523 53784 55694 53782 55691 53765 
6 : 81646 252860 252862 81647 81649 257939 
6 : 191846 233924 133646 191839 133632 133640 
6 : 234586 212471 252863 212467 234590 212476 
6 : 36460 252864 216016 36461 36455 216018 
6 : 107283 107730 146328 107264 107267 107716 
6 : 157390 204714 252870 157380 157391 204715 
6 : 252892 252891 164581 262806 164592 164588 
6 : 205885 208400 225462 205873 205878 208397 
6 : 398 231065 217317 393 390 217309 
6 : 197975 252764 103074 197974 103062 103073 
6 : 182357 52902 3827 52894 3812 3800 
6 : 33939 169004 236992 33930 33937 169003 
6 : 236191 23018 252948 23015 236193 23020 
6 : 45237 118604 165337 45228 45232 118598 
6 : 228900 106478 136004 106476 135995 106467 
6 : 214436 242143 60040 214434 60031 60034 
6 : 68958 24619 221102 24600 68954 24613 
6 : 200236 177790 153040 177779 153028 153025 
6 : 221004 117672 4153 117666 4142 4133 
6 : 59388 252738 211109 59387 59376 211108 
6 : 66372 148254 248142 66356 66371 148251 
6 : 206513 252997 11339 206514 11327 11340 
6 : 242898 142106 191552 142102 191547 142091 
6 : 253008 252246 19286 252251 19290 19284 
6 : 225463 138689 241715 138679 225459 138685 
6 : 125025 253027 233952 125034 125023 233962 
6 : 188051 253026 101752 188055 101740 101759 
6 : 7698 253030 213721 7699 7693 213726 
6 : 205288 132352 148354 132345 148341 132340 
6 : 64160 206257 253033 64155 64161 206258 
6 : 97058 170538 248502 97049 97057 170536 
6 : 182931 169123 253065 169110 182933 169124 
6 : 241556 253067 199925 241561 199922 199933 
6 : 168083 71673 253072 71660 168085 71677 
6 : 201989 59525 248988 59510 201988 59523 
6 : 91223 247179 179195 91221 91211 179194 
6 : 140756 229238 216514 140752 140749 216506 
6 : 197758 183972 248741 183961 197755 183970 
6 : 246256 225345 242181 225342 242178 225341 
6 : 208797 141099 150513 141088 150505 141081 
6 : 86974 186375 236538 86961 86971 186372 
6 : 210824 86797 113338 86790 113330 86782 
6 : 210825 253145 241788 210830 210823 241794 
6 : 206274 166451 209276 166442 206265 166445 
6 : 253165 236943 223742 236948 223748 223734 
6 : 51857 233061 253166 51850 51858 233062 
6 : 28984 217487 251640 28979 28983 217485 
6 : 209158 31327 11007 31324 10997 10980 
6 : 62865 228629 245302 62860 62864 228628 
6 : 100467 83584 253197 83574 100468 83585 
6 : 244526 191436 253204 191434 244530 191440 
6 : 250208 253206 249415 250212 249413 249420 
6 : 177038 199354 220579 177028 177031 199344 
6 : 67461 234208 242764 67455 67458 234205 
6 : 161358 194584 149377 161349 149363 149368 
6 : 250009 15436 98487 15435 98486 15427 
6 : 36865 54671 208903 36840 36854 54659 
6 : 155186 253272 253276 155188 155189 261258 
6 : 164548 238809 166997 164541 164530 166993 
6 : 214950 196564 41044 196555 41032 41030 
6 : 98096 185860 180695 98091 98090 180683 
6 : 82686 233953 42829 82682 42802 42824 
6 : 188052 229363 246840 188048 188049 229360 
6 : 253331 245333 155890 245336 155895 155888 
6 : 253337 151937 196997 151942 197000 151924 
6 : 206448 253359 209136 206451 206442 209144 
6 : 228082 244868 234727 228079 228076 234723 
6 : 151533 232501 125954 151530 125942 125952 
6 : 153772 206201 155994 153765 153764 155979 
6 : 253369 189284 253366 189289 261403 189286 
6 : 226505 165418 249466 165406 226503 165411 
6 : 237353 212538 194359 212533 194353 194346 
6 : 216749 253390 177149 216751 177143 177151 
6 : 253394 106054 168180 106056 168182 106043 
6 : 107915 128716 253403 107897 107920 128721 
6 : 166634 95969 253402 95959 166635 95972 
6 : 250664 65112 77118 65110 77116 65088 
6 : 21070 59056 2985 21056 2956 2960 
6 : 163586 41902 99124 41886 99107 41880 
6 : 224538 217720 29927 217718 29922 29920 
6 : 14354 224918 253427 14347 14359 224922 
6 : 70813 157412 253425 70801 70814 157415 
6 : 34989 15840 179843 15810 34982 15821 
6 : 214527 252982 242818 214526 214521 242817 
6 : 233445 92192 253451 92188 233450 92199 
6 : 214927 242543 103766 214925 103754 103762 
6 : 237543 95585 92660 95584 92659 92640 
6 : 41903 94005 204810 41879 41891 93994 
6 : 248035 99125 197468 99123 197465 99112 
6 : 253456 205734 253454 205739 259313 205736 
6 : 148413 118409 60076 118395 60057 60052 
6 : 206239 253463 97839 206242 97831 97847 
6 : 253462 65949 178479 65953 178485 65938 
6 : 234498 68160 102026 68154 102021 68138 
6 : 253482 221248 250240 221255 250247 221245 
6 : 173234 247545 152199 173233 152185 152197 
6 : 248981 253500 155771 248983 155770 155774 
6 : 253130 176790 88510 176789 88509 88493 
6 : 109728 225741 230969 109722 109723 225734 
6 : 33817 247562 253521 33816 33819 247566 
6 : 147275 253524 253525 147278 147279 259874 
6 : 246221 237656 134294 237653 134289 134288 
6 : 161904 253018 196269 161903 161893 196268 
6 : 252155 244293 247075 244290 247073 244288 
6 : 253535 237340 211700 237346 211706 211689 
6 : 207271 15953 253444 15942 207270 15952 
6 : 235011 27349 253537 27343 235012 27350 
6 : 142505 93886 253561 93871 142509 93890 
6 : 253562 9104 66958 9109 66963 9075 
6 : 253564 203889 163016 203893 163020 163005 
6 : 146255 253569 248838 146261 146253 248844 
6 : 171839 202052 253566 171829 171842 202054 
6 : 246913 252198 234266 246911 234263 234265 
6 : 59827 107688 247598 59816 59825 107687 
6 : 195293 95264 86591 95253 86582 86566 
6 : 241145 253602 248095 241146 241144 248098 
6 : 253633 107786 253636 107789 259618 107792 
6 : 242746 253638 252028 242747 242745 252029 
6 : 252940 215408 230127 215407 230125 215402 
6 : 216169 206309 241354 206298 216168 206302 
6 : 230113 253668 239754 230118 230107 239759 
6 : 241278 253663 10384 241280 10378 10386 
6 : 253665 101858 253667 101863 261387 101865 
6 : 164465 253695 47755 164466 47742 47756 
6 : 186281 108147 120627 108134 120611 108126 
6 : 253698 253700 253699 254715 254711 259121 
6 : 191105 248326 253702 191102 191107 248328 
6 : 167261 136561 253728 136553 167263 136566 
6 : 235318 112376 168763 112371 168759 112367 
6 : 243936 139729 60488 139724 60487 60469 
6 : 253738 55324 253736 55330 261847 55329 
6 : 154820 253745 253750 154821 154823 255593 
6 : 98742 253772 253774 98743 98747 254009 
6 : 163737 236509 253775 163734 163744 236514 
6 : 4118 111034 62241 4096 4089 62218 
6 : 248393 152285 126658 152283 126657 126637 
6 : 227483 82933 76984 82926 76974 76959 
6 : 253825 87743 189855 87745 189856 87734 
6 : 49628 253828 218400 49631 49619 218403 
6 : 253857 209510 253858 209512 259304 209514 
6 : 245750 235614 219679 235610 219672 219669 
6 : 197613 27486 77119 27473 77105 27456 
6 : 223303 253893 191232 223309 191223 191240 
6 : 240058 27608 253892 27601 240059 27609 
6 : 233622 57948 243090 57941 233618 57944 
6 : 214812 44155 142655 44145 142645 44135 
6 : 253392 253941 221158 253393 221157 221160 
6 : 176567 87072 127621 87058 127607 87051 
6 : 253958 96494 162314 96497 162321 96473 
6 : 252383 249039 190809 249037 190807 190806 
6 : 41771 1600 253999 1575 41775 1602 
6 : 94650 20939 125441 20919 94645 20921 
6 : 254000 230174 176493 230177 176497 176487 
6 : 43205 233986 182932 43199 43191 182927 
6 : 253064 103737 236640 103736 236639 103734 
6 : 254001 254002 254006 256664 256666 257974 
6 : 41459 59389 248144 41430 41458 59384 
6 : 163641 203167 14293 163637 14281 14287 
6 : 254018 213709 254019 213713 260359 213714 
6 : 203629 100868 129267 100861 129255 100854 
6 : 243614 151209 254022 151206 243615 151213 
6 : 31704 254041 254040 31707 31706 254277 
6 : 251086 254059 254058 251093 251088 262441 
6 : 254063 231386 115887 231390 115896 115878 
6 : 254116 240114 155245 240121 155249 155242 
6 : 119127 22157 134407 22138 119115 22142 
6 : 223143 39014 152409 39009 152402 38999 
6 : 236445 135854 228820 135851 228814 135850 
6 : 11715 254123 5283 11719 5251 5292 
6 : 254139 223432 254138 223437 262880 223435 
6 : 215357 97872 158527 97864 158521 97854 
6 : 206569 229203 17359 206568 17350 17355 
6 : 207776 254192 254191 207778 207777 256113 
6 : 28764 48048 106452 28751 28756 48034 
6 : 163757 177150 239343 163746 163752 177146 
6 : 253389 218573 47880 218572 47879 47872 
6 : 208246 174454 144038 174447 144024 144021 
6 : 161991 254216 243265 161996 161986 243269 
6 : 180561 242061 152773 180557 152765 152771 
6 : 176291 8705 254219 8693 176293 8709 
6 : 254221 254217 196431 256707 196438 196433 
6 : 203914 186421 137985 186413 137975 137971 
6 : 254260 102244 254268 102248 258156 102255 
6 : 236007 240274 146554 236004 146547 146549 
6 : 95041 254274 239487 95045 95038 239491 
6 : 195447 232433 118364 195442 118352 118358 
6 : 254287 241757 254290 241762 261166 241765 
6 : 246654 254292 61169 246655 61166 61174 
6 : 208821 198568 254294 198560 208822 198570 
6 : 143067 250103 183840 143066 143057 183839 
6 : 103315 253131 157168 103314 103305 157167 
6 : 254321 133824 81244 133826 81249 81221 
6 : 213276 64110 198083 64103 198076 64099 
6 : 254324 46952 99885 46954 99887 46928 
6 : 88574 216467 39783 88571 39761 39772 
6 : 139808 33702 1909 33684 1890 1883 
6 : 97840 236326 192540 97836 97829 192537 
6 : 225802 254382 90117 225803 90110 90122 
6 : 117572 198084 165578 117557 117555 165564 
6 : 138716 23995 133238 23975 133219 23973 
6 : 254400 254402 90349 256911 90350 90351 
6 : 197375 254423 93728 197381 93717 93735 
6 : 246047 101160 252873 101157 246046 101159 
6 : 231834 249128 229949 231833 229939 229947 
6 : 106018 237187 31417 106014 31395 31412 
6 : 137478 246483 136627 137473 136610 136623 
6 : 173906 28201 191726 28192 173896 28194 
6 : 189545 169374 225147 169362 189536 169370 
6 : 254455 77059 254452 77063 254548 77060 
6 : 221300 254464 247122 221308 221299 247127 
6 : 212234 156252 8482 156243 8474 8467 
6 : 254471 235747 232778 235751 232783 232773 
6 : 112332 195521 190892 112324 112323 190883 
6 : 134377 235107 137089 134372 134363 137083 
6 : 254487 240201 175207 240202 175210 175202 
6 : 107633 94467 254504 94449 107639 94474 
6 : 167149 7033 41631 7015 41614 7003 
6 : 223093 205170 15329 205161 15325 15321 
6 : 213815 252247 213795 213814 213785 213792 
6 : 254524 101896 254522 101903 256709 101898 
6 : 76219 192772 79261 76213 76204 79249 
6 : 161266 135153 83149 135139 83128 83124 
6 : 191596 150097 250590 150084 191595 150095 
6 : 232369 254562 254556 232376 232370 255460 
6 : 241707 236222 254575 236217 241711 236225 
6 : 20775 44829 254582 20754 20779 44834 
6 : 184878 218166 65987 184870 65967 65976 
6 : 156960 135493 234843 135474 156955 135486 
6 : 236110 254615 17316 236115 17309 17320 
6 : 254613 131560 169513 131561 169517 131543 
6 : 250399 183925 142559 183924 142558 142542 
6 : 131480 254630 238666 131486 131477 238674 
6 : 243658 221665 107634 221663 107631 107628 
6 : 157230 234365 254634 157225 157237 234376 
6 : 254631 232907 254632 232909 255774 232910 
6 : 173820 107916 77121 107903 77102 77092 
6 : 170056 70621 172796 70608 170045 70610 
6 : 235131 239896 216268 235128 216259 216261 
6 : 157351 254661 243211 157356 157348 243218 
6 : 41904 151787 231875 41885 41896 151779 
6 : 248206 247062 94006 247059 94003 94002 
6 : 51742 120958 158254 51728 51732 120939 
6 : 254664 198644 119264 198646 119266 119255 
6 : 39906 155632 254679 39889 39907 155633 
6 : 233330 200958 154398 200953 154393 154387 
6 : 254681 254682 92556 257290 92558 92559 
6 : 254706 34630 254707 34635 260936 34638 
6 : 254708 254703 217870 255558 217883 217871 
6 : 179123 130247 254712 130238 179127 130253 
6 : 54094 254717 249893 54097 54089 249895 
6 : 97922 161905 244032 97911 97918 161898 
6 : 211563 175051 217444 175042 211555 175043 
6 : 35328 254739 126319 35329 35320 126322 
6 : 37245 189405 238979 37238 37243 189398 
6 : 111719 254745 39970 111723 39945 39977 
6 : 197504 254743 254744 197507 197509 261630 
6 : 247295 249068 241540 247291 241533 241534 
6 : 132803 164890 69816 132789 69793 69797 
6 : 250328 254797 137635 250334 137633 137641 
6 : 106055 107511 254808 106039 106060 107516 
6 : 112580 247746 228942 112577 112574 228940 
6 : 211007 227017 74805 210999 74790 74799 
6 : 33961 47991 254838 33945 33962 47992 
6 : 254361 84908 232908 84907 232906 84905 
6 : 146690 124565 250373 124548 146687 124562 
6 : 254847 250036 200428 250041 200434 200425 
6 : 243212 82234 233940 82229 233936 82226 
6 : 153773 254873 252171 153775 153771 252177 
6 : 130926 254088 218335 130925 130920 218334 
6 : 163838 240990 84824 163835 84807 84819 
6 : 140662 234060 186547 140655 140651 186539 
6 : 254920 254917 254921 260586 262686 260588 
6 : 151626 183310 160275 151617 151615 160258 
6 : 164830 199493 170561 164821 164816 170547 
6 : 231247 248854 172419 231245 172412 172417 
6 : 245603 122250 224652 122248 224648 122243 
6 : 217642 251451 99375 217641 99364 99374 
6 : 210051 254945 186131 210052 186117 186132 
6 : 216499 201820 216515 201810 216488 201811 
6 : 117573 253812 246861 117571 117570 246860 
6 : 237535 170846 254952 170840 237536 170849 
6 : 171911 219538 99741 171907 99726 99731 
6 : 191863 14894 254979 14877 191867 14900 
6 : 254999 114919 247389 114923 247393 114916 
6 : 255003 215035 216277 215039 216284 215031 
6 : 255010 187446 212955 187454 212962 187438 
6 : 179277 255035 255032 179282 179278 258650 
6 : 255042 106700 203499 106705 203506 106692 
6 : 252248 25409 191553 25406 191550 25395 
6 : 32594 188258 255067 32590 32600 188264 
6 : 80948 255066 137538 80953 80935 137541 
6 : 210482 247221 104642 210481 104630 104639 
6 : 255075 51478 233815 51483 233823 51472 
6 : 220169 238135 18542 220167 18534 18539 
6 : 34898 62659 68914 34871 34872 62634 
6 : 228856 209033 238008 209024 228851 209030 
6 : 241162 109706 62242 109703 62238 62217 
6 : 200068 159685 255099 159670 200076 159691 
6 : 138909 97638 204934 97620 138897 97628 
6 : 229749 210607 255123 210605 229755 210614 
6 : 234419 194931 255131 194925 234424 194940 
6 : 21368 237522 164136 21363 21360 164132 
6 : 201600 105013 7338 105003 7324 7310 
6 : 250671 217804 103249 217802 103244 103236 
6 : 31468 56757 217901 31446 31457 56748 
6 : 255165 105449 238089 105451 238091 105445 
6 : 52030 119231 245643 52018 52029 119229 
6 : 255169 255173 47591 262158 47595 47600 
6 : 196824 241971 255192 196821 196825 241973 
6 : 234268 246937 255191 234264 234269 246938 
6 : 153789 23709 244736 23690 153786 23703 
6 : 229418 255207 255206 229425 229422 263872 
6 : 45238 53626 205461 45226 45233 53621 
6 : 81532 255215 173191 81536 81523 173194 
6 : 255214 107571 234223 107573 234226 107562 
6 : 85429 189837 255216 85420 85430 189839 
6 : 255217 213590 94119 213593 94123 94111 
6 : 38570 31383 255220 31360 38571 31384 
6 : 255222 255221 34337 258266 34341 34340 
6 : 95946 255233 147031 95950 95933 147038 
6 : 131868 255245 216516 131869 131863 216517 
6 : 211532 41113 8318 41105 8309 8289 
6 : 255248 255249 255253 261929 261933 262197 
6 : 255255 209667 8776 209668 8778 8766 
6 : 255268 206174 230128 206176 230133 206169 
6 : 254492 243 86300 242 86299 224 
6 : 255283 116048 252284 116060 252293 116047 
6 : 142691 18543 228454 18523 142687 18537 
6 : 255290 206276 166475 206282 166480 166467 
6 : 45414 255325 62660 45418 45390 62665 
6 : 17253 246297 157817 17250 17246 157811 
6 : 179977 252868 182226 179975 179965 182224 
6 : 225522 37102 225223 37091 225217 37090 
6 : 11876 219614 176041 11865 11859 176029 
6 : 249914 215091 107438 215089 107436 107425 
6 : 193222 204106 38656 193214 38642 38646 
6 : 255377 220111 251788 220112 251789 220109 
6 : 148414 100447 243337 100427 148411 100442 
6 : 176689 184828 230908 176669 176680 184821 
6 : 19166 194932 254963 19157 19165 194930 
6 : 117761 128451 215779 117750 117756 128445 
6 : 175906 162614 31708 162597 31689 31688 
6 : 133694 2949 255420 2937 133695 2950 
6 : 255421 142841 134660 142843 134663 134642 
6 : 232575 189208 177259 189202 177250 177243 
6 : 255422 132890 230449 132892 230453 132884 
6 : 227655 12431 55116 12426 55107 12407 
6 : 255396 2559 86697 2558 86696 2537 
6 : 77176 223433 126981 77169 77162 126973 
6 : 213165 12677 255023 12667 213164 12676 
6 : 178138 194933 17205 178125 17187 17189 
6 : 255466 255467 254964 262067 254967 254968 
6 : 120913 255469 228455 120918 120908 228463 
6 : 67435 228583 255504 67432 67436 228588 
6 : 231726 105826 171128 105818 171120 105814 
6 : 250551 251860 244750 250548 244746 244748 
6 : 255505 199955 230450 199956 230452 199948 
6 : 237630 80536 157719 80532 157712 80525 
6 : 154549 130483 10061 130466 10041 10039 
6 : 255539 255541 141991 260064 141998 142000 
6 : 32506 83482 201528 32483 32493 83475 
6 : 255545 255544 255547 256018 257418 256024 
6 : 255552 110516 254027 110517 254031 110515 
6 : 80812 148151 212274 80799 80803 148143 
6 : 208221 255565 148591 208224 148580 148593 
6 : 172586 255568 183142 172591 172578 183151 
6 : 189101 255567 240420 189102 189097 240421 
6 : 14383 153591 248546 14373 14381 153589 
6 : 111015 235208 245477 111011 111013 235206 
6 : 195805 131642 48205 131633 48195 48190 
6 : 254363 231494 249243 231493 249240 231491 
6 : 239257 255607 82395 239261 82389 82403 
6 : 240275 166239 255629 166234 240281 166246 
6 : 1358 171860 25253 1348 1337 25241 
6 : 71719 255652 90634 71721 71701 90637 
6 : 216594 88326 23441 88318 23429 23413 
6 : 255657 170745 225346 170752 225355 170736 
6 : 118156 255694 255693 118160 118158 263199 
6 : 255690 236933 255692 236935 257030 236937 
6 : 110164 237355 229329 110159 110156 229323 
6 : 177322 255719 176985 177324 176966 176987 
6 : 163758 212524 249040 163749 163755 212523 
6 : 255722 216549 255723 216551 258868 216552 
6 : 255727 255725 117588 263153 117593 117592 
6 : 188040 94031 187797 94021 187780 94020 
6 : 8050 71271 251021 8036 8049 71270 
6 : 151291 19110 87596 19096 87583 19092 
6 : 229978 255765 155892 229981 155883 155897 
6 : 171007 138959 201834 138954 170999 138956 
6 : 78486 205675 255780 78477 78495 205686 
6 : 169799 216183 213775 169792 169791 213765 
6 : 127594 255781 255782 127595 127599 259241 
6 : 145144 247563 255788 145139 145148 247567 
6 : 101916 64436 162915 64417 101907 64425 
6 : 168167 163642 171350 163633 168156 163634 
6 : 10856 252139 217159 10853 10847 217158 
6 : 203845 108240 168218 108233 168204 108231 
6 : 255830 195968 255829 195972 260672 195971 
6 : 188073 202805 253876 188060 188072 202804 
6 : 18961 187647 130148 18950 18945 130132 
6 : 117318 255835 242454 117319 117312 242455 
6 : 131169 121202 251964 121185 131168 121200 
6 : 12397 255864 255863 12400 12398 260228 
6 : 255862 134077 95236 134080 95239 95222 
6 : 255866 230352 191474 230359 191478 191471 
6 : 186199 239057 67791 186196 67778 67787 
6 : 64200 155672 238667 64189 64197 155665 
6 : 36801 248240 57846 36799 36783 57844 
6 : 162297 153638 120628 153624 120607 120606 
6 : 255905 11481 236831 11483 236833 11474 
6 : 196044 11716 102028 11706 102016 11697 
6 : 255918 239176 1910 239183 1917 1903 
6 : 22719 254646 57951 22718 22699 57949 
6 : 163928 75790 207757 75767 163925 75774 
6 : 227262 27199 233624 27193 227257 27194 
6 : 222942 255926 76595 222946 76579 76598 
6 : 103526 82800 255946 82784 103530 82802 
6 : 196731 255950 184690 196732 184671 184691 
6 : 208030 147227 27173 147219 27161 27153 
6 : 249585 93042 255953 93041 249586 93043 
6 : 250650 255958 116409 250655 116408 116415 
6 : 26762 170270 255976 26749 26769 170277 
6 : 241328 132685 249257 132679 241326 132681 
6 : 255975 65377 185388 65383 185393 65364 
6 : 255979 231477 255985 231478 256488 231487 
6 : 255986 255990 220962 257895 220965 220971 
6 : 154899 18643 109153 18627 109137 18623 
6 : 155842 182881 256012 155832 155849 182888 
6 : 241279 152244 256014 152238 241285 152251 
6 : 3219 118687 127435 3205 3206 118663 
6 : 162123 78907 256036 78895 162125 78909 
6 : 50326 57920 105983 50310 50315 57900 
6 : 32029 203857 195400 32022 32021 195390 
6 : 140732 60419 256067 60400 140737 60424 
6 : 164368 220762 160445 164362 160429 160437 
6 : 246467 256066 247162 246470 246464 247166 
6 : 129325 54608 113666 54592 113645 54590 
6 : 256089 143922 255522 143927 255531 143921 
6 : 232621 203946 250837 203938 232619 203943 
6 : 256091 193456 229596 193460 229599 193452 
6 : 256095 63169 256093 63177 263805 63174 
6 : 144887 98745 99228 98731 99212 98728 
6 : 256100 53062 256098 53069 259598 53067 
6 : 126492 235449 251750 126486 126488 235446 
6 : 205342 256112 256109 205349 205343 257347 
6 : 247777 203915 132162 203913 132158 132144 
6 : 256122 149379 221542 149380 221546 149371 
6 : 255633 74040 231973 74039 231971 74032 
6 : 230153 256136 256135 230155 230154 258228 
6 : 241401 214109 208386 214106 208381 208374 
6 : 40200 254819 65555 40199 40183 65553 
6 : 186582 251163 252505 186577 186578 251162 
6 : 124832 59931 256149 59914 124839 59936 
6 : 204016 149428 113576 149414 113565 113557 
6 : 219312 242834 256170 219310 219316 242838 
6 : 162202 256199 239027 162203 162194 239028 
6 : 168484 141292 256200 141275 168486 141294 
6 : 42429 211855 146508 42423 42419 146502 
6 : 224273 235083 243914 224267 224270 235079 
6 : 256228 124985 95001 124986 95003 94979 
6 : 47454 166980 125873 47442 47438 125861 
6 : 191197 256231 256232 191198 191199 259084 
6 : 15418 233538 180905 15416 15405 180899 
6 : 55909 111059 182905 55889 55897 111051 
6 : 214512 106032 250531 106025 214510 106031 
6 : 256256 54462 203262 54465 203266 54452 
6 : 256257 175934 196979 175942 196986 175921 
6 : 189241 256261 56240 189244 56221 56245 
6 : 218574 171820 247163 171811 218569 171817 
6 : 248136 106453 243032 106450 243030 106448 
6 : 155790 51208 256263 51192 155793 51210 
6 : 233916 198823 220381 198813 220372 198809 
6 : 88908 157084 93949 88898 88893 93933 
6 : 173779 256289 249109 173781 173774 249112 
6 : 176640 89598 254142 89577 176637 89595 
6 : 148870 223874 162413 148865 148858 162405 
6 : 153969 173665 230805 153957 153965 173660 
6 : 73451 32399 67793 32374 67764 32373 
6 : 221725 256330 193912 221727 193902 193913 
6 : 197760 149469 14742 149460 14726 14720 
6 : 206913 256333 225348 206916 206903 225351 
6 : 203652 116049 238189 116035 203648 116044 
6 : 171379 198504 140074 171360 140059 140062 
6 : 135340 256364 246064 135341 135338 246070 
6 : 256363 256361 256365 256824 259432 256828 
6 : 177791 34192 4628 34181 4614 4597 
6 : 194988 256379 246230 194990 194987 246232 
6 : 116633 243575 234162 116631 116625 234159 
6 : 184526 92955 241346 92941 184521 92947 
6 : 114139 128750 237251 114119 114133 128742 
6 : 180307 98999 256426 98992 180311 99001 
6 : 256436 256434 179016 257785 179019 179018 
6 : 89765 256438 256439 89767 89768 258611 
6 : 37554 191634 162916 37544 37542 162899 
6 : 184027 68679 25748 68670 25734 25723 
6 : 201510 242368 65704 201508 65691 65700 
6 : 196311 1183 229877 1173 196307 1178 
6 : 111367 3926 252915 3907 111366 3925 
6 : 224451 194508 40259 194499 40255 40246 
6 : 241665 31773 248492 31771 241664 31772 
6 : 237119 218664 256477 218659 237122 218670 
6 : 44386 238598 24335 44381 24314 24330 
6 : 172400 95237 152412 95227 152397 95225 
6 : 119194 198645 252916 119182 119191 198641 
6 : 134379 216076 33443 134368 33420 33431 
6 : 245492 256449 256507 245491 245495 256452 
6 : 146907 34795 240101 34776 146905 34790 
6 : 166149 246768 233189 166148 166145 233187 
6 : 256532 207879 138805 207880 138809 138795 
6 : 27444 256548 256551 27445 27451 259179 
6 : 104829 236223 141675 104821 104817 141666 
6 : 188168 18835 256563 18822 188169 18838 
6 : 225392 77998 183751 77986 183742 77976 
6 : 251349 256565 217053 251351 217051 217058 
6 : 232403 256573 187894 232405 187889 187898 
6 : 119761 127339 256635 119748 119764 127347 
6 : 248024 226671 169413 226668 169408 169403 
6 : 256655 126609 218947 126612 218950 126600 
6 : 47012 253742 231738 47011 47006 231737 
6 : 113964 240922 115890 113961 113949 115881 
6 : 187527 256687 159657 187529 159646 159659 
6 : 249676 191779 42669 191774 42666 42654 
6 : 115524 233002 85552 115518 85530 85546 
6 : 256712 188846 222290 188849 222293 188837 
6 : 243768 172773 253588 172768 243765 172771 
6 : 244294 94758 256718 94749 244296 94759 
6 : 256719 243444 256717 243450 257082 243445 
6 : 88978 103596 141781 88957 88963 103580 
6 : 205980 212144 167933 205968 167917 167918 
6 : 236813 244860 255141 236811 236812 244859 
6 : 235221 44161 69149 44148 69138 44129 
6 : 76655 224198 256751 76647 76657 224202 
6 : 249631 100268 255335 100262 249630 100266 
6 : 122033 9419 220908 9393 122018 9400 
6 : 248349 256780 50957 248354 50954 50967 
6 : 134958 235050 45904 134950 45879 45898 
6 : 248214 185258 256826 185257 248218 185261 
6 : 256829 235809 46758 235816 46763 46748 
6 : 81071 124450 256850 81057 81073 124453 
6 : 70160 86920 62090 70150 62071 62074 
6 : 232396 256851 136109 232398 136104 136111 
6 : 186065 71033 123316 71023 123298 71015 
6 : 101137 256869 170378 101141 101125 170383 
6 : 115862 219353 95384 115855 95368 95378 
6 : 234745 256871 124150 234747 124141 124153 
6 : 183033 5211 131391 5197 131373 5195 
6 : 103667 255954 222908 103666 103659 222906 
6 : 187649 253296 248069 187646 187644 248068 
6 : 9978 70862 163897 9955 9963 70841 
6 : 85757 14555 247672 14538 85756 14553 
6 : 249920 20345 240559 20344 240558 20341 
6 : 256946 53472 129268 53474 129273 53461 
6 : 193236 107410 118473 107402 118460 107395 
6 : 256951 24453 209885 24457 209886 24443 
6 : 17801 232310 175785 17792 17789 175774 
6 : 172178 245822 1224 172173 1204 1219 
6 : 181991 31329 256245 31320 181990 31328 
6 : 99466 234805 240029 99462 99464 234803 
6 : 223573 245002 256972 223569 223575 245005 
6 : 256973 229865 255491 229869 255496 229864 
6 : 216736 84534 240039 84526 216735 84530 
6 : 114810 256991 158644 114811 114796 158648 
6 : 182003 256993 166368 182005 166349 166371 
6 : 233448 131770 255142 131762 233446 131769 
6 : 231670 248395 255270 231665 231668 248394 
6 : 123785 257008 257004 123791 123789 261797 
6 : 78735 194180 220825 78724 78728 194171 
6 : 251493 67901 62453 67899 62451 62429 
6 : 140984 170848 104378 140973 104355 104359 
6 : 139417 257020 227512 139419 139414 227514 
6 : 103101 236479 159790 103095 103085 159777 
6 : 79293 197946 224406 79279 79285 197941 
6 : 159116 99024 22297 99009 22285 22277 
6 : 251049 249423 257046 249422 251054 249430 
6 : 230048 239357 128849 230044 128842 128844 
6 : 257049 30819 64141 30822 64144 30791 
6 : 252082 18987 250920 18986 250917 18984 
6 : 57160 257065 223164 57167 57154 223168 
6 : 154798 257063 162789 154801 154783 162792 
6 : 257068 111861 251927 111864 251932 111858 
6 : 165434 35359 125639 35347 125628 35341 
6 : 104223 212576 209279 104214 104213 209271 
6 : 120914 200484 257088 120904 120919 200487 
6 : 257089 215962 245621 215965 245625 215958 
6 : 182488 161379 173391 161373 173380 161370 
6 : 234315 232516 213777 232508 213767 213766 
6 : 189799 108150 253466 108135 189795 108146 
6 : 163255 156763 254697 156750 163253 156761 
6 : 153185 256757 257138 153184 153190 256766 
6 : 105184 257147 237737 105189 105180 237742 
6 : 252114 190614 239993 190610 239990 190606 
6 : 47650 244620 257166 47649 47651 244621 
6 : 157150 143344 207371 143332 157143 143336 
6 : 249160 64836 172536 64835 172534 64826 
6 : 206745 162575 57280 162564 57268 57262 
6 : 213896 2952 222083 2940 213885 2941 
6 : 227872 252096 100658 227869 100648 100652 
6 : 257219 248573 78488 248581 78494 78483 
6 : 239368 257248 256641 239370 239367 256647 
6 : 257246 214016 223054 214018 223058 214009 
6 : 231835 247198 144013 231831 144004 144010 
6 : 248018 93950 229950 93946 229946 93943 
6 : 248515 143903 37311 143900 37306 37288 
6 : 225247 201370 239164 201364 225244 201367 
6 : 257284 256754 244309 256756 244312 244308 
6 : 243562 257301 64378 243563 64374 64380 
6 : 257302 257303 213112 259818 213116 213117 
6 : 134798 74808 75747 74786 75726 74782 
6 : 192472 16075 244991 16066 192468 16072 
6 : 199530 177238 55080 177227 55067 55064 
6 : 127462 53065 257330 53039 127463 53066 
6 : 257331 122003 244466 122006 244469 121998 
6 : 120394 93327 170462 93304 120381 93310 
6 : 225262 103769 253912 103756 225257 103767 
6 : 63430 97640 211266 63408 63419 97629 
6 : 113922 226395 89330 113915 89302 89318 
6 : 255762 240692 187918 240691 187917 187908 
6 : 117060 167909 197290 117048 117051 167906 
6 : 244485 76678 136751 76674 136748 76664 
6 : 45637 71063 228877 45620 45630 71055 
6 : 55200 257405 257404 55203 55201 262191 
6 : 112542 220660 74728 112538 74705 74722 
6 : 215623 19458 254143 19449 215621 19457 
6 : 161462 254100 257450 161460 161465 254101 
6 : 62595 248989 168219 62594 62583 168216 
6 : 203205 171727 64409 171720 64400 64396 
6 : 3401 254807 257324 3399 3400 254806 
6 : 257500 143042 257497 143048 262062 143044 
6 : 128452 119649 77504 119633 77481 77480 
6 : 212684 162616 254279 162603 212682 162613 
6 : 257519 123026 245215 123029 245226 123023 
6 : 128826 139606 79294 128811 79271 79272 
6 : 257521 219849 119047 219852 119048 119040 
6 : 257528 137183 168220 137188 168227 137164 
6 : 51579 204469 38181 51572 38156 38170 
6 : 208105 167152 223095 167144 208100 167146 
6 : 244818 100870 94335 100867 94332 94317 
6 : 116084 257176 74729 116083 74706 74727 
6 : 214556 69295 240081 69289 214554 69294 
6 : 257577 82907 133939 82908 133940 82892 
6 : 230774 241724 202624 230768 202613 202617 
6 : 240645 243519 220238 240642 220234 220235 
6 : 209933 239282 257601 209927 209938 239290 
6 : 257627 110201 257628 110203 258330 110208 
6 : 139783 65115 11166 65094 11142 11132 
6 : 150171 230322 149908 150164 149884 149903 
6 : 143015 103370 220318 103352 143010 103363 
6 : 246468 210483 188449 210480 188443 188434 
6 : 243116 86018 9725 86012 9722 9700 
6 : 222864 194485 2045 194480 2038 2034 
6 : 257674 142319 69331 142320 69332 69307 
6 : 92139 155772 212672 92125 92129 155761 
6 : 93469 257679 143716 93472 93450 143717 
6 : 16839 127723 257698 16826 16840 127724 
6 : 47236 172027 15207 47224 15180 15191 
6 : 130755 183144 257731 130742 130756 183145 
6 : 236682 76024 108509 76018 108500 76002 
6 : 247862 249797 246523 247859 246519 246520 
6 : 253758 157110 191072 157107 191071 157092 
6 : 246986 5903 254030 5897 246983 5900 
6 : 216108 257749 207213 216110 207202 207214 
6 : 133964 98625 37594 98602 37572 37569 
6 : 230089 97923 257754 97917 230093 97928 
6 : 15296 182457 189439 15287 15288 182446 
6 : 162107 220741 112252 162100 112237 112244 
6 : 237306 218494 257777 218490 237307 218496 
6 : 45512 128722 226740 45495 45502 128711 
6 : 139054 257800 63867 139055 63845 63872 
6 : 135435 225096 110007 135432 109987 110000 
6 : 180696 246769 239459 180693 180689 239454 
6 : 152021 249196 43410 152020 43393 43409 
6 : 189061 153126 257839 153113 189064 153129 
6 : 184565 133338 242990 133322 184558 133331 
6 : 257858 257859 257857 264096 263999 264000 
6 : 96609 257862 257641 96612 96608 257646 
6 : 126402 240934 200005 126398 126394 199999 
6 : 214082 101728 179370 101722 179365 101717 
6 : 36079 253678 59624 36076 36059 59623 
6 : 104198 233567 257897 104192 104204 233572 
6 : 17479 257908 255336 17480 17477 255338 
6 : 67980 257909 172325 67982 67974 172328 
6 : 185372 257911 231232 185377 185367 231238 
6 : 257914 115863 191235 115864 191238 115851 
6 : 240210 243938 148358 240208 148350 148352 
6 : 181824 218049 96743 181817 96724 96731 
6 : 236858 257921 145702 236860 145694 145705 
6 : 78286 24522 250879 24496 78284 24519 
6 : 212577 242237 98005 212574 97992 97999 
6 : 257931 74607 189376 74609 189382 74586 
6 : 257959 150014 34339 150019 34343 34322 
6 : 90691 147853 194528 90677 90680 147834 
6 : 67847 250794 8094 67844 8062 8087 
6 : 113042 235169 258007 113037 113047 235170 
6 : 43235 130944 249722 43216 43233 130942 
6 : 241810 244572 188465 241808 188460 188461 
6 : 181354 220142 9537 181350 9525 9529 
6 : 98297 203990 207801 98288 98289 203979 
6 : 82689 44543 258032 44526 82691 44545 
6 : 254865 224586 53543 224584 53541 53536 
6 : 258034 24221 257052 24225 257053 24220 
6 : 151122 148748 258038 148732 151128 148754 
6 : 258037 103549 103622 103551 103626 103532 
6 : 192413 256562 106945 192412 106931 106944 
6 : 233714 224653 160277 224646 160269 160265 
6 : 39221 256352 136653 39220 39201 136651 
6 : 41569 21828 172496 21806 41552 21812 
6 : 236616 198896 250718 198889 236613 198892 
6 : 113550 222404 189718 113545 113541 189712 
6 : 193858 226826 151370 193853 151355 151363 
6 : 258090 131126 38362 131128 38365 38344 
6 : 129769 23043 80976 23027 80956 23025 
6 : 258114 159542 146723 159546 146727 146709 
6 : 164268 223421 229095 164260 164261 223414 
6 : 250672 246611 258119 246607 250676 246612 
6 : 258142 255288 141992 255293 142005 141990 
6 : 216580 755 235570 744 216574 746 
6 : 246964 234568 11789 234565 11785 11782 
6 : 216119 209034 46493 209021 46480 46478 
6 : 218637 232359 238009 218631 218632 232354 
6 : 258167 258165 187496 258815 187499 187497 
6 : 97144 184829 237554 97124 97141 184824 
6 : 252895 254081 173744 252893 173740 173742 
6 : 152507 239155 244660 152503 152504 239151 
6 : 228023 258239 245478 228025 228020 245484 
6 : 195635 182604 50958 182591 50947 50946 
6 : 211312 258242 200006 211318 199996 200015 
6 : 226459 25695 167080 25688 167073 25674 
6 : 145320 255517 258257 145319 145321 255518 
6 : 182672 36675 39257 36666 39245 36651 
6 : 258260 161398 148459 161403 148463 148443 
6 : 258268 207890 109641 207893 109644 109623 
6 : 258282 245248 194077 245253 194081 194074 
6 : 58195 258307 87978 58196 58175 87981 
6 : 220786 181925 258308 181916 220788 181928 
6 : 238026 256554 199554 238025 199544 199552 
6 : 156550 248222 185749 156549 156539 185746 
6 : 182778 92032 125537 92017 125519 92014 
6 : 253759 1911 39787 1908 39782 1884 
6 : 254356 246525 237590 246522 237589 237584 
6 : 238845 17887 81886 17882 81878 17862 
6 : 209749 241101 220827 209743 209739 220820 
6 : 6810 248223 29507 6809 6790 29503 
6 : 234508 258406 249458 234516 234504 249463 
6 : 258404 254540 46009 254542 46013 46007 
6 : 179161 196923 108032 179151 108016 108020 
6 : 239709 24063 258409 24057 239713 24067 
6 : 258408 240700 197160 240702 197161 197151 
6 : 23647 149168 3589 23633 3559 3572 
6 : 44806 137806 39788 44797 39760 39765 
6 : 257662 189477 192621 189476 192619 189465 
6 : 131510 221480 243917 131498 131504 221475 
6 : 257992 101408 169915 101407 169912 101387 
6 : 188001 251323 247408 187999 187996 247402 
6 : 191341 258445 151024 191343 151011 151025 
6 : 203674 148085 222909 148076 203670 148080 
6 : 219588 257368 181747 219586 181739 181746 
6 : 129219 238654 194934 129216 129210 194928 
6 : 34656 33204 140683 33190 34642 33196 
6 : 67203 244892 225275 67196 67194 225268 
6 : 133213 104731 258496 104710 133216 104734 
6 : 258494 225418 254473 225419 254475 225416 
6 : 20223 258507 144966 20227 20209 144968 
6 : 110179 249330 258513 110178 110180 249333 
6 : 237738 258533 175758 237741 175750 175762 
6 : 258488 15333 222730 15332 222729 15324 
6 : 201151 258563 10063 201153 10050 10069 
6 : 216359 258566 245823 216360 216354 245824 
6 : 246756 193146 175786 193144 175780 175769 
6 : 32237 251201 119909 32235 32223 119907 
6 : 137276 76534 183426 76520 137266 76525 
6 : 159237 110807 108905 110788 108889 108880 
6 : 145093 249299 196691 145091 145085 196686 
6 : 126699 130302 140276 126688 126689 130287 
6 : 188210 188628 160633 188200 160620 160621 
6 : 208440 152890 163218 152880 163204 152875 
6 : 258621 91758 251646 91760 251648 91755 
6 : 40296 208309 139520 40290 40284 139505 
6 : 130543 55413 170463 55391 130524 55398 
6 : 19354 258639 223916 19355 19350 223919 
6 : 5347 253055 124622 5343 5330 124618 
6 : 192928 124091 73929 124082 73918 73909 
6 : 253612 228634 135292 228631 135290 135279 
6 : 258642 142234 115457 142235 115460 115434 
6 : 258654 99620 209222 99621 209223 99611 
6 : 258656 236628 55976 236633 55982 55969 
6 : 158693 245352 141859 158688 141841 141856 
6 : 238682 6529 41776 6525 41764 6506 
6 : 14336 214953 258707 14329 14337 214954 
6 : 258709 144122 166998 144127 167002 144109 
6 : 243117 258716 158615 243118 158612 158617 
6 : 91504 159153 178735 91487 91491 159143 
6 : 176478 20198 26805 20185 26783 20166 
6 : 205289 67464 53897 67452 53888 53873 
6 : 232760 258753 149712 232765 149704 149717 
6 : 171636 107441 176046 107418 171617 107419 
6 : 91782 245307 221164 91777 91770 221154 
6 : 258774 187372 196355 187373 196356 187359 
6 : 258776 236122 132603 236124 132604 132599 
6 : 181537 257889 258780 181535 181540 257891 
6 : 238465 221863 203096 221856 203085 203081 
6 : 251447 123124 116997 123117 116993 116978 
6 : 214 232969 21747 206 188 21736 
6 : 215645 15628 86074 15619 86068 15608 
6 : 132804 122854 123990 122835 123968 122832 
6 : 147504 66376 258808 66355 147506 66378 
6 : 258813 178072 258811 178080 263801 178077 
6 : 252031 228646 240950 228643 240948 228639 
6 : 113259 132849 5288 113248 5257 5259 
6 : 152039 258826 101647 152042 101630 101648 
6 : 214730 203631 258831 203621 214736 203635 
6 : 36648 174015 131127 36635 36631 131110 
6 : 150306 245519 258836 150302 150310 245522 
6 : 20199 90742 178736 20173 20187 90728 
6 : 226569 214001 47513 213992 47504 47500 
6 : 41677 167978 207072 41664 41667 167966 
6 : 258844 168811 246408 168814 246410 168806 
6 : 246195 67516 166981 67510 166978 67498 
6 : 255383 50533 41115 50532 41114 41085 
6 : 49654 53340 258857 49633 49659 53344 
6 : 21176 256755 82123 21174 21162 82120 
6 : 235135 245984 122034 235130 122024 122029 
6 : 47426 112830 130670 47413 47414 112812 
6 : 258869 258872 146825 263156 146830 146831 
6 : 223477 118874 243528 118870 223473 118872 
6 : 257704 188643 258891 188642 257705 188646 
6 : 151536 148949 258905 148935 151537 148952 
6 : 191977 97379 205317 97367 191974 97369 
6 : 196127 186202 194078 186188 194062 186187 
6 : 104224 254049 123423 104220 104206 123420 
6 : 255078 225757 141995 225753 141989 141983 
6 : 258932 165998 39334 165999 39336 39318 
6 : 57777 258935 218598 57778 57770 218599 
6 : 194385 223538 245909 194380 194383 223535 
6 : 63037 220046 117240 63028 63016 117231 
6 : 201435 249152 28713 201431 28698 28710 
6 : 5245 183733 92561 5232 5223 92542 
6 : 257291 82651 91422 82649 91420 82622 
6 : 202699 27229 257779 27215 202698 27227 
6 : 224955 258973 258972 224959 224956 259663 
6 : 258977 40416 220031 40417 220032 40407 
6 : 145565 191896 108511 145556 108490 108496 
6 : 110438 186933 16528 110432 16510 16518 
6 : 232872 199472 82397 199466 82386 82382 
6 : 259000 147448 184999 147449 185003 147431 
6 : 61817 120135 259019 61800 61819 120137 
6 : 217905 257567 92871 217904 92851 92869 
6 : 241089 259052 244580 241094 241083 244585 
6 : 191127 222813 246446 191119 191124 222812 
6 : 222013 134662 152203 134649 152189 134644 
6 : 259062 259057 66643 259346 66649 66645 
6 : 259063 251102 152414 251105 152416 152407 
6 : 35631 253111 249370 35628 35627 249369 
6 : 133377 248746 242184 133373 133372 242179 
6 : 157249 209637 33411 157241 33397 33402 
6 : 259072 254405 8095 254408 8096 8090 
6 : 187538 245346 149531 187534 149517 149527 
6 : 259089 124591 214412 124594 214416 124581 
6 : 77708 140469 259090 77693 77709 140470 
6 : 87021 120778 169965 87011 87016 120769 
6 : 259093 226724 197724 226731 197728 197712 
6 : 258522 227996 230239 227994 230237 227987 
6 : 126384 64808 236279 64794 126380 64804 
6 : 116811 225645 251024 116806 116809 225643 
6 : 258424 233706 70624 233705 70623 70617 
6 : 259076 257664 140250 257663 140249 140248 
6 : 214304 97212 99096 97205 99091 97196 
6 : 217291 245153 133103 217289 133095 133101 
6 : 257470 246806 33058 246805 33056 33052 
6 : 259141 224166 24523 224172 24526 24511 
6 : 66872 258861 140157 66871 66856 140156 
6 : 74676 227550 117832 74670 74657 117822 
6 : 207942 257993 225546 207941 207934 225544 
6 : 41142 204330 128184 41137 41126 128175 
6 : 203795 177077 84509 177070 84500 84494 
6 : 259156 247656 259157 247657 260057 247658 
6 : 217846 253851 242317 217844 217841 242316 
6 : 98937 57185 56661 57170 56642 56639 
6 : 11126 253470 239018 11123 11120 239014 
6 : 255407 173453 253491 173451 253490 173449 
6 : 141355 192930 227628 141347 141349 192921 
6 : 57457 259209 249757 57459 57452 249758 
6 : 109077 226947 181380 109070 109066 181371 
6 : 259212 8446 233955 8450 233959 8437 
6 : 150392 247547 104005 150390 103986 104001 
6 : 148629 24155 211159 24136 148623 24141 
6 : 217019 33383 196246 33369 196232 33368 
6 : 205357 259237 12087 205358 12073 12091 
6 : 178884 72412 46052 72393 46031 46020 
6 : 252235 39106 138779 39101 138774 39076 
6 : 46393 259240 113578 46395 46376 113581 
6 : 190861 135890 151973 135873 151952 135864 
6 : 156897 259242 258418 156898 156896 258419 
6 : 35190 257257 139314 35189 35172 139312 
6 : 243583 111993 1564 111991 1562 1543 
6 : 259276 180264 15629 180265 15630 15613 
6 : 187153 235364 259278 187144 187154 235365 
6 : 215134 91692 251354 91680 215130 91689 
6 : 194041 118042 212147 118021 194032 118027 
6 : 258688 253932 223324 253931 223323 223319 
6 : 254874 122631 26044 122627 26042 26018 
6 : 129900 25097 92450 25080 92429 25076 
6 : 194147 253011 101264 194146 101255 101263 
6 : 57497 168566 131017 57483 57481 130996 
6 : 133862 141653 40543 133849 40524 40525 
6 : 244003 259315 181748 244004 181743 181751 
6 : 59730 145212 47075 59715 47046 47052 
6 : 96610 144629 200635 96589 96595 144616 
6 : 229478 224982 143987 224974 143979 143977 
6 : 133299 145346 259321 133283 133300 145354 
6 : 259329 242729 257108 242736 257113 242727 
6 : 255783 249229 80127 249227 80123 80121 
6 : 45639 222332 259334 45629 45643 222337 
6 : 187351 150393 179177 150385 179168 150384 
6 : 168705 124201 235450 124187 168702 124197 
6 : 259354 257902 204812 257904 204814 204811 
6 : 144725 117062 228772 117045 144718 117054 
6 : 201717 45536 259356 45523 201721 45540 
6 : 99346 45006 259361 44987 99349 45009 
6 : 254273 185217 99864 185216 99862 99850 
6 : 259363 98233 178530 98235 178532 98217 
6 : 25800 210611 142746 25796 25788 142738 
6 : 259372 254557 259370 254564 263663 254561 
6 : 159104 237591 253761 159098 159103 237588 
6 : 171292 259373 39789 171294 39767 39791 
6 : 182779 33704 202075 33690 182767 33693 
6 : 251171 28903 209986 28900 209982 28888 
6 : 259384 106217 239551 106220 239556 106211 
6 : 54609 215963 185313 54602 54595 185298 
6 : 125602 94590 113285 94569 113263 94567 
6 : 231953 255372 210869 231951 210859 210867 
6 : 243253 259404 33125 243255 33120 33126 
6 : 15801 116727 199210 15784 15791 116710 
6 : 254742 172606 255587 172604 254741 172605 
6 : 115426 258389 253717 115425 115423 253716 
6 : 130620 246455 259449 130615 130625 246457 
6 : 139898 15655 259453 15640 139900 15659 
6 : 198882 20224 166091 20215 166080 20211 
6 : 7949 241370 203962 7945 7941 203959 
6 : 99231 256154 259457 99229 99233 256155 
6 : 117946 78788 124748 78768 117927 78771 
6 : 220935 104892 102987 104885 102976 102964 
6 : 128013 189164 240192 128001 128010 189160 
6 : 193707 180244 253815 180231 193705 180240 
6 : 130227 259474 197143 130229 130216 197145 
6 : 103528 14357 259493 14342 103531 14360 
6 : 228073 8249 235812 8239 228068 8241 
6 : 259489 259490 259492 260965 260966 261974 
6 : 259494 231175 129952 231180 129956 129945 
6 : 191109 40743 257481 40725 191106 40742 
6 : 220210 259495 165222 220211 165211 165224 
6 : 25719 86510 75544 25705 25704 75525 
6 : 250789 142711 249820 142707 249816 142705 
6 : 225235 111721 229979 111714 225231 111715 
6 : 259525 259524 14298 260329 14303 14300 
6 : 40954 137753 225420 40933 40943 137741 
6 : 132869 16238 181906 16215 132855 16220 
6 : 12648 259544 238295 12649 12645 238301 
6 : 185653 225906 48400 185646 48382 48390 
6 : 259542 238837 11909 238840 11911 11905 
6 : 213610 259546 101900 213611 101882 101901 
6 : 237739 226359 250642 226355 237734 226357 
6 : 259551 218436 175759 218441 175765 175746 
6 : 14385 235210 140913 14379 14372 140907 
6 : 6736 29740 171670 6710 6719 29725 
6 : 49655 259566 239617 49657 49651 239622 
6 : 190764 14265 161041 14254 161025 14250 
6 : 259576 255574 210435 255575 210437 210434 
6 : 83857 109033 255998 83839 83856 109032 
6 : 146892 237356 252673 146887 146891 237352 
6 : 90322 43958 244506 43939 90317 43955 
6 : 161233 170105 251503 161216 161230 170103 
6 : 259600 241200 157481 241201 157484 157477 
6 : 122153 259601 141323 122154 122129 141324 
6 : 255259 28240 259626 28238 255264 28243 
6 : 259631 122108 249493 122109 249497 122102 
6 : 259633 259636 33271 263914 33274 33278 
6 : 254390 143167 252104 143164 252101 143162 
6 : 100198 235934 18369 100192 18344 18361 
6 : 243566 160527 115566 160523 115562 115550 
6 : 259692 213380 245169 213385 245172 213376 
6 : 214731 234509 115670 214721 115655 115659 
6 : 113436 251269 69855 113432 69827 69849 
6 : 156273 247225 35260 156267 35240 35255 
6 : 229037 259703 259704 229039 229042 261695 
6 : 197915 253242 196164 197913 196143 196160 
6 : 259726 130545 254235 130551 254240 130541 
6 : 58219 242730 241485 58214 58213 241478 
6 : 86047 259731 193028 86048 86031 193031 
6 : 31356 226170 259556 31349 31355 226169 
6 : 239060 190014 104347 190008 104337 104328 
6 : 12340 158229 23868 12327 12315 23851 
6 : 259739 153101 259509 153107 259515 153100 
6 : 259755 235061 131645 235064 131646 131635 
6 : 259761 255484 199450 255488 199455 199448 
6 : 69248 257865 91664 69245 69231 91662 
6 : 160703 226127 2251 160698 2227 2242 
6 : 195987 240021 64560 195981 64543 64551 
6 : 73347 97455 146216 73326 73333 97437 
6 : 100082 155748 96906 100071 96880 96887 
6 : 219389 121660 220701 121653 219379 121655 
6 : 82010 46457 242601 46427 82005 46452 
6 : 115525 221831 259796 115517 115528 221832 
6 : 16946 235116 202232 16943 16938 202223 
6 : 137952 256569 258069 137950 137951 256568 
6 : 240440 231066 111265 231061 111259 111257 
6 : 178611 259822 31277 178615 31261 31284 
6 : 15297 192263 161834 15289 15285 161822 
6 : 84014 201204 146533 84005 83999 146520 
6 : 223907 255361 225036 223904 223899 225035 
6 : 50867 237091 209691 50861 50856 209683 
6 : 259856 252985 160073 252988 160076 160072 
6 : 70448 253680 90987 70445 70429 90983 
6 : 92685 31806 114640 31787 92669 31789 
6 : 147976 259860 150809 147978 147961 150811 
6 : 253681 259862 217182 253682 217175 217185 
6 : 58371 179936 207591 58355 58357 179926 
6 : 79843 66680 218750 66650 79832 66668 
6 : 202401 127408 197379 127400 197366 127399 
6 : 214655 179624 227398 179606 214649 179608 
6 : 254770 259865 257473 254772 254769 257477 
6 : 259864 33412 118914 33415 118919 33395 
6 : 259866 129119 50248 129126 50251 50225 
6 : 207258 196692 212833 196680 207252 196681 
6 : 259880 203119 259881 203120 259916 203121 
6 : 173104 74570 162516 74559 162502 74558 
6 : 92102 258848 185917 92100 92092 185915 
6 : 104506 23907 251387 23879 104502 23903 
6 : 256268 219332 172303 219330 172300 172289 
6 : 259904 177348 11342 177355 11347 11320 
6 : 1146 135385 240129 1131 1139 135379 
6 : 199474 239258 220628 199467 199463 220623 
6 : 259924 237487 205517 237489 205520 205508 
6 : 119435 85280 20045 85265 20023 20019 
6 : 259927 50249 118915 50250 118916 50224 
6 : 201718 170801 259930 170792 201720 170803 
6 : 152868 36834 252483 36817 152865 36831 
6 : 104176 36236 259963 36215 104177 36237 
6 : 115483 193030 204270 115472 115475 193016 
6 : 259965 138946 133889 138947 133891 133867 
6 : 62501 98646 202053 62480 62489 98634 
6 : 232244 259968 66551 232245 66538 66552 
6 : 249873 126885 254208 126881 249869 126882 
6 : 73730 259985 68073 73735 68046 68081 
6 : 158077 42741 196098 42727 158067 42731 
6 : 160216 255738 244797 160214 160212 244796 
6 : 252195 233589 206762 233587 206759 206754 
6 : 213012 136730 217673 136717 213003 136718 
6 : 260005 245217 194268 245220 194272 194261 
6 : 170974 260011 224472 170977 170959 224476 
6 : 227375 41314 214690 41307 214677 41305 
6 : 260031 238107 209533 238112 209537 209522 
6 : 250098 15992 167105 15988 167100 15976 
6 : 149355 92420 168221 92402 149341 92405 
6 : 50811 112951 146334 50792 50797 112932 
6 : 31613 240748 260070 31609 31614 240749 
6 : 116953 46195 23443 46173 23416 23410 
6 : 249626 193986 240298 193982 240293 193979 
6 : 222639 260072 241759 222640 222633 241760 
6 : 101567 91783 209263 91762 101559 91769 
6 : 240654 9030 221165 9025 221152 9019 
6 : 24156 45311 250910 24129 24152 45306 
6 : 227969 4565 229809 4558 227962 4561 
6 : 258018 120657 253508 120656 253504 120655 
6 : 258363 260091 260092 258365 258366 264003 
6 : 231712 167253 179083 167246 179076 167240 
6 : 255260 49514 177175 49513 177173 49499 
6 : 260094 221235 249574 221237 249578 221229 
6 : 259501 177625 221382 177623 221381 177615 
6 : 239782 260111 62787 239783 62779 62789 
6 : 260114 212119 37742 212123 37747 37730 
6 : 188150 184452 260118 184442 188153 184457 
6 : 219498 213987 260115 213981 219499 213988 
6 : 236435 203190 244110 203183 236430 203184 
6 : 109843 253342 195624 109840 109827 195618 
6 : 218087 111238 98773 111231 98758 98750 
6 : 179496 243668 179757 179494 179485 179753 
6 : 15133 244245 250533 15130 15131 244239 
6 : 150568 94557 215806 94543 150564 94550 
6 : 251042 183486 260149 183484 251044 183487 
6 : 87214 46160 207970 46142 87205 46150 
6 : 223849 242942 241403 223844 223842 241399 
6 : 258482 128476 241174 128472 241173 128466 
6 : 7859 260183 164782 7860 7847 164783 
6 : 130328 119541 256832 119525 130327 119540 
6 : 227878 4970 194269 4957 194256 4951 
6 : 178643 186802 237773 178629 178637 186791 
6 : 221657 108854 151765 108842 151757 108837 
6 : 260207 97084 53971 97087 53974 53937 
6 : 257568 236781 260208 236780 257572 236782 
6 : 252525 135617 215838 135614 215836 135606 
6 : 259357 257429 246319 257428 246318 246316 
6 : 238415 192791 45277 192786 45271 45263 
6 : 248171 205173 258489 205168 248170 205172 
6 : 30671 216078 260239 30657 30673 216080 
6 : 99577 233158 131240 99571 99561 131231 
6 : 3244 35501 241310 3223 3237 35495 
6 : 151212 96283 74958 96268 74936 74933 
6 : 49717 75381 241487 49698 49712 75372 
6 : 259438 154005 227283 154004 227281 153994 
6 : 136563 260273 168766 136567 136554 168769 
6 : 193891 85228 213725 85212 193881 85217 
6 : 231098 260275 226254 231099 226245 226259 
6 : 117947 219156 192840 117936 117933 192829 
6 : 78097 260278 243591 78100 78095 243598 
6 : 248610 113162 234718 113156 234710 113152 
6 : 236159 128134 260291 128127 236163 128137 
6 : 256505 71465 260292 71461 256509 71466 
6 : 188075 220160 176150 188065 176133 176138 
6 : 32862 260305 260304 32866 32865 262173 
6 : 141057 152869 256740 141043 141054 152866 
6 : 2144 23044 246359 2127 2141 23041 
6 : 54740 179625 207592 54720 54725 179604 
6 : 197534 67642 37138 67627 37122 37110 
6 : 48147 206496 242645 48137 48142 206490 
6 : 247190 260341 45866 247192 45863 45868 
6 : 102325 237020 162016 102321 102315 162005 
6 : 185507 232347 116526 185496 116505 116514 
6 : 202348 260293 256404 202347 202346 256403 
6 : 239836 206620 217674 206613 217669 206609 
6 : 183367 260374 210359 183368 183358 210363 
6 : 246758 176691 216361 176688 216355 176678 
6 : 238050 260375 196509 238054 196503 196512 
6 : 260377 17450 87355 17453 87360 17429 
6 : 260384 53650 108035 53656 108037 53633 
6 : 218451 258576 76811 218450 76797 76810 
6 : 260398 214249 260400 214252 262833 214255 
6 : 260360 129121 260410 129120 260361 129122 
6 : 74572 98363 9065 74552 9039 9042 
6 : 245408 236492 53601 236487 53597 53595 
6 : 210258 240482 92594 210253 92576 92583 
6 : 213551 260432 249424 213552 213549 249425 
6 : 237762 260435 81751 237766 81744 81753 
6 : 127034 228209 51044 127032 51022 51038 
6 : 184391 95184 201649 95171 184380 95172 
6 : 109078 177325 215411 109065 109068 177313 
6 : 223979 254536 256299 223977 223978 254534 
6 : 220097 255962 253382 220096 220094 253377 
6 : 243009 254343 133890 243007 133885 133886 
6 : 220663 257178 258478 220659 220661 257177 
6 : 178200 260475 157925 178203 157910 157928 
6 : 136044 110711 260498 110695 136045 110712 
6 : 207475 73125 177078 73117 177071 73112 
6 : 194585 120078 222405 120058 194578 120065 
6 : 212567 244987 170853 212563 170837 170842 
6 : 172500 260294 133429 172498 133411 133426 
6 : 233654 145947 250720 145941 233649 145943 
6 : 260522 204108 6267 204114 6271 6251 
6 : 220354 244497 222891 220347 220343 222887 
6 : 111599 26169 75126 26145 75108 26142 
6 : 161582 38480 129722 38462 129703 38459 
6 : 14509 83726 72025 14490 14489 72000 
6 : 117211 222439 218188 117203 117202 218178 
6 : 252798 260542 45043 252805 45041 45047 
6 : 185576 175016 250244 175003 185572 175014 
6 : 165299 78759 131797 78745 131781 78741 
6 : 247821 217006 260552 217001 247823 217008 
6 : 260551 243446 241839 243449 241840 241831 
6 : 1836 159040 260554 1817 1839 159043 
6 : 162517 201283 158950 162505 158930 158934 
6 : 45416 30672 248527 30644 45411 30668 
6 : 260566 178644 234990 178646 234993 178635 
6 : 33883 258370 150518 33881 33865 150516 
6 : 163348 235604 2561 163342 2541 2551 
6 : 87285 234930 17208 87277 17179 17199 
6 : 21348 138441 260577 21330 21351 138445 
6 : 71556 156093 244753 71538 71555 156086 
6 : 129220 260592 208263 129224 129211 208270 
6 : 146592 84912 260590 84898 146593 84916 
6 : 238707 160182 76025 160176 76020 76006 
6 : 218936 97240 257879 97233 218934 97236 
6 : 96361 39187 259421 39165 96360 39186 
6 : 129470 243167 155675 129465 129450 155666 
6 : 57346 260615 164286 57349 57334 164294 
6 : 260626 260627 258770 263329 258772 258773 
6 : 62521 182089 260632 62511 62524 182090 
6 : 62704 44544 8132 44525 8106 8102 
6 : 142260 55910 50782 55893 50769 50757 
6 : 260345 113638 260636 113637 260347 113641 
6 : 194042 242975 219074 194035 194034 219065 
6 : 213199 250515 232141 213196 213194 232137 
6 : 204097 146556 236134 146543 204093 146548 
6 : 217788 260677 115929 217789 115916 115930 
6 : 193161 173314 79732 173301 79720 79713 
6 : 51769 206126 259012 51757 51767 206123 
6 : 211077 250183 230060 211076 211069 230058 
6 : 260709 216981 260710 216984 263585 216986 
6 : 245747 215979 129667 215971 129661 129657 
6 : 226423 96876 260713 96865 226425 96878 
6 : 174199 36376 82364 36364 82352 36351 
6 : 248660 53602 260123 53598 248659 53600 
6 : 260727 158952 138017 158954 138019 137996 
6 : 260728 138464 232184 138473 232192 138457 
6 : 260735 211645 248588 211647 248590 211641 
6 : 94948 198178 115894 94932 94923 115872 
6 : 242836 243892 245723 242831 242832 243889 
6 : 195636 113467 200007 113454 195632 113455 
6 : 233943 256673 66514 233942 66508 66511 
6 : 111347 19139 156491 19119 111335 19125 
6 : 139706 248780 15631 139704 15611 15626 
6 : 141917 3305 86075 3284 86059 3278 
6 : 118751 145275 41201 118730 41178 41179 
6 : 260779 98974 17955 98975 17956 17929 
6 : 206516 59034 260798 59025 206518 59036 
6 : 6662 90606 251324 6640 6658 90600 
6 : 77087 253299 215932 77085 77075 215929 
6 : 51770 259294 190706 51768 51755 190704 
6 : 171129 251864 231756 171126 171121 231749 
6 : 19115 203075 251529 19103 19108 203070 
6 : 185099 54066 204272 54051 185095 54056 
6 : 231455 153044 257230 153035 231454 153043 
6 : 256380 202132 260832 202129 256384 202135 
6 : 154403 255389 92562 154400 92538 92557 
6 : 249051 117921 125746 117917 125741 117905 
6 : 97782 215793 204347 97777 97776 204337 
6 : 103317 204002 178056 103309 103308 178046 
6 : 187376 258105 253383 187371 187368 253378 
6 : 235493 36867 260892 36858 235496 36871 
6 : 260894 49516 173315 49520 173317 49498 
6 : 217429 102250 123889 102235 123875 102226 
6 : 219049 226328 199781 219041 199768 199771 
6 : 87040 42090 136337 42066 87025 42071 
6 : 227164 260908 188024 227165 188012 188025 
6 : 112544 172054 260913 112531 112547 172057 
6 : 136837 257964 172913 136836 136825 172911 
6 : 11045 258690 201766 11044 11034 201763 
6 : 234606 218379 257721 218370 234605 218377 
6 : 249617 188966 89433 188963 89429 89419 
6 : 96421 20595 132354 20577 96409 20579 
6 : 111521 250298 228517 111517 111512 228510 
6 : 246731 260947 229467 246732 229460 229468 
6 : 212773 260949 25295 212775 25281 25297 
6 : 260950 213166 247602 213168 247606 213163 
6 : 7753 110809 260234 7728 7752 110808 
6 : 33318 170358 138781 33306 33302 138752 
6 : 51013 57186 249867 50996 51010 57182 
6 : 110883 149401 99743 110871 99715 99722 
6 : 256368 42800 258371 42798 256367 42799 
6 : 60615 235504 142346 60609 60602 142330 
6 : 260979 70527 221977 70529 221979 70517 
6 : 39288 73050 21610 39271 21577 21581 
6 : 226889 37496 186528 37488 186521 37481 
6 : 79844 216343 11956 79830 11922 11939 
6 : 198136 112334 110205 112326 110194 110184 
6 : 260996 245542 62925 245543 62926 62920 
6 : 143687 221221 3145 143679 3127 3133 
6 : 233385 239969 132711 233382 132702 132705 
6 : 222764 209298 120170 209290 120157 120155 
6 : 260380 261017 261018 260381 260383 261235 
6 : 11995 140888 239618 11985 11994 140880 
6 : 245402 186529 251720 186524 245400 186527 
6 : 137209 5088 261038 5067 137210 5089 
6 : 261056 158715 83650 158716 83652 83636 
6 : 38150 261059 44314 38153 38128 44318 
6 : 27352 64871 253448 27331 27348 64867 
6 : 157973 251647 51073 157969 51053 51069 
6 : 105913 247035 248677 105907 105908 247030 
6 : 185327 102156 26002 102141 25986 25979 
6 : 14709 181862 55417 14695 14685 55399 
6 : 229491 242711 205043 229486 205033 205037 
6 : 108953 258059 115567 108950 108939 115565 
6 : 185346 38660 148486 38641 148471 38638 
6 : 234128 200646 261089 200642 234129 200648 
6 : 20665 228281 121796 20657 20648 121790 
6 : 79378 191144 32123 79363 32096 32110 
6 : 81307 234371 256458 81298 81306 234368 
6 : 138240 227741 251792 138227 138234 227738 
6 : 261122 224609 177540 224615 177546 177529 
6 : 261124 221349 260698 221351 260700 221347 
6 : 261125 250631 215135 250634 215140 215129 
6 : 35709 29631 155894 29602 35691 29609 
6 : 39190 152599 249575 39172 39181 152593 
6 : 80855 38186 208351 38159 80849 38173 
6 : 259142 261142 154138 259143 154136 154142 
6 : 261153 261150 250744 262597 250751 250745 
6 : 211607 213989 137988 211597 137976 137977 
6 : 223633 109482 159763 109478 159753 109469 
6 : 261158 123859 245311 123860 245314 123853 
6 : 100216 231598 28642 100211 28621 28633 
6 : 149967 86533 88019 86519 87994 86516 
6 : 137561 127436 160365 127417 137547 127419 
6 : 25443 198334 243690 25426 25435 198329 
6 : 261207 224473 228870 224474 228871 224459 
6 : 258764 25608 95214 25606 95211 25582 
6 : 260931 261221 217876 260932 217875 217877 
6 : 102551 245133 99156 102547 99131 99147 
6 : 261226 52631 261225 52633 262283 52632 
6 : 202741 211395 261231 202731 202742 211396 
6 : 214236 68448 252578 68439 214232 68444 
6 : 167958 188424 247557 167950 167956 188418 
6 : 239656 31568 261242 31561 239658 31570 
6 : 251732 258731 49380 251731 49374 49377 
6 : 247324 162478 200565 162468 200560 162464 
6 : 179422 193011 255184 179406 179415 193008 
6 : 261269 217 169334 218 169335 197 
6 : 110661 261272 233097 110663 110651 233098 
6 : 146170 237609 256496 146164 146168 237607 
6 : 244362 208740 186005 208737 185998 185990 
6 : 67413 146009 200387 67399 67405 145996 
6 : 248056 179899 35053 179894 35046 35032 
6 : 76707 233175 261302 76699 76709 233176 
6 : 101449 163197 76446 101436 76417 76420 
6 : 103836 261304 178482 103838 103822 178484 
6 : 144692 135891 14599 135863 14572 14571 
6 : 3080 240551 225831 3074 3071 225823 
6 : 150906 231599 160750 150901 150893 160738 
6 : 144315 254246 261323 144308 144319 254253 
6 : 260241 63586 101950 63585 101949 63572 
6 : 67414 13657 247114 13635 67409 13652 
6 : 246665 74987 221443 74980 221437 74975 
6 : 251216 68637 258894 68632 251214 68635 
6 : 194723 196568 167001 194712 166987 166988 
6 : 261336 214956 250408 214959 250411 214948 
6 : 248840 252279 220888 248836 220884 220886 
6 : 261344 174053 250171 174057 250176 174048 
6 : 256042 24029 115107 24025 115103 24006 
6 : 170029 231426 164205 170021 164182 164190 
6 : 114884 77088 251325 77066 114881 77084 
6 : 237684 258554 60495 237681 60486 60491 
6 : 257071 26081 255119 26080 255116 26079 
6 : 69378 133529 230514 69362 69370 133521 
6 : 25381 214158 244918 25370 25374 214154 
6 : 253106 160575 261370 160570 253108 160576 
6 : 15560 254137 194006 15558 15547 194004 
6 : 104935 189667 146655 104924 104921 146644 
6 : 249714 254861 103223 249713 103219 103221 
6 : 261373 52467 259244 52468 259245 52465 
6 : 184692 51074 197400 51055 184673 51058 
6 : 43073 234845 90008 43065 43050 89994 
6 : 116681 163103 169541 116670 116671 163081 
6 : 254062 5213 227818 5207 227814 5201 
6 : 122295 142660 124625 122280 122279 124599 
6 : 220474 196334 205680 196321 205669 196319 
6 : 16369 242976 226151 16362 16359 226147 
6 : 259059 256763 182795 256761 182793 182791 
6 : 119718 64113 256620 64092 119717 64112 
6 : 176588 144748 50812 144731 50798 50796 
6 : 197782 213844 209202 197773 197771 209191 
6 : 204797 103373 205239 103357 204790 103358 
6 : 235073 116226 20970 116217 20962 20948 
6 : 106974 130251 174549 106962 106966 130236 
6 : 195354 255430 192290 195351 192275 192286 
6 : 256044 238458 48822 238454 48818 48815 
6 : 259760 211012 257224 211010 257222 211008 
6 : 261447 254313 84430 254316 84431 84427 
6 : 219269 130547 261451 130534 219270 130548 
6 : 55805 215675 46054 55789 46018 46038 
6 : 259673 17620 261461 17619 259674 17624 
6 : 247156 11264 136777 11258 136770 11244 
6 : 236563 203402 212080 203394 212074 203390 
6 : 261466 261468 146390 262708 146393 146396 
6 : 146151 259424 51390 146148 51368 51387 
6 : 241022 261478 249576 241024 241019 249579 
6 : 246717 217676 261480 217671 246722 217679 
6 : 261479 261481 155970 262820 155973 155975 
6 : 187433 254083 31711 187430 31691 31705 
6 : 261483 241115 108220 241118 108222 108215 
6 : 144726 188237 61003 144716 60987 60992 
6 : 223621 261485 198967 223624 198953 198969 
6 : 261499 215359 161526 215367 161535 161518 
6 : 240449 75749 147476 75742 147467 75727 
6 : 52911 160470 256584 52891 52904 160467 
6 : 167081 258130 132282 167079 132256 132279 
6 : 224351 136944 240043 136932 224344 136935 
6 : 241997 152178 258699 152171 241996 152177 
6 : 261525 255605 166608 255606 166609 166604 
6 : 114949 152558 95617 114933 95593 95597 
6 : 180394 191603 259296 180378 180393 191599 
6 : 238214 243399 125776 238207 125760 125762 
6 : 243609 150100 81589 150091 81578 81564 
6 : 174341 202384 241357 174322 174326 202371 
6 : 122944 162688 79407 122926 79384 79389 
6 : 261539 236319 103078 236324 103081 103070 
6 : 161113 88513 81248 88491 81224 81215 
6 : 171790 61668 259068 61659 171789 61667 
6 : 5246 191236 154863 5233 5230 154850 
6 : 189336 25411 189380 25393 189321 25394 
6 : 106315 108366 246103 106290 106311 108363 
6 : 160921 247307 261559 160916 160922 247308 
6 : 196201 237799 22039 196195 22028 22036 
6 : 246427 198474 211702 198468 211695 198464 
6 : 255635 261567 253213 255636 253209 253218 
6 : 261565 174944 22376 174946 22378 22358 
6 : 223709 181630 10975 181620 10968 10963 
6 : 193383 133002 165421 132989 165402 132983 
6 : 228235 18403 34934 18390 34922 18371 
6 : 129901 253013 89472 129898 89444 89469 
6 : 166346 121437 184482 121422 166332 121425 
6 : 179697 192051 138691 179682 138668 138670 
6 : 182149 171730 261609 171718 182151 171732 
6 : 192165 136519 261083 136507 192163 136517 
6 : 182516 201767 260857 182505 182515 201765 
6 : 52176 261612 252440 52180 52173 252441 
6 : 78982 13510 260465 13486 78981 13508 
6 : 100526 256726 145213 100521 100505 145210 
6 : 261640 2049 228299 2051 228300 2040 
6 : 33413 204749 20046 33400 20013 20029 
6 : 35632 261641 248668 35633 35625 248671 
6 : 90178 149492 190501 90161 90166 149481 
6 : 215713 233880 119049 215705 119039 119045 
6 : 230441 168467 100141 168461 100133 100122 
6 : 71678 242397 261645 71670 71679 242399 
6 : 135832 245348 256187 135826 135829 245344 
6 : 193311 229893 55561 193303 55536 55549 
6 : 258172 254264 126093 254261 126091 126090 
6 : 260898 229317 176571 229316 176570 176559 
6 : 170339 177992 241604 170324 170333 177986 
6 : 240154 66786 95618 66782 95611 66763 
6 : 221018 206143 261683 206132 221019 206145 
6 : 259477 127410 151880 127407 151877 127392 
6 : 76740 10339 78983 10322 76726 10323 
6 : 250826 136607 261705 136603 250828 136609 
6 : 211382 188003 242458 187991 211376 187994 
6 : 247534 18963 117863 18957 117855 18943 
6 : 115049 257409 180611 115047 115038 180609 
6 : 261717 166108 218253 166110 218259 166101 
6 : 261723 261721 44280 263460 44284 44283 
6 : 56903 213278 50813 56895 50786 50804 
6 : 246945 119719 216022 119714 216014 119711 
6 : 19642 85106 187564 19622 19630 85088 
6 : 261746 248865 260202 248869 260204 248863 
6 : 260807 259297 231757 259293 231755 231754 
6 : 236707 106887 254247 106881 236699 106884 
6 : 76926 252774 259976 76921 76925 252772 
6 : 162644 255385 79164 162639 79144 79158 
6 : 239115 94640 46459 94635 46451 46429 
6 : 32864 75657 235352 32838 32855 75645 
6 : 248185 104452 216651 104447 216644 104441 
6 : 141741 261776 178557 141742 141732 178558 
6 : 152580 138569 252141 138548 152578 138562 
6 : 23649 86268 233516 23631 23642 86262 
6 : 166152 180701 950 166142 929 934 
6 : 252509 180816 253088 180811 252504 180812 
6 : 154276 94201 178694 94180 154268 94186 
6 : 242404 192414 261805 192409 242406 192417 
6 : 261808 44162 99288 44164 99291 44133 
6 : 23741 240937 50962 23733 23716 50950 
6 : 36650 209594 246456 36636 36643 209587 
6 : 99380 261275 243741 99379 99370 243740 
6 : 254928 191970 260124 191965 254927 191968 
6 : 209834 219215 87499 209819 87476 87482 
6 : 254747 187896 17364 187892 17360 17345 
6 : 95431 261836 232186 95432 95426 232188 
6 : 257700 99837 207305 99835 207302 99829 
6 : 209036 236026 233124 209029 209027 233113 
6 : 261839 232567 238011 232569 238013 232561 
6 : 161269 261855 115673 161270 115648 115674 
6 : 88373 261127 51391 88372 51359 51389 
6 : 202848 249577 242416 202842 202840 242410 
6 : 257629 172668 253780 172665 253777 172663 
6 : 109863 96877 2716 96850 2685 2683 
6 : 162252 214448 124473 162248 124457 124462 
6 : 241031 210405 261868 210399 241034 210407 
6 : 176001 184963 193462 175987 175989 184953 
6 : 226768 82985 235466 82978 226763 82979 
6 : 78055 220242 78523 78044 78036 78514 
6 : 18798 182259 208249 18787 18791 182251 
6 : 261890 258066 99773 258068 99778 99771 
6 : 209343 228403 249837 209338 209341 228398 
6 : 60394 233591 261893 60386 60395 233593 
6 : 117763 123693 241302 117749 117758 123689 
6 : 219643 205424 9107 205416 9095 9092 
6 : 162578 51542 165074 51519 162561 51520 
6 : 233698 130851 226741 130843 226734 130841 
6 : 37355 221032 160751 37347 37345 160735 
6 : 258940 218653 256893 218652 256891 218650 
6 : 173649 204727 178996 173636 173629 178989 
6 : 131832 261935 230344 131835 131825 230347 
6 : 10633 254171 43146 10631 10609 43139 
6 : 161708 238479 261938 161698 161709 238485 
6 : 261939 135418 260583 135423 260587 135415 
6 : 252786 244034 261131 244030 252785 244033 
6 : 139056 151864 125305 139039 125286 125288 
6 : 202014 87601 259532 87589 202012 87599 
6 : 202608 257058 174304 202605 174289 174301 
6 : 116471 53604 98365 53578 98339 53576 
6 : 154702 245639 149601 154695 149583 149595 
6 : 245728 74574 176124 74568 176118 74561 
6 : 241388 256934 217516 241383 217508 217512 
6 : 219540 220812 149402 219534 149393 149394 
6 : 26269 227153 204586 26264 26260 204577 
6 : 168980 253147 224288 168976 168972 224286 
6 : 260646 224867 197873 224865 197872 197862 
6 : 236556 214745 254179 214741 236555 214743 
6 : 128119 258395 64698 128118 64675 64695 
6 : 252467 64498 249044 64495 249038 64494 
6 : 111748 218097 88646 111734 88629 88639 
6 : 219644 180969 203891 180962 203878 180957 
6 : 78203 95481 134414 78182 78189 95458 
6 : 226056 176776 145071 176766 145060 145054 
6 : 210660 251609 36557 210658 36537 36553 
6 : 164869 262037 237815 164872 164856 237817 
6 : 174100 120253 48369 120240 48348 48340 
6 : 102286 58698 58415 58668 58380 58376 
6 : 255971 262046 80753 255972 80750 80756 
6 : 99819 4254 194605 4234 99807 4242 
6 : 90711 164288 261259 90700 90710 164287 
6 : 76245 212736 225848 76233 76236 212726 
6 : 253461 260715 262076 253460 253464 260716 
6 : 190651 252510 30703 190647 30687 30699 
6 : 196048 235514 197794 196040 196038 197786 
6 : 241865 225060 254476 225053 241864 225057 
6 : 121260 255485 78655 121258 78631 78653 
6 : 262098 236349 192291 236350 192292 192281 
6 : 101239 253095 11488 101236 11460 11479 
6 : 236211 242033 262099 236205 236213 242034 
6 : 26972 93602 14418 26958 14389 14395 
6 : 27638 169701 43301 27628 27618 43281 
6 : 171010 96710 262101 96701 171013 96712 
6 : 166694 262109 262111 166695 166697 262298 
6 : 162073 259504 173173 162071 162060 173171 
6 : 102205 251664 167739 102202 102193 167731 
6 : 262118 9031 145367 9036 145374 9015 
6 : 106432 262126 190445 106434 106417 190449 
6 : 181177 18509 162374 18499 162364 18496 
6 : 262128 175113 184744 175120 184750 175102 
6 : 180207 103554 148752 103537 148735 103535 
6 : 262130 72799 192719 72801 192720 72784 
6 : 143462 167357 251028 143446 143460 167349 
6 : 170253 110664 88759 110646 88740 88732 
6 : 209016 178393 88117 178380 88109 88105 
6 : 182276 261697 253162 182275 182273 253161 
6 : 72413 170662 219097 72390 72399 170646 
6 : 170360 247529 255211 170351 170355 247525 
6 : 9324 236451 133784 9315 9310 133774 
6 : 210244 250949 245469 210241 210239 245463 
6 : 82986 52524 174491 52500 82971 52504 
6 : 92348 217572 219216 92337 92338 217559 
6 : 157267 261430 67113 157266 67086 67112 
6 : 189929 93474 31673 93455 31654 31647 
6 : 60161 168086 108244 60152 60147 108230 
6 : 210393 149356 195973 149347 195960 149344 
6 : 168893 246799 7658 168891 7639 7652 
6 : 195880 107189 229001 107178 195874 107181 
6 : 208811 162997 262185 162986 208813 162998 
6 : 152966 262186 78853 152967 78833 78855 
6 : 262187 119782 262188 119783 262788 119784 
6 : 262198 184545 233466 184547 233469 184540 
6 : 46215 255297 262199 46212 46217 255299 
6 : 5681 191458 252321 5667 5678 191454 
6 : 223773 200169 118917 200161 118906 118901 
6 : 143151 230699 222977 143144 143143 222964 
6 : 223980 224170 249759 223969 223974 224163 
6 : 148835 262223 234617 148836 148826 234619 
6 : 252477 195539 164289 195537 164283 164273 
6 : 195525 220050 93376 195519 93353 93358 
6 : 86513 236963 262226 86505 86515 236964 
6 : 244988 257715 230587 244984 230577 230584 
6 : 174170 25486 60592 25473 60577 25463 
6 : 206241 235596 92174 206234 92159 92166 
6 : 222262 241629 98462 222249 98452 98455 
6 : 199259 262257 204348 199262 199251 204353 
6 : 246332 256216 166260 246330 166256 166259 
6 : 254307 172330 44315 172321 44308 44294 
6 : 248975 256599 262260 248972 248976 256601 
6 : 252252 138868 180179 138864 180175 138853 
6 : 171078 205518 161685 171062 161666 161673 
6 : 246660 12118 173377 12114 173373 12100 
6 : 247757 239260 251287 239254 247753 239255 
6 : 83988 102595 138999 83969 83972 102582 
6 : 133314 259617 21895 133313 21871 21893 
6 : 32834 64411 107542 32807 32816 64391 
6 : 238000 251011 187399 237996 187389 187393 
6 : 241272 262290 215312 241274 215306 215315 
6 : 70398 153046 4635 70378 4598 4609 
6 : 205655 33569 107323 33558 107304 33546 
6 : 259318 9263 170006 9260 170002 9248 
6 : 201348 260808 140081 201347 140064 140079 
6 : 258591 254643 262294 254641 258593 254644 
6 : 137891 206949 116785 137880 116760 116768 
6 : 195763 43826 73485 43811 73467 43797 
6 : 197430 262304 262303 197432 197431 263439 
6 : 260033 101838 106947 101837 106946 101814 
6 : 139035 262320 39975 139037 39949 39978 
6 : 180777 227819 234846 180767 180769 227809 
6 : 245706 260196 81890 245704 81880 81888 
6 : 131743 135668 215313 131728 131735 135653 
6 : 142534 261848 258701 142533 142527 258700 
6 : 221108 157615 86305 157597 86287 86278 
6 : 140373 198336 96779 140362 96754 96761 
6 : 208001 75094 146391 75085 146377 75078 
6 : 219835 262344 239554 219840 219831 239560 
6 : 250797 129124 205264 129115 205254 129108 
6 : 102958 76121 214830 76104 102949 76112 
6 : 217712 247056 229518 217709 217707 229511 
6 : 29400 189640 108784 29394 29386 108769 
6 : 233603 209424 158036 209419 158027 158021 
6 : 76147 243491 205907 76139 76132 205898 
6 : 48671 65013 26668 48648 26637 26640 
6 : 244367 226848 78657 226844 78649 78643 
6 : 162151 222016 221938 162146 162145 221928 
6 : 262306 45641 247550 45640 247549 45635 
6 : 138494 234373 262388 138487 138495 234375 
6 : 243012 238469 259831 238461 243008 238466 
6 : 206809 63252 259624 63247 206808 63250 
6 : 208250 256350 40178 208247 40169 40176 
6 : 97711 156472 260666 97693 97709 156470 
6 : 259606 119129 121101 119128 121099 119113 
6 : 86760 217040 191217 86756 86750 191209 
6 : 144464 176549 130041 144450 130020 130024 
6 : 125828 254481 42181 125825 42155 42175 
6 : 10340 138634 12711 10326 10315 12692 
6 : 261849 257811 262419 257810 261852 257814 
6 : 218925 96362 219427 96351 218915 96352 
6 : 249605 42022 260177 42016 249602 42019 
6 : 104076 237384 221317 104069 104066 221311 
6 : 77834 227670 215363 77826 77825 215352 
6 : 262444 262442 262445 263608 264091 263609 
6 : 260639 89671 241470 89668 241469 89660 
6 : 29712 124475 20309 29695 20275 20282 
6 : 217488 248288 205908 217484 205893 205902 
6 : 252665 243492 216095 243488 216091 216087 
6 : 252338 87356 262461 87353 252340 87357 
6 : 262462 177503 48641 177504 48643 48627 
6 : 60617 262464 228647 60618 60607 228648 
6 : 254265 262476 125203 254267 125199 125206 
6 : 260899 258153 209143 258152 209141 209139 
6 : 163179 258451 109893 163176 109871 109889 
6 : 132667 254036 217879 132661 132655 217869 
6 : 209426 42092 134299 42079 134282 42070 
6 : 61627 177603 261897 61612 61625 177601 
6 : 181178 143168 153151 143159 153136 143155 
6 : 22462 108391 164746 22444 22449 108371 
6 : 168488 252067 229728 168483 168479 229723 
6 : 212164 144773 244536 144757 212160 144768 
6 : 17140 255796 90782 17137 17119 90778 
6 : 261874 262518 236284 261875 236281 236285 
6 : 115957 154918 259162 115945 115956 154916 
6 : 216996 217973 248425 216987 216991 217969 
6 : 160785 262535 246360 160786 160782 246363 
6 : 99170 142724 261247 99158 99168 142723 
6 : 249461 135496 163105 135491 163095 135475 
6 : 243420 196440 253886 196427 243413 196430 
6 : 262279 262556 205539 262281 205538 205541 
6 : 3246 80427 37413 3227 3224 37390 
6 : 151152 255014 85304 151146 85283 85299 
6 : 164332 249456 27613 164326 27597 27605 
6 : 234748 115865 5248 115857 5239 5225 
6 : 24343 137678 191476 24320 24326 137665 
6 : 238205 160103 131422 160090 131412 131402 
6 : 192001 46305 249653 46295 191999 46303 
6 : 231221 147620 119050 147612 119043 119024 
6 : 114070 215232 197994 114064 114060 197982 
6 : 239006 262610 98238 239007 98227 98239 
6 : 262611 259038 52347 259042 52349 52342 
6 : 262615 121131 158263 121132 158264 121105 
6 : 239855 242405 231250 239850 231241 231243 
6 : 56035 220954 237343 56025 56027 220949 
6 : 211383 121206 6384 121191 6370 6361 
6 : 244026 199845 117864 199835 117852 117843 
6 : 72377 251013 260489 72369 72374 251010 
6 : 250897 242238 33272 242236 33267 33266 
6 : 262645 254051 233293 254053 233294 233289 
6 : 229057 262488 258790 229056 229052 258789 
6 : 262658 159663 180517 159666 180520 159644 
6 : 27589 136092 227671 27574 27582 136078 
6 : 261497 262525 158533 261496 158529 158532 
6 : 261771 13696 161533 13694 161528 13678 
6 : 207707 24525 98007 24507 97989 24498 
6 : 73029 111601 191153 73013 73020 111592 
6 : 82443 173277 251721 82430 82440 173274 
6 : 238608 205187 74959 205179 74949 74944 
6 : 250626 254025 121262 250622 121256 121257 
6 : 106645 172304 208264 106628 106635 172287 
6 : 136398 233671 181591 136393 136386 181582 
6 : 226709 155651 47908 155642 47898 47891 
6 : 28325 104178 218755 28306 28315 104169 
6 : 203717 17890 224012 17874 203709 17879 
6 : 2618 244204 256473 2615 2617 244199 
6 : 123790 249262 149219 123779 123773 149207 
6 : 241220 262697 225895 241222 225889 225898 
6 : 244488 183179 204037 183169 204029 183162 
6 : 106196 92314 74184 92296 74156 74153 
6 : 205782 403 214004 388 205777 389 
6 : 221524 259114 47517 221523 47503 47514 
6 : 177118 260164 17523 177115 17501 17520 
6 : 241303 255021 119832 241301 119824 119829 
6 : 24894 262720 74068 24897 24874 74073 
6 : 245928 199690 15506 199683 15500 15492 
6 : 56412 247802 250913 56405 56406 247795 
6 : 213323 240882 253916 213312 213317 240874 
6 : 109709 96165 228180 96142 109698 96154 
6 : 246807 215991 86848 215986 86844 86837 
6 : 132762 260882 236693 132761 132758 236691 
6 : 138719 143169 257421 138706 138717 143166 
6 : 8745 162376 113068 8736 8728 113053 
6 : 221864 34937 133892 34919 133880 34908 
6 : 253671 231687 232032 231680 232028 231675 
6 : 25258 233197 11308 25249 11270 11296 
6 : 261063 1363 246773 1362 246771 1356 
6 : 89117 234536 212676 89105 89103 212663 
6 : 262775 34309 241092 34310 241093 34299 
6 : 49580 257788 217940 49576 49568 217936 
6 : 161383 260901 81011 161381 80989 81009 
6 : 254335 87080 118692 87073 118686 87047 
6 : 57214 262778 90377 57218 57192 90378 
6 : 175824 262785 255582 175826 175822 255584 
6 : 124221 40712 37015 40688 36989 36982 
6 : 184263 136733 262792 136713 184267 136736 
6 : 167882 199024 136217 167877 136200 136207 
6 : 147621 147587 192103 147564 147608 147571 
6 : 57623 220853 134618 57615 57611 134610 
6 : 79886 164681 68770 79879 68739 68748 
6 : 106143 166677 245136 106133 106140 166672 
6 : 143190 258197 259640 143186 143188 258195 
6 : 235087 261452 230975 235084 230964 230973 
6 : 257336 254238 262712 254233 257334 254237 
6 : 164589 237660 158127 164579 158106 158117 
6 : 101972 194587 192375 101963 101962 192360 
6 : 175264 28747 81891 28730 81868 28721 
6 : 259049 93736 260198 93732 259046 93733 
6 : 108199 257104 262824 108198 108200 257105 
6 : 97430 166022 7994 97420 7960 7970 
6 : 182199 248932 218191 182191 182189 218183 
6 : 254308 257414 208420 254304 208412 208414 
6 : 21657 103953 161426 21648 21650 103939 
6 : 32477 262840 12712 32480 12685 12715 
6 : 54893 200739 169633 54883 54881 169617 
6 : 206839 261045 262838 206838 206840 261048 
6 : 133827 199260 252152 133817 133822 199257 
6 : 227608 121717 180160 121704 180151 121694 
6 : 259175 208034 213595 208032 213592 208020 
6 : 21712 36515 182886 21688 21700 36499 
6 : 9463 262853 162417 9464 9452 162421 
6 : 262850 147788 164988 147789 164989 147772 
6 : 203173 260331 91911 203172 91895 91907 
6 : 135710 121438 120307 121420 120274 120271 
6 : 188506 25099 184484 25089 184459 25088 
6 : 179317 123735 110838 123721 110822 110814 
6 : 144216 245545 111173 144206 111148 111164 
6 : 177605 62929 43998 62907 43976 43965 
6 : 262863 257631 254625 257634 254627 254621 
6 : 112380 247784 242371 112375 112373 242365 
6 : 246343 262871 256542 246344 246339 256546 
6 : 260555 255730 258332 255729 258331 255728 
6 : 221628 223449 244754 221615 221621 223442 
6 : 225876 93271 251867 93260 225873 93267 
6 : 242098 86702 150522 86691 150509 86680 
6 : 78760 262904 243451 78762 78752 243452 
6 : 221709 246385 262911 221706 221713 246393 
6 : 254554 164639 248156 164636 248151 164632 
6 : 181556 148278 262920 148264 181558 148281 
6 : 149952 8873 217110 8860 149947 8867 
6 : 48703 262921 231617 48704 48693 231620 
6 : 149969 249598 250454 149962 149963 249590 
6 : 226426 86535 62663 86524 62653 62639 
6 : 261178 231379 182731 231377 182730 182713 
6 : 256023 216398 196100 216393 196096 196089 
6 : 32777 251255 103498 32776 32757 103494 
6 : 180875 194510 30133 180868 30113 30116 
6 : 194396 217557 254076 194390 194394 217553 
6 : 262932 190993 252413 190994 252415 190990 
6 : 167784 129929 246361 129908 167782 129919 
6 : 90829 262944 262945 90831 90832 264043 
6 : 136266 220813 189197 136259 136256 189190 
6 : 149549 230716 252972 149545 149547 230712 
6 : 227137 261009 793 227136 781 791 
6 : 663 183336 259684 652 661 183331 
6 : 177993 59201 167003 59182 166985 59181 
6 : 131630 166170 223785 131612 131617 166161 
6 : 249983 238813 41052 238806 41041 41036 
6 : 207426 71558 262951 71544 207430 71562 
6 : 232170 171455 245171 171446 232165 171448 
6 : 77330 127300 261084 77312 77329 127298 
6 : 231056 261991 225289 231055 225282 225287 
6 : 118016 35654 234847 35640 118010 35648 
6 : 156961 239223 240925 156956 156957 239213 
6 : 177606 246238 260759 177596 177599 246234 
6 : 251660 199595 154237 199589 154233 154224 
6 : 244020 229811 187839 229805 187829 187825 
6 : 143632 232314 246104 143625 143628 232307 
6 : 182395 186887 208334 182379 182383 186869 
6 : 40623 154073 262979 40609 40624 154074 
6 : 260440 63465 2089 63464 2087 2059 
6 : 191572 148136 242902 148122 191570 148131 
6 : 185729 262988 25893 185735 25873 25899 
6 : 250396 262526 230457 250395 230448 230456 
6 : 230167 142822 252989 142809 230162 142817 
6 : 249794 242591 96747 242584 96738 96736 
6 : 208894 219789 188727 208883 188711 188713 
6 : 260013 70499 236840 70496 236834 70489 
6 : 40509 84511 55938 40484 40481 55912 
6 : 155429 263002 40095 155432 40069 40096 
6 : 260690 106543 190711 106538 190705 106523 
6 : 6939 216188 186701 6930 6928 186689 
6 : 155346 168659 234319 155323 155333 168652 
6 : 229083 183053 102253 183040 102237 102232 
6 : 101589 219335 233557 101577 101580 219325 
6 : 129207 102941 259641 102925 129206 102938 
6 : 218484 171653 14420 171643 14408 14402 
6 : 69927 216634 253049 69918 69924 216632 
6 : 260729 110594 257746 110593 257744 110592 
6 : 79862 73454 215563 73433 79855 73444 
6 : 11548 229588 207345 11539 11534 207334 
6 : 263031 191951 205682 191952 205683 191939 
6 : 51437 103341 81752 51421 51418 81720 
6 : 97216 245155 95268 97211 95245 95263 
6 : 166418 263050 263049 166421 166420 263918 
6 : 263048 195510 243988 195511 243991 195500 
6 : 183807 233835 259148 183798 183805 233834 
6 : 175815 204004 65429 175809 65413 65419 
6 : 213496 263060 243083 213500 213494 243086 
6 : 256217 180443 69581 180439 69580 69572 
6 : 159489 100143 243628 100119 159480 100134 
6 : 249254 211553 240996 211546 240986 211542 
6 : 260647 25753 207216 25751 207215 25739 
6 : 72352 240982 54235 72347 54209 54228 
6 : 252181 229833 116756 229828 116751 116745 
6 : 263074 233761 146535 233764 146536 146526 
6 : 263087 1432 263088 1433 263093 1436 
6 : 195369 167913 1266 167905 1250 1247 
6 : 254379 204475 36272 204467 36266 36258 
6 : 262829 69012 263041 69010 262828 69011 
6 : 4775 249271 262285 4771 4774 249268 
6 : 179572 262670 220583 179571 179569 220582 
6 : 74016 103630 238017 73992 74008 103615 
6 : 226305 190168 251508 190156 226301 190164 
6 : 222291 220115 80246 220102 80230 80228 
6 : 249190 15842 251793 15836 249187 15838 
6 : 241616 249709 137211 241613 137204 137207 
6 : 251041 85349 86339 85343 86331 85324 
6 : 253355 179629 244264 179619 244257 179615 
6 : 223028 153312 193709 153300 193699 153298 
6 : 195559 194163 114265 194154 114252 114251 
6 : 229121 211991 227699 211984 227688 211983 
6 : 258798 27985 233256 27981 233250 27975 
6 : 190662 245330 262585 190657 190661 245328 
6 : 10636 248353 200014 10628 10623 200002 
6 : 721 33602 241315 692 712 33589 
6 : 5750 62244 46499 5717 5715 46464 
6 : 190169 124504 182732 124484 182709 124482 
6 : 120781 248781 156493 120775 120766 156485 
6 : 139707 226727 155776 139700 139692 155762 
6 : 1502 242771 249888 1495 1498 242762 
6 : 202214 16877 224705 16858 202199 16862 
6 : 193046 178059 204350 178045 193039 178047 
6 : 263142 263194 69583 263145 69582 69586 
6 : 52526 255310 263195 52517 52527 255311 
6 : 149953 83653 227063 83631 149949 83644 
6 : 206890 257472 262588 206886 206888 257471 
6 : 262359 102126 48542 102123 48540 48514 
6 : 248449 255741 193970 248441 193959 193965 
6 : 165904 234759 249729 165893 165899 234752 
6 : 185655 227985 188365 185648 185639 188353 
6 : 216696 261713 228114 216695 216685 228111 
6 : 223623 241159 93447 223616 93435 93440 
6 : 168857 217189 49230 168846 49202 49211 
6 : 212407 260935 248114 212404 212397 248111 
6 : 6940 248576 209146 6935 6929 209135 
6 : 250518 251539 22953 250510 22945 22946 
6 : 263238 31221 226793 31223 226798 31208 
6 : 96137 229442 108276 96126 96112 108263 
6 : 259744 70531 217605 70526 217603 70516 
6 : 263251 118966 15061 118967 15062 15037 
6 : 80073 218109 263252 80061 80075 218110 
6 : 150888 61425 60423 61406 60402 60398 
6 : 209937 256550 255699 209932 209931 255695 
6 : 195355 195599 74960 195346 74941 74942 
6 : 263261 96285 205587 96286 205589 96275 
6 : 244822 167321 78493 167315 78482 78472 
6 : 256303 45091 220477 45088 220472 45080 
6 : 185314 204798 220322 185296 185300 204793 
6 : 65609 248091 263272 65605 65610 248093 
6 : 159793 211724 219218 159773 159775 211710 
6 : 109943 222336 179179 109935 109932 179172 
6 : 263280 255776 223995 255777 223996 223990 
6 : 50871 64528 260016 50846 50868 64527 
6 : 260874 159768 13697 159762 13692 13677 
6 : 232816 263286 245769 232819 232811 245772 
6 : 257722 223327 198018 223321 198012 198000 
6 : 263098 182203 249538 182202 249537 182192 
6 : 54695 124728 202156 54684 54687 124715 
6 : 123144 94315 262569 94296 123143 94313 
6 : 130464 36837 46661 36815 46634 36808 
6 : 259587 22339 65151 22334 65150 22307 
6 : 31017 32988 243728 30997 31012 32981 
6 : 11233 263328 27545 11234 11210 27546 
6 : 263327 260479 263248 260480 263250 260478 
6 : 188634 59496 76449 59481 76426 59473 
6 : 262570 244471 257855 244470 257854 244467 
6 : 163056 99650 263334 99629 163057 99651 
6 : 81431 185776 217323 81416 81421 185762 
6 : 236987 86199 202237 86187 202225 86182 
6 : 190235 203324 99777 190227 99757 99759 
6 : 107960 235470 263349 107954 107961 235471 
6 : 210186 240147 113925 210179 113912 113917 
6 : 263350 7301 182797 7302 182798 7296 
6 : 27772 237067 256323 27764 27767 237061 
6 : 133512 116162 101529 116136 101505 101499 
6 : 156649 225212 167741 156639 156634 167728 
6 : 260081 262795 257981 260080 257977 257980 
6 : 254784 154195 255707 154190 254779 154191 
6 : 187801 233129 260107 187787 187799 233121 
6 : 239450 212262 247551 212254 239444 212258 
6 : 19522 236739 98903 19515 19504 98891 
6 : 254182 263374 158534 254185 158528 158536 
6 : 55205 164590 256183 55189 55199 164583 
6 : 257406 178286 221765 178283 221760 178273 
6 : 85048 75627 258997 75601 85045 75622 
6 : 74837 183574 241937 74825 74829 183563 
6 : 98725 263384 263385 98726 98727 264031 
6 : 263383 65248 144871 65249 144872 65223 
6 : 260828 218914 95516 218910 95513 95498 
6 : 263394 193084 196078 193085 196081 193070 
6 : 138353 263399 263400 138354 138355 263479 
6 : 30033 105542 162894 30016 30022 105530 
6 : 156747 81167 193252 81153 156739 81157 
6 : 263402 247944 67377 247945 67378 67371 
6 : 178614 259471 218927 178610 178602 218921 
6 : 261027 232506 42025 232503 42020 42012 
6 : 129871 196707 253372 129861 129869 196705 
6 : 263410 210777 213858 210779 213861 210765 
6 : 182868 146912 239463 146896 182861 146904 
6 : 65784 162501 152100 65770 65769 152084 
6 : 259098 70113 228347 70107 228341 70098 
6 : 263416 142415 168835 142418 168838 142402 
6 : 110286 249838 256622 110281 110285 249834 
6 : 148417 143633 229766 143612 148410 143624 
6 : 227113 263426 246105 227115 227107 246107 
6 : 243340 60079 229767 60070 229760 60068 
6 : 65086 220178 228873 65075 65077 220165 
6 : 252091 195600 151215 195597 151208 151200 
6 : 236632 95649 230760 95639 230747 95636 
6 : 241026 22769 163777 22755 163771 22746 
6 : 94844 252109 133244 94835 94821 133236 
6 : 101319 175279 153153 101312 101308 153135 
6 : 143173 10825 263173 10801 143171 10823 
6 : 261300 233932 235411 233927 235408 233921 
6 : 150574 260540 249539 150570 150566 249535 
6 : 172539 72026 103053 72010 103031 72004 
6 : 197220 254528 243384 197216 197215 243379 
6 : 9383 259145 20048 9382 9350 20043 
6 : 177523 200172 26510 177512 26491 26497 
6 : 112776 263450 259480 112777 112773 259482 
6 : 128037 263457 68878 128039 68861 68882 
6 : 114952 260692 209968 114947 114936 209962 
6 : 261679 44620 262368 44616 261677 44619 
6 : 239064 261244 210851 239061 210838 210847 
6 : 239065 187064 194689 187053 194681 187046 
6 : 191639 225476 263466 191628 191642 225478 
6 : 248518 140426 219958 140424 219952 140419 
6 : 143758 60 165339 47 143749 49 
6 : 220084 171012 49487 171003 49477 49470 
6 : 165253 256741 235355 165248 165241 235347 
6 : 232132 168417 96910 168408 96904 96890 
6 : 240013 152872 237504 152863 237494 152862 
6 : 21077 57244 257158 21055 21073 57239 
6 : 263481 236841 238622 236843 238625 236828 
6 : 217809 155140 263135 155121 217808 155139 
6 : 239944 261851 259040 239943 239938 259035 
6 : 175566 237865 240669 175553 175554 237855 
6 : 262036 165906 263353 165903 262035 165905 
6 : 173923 260229 84161 173921 84143 84160 
6 : 153985 245905 188889 153979 153975 188880 
6 : 263500 241571 258077 241574 258083 241567 
6 : 126676 221290 213155 126668 126667 213146 
6 : 98050 215203 258004 98039 98047 215201 
6 : 263505 197797 215751 197796 215750 197784 
6 : 261251 3960 263514 3956 261253 3961 
6 : 243904 126324 26669 126315 26661 26648 
6 : 246144 220490 263209 220480 246143 220489 
6 : 81012 208960 129055 80993 80986 129045 
6 : 258938 229084 123893 229082 123886 123878 
6 : 88453 263118 172800 88452 88434 172799 
6 : 258934 178982 240760 178979 240756 178972 
6 : 237366 186764 185090 186755 185079 185072 
6 : 113767 96467 254735 96444 113764 96462 
6 : 17170 210763 65710 17159 17143 65694 
6 : 76639 240707 438 76632 411 428 
6 : 257454 263542 12090 257457 12084 12093 
6 : 201951 192500 260100 192484 201949 192498 
6 : 255171 262604 245256 255170 245246 245254 
6 : 263548 216023 112954 216025 112956 112942 
6 : 234872 234331 209836 234321 209824 209823 
6 : 256311 262355 219219 256310 219208 219217 
6 : 158414 205738 259688 158396 158410 205737 
6 : 261341 36927 46624 36925 46620 36906 
6 : 162712 230674 242001 162698 162700 230664 
6 : 97927 211568 75628 97915 75604 75610 
6 : 261844 193743 249902 193741 249899 193732 
6 : 237182 161604 205668 161592 205659 161590 
6 : 238185 97615 256491 97605 238179 97613 
6 : 14710 170940 260976 14694 14708 170938 
6 : 155430 244328 263562 155424 155433 244329 
6 : 203799 262381 128189 203797 128174 128187 
6 : 195601 15337 129275 15317 129253 15313 
6 : 258941 257828 175960 257821 175958 175957 
6 : 263569 257761 166508 257763 166510 166504 
6 : 166347 171398 198899 166330 166334 171388 
6 : 44734 193033 257114 44716 44728 193025 
6 : 52203 207660 259810 52190 52199 207658 
6 : 204274 256062 174305 204264 174290 174300 
6 : 259330 75382 52807 75378 52802 52778 
6 : 241647 224479 263292 224464 241646 224477 
6 : 168996 252008 184749 168991 168985 184738 
6 : 179000 263574 260428 179001 178995 260430 
6 : 158508 90608 207643 90587 158492 90591 
6 : 242103 263077 226154 242102 226146 226153 
6 : 178204 138572 316 138550 302 296 
6 : 78737 177837 147258 78723 78721 147234 
6 : 211916 191154 236893 191148 211908 191151 
6 : 260984 125487 194183 125486 194182 125478 
6 : 246245 249104 54530 246242 54520 54522 
6 : 259590 63010 193745 63006 193738 62997 
6 : 263586 125277 262311 125280 262315 125275 
6 : 227502 259196 170471 227500 170452 170464 
6 : 263590 7138 209283 7139 209285 7128 
6 : 64232 210024 263595 64214 64233 210025 
6 : 199574 154573 193824 154567 193805 154566 
6 : 261596 132253 101617 132252 101616 101595 
6 : 215298 263600 47791 215300 47780 47793 
6 : 85906 31506 88822 31478 85887 31479 
6 : 170710 159066 190280 159045 170702 159046 
6 : 103936 253531 43694 103933 43668 43687 
6 : 219531 260736 240240 219529 219525 240237 
6 : 236965 249824 92987 236958 92977 92979 
6 : 261372 165677 260388 165673 260385 165672 
6 : 246810 217113 113217 217106 113212 113208 
6 : 64067 95360 232189 64048 64061 95357 
6 : 162522 47238 202444 47223 162506 47226 
6 : 248662 138542 138021 138538 138013 137994 
6 : 176402 209799 263612 176394 176405 209802 
6 : 107734 153795 63466 107718 63439 63443 
6 : 262723 83622 170472 83620 170468 83602 
6 : 237266 96713 205463 96706 205455 96702 
6 : 85195 222526 129955 85187 85182 129943 
6 : 50354 91506 213727 50336 50346 91497 
6 : 242796 244833 84258 242791 84248 84251 
6 : 67003 115744 252707 66984 66996 115741 
6 : 19834 31140 168750 19810 19816 31124 
6 : 221064 260867 197091 221063 197074 197086 
6 : 232558 88254 190319 88246 190308 88242 
6 : 125706 215267 208547 125701 125699 208535 
6 : 231108 54237 23280 54225 23268 23250 
6 : 260310 240983 116611 240979 116610 116602 
6 : 4054 165373 205847 4039 4045 165360 
6 : 257910 202656 254346 202652 254340 202650 
6 : 144824 98522 140817 98500 140791 98497 
6 : 15136 188309 146419 15124 15121 146398 
6 : 252801 117212 172540 117208 172535 117195 
6 : 260541 79969 250750 79965 250743 79963 
6 : 75162 247438 80490 75156 75147 80483 
6 : 259843 261252 263655 259841 259845 261255 
6 : 68610 37909 185940 37878 68597 37892 
6 : 256151 138356 191787 138348 191778 138340 
6 : 254012 240077 63874 240069 63864 63862 
6 : 256234 110387 261959 110384 256233 110386 
6 : 257755 263664 257084 257756 257079 257087 
6 : 128852 92451 192120 92428 128837 92438 
6 : 13127 260810 106546 13125 13109 106539 
6 : 187743 216916 172629 187736 172615 172618 
6 : 192089 39549 240132 39529 192083 39542 
6 : 242010 245338 144371 242006 144355 144357 
6 : 103192 112636 214126 103176 103183 112627 
6 : 263686 123011 261086 123012 261087 123007 
6 : 221280 218288 252857 218279 221274 218284 
6 : 234647 226838 263689 226830 234649 226840 
6 : 148418 227114 211049 148409 148408 211035 
6 : 184247 100453 263698 100432 184248 100454 
6 : 149495 139611 109518 139596 109493 109492 
6 : 27325 151216 239955 27303 27314 151204 
6 : 49552 209003 262398 49543 49549 209000 
6 : 148438 59357 55940 59335 55918 55911 
6 : 206479 128385 48212 128372 48196 48189 
6 : 121911 246920 233836 121906 121902 233828 
6 : 173475 256913 234273 173472 173463 234270 
6 : 97802 47484 146743 47464 97794 47468 
6 : 83115 263556 246683 83114 83109 246682 
6 : 200156 237971 223166 200146 200139 223153 
6 : 263722 230675 262328 230676 262329 230673 
6 : 189136 227702 164990 189125 164970 164974 
6 : 197598 7591 60897 7581 60884 7569 
6 : 259376 41486 150853 41480 150849 41467 
6 : 4519 257076 116498 4513 4504 116491 
6 : 124801 249199 207975 124795 124789 207968 
6 : 179882 252628 205612 179880 179868 205602 
6 : 85761 182557 178647 85751 85748 178628 
6 : 160803 237492 12120 160798 12099 12110 
6 : 226959 55235 202944 55226 202934 55220 
6 : 251958 101650 102036 101644 102025 101621 
6 : 77664 220124 209428 77658 77656 209417 
6 : 122675 208080 48543 122666 48516 48528 
6 : 100336 262707 245876 100334 100331 245874 
6 : 261467 241375 239557 241372 239553 239550 
6 : 263335 147213 236570 147212 236568 147204 
6 : 79791 263240 157486 79790 79775 157485 
6 : 118138 143133 259746 118121 118136 143130 
6 : 200526 228619 254069 200515 200521 228616 
6 : 262596 250539 206783 250535 206782 206777 
6 : 192765 260546 236543 192764 192760 236542 
6 : 207955 258504 263660 207952 207954 258503 
6 : 226557 35851 142750 35839 142741 35829 
6 : 249097 137092 263755 137087 249099 137095 
6 : 11642 203019 248789 11625 11636 203014 
6 : 251714 263756 80130 251715 80122 80132 
6 : 256944 57687 99527 57684 99523 57658 
6 : 263760 246684 109008 246686 109010 109004 
6 : 85928 199785 247118 85914 85922 199775 
6 : 157776 87719 238624 87695 157767 87709 
6 : 139612 213526 183074 139602 139599 183060 
6 : 112081 245571 232855 112075 112071 232846 
6 : 247687 178287 262192 178279 247685 178284 
6 : 49604 25669 240078 25648 49597 25663 
6 : 125510 121441 263396 121419 125509 121440 
6 : 262990 59063 231884 59059 231880 59053 
6 : 106144 141375 196911 106131 106135 141363 
6 : 248094 241988 204324 241979 204317 204314 
6 : 248283 240390 117091 240385 117082 117080 
6 : 263761 224447 257798 224446 257797 224442 
6 : 163377 149996 211874 149971 163360 149976 
6 : 98808 220986 38663 98805 38634 38648 
6 : 171357 203174 204113 171344 171346 203164 
6 : 232171 257059 198244 232169 198234 198242 
6 : 250875 234016 214698 234008 214686 214682 
6 : 263289 181454 214834 181453 214833 181441 
6 : 134362 257747 176021 134359 134346 176017 
6 : 195438 201259 7343 195432 7321 7323 
6 : 204719 232945 179850 204708 179830 179836 
6 : 53653 199767 196926 53643 53642 196913 
6 : 110690 209300 53106 110681 53076 53089 
6 : 52913 260102 254416 52909 52903 254412 
6 : 263807 260863 258131 260864 258132 258129 
6 : 118263 234168 186354 118255 118248 186341 
6 : 232283 231642 241350 231627 232275 231631 
6 : 68275 92596 250249 68255 68271 92588 
6 : 88097 175018 113141 88081 88074 113128 
6 : 252475 157798 247066 157793 247061 157791 
6 : 263357 222718 251756 222716 251755 222711 
6 : 253546 186225 35425 186222 35420 35400 
6 : 30035 93223 116025 30015 30018 93197 
6 : 91181 177704 167902 91165 91164 167889 
6 : 254768 247946 230531 247938 230524 230520 
6 : 58613 160940 116026 58596 58593 116000 
6 : 207183 239360 229813 207176 207173 229804 
6 : 25780 261471 51356 25777 25766 51352 
6 : 228274 257545 247638 228267 228264 247629 
6 : 158232 125278 23116 125256 23093 23090 
6 : 255411 12346 262314 12338 255410 12342 
6 : 237703 247462 260298 237693 237698 247460 
6 : 51637 259958 241048 51634 51630 241043 
6 : 161782 188801 26511 161768 26490 26496 
6 : 17027 156256 63989 17012 17003 63971 
6 : 124334 191769 263752 124322 124333 191768 
6 : 226499 209970 251382 209951 226495 209956 
6 : 218267 221291 18255 218261 18241 18242 
6 : 263829 263830 263712 263841 263713 263714 
6 : 143967 251741 105109 143964 105086 105102 
6 : 263449 213430 178236 213429 178234 178225 
6 : 168490 164748 195788 164725 168475 164728 
6 : 263837 152509 52240 152510 52241 52215 
6 : 237664 178487 178827 178474 178815 178467 
6 : 105480 191676 175035 105463 105461 175021 
6 : 263455 127646 201979 127644 201977 127635 
6 : 15440 187278 41549 15429 15424 41534 
6 : 181455 175871 262287 175849 181452 175868 
6 : 257888 198051 26006 198048 25999 25989 
6 : 187606 262609 62901 187604 62887 62897 
6 : 95717 263115 262532 95715 95714 262531 
6 : 89646 219592 173974 89635 89634 173955 
6 : 202244 141008 47519 140995 47499 47493 
6 : 234361 88983 226572 88974 226565 88973 
6 : 261488 174661 41053 174658 41051 41025 
6 : 100937 239389 226398 100932 100931 226387 
6 : 263859 173667 4936 173669 4938 4919 
6 : 263863 125308 263322 125309 263323 125307 
6 : 57216 261314 223751 57213 57201 223747 
6 : 239332 91559 160078 91548 160066 91537 
6 : 108343 48506 259008 48480 108340 48502 
6 : 219827 18617 100527 18607 100513 18598 
6 : 177505 212821 123321 177487 123296 123302 
6 : 186072 124872 244251 124852 186062 124865 
6 : 124684 233778 138357 124675 124666 138343 
6 : 20009 183646 72692 19996 19988 72668 
6 : 44929 63175 244386 44915 44924 63167 
6 : 136735 262819 245225 136734 136724 245223 
6 : 206623 263892 260886 206625 206621 260888 
6 : 60595 6701 204351 6673 60580 6688 
6 : 252619 40179 41170 40175 41163 40154 
6 : 242281 261591 103631 242279 103616 103628 
6 : 240553 257850 243077 240547 240543 243068 
6 : 252930 167082 160473 167077 160466 160453 
6 : 171256 111498 110715 111479 110697 110692 
6 : 242197 33275 122519 33265 122510 33247 
6 : 258141 11400 123427 11396 123422 11386 
6 : 113441 239289 261600 113428 113437 239284 
6 : 260833 247793 78262 247790 78259 78254 
6 : 148237 184705 229507 148222 148229 184699 
6 : 84892 164591 232857 84877 84887 164577 
6 : 60256 262069 51109 60255 51076 51107 
6 : 17285 30823 255527 17258 17280 30817 
6 : 151349 229814 64145 151339 64127 64134 
6 : 178760 254955 246353 178759 178757 246347 
6 : 261330 156097 246390 156095 246384 156089 
6 : 263178 235279 260791 235277 260790 235275 
6 : 141181 259901 255501 141176 141175 255494 
6 : 240425 141532 167544 141523 167533 141511 
6 : 241477 186368 197401 186364 197392 186357 
6 : 253338 27795 259465 27787 253335 27790 
6 : 187357 71070 197582 71049 187346 71050 
6 : 21571 229470 147673 21558 21554 147661 
6 : 235541 263096 98398 235540 98386 98395 
6 : 13968 228360 204751 13960 13955 204741 
6 : 17712 2839 22041 2814 17693 2815 
6 : 44359 209020 107793 44350 44344 107780 
6 : 173156 174459 105357 173140 105337 105338 
6 : 25834 46307 258603 25808 25829 46304 
6 : 147281 263700 230065 147280 147269 230064 
6 : 155448 262641 155390 155445 155366 155388 
6 : 212994 241140 168594 212989 168575 168581 
6 : 225291 98271 263809 98262 225290 98270 
6 : 143866 263960 71560 143867 71537 71561 
6 : 245198 260576 72776 245195 72770 72772 
6 : 212617 228976 229649 212610 212611 228964 
6 : 109374 251613 25576 109368 25546 25569 
6 : 263968 63832 107040 63835 107045 63808 
6 : 192194 234387 116058 192185 116032 116041 
6 : 221467 105139 203658 105126 203640 105120 
6 : 111724 179089 255594 111711 111720 179082 
6 : 253751 172609 48785 172603 48775 48759 
6 : 261633 263757 156373 261632 156370 156372 
6 : 213860 245814 175470 213852 175461 175466 
6 : 48613 159887 150135 48601 48600 150104 
6 : 156941 218243 263512 156928 156940 218242 
6 : 254159 51393 129699 51386 129689 51365 
6 : 164138 182110 251941 164124 164135 182103 
6 : 205006 195916 239558 195900 204998 195904 
6 : 262468 181932 79168 181930 79166 79147 
6 : 263974 175119 252009 175121 252011 175110 
6 : 1944 243035 225162 1938 1936 225154 
6 : 158734 160450 56244 158719 56214 56215 
6 : 13629 206481 186441 13622 13618 186429 
6 : 171257 53032 55943 53013 55921 53006 
6 : 262747 195543 196415 195541 196414 195527 
6 : 192241 262092 246451 192239 192233 246447 
6 : 191659 262894 68852 191657 68836 68848 
6 : 127319 252521 23449 127314 23418 23439 
6 : 226036 124595 220872 124584 220856 124582 
6 : 255195 263987 151058 255196 151050 151059 
6 : 83551 166001 192217 83537 83538 165987 
6 : 219482 96879 108756 96863 108744 96848 
6 : 239189 248368 109252 239185 109242 109243 
6 : 212264 21278 263355 21264 212261 21275 
6 : 114357 254529 134475 114355 114343 134472 
6 : 202116 64841 72027 64830 72014 64817 
6 : 249165 164788 130651 164780 130644 130630 
6 : 263198 42095 94503 42093 94501 42067 
6 : 94703 87874 263997 87850 94705 87876 
6 : 150016 177452 263996 149999 150018 177454 
6 : 12026 263998 189044 12027 12009 189045 
6 : 148512 227862 251723 148508 148510 227859 
6 : 229802 38685 82444 38680 82438 38668 
6 : 245205 50874 222982 50864 222969 50858 
6 : 261504 20433 257254 20430 257253 20428 
6 : 145333 94974 113099 94957 113077 94953 
6 : 261877 120760 75416 120758 75411 75389 
6 : 164042 262617 57958 164041 57933 57957 
6 : 170031 147015 188114 147002 170020 147003 
6 : 255921 261375 54206 255920 54200 54204 
6 : 253068 106433 195095 106427 195089 106418 
6 : 220085 169704 116413 169698 116398 116394 
6 : 105834 28404 252549 28378 105824 28399 
6 : 36957 221983 192723 36944 36940 192693 
6 : 60620 125831 160580 60601 60604 125815 
6 : 261571 103632 142352 103627 142347 103602 
6 : 194829 214188 262982 194816 194827 214186 
6 : 251986 157050 54929 157048 54923 54904 
6 : 86409 249383 223876 86403 86392 223870 
6 : 218510 252204 183386 218503 183373 183381 
6 : 189183 110077 144372 110063 144349 110058 
6 : 261224 206343 120527 206341 120525 120512 
6 : 111681 147980 20200 111672 20177 20180 
6 : 214935 191693 120761 191679 120750 120746 
6 : 264001 64814 201603 64813 201602 64801 
6 : 264023 131674 263886 131675 263887 131673 
6 : 214417 264025 260221 214418 214413 260222 
6 : 104427 132117 261534 104408 104426 132112 
6 : 78099 85954 68881 78077 68855 68856 
6 : 212711 190321 171962 190304 171947 171944 
6 : 182042 204591 162039 182024 162019 162023 
6 : 183630 215339 233595 183622 183624 215332 
6 : 32368 219431 260178 32359 32366 219425 
6 : 153776 251207 261238 153770 153774 251206 
6 : 184095 264035 88280 184098 88267 88283 
6 : 112682 82492 162419 82468 112672 82473 
6 : 207645 119702 259902 119683 207638 119698 
6 : 233430 243630 260451 233423 233427 243626 
6 : 8254 217244 233825 8238 8240 217227 
6 : 151834 131984 260946 131965 151830 131980 
6 : 263284 240113 230247 240110 230245 230232 
6 : 171716 180867 263122 171697 171712 180866 
6 : 230677 211936 70220 211920 70209 70201 
6 : 246021 32717 157617 32709 157605 32694 
6 : 85153 256448 49232 85148 49195 49223 
6 : 200056 255899 256118 200052 200053 255895 
6 : 147120 12234 168491 12213 147104 12216 
6 : 257032 219024 166584 219018 166578 166571 
6 : 238687 237387 191641 237378 191631 191630 
6 : 92373 53229 141296 53204 92354 53207 
6 : 141679 248680 210967 141669 141661 210955 
6 : 235906 261590 166585 235902 166574 166580 
6 : 176073 245878 226262 176063 176060 226249 
6 : 214638 142044 43047 142035 43031 43022 
6 : 226891 228811 111427 226885 111417 111418 
6 : 247431 29971 237254 29963 237247 29959 
6 : 11070 201924 52672 11057 11048 52659 
6 : 124814 4592 160185 4580 124802 4581 
6 : 141757 257739 244125 141755 141753 244119 
6 : 169662 217573 87505 169651 87472 87481 
6 : 185203 145029 211876 145013 185195 145016 
6 : 198062 228745 203952 198055 198052 203937 
6 : 232628 229872 174493 229860 174482 174481 
6 : 96715 39397 6075 39375 6050 6044 
6 : 252153 246669 252858 246662 252150 246663 
6 : 219231 196754 258457 196740 219227 196750 
6 : 74381 233488 261264 74374 74379 233485 
6 : 212389 164293 163320 164275 163308 163298 
6 : 254530 45386 264074 45385 254531 45387 
6 : 34578 206641 203659 34562 34561 203637 
6 : 240824 157800 255709 157790 240820 157794 
6 : 210670 264083 257354 210671 210666 257355 
6 : 36240 223652 81893 36226 36214 81875 
6 : 164918 216616 253532 164910 164914 216608 
6 : 242691 172331 230796 172318 230788 172316 
6 : 255300 253824 256005 253819 255294 253820 
6 : 151096 91789 253387 91765 151089 91779 
6 : 260877 88892 263733 88887 260875 88891 
6 : 116728 203564 226092 116712 116718 203551 
6 : 254505 223203 213123 223196 213111 213106 
6 : 74150 261830 47113 74148 47079 47108 
6 : 254543 239224 242331 239220 242326 239214 
6 : 74312 111041 46501 74288 46466 46471 
6 : 21715 248355 253063 21708 21709 248348 
6 : 203932 263028 196987 203930 196966 196982 
6 : 138358 260320 251186 138351 138347 251180 
6 : 174848 249028 251586 174839 174840 249018 
6 : 247825 252702 256524 247818 247819 252699 
6 : 111219 175232 121597 111201 111194 121578 
6 : 118858 258161 231138 118855 118846 231131 
6 : 227599 264052 172239 227598 172224 172238 
6 : 196036 231931 96749 196030 96728 96732 
6 : 220806 40181 260749 40170 220802 40177 
6 : 20668 143689 259914 20650 20664 143686 
6 : 130112 113142 17661 113123 17639 17634 
6 : 220492 220503 132379 220479 132366 132367 
6 : 169690 251418 263068 169681 169687 251415 
6 : 226365 3963 262773 3950 226361 3957 
6 : 255301 59471 68854 59462 68845 59439 
6 : 150198 244577 188366 150188 150178 188357 
6 : 48673 220493 261669 48659 48670 220486 
6 : 122970 245869 261555 122959 122969 245866 
6 : 256284 239606 247717 239602 247709 239598 
6 : 157066 144318 259910 144301 157063 144314 
6 : 84867 85198 263650 84848 84866 85196 
6 : 59299 113554 262638 59275 59297 113553 
6 : 167519 263445 96009 167517 95983 96007 
6 : 173059 3349 143822 3325 143795 3320 
6 : 241510 104960 258578 104951 241504 104955 
6 : 228494 63039 264127 63032 228495 63041 
6 : 250228 33236 3840 33232 3825 3798 
6 : 260503 4479 26008 4473 26001 4447 
6 : 50640 28878 210653 28845 50629 28861 
6 : 234708 198886 261217 198880 234705 198883 
6 : 257173 192478 260510 192471 257170 192474 
6 : 221150 217680 60219 217666 60205 60204 
6 : 263884 129031 37445 129029 37444 37421 
6 : 239200 263508 263372 239198 239197 263370 
6 : 254689 225455 60567 225450 60562 60559 
6 : 247158 148261 252743 148249 247151 148253 
6 : 253611 263627 263943 253609 253610 263623 
6 : 198694 250954 84163 198688 84147 84157 
6 : 155365 95007 260674 94981 155363 95004 
6 : 224277 131513 237401 131499 224268 131501 
6 : 231486 259825 239559 231480 231475 239552 
6 : 247794 231458 4639 231451 4627 4623 
6 : 256986 254517 70402 254514 70394 70392 
6 : 86271 261015 193662 86267 86254 193657 
6 : 216470 234076 262206 216465 216468 234074 
6 : 238369 15661 149171 15654 149164 15642 
6 : 36384 149602 138543 36359 36357 138526 
6 : 116474 239128 22803 116467 22774 22786 
6 : 231404 9071 138023 9059 138009 9046 
6 : 179167 228440 263478 179154 179165 228439 
6 : 257582 258659 108036 257581 108030 108033 
6 : 129102 57190 86704 57173 86678 57168 
6 : 234200 85686 141107 85679 141096 85663 
6 : 205966 202215 223187 202196 205952 202198 
6 : 261513 122341 253122 122337 253119 122333 
6 : 264155 260103 261730 260104 261731 260098 
6 : 176651 105387 205112 105363 176644 105367 
6 : 243134 121545 162823 121542 162816 121530 
6 : 255269 232682 252946 232678 252941 232676 
6 : 81213 136113 142238 81198 81199 136095 
6 : 85051 1532 230517 1512 85041 1521 
6 : 175089 224304 187744 175081 175074 187737 
6 : 221210 253617 187383 221200 187362 187369 
6 : 258644 242582 245048 242576 245042 242571 
6 : 181733 258686 214699 181729 181723 214687 
6 : 38601 263397 211136 38599 38590 211134 
6 : 263360 248189 158416 248186 158412 158406 
6 : 209989 263233 227517 209988 209977 227516 
6 : 104078 93955 249116 93931 104072 93947 
6 : 97974 238143 224290 97964 97962 224281 
6 : 257537 258992 264107 257533 257536 258991 
6 : 91695 235370 230744 91686 91684 230732 
6 : 178466 132357 50355 132344 50343 50338 
6 : 34239 247451 203476 34234 34227 203467 
6 : 155418 238601 228826 155409 155407 228815 
6 : 254988 256073 226796 254983 226787 226788 
6 : 68558 230248 40896 68545 40861 40884 
6 : 131985 246539 11309 131974 11283 11302 
6 : 72028 146420 69016 72009 68986 68994 
6 : 213367 230470 254188 213353 213358 230464 
6 : 261500 264175 163804 261502 163795 163806 
6 : 152062 250649 263780 152054 152060 250647 
6 : 77548 14981 237256 14956 77542 14977 
6 : 125668 259721 42399 125661 42371 42394 
6 : 135007 254177 157505 135001 134989 157493 
6 : 88228 263446 250463 88226 88218 250462 
6 : 148669 130991 5623 130974 5591 5588 
6 : 184330 207896 137417 184318 137396 137397 
6 : 183479 219008 254628 183465 183473 219000 
6 : 258733 177415 44002 177411 43996 43975 
6 : 262964 193552 200242 193550 200241 193534 
6 : 79508 264028 226193 79507 79496 226192 
6 : 224327 35056 238627 35037 224315 35042 
6 : 161386 217434 96501 161375 96472 96485 
6 : 252435 244343 118693 244336 118685 118680 
6 : 88122 240332 139003 88111 88101 138989 
6 : 111018 237818 96782 111012 96750 96770 
6 : 111393 198558 263876 111383 111392 198556 
6 : 250431 38521 55980 38509 55973 38486 
6 : 206825 47653 224740 47638 206814 47641 
6 : 250520 253347 126774 250511 126764 126766 
6 : 15474 15996 263127 15444 15472 15994 
6 : 174393 170010 261753 169984 174390 170003 
6 : 258223 248717 227518 248713 227513 227509 
6 : 163647 195386 91912 163635 91889 91892 
6 : 260218 259811 111658 259808 111655 111653 
6 : 86139 215948 37598 86126 37566 37586 
6 : 27515 187044 217168 27500 27503 187031 
6 : 244645 250521 235724 244639 235708 235711 
6 : 263774 14270 140689 14268 140688 14246 
6 : 13514 221114 259045 13499 13507 221104 
6 : 78990 24628 197567 24601 78969 24608 
6 : 1989 254729 241439 1984 1981 241435 
6 : 248362 207448 259980 207440 248359 207446 
6 : 133382 214419 262429 133369 133379 214414 
6 : 203760 256909 248752 203755 203750 248745 
6 : 264026 126198 23451 126196 23450 23417 
6 : 250055 246528 39794 246521 39780 39779 
6 : 263463 171296 19030 171295 19028 19003 
6 : 47243 138472 263973 47218 47240 138469 
6 : 40652 219973 13392 40645 13354 13380 
6 : 84539 245546 141533 84533 84517 141524 
6 : 188933 243256 8592 188926 8577 8584 
6 : 261862 62931 181321 62928 181317 62908 
6 : 53451 156153 264190 53441 53452 156154 
6 : 105233 263994 263985 105232 105231 263983 
6 : 85433 221095 240574 85422 85426 221086 
6 : 263359 27176 98778 27175 98776 27147 
6 : 183665 69048 76450 69028 76425 69019 
6 : 188635 252880 127807 188627 127785 127795 
6 : 250445 194139 181933 194133 181921 181911 
6 : 63564 210500 216783 63548 63552 210490 
6 : 43665 26598 105617 26568 43647 26571 
6 : 36903 20561 85842 20529 36884 20532 
6 : 164723 196514 133561 164713 133534 133537 
6 : 238349 190975 149914 190963 149905 149892 
6 : 165550 262620 202631 165548 165538 202627 
6 : 219533 246518 261682 219526 219530 246517 
6 : 263707 153314 249155 153313 249154 153306 
6 : 42334 263018 54375 42331 42309 54373 
6 : 261425 131805 150447 131798 150440 131777 
6 : 227443 207683 237819 207666 227432 207670 
6 : 113027 209574 212280 113013 113014 209561 
6 : 119964 262183 131218 119962 119952 131215 
6 : 147728 263269 77233 147727 77215 77232 
6 : 88229 151440 198110 88212 88215 151427 
6 : 124023 264144 196168 124022 124001 196167 
6 : 221588 196142 237409 196131 221581 196135 
6 : 84775 255180 97387 84772 84756 97378 
6 : 262378 199457 264202 199454 262379 199458 
6 : 101811 80247 251794 80215 101806 80239 
6 : 262856 264203 185349 262858 185348 185350 
6 : 162129 255481 127440 162122 127420 127434 
6 : 262971 236391 1229 236390 1228 1217 
6 : 172280 10132 117092 10111 117070 10106 
6 : 236818 263078 225375 236816 225357 225372 
6 : 220541 18648 261402 18631 220538 18645 
6 : 142698 258687 259540 142692 142693 258681 
6 : 196003 174284 220181 174272 195992 174274 
6 : 264004 41321 232083 41319 232082 41308 
6 : 105647 80887 190532 80858 105639 80868 
6 : 223469 194309 52773 194299 52759 52752 
6 : 226625 89172 187675 89157 187660 89151 
6 : 200703 152564 167831 152542 167814 152538 
6 : 243611 235172 262371 235165 243610 235171 
6 : 262950 264039 123545 262948 123542 123544 
6 : 198578 234436 235927 198564 198565 234425 
6 : 264150 165501 258211 165500 258209 165495 
6 : 179264 198491 215565 179247 179252 198480 
6 : 164024 191302 238814 164012 164016 191292 
6 : 261674 185332 214960 185328 214958 185320 
6 : 231150 62794 49959 62776 49943 49925 
6 : 252085 165109 128299 165102 128292 128277 
6 : 194045 253939 205987 194038 194030 205978 
6 : 74908 154094 186727 74897 74898 154077 
6 : 257174 257041 233898 257033 233890 233889 
6 : 38406 128933 54931 38392 38386 54901 
6 : 165748 234769 71469 165741 71443 71453 
6 : 193949 73276 260537 73256 193946 73272 
6 : 124685 190349 42637 124670 42615 42622 
6 : 237201 119575 111870 119563 111855 111839 
6 : 14094 224342 155636 14080 14074 155621 
6 : 229836 205763 40749 205752 40735 40728 
6 : 89141 195526 172709 89132 89129 172692 
6 : 223459 129146 96911 129135 96901 96882 
6 : 259952 165254 206991 165250 206987 165234 
6 : 199502 138982 193747 138969 193725 138968 
6 : 251297 5373 114511 5369 114503 5359 
6 : 132426 242905 219986 132421 132417 219979 
6 : 214545 216287 248826 214531 214536 216276 
6 : 250862 258063 262232 250858 250859 258060 
6 : 258890 207022 121010 207018 121005 120993 
6 : 99598 58249 151465 58222 99584 58227 
6 : 164626 224291 122521 164617 122492 122505 
6 : 255082 196004 238699 195998 238693 195995 
6 : 237224 254778 165586 237217 165570 165579 
6 : 150833 30789 199562 30768 150816 30774 
6 : 223223 236981 248363 223215 223216 236973 
6 : 244060 262150 141559 244058 141544 141553 
6 : 58325 258476 5295 58324 5253 5286 
6 : 219284 11720 197798 11710 197785 11707 
6 : 262233 160534 131676 160530 131670 131652 
6 : 249961 239770 262473 239764 249956 239767 
6 : 183295 146804 41749 146794 41735 41729 
6 : 205695 237665 42096 205691 42078 42083 
6 : 97849 221767 158132 97832 97825 158111 
6 : 157067 224190 251701 157055 157059 224181 
6 : 104058 258235 209205 104052 104046 209199 
6 : 166851 198476 43304 166845 43280 43287 
6 : 263140 107044 95776 107039 95771 95745 
6 : 57477 262933 239400 57476 57472 239397 
6 : 230703 79944 51957 79934 51945 51928 
6 : 81715 106222 31509 81692 31477 31483 
6 : 263037 205008 226264 205005 226257 204995 
6 : 264027 129810 263654 129809 263653 129808 
6 : 240498 57750 258604 57742 240495 57745 
6 : 148220 173926 2384 148211 2363 2368 
6 : 141489 139708 86078 139691 86058 86056 
6 : 190563 262137 214750 190561 190553 214746 
6 : 216536 185734 208562 185725 208551 185724 
6 : 106197 5250 124155 5224 106184 5228 
6 : 264187 256677 222917 256676 222916 222907 
6 : 151558 175846 208704 151541 151543 175834 
6 : 143993 32718 257650 32691 143986 32713 
6 : 209597 253720 213404 209590 209579 213397 
6 : 264168 255083 166483 255081 166482 166474 
6 : 264219 262460 119486 262459 119485 119482 
6 : 233765 86411 242364 86398 233756 86402 
6 : 201489 258064 263889 201480 201486 258061 
6 : 192878 264179 23119 192876 23095 23118 
6 : 227863 111604 202745 111594 202735 111593 
6 : 83198 126822 224456 83182 83191 126813 
6 : 159187 208181 205387 159174 159173 205371 
6 : 164063 190502 260452 164047 164059 190499 
6 : 243631 83157 256848 83147 243621 83150 
6 : 85231 84259 256494 84227 85226 84253 
6 : 106266 137390 189485 106247 106254 137373 
6 : 170062 263121 264185 170057 170060 263120 
6 : 251347 262930 157829 251342 157813 157823 
6 : 238749 252310 222410 238742 222400 222402 
6 : 106390 237651 230797 106383 106382 230787 
6 : 145633 262639 230592 145632 145623 230588 
6 : 263535 194311 104385 194308 104384 104365 
6 : 198777 233334 264229 198768 198778 233335 
6 : 214473 171553 15844 171535 15827 15820 
6 : 231382 4123 248529 4111 231374 4116 
6 : 186335 208269 177357 186323 177332 177337 
6 : 204621 178966 50819 178958 50803 50799 
6 : 151441 260233 158105 151438 151418 158103 
6 : 255934 126844 194754 126838 194747 126829 
6 : 241398 207511 50970 207501 50951 50948 
6 : 206330 255412 5091 206327 5071 5086 
6 : 110568 6201 168509 6174 110550 6181 
6 : 241826 261760 250928 241822 241817 250924 
6 : 252086 260488 37748 252083 37738 37743 
6 : 262780 206643 62795 206637 62791 62770 
6 : 104059 180357 244500 104041 104049 180349 
6 : 176592 86736 203510 86712 176577 86715 
6 : 256858 76087 258236 76083 256853 76084 
6 : 234048 79736 253559 79725 234042 79730 
6 : 151944 257771 216836 151938 151927 216829 
6 : 197690 193013 219 192996 201 200 
6 : 252126 234720 84165 234715 84159 84152 
6 : 264222 246430 233949 246429 233948 233937 
6 : 137567 255482 118207 137560 118184 118200 
6 : 188603 65017 132381 65001 132360 64996 
6 : 142170 24034 257227 24008 142163 24026 
6 : 201755 21003 116614 20987 116592 20978 
6 : 253909 219740 208486 219729 208477 208470 
6 : 189105 243257 224356 189099 189095 224346 
6 : 262485 57131 69154 57128 69151 57099 
6 : 150481 224616 220917 150472 150471 220897 
6 : 225190 124025 240763 124005 225182 124008 
6 : 225396 263215 43529 225393 43513 43526 
6 : 49658 9693 76711 9671 49635 9672 
6 : 164662 1755 251546 1742 164656 1749 
6 : 263775 259997 240035 259995 240034 240030 
6 : 76515 182206 164789 76495 76493 164767 
6 : 253344 48646 49960 48639 49953 48616 
6 : 59271 124417 254084 59261 59269 124410 
6 : 203861 193643 96392 193628 96375 96373 
6 : 183387 117350 245077 117335 183380 117345 
6 : 240708 161936 262533 161925 240705 161932 
6 : 174699 151793 136660 151771 136634 136633 
6 : 252377 199669 248211 199667 248205 199664 
6 : 113192 257870 240901 113188 113183 240895 
6 : 262662 6501 253188 6497 253185 6493 
6 : 262234 262506 258351 262229 258346 258347 
6 : 109190 262165 17326 109183 17293 17319 
6 : 263263 254148 123091 254147 123088 123078 
6 : 21685 43212 247239 21663 21675 43203 
6 : 264224 236315 186848 236314 186847 186837 
6 : 155852 196340 262486 155834 155846 196336 
6 : 264227 195236 244207 195235 244206 195226 
6 : 238549 93073 88517 93064 88503 88485 
6 : 10605 161586 125880 10589 10585 125860 
6 : 172017 257958 193332 172013 172003 193326 
6 : 208743 60569 243599 60555 208736 60561 
6 : 219895 156713 129593 156700 129577 129571 
6 : 244964 57688 260550 57680 244961 57686 
6 : 64262 154532 264049 64243 64261 154531 
6 : 263596 237034 229816 237031 229812 229803 
6 : 230810 223877 225042 223867 225030 223864 
6 : 257073 174202 226874 174196 226870 174191 
6 : 148650 251963 124545 148647 124529 124539 
6 : 207262 211755 262559 207251 207259 211752 
10 : 22 23 24 29 173981 173986 173992 177513 177521 203727 
10 : 333 321 322 328 166582 195253 239031 166568 166576 195245 
10 : 494 487 495 486 196688 254470 176955 196696 176940 176960 
10 : 635 633 634 629 97790 121463 46773 97788 46769 46771 
10 : 674 689 672 686 139351 134506 139347 134525 248104 134520 
10 : 683 668 675 673 58076 147345 137380 58062 58060 137369 
10 : 1124 1151 1149 1134 20489 20488 20464 263871 185009 185006 
10 : 1278 1268 1271 1272 93698 154186 188610 93686 93693 154182 
10 : 1280 1274 1277 1273 206760 235448 188883 206755 188871 188878 
10 : 1300 1301 1291 1295 200211 95376 133876 95377 133877 95370 
10 : 1454 1466 1456 1461 60129 60120 60126 73917 124602 73910 
10 : 1468 1476 1475 1455 216462 216459 72940 258901 72958 72952 
10 : 1491 1485 1499 1481 223171 234346 76585 223182 76580 76597 
10 : 1610 1621 1613 1622 47569 47563 47570 171651 258196 171652 
10 : 1632 1640 1626 1644 147005 32274 147012 32282 227261 32288 
10 : 1700 1701 1719 1702 137873 137893 137874 165701 165679 179022 
10 : 1777 1780 1775 1781 163829 137056 163833 137060 214378 137063 
10 : 1789 1773 1783 1788 114040 243045 260843 114034 114039 243043 
10 : 1800 1810 1801 1792 199063 199048 15318 205591 15338 15322 
10 : 1926 1943 1933 1940 158732 158723 158728 210224 247227 210216 
10 : 1956 1946 1959 1951 43680 230727 191799 43684 43674 191807 
10 : 2101 2107 2105 2106 132460 132457 132459 237859 245475 237858 
10 : 2259 2262 2261 2272 19154 19144 19171 61570 178147 61592 
10 : 2297 2313 2303 2310 77904 77897 77903 165408 210558 165404 
10 : 2298 2295 2301 2302 23810 85636 85637 23815 23816 132982 
10 : 2489 2480 2487 2491 41257 189049 210374 41255 41259 189051 
10 : 2729 2731 2727 2741 175329 153330 175338 153333 179359 153350 
10 : 2761 2749 2759 2753 117438 257868 227834 117432 117423 227831 
10 : 2784 2762 2770 2779 72370 127461 214059 72358 72365 127447 
10 : 2932 2942 2951 2946 100350 100357 100353 231213 231209 251667 
10 : 3209 3203 3212 3211 86886 143765 143764 86890 86889 217925 
10 : 3523 3524 3533 3517 174077 174087 100481 174471 100482 100499 
10 : 3546 3552 3540 3553 198445 82863 198446 82877 254666 82878 
10 : 3668 3671 3673 3682 38408 38409 38420 114560 114570 123833 
10 : 3748 3750 3737 3752 221828 154539 221829 154543 236574 154544 
10 : 3847 3845 3853 3856 107124 147097 147099 107135 107140 248108 
10 : 3859 3873 3861 3863 14123 14099 14106 103629 203124 103608 
10 : 3866 3870 3871 3872 230367 230369 230371 249089 249092 258817 
10 : 4009 4019 4012 4015 122922 122910 122911 168837 214905 168822 
10 : 4033 4025 4022 4031 145962 58549 241134 58530 145960 58545 
10 : 4044 4036 4047 4041 38141 204153 191794 38142 38138 191800 
10 : 4171 4163 4176 4177 90170 216943 216944 90173 90174 250976 
10 : 4198 4190 4193 4195 139522 201284 236183 139504 139510 201274 
10 : 4206 4228 4216 4218 62069 62058 62059 228576 228874 228560 
10 : 4222 4225 4217 4215 246824 228687 224467 228693 224475 224458 
10 : 4400 4395 4391 4397 141848 89182 163003 89175 141843 89177 
10 : 4641 4643 4655 4644 104458 104479 104463 143441 143426 178166 
10 : 4665 4669 4675 4661 218446 218454 143804 247279 143811 143820 
10 : 4684 4707 4686 4698 107121 107103 107115 118755 237244 118743 
10 : 4766 4753 4756 4760 67629 94216 162113 67621 67626 94210 
10 : 4849 4843 4842 4845 218406 206005 236649 205988 218394 205992 
10 : 4859 4857 4868 4858 149587 172028 158931 149599 149585 158949 
10 : 5007 4993 4999 4998 7583 86811 65421 7572 7570 65407 
10 : 5133 5144 5141 5146 104471 104467 104475 198636 224450 198642 
10 : 5186 5174 5181 5185 149994 219214 259896 149979 149991 219211 
10 : 5339 5335 5329 5340 196324 108628 235752 108621 196325 108629 
10 : 5461 5479 5470 5462 95589 95579 95571 198256 104581 104572 
10 : 5466 5460 5468 5474 72809 152255 152260 72814 72823 170930 
10 : 5536 5534 5535 5520 256276 258950 159964 256275 159961 159963 
10 : 5627 5633 5636 5634 26902 26909 26905 159617 159614 200003 
10 : 5655 5650 5641 5642 191688 75412 91143 75399 91130 75385 
10 : 5674 5670 5677 5672 213093 241380 233358 213095 213090 233361 
10 : 5698 5692 5711 5683 149519 195974 36997 149533 36991 37017 
10 : 5800 5799 5790 5801 224114 89866 233596 89863 224115 89867 
10 : 5878 5898 5895 5887 22792 22788 22780 243733 185525 185521 
10 : 6131 6143 6142 6147 142057 142052 142059 242107 254980 242108 
10 : 6160 6164 6161 6157 212243 212238 187930 213996 187936 187931 
10 : 6299 6298 6297 6287 248182 243933 75651 243930 75649 75647 
10 : 6455 6457 6452 6445 258485 251600 92956 251604 92960 92951 
10 : 6594 6608 6596 6602 144674 144659 144669 201680 246878 201676 
10 : 6791 6796 6799 6811 47306 47311 47320 124531 124543 188214 
10 : 6951 6955 6962 6946 119659 119668 69022 180774 69026 69040 
10 : 7057 7054 7049 7066 80198 27966 162475 27963 80210 27983 
10 : 7076 7075 7082 7070 175528 176192 42293 175532 42292 42297 
10 : 7105 7088 7096 7104 33814 190198 239608 33803 33813 190197 
10 : 7135 7137 7126 7116 253972 200481 59655 200488 59663 59640 
10 : 7183 7196 7193 7179 113981 113978 32131 228325 32153 32146 
10 : 7197 7180 7200 7187 36200 242100 202523 36205 36192 202530 
10 : 7371 7377 7376 7367 154166 154165 74325 259078 74341 74339 
10 : 7558 7553 7557 7561 182288 226453 241626 182286 182290 226457 
10 : 6942 7671 7678 7664 6958 6965 6948 223647 76430 76443 
10 : 8030 8022 8014 8016 182600 73923 89428 73914 89417 73905 
10 : 8046 8057 8038 8040 211622 143450 158701 143464 158718 143444 
10 : 8194 8199 8204 8195 151140 151145 151135 208437 156997 157007 
10 : 8248 8243 8228 8252 246065 58822 256827 58819 246071 58827 
10 : 8490 8488 8496 8492 76258 119424 119419 76272 76268 227235 
10 : 8700 8708 8715 8697 239696 239702 221376 258096 221380 221385 
10 : 8790 8799 8792 8805 36795 36787 36800 130506 228319 130512 
10 : 8823 8820 8815 8812 217567 143715 67105 143702 67099 67082 
10 : 8831 8838 8840 8829 37346 37348 23839 208673 23853 23858 
10 : 8973 8978 8968 8971 231283 158113 192535 158123 192543 158108 
10 : 9110 9118 9112 9114 13619 13605 13613 55925 128172 55916 
10 : 9218 9224 9227 9202 238417 238419 53815 263146 53823 53825 
10 : 9279 9268 9282 9271 95838 249213 165158 95843 95829 165163 
10 : 9442 9433 9432 9428 188324 187294 135386 187280 135371 135370 
10 : 9502 9490 9489 9499 65492 49622 205991 49609 65487 49618 
10 : 9599 9600 9596 9597 259764 244426 248574 244430 248578 244421 
10 : 9607 9604 9613 9610 36390 120464 120456 36411 36400 217255 
10 : 9660 3761 9642 9655 3789 97477 232138 3770 3780 97470 
10 : 9740 9747 9748 9751 216495 216497 216502 248356 248358 252004 
10 : 9746 9732 9749 9741 67508 236975 216508 67512 67504 216513 
10 : 9917 9906 9914 9920 32494 174629 204625 32490 32498 174632 
10 : 9946 9942 9945 9937 197680 220743 147660 197678 147655 147659 
10 : 9947 9931 9939 9929 74692 164672 53504 74684 53478 53491 
10 : 10401 10399 10410 10395 106393 143664 39482 106406 39478 39498 
10 : 10408 10404 10406 10411 211851 225517 240967 211850 211852 225518 
10 : 10423 10414 10427 10420 60556 208869 156383 60564 60551 156398 
10 : 10470 10473 10460 10475 208965 108712 208967 108719 249088 108720 
10 : 10574 10565 10577 10563 87522 183536 37854 87524 37845 37861 
10 : 10576 10572 10569 10581 166552 112482 225805 112475 166564 112496 
10 : 10866 10871 10873 10874 161973 161977 161981 258636 258638 261768 
10 : 10879 10880 10892 10891 181328 181341 181340 190348 190346 261409 
10 : 10900 10895 10905 10907 63313 151313 151316 63321 63323 205011 
10 : 11188 11178 11176 11174 171763 97011 61165 96996 61150 61144 
10 : 11351 11353 11364 11358 140323 140339 140330 199116 199105 245771 
10 : 11523 11516 11512 11521 190860 165818 256132 165801 190857 165815 
10 : 11663 11666 11667 11658 142576 142577 35941 236754 35952 35953 
10 : 11687 11674 11682 11683 125096 214056 218121 125085 125086 214047 
10 : 11965 11972 11969 11975 99017 99008 99025 141193 211581 141204 
10 : 12147 12153 12144 12158 215704 184334 215714 184340 231220 184346 
10 : 12314 12303 12311 12313 211773 263674 264161 211768 211772 263673 
10 : 12515 12502 12505 12523 20655 75474 213562 20645 20663 75482 
10 : 12772 12798 12782 12780 42946 42928 42924 185245 169419 169396 
10 : 12821 12815 12807 12816 259805 150690 259944 150681 259797 150682 
10 : 12932 12923 12928 12926 170235 240257 229725 170231 170226 229718 
10 : 12933 12930 12927 12921 244831 239505 90746 239497 90739 90737 
10 : 12940 12955 12954 12950 192756 192754 192750 264194 248997 248995 
10 : 13130 13138 13153 13142 47415 47427 47417 146827 146811 187060 
10 : 13152 13143 13145 13135 196224 211470 104349 196213 104329 104331 
10 : 13245 13257 13262 13244 116374 116385 78886 220491 78899 78911 
10 : 13250 13259 13246 13260 143767 118666 143768 118678 238901 118679 
10 : 13254 13241 13242 13248 67269 73466 127421 67259 67262 73462 
10 : 13474 13458 13472 13456 101158 225714 66676 101154 66653 66669 
10 : 13589 13600 13591 13595 155203 155191 155196 169192 213096 169185 
10 : 13713 13712 13711 13664 264147 262528 13700 262527 13699 13695 
10 : 12629 13857 13858 11881 12630 12633 11880 79793 11883 11887 
10 : 13923 13943 13937 13932 87625 87616 87612 201513 162920 162902 
10 : 14045 14047 14063 14053 44932 44955 44937 84400 84375 163805 
10 : 14113 14115 14120 14096 232560 232564 46486 236022 46487 46490 
10 : 14164 14154 14159 14160 62755 160248 165154 62746 62748 160240 
10 : 14494 14501 14488 14485 134468 68992 45022 69002 45035 45013 
10 : 14669 14680 14676 14672 173057 173053 173049 247275 200891 200884 
10 : 14765 14763 14783 14781 19498 51585 51578 19523 19518 257299 
10 : 14907 14911 14904 14909 187292 173358 187285 173374 220626 173367 
10 : 15257 15263 15253 15255 132973 107244 129473 107250 129481 107243 
10 : 15394 15388 15389 15391 222766 234065 257869 222760 222762 234061 
10 : 15425 15431 15439 15434 63521 63531 63525 218172 218170 240526 
10 : 15591 15592 15597 15588 219274 219278 176944 235511 176947 176954 
10 : 15716 15723 15722 15718 164824 164822 164817 222506 172411 172409 
10 : 15855 15852 15848 15857 177781 153918 207979 153911 177785 153922 
10 : 16040 16050 16039 16037 106517 81693 50168 81713 50186 50165 
10 : 63 16318 16308 16312 83 67 72 63424 159259 63414 
10 : 16364 16361 16356 16366 241980 210135 248343 210129 241982 210137 
10 : 12348 16497 16504 16499 12362 12373 12366 222340 222331 253412 
10 : 16498 16502 16496 16493 232659 179173 141853 179182 141863 141845 
10 : 16612 16610 16618 16625 40106 150530 150537 40112 40127 208841 
10 : 16636 13919 16632 16633 13939 176924 191027 13933 13934 176919 
10 : 16682 16679 16688 16684 125859 152995 152990 125868 125864 189032 
10 : 16686 16678 16672 16692 112128 26159 213436 26146 112135 26167 
10 : 16766 16763 16765 16762 114278 183811 108018 114277 108010 108017 
10 : 16767 4412 16770 16771 4434 199166 199174 4439 4444 257546 
10 : 16914 16924 16923 16918 95841 95840 95832 249927 200633 200631 
10 : 16983 16997 16979 16996 206639 136637 206638 136658 262844 136656 
10 : 17064 17071 17074 17072 47722 47725 47723 261964 261961 262353 
10 : 17146 17161 17153 17147 129461 129456 129447 175024 142954 142942 
10 : 12822 17252 17244 17245 12844 12829 12833 102592 127005 102581 
10 : 17557 17546 10665 17553 169049 10691 212599 10675 169041 10682 
10 : 17593 17594 17578 17577 223765 50240 20033 50241 20035 20014 
10 : 17708 17697 17696 17699 90320 82726 139098 82710 90307 82716 
10 : 17986 12203 17987 17978 12223 220841 52223 12224 12205 52225 
10 : 18138 18131 18133 18134 247791 256983 257234 247787 247788 256982 
10 : 18142 18156 18140 18161 71604 25231 71611 25248 227992 25251 
10 : 18286 18282 18277 18281 260467 197564 259230 197559 259224 197558 
10 : 18317 18315 724 18337 110210 737 116364 735 110235 759 
10 : 18420 18424 18416 18412 252412 143595 64730 143598 64736 64711 
10 : 18590 18574 18568 18575 177061 52344 202964 52326 177044 52328 
10 : 18916 18922 18923 18933 44370 44372 44385 149074 149089 152411 
10 : 19059 19061 19052 19050 203048 124111 115326 124117 115332 115315 
10 : 19177 19178 19175 19176 160118 108464 147233 108467 147236 108462 
10 : 19207 19191 19204 19201 72224 255519 187840 72217 72213 187834 
10 : 19629 19631 19634 19625 182447 182451 153137 192256 153138 153145 
10 : 19638 19640 19627 19637 247424 181397 245762 181398 245763 181396 
10 : 19647 19652 19650 19658 125386 125383 125393 190355 219122 190361 
10 : 19790 19784 19777 19779 168375 45638 83242 45627 83231 45621 
10 : 19861 19872 19883 19862 70137 70149 70125 182167 80440 80466 
10 : 19881 19877 19864 19871 233590 104451 176512 104445 176505 104431 
10 : 20250 20253 20243 20248 237116 39388 205454 39398 205465 39384 
10 : 20257 20258 20270 20274 157438 157450 157455 157655 157659 258103 
10 : 20405 20404 20408 20398 258927 261896 154755 258929 154753 154761 
10 : 20612 20600 20608 20611 136373 202750 227096 136369 136371 202747 
10 : 20705 20707 20165 20715 50331 20169 50345 20171 59615 20190 
10 : 20725 20728 20722 20730 192191 105118 192193 105136 260484 105138 
10 : 20729 20719 20727 20724 62790 260143 116054 62788 62768 116053 
10 : 14209 21024 21032 21023 14215 14236 14213 120251 105588 105614 
10 : 21168 21165 21163 21170 159877 122023 226235 122010 159882 122025 
10 : 21395 21398 21385 21405 234827 146000 234835 146003 239320 146011 
10 : 21533 18339 21514 21526 18363 28669 206418 18342 18355 28662 
10 : 21652 21660 21659 21647 236718 236716 89426 263903 89437 89435 
10 : 21924 21928 21916 21927 195892 89581 195887 89593 240292 89591 
10 : 21952 21946 21945 21949 218808 218381 242978 218367 218800 218374 
10 : 22037 22035 22016 22031 237285 91634 211698 91626 211688 91623 
10 : 22223 22225 22210 22207 251326 119693 87492 119701 87501 87467 
10 : 22395 22392 22389 22384 252556 208421 191814 208411 191810 191797 
10 : 22403 22400 22399 22405 157877 141636 208489 141630 157880 141643 
10 : 22536 22534 22531 22539 226342 188616 254783 188608 226346 188619 
10 : 22550 22543 22544 22545 109961 133961 138560 109947 109949 133945 
10 : 22671 22666 22662 22663 77947 30682 55677 30678 55675 30677 
10 : 22685 22684 22680 22686 169749 45581 175165 45580 169750 45583 
10 : 22751 22753 22764 22758 221226 221234 221230 235235 235232 249747 
10 : 22819 22811 22808 22812 177222 123835 188721 123823 177212 123825 
10 : 13946 22854 22862 4260 13953 13962 4258 127311 4270 4289 
10 : 22877 22872 22885 22868 176208 224386 87065 176216 87057 87076 
10 : 22963 22961 22968 22957 82323 131161 31520 82331 31516 31526 
10 : 23287 23291 23283 23298 186856 71873 186863 71879 232469 71890 
10 : 23289 23301 23300 23299 194711 194710 194709 264047 263326 263325 
10 : 23313 23315 23316 23307 225327 225329 141520 236769 141522 141525 
10 : 23328 22890 23333 23327 22899 180871 136183 22904 22895 136191 
10 : 23363 23348 23362 23360 93726 225711 218744 93722 93721 218739 
10 : 23488 23491 23493 23486 128782 128783 108985 216257 108995 108997 
10 : 23505 23519 23513 23512 182856 182851 182849 247395 216281 216275 
10 : 23613 23627 23621 23618 74421 74410 74407 241844 196277 196259 
10 : 23652 23673 23669 23671 53339 53328 53332 218822 233678 218814 
10 : 23763 23779 23778 23773 65168 65167 65163 253593 224715 224714 
10 : 23793 23789 23783 23786 135817 62582 92404 62577 92400 62576 
10 : 23833 23820 23828 23822 172346 212535 176981 172339 172332 176976 
10 : 23920 23913 23918 13351 87739 193168 13382 87735 13359 13373 
10 : 23939 23925 23924 23933 42603 32291 187230 32267 42592 32279 
10 : 24075 24070 24077 24073 35208 182080 137395 35212 35205 137398 
10 : 24118 24115 24119 24123 91741 128982 128987 91746 91752 186362 
10 : 24418 24414 24408 24417 209047 147462 231344 147456 209046 147461 
10 : 24529 24533 24534 24539 118005 118007 118011 202352 202356 227811 
10 : 24691 24685 24686 24679 214582 220730 153693 214572 153681 153683 
10 : 24975 24982 24980 24987 154796 154791 154803 223158 243483 223167 
10 : 24994 25003 25001 25006 200128 200126 200133 243485 248289 243493 
10 : 25156 25144 25143 25151 94050 43585 191477 43559 94044 43569 
10 : 7682 25162 25170 25163 7685 7695 7686 141751 141744 148349 
10 : 25158 25157 25160 25167 53872 63942 63949 53878 53889 114826 
10 : 25196 25188 25195 25190 207818 257427 221548 207816 207807 221544 
10 : 25318 25311 25319 25310 69838 209925 56223 69839 56207 56224 
10 : 25326 25347 25355 25348 38022 38031 38025 247832 247827 248536 
10 : 25530 17456 25540 25528 17472 223310 213235 17483 17470 213252 
10 : 25627 25619 25616 25617 235371 188368 188474 188356 188459 188346 
10 : 25655 25653 25654 20490 127103 149783 20504 127102 20499 20503 
10 : 25786 25793 25806 25805 125610 125625 125623 186499 186496 263662 
10 : 25792 25783 25794 25802 87558 162432 162441 87563 87574 206038 
10 : 25839 25848 25841 25854 103012 103005 103023 114608 205222 114619 
10 : 25926 25930 25925 25927 259779 253380 259776 253386 259870 253381 
10 : 26049 26060 26052 26059 98705 98688 98703 139856 248001 139854 
10 : 26061 26050 26051 26048 126887 136313 58417 126866 58386 58388 
10 : 26071 26073 26068 26077 174190 138529 174193 138530 207299 138536 
10 : 26124 26132 26123 26131 214369 208455 214366 208464 237769 208462 
10 : 26230 26234 26222 26228 255084 157188 253789 157192 253794 157187 
10 : 26245 24194 26249 26251 24215 241915 241920 24222 24226 259223 
10 : 26405 26416 26412 26418 178332 178330 178333 243622 256874 243624 
10 : 26436 26425 26437 26424 60887 239090 60583 60889 60570 60586 
10 : 26558 26557 26546 26559 252925 93622 253115 93621 252926 93624 
10 : 18463 26698 26706 26712 18465 18481 18484 46099 46104 238395 
10 : 26872 26861 26855 26850 206177 146637 69191 146622 69176 69167 
10 : 26883 26878 26882 26873 183168 237446 86327 183166 86317 86326 
10 : 26961 26967 26956 26957 103563 63539 82244 63551 82257 63536 
10 : 26982 26975 26981 26974 98702 236773 58406 98701 58379 58405 
10 : 27399 27406 27402 27401 241209 241204 241203 244548 243044 243037 
10 : 27415 27412 27411 27407 160538 149050 52085 149046 52078 52076 
10 : 27565 27560 27550 27559 233816 79592 233191 79584 233183 79583 
10 : 27774 27777 27786 27776 42874 42884 42873 157968 151920 151935 
10 : 27780 27778 27783 27779 164336 173674 173396 164340 164335 173400 
10 : 27892 27886 27888 27887 156591 240848 234887 156586 156583 234878 
10 : 28003 28012 28014 28020 52477 52483 52495 202453 202462 217056 
10 : 28017 28016 28010 28015 219339 189460 217459 189456 217455 189455 
10 : 28199 28207 28189 15143 250095 56200 15168 56204 15175 15146 
10 : 28291 28285 28293 28294 44382 246431 246435 44383 44388 252411 
10 : 28363 28362 28364 28359 207139 213159 177527 207140 177526 177528 
10 : 28374 28357 28370 28361 128793 248472 200949 128788 128781 200942 
10 : 28451 28448 28459 28457 73138 174844 174842 73155 73153 255619 
10 : 28472 28474 28477 28480 121311 121315 121318 179407 179410 196774 
10 : 28547 19706 28545 28524 19736 260403 31281 19733 19708 31278 
10 : 28750 28755 28766 28757 40628 40650 40634 87329 87311 158862 
10 : 28782 28786 28780 28771 189835 189106 45435 189117 45447 45433 
10 : 29253 29243 29254 29248 222244 263379 241681 222246 222234 241685 
10 : 29372 29364 29367 29373 63136 136600 240956 63125 63138 136602 
10 : 29552 29565 29547 29562 130963 81469 130959 81488 219546 81482 
10 : 29557 29542 29560 29567 34293 187100 187109 34296 34303 203726 
10 : 29559 29546 29558 20348 74269 201670 20368 74268 20352 20367 
10 : 29828 29821 1573 29827 253413 1609 264141 1598 253411 1608 
10 : 29844 29840 29836 29830 96936 76261 38315 76254 38306 38300 
10 : 30159 30165 30164 30152 212880 212879 136209 263743 136223 136220 
10 : 30228 30219 30218 30231 172811 161032 234804 161021 172814 161038 
10 : 30300 30290 30297 30292 188516 236318 207878 188515 188510 207872 
10 : 30474 30489 30470 30467 158437 119245 105595 119265 105613 105587 
10 : 30600 30593 9867 30596 148941 9886 171017 9876 148938 9882 
10 : 30731 30726 30729 30725 215808 250534 190593 215803 190582 190588 
10 : 30749 30738 30762 30759 45130 147693 147685 45151 45141 235353 
10 : 30777 30781 30783 30780 233612 233613 233611 260020 259975 259979 
10 : 31022 31032 31019 31026 190151 64542 190143 64557 230854 64548 
10 : 31078 7438 31070 31064 7466 248821 197563 7462 7454 197555 
10 : 31173 31169 31170 31187 38869 75107 109223 38866 38889 75124 
10 : 31186 11766 31189 726 11787 248739 750 11791 723 758 
10 : 31331 31321 31316 31325 185137 82299 219861 82284 185133 82291 
10 : 31429 31426 31430 31424 84118 217341 43983 84128 43967 43994 
10 : 31440 31439 31443 31434 226181 231623 58402 226187 58400 58410 
10 : 31719 31723 31713 31727 193375 90859 193381 90865 226907 90871 
10 : 31730 31742 31731 31741 51429 51423 51428 112624 177727 112623 
10 : 31805 31785 31784 31797 90986 80358 216004 80333 90979 80350 
10 : 31933 31922 31916 31917 218807 173590 187312 173574 187303 173572 
10 : 32013 32012 32005 32014 235543 148056 236168 148055 235546 148060 
10 : 32046 32055 32058 32036 147611 147616 44399 226137 44409 44415 
10 : 32053 32037 32051 32047 46298 192092 154629 46296 46289 154628 
10 : 32057 32040 32045 32038 99252 147580 68502 99238 68479 68483 
10 : 32080 32082 23244 32072 220204 23263 126421 23267 126426 23253 
10 : 32175 32177 5375 32164 244181 5399 49948 5406 49957 5376 
10 : 32255 32259 32246 32265 227760 97500 227763 97504 248868 97510 
10 : 32411 32408 32407 32410 112387 105335 144020 105329 112383 105332 
10 : 32414 32424 32405 32421 174448 33837 174446 33845 203314 33841 
10 : 32476 32462 32468 32469 91011 153536 169632 90993 90995 153519 
10 : 32726 32723 32730 32733 105460 174920 174924 105466 105479 216702 
10 : 32732 2840 32719 32721 2869 47787 65703 2842 2844 47763 
10 : 32755 32764 32773 15664 85797 85805 15668 175084 15679 15689 
10 : 33001 32994 32991 32992 147311 83510 113334 83496 113318 83492 
10 : 33029 13754 33034 33026 13770 209735 165707 13784 13765 165719 
10 : 9330 33180 33176 33189 9339 9334 9349 120997 222778 121009 
10 : 33288 33287 33292 33289 177822 182010 182008 177824 177823 186517 
10 : 33309 33296 33300 33304 40848 77046 165802 40836 40841 77040 
10 : 33481 33474 33489 33473 118303 221939 103995 118317 103981 104008 
10 : 33533 33521 33525 9796 71382 203885 9822 71376 9801 9811 
10 : 33649 33638 33643 33633 154210 184626 69447 154204 69430 69438 
10 : 33669 33659 16114 33665 50602 16136 146381 16116 50593 16125 
10 : 33891 33892 33898 33893 111707 111716 111708 139029 139023 154816 
10 : 33938 33928 33929 33942 149186 161503 246349 149174 149190 161508 
10 : 34057 34050 34051 34049 175916 208882 166818 175910 166797 166801 
10 : 34205 34214 34211 34207 65749 65745 65742 184637 104574 104570 
10 : 34252 34248 34244 34257 206728 176289 247956 176286 206736 176302 
10 : 34256 34254 34246 26171 262019 202812 26211 202809 26209 26190 
10 : 34275 34267 34260 34269 169120 84425 195086 84415 169114 84417 
10 : 34543 34529 34544 34530 77832 261495 97874 77833 77810 97875 
10 : 8532 34665 34673 34680 8537 8548 8555 165996 166000 243530 
10 : 34670 34682 34676 34675 218717 218713 218712 249448 246116 246111 
10 : 34706 34707 34699 34702 263785 242638 256423 242639 256424 242632 
10 : 34820 34829 34819 34828 122100 120660 122097 120676 219145 120674 
10 : 34853 34842 34846 34851 186367 221094 257769 186360 186365 221093 
10 : 34887 34891 34876 34896 218630 80575 218635 80578 228853 80584 
10 : 35145 35144 35148 35162 147746 160039 160056 147749 147765 166793 
10 : 35322 35317 497 35332 79188 502 200534 499 79200 516 
10 : 35541 35563 6388 35544 68449 6394 68429 6422 133559 6398 
10 : 35608 35583 35588 35590 44733 75380 112978 44707 44710 75363 
10 : 35635 11550 35647 35637 11552 48879 48870 11572 11555 94862 
10 : 12529 35744 21079 35737 12555 12527 12541 21109 190529 21094 
10 : 35739 35742 35741 35734 216133 216132 137884 223460 137888 137886 
10 : 35776 35791 35771 35778 164239 97095 164229 97117 171573 97099 
10 : 35787 35781 35777 35790 204193 168036 238754 168029 204196 168041 
10 : 35803 35809 16847 35813 237949 16868 237954 16873 248703 16876 
10 : 35872 35874 35878 35876 177906 177915 177909 192100 192093 230057 
10 : 35112 36009 36002 36003 35132 35117 35118 93092 95210 93074 
10 : 36022 36023 36024 36016 258316 258317 190811 258396 190812 190815 
10 : 36036 36027 36038 36031 134797 256652 222971 134800 134786 222980 
10 : 862 36062 36064 36072 866 867 877 93075 93087 106810 
10 : 36138 36144 36148 36134 195643 195651 95085 222833 95090 95098 
10 : 36139 36149 36133 36150 201066 92385 201068 92390 260556 92391 
10 : 36434 36432 11235 36426 181275 11253 73367 11249 73361 11239 
10 : 36449 36457 36451 36446 163657 163654 146314 193814 146324 146318 
10 : 36467 36487 36489 36482 65272 65274 65269 255363 250459 250461 
10 : 36578 36569 36562 36576 215251 43528 262218 43511 215248 43525 
10 : 36603 36608 5540 36619 113887 5543 113899 5558 219916 5574 
10 : 36727 36729 36732 36730 195122 195126 195125 234976 234974 243731 
10 : 36745 36746 36749 36756 221958 221960 221967 224771 224780 240962 
10 : 36976 36975 36970 36978 247233 222593 253313 222591 247237 222595 
10 : 36979 36960 36966 36965 101007 172446 158539 100989 100987 158513 
10 : 37050 37044 37051 37049 221222 261092 254667 221223 221220 254668 
10 : 37368 37369 37367 37379 144106 130348 144116 130349 146605 130361 
10 : 37631 37617 37629 37620 67897 225494 153123 67895 67883 153120 
10 : 37758 37760 37755 37752 228391 198864 165385 198868 165390 165379 
10 : 37759 37762 37753 37756 232300 171666 202542 171672 202549 171660 
10 : 38235 376 38233 38245 380 56824 81423 378 394 56847 
10 : 38262 38251 38266 38268 62176 240369 240371 62181 62183 263058 
10 : 38535 38537 38550 38540 90813 90830 90815 127012 126995 157825 
10 : 38544 38542 38546 38539 197203 227131 138986 197206 138985 138992 
10 : 38629 38614 38603 38611 207295 56822 189120 56804 189108 56801 
10 : 38698 38697 38691 38696 221602 141881 220572 141880 220571 141879 
10 : 38756 38783 38762 38781 88482 88459 88480 128386 262222 128382 
10 : 30588 38984 38980 38985 30599 30591 30602 95627 183409 95629 
10 : 38988 38991 38982 38978 255175 171027 55975 171030 55979 55959 
10 : 39029 39025 39042 39037 42476 80208 80201 42499 42488 201453 
10 : 39157 39152 39150 39142 231667 198821 94370 198812 94360 94355 
10 : 39317 39315 39320 39327 76159 145657 145667 76164 76173 196153 
10 : 12479 39405 39400 39407 12492 12482 12494 100822 215343 100827 
10 : 39443 39430 39441 39432 66899 188164 88147 66889 66877 88138 
10 : 39705 39687 39704 39690 58664 262781 88675 58663 58643 88674 
10 : 9332 39720 39718 39706 9348 9344 9333 259750 96781 96778 
10 : 39731 39729 39732 24158 173656 229652 24180 173661 24175 24184 
10 : 35334 39982 39989 39986 35344 35357 35354 153512 153507 239026 
10 : 40040 40058 40056 40055 97929 97926 97925 261846 261135 261130 
10 : 40146 10432 40152 40149 10449 238508 238505 10456 10452 255825 
10 : 40437 40447 40449 40444 65625 65633 65620 192442 144954 144960 
10 : 40475 40457 40472 40473 43847 175630 189188 43841 43843 175626 
10 : 40798 40803 40789 40805 193290 138424 193291 138431 238230 138433 
10 : 40928 40917 26600 40923 193776 26633 248072 26613 193770 26622 
10 : 41366 41379 41367 41373 98930 98920 98922 99733 150507 99723 
10 : 41405 41397 41390 41403 246857 146194 263270 146187 246856 146193 
10 : 41462 41465 41484 41485 50000 50021 50022 65430 65431 263464 
10 : 13193 41658 41655 41650 13219 13216 13211 257265 244121 244118 
10 : 41684 41679 23184 41683 97296 23199 198478 23186 97295 23198 
10 : 41835 41839 41842 41847 181815 181818 181823 210336 210341 233770 
10 : 41957 41966 41958 41967 111580 111570 111581 135062 249739 135063 
10 : 41971 41965 41970 41954 245135 261459 50388 245134 50381 50387 
10 : 41989 41995 41986 41976 211674 196988 73785 196999 73798 73782 
10 : 42112 42131 42130 42127 75292 75288 75285 258417 243554 243551 
10 : 42134 42147 42132 42143 169824 71414 169822 71426 237551 71420 
10 : 42150 42144 42145 42146 238320 239256 240127 238316 238317 239251 
10 : 42358 42347 14391 42343 196908 14416 153740 14405 153727 14399 
10 : 42430 42427 42426 38033 245804 226411 38069 226407 38062 38054 
10 : 42456 42470 42453 42461 97729 74839 97720 74860 177739 74850 
10 : 42562 42556 42550 2957 224540 58791 2987 58784 2978 2959 
10 : 42728 42743 42726 42732 171513 145793 171498 145817 201532 145799 
10 : 43002 13318 29142 43012 13321 29144 62328 13317 13340 29165 
10 : 43048 43025 43033 43046 175143 224722 263695 175130 175142 224720 
10 : 43154 43158 43163 33239 99192 99200 33241 166471 33254 33263 
10 : 43169 43188 43180 43172 51744 51737 51729 218654 121130 121114 
10 : 38729 43190 43189 43192 38735 38733 38738 103724 138173 103725 
10 : 40956 43327 43336 43328 40973 40983 40974 231089 231081 231393 
10 : 43320 43332 43335 43317 116680 116684 45988 254065 46006 46015 
10 : 43353 43355 43349 34902 253670 179555 34929 179560 34936 34913 
10 : 43602 43610 43611 43601 48488 48489 45420 165705 45430 45431 
10 : 43738 42185 43728 43729 42206 45265 53812 42186 42188 45248 
10 : 43779 43787 43776 43784 182146 155477 182143 155489 224660 155483 
10 : 43783 43791 43778 43777 221666 174558 155662 174568 155673 155656 
10 : 44012 44013 44016 44006 232328 232332 147463 235648 147464 147472 
10 : 44032 44024 44034 44023 214866 257045 209440 214871 209431 209445 
10 : 37361 44046 44039 44059 37372 37366 37386 114517 201235 114535 
10 : 44043 44058 44055 44052 145861 145855 145854 249807 241603 241596 
10 : 44096 44097 44086 44080 263320 242495 222476 242496 222477 222465 
10 : 44170 44178 44172 40678 125135 125131 40689 136102 40699 40690 
10 : 44216 44229 44222 44215 201664 201661 192691 252214 192718 192706 
10 : 44629 44627 44630 44628 214037 248484 241133 214038 214036 241135 
10 : 44801 44803 11072 44793 213741 11087 61554 11095 61557 11073 
10 : 44963 44962 44958 44959 146176 113199 114963 113197 114960 113193 
10 : 3406 45057 45064 45065 3414 3428 3429 140374 140376 263201 
10 : 45139 45136 45147 45135 219381 231328 201640 219388 201639 201647 
10 : 45321 18227 45318 45322 18248 199349 233535 18240 18249 199350 
10 : 45558 45550 45551 45555 163578 165512 204803 163570 163575 165508 
10 : 45760 45755 45762 45758 183067 243302 224404 183069 183064 224408 
10 : 45782 45772 45775 45783 201222 215233 262698 201213 201223 215234 
10 : 45829 45821 45825 45831 230273 241575 250023 230271 230275 241576 
10 : 45936 30739 45949 45952 30742 90556 90560 30757 30760 231327 
10 : 46081 46074 46073 46076 229139 225227 243177 225219 229131 225220 
10 : 46537 46531 46539 46535 162809 223391 214891 162820 162804 214901 
10 : 46678 46675 46687 46679 53322 115403 115392 53335 53324 131896 
10 : 46726 46725 46710 46722 258184 74342 248103 74337 248100 74335 
10 : 46977 46974 46980 46973 59697 165590 58479 59700 58467 58482 
10 : 47002 47010 47013 12237 203158 203161 12257 251641 12268 12273 
10 : 47131 47128 47130 47138 65480 118993 119103 65479 65493 119008 
10 : 47319 47312 47301 47316 188630 58372 218752 58356 188624 58361 
10 : 47540 47538 47546 47551 118399 185673 185678 118404 118411 229768 
10 : 30493 47567 47553 47559 30516 30495 30502 63557 153734 63543 
10 : 47555 47564 47560 47568 93808 93804 93818 163112 196906 163124 
10 : 47668 47678 47674 47665 202171 202164 143801 248540 143821 143814 
10 : 47696 47695 47687 47686 258661 233818 230240 233817 230238 230229 
10 : 47697 47690 47689 11271 240109 237831 11307 237820 11300 11299 
10 : 47817 47813 47805 47806 240386 204318 206687 204313 206681 204304 
10 : 47881 47859 47883 47873 87327 257321 219969 87330 87318 219971 
10 : 48104 8594 48101 48095 8627 242118 187946 8618 8603 187939 
10 : 34312 48174 48165 37561 34342 34330 34311 207892 37597 37585 
10 : 48277 48279 48270 48282 216881 92512 216884 92514 234552 92519 
10 : 48320 48313 48328 48326 80080 180475 180473 80090 80089 228861 
10 : 48439 48437 48441 48450 140956 180944 180952 140959 140969 191287 
10 : 49041 49038 49053 49048 148158 181376 181373 148170 148166 230122 
10 : 49242 49247 42472 49233 218217 42489 60829 42496 60837 42474 
10 : 49305 49314 49304 49320 161989 155116 161995 155129 247216 155135 
10 : 49400 49414 49411 49409 147507 147496 147494 242647 228113 228103 
10 : 7281 49420 49422 30523 7286 7287 7277 112233 30528 30530 
10 : 49661 49666 49668 49662 59308 59310 59301 143674 68260 68261 
10 : 49693 49689 49690 7306 249185 251942 7344 249175 7333 7335 
10 : 49865 49870 49864 49868 222006 211240 222003 211247 239907 211245 
10 : 49882 49891 16576 49876 196059 16594 141192 16604 141203 16585 
10 : 50322 50327 50311 50317 237568 66540 158142 66553 158155 66527 
10 : 29178 50390 50389 50403 29186 29180 29204 77717 151940 77743 
10 : 50397 50399 50396 50394 216228 190771 169315 190775 169320 169312 
10 : 50418 50409 50411 50410 135972 168815 162498 135956 135954 162482 
10 : 50568 50584 50576 50564 149618 149614 65679 216147 65706 65698 
10 : 50700 50698 50707 50705 118634 138087 138084 118650 118646 220816 
10 : 49606 50073 50991 50981 49605 49625 49611 50098 50081 177256 
10 : 34993 51124 51135 51123 35005 35021 35002 163196 127778 127799 
10 : 51138 51152 51157 51144 57159 57164 57152 256834 194266 194277 
10 : 51410 51400 51405 51407 127722 191033 226869 127711 127714 191028 
10 : 51414 51404 51398 15181 174201 95361 15212 95350 15192 15185 
10 : 23156 51550 51549 51551 23169 23167 23174 142605 178962 142611 
10 : 51705 51694 51709 51700 98644 255784 229465 98651 98636 229471 
10 : 51723 51716 51713 51718 135593 104507 238936 104482 135586 104500 
10 : 51851 51848 51852 51840 225950 237185 123759 225951 123754 123760 
10 : 51965 51968 51976 51972 155148 155164 155157 201588 201584 256790 
10 : 51988 51985 51990 51979 231421 245447 70070 231424 70065 70075 
10 : 52130 52122 52131 52127 128635 228614 196589 128639 128631 196593 
10 : 52286 52277 52284 9389 155650 249347 9418 155648 9395 9415 
10 : 52421 44064 52436 52437 44065 74121 74122 44091 44093 257223 
10 : 52557 9550 52561 52554 9577 237418 229942 9582 9574 229951 
10 : 52680 52683 52677 52679 164958 104462 133110 104470 133122 104457 
10 : 52695 52693 9168 52697 248494 9197 258265 9193 248499 9199 
10 : 52867 52859 52860 52880 62443 108468 208600 62434 62456 108485 
10 : 52989 52996 52991 52999 114766 114759 114772 132215 202767 132224 
10 : 53253 53242 53241 53238 199168 196487 188021 196476 188009 188008 
10 : 9201 53278 53268 45247 9226 9211 9200 198726 45279 45264 
10 : 21297 53290 53281 53282 21311 21299 21301 84010 95116 83995 
10 : 53294 53295 53280 53285 259840 78878 177447 78883 177453 78866 
10 : 53306 53307 53318 53308 198764 198776 198766 215287 215278 220114 
10 : 54018 54019 54037 54029 87554 87572 87567 99984 99978 215659 
10 : 54128 54118 54127 54125 139077 259397 251474 139075 139071 251473 
10 : 54136 54138 54132 33355 120640 75247 33361 75250 33366 33357 
10 : 54150 54142 54137 54143 219272 147960 230977 147944 219259 147947 
10 : 54152 54174 54163 54161 93531 93524 93522 202669 192104 192091 
10 : 1990 54277 54289 54279 1996 2016 2004 108218 108210 167286 
10 : 26897 54387 18193 54390 26910 18190 26918 18214 252828 18218 
10 : 54399 54400 54406 54405 213441 213452 213449 214200 214197 254029 
10 : 54568 54567 54585 54576 161607 184706 184696 161624 161614 224084 
10 : 54605 54587 54588 54599 94580 95635 209212 94565 94577 95630 
10 : 54685 54696 54681 54694 173517 102849 173513 102871 258080 102865 
10 : 54968 54967 54971 54975 124922 141908 141915 124928 124935 212459 
10 : 44633 54986 119 54992 44642 117 44646 135 209395 142 
10 : 54981 54985 54994 54983 91725 91736 91721 203716 161715 161731 
10 : 55143 55151 55146 55149 162866 162862 162864 223490 241344 223489 
10 : 55302 55298 55290 55304 231507 125641 258588 125634 231510 125646 
10 : 55481 55476 55484 55491 121551 183781 183787 121555 121563 220218 
10 : 55706 55702 55710 55711 79222 162589 162591 79234 79236 245536 
10 : 55718 55713 55724 55725 117581 216547 216554 117586 117591 251142 
10 : 55867 41550 32511 55863 41567 32532 190677 32510 41556 32518 
10 : 56141 56130 56135 56133 144443 217984 195621 144435 144433 195609 
10 : 56167 56175 56177 56169 218780 218782 218774 252626 225222 225224 
10 : 56284 56281 56288 56289 165115 202323 202324 165122 165124 238849 
10 : 56433 56451 56440 56434 140032 140021 140011 208194 144972 144958 
10 : 56861 56858 56862 56860 195701 230027 228798 195703 195699 228802 
10 : 56880 56876 56879 56884 193305 225356 233451 193302 193313 225374 
10 : 57027 57011 57024 57017 125419 252964 216965 125415 125408 216956 
10 : 57048 57038 57043 57039 245664 257791 245868 245660 245657 245861 
10 : 44186 57067 57058 57055 44204 44198 44191 203868 133334 133324 
10 : 57140 57138 57137 57141 200956 197284 242056 197277 200959 197288 
10 : 57169 57176 57172 57189 98250 98247 98272 126994 149406 127015 
10 : 57183 57181 57184 57174 225285 256366 141100 225286 141095 141101 
10 : 57306 57297 57296 57305 165363 100257 231225 100249 165362 100256 
10 : 57442 57458 57441 57444 176666 176593 176655 176611 206356 176596 
10 : 57453 57440 57436 57456 169221 127765 250235 127750 169224 127767 
10 : 57513 57502 57505 57503 57796 77851 61306 57785 57782 61291 
10 : 57586 57579 57575 57583 232459 111776 256032 111768 232456 111773 
10 : 57599 57597 57591 57600 231826 168014 238081 168009 231828 168016 
10 : 57886 57894 27064 35928 204033 27075 35944 27088 35957 27063 
10 : 57888 57893 57892 57887 228128 228127 226265 253350 226270 226269 
10 : 58006 58008 58003 57997 261287 240513 84708 240518 84709 84701 
10 : 58160 58156 58158 58172 153073 192326 217150 153069 153084 192335 
10 : 58318 10734 39474 58319 10742 39490 209315 10732 10746 39493 
10 : 58435 58421 58420 58432 71173 70893 239135 70866 71165 70888 
10 : 58447 58439 58445 31512 142313 234324 31535 142311 31521 31531 
10 : 1021 3115 32091 58451 1016 1017 1023 3114 3119 32098 
10 : 58625 58624 58640 58630 188770 190881 190870 188787 188777 229109 
10 : 58840 58847 58842 58853 74247 74241 74255 126310 231700 126323 
10 : 58986 58978 58979 58977 192479 205158 190512 192464 190503 190504 
10 : 59106 59109 59108 59101 188687 188685 69439 236386 69454 69446 
10 : 59252 59243 59255 59248 78348 227166 163411 78358 78335 163426 
10 : 59413 31193 50906 4128 31200 50914 4135 31192 4124 4127 
10 : 59428 59426 46372 59434 164556 46380 196632 46378 164560 46385 
10 : 59436 59427 59438 35059 168294 246969 35092 168302 35074 35098 
10 : 59530 59534 59538 59532 71109 71115 71105 148147 100882 100894 
10 : 59536 59539 59535 59531 219648 178718 87449 178720 87455 87443 
10 : 59545 59546 409 59556 121895 417 121908 423 189874 435 
10 : 59577 56247 59593 59578 56248 76759 76745 56271 56249 104341 
10 : 59989 59985 59975 59976 242141 147672 157727 147665 157714 147647 
10 : 18968 60082 60098 60094 18969 18991 18985 79967 79964 251619 
10 : 60139 60130 60122 60134 192927 82093 247908 82081 192924 82090 
10 : 60389 60393 60391 60383 252194 252193 188881 255704 188886 188884 
10 : 60520 60519 60521 60524 210767 229225 229228 210769 210772 240041 
10 : 60626 60630 60628 60622 182375 182367 110334 207421 110353 110340 
10 : 60655 60654 60641 60636 262796 221171 135304 221170 135301 135276 
10 : 60808 60810 60799 60805 261694 181481 244152 181485 244156 181475 
10 : 60947 60934 60928 60936 199859 96584 207761 96571 199849 96573 
10 : 61055 61050 29937 61063 98581 29951 215767 29939 98593 29967 
10 : 17092 61084 61074 61078 17111 17101 17103 179938 218669 179928 
10 : 61089 61108 61106 61107 86800 86793 86798 244738 255413 244737 
10 : 61103 61098 61094 61093 167181 132241 113331 132235 113322 113316 
10 : 61195 45093 61196 61203 45095 73217 73230 45098 45107 90366 
10 : 61239 61250 61232 61247 181217 63448 181213 63458 214665 63456 
10 : 61512 61529 6541 61525 95097 6544 95093 6568 238923 6562 
10 : 61602 61601 61594 61597 238146 64864 167846 64861 167844 64851 
10 : 61752 61757 61747 61761 189520 102679 189527 102688 241972 102692 
10 : 61893 61887 61885 54496 197309 63007 54528 62998 54511 54497 
10 : 62060 62064 62057 62054 232884 214681 188181 214685 188191 188175 
10 : 62249 13320 62254 62266 13324 101795 101807 13332 13349 186956 
10 : 62269 62256 15813 62271 195012 15841 258553 15824 195014 15845 
10 : 62314 62317 62300 62308 236071 136980 213604 136988 213608 136971 
10 : 62464 54933 62470 62461 54945 189000 127753 54954 54939 127761 
10 : 62482 62492 62495 62484 116719 116721 116706 232237 158141 158145 
10 : 24901 62515 62514 62520 24916 24913 24923 211479 230631 211484 
10 : 62535 62538 62529 24632 246657 138092 24656 138097 24663 24637 
10 : 62539 6920 15090 62547 6921 15091 68976 6916 6932 15108 
10 : 62558 62560 62570 62569 137351 137362 137360 184375 184374 248141 
10 : 11769 62690 62679 62686 11790 11772 11783 125304 237714 125297 
10 : 62675 38452 62676 730 38453 69526 731 38454 727 732 
10 : 62976 62973 62974 62969 221502 230803 162412 221498 162404 162407 
10 : 63071 63082 63083 63080 110202 110204 110200 257873 254599 254600 
10 : 63081 63084 33101 3971 257144 33123 3998 33128 4005 3969 
10 : 63575 63567 63587 63578 79244 149111 149097 79263 79248 185260 
10 : 63897 40323 63896 63900 40342 169425 223416 40334 40343 169433 
10 : 63957 63939 63946 63945 84246 161595 159149 84236 84235 159139 
10 : 64204 64198 64192 64206 251630 211951 259819 211944 251632 211952 
10 : 64305 64309 64304 64302 220022 172991 144855 172997 144860 144846 
10 : 64349 64338 64342 51773 215610 238386 51802 215603 51787 51795 
10 : 64388 64402 64403 64394 91240 91241 91229 214587 122398 122400 
10 : 64762 54934 64761 64765 54957 247957 249755 54956 54960 247960 
10 : 64779 64782 64781 64775 245844 245842 206929 259905 206935 206933 
10 : 65175 65177 65173 65174 142791 95489 140055 95491 140058 95487 
10 : 65186 65172 65176 65180 81668 155227 199514 81657 81664 155219 
10 : 65571 65562 65563 62372 80824 86965 62386 80816 62373 62374 
10 : 65576 42475 65584 65581 42479 119542 119535 42501 42493 245221 
10 : 65603 65593 65607 26602 158500 243809 26620 158503 26608 26623 
10 : 65750 65748 65758 65755 214923 233341 233339 214930 214928 253913 
10 : 65761 65772 65774 65764 108441 108444 108435 168804 115062 115066 
10 : 65894 65890 13485 65888 144615 13492 86282 13489 86277 13487 
10 : 65897 65900 65904 65892 225764 225774 157599 241998 157603 157614 
10 : 65915 65922 65912 8913 142159 101268 8924 101282 8940 8918 
10 : 65918 65923 41605 65916 204472 41617 154127 41636 154137 41612 
10 : 66072 66069 66080 66068 128603 159057 90360 128616 90356 90370 
10 : 66084 66089 66081 66082 252538 236942 244107 236950 244113 236940 
10 : 66227 66221 66220 66213 205979 200501 131768 200493 131757 131755 
10 : 66583 41087 66589 66593 41103 185063 185070 41109 41117 223252 
10 : 66603 66623 66614 66598 129643 129636 93344 247559 93377 93363 
10 : 24113 10924 45514 66725 10920 24111 24122 10923 10932 45528 
10 : 66970 66980 66974 58798 140531 140523 58803 213978 58824 58812 
10 : 66999 61672 67004 66997 61696 259607 256194 61700 61694 256198 
10 : 67129 67119 67124 67134 91539 142804 191849 91536 91558 142824 
10 : 67137 67142 67140 47764 149612 149606 47770 183979 47779 47774 
10 : 67272 67281 67264 64989 218174 137555 65003 137566 65016 64997 
10 : 67524 53231 67534 67530 53237 174427 174424 53258 53254 258137 
10 : 67612 67613 67616 67598 251710 251712 164675 255994 164677 164679 
10 : 67647 67651 67654 67649 104865 104870 104863 179890 160825 160837 
10 : 67723 67714 67718 67709 160246 211260 91812 160243 91801 91809 
10 : 67800 67801 67808 26323 97161 97167 26326 101151 26327 26336 
10 : 26087 67967 67955 67964 26105 26093 26099 150414 225495 150410 
10 : 68234 51298 68228 68230 51311 82477 95986 51301 51302 82466 
10 : 68534 68531 68536 68523 257849 263639 194851 257851 194844 194854 
10 : 68542 68556 68552 68554 194978 194973 194976 247266 258663 247264 
10 : 68572 68574 68561 68569 167505 108108 162402 108111 162403 108106 
10 : 68646 68642 68648 68650 212049 257261 257262 212056 212057 264165 
10 : 68649 68644 68645 25863 247238 248508 25898 247230 25889 25890 
10 : 69061 69063 69060 69052 263502 262934 182909 262937 182912 182908 
10 : 69418 69420 69416 69419 236426 223106 236423 223110 242810 223107 
10 : 69468 69462 69466 69469 99982 210606 254204 99976 99983 210608 
10 : 69494 69505 69509 69498 154696 154705 154688 245730 172026 172031 
10 : 69501 69508 69502 69492 196551 196541 138003 202445 138022 138005 
10 : 36212 69516 69513 52919 36225 36218 36210 163183 52928 52925 
10 : 69521 69523 69514 69512 259054 181842 127798 181846 127803 127783 
10 : 69605 35685 63665 69608 35695 63678 202836 35684 35700 63682 
10 : 69629 39292 69615 3313 39306 76808 3339 39293 3311 3314 
10 : 55333 69728 69729 69727 55348 55350 55346 226175 216011 216015 
10 : 69751 69759 69754 69756 176375 176368 176371 213072 219206 213064 
10 : 69979 22701 69987 69988 22705 114437 114438 22711 22713 231417 
10 : 69990 69991 19300 69986 241738 19319 202618 19322 202622 19310 
10 : 70015 70008 70007 70012 227561 215480 239514 215471 227557 215475 
10 : 70030 70021 70029 70025 110684 238573 164167 110683 110673 164164 
10 : 70264 70260 70257 70258 141638 97128 131001 97120 130993 97119 
10 : 70462 70469 70466 70457 220072 220068 149203 249997 149212 149209 
10 : 70694 70706 70691 70695 121054 76127 121041 76143 131238 76128 
10 : 70708 46993 70704 70693 47014 241260 118809 47007 46996 118799 
10 : 70717 70718 70733 70732 129104 129125 129117 134703 134699 256839 
10 : 11104 70815 70817 70800 11125 11127 11110 258967 155060 155062 
10 : 70928 4417 24038 70929 4419 24040 80170 4414 4423 24044 
10 : 70972 70974 16848 70960 227220 16863 76583 16869 76588 16849 
10 : 71094 71097 71092 71098 183604 89578 183607 89584 217072 89589 
10 : 71245 71257 71244 55808 124813 111682 55817 111699 55837 55815 
10 : 71254 71253 71249 71248 243306 203886 198388 203884 198387 198381 
10 : 71268 71273 71262 71272 247053 176097 247052 176100 255878 176099 
10 : 71343 71337 71347 71344 71581 227123 227117 71588 71584 235304 
10 : 71389 71396 71391 71390 95445 95440 95438 169878 140905 140895 
10 : 71524 71527 60014 71528 251046 60039 251047 60044 264084 60046 
10 : 71646 71638 71644 71632 193704 246188 125991 193702 125971 125988 
10 : 71804 16088 71792 71797 16110 171094 255113 16097 16107 171092 
10 : 71925 71927 71943 71918 143848 143869 94347 182475 94350 94378 
10 : 72040 72052 72046 72039 162187 162176 110102 225103 110119 110110 
10 : 17778 72118 72117 69422 17799 17797 17777 251852 69453 69452 
10 : 72170 72181 72176 72169 160217 160208 145791 216399 145816 145802 
10 : 72197 18809 72195 51890 18831 215239 51907 18825 18806 51905 
10 : 72291 72290 72294 72297 207011 235207 235214 207017 207021 254756 
10 : 72309 72308 72312 72303 255174 258907 183427 255178 183425 183429 
10 : 72379 72378 72371 72364 263935 255333 210208 255332 210207 210202 
10 : 72695 72700 72698 72699 84852 84850 84851 126498 129931 126497 
10 : 28526 72715 72707 72713 28538 28529 28537 125951 218306 125949 
10 : 92 72980 72979 5410 95 94 88 91987 5415 5414 
10 : 72990 72984 72989 72986 201002 249384 225040 200998 200992 225033 
10 : 72996 72993 73009 8290 152987 177585 8304 153001 8300 8325 
10 : 73008 72991 72995 73006 140760 174732 256558 140742 140757 174729 
10 : 73280 73278 73287 73283 122232 151624 151616 122247 122237 172415 
10 : 73523 73527 73349 73526 217217 73368 217216 73373 246490 73372 
10 : 73536 73544 73549 69823 180071 180073 69835 239280 69844 69848 
10 : 73677 73671 73678 73687 88391 205799 205808 88393 88401 211182 
10 : 7388 51487 73814 73816 7385 7394 7398 51496 51498 201361 
10 : 73817 73818 73819 60842 223509 223510 60856 236216 60860 60861 
10 : 73844 73835 73837 73840 207804 223586 252922 207797 207799 223581 
10 : 73974 73985 73976 73979 219246 219238 219239 228174 231611 228166 
10 : 74078 54042 74082 74076 54048 168159 115551 54055 54044 115558 
10 : 74099 74093 74102 74098 182486 252759 232514 182490 182483 232518 
10 : 74356 74346 74350 74361 106696 120675 224994 106678 106706 120687 
10 : 48029 74526 74530 74529 48046 48050 48049 252385 252384 263484 
10 : 74514 74516 74518 55051 139144 139149 55057 144927 55059 55063 
10 : 74541 61112 74548 46628 61122 204302 46642 61137 46627 46663 
10 : 75044 75035 75049 75033 143898 242706 136304 143902 136290 136310 
10 : 16507 75077 75075 75083 16514 16509 16522 106201 140167 106205 
10 : 75713 75707 75703 75718 143877 91650 210510 91644 143879 91653 
10 : 75836 75827 75822 75821 204566 162036 144869 162022 144852 144845 
10 : 75935 75931 75937 75930 222510 249628 220865 222513 220855 220871 
10 : 75968 75967 75970 34003 235533 242013 34020 235534 34019 34022 
10 : 75971 75958 75960 75963 98389 169407 181773 98373 98377 169395 
10 : 76052 76029 76040 76039 122827 193176 190810 122813 122812 190791 
10 : 76061 76065 76067 76066 200213 200215 200214 229047 229043 231228 
10 : 76210 76206 76212 76225 126500 146895 146914 126502 126526 153908 
10 : 76310 76309 76306 76316 161293 82102 178847 82101 161304 82115 
10 : 76453 76465 76466 20812 150398 150399 20822 263988 20843 20844 
10 : 76467 76483 76484 76471 93702 93704 93682 258928 119943 119945 
10 : 76468 76486 76475 76487 105432 105416 105434 175193 264085 175195 
10 : 76882 76889 54614 76891 182269 54620 182272 54632 239884 54635 
10 : 77140 77139 77127 77130 248053 94312 146008 94309 146006 94299 
10 : 77281 77282 77278 77289 224518 196215 224527 196216 231975 196222 
10 : 77305 77302 77301 77295 251642 246955 198416 246951 198412 198411 
10 : 77404 59712 17742 77406 59731 17769 260378 17741 59735 17770 
10 : 75977 77408 77415 77417 75979 75987 75989 100992 100994 208550 
10 : 77445 77449 77444 77452 155611 146707 155614 146719 247679 146724 
10 : 24753 77517 77518 77521 24755 24756 24761 124336 124341 140475 
10 : 77524 77527 65644 77522 184788 65656 164271 65662 164277 65650 
10 : 77553 283 77550 77551 290 89844 93477 286 287 89842 
10 : 77883 77890 77887 77891 126485 126483 126493 197462 231876 197471 
10 : 77902 77900 77899 77912 184887 177311 207169 177308 184898 177323 
10 : 3876 78130 78129 78126 3882 3880 3877 119026 83126 83121 
10 : 78134 44391 78127 78136 44407 102729 219598 44393 44413 102737 
10 : 78157 78159 78169 57961 143968 143983 57966 145206 57967 57982 
10 : 78414 78413 78417 78421 194087 194207 194221 194091 194108 208268 
10 : 46832 78595 78578 29323 46854 46835 29319 91666 29360 29326 
10 : 78678 78667 78668 78674 144237 147063 215412 144218 144229 147050 
10 : 78697 78685 78681 78696 171114 124127 263276 124102 171113 124126 
10 : 78822 78817 78820 78823 133749 199681 224371 133743 133750 199682 
10 : 78839 78849 78847 78852 217805 217800 217806 248374 255328 248377 
10 : 53611 39373 79054 79055 39371 53613 53614 39376 39378 103956 
10 : 79157 79161 79148 79151 252005 199547 216512 199555 216518 199536 
10 : 61764 79220 79232 79229 61770 61787 61784 145900 145896 223116 
10 : 79313 27360 79303 79302 27388 152697 126094 27367 27363 126070 
10 : 18731 79347 79351 79342 18745 18750 18742 219884 195392 195399 
10 : 79344 79340 79352 79339 167411 203856 162003 167419 161999 162011 
10 : 75462 79358 79366 79360 75465 75470 75466 127981 127974 132697 
10 : 79453 79454 79450 79443 257864 235626 117729 235627 117730 117722 
10 : 9206 79456 79468 79474 9207 9216 9223 85646 85653 226506 
10 : 79656 79673 79660 79671 120860 120843 120858 144147 253233 144145 
10 : 79738 79745 79741 79747 113921 113911 113926 194764 255592 194773 
10 : 79750 79760 75072 79768 100330 75074 100337 75091 241377 75101 
10 : 46310 41291 80096 80097 41289 46334 46335 41316 41318 262967 
10 : 80140 68423 80133 80136 68445 97237 213658 68425 68438 97231 
10 : 68801 80149 80151 80146 68815 68821 68810 239154 195777 195782 
10 : 2657 80368 80367 59067 2667 2666 2655 217170 59083 59081 
10 : 80379 80376 80374 80378 144539 106177 186962 106162 144534 106170 
10 : 80533 80534 68742 80539 242135 68761 242138 68763 248784 68767 
10 : 80632 31548 30389 80631 31556 30398 181938 30383 31553 30397 
10 : 80640 80642 70760 80650 217897 70773 217907 70774 223811 70788 
10 : 12378 80686 80679 80693 12393 12384 12403 137670 230358 137680 
10 : 35366 80778 36523 80786 35369 35364 35386 36529 140914 36555 
10 : 80896 80903 80915 80902 114061 114074 114057 209190 155260 155280 
10 : 80928 80921 80917 80929 179198 95742 262276 95725 179199 95743 
10 : 81258 81254 49750 81252 181559 49781 97512 49764 97494 49752 
10 : 81272 81260 81274 81261 95176 209601 96896 95179 95161 96899 
10 : 43389 47022 81283 81279 43386 43407 43398 47037 47032 193701 
10 : 81375 17840 81380 48054 17842 95043 48056 17855 17837 48084 
10 : 49700 81530 52780 81535 49714 49694 49721 52799 251895 52808 
10 : 81770 81772 81773 81782 175099 175101 175115 178985 178998 184303 
10 : 81798 81792 65214 81806 172988 65232 204588 65225 173005 65246 
10 : 81833 57656 81840 3632 57663 121668 3637 57673 3629 3644 
10 : 81973 81986 71284 81990 169104 71292 169108 71306 257614 71308 
10 : 82027 82042 48372 82040 130950 48373 130947 48407 260536 48401 
10 : 82046 59912 37880 82056 59921 37888 172125 37877 59937 37908 
10 : 82162 82158 82153 82157 249296 185863 243047 185858 243039 185856 
10 : 82170 82171 82173 82176 206786 206787 206789 217836 217837 220358 
10 : 82292 82293 20280 82300 231733 20296 231741 20300 241262 20310 
10 : 82303 67852 16580 81339 67853 16581 81343 16578 67851 16579 
10 : 82563 82558 82560 82555 232739 237253 224718 232729 224708 224710 
10 : 82677 82681 82690 82693 139527 139535 139541 200770 200773 260854 
10 : 67878 82699 82700 82704 67888 67889 67900 191146 191152 195704 
10 : 65503 82804 82806 57816 65505 65507 57815 89123 57817 57819 
10 : 82906 82900 82894 75758 223036 148686 75786 148679 75779 75764 
10 : 82946 82949 82941 82958 193765 141428 193772 141430 215930 141440 
10 : 83057 83047 80562 5722 96516 80574 5736 80564 5723 5721 
10 : 83289 83283 83287 27679 229709 255560 27711 229706 27701 27708 
10 : 83308 83314 83313 77943 218498 218495 77952 258247 77963 77962 
10 : 83329 83334 83327 83321 249065 246110 202308 246118 202315 202304 
10 : 1693 83413 83410 83419 1709 1703 1717 189707 208955 189720 
10 : 83407 29116 83406 83416 29123 116764 174349 29118 29131 116777 
10 : 83435 83429 83428 83430 257401 209908 257730 209901 257397 209902 
10 : 83439 83438 83440 59626 103347 113262 59631 103348 59629 59632 
10 : 40211 43532 83464 73768 40206 40213 40210 43534 43531 73769 
10 : 83694 42681 56764 45651 42694 56774 45663 42680 42678 45647 
10 : 22443 83811 83816 83812 22453 22459 22454 227426 227421 229724 
10 : 83821 83838 80076 83837 142697 80078 142695 80098 261833 80095 
10 : 83936 57627 83934 83945 57633 88918 145127 57628 57649 88933 
10 : 83948 83949 83956 83960 145129 145135 145141 166683 166690 228265 
10 : 83957 83963 83947 83951 234796 125844 178132 125852 178142 125837 
10 : 84055 84064 84062 84052 204975 204973 168030 263083 168045 168042 
10 : 84186 4712 84187 84189 4738 250050 250052 4739 4746 250687 
10 : 84319 84327 84311 84308 240228 171833 85704 171845 85714 85693 
10 : 19989 84442 84450 41173 19997 20003 19985 184957 41185 41193 
10 : 84582 84584 84595 84586 121665 121687 121667 156712 156696 186009 
10 : 84616 84633 84622 84614 144105 144091 103983 197581 104010 103994 
10 : 84836 84842 84833 22919 176814 126754 22931 126762 22943 22923 
10 : 85113 85117 85115 62072 119770 119768 62076 145356 62083 62080 
10 : 85491 13950 85480 77237 13966 208017 77259 13957 13948 77249 
10 : 85511 85524 85508 85527 155443 135754 155446 135774 250492 135777 
10 : 85590 85599 85602 85589 134190 134195 128164 255826 128183 128192 
10 : 85601 85593 85592 85594 211934 164086 228524 164070 211919 164073 
10 : 85767 85789 85777 85782 133004 132991 132994 212541 237154 212532 
10 : 85893 85905 85901 85890 173907 173905 123743 251224 123766 123764 
10 : 85991 85992 85982 85995 239965 175011 239968 175012 240509 175015 
10 : 86106 86111 81432 86107 152330 81436 152328 81449 175855 81441 
10 : 86210 86206 86203 62073 236886 225214 62097 225204 62088 62086 
10 : 56182 17035 86342 86343 17030 56188 56189 17042 17043 119437 
10 : 47976 86377 86372 86383 47986 47978 47993 125553 230927 125561 
10 : 86644 86643 86640 86642 242880 234207 240337 234206 240335 234204 
10 : 86651 86639 86646 86649 230690 252068 259420 230684 230687 252064 
10 : 86743 36093 86745 52642 36110 243313 52665 36117 36085 52673 
10 : 86785 86783 86789 86791 132231 153779 153782 132238 132242 193810 
10 : 53456 86857 86855 15306 53470 53465 15302 203626 15327 15319 
10 : 86872 86871 86875 86869 211292 233608 201915 211297 201910 201920 
10 : 86893 86901 86902 86891 243901 243902 219670 261666 219683 219684 
10 : 86985 79379 25233 86980 79395 25242 138793 25232 79387 25237 
10 : 86993 78939 86997 87005 78941 120831 120838 78951 78963 206039 
10 : 24405 87378 26481 87376 24409 24402 24407 26489 118895 26484 
10 : 87408 87396 87410 87392 239168 263236 178560 239170 178545 178563 
10 : 87423 87424 87416 87411 256238 210844 104344 210845 104345 104330 
10 : 87430 87426 87412 87415 261246 130677 187066 130672 187059 130661 
10 : 87533 87531 87520 87523 263421 112497 192548 112495 192547 112478 
10 : 87536 87549 75759 87544 169581 75768 169578 75792 243093 75782 
10 : 87575 87557 35822 65122 152780 35852 65154 35831 65132 35819 
10 : 87658 87666 87652 65674 206399 137902 65692 137911 65705 65678 
10 : 87762 87753 87768 18074 134071 232414 18092 134079 18076 18104 
10 : 87780 87775 87777 87771 176927 206862 110003 176922 109992 109995 
10 : 87830 87835 87829 87840 137878 129034 137890 129041 194744 129051 
10 : 68667 44495 87885 87883 44493 68677 68673 44517 44513 216139 
10 : 87909 87893 42612 87910 112402 42634 262995 42613 112403 42635 
10 : 88029 10105 88044 55524 10108 133070 55531 10127 10104 55560 
10 : 88064 88059 88066 78765 185143 221640 78784 185150 78778 78787 
10 : 88160 88174 88168 88161 129329 129322 129320 236630 187671 187662 
10 : 88295 88284 36984 88299 112734 37007 246148 36988 112740 37013 
10 : 88297 88287 88293 88289 195970 243916 213032 195964 195961 213025 
10 : 88319 88317 88320 88323 214804 220858 220860 214807 214808 238058 
10 : 88325 46169 44131 88308 46192 44154 89594 44128 46170 44132 
10 : 88410 88411 88413 88409 230680 230689 229716 239506 229717 229729 
10 : 88415 88420 88414 88425 107465 88627 107468 88636 192270 88642 
10 : 88444 88447 88441 88430 236907 232953 124007 232956 124012 124006 
10 : 88558 88556 88555 88547 182450 175270 98583 175267 98578 98576 
10 : 88716 88706 88705 88718 200858 190679 261455 190664 200860 190681 
10 : 36095 88722 55812 86925 36107 36087 36094 55826 86932 55811 
10 : 88839 88849 88853 88844 189272 189276 189267 256730 232791 232796 
10 : 88867 88858 88859 51640 155107 161617 51664 155098 51650 51652 
10 : 89130 89128 45874 89137 161821 45887 189438 45883 161831 45902 
10 : 38388 89212 89208 13288 38405 38395 13285 188867 13314 13295 
10 : 89230 89244 32546 83623 129542 32552 83628 32565 83647 32543 
10 : 89242 89237 71972 89232 205816 71989 150233 71984 150230 71977 
10 : 89257 1046 89261 89266 1059 210278 210281 1062 1066 230222 
10 : 89516 89518 89517 89507 241381 241378 114525 244149 114527 114526 
10 : 89543 89528 89539 89530 166090 233891 186719 166088 166077 186712 
10 : 89893 89888 89892 89883 255681 264115 211206 255680 211198 211205 
10 : 90028 90022 90027 90024 90998 163202 120412 90994 90990 120408 
10 : 90036 90039 62987 75602 99335 62991 75605 62994 75606 62984 
10 : 23565 63838 90084 90087 23561 23585 23587 63865 63870 255237 
10 : 90212 3563 90219 39762 3583 238801 39777 3590 3560 39790 
10 : 90321 90305 90318 90302 121775 247835 91636 121773 91611 91632 
10 : 90385 90383 90381 90387 174005 143978 226824 143970 174013 143984 
10 : 90386 90379 90380 57963 96604 136414 57985 96588 57964 57965 
10 : 90434 90439 90430 82988 178684 127221 82996 127226 83002 82991 
10 : 12320 90656 90647 90654 12347 12321 12335 105110 245592 105100 
10 : 90843 90838 84082 90841 156149 84098 211232 84088 156146 84096 
10 : 91304 91297 91303 51776 111693 210676 51792 111690 51777 51785 
10 : 91593 91603 91589 91605 194732 124579 194734 124590 256332 124592 
10 : 91705 91711 91702 91716 139603 100117 139607 100129 219850 100138 
10 : 91718 91706 91714 91709 149494 250981 205384 149490 149482 205377 
10 : 91738 91727 122 86308 227401 155 86340 137 86323 121 
10 : 91821 91826 91829 91827 101782 101785 101783 249764 249762 255497 
10 : 91858 91859 91856 91855 247515 236232 232734 236238 232740 232728 
10 : 91876 91878 91873 91881 257320 250130 257323 250136 263408 250140 
10 : 91973 91979 91980 91984 143078 143079 143084 236484 236494 239125 
10 : 91982 74551 91985 91981 74573 260916 245638 74575 74567 245640 
10 : 92264 70225 92256 92267 70250 219551 257475 70242 70252 219555 
10 : 29234 92316 92318 89974 29235 29238 29233 94924 89975 89981 
10 : 22209 92341 92349 92334 22219 22227 22215 236483 211715 211726 
10 : 92482 41724 92481 92478 41738 189630 169291 41737 41733 169290 
10 : 92628 92631 92638 92636 208436 208441 208439 237301 237298 257015 
10 : 92918 92909 92917 24041 179159 240696 24059 179157 24053 24058 
10 : 93037 93038 93036 93029 233277 223232 163281 223233 163282 163279 
10 : 93117 93118 93122 93115 197498 197501 179070 218387 179073 179077 
10 : 93128 93131 93134 23718 100164 100166 23720 129548 23724 23725 
10 : 93248 21327 93245 93239 21350 238237 140819 21343 21331 140803 
10 : 93532 93519 46284 93516 160149 46306 143491 46290 143469 46288 
10 : 93546 93544 93543 48219 240697 239719 48241 239715 48237 48235 
10 : 1458 93639 82074 10353 1469 1457 1452 82085 10375 10351 
10 : 93661 72607 93675 93666 72609 100333 100322 72626 72617 203963 
10 : 93896 93897 72003 45018 198629 72013 45029 72021 45040 45014 
10 : 93976 93967 93974 93960 200227 257035 144967 200224 144956 144964 
10 : 94027 94028 94033 94017 234342 234349 123635 244920 123637 123645 
10 : 94137 94131 94134 86564 129775 188691 86583 129773 86573 86581 
10 : 94171 94165 94164 94175 201805 193323 255815 193315 201806 193328 
10 : 14959 67880 94385 94380 14954 14970 14961 67886 67881 111402 
10 : 94553 94542 94552 94547 129162 244238 190587 129161 129152 190585 
10 : 94562 94558 94554 94556 261151 251622 258003 251617 258001 251615 
10 : 94677 94680 75724 94670 230696 75735 209678 75746 209689 75730 
10 : 34062 94887 94903 51642 34064 34089 34060 107866 51643 51676 
10 : 94888 94890 61008 64265 110029 61011 64267 61017 64272 61005 
10 : 94920 94908 94915 94921 169283 238577 260644 169277 169287 238579 
10 : 95020 95022 95021 55947 173880 173879 55960 182111 55962 55961 
10 : 95133 95141 95140 69557 167886 167885 69567 263741 69585 69584 
10 : 95532 95528 95524 26645 235971 229306 26670 229296 26659 26658 
10 : 95565 95555 79706 95569 174516 79728 250708 79714 174521 79735 
10 : 95780 95778 95787 95789 107398 145546 145548 107405 107408 225461 
10 : 95792 95796 47626 61143 112089 47627 61145 47631 61149 47624 
10 : 81942 96106 96111 96103 81961 81965 81956 250324 238854 238860 
10 : 96185 96189 96194 96190 231518 231523 231519 258766 258763 259107 
10 : 96245 96255 37533 96251 162179 37541 162174 37551 221312 37549 
10 : 96329 96333 96337 96334 137903 137909 137905 210761 210756 216142 
10 : 96339 96341 96336 96330 262665 242171 139076 242174 139078 139069 
10 : 96347 96357 96355 96343 152595 152591 101735 246839 101751 101750 
10 : 96801 96799 96794 96805 188013 99145 232255 99139 188023 99155 
10 : 97038 60165 37718 49927 60181 37736 49949 37714 49923 37713 
10 : 83573 97183 47083 22347 83577 47081 22345 47092 22355 22341 
10 : 97522 97520 97518 97529 195672 189468 207038 189466 195687 189482 
10 : 97558 97543 84541 97561 103620 84567 253988 84542 103625 84571 
10 : 97562 97564 97560 97553 262184 259919 233125 259921 233126 233120 
10 : 97572 97567 97568 97573 117578 130660 181470 117575 117579 130662 
10 : 97651 97650 97644 97652 260806 105832 261168 105831 260809 105833 
10 : 61490 5193 97768 89976 5189 61504 61489 5206 5191 90000 
10 : 97780 65408 97771 97775 65425 150848 200255 65412 65418 150838 
10 : 97821 97809 97811 97804 167914 219417 124273 167907 124253 124259 
10 : 98080 64567 16543 95365 64582 16564 95383 16541 64566 16542 
10 : 76393 98142 84950 86926 76408 76389 76391 84969 86942 84948 
10 : 98276 68858 20322 88377 68868 20334 88389 20316 68857 20320 
10 : 11588 98315 98303 82242 11602 11596 11584 134765 82262 82247 
10 : 98319 98310 98311 98302 215864 222963 120529 215853 120515 120517 
10 : 56041 98405 98403 98400 56052 56051 56045 221296 130478 130476 
10 : 98557 98548 98547 10986 217489 209361 11014 209347 10999 10998 
10 : 98561 98569 91059 98565 157568 91064 157557 91083 223601 91073 
10 : 98707 98714 96012 98708 107530 96013 107521 96026 113298 96015 
10 : 98782 98783 98785 79973 150465 150469 79978 159873 79980 79986 
10 : 98795 98792 98786 82097 262916 220916 82131 220912 82126 82107 
10 : 99046 99053 99043 95977 141239 108102 95980 108121 96000 95979 
10 : 99049 99052 99047 24162 189128 147020 24176 147027 24183 24169 
10 : 87667 99166 99169 99167 87681 87683 87682 260506 260504 261213 
10 : 99184 99186 99187 82342 257702 257703 82362 263845 82367 82368 
10 : 99217 99226 53036 99218 166886 53044 166869 53061 176318 53046 
10 : 99306 99313 7726 2184 105076 7727 2185 7744 2205 2177 
10 : 8666 99424 99429 99430 8672 8680 8684 210538 210540 258180 
10 : 99435 99434 99442 99437 158378 176650 176645 158386 158383 214893 
10 : 99555 99550 99558 99545 214242 247854 143812 214251 143802 143818 
10 : 75841 99562 99575 99565 75845 75862 75847 134378 134367 175209 
10 : 99656 99657 99663 99660 169172 169180 169175 197609 197601 249045 
10 : 26898 23719 99665 99671 23714 26901 26913 23727 23739 157495 
10 : 99683 99685 99692 99690 221842 221850 221848 238875 238874 257795 
10 : 99914 99910 99912 99919 202692 239579 245570 202691 202700 239586 
10 : 100023 100024 100032 100021 182503 182513 131752 184379 131753 131772 
10 : 100053 100061 55020 100064 193127 55033 193129 55043 254426 55046 
10 : 66907 39197 100158 100154 39196 66929 66923 39223 39211 234384 
10 : 100195 100187 100186 100196 200617 186859 250203 186849 200621 186861 
10 : 100289 100282 100284 100279 234602 240112 180705 234592 180686 180690 
10 : 57073 88455 100290 100299 57072 57076 57090 88458 88478 122629 
10 : 70276 100313 100310 100315 70290 70285 70292 181853 241827 181859 
10 : 100342 100345 100347 100338 133177 133182 101014 196955 101024 101029 
10 : 100409 100416 100422 24602 184859 184866 24607 251498 24618 24624 
10 : 100463 100465 22348 100460 199731 22361 161515 22364 161519 22356 
10 : 27918 100677 100686 86706 27919 27927 27916 104055 86708 86734 
10 : 100700 71834 100693 100689 71850 154636 102734 71840 71835 102722 
10 : 100925 100923 100930 100934 127896 166524 166528 127901 127910 211455 
10 : 100948 100946 12978 100955 185852 12992 220132 12985 185861 12999 
10 : 101052 101044 101043 101055 135640 122609 252242 122588 135642 122611 
10 : 101188 101190 101198 101189 217013 217017 217012 241635 230966 230971 
10 : 101196 101195 101194 101199 251429 250906 251821 250905 251436 250912 
10 : 76768 101215 101204 10038 76785 76772 10035 178824 10068 10043 
10 : 101301 101296 101295 101298 164486 141316 209896 141298 164479 141307 
10 : 101330 101333 101324 101323 226842 167705 147573 167709 147579 147566 
10 : 101371 101359 29636 9869 151873 29656 9894 29644 9878 9866 
10 : 101475 101494 101488 101495 136048 136039 136049 238938 264145 238939 
10 : 16677 101550 101546 101548 16693 16685 16691 189783 255240 189780 
10 : 60634 101564 101555 101566 60647 60640 60650 178210 253395 178214 
10 : 101660 101656 101661 101657 175379 253573 221803 175380 175370 221807 
10 : 101682 101686 101676 101684 211679 169367 211676 169372 226070 169371 
10 : 101687 101690 39073 101673 247530 39097 151968 39109 151975 39078 
10 : 101714 10613 101726 42366 10614 126401 42372 10629 10608 42388 
10 : 102114 19535 102115 102109 19546 218847 172221 19549 19540 172227 
10 : 27754 102192 102188 102190 27761 27756 27757 119552 124735 119547 
10 : 78423 102324 102317 102326 78439 78432 78440 193278 257362 193281 
10 : 102333 69930 102330 102332 69940 140368 222769 69932 69938 140365 
10 : 29856 102453 28251 102461 29863 28246 29874 28260 189621 28279 
10 : 75676 102651 48730 81168 75685 48726 75675 48750 81191 48727 
10 : 102654 102659 102652 102656 166539 142639 166534 142646 182632 142641 
10 : 102766 102764 91483 102767 173753 91494 205284 91490 173754 91495 
10 : 102942 102947 102945 102957 161799 161796 161813 174204 182907 174221 
10 : 102952 102955 102944 81434 233537 169603 81454 169605 81455 81438 
10 : 103139 103143 103142 103141 209494 209488 209484 243640 215748 215741 
10 : 103145 87605 12856 64418 87606 12857 64419 12854 64416 12853 
10 : 103278 103279 101813 103281 259204 101836 259207 101840 263815 101841 
10 : 103454 103468 29906 103465 124202 29910 124196 29931 231878 29923 
10 : 103635 103640 103636 103637 163967 163957 163958 164673 170192 164663 
10 : 103641 37502 103646 103647 37520 247855 247857 37525 37528 262831 
10 : 103778 103780 35508 103779 166165 35517 166155 35529 166996 35518 
10 : 103865 103870 103879 35509 130214 130225 35511 169194 35519 35531 
10 : 103875 64643 103877 103883 64658 213057 213062 64662 64666 252885 
10 : 104154 40214 104153 23055 40226 220744 23069 40223 23047 23068 
10 : 104168 81860 104170 76418 81871 212742 76427 81877 76416 76431 
10 : 104279 104276 104282 104272 226906 244872 179460 226914 179456 179467 
10 : 104288 104291 104290 104289 205649 205645 205643 231450 219717 219712 
10 : 104541 64790 104535 104527 64810 196411 113094 64800 64791 113081 
10 : 104798 104788 104787 93336 117238 113700 93370 113673 93339 93338 
10 : 104815 94706 15150 104808 94731 15176 237190 15149 94722 15164 
10 : 104837 97823 104856 104853 97824 109818 109814 97848 97842 258250 
10 : 105052 105050 105056 89301 200798 213226 89317 200805 89315 89324 
10 : 105075 105064 105083 105073 116878 224579 219080 116889 116875 219092 
10 : 76662 105151 105145 85325 76673 76666 76658 173446 85340 85332 
10 : 105169 105163 105170 4602 205653 260831 4632 205654 4617 4633 
10 : 105318 105316 105326 105319 240599 246267 246261 240605 240600 249804 
10 : 105629 105627 105620 6678 242038 150846 6696 150844 6694 6680 
10 : 80654 105762 105765 105760 80671 80672 80669 261256 256793 256794 
10 : 105767 105783 105774 105780 110072 110060 110069 155990 227448 155983 
10 : 105778 39166 105787 105770 39177 218239 129677 39189 39171 129693 
10 : 105870 105873 78102 13290 208540 78109 13299 78117 13306 13287 
10 : 105931 105915 105924 105917 121787 175008 127985 121780 121776 127976 
10 : 105954 105938 105957 105946 130036 238322 202937 130040 130029 202942 
10 : 106029 106034 103026 106026 233504 103041 218180 103050 218190 103038 
10 : 34403 106150 106153 106151 34414 34422 34415 192128 192122 199625 
10 : 106227 106232 106233 106223 232335 232336 209680 263283 209696 209697 
10 : 106357 16433 106349 80308 16456 164683 80330 16435 16430 80311 
10 : 106369 106366 106368 106363 254851 256079 212957 254850 212954 212956 
10 : 106831 106829 68021 106833 242633 68042 260266 68039 242636 68044 
10 : 107116 107114 107119 8142 235977 253127 8167 235979 8163 8171 
10 : 107126 25583 107122 107132 25589 132647 154953 25586 25603 132659 
10 : 107158 107165 107153 107150 225996 153432 136767 153441 136780 136757 
10 : 107345 74554 107356 99352 74560 174828 99360 74576 74553 99381 
10 : 107606 107602 48005 107616 118047 48015 160252 48006 118060 48026 
10 : 107676 83089 107682 107675 83091 131998 120963 83103 83090 120973 
10 : 107745 3159 107740 84262 3180 200186 84288 3172 3155 84278 
10 : 107811 107812 107807 107808 226312 164540 174645 164546 174651 164532 
10 : 106267 107925 107926 107924 106272 106275 106270 150005 146517 146521 
10 : 108057 108054 108061 108056 203417 247376 239025 203419 203413 239030 
10 : 108064 108067 108071 108076 131952 131953 131960 181368 181377 206352 
10 : 108080 108093 79539 108090 148688 79544 148685 79561 248587 79557 
10 : 108085 108095 52443 108082 211644 52454 178365 52464 178373 52451 
10 : 108180 108172 94178 108175 109939 94195 164386 94179 109930 94183 
10 : 108182 93280 108184 108183 93296 259216 259214 93301 93299 263356 
10 : 75360 108292 48186 59207 75384 48181 59204 48214 59240 48180 
10 : 53140 108433 108424 108426 53156 53142 53147 126656 198818 126644 
10 : 25363 108546 108543 108545 25372 25369 25371 210620 215995 210619 
10 : 108787 108786 108794 108790 110267 209077 209070 110282 110272 216416 
10 : 109067 109064 109069 109062 159835 198217 147046 159840 147042 147053 
10 : 109172 109162 109170 89977 169536 240921 90003 169531 89983 89996 
10 : 109193 109203 109191 109198 188927 140958 188924 140963 240038 140962 
10 : 109308 109307 1697 109304 262228 1720 222409 1718 222407 1710 
10 : 74127 109487 109474 109468 74149 74134 74129 209269 149070 149051 
10 : 39167 63667 109541 51361 39164 39182 39163 63685 51357 51384 
10 : 109649 109653 109652 109656 186541 186538 186550 233675 237926 233680 
10 : 109857 109861 109846 109853 232839 123478 209351 123484 209355 123476 
10 : 109904 109899 62604 109898 132212 62615 119815 62609 119808 62608 
10 : 109906 56672 109902 109908 56684 167269 189895 56680 56687 167275 
10 : 109917 109926 109919 109921 217149 217141 217145 234154 247635 234147 
10 : 110044 110040 110036 110035 240834 223062 219009 223050 218997 218992 
10 : 110046 110055 87082 110048 178624 87088 178618 87107 208064 87095 
10 : 110140 110146 110139 110138 204222 184366 177884 184376 177896 177882 
10 : 106798 110508 110505 110521 106806 106804 106820 185823 212405 185842 
10 : 110736 76394 110731 52647 76404 160171 52660 76398 52641 52654 
10 : 110744 110569 110757 110743 110574 139832 134821 110590 110573 134846 
10 : 110749 110756 15670 110745 181203 15680 161315 15686 161324 15675 
10 : 110983 110984 59330 110981 181488 59337 132555 59340 132557 59333 
10 : 111014 111004 54320 111006 132461 54338 153590 54322 132452 54325 
10 : 50765 111047 111045 111058 50771 50768 50779 136840 148272 136851 
10 : 111072 111069 10294 111071 218624 10310 236537 10303 218620 10307 
10 : 111082 14788 111092 111084 14789 113867 113859 14803 14792 152713 
10 : 67443 111678 111676 80338 67460 67453 67439 205664 80354 80348 
10 : 111709 66791 111710 111717 66797 167238 167251 66798 66810 172602 
10 : 111803 111795 98849 111793 199084 98878 195918 98861 195899 98858 
10 : 112040 97066 112037 107751 97079 236823 107770 97075 97065 107768 
10 : 112059 112049 112053 112047 210927 228331 185432 210920 185421 185425 
10 : 88733 112195 112194 112196 88741 88739 88744 156695 177630 156697 
10 : 69280 112535 112543 112533 69288 69297 69283 203927 181676 181687 
10 : 112536 112528 112537 112527 124857 210276 123301 124859 123289 123306 
10 : 112550 112557 112553 112552 149558 149554 149553 164127 163304 163297 
10 : 112664 33360 112665 90225 33376 246040 90247 33382 33358 90251 
10 : 68256 82854 32099 113131 68254 32093 68268 32097 82872 32115 
10 : 113260 113258 113255 101624 258473 235516 101649 235512 101646 101638 
10 : 113480 64934 112720 53664 64950 112739 53688 64933 53658 53663 
10 : 113589 113588 108834 53940 224893 108844 53958 108843 53957 53939 
10 : 59995 113716 113712 113717 60009 60002 60010 228857 258647 228858 
10 : 54379 113740 113748 21085 54380 54389 21081 125662 21086 21110 
10 : 113759 113755 113750 53941 221361 127665 53962 127660 53955 53944 
10 : 113857 113864 113860 113858 134066 134062 134058 164877 143582 143574 
10 : 17717 113931 56065 113933 17731 17713 17735 56082 245493 56087 
10 : 48293 113945 113948 83120 48298 48306 48290 222239 83136 83152 
10 : 114181 114189 114188 114195 126691 126690 126700 197919 203453 197929 
10 : 114292 114299 114291 114300 118505 115748 118508 115762 235334 115764 
10 : 7092 114335 114330 114338 7103 7100 7111 217965 239375 217970 
10 : 33794 114333 114331 114326 33810 33806 33798 218815 131894 131888 
10 : 114340 114325 29284 114339 115408 29313 263708 29285 115407 29312 
10 : 114426 114420 114421 114422 128031 154792 155958 128019 128020 154782 
10 : 6004 60600 70506 114550 5999 6000 6009 60597 60606 70514 
10 : 114654 114664 81345 114660 160144 81348 160140 81364 224403 81360 
10 : 114789 114777 114786 114787 203036 232112 235802 203029 203030 232109 
10 : 114800 114808 114799 114814 204846 188773 204852 188782 251718 188785 
10 : 114994 114990 64674 61854 237090 64693 61878 64685 61870 61852 
10 : 115149 115150 115146 115153 225853 208672 225859 208674 232449 208684 
10 : 56017 115231 115232 115230 56032 56034 56029 255581 250374 250375 
10 : 115301 115312 87932 49930 212122 87941 49940 87955 49956 49926 
10 : 115359 115364 115369 115372 169130 169139 169144 204546 204554 250508 
10 : 115388 115386 66489 43272 250651 66513 43298 66510 43296 43268 
10 : 73585 115521 115527 115520 73599 73605 73598 244351 242594 242602 
10 : 115582 115577 113643 115583 204496 113671 262512 113652 204499 113672 
10 : 115597 115599 86569 115603 157631 86579 157636 86584 205040 86590 
10 : 115600 41805 115605 75495 41815 213349 75509 41822 41801 75523 
10 : 115630 115631 58254 115634 170922 58259 170927 58260 176007 58265 
10 : 115701 115700 115695 98958 236422 147420 98972 147419 98971 98960 
10 : 16377 56355 115807 105586 16373 16387 16375 56375 56353 105610 
10 : 115806 115799 110812 1852 152614 110833 1871 110817 1857 1851 
10 : 35543 115955 115944 115950 35561 35545 35556 149909 202548 149896 
10 : 115951 115953 115948 115952 216993 190961 216992 190967 249962 190966 
10 : 48835 69281 116078 116075 48833 48843 48840 69287 69282 172040 
10 : 16654 116308 116307 116315 16662 16659 16668 181545 202578 181557 
10 : 116338 116335 116343 116346 210166 233086 233088 210171 210174 254939 
10 : 33925 116551 116542 116554 33936 33927 33940 148556 223595 148567 
10 : 116562 116565 116572 116571 138217 138226 138225 160520 160519 204101 
10 : 116790 116791 116793 113194 129535 129538 113195 194244 113201 113207 
10 : 12182 116824 116823 85816 12193 12192 12180 232294 85835 85834 
10 : 116827 116830 116831 104110 136489 136490 104114 159410 104117 104118 
10 : 45544 117016 117013 117012 45553 45548 45545 158392 117687 117682 
10 : 4881 117065 1238 117046 4901 1230 4887 1267 159967 1245 
10 : 117159 117148 117158 117153 171837 244791 212948 171835 171830 212947 
10 : 114996 117255 117254 117252 115016 115015 115011 261237 246632 246629 
10 : 117271 117257 117273 50648 126610 257667 50674 126613 50649 50678 
10 : 117403 117415 36354 117405 227343 36367 227332 36383 232190 36368 
10 : 117518 117521 117520 117523 181888 181881 181891 213656 250100 213664 
10 : 117739 95844 74160 117745 95856 74167 178299 74155 95870 74178 
10 : 117797 117791 117786 117798 168561 125529 237582 125516 168562 125530 
10 : 117915 54476 82627 117918 54490 82640 227171 54469 54493 82647 
10 : 4505 30189 21693 117984 4501 4500 4520 21687 30209 21714 
10 : 117986 117999 61113 117992 130465 61115 130460 61138 232377 61124 
10 : 118006 118001 118012 118009 135481 214394 214391 135489 135485 231385 
10 : 10107 118038 118024 118043 10125 10117 10129 206688 253935 206693 
10 : 118099 118096 118097 118098 156525 167526 190882 156521 156524 167524 
10 : 35884 34555 66910 118114 34549 35882 35893 34551 34566 66921 
10 : 118115 118109 118118 118119 154184 230866 230867 154192 154193 258925 
10 : 59996 118131 118127 46472 60007 60003 46463 238007 46491 46488 
10 : 118154 8393 118144 118143 8413 171184 164741 8403 8400 164726 
10 : 118168 45959 118176 118166 45971 233929 212466 45981 45967 212474 
10 : 118235 118239 118233 118244 168256 158797 168263 158808 238795 158816 
10 : 118346 118344 118342 88794 263675 251228 88825 251226 88823 88815 
10 : 84456 118581 118591 118588 84459 84470 84468 176821 176815 251542 
10 : 118697 118708 118695 118706 164763 154220 164758 154236 237872 154228 
10 : 58748 119073 119068 29578 58761 58758 29571 203483 29596 29589 
10 : 119095 119092 119084 119091 259029 189337 256618 189335 256614 189333 
10 : 119098 119109 119107 5922 202594 202592 5929 257973 5946 5941 
10 : 94318 15312 24792 119151 15307 24788 94334 15301 15331 24810 
10 : 119281 9839 119283 97488 9858 257359 97506 9863 9836 97511 
10 : 119396 119410 119400 59073 168858 168845 59074 214208 59100 59079 
10 : 119509 119499 119502 56827 165620 212247 56851 165609 56831 56840 
10 : 78186 119727 48483 85439 78194 48478 78181 48494 85453 48479 
10 : 120200 68563 120201 120199 68581 236155 234658 68583 68580 234660 
10 : 120265 30392 66628 49356 30401 66638 49370 30387 30384 49352 
10 : 120314 64793 6821 120313 64807 6841 249564 6813 64806 6840 
10 : 120479 120471 120478 120468 176213 228086 155270 176209 155255 155266 
10 : 120502 120489 120494 43115 126407 211315 43147 126395 43116 43126 
10 : 120598 120600 120604 64962 199486 199494 64971 224656 64974 64984 
10 : 13047 120693 120694 120691 13057 13062 13051 205916 154101 154108 
10 : 55024 120721 120730 120734 55032 55039 55041 185078 185084 236176 
10 : 120818 120820 120811 120821 259783 230465 259785 230469 264157 230471 
10 : 100068 120823 120839 65126 100070 100086 65125 129144 65129 65153 
10 : 121012 416 121017 24046 421 169552 24052 424 404 24054 
10 : 121019 121015 121023 121020 183186 205359 205350 183192 183188 239728 
10 : 121059 121061 121057 121058 167242 154805 157272 154809 157276 154804 
10 : 121148 121147 121150 114597 133721 144815 114600 133727 114599 114604 
10 : 121174 121179 121173 121167 254393 252840 184298 252848 184304 184297 
10 : 121266 121265 121267 121264 181874 210812 163006 181875 163002 163007 
10 : 103453 121286 121274 121280 103466 103456 103461 132483 211125 132476 
10 : 121484 95594 121489 121491 95595 122980 122983 95598 95602 167813 
10 : 121502 121510 53743 121505 179961 53750 179957 53760 238529 53755 
10 : 121602 121601 121600 106548 181349 151337 106562 151332 106556 106554 
10 : 121617 121615 21415 121613 236231 21439 224711 21435 224709 21429 
10 : 121622 121637 33363 121628 124222 33364 124213 33385 230976 33371 
10 : 121741 121745 121743 121742 188673 188672 188671 219285 219081 219079 
10 : 121871 121855 121874 72661 172142 261664 72690 172145 72667 72693 
10 : 19712 121961 121952 121956 19735 19716 19720 178233 207088 178224 
10 : 77024 121975 121972 82597 77036 77035 77019 250756 82616 82613 
10 : 122192 122184 122186 122188 150303 185573 203870 150291 150294 185569 
10 : 44747 53667 122320 90228 44736 44765 44743 53686 53661 90250 
10 : 122383 13759 93745 121347 13783 93769 121371 13756 13758 93744 
10 : 122444 122450 122434 122437 227143 144959 186711 144970 186725 144953 
10 : 122469 122454 122458 122465 182538 218590 260838 182522 182533 218588 
10 : 122474 122483 122476 80433 185667 185659 80442 206985 80463 80447 
10 : 62460 122531 122530 122529 62473 62472 62471 249464 240346 240345 
10 : 95534 122539 24465 122543 95543 24461 95547 24481 217417 24487 
10 : 122575 122569 122576 122574 166709 238550 234090 166711 166707 234091 
10 : 50267 122676 122673 122671 50281 50278 50276 246836 240561 240557 
10 : 122874 116561 122879 82628 116567 164118 82634 116573 82625 82643 
10 : 122905 122903 122895 122889 263208 220570 164897 220568 164895 164879 
10 : 123133 123135 123138 123137 168708 168712 168710 204294 204293 215716 
10 : 99544 123233 123230 123237 99557 99554 99560 247277 262366 247281 
10 : 123236 4659 123226 123228 4677 201456 225971 4664 4666 201446 
10 : 123350 72585 123357 123345 72592 214147 152661 72601 72587 152674 
10 : 123562 123556 123559 123563 215527 224103 239927 215525 215528 224105 
10 : 123575 123570 123569 76156 154453 136532 76174 136521 76160 76158 
10 : 123788 123783 123781 123776 255101 253280 185391 253277 185387 185386 
10 : 123792 123796 123804 72805 134349 134356 72808 192687 72817 72824 
10 : 124290 77369 124304 105963 77376 179041 105970 77391 77368 105987 
10 : 124298 124291 124295 124292 187440 203464 199200 187437 187436 199192 
10 : 124323 8463 4789 124319 8471 4798 150229 4779 8466 4793 
10 : 65387 35141 124403 124408 35138 65390 65400 35146 35155 162009 
10 : 124426 62100 34404 124425 62125 34425 208835 34401 62115 34416 
10 : 124532 124537 10526 124535 210413 10535 210410 10541 218657 10538 
10 : 53206 106090 124777 124779 53205 53221 53226 106109 106111 260562 
10 : 96615 124998 125000 125001 96622 96624 96629 177869 177871 203721 
10 : 124996 29551 70230 45713 29554 70235 45719 29545 29543 45708 
10 : 125030 125022 125031 125024 229366 260853 245335 229369 229359 245339 
10 : 125032 125018 42285 53520 187198 42307 53546 42296 53530 42282 
10 : 125076 125071 125069 52072 259463 256378 52106 256374 52098 52094 
10 : 125159 125157 125154 125146 258629 240880 179650 240877 179647 179640 
10 : 125232 78862 125223 125229 78879 146534 255711 78863 78876 146532 
10 : 125349 85057 125352 125345 85071 249548 230851 85077 85064 230859 
10 : 125357 125356 125364 94101 171794 189583 94109 171805 94106 94125 
10 : 125396 125397 57253 125416 130833 57257 130850 57258 131337 57281 
10 : 125458 125447 125455 125452 161707 253352 237457 161705 161697 237451 
10 : 125460 97734 125453 121208 97760 238483 121236 97754 97733 121225 
10 : 120104 55025 125467 80726 55023 120108 80724 55037 55018 80740 
10 : 125462 125472 125470 58385 150147 150143 58391 236375 58416 58404 
10 : 125499 92427 125504 125503 92439 194144 194143 92444 92443 232034 
10 : 125688 125681 125686 70898 154881 207870 70914 154879 70900 70909 
10 : 44558 125814 108250 125826 44559 44554 44580 108251 142343 108270 
10 : 125935 125936 125925 125932 241957 177053 233359 177055 233362 177050 
10 : 125996 126002 126001 125997 146486 146483 146478 217668 155962 155956 
10 : 35752 126007 37232 39948 35759 35747 35748 37239 39960 37226 
10 : 126103 126110 80471 126107 189505 80473 189504 80482 227925 80477 
10 : 66281 126129 126127 126130 66300 66299 66301 251606 257947 251607 
10 : 56563 24585 126244 126243 24580 56569 56568 24593 24592 228764 
10 : 126258 126252 102819 126257 177639 102833 243588 102824 177637 102831 
10 : 126262 126253 126259 126250 188540 249343 150336 188533 150319 150330 
10 : 26404 126333 126332 126336 26409 26408 26415 219843 220201 219848 
10 : 126337 126334 126338 102719 228720 259499 102739 228723 102733 102745 
10 : 126370 126358 126369 126364 225748 263588 260657 225746 225744 260654 
10 : 126453 126459 126456 119134 198800 198795 119141 231009 119149 119146 
10 : 48317 126782 126778 126784 48333 48324 48334 198332 250871 198333 
10 : 126793 56914 126797 126796 56927 237547 237546 56936 56935 260974 
10 : 79018 126817 97090 126806 79039 79016 79029 97114 204195 97103 
10 : 97593 56971 84234 126850 56967 84230 97599 56966 56978 84241 
10 : 124686 60879 126906 126916 60878 124695 124705 60883 60896 180445 
10 : 126911 126910 126913 126917 207352 241459 241462 207358 207361 260046 
10 : 127153 127149 127161 127150 167688 231903 178915 167697 167683 178930 
10 : 127244 127242 127243 127251 154909 190958 207566 154905 154917 190972 
10 : 127374 127366 127370 42374 254111 257726 42397 254107 42389 42392 
10 : 127527 127530 30360 122805 212521 30366 122816 30371 122821 30359 
10 : 84717 127692 127699 127694 84727 84733 84730 202694 202688 230630 
10 : 127715 127713 127721 127707 207298 232613 138010 207300 138006 138014 
10 : 127965 127972 127966 127971 240972 240965 240969 244995 259939 244992 
10 : 128078 125254 128074 128075 125267 160740 194838 125257 125259 160734 
10 : 128215 128211 128220 128224 148843 213009 213013 148848 148851 246718 
10 : 99822 128248 128254 128251 99834 99840 99836 251317 251314 259127 
10 : 72285 128327 128319 128325 72295 72289 72293 158347 245479 158343 
10 : 5486 128428 128421 128420 5496 5492 5490 189851 158856 158847 
10 : 128764 128762 128758 128757 246565 192260 187559 192258 187555 187543 
10 : 128776 122885 69792 128773 122899 69814 228105 69790 122897 69808 
10 : 129059 129062 3463 129063 156929 3469 156930 3476 221225 3477 
10 : 129085 129074 129073 129072 211157 196669 196245 196658 196231 196230 
10 : 129092 85660 129093 129090 85673 217910 149392 85675 85664 149395 
10 : 129183 129194 9518 129187 214886 9528 214881 9545 253511 9536 
10 : 5854 129328 65964 78361 5874 5850 5851 65990 78393 65959 
10 : 129393 114055 129385 120863 114069 150076 120886 114056 114054 120869 
10 : 129404 58943 129400 129396 58957 211642 153712 58952 58945 153708 
10 : 129539 129540 63968 129541 221424 63978 221427 63979 224874 63981 
10 : 129606 129601 129598 129594 257156 231867 160847 231863 160844 160835 
10 : 9645 14245 129744 129742 9637 9656 9652 14259 14253 185685 
10 : 129854 110572 129886 129879 110571 129872 129862 110596 110584 213478 
10 : 129957 115750 129958 129962 115751 134310 134317 115753 115760 147781 
10 : 129984 129985 129988 129992 155530 155533 155537 193366 193367 212936 
10 : 130110 130107 56498 82858 221985 56514 82875 56507 82870 56495 
10 : 130308 130314 119549 130318 158468 119553 158472 119562 237062 119568 
10 : 47439 130570 130571 130576 47444 47447 47457 189777 189782 212973 
10 : 130582 130589 130580 130598 190065 182021 190074 182030 241889 182040 
10 : 115373 82214 91613 95747 82211 91610 95746 82207 82208 91608 
10 : 130794 130797 121572 130801 163261 121577 163264 121580 200349 121584 
10 : 130806 130814 130812 130813 187074 187070 187073 241226 246834 241225 
10 : 1294 130914 72505 130912 1303 1288 1297 72513 154855 72508 
10 : 112139 130971 68202 130965 112166 68199 112160 68227 252000 68217 
10 : 36962 118969 131141 131134 36961 36981 36968 118992 118978 195173 
10 : 103007 131279 131281 131280 103021 103024 103022 256397 256395 258724 
10 : 131270 131271 131278 131273 175407 175416 175411 178881 178873 219086 
10 : 131365 90695 94955 6823 90708 94965 6839 90693 6816 6817 
10 : 131443 131437 109257 131439 234989 109280 237772 109276 234985 109277 
10 : 131449 131456 131451 131454 188157 188154 188155 191210 207898 191205 
10 : 131460 131461 106923 88127 251348 106942 88151 106943 88152 88124 
10 : 123695 131479 131471 131482 123709 123697 123712 168742 253980 168747 
10 : 114120 55499 131572 131579 55497 114127 114134 55507 55515 211192 
10 : 52164 131595 131597 114731 52165 52166 52163 160658 114732 114738 
10 : 131818 131831 37254 131819 141485 37256 141476 37271 148968 37257 
10 : 131821 131834 124920 89819 178041 124924 89824 124939 89839 89818 
10 : 131945 131932 131937 41018 146609 183334 41050 146599 41021 41028 
10 : 132078 132079 132080 54650 262771 262772 54673 263666 54674 54675 
10 : 72077 132499 132491 128503 72095 72084 72075 232916 128533 128515 
10 : 132526 132534 122157 132531 188262 122163 188260 122176 259249 122173 
10 : 132532 132536 132530 132529 260306 244496 242031 244498 242035 242029 
10 : 80987 132622 123865 127602 80991 80984 80985 123874 127611 123864 
10 : 132637 85662 126202 99719 85669 126207 99727 85659 85656 99716 
10 : 4855 132763 86416 9045 4873 4853 4850 86441 9072 9040 
10 : 132999 132995 132984 132990 244609 172349 194357 172345 194354 172336 
10 : 133144 133139 133141 133143 206632 226341 234378 206628 206630 226336 
10 : 133163 11211 133159 133171 11224 190397 249635 11216 11230 190407 
10 : 133349 133353 92693 42808 221496 92707 42819 92718 42836 42804 
10 : 133688 133690 133692 133685 216869 216872 134648 223225 134652 134657 
10 : 133707 133714 133700 133713 200615 149787 200614 149798 245732 149797 
10 : 134020 134017 134024 134013 207949 223458 167443 207951 167437 167447 
10 : 134026 134014 121642 134010 183488 121663 137322 121650 137306 121643 
10 : 88351 134032 28217 134033 88364 28212 88365 28231 235229 28232 
10 : 134111 28949 95223 134115 28956 95230 216682 28947 28962 95243 
10 : 134334 32409 134330 134339 32419 176848 190233 32415 32429 176857 
10 : 134421 134425 134423 134422 174630 174627 174620 201518 182806 182804 
10 : 33041 31649 134443 134441 31640 33063 33059 31674 31669 259899 
10 : 134492 134478 134499 126304 148957 230341 126309 148966 126305 126320 
10 : 120579 134536 134544 134543 120580 120587 120584 139896 139890 199630 
10 : 2001 134598 134603 132207 2015 2017 2000 243869 132221 132227 
10 : 134735 134736 8396 134737 247375 8412 247377 8415 257031 8417 
10 : 134746 134747 134749 134748 239740 239743 239742 250803 250801 261533 
10 : 30948 59444 134883 134894 30940 30954 30963 59457 59463 229330 
10 : 4883 60986 135087 56103 4878 4888 4876 60989 56095 56109 
10 : 77926 135107 135101 135093 77939 77934 77928 222585 151261 151251 
10 : 135209 135192 135208 29184 147563 262001 29207 147561 29185 29206 
10 : 43911 135223 135225 135216 43927 43932 43921 237130 174028 174035 
10 : 135321 112337 135323 135327 112349 222870 222877 112353 112358 234152 
10 : 121290 135351 29640 135349 121298 29638 121297 29648 171015 29646 
10 : 135428 135434 38197 135430 193128 38200 193121 38215 206866 38202 
10 : 135473 135470 135463 85442 262868 165722 85467 165720 85466 85448 
10 : 135558 135555 135560 135550 232311 259323 208330 232315 208326 208338 
10 : 135671 135674 135681 135677 185227 185238 185229 222209 222202 226410 
10 : 135697 135702 99992 133405 143412 99993 133408 100006 133417 99990 
10 : 135894 135901 135896 77340 143109 143103 77342 202190 77360 77345 
10 : 135923 135931 135920 29016 156150 136864 29024 136883 29047 29017 
10 : 135937 135939 135940 135943 160038 160044 160051 162002 162008 197058 
10 : 62815 136018 136027 95748 62816 62826 62809 165766 95753 95774 
10 : 136066 136057 136062 136056 194725 240609 183335 194715 183319 183324 
10 : 136130 79019 111353 136128 79024 111356 161447 79017 79023 111355 
10 : 136296 136303 136291 58672 219948 144000 58684 144007 58692 58676 
10 : 94803 8570 136352 77341 8567 94806 77334 8572 8563 77343 
10 : 136462 136461 135752 136460 195143 135764 156677 135763 156674 135755 
10 : 45578 112362 136568 136562 45577 45597 45590 112382 112378 259400 
10 : 136555 50591 136564 136556 50595 186935 186923 50610 50597 195913 
10 : 10256 136572 136590 136580 10263 10284 10276 197332 197324 238672 
10 : 67597 136621 136611 136632 67608 67600 67618 187573 237191 187580 
10 : 136830 136834 136831 136838 203304 203302 203312 203923 230227 203934 
10 : 136889 83705 136892 45023 83712 208931 45031 83725 45015 45042 
10 : 136907 136917 136914 136911 156735 156731 156729 236268 189701 189692 
10 : 137106 137115 137100 137101 194164 148422 152376 148440 152393 148420 
10 : 137134 137118 137132 137130 145864 261245 240612 145860 145853 240608 
10 : 78603 137144 137150 89712 78612 78620 78598 191064 89723 89731 
10 : 1658 137217 137219 137221 1662 1663 1665 178671 178675 216405 
10 : 91460 137216 137223 137214 91466 91478 91463 176479 163486 163505 
10 : 137230 137229 137226 137240 178890 141426 187998 141424 178898 141435 
10 : 137256 32073 137254 137257 32086 253288 260308 32085 32087 253290 
10 : 137258 14072 137247 137251 14091 201752 235669 14077 14083 201743 
10 : 137261 71047 137255 39888 71071 254443 39911 71062 39883 39905 
10 : 137270 137271 137262 137275 247588 155989 247590 155993 252173 155997 
10 : 36910 137330 41884 137331 36921 36905 36924 41899 248036 41906 
10 : 137341 137345 60706 137344 240245 60719 240244 60725 252671 60722 
10 : 36187 137503 137507 137522 36189 36191 36206 158823 158840 185437 
10 : 72858 137685 137693 137687 72861 72871 72863 213061 213054 233369 
10 : 137812 31732 137813 137818 31733 139221 139229 31735 31746 143540 
10 : 137881 137882 137887 137885 208944 208948 208947 212648 212647 218592 
10 : 137918 120717 137919 137916 120722 186752 139840 120724 120718 139842 
10 : 137949 137948 137943 137941 242110 217314 202227 217313 202226 202217 
10 : 138043 61803 138037 138040 61821 164472 258000 61805 61816 164468 
10 : 14936 138063 138069 138077 14937 14941 14950 172071 172078 209670 
10 : 138146 138136 129225 81316 142184 129244 81333 129226 81317 81315 
10 : 138155 92694 138162 138165 92701 184089 184094 92712 92714 246841 
10 : 138268 138279 138277 138267 165549 165547 164181 258922 164208 164204 
10 : 63367 72060 138367 138368 63361 63368 63369 72061 72062 143089 
10 : 138485 138488 138483 130044 224101 194923 130061 194927 130064 130052 
10 : 138523 78104 138521 138522 78123 260993 262981 78121 78122 260992 
10 : 138724 138729 114957 138726 206024 114968 206022 114979 227055 114973 
10 : 49280 13794 138739 138748 13789 49287 49295 13802 13814 216096 
10 : 55762 138743 71316 138749 55769 55755 55774 71329 243494 71335 
10 : 138740 138744 138750 118788 233155 233162 118797 244403 118802 118812 
10 : 138935 138932 138928 7014 232410 208347 7035 208344 7031 7023 
10 : 69536 47710 7772 125858 47701 7764 69531 7760 47707 7769 
10 : 139104 34146 139106 139117 34148 145871 145885 34153 34167 175296 
10 : 139114 139109 139111 139105 204713 229104 166365 204707 166355 166360 
10 : 139140 135499 128390 139142 135510 128404 250952 128389 135518 128408 
10 : 128831 139241 89446 138664 128843 89443 128830 89462 138682 89445 
10 : 139563 139562 139560 139568 235620 213390 235860 213389 235631 213403 
10 : 139687 139674 139686 139683 141413 259295 252545 141411 141409 252542 
10 : 139798 139800 139802 139797 159094 159095 157090 202065 157097 157103 
10 : 139879 139872 139877 110450 172699 220040 110468 172696 110454 110463 
10 : 21990 74188 139976 44291 21988 22012 21986 74214 44287 44319 
10 : 140353 79361 140347 102010 79376 239178 102030 79369 79356 102022 
10 : 140384 47219 140391 140385 47232 240596 240591 47241 47234 249649 
10 : 131080 92041 135389 140451 92039 131079 131107 92040 92070 135424 
10 : 140505 3415 140504 96755 3424 248544 96774 3423 3410 96773 
10 : 140542 88102 140545 140540 88108 204726 184727 88116 88106 184742 
10 : 140620 140627 140622 89306 227783 227775 89319 240693 89332 89321 
10 : 32761 140633 140472 140631 32765 32760 32763 140479 172611 140476 
10 : 140695 140692 91672 140701 165890 91678 208510 91675 165896 91687 
10 : 140848 67736 42956 101870 67748 42972 101890 42949 67730 42950 
10 : 31228 140926 42509 23848 31250 31224 23838 42537 23872 23840 
10 : 140944 140948 140940 140950 192476 146500 192477 146514 262539 146515 
10 : 141031 141019 141027 141023 195079 262302 241491 195076 195063 241489 
10 : 141241 141238 82470 141240 237272 82487 249375 82484 237271 82486 
10 : 141252 141258 141269 141261 184639 184653 184643 225747 225736 240884 
10 : 141253 141259 141263 141262 198247 198252 198251 234106 234105 253910 
10 : 101845 141350 89414 10359 101853 89408 10354 89427 10377 10352 
10 : 141455 141448 84544 76566 204132 84570 76596 84550 76575 76562 
10 : 88078 121778 141604 141592 88075 88094 88084 121794 121784 205534 
10 : 141738 20762 138546 141735 20773 138559 217154 20760 20768 138554 
10 : 120867 93169 141906 141910 93166 120871 120880 93173 93185 175578 
10 : 141925 82827 141932 43117 82840 244812 43132 82851 43114 43149 
10 : 142029 142041 142028 142039 172846 171745 172842 171765 236235 171761 
10 : 142034 21418 142036 142043 21426 207515 207525 21430 21446 224738 
10 : 20581 142118 142124 142127 20582 20589 20592 143741 143745 243937 
10 : 142241 28384 142240 142243 28390 206116 218899 28388 28394 206119 
10 : 142242 121546 142245 142244 121559 228585 228581 121567 121565 251862 
10 : 142276 142280 142268 29150 230999 171537 29168 171548 29170 29156 
10 : 142279 142265 142269 142270 142911 175292 182313 142897 142898 175281 
10 : 104690 142376 142381 142378 104697 104700 104699 226469 226465 235055 
10 : 133514 121917 2509 142382 121915 2508 133527 2506 121925 2527 
10 : 142455 142458 142456 142453 261976 261975 260126 262689 260128 260127 
10 : 102901 142460 110330 142461 102902 102897 102903 110332 161098 110333 
10 : 142495 142481 142490 142482 226318 256936 233373 226313 226307 233364 
10 : 142713 142701 142710 142706 162892 254790 250766 162887 162884 250760 
10 : 46838 142767 142772 142770 46846 46853 46848 250299 250295 257645 
10 : 142788 142783 100638 44870 204936 100660 44894 100647 44882 44865 
10 : 142888 128454 142881 142879 128473 229375 202787 128463 128459 202780 
10 : 143102 143114 78214 137160 193372 78221 137167 78233 137185 78213 
10 : 26486 143140 143141 128041 26498 26501 26485 203720 128053 128054 
10 : 143198 126026 143201 61116 126038 259586 61133 126039 61114 61135 
10 : 143290 119893 101734 143294 119903 101748 229365 101732 119910 101754 
10 : 45369 143340 76492 130628 45381 45363 45368 76504 130641 76490 
10 : 143385 23381 143379 143384 23404 229708 250830 23393 23400 229705 
10 : 138950 111275 43275 116389 111274 43274 116388 43270 111270 43273 
10 : 56919 143830 130521 143828 56932 56915 56930 130542 253911 130540 
10 : 143938 141934 87196 143945 141936 87203 179578 87195 141942 87211 
10 : 144061 144055 144053 100810 201945 196125 100828 196118 100819 100817 
10 : 144164 34286 144172 144169 34289 177874 177870 34301 34297 215307 
10 : 144193 144183 130761 144190 173668 130789 254070 130770 173663 130783 
10 : 144272 144276 79917 48796 170035 79921 48798 79929 48803 48791 
10 : 144279 144275 101269 144282 198377 101287 256043 101275 198378 101289 
10 : 107266 144422 144426 144421 107277 107291 107276 232532 214662 214675 
10 : 144462 144465 144467 100612 258569 258571 100630 263216 100632 100633 
10 : 131964 108588 144478 40872 108587 131967 40870 108592 40865 40876 
10 : 144688 95957 144683 144679 95965 215667 165066 95963 95958 165061 
10 : 103287 144714 144083 144703 103302 103286 103292 144104 185597 144090 
10 : 144712 144713 144701 103984 261282 159584 104007 159589 104009 103988 
10 : 144791 114684 144785 144789 114699 194504 241400 114691 114696 194502 
10 : 41224 71017 144808 144795 41219 41240 41226 71035 71019 154317 
10 : 144797 144799 144794 144800 177485 150931 177486 150932 186055 150934 
10 : 40791 21332 144818 72757 21323 40801 40787 21341 21325 72764 
10 : 144896 30190 101716 144897 30200 101727 256607 30188 30203 101729 
10 : 144976 144977 35239 144983 229852 35251 229857 35252 239286 35263 
10 : 64478 144988 144987 144989 64489 64485 64491 204738 220633 204742 
10 : 145010 145001 145006 144993 221352 261624 167392 221350 167376 167387 
10 : 145088 145087 145094 133194 204246 224430 133206 204259 133201 133215 
10 : 122590 145101 30042 145095 122602 30039 122592 30059 163494 30045 
10 : 145302 145291 145289 134508 171473 147351 134524 147339 134510 134509 
10 : 127080 62107 145349 145337 62101 127098 127085 62128 62111 183681 
10 : 71683 145379 145382 145380 71689 71697 71691 243978 243970 246497 
10 : 145377 145384 145375 145381 194573 148243 194563 148262 247671 148250 
10 : 145413 145397 145406 145417 164865 228459 260066 164854 164871 228465 
10 : 145503 59156 145498 145501 59167 190759 228865 59159 59164 190753 
10 : 70302 145520 86143 18048 70312 70298 18040 86162 18067 18041 
10 : 103654 145534 63813 145526 103670 63807 103662 63831 233945 63820 
10 : 145532 145527 133967 145525 243213 133993 211701 133983 211691 133977 
10 : 11676 145615 145616 145606 11686 11688 11679 246859 165574 165576 
10 : 145717 105964 36691 145710 105985 36715 158152 36689 105967 36693 
10 : 145721 145723 145734 145727 158461 158470 158463 168179 168172 192835 
10 : 145760 98572 145753 145757 98580 157200 181387 98573 98577 157197 
10 : 146023 146024 146017 66794 261989 238981 66814 238985 66816 66804 
10 : 44104 146235 56359 146243 44113 44098 44126 56364 192433 56380 
10 : 146239 146237 146241 105592 230328 236750 105608 230330 105606 105611 
10 : 146347 146349 146352 146346 214139 214142 188174 228683 188179 188185 
10 : 146454 146451 146460 3321 205434 245612 3335 205445 3329 3348 
10 : 146481 146488 146482 143020 184257 184253 143026 209438 143039 143030 
10 : 146579 126939 23689 146577 126956 23711 251929 23687 126954 23708 
10 : 61184 87271 146588 146586 61177 61191 61189 87279 87276 224102 
10 : 146589 146585 146584 132138 223984 219489 132155 219484 132151 132149 
10 : 146771 146766 26180 137420 238963 26206 137444 26198 137437 26177 
10 : 146801 65934 146791 134273 65948 172229 134293 65937 65932 134277 
10 : 146872 146874 63047 4134 255571 63062 4156 63064 4158 4129 
10 : 84780 146970 146974 146977 84786 84790 84791 182387 182391 236384 
10 : 146988 146999 146992 146989 220542 220535 220534 235983 225664 225653 
10 : 93389 37819 147074 147079 37815 93392 93398 37825 37831 220220 
10 : 25588 147102 147094 147091 25611 25602 25597 243742 217881 217864 
10 : 147098 147103 147096 147086 254932 246984 185530 246990 185537 185524 
10 : 147199 24468 147206 146368 24476 202507 146374 24486 24466 146386 
10 : 147284 125941 147286 42512 125946 187864 42518 125948 42508 42519 
10 : 147295 131776 58112 147302 131778 58114 155468 58110 131796 58135 
10 : 147386 147388 147393 61713 149501 149507 61714 192110 61720 61730 
10 : 147410 103938 147405 72932 103955 248261 72959 103949 72928 72948 
10 : 147413 147426 118732 109135 183644 118734 109141 118753 109157 109131 
10 : 147485 63674 147490 147491 63679 221238 221239 63691 63692 262478 
10 : 107822 62347 147497 123970 62341 107836 107819 62363 62344 123986 
10 : 147520 147509 56252 147513 177718 56268 193906 56257 177710 56260 
10 : 70799 147533 147531 147540 70811 70807 70820 236584 248220 236593 
10 : 136134 147538 147530 147537 136156 136145 136155 235815 263528 235814 
10 : 2324 147545 147558 147550 2332 2345 2338 190785 190776 237044 
10 : 36912 147600 147604 29913 36917 36926 29898 194152 29917 29932 
10 : 147637 147633 147626 147634 215145 163215 216211 163207 215141 163208 
10 : 147642 142189 147640 147635 142209 253619 216435 142207 142199 216433 
10 : 147702 147700 147708 147710 185476 192787 192790 185482 185488 249467 
10 : 147734 18200 147730 147737 18207 165684 212561 18202 18209 165688 
10 : 148099 66494 95750 148093 66518 95775 211707 66487 66504 95758 
10 : 148221 54564 107845 148228 54566 107846 159213 54562 54577 107856 
10 : 148287 148282 148288 28253 152014 211275 28263 152015 28254 28265 
10 : 59309 148369 75469 148366 59315 59302 59314 75476 205524 75471 
10 : 148602 148594 148604 148596 169803 257757 179369 169805 169788 179372 
10 : 148631 148625 45290 148624 250903 45313 221927 45305 221918 45300 
10 : 148716 148714 148707 52362 252506 180610 52381 180606 52376 52369 
10 : 148717 148705 138888 148708 178781 138911 200580 138894 178773 138896 
10 : 127521 148724 146916 148722 127534 127520 127524 146930 193172 146921 
10 : 148727 145635 148723 87729 145648 245850 87744 145644 87728 87740 
10 : 73994 148739 108252 148738 74001 73993 74000 108261 217591 108260 
10 : 148805 148797 148801 148802 157417 224921 239020 157401 157407 224916 
10 : 148818 148813 15975 27332 238149 15993 27351 15986 27344 15965 
10 : 148920 77694 136808 148926 77700 136812 188913 77692 77703 136817 
10 : 149025 149017 26022 149021 222326 26046 252169 26033 222318 26038 
10 : 149123 149128 46314 149122 255079 46328 250155 46332 250160 46327 
10 : 149324 20210 149325 149322 20228 262536 257036 20229 20222 257038 
10 : 149461 131540 8069 130395 131548 8073 130402 8068 130393 8067 
10 : 90072 69538 149580 26149 69529 90088 26144 69548 26140 26170 
10 : 149570 149581 149569 8299 185918 185057 8307 185071 8324 8306 
10 : 149638 128043 149639 149642 128063 244578 244583 128064 128068 246880 
10 : 149643 149635 149636 149640 215316 219559 251996 215303 215308 219549 
10 : 78945 149728 149723 149721 78961 78956 78949 223809 183507 183492 
10 : 94789 149733 86578 149732 94799 86565 94796 86596 255028 86592 
10 : 149781 34149 113990 149770 34165 114009 165336 34143 34151 113993 
10 : 56253 149855 149848 149847 56270 56259 56258 190009 187054 187045 
10 : 81134 112778 149922 149919 81133 81141 81137 112791 112785 231610 
10 : 149934 125728 149939 149935 125743 254685 254680 125748 125744 255391 
10 : 149940 149929 149924 149936 227686 156595 258954 156580 227683 156592 
10 : 149960 149955 96144 4099 161882 96156 4112 96146 4102 4094 
10 : 150031 150024 150030 150026 211338 256650 222473 211336 211323 222469 
10 : 150037 150041 150038 150040 200477 200475 200476 203053 205225 203052 
10 : 150062 150048 150053 79619 159423 220445 79639 159416 79620 79625 
10 : 140412 98690 150141 92843 98689 140420 92839 98697 92833 92855 
10 : 71515 150265 150273 119921 71519 71529 71509 183489 119931 119950 
10 : 78946 150281 150276 150282 78957 78953 78959 207225 229748 207227 
10 : 150338 150343 131370 150345 172472 131372 172474 131383 220198 131384 
10 : 150355 150349 40723 150356 183999 40737 235664 40724 184003 40739 
10 : 150417 118636 150403 150419 118656 190258 257169 118641 118658 190261 
10 : 14495 150461 150463 150462 14504 14508 14505 243380 243374 248931 
10 : 69643 52448 79545 142536 52441 69636 69640 52442 52447 79543 
10 : 150496 150489 150499 48345 229191 252793 48362 229197 48356 48368 
10 : 109822 150551 51082 150558 109826 51079 109839 51090 193479 51101 
10 : 60279 150755 150762 150756 60283 60287 60284 187725 187719 208323 
10 : 150774 150779 150784 150772 205412 205414 177228 248137 177236 177239 
10 : 150822 150815 150825 150824 194526 254725 254724 194531 194529 259559 
10 : 93406 60330 150960 150957 60324 93419 93414 60341 60336 225842 
10 : 141271 150969 150966 150973 141282 141278 141291 195770 219017 195780 
10 : 151076 56360 18689 151072 56371 18702 183832 18681 56363 18697 
10 : 151093 73438 151084 151083 73453 187377 174410 73443 73440 174395 
10 : 48 138951 96697 49467 45 41 38 96693 49464 49460 
10 : 151159 151157 151164 151162 214475 223577 223574 214487 214481 258675 
10 : 151181 151196 151182 151194 170085 170064 170082 172824 260050 172820 
10 : 151279 151273 151276 151269 246733 253438 203474 246726 203466 203469 
10 : 151286 151282 111637 151293 193017 111643 226597 111638 193026 111651 
10 : 151301 121292 151295 9877 121301 158995 9887 121294 9872 9879 
10 : 151302 151298 151299 25550 187466 188639 25566 187456 25558 25559 
10 : 151321 137073 151308 33424 137086 157582 33439 137074 33422 33426 
10 : 151379 151381 151378 151375 198130 190087 167528 190091 167532 167523 
10 : 98189 151545 151548 151542 98198 98199 98192 224225 184466 184470 
10 : 104923 86660 149784 151717 86652 104922 104936 86658 86674 149804 
10 : 151731 140013 53913 151733 140015 53917 164231 53911 140020 53923 
10 : 151888 125627 146422 151896 125630 146427 205346 125626 125644 146443 
10 : 123946 152058 152045 90484 123964 123949 90481 173516 90508 90489 
10 : 152129 37539 152135 152133 37548 217351 217346 37558 37555 259126 
10 : 152210 152213 152215 25869 169021 169026 25870 199951 25876 25888 
10 : 141341 152234 152249 152233 141346 141356 141344 191949 182627 182643 
10 : 152275 152282 88490 152290 217085 88498 217092 88507 247338 88516 
10 : 152343 124229 16893 152346 124233 16900 201010 16886 124237 16904 
10 : 152450 152455 152451 74189 226878 226875 74197 230792 74206 74198 
10 : 152513 84110 152522 27845 84112 153182 27847 84127 27838 27859 
10 : 152524 152535 152530 152526 180261 180257 180252 235966 214613 214606 
10 : 137005 64966 152653 152654 64964 137017 137018 64985 64986 264077 
10 : 63240 152731 112385 145678 63246 63237 63239 112390 145690 112384 
10 : 152754 95851 152759 82631 95853 160016 82633 95872 82624 82650 
10 : 152756 152760 116563 34440 238738 116575 34455 116581 34463 34437 
10 : 152829 76968 152838 152839 76971 182624 182625 76987 76988 263016 
10 : 152881 152885 152873 152889 215146 156998 215147 157006 253646 157011 
10 : 153064 153053 153067 153057 159037 257391 194438 159041 159022 194445 
10 : 28624 153104 153103 153091 28641 28640 28630 260402 221030 221029 
10 : 153232 94826 153223 44871 94845 218260 44899 94833 44864 44883 
10 : 153279 31397 153278 2225 31420 252605 2255 31416 2219 2249 
10 : 153282 153293 153283 153287 178865 178855 178860 183573 245046 183565 
10 : 153318 153317 153324 153323 179816 185719 185718 179823 179821 232400 
10 : 153321 153322 142399 17337 226971 142408 17353 142409 17354 17336 
10 : 153363 153364 153359 153352 263362 249769 217112 249770 217115 217107 
10 : 153366 153367 78502 153368 176737 78505 176740 78508 190266 78512 
10 : 153551 153548 153542 5546 245073 164178 5576 164168 5566 5548 
10 : 153937 107175 153933 153938 107187 160629 251961 107177 107191 160636 
10 : 95934 16738 153963 153968 16733 95942 95947 16744 16755 223873 
10 : 154045 61238 101598 154051 61240 101603 183716 61234 61248 101612 
10 : 47028 148775 154068 28688 47027 47040 28677 148793 28687 28708 
10 : 154155 154156 17752 145887 259475 17768 145907 17772 145908 17750 
10 : 94425 154360 44684 154356 94438 44675 94433 44698 210642 44692 
10 : 154381 97571 154380 154376 97589 263154 252324 97588 97584 252323 
10 : 36393 85285 154595 154601 36386 36402 36409 85293 85301 228295 
10 : 154603 154594 5229 154599 223308 5247 244839 5237 223298 5243 
10 : 154870 154874 154876 154868 239156 239159 210950 260563 210960 210966 
10 : 154897 154892 154889 154895 225686 199836 235973 199832 225685 199833 
10 : 155088 136180 155096 46145 136192 233011 46155 136195 46143 46162 
10 : 155170 155167 155172 41330 209116 240411 41341 209123 41333 41348 
10 : 155393 35345 66390 155396 35352 66394 219658 35336 35356 66402 
10 : 155415 155405 155412 134391 206053 256197 134415 206050 134399 134409 
10 : 67580 2825 52592 155525 2819 52585 67591 2817 2838 52604 
10 : 75555 155601 155598 137161 75564 75562 75553 225428 137182 137176 
10 : 155709 155712 155707 142216 242573 201985 142230 201990 142233 142220 
10 : 155786 155778 107824 155788 177952 107833 234604 107826 177954 107835 
10 : 155791 155779 148239 73357 184378 148255 73380 148241 73362 73356 
10 : 155845 155843 155851 124600 258899 262032 124627 258903 124623 124629 
10 : 155906 155901 155902 155905 221659 226920 260579 221648 221658 226919 
10 : 152350 155916 155914 17263 152365 152361 17261 240273 17279 17277 
10 : 82328 81402 156014 6365 81394 82337 6360 81411 6359 6376 
10 : 73133 156036 156021 156022 73154 73134 73135 159375 159658 159358 
10 : 156115 156119 156112 156117 218103 176092 218101 176096 226520 176095 
10 : 156120 156118 156114 83633 233490 215987 83646 215985 83645 83643 
10 : 156198 156203 83600 156200 181030 83604 181024 83613 196241 83605 
10 : 156208 93252 156219 156214 93253 164511 164508 93270 93263 244066 
10 : 156529 156532 156533 113680 247735 247736 113698 258782 113701 113702 
10 : 156736 156741 105692 14996 162882 105695 14997 105703 15004 14990 
10 : 156827 156824 119462 33252 166444 119470 33259 119463 33253 33245 
10 : 156914 28557 110452 156916 28561 110456 181408 28553 28566 110461 
10 : 156943 156953 156952 156958 169528 169527 169532 223638 227812 223643 
10 : 157049 140233 137370 115902 140252 137387 115931 137368 115900 115899 
10 : 33042 92777 157263 157264 33039 33054 33057 92791 92793 255493 
10 : 157332 21127 157335 100640 21130 166099 100641 21135 21120 100645 
10 : 157444 157440 157447 157442 208298 236488 229604 208304 208297 229606 
10 : 157531 157521 32380 157525 211475 32404 251787 32390 211466 32397 
10 : 157533 157538 4946 157532 166276 4948 162769 4963 162786 4947 
10 : 157694 157680 157698 157687 178903 258597 222910 178906 178892 222915 
10 : 24138 146539 157748 157741 24134 24157 24146 146559 146546 225851 
10 : 73335 157753 99968 142729 73340 73327 73332 99973 142735 99966 
10 : 158209 158207 130288 76826 236764 130305 76847 130298 76838 76822 
10 : 117955 158360 158359 158362 117969 117968 117974 255645 257571 255649 
10 : 137582 158388 158375 158376 137594 137583 137584 166388 168828 166377 
10 : 158452 158451 8468 114964 205811 8475 114970 8472 114967 8462 
10 : 75447 158546 155616 1860 75458 75446 1850 155631 1875 1858 
10 : 158665 19439 158669 17298 19444 193411 17303 19450 17286 17310 
10 : 158788 158790 16894 158787 200867 16899 189184 16905 189193 16898 
10 : 158870 104967 158872 69431 104968 163331 69432 104973 69425 69437 
10 : 158919 158928 111728 89176 238708 111737 89191 111749 89202 89174 
10 : 158971 158966 158959 158961 245967 169515 209530 169507 209525 169502 
10 : 159074 159082 159085 159078 163565 163567 163560 256141 241598 241602 
10 : 159084 145846 159079 159083 145859 251139 259787 145856 145858 251138 
10 : 159092 155561 159090 89714 155565 168553 89717 155562 89713 89716 
10 : 105899 159158 159164 159160 105900 105905 105901 161184 161179 200882 
10 : 159202 159192 159200 159197 220073 253279 239911 220070 220066 239908 
10 : 159391 159396 159382 159384 251016 182033 204417 182041 204425 182023 
10 : 157994 159707 116980 34911 158001 116979 34910 116989 34921 34906 
10 : 159836 159837 159844 119358 206166 206172 119367 215405 119368 119378 
10 : 159893 159898 30623 159897 238098 30633 238097 30640 262755 30638 
10 : 160109 160107 160110 77718 186356 196886 77728 186358 77724 77730 
10 : 160318 55503 160327 160330 55504 166762 166768 55513 55517 237252 
10 : 160675 59749 160671 67772 59764 183248 67796 59751 59738 67777 
10 : 140630 160678 160687 160677 140634 140644 140632 187745 175453 175473 
10 : 109574 160692 160693 17151 109578 109580 17144 195563 17156 17157 
10 : 160887 105087 121210 160884 105105 121232 235870 105084 105097 121224 
10 : 160959 160953 101386 160954 213030 101405 216201 101396 213017 101397 
10 : 161051 107607 131108 91802 107615 131124 91815 107604 91793 91797 
10 : 145538 161079 161066 161080 145552 145540 145553 179696 260943 179698 
10 : 161082 161091 20953 13832 162954 20954 13833 20961 13842 13818 
10 : 161089 161093 5231 161090 222859 5236 222857 5241 228287 5238 
10 : 161177 161171 83865 18380 257901 83892 18409 83887 18400 18374 
10 : 76074 161248 161247 161246 76079 76077 76076 197774 166803 166799 
10 : 161565 107003 95462 161566 107010 95474 249009 95456 107011 95476 
10 : 161753 161761 161751 161512 213361 163782 161517 163796 161529 161513 
10 : 161849 40107 62108 161852 40113 62118 217500 40100 40124 62126 
10 : 19905 161886 161887 161876 19913 19915 19907 254592 182724 182726 
10 : 161944 161942 161937 161939 236979 181926 199556 181920 199543 181912 
10 : 161990 127165 46636 161992 127177 46650 252585 46633 127180 46653 
10 : 68947 162048 106893 86279 68948 68943 68942 106896 86281 86273 
10 : 30080 162140 162133 162136 30098 30085 30089 184914 218868 184908 
10 : 162131 162141 162135 162142 162856 162849 162858 206763 261895 206765 
10 : 162238 114465 162232 162236 114487 215875 259071 114475 114484 215872 
10 : 158198 162337 162345 162348 158199 158208 158211 170708 170711 259579 
10 : 55217 162423 162424 39521 55218 55219 39512 189444 39527 39528 
10 : 162455 162451 37424 162445 254586 37438 165718 37436 165716 37425 
10 : 162542 148636 162539 144754 148645 235994 144766 148643 144752 144763 
10 : 92358 153499 162553 162546 92356 92369 92359 153514 153501 166579 
10 : 162620 872 147962 162626 875 147967 214160 870 888 147979 
10 : 162624 70435 59613 114820 70443 59622 114832 59601 70432 59608 
10 : 129479 16063 162651 162657 16058 129487 129493 16074 16081 257040 
10 : 118162 46405 162660 162667 46401 118165 118175 46408 46422 196855 
10 : 162725 162739 162741 162727 170337 170338 170326 256140 183329 183332 
10 : 113719 73439 162827 162825 73436 113725 113721 73446 73442 183235 
10 : 162837 7251 162845 162844 7258 203299 203298 7274 7273 261028 
10 : 162869 124710 92939 162860 124727 92958 214319 92936 124716 92943 
10 : 85796 144900 162969 162967 85794 85803 85799 144911 144909 203805 
10 : 162966 15676 103478 162963 15681 103483 172612 15669 15678 103480 
10 : 163040 105212 24471 103701 105216 24477 103706 24464 103696 24463 
10 : 163055 163041 146369 163050 203965 146392 239555 146375 203958 146383 
10 : 153481 163143 163147 66886 153488 153493 66883 225390 66895 66901 
10 : 82920 131780 163180 163171 82917 82937 82932 131803 131794 250615 
10 : 163243 163233 163241 16799 197067 261780 16819 197066 16804 16817 
10 : 163244 135955 163232 132587 135974 192866 132607 135959 132581 132592 
10 : 84783 72104 163337 163333 72096 84792 84788 72116 72110 212210 
10 : 163512 109355 163520 163509 109363 192016 171018 109371 109359 171029 
10 : 138403 163549 163550 86280 138415 138416 86276 261516 86303 86304 
10 : 163535 163547 163544 163540 171706 171702 171699 246012 228511 228508 
10 : 163558 44261 163564 163553 44268 224525 187050 44275 44263 187055 
10 : 163621 163623 163619 163618 262847 258556 254373 258559 254374 254369 
10 : 163622 163620 98853 163616 261801 98877 198991 98875 198988 98859 
10 : 163630 163632 109381 163624 236920 109395 165068 109402 165077 109382 
10 : 163743 104087 163731 163741 104108 215733 259599 104095 104104 215729 
10 : 151097 118597 67581 163914 118596 67579 151103 67575 118606 67589 
10 : 163998 164007 164004 152183 222816 222814 152190 262403 152208 152206 
10 : 156058 164044 107053 164043 156076 107050 156075 107071 264068 107068 
10 : 164031 164037 164028 164025 227260 187217 164188 187225 164198 164185 
10 : 43395 19603 164107 164111 19589 43396 43406 19605 19611 178655 
10 : 29096 151524 164224 164217 29095 29106 29100 151535 151529 209220 
10 : 164258 67688 154665 105487 67693 154670 105492 67686 67684 105484 
10 : 164296 164299 52717 164295 181714 52720 180229 52728 180234 52719 
10 : 77796 164325 67912 95372 77802 67907 77792 67920 95380 67908 
10 : 164414 164409 132468 164411 188758 132478 201638 132473 188756 132474 
10 : 154574 131060 164433 152681 131059 154589 152680 131076 131058 152698 
10 : 120826 164595 35833 164594 120834 35826 120828 35842 183497 35836 
10 : 164690 126847 164691 164695 126856 240252 240259 126857 126864 240343 
10 : 17434 164724 109872 164718 17454 17431 17445 109896 237879 109885 
10 : 164797 164796 164794 164800 229704 216845 245250 216841 229710 216849 
10 : 164804 6402 164807 164808 6403 170406 170412 6407 6413 198652 
10 : 129815 164841 106684 164840 129831 106679 129826 106698 219150 106695 
10 : 164836 80937 10770 164835 80944 10778 203489 10761 80943 10777 
10 : 164837 164838 111844 164839 206923 111849 206924 111851 214085 111852 
10 : 115251 38135 74190 5925 38133 74186 5920 38129 5912 5917 
10 : 107226 165021 101601 165022 107240 101593 107241 101618 263606 101619 
10 : 165026 165033 11318 23882 186329 11324 23886 11338 23902 11311 
10 : 97032 165085 165082 165083 97043 97039 97041 250923 252287 250918 
10 : 165262 165266 121245 165273 205178 121252 205190 121253 236354 121263 
10 : 165444 165448 165440 165443 231076 215417 229938 215424 229952 215416 
10 : 165445 149695 165447 11737 149706 240067 11748 149711 11735 11755 
10 : 165470 165471 165462 165463 264067 187231 202629 187232 202630 187216 
10 : 103267 122236 165560 51901 103266 103280 51892 122253 51896 51919 
10 : 165632 102135 165641 165635 102136 166166 166156 102153 102140 183328 
10 : 165839 165835 56944 165832 213153 56958 175866 56950 175856 56948 
10 : 165949 165946 4794 165948 224878 4808 255880 4800 224877 4807 
10 : 141828 116940 166034 124575 116938 141834 124572 116945 116937 124583 
10 : 166122 166120 166128 108130 190174 222504 108142 190184 108136 108153 
10 : 166403 166400 166399 125081 223083 213837 125094 213834 125087 125084 
10 : 166628 166632 72389 138751 224575 72401 138766 72407 138771 72386 
10 : 166749 166746 166753 104234 249652 262269 104252 249656 104249 104256 
10 : 166964 34178 597 166963 34196 623 257232 585 34193 622 
10 : 167007 167016 34179 167011 183471 34183 183463 34191 204048 34187 
10 : 68460 142400 167111 167115 68456 68465 68474 142404 142416 187897 
10 : 167112 1551 136199 69566 1557 136208 69574 1547 1537 69563 
10 : 167118 87792 167123 167121 87793 168875 168874 87800 87798 229758 
10 : 100857 74939 84024 167151 74935 84019 100869 74932 74955 84033 
10 : 167147 167148 38167 167154 228421 38177 228425 38179 254377 38184 
10 : 167156 142282 123182 167157 142300 123199 263368 123180 142302 123201 
10 : 108541 167206 167205 26781 108544 108542 26774 173032 26789 26782 
10 : 19667 167262 3257 167266 19675 3248 19683 3270 256487 3274 
10 : 167300 167306 167301 167305 222261 222247 222257 223784 254822 223782 
10 : 145637 167407 167403 167405 145652 145640 145643 199532 239347 199525 
10 : 167429 112238 167431 57827 112245 223705 57839 112247 57820 57842 
10 : 135502 13526 167565 9710 13523 135508 9704 13536 9695 9719 
10 : 167764 79802 167772 167762 79806 199414 188347 79815 79804 188363 
10 : 93805 167803 167802 167798 93814 93812 93807 227065 179434 179432 
10 : 167797 167807 153722 167806 171650 153725 171649 153737 251386 153736 
10 : 167949 167960 167961 167948 186244 186245 181935 264170 181958 181959 
10 : 86617 168067 63241 168075 86620 63233 86626 63242 182256 63249 
10 : 168139 158418 168137 168135 158431 218642 177422 158429 158421 177419 
10 : 156578 1248 56110 168243 1244 56107 156590 1234 1262 56126 
10 : 163444 168339 168345 55822 163451 163455 55821 219640 55831 55836 
10 : 168430 168425 168421 168419 243329 232350 173090 232341 173079 173071 
10 : 104166 53381 28728 127779 53378 28723 104162 28717 53379 28725 
10 : 22594 97622 168622 168629 22588 22596 22605 97624 97636 189196 
10 : 168792 123161 168799 168798 123172 248927 248923 123177 123176 262701 
10 : 168794 168793 164435 168795 250386 164447 254225 164446 250388 164449 
10 : 168863 168859 168860 97983 198363 200542 97996 198359 97986 97988 
10 : 168864 168867 80550 156965 247248 80559 156979 80561 156983 80548 
10 : 168869 168878 130858 168872 184246 130861 184240 130883 211048 130869 
10 : 168905 119658 36219 127780 119671 36234 127796 36216 119653 36217 
10 : 71110 169067 128394 169063 71118 71108 71116 128405 245464 128403 
10 : 138219 169077 165861 169071 138228 138218 138222 165875 185337 165864 
10 : 169161 169166 169168 169163 233996 233999 233991 252318 241597 241601 
10 : 112799 101458 83500 154608 101454 83491 112798 83489 101456 83497 
10 : 52405 169494 169493 169492 52413 52411 52410 215865 214890 214889 
10 : 169554 90408 169550 169557 90412 172093 207772 90409 90418 172099 
10 : 169577 169580 169584 57936 238421 238426 57943 252312 57947 57953 
10 : 70991 169648 31651 67087 70999 31643 67075 31655 67095 31642 
10 : 169729 93586 169725 169730 93589 171640 186991 93587 93590 171641 
10 : 6027 156772 169745 169735 6024 6042 6031 156782 156774 192838 
10 : 161346 169834 169844 169835 161347 161360 161348 174356 174345 192377 
10 : 145130 19151 125835 169855 19149 125832 145145 19147 19168 125850 
10 : 169941 169942 169934 169940 263487 220035 262439 220036 262440 220033 
10 : 96203 150990 169947 116004 96200 96210 96198 150997 115998 116016 
10 : 170052 170050 170061 170046 221809 233708 192612 221821 192609 192624 
10 : 32488 170129 43673 170126 32507 32482 32500 43688 233301 43681 
10 : 170131 170143 170135 99262 183316 183298 99266 214820 99290 99271 
10 : 59043 170300 58780 170298 59058 58765 59050 58792 217854 58783 
10 : 8371 170304 99109 151769 8375 8366 8370 99113 151774 99106 
10 : 170421 115492 46638 170423 115496 46643 207601 46632 115497 46644 
10 : 170580 170589 170587 170593 181572 181566 181576 250037 256220 250039 
10 : 170797 157995 170799 170804 158004 250278 250283 158007 158013 253674 
10 : 22451 170895 170892 170900 22455 22452 22460 223720 240256 223724 
10 : 170945 43704 115904 167634 43714 115915 167645 43700 43703 115903 
10 : 161065 170953 170954 170950 161072 161074 161068 234629 200397 200400 
10 : 171040 171039 161196 121352 251951 161210 121369 161209 121368 121350 
10 : 171148 171150 70093 171145 252476 70106 236277 70110 236282 70100 
10 : 88700 127061 171273 119927 88695 88719 88694 127075 119918 119949 
10 : 124039 171478 171479 72533 124044 124047 72531 247915 72552 72554 
10 : 10929 171505 171501 171502 10937 10934 10935 216388 219725 216385 
10 : 106094 87856 55365 171531 87852 55360 106112 55359 87873 55380 
10 : 171585 171578 171580 171577 231979 253214 210850 231970 210836 210842 
10 : 171590 171601 171600 45965 230165 230164 45970 261296 45980 45979 
10 : 171610 171604 171608 171615 217228 230230 234600 217226 217243 230246 
10 : 171685 96247 171679 171680 96261 227157 238158 96253 96254 227148 
10 : 69674 64361 171717 171725 64351 69675 69686 64362 64373 174564 
10 : 171722 108864 155474 122390 108869 155485 122401 108862 108860 122388 
10 : 24269 129551 145445 171776 24263 24265 24273 129546 129562 145458 
10 : 171774 171771 171773 171772 182959 209892 192940 182955 182953 192938 
10 : 82029 171890 452 171898 82030 444 82038 453 175556 467 
10 : 95960 171999 171996 128704 95975 95973 95956 256033 128725 128720 
10 : 91091 172063 172062 172064 91111 91105 91114 237151 253821 237153 
10 : 172066 88657 102823 172076 88658 102825 179358 88652 88670 102835 
10 : 172067 172079 172072 48520 191523 191511 48524 211187 48547 48529 
10 : 58094 172082 74849 172085 58096 58084 58100 74851 181290 74855 
10 : 172104 171554 5552 172102 171571 5575 258401 5551 171569 5571 
10 : 108680 131404 172160 172157 108675 108692 108691 131416 131413 248293 
10 : 172210 172202 172204 172199 233628 252313 202626 233621 202614 202620 
10 : 172252 136712 172257 56798 136725 249520 56812 136732 56793 56818 
10 : 16349 172276 172262 172269 16367 16352 16358 187311 219073 187304 
10 : 164514 172368 172372 27371 164524 164528 27369 257218 27386 27392 
10 : 172373 126073 172364 172362 126097 209147 186702 126079 126075 186686 
10 : 172386 172377 172391 172378 210390 246149 213027 210394 210384 213034 
10 : 85391 172583 172588 172577 85401 85405 85393 245510 178918 178925 
10 : 172649 130498 172647 10806 130511 235046 10818 130508 10798 10816 
10 : 155215 172657 115321 11146 155218 115319 11143 115325 11151 11137 
10 : 172833 17754 172831 172827 17765 257503 202961 17764 17758 202959 
10 : 172893 29785 23423 130398 29810 23447 130421 23408 29780 23419 
10 : 16831 172925 172920 172918 16841 16835 16833 226871 207304 207296 
10 : 63761 172975 172974 130740 63772 63770 63758 240416 130751 130750 
10 : 138955 43947 173011 6061 43944 138962 6055 43959 6045 6074 
10 : 103680 35553 20541 173028 35542 20533 103695 20528 35566 20562 
10 : 173113 173120 173116 173123 209090 209086 209092 232584 246750 232588 
10 : 173137 82282 173136 118789 82298 257316 118807 82297 82281 118806 
10 : 173138 173127 13796 2692 200132 13813 2718 13799 2697 2679 
10 : 173192 173177 52785 173179 195073 52804 203345 52787 195059 52789 
10 : 144088 147359 173225 101023 144084 144093 101017 147364 101019 101026 
10 : 159004 173251 62853 142218 159007 62852 142217 62855 142219 62849 
10 : 173249 173252 23382 173259 180670 23384 180678 23387 201995 23406 
10 : 161571 56336 173263 173264 56335 161572 161573 56338 56339 177572 
10 : 173266 7774 112119 129705 7779 112124 129707 7768 7770 112111 
10 : 17724 173345 173355 173354 17728 17739 17734 205027 205019 258823 
10 : 173977 173978 173976 173975 257140 245541 181313 245544 181316 181311 
10 : 173994 135647 173985 173988 135665 201682 219554 135651 135654 201673 
10 : 174094 174089 152603 174099 197166 152613 246561 152607 197168 152618 
10 : 174241 174239 78218 169889 236016 78229 169907 78226 169900 78217 
10 : 174270 65069 141976 174280 65070 141977 180480 65067 65082 141996 
10 : 42895 174347 73465 174354 42901 42891 42915 73469 206950 73486 
10 : 25815 174497 174499 174498 25826 25828 25827 238974 238972 244698 
10 : 26303 174600 75012 174596 26315 26294 26311 75025 232587 75020 
10 : 174597 30252 141189 174601 30263 141202 243305 30245 30268 141206 
10 : 174713 174706 174704 174712 221879 217588 260533 217575 221877 217586 
10 : 174776 71261 39349 174768 71278 39367 221386 39342 71264 39356 
10 : 116460 174825 174820 145573 116470 116465 116457 226021 145586 145576 
10 : 174883 174875 26610 174877 187997 26621 209829 26612 187990 26615 
10 : 32516 174892 174894 174893 32531 32534 32533 251752 251751 256351 
10 : 175069 162061 175065 146100 162068 204458 146112 162063 146097 146104 
10 : 175091 135713 171384 119587 135715 171387 119591 135712 119580 119586 
10 : 175147 104360 175146 175149 104366 180526 214962 104361 104368 180528 
10 : 175238 175236 175234 175240 218461 179557 256786 179545 218465 179561 
10 : 10962 175274 175273 175277 10972 10971 10973 248239 252057 248241 
10 : 175333 175330 175335 156376 185995 225448 156386 185997 156378 156390 
10 : 56337 152986 175431 175432 56334 56348 56349 152998 152999 258847 
10 : 175514 175504 175513 80312 193800 255993 80327 193799 80315 80326 
10 : 175527 175520 175525 175518 186781 263781 175766 186780 175743 175763 
10 : 175619 175616 58231 1376 197830 58238 1387 58235 1379 1368 
10 : 8269 139040 81544 175732 8267 8262 8278 81541 139051 81550 
10 : 175975 175973 71444 175979 229538 71456 251747 71450 229543 71467 
10 : 127083 9249 176083 176076 9237 127096 127089 9261 9252 208836 
10 : 176169 54484 72509 133871 54495 72519 133888 54468 54478 72506 
10 : 22748 12893 176188 176183 12881 22768 22759 12915 12911 252176 
10 : 176265 176267 15453 176276 189902 15455 189907 15458 217501 15471 
10 : 176343 81660 176347 11148 81661 185186 11149 81665 11134 11155 
10 : 103086 176364 158487 176365 103087 103083 103089 158488 179267 158491 
10 : 176395 176407 128483 113682 219594 128488 113689 128502 113707 113676 
10 : 176429 176430 176434 176436 221143 221145 221148 241921 241923 252186 
10 : 176440 176439 176441 176443 181092 192267 192268 181095 181096 213527 
10 : 161857 156555 176520 176525 156554 161859 161873 156557 156576 178534 
10 : 176527 176531 18659 176532 200764 18662 200765 18668 244139 18669 
10 : 176736 176735 12569 176731 258875 12587 231236 12584 231233 12576 
10 : 176755 160999 53807 176747 161007 53814 177733 53805 161000 53808 
10 : 176828 176829 12254 154098 256659 12271 154114 12272 154117 12251 
10 : 88838 176899 136406 176896 88850 88835 88847 136420 250959 136417 
10 : 176993 176992 176998 37117 199343 213156 37126 199356 37124 37140 
10 : 177000 177007 177009 41027 194718 194720 41029 252882 41043 41049 
10 : 177020 177021 177012 41888 252371 190676 41901 190678 41905 41889 
10 : 177088 177090 162599 177083 249224 162612 203260 162619 203265 162601 
10 : 177201 177200 177190 177189 263151 221943 197583 221940 197579 197570 
10 : 132839 11703 177304 177301 11700 132847 132841 11714 11709 215744 
10 : 81678 88920 3777 152292 81672 3766 81677 3768 88919 3775 
10 : 133661 177378 177371 177370 133673 133666 133665 208694 208399 208392 
10 : 24764 150612 105000 164270 24759 24754 24763 104995 150611 104999 
10 : 174173 177562 177555 177561 174179 174174 174178 178049 206401 178048 
10 : 177604 177607 177600 177598 262586 260903 257235 260904 257238 257231 
10 : 170700 27047 177943 90363 27046 170707 90362 27061 27041 90376 
10 : 66359 177953 59370 177959 66368 59361 66377 59379 243977 59392 
10 : 177508 51619 178021 50230 51618 177515 50229 51626 50216 50238 
10 : 117307 178029 117841 69309 117311 117301 69304 117845 69315 69305 
10 : 178104 178101 178103 29340 230671 250297 29356 230667 29349 29352 
10 : 52994 65392 93560 132590 52984 52986 52992 65386 65389 93556 
10 : 170223 171172 168472 178269 170222 168469 170237 168470 171188 168487 
10 : 159465 135143 178326 178331 135138 159468 159483 135146 135154 197239 
10 : 178354 112319 178351 178357 112327 185044 204078 112321 112330 185049 
10 : 178361 49903 178355 178359 49919 242849 253629 49913 49915 242843 
10 : 178411 178409 171747 178416 190247 171751 207519 171749 190256 171764 
10 : 178437 178432 178428 19507 225137 217028 19517 217024 19512 19509 
10 : 178442 178439 22144 178446 206044 22153 236446 22148 206049 22159 
10 : 178493 58033 61681 178499 58035 61685 194340 58025 58050 61693 
10 : 178502 178505 178507 89311 202571 202574 89316 244140 89323 89326 
10 : 178583 71981 4796 173158 71987 4801 173166 4784 71980 4795 
10 : 54756 33868 178598 178596 33859 54764 54762 33888 33884 262736 
10 : 25771 178664 20148 178668 25774 20135 25778 20155 229355 20162 
10 : 21132 178776 178777 65536 21139 21141 21117 252094 65550 65551 
10 : 178932 142920 144903 178937 142921 144904 181208 142916 142934 144916 
10 : 178939 178941 178947 176968 181362 181374 176969 185480 176970 176980 
10 : 178943 138288 178950 178952 138300 226909 226910 138304 138307 253153 
10 : 24705 145655 122013 178980 24702 24700 24718 122008 145674 122035 
10 : 173526 94304 104091 179030 94303 104090 173533 94294 94316 104109 
10 : 146245 179040 179034 2403 146260 146249 2397 202058 2418 2406 
10 : 18763 179122 158086 165772 18769 18758 18759 158100 165788 158081 
10 : 179219 179210 179221 179224 195065 247144 247145 195067 195070 251888 
10 : 179226 40492 57078 53015 40503 57091 53024 40482 40480 53007 
10 : 179417 179423 179411 167451 259443 232970 167471 232974 167476 167461 
10 : 77637 179479 179476 179482 77641 77638 77646 180805 237691 180814 
10 : 15404 161797 179570 37119 15400 15412 15395 161808 37115 37129 
10 : 179598 126849 179595 179593 126862 256489 250811 126861 126859 250808 
10 : 179664 115274 179656 179662 115287 190423 250607 115276 115285 190421 
10 : 179792 179801 179800 37120 233544 233543 37132 264143 37143 37142 
10 : 179863 20440 179866 138221 20450 242513 138229 20457 20435 138243 
10 : 180024 34291 106073 26492 34292 106074 26493 34283 26478 26483 
10 : 83740 180099 89685 16803 83749 83731 16785 89696 16815 16786 
10 : 163826 159297 180112 180106 159295 163839 163830 159315 159307 218336 
10 : 73997 180126 180120 180117 74014 74006 73998 235503 211790 211780 
10 : 157469 36939 180200 180201 36935 157471 157472 36942 36943 211776 
10 : 180204 42158 180206 180198 42168 235502 192698 42176 42160 192712 
10 : 28930 142175 97466 180287 28927 28925 28932 97461 142177 97467 
10 : 180322 164875 118421 180334 164880 118428 228050 118420 164896 118445 
10 : 180636 107989 128605 180640 107994 128612 216170 107983 108003 128621 
10 : 180656 14848 94623 180661 14849 94624 181264 14841 14860 94636 
10 : 180873 111360 180874 67219 111369 258021 67238 111370 67209 67239 
10 : 70675 180934 54326 140898 70682 54317 70669 54335 140906 54324 
10 : 180938 180936 48381 180941 237861 48399 254755 48395 237864 48402 
10 : 96222 181006 6862 181005 96238 6856 96234 6881 258049 6877 
10 : 126355 75256 181031 181027 75248 126361 126359 75268 75262 230968 
10 : 100943 181087 114020 181088 100954 100940 100957 114035 252768 114041 
10 : 177690 181168 73418 53180 177701 73417 53179 73432 53198 53164 
10 : 181166 134900 97254 181167 134912 97267 262390 97247 134913 97268 
10 : 168633 181176 181175 181180 168639 168637 168640 252103 257422 252107 
10 : 78948 181255 181253 142733 78958 78954 78943 215658 142744 142739 
10 : 150275 45660 137305 146201 45658 137301 146196 45654 45656 137299 
10 : 146793 81998 181263 48521 81995 146798 48519 82003 48509 48532 
10 : 181280 181274 70637 181279 215016 70646 228099 70641 215015 70644 
10 : 181339 67027 181334 181332 67042 213306 206560 67034 67033 206549 
10 : 181516 181523 181521 181525 227377 227374 227379 259536 261831 259538 
10 : 181533 181542 34914 181528 252026 34928 203090 34939 203104 34916 
10 : 181619 134092 134943 161820 134098 134945 161826 134085 134089 134941 
10 : 141378 181707 181704 181701 141390 141386 141381 231412 201301 201288 
10 : 181708 181702 181705 181703 201895 261316 214620 201892 201880 214617 
10 : 181802 181808 181807 18531 225759 225752 18535 250158 18549 18541 
10 : 30477 181962 181964 1864 30480 30486 1845 197167 1866 1872 
10 : 181963 181961 181965 56362 194053 227383 56370 194056 56365 56376 
10 : 181974 181973 37963 146202 219897 37971 146210 37968 146207 37958 
10 : 78867 31372 16741 182082 31364 16730 78870 16724 31374 16745 
10 : 45133 117686 182164 182165 45128 45148 45149 117700 117701 257903 
10 : 20765 182238 10842 142424 20778 10828 20763 10859 142441 10840 
10 : 182255 182260 182252 152785 251574 218046 152797 218051 152803 152791 
10 : 30684 182280 182292 25984 30688 30700 25974 197626 25987 25998 
10 : 182335 173910 182334 153426 173920 255789 153439 173919 153424 153437 
10 : 105194 170325 182341 182339 105192 105202 105197 170332 170328 194677 
10 : 182340 182342 161545 182348 198045 161549 198050 161551 224098 161556 
10 : 41809 182417 182411 141759 41821 41812 41808 200474 141783 141761 
10 : 144829 182434 155046 35399 144835 144827 35391 155054 35407 35393 
10 : 182482 182487 36498 173847 229080 36504 173853 36510 173859 36497 
10 : 11988 49641 131885 73744 11980 11984 11982 49638 49634 73739 
10 : 182578 182570 20057 174369 233521 20082 174394 20067 174379 20055 
10 : 98947 182736 103116 176025 98950 98939 98945 103123 176031 103115 
10 : 182781 150289 182773 166586 150307 237592 166607 150300 150288 166594 
10 : 19818 182839 182840 182832 19829 19832 19821 257588 197084 197087 
10 : 182997 183001 183004 167364 199408 199413 167368 248061 167381 167386 
10 : 183003 182999 183002 154709 227982 254811 154728 227980 154720 154726 
10 : 183087 183089 183086 153625 255948 246063 153639 246072 153644 153635 
10 : 183105 183099 183094 183102 246488 216705 257184 216700 246484 216701 
10 : 78312 28032 422 163401 28023 412 78310 405 28031 419 
10 : 183203 183208 176132 26184 255858 176148 26205 176157 26213 26182 
10 : 108352 40530 78609 183355 40521 78599 108353 40514 40532 78611 
10 : 183435 183434 154535 46442 216246 154545 46453 154538 46448 46438 
10 : 35755 183450 49333 177159 35767 35749 35754 49348 177180 49331 
10 : 183546 183558 183551 139620 193875 193869 139624 243140 139641 139635 
10 : 183687 183689 160455 4461 217205 160461 4465 160463 4468 4457 
10 : 175981 96077 183777 72538 96075 175983 72536 96085 72526 72550 
10 : 149257 143638 183794 183782 143636 149273 149260 143655 143643 221630 
10 : 183860 149133 183861 51226 149144 239686 51237 149145 51224 51239 
10 : 183862 120010 131494 169890 120020 131505 169908 120005 120008 131492 
10 : 183864 106325 183859 183857 106343 237398 227578 106336 106334 227566 
10 : 184048 184051 184040 184056 255550 213450 255557 213453 256581 213460 
10 : 184141 184139 104362 184135 257714 104381 221549 104380 221545 104367 
10 : 184142 184136 80866 184144 223466 80883 260502 80875 223467 80886 
10 : 184155 124347 184154 161316 124357 251254 161336 124352 124339 161332 
10 : 168661 184180 184193 184185 168670 168684 168673 227402 227390 237462 
10 : 184226 184234 184236 107026 237290 237291 107032 264036 107041 107043 
10 : 184238 184244 184241 184237 193142 193135 184615 216352 184627 184618 
10 : 184316 184310 184315 184317 243617 263428 263699 243616 243618 263430 
10 : 184353 184360 184357 184361 211533 211527 211535 236976 255384 236978 
10 : 184398 178699 30539 184400 178700 30542 214630 30536 178704 30547 
10 : 5811 136827 74715 184572 5809 5807 5812 74708 136829 74718 
10 : 184694 175217 61021 51655 175218 61024 51657 61020 51654 51638 
10 : 184879 162209 163764 24950 162222 163774 24966 162206 24946 24947 
10 : 184946 184944 184952 184947 209740 225499 225492 209751 209742 240805 
10 : 41736 29392 19542 100766 29377 19528 41725 19525 29385 19534 
10 : 160907 61518 185206 50884 61517 160910 50883 61523 50875 50890 
10 : 161546 185284 160456 3815 161550 160452 3810 160458 3820 3809 
10 : 185544 119639 185549 185543 119641 203306 193627 119646 119640 193635 
10 : 111686 185556 185562 52656 111688 111696 52648 198386 52658 52664 
10 : 153005 185574 3129 185577 153013 3128 153017 3141 253950 3147 
10 : 85162 103355 185629 33256 85154 85166 33240 103359 33242 33260 
10 : 109360 185641 185652 185640 109362 109370 109361 188644 188452 188468 
10 : 30754 168266 32849 165231 30751 30736 30750 32848 165229 32846 
10 : 97860 7483 185702 185700 7475 97883 97880 7507 7506 263747 
10 : 141831 185786 185784 160259 141838 141835 141826 231242 160270 160268 
10 : 79753 72616 186030 146370 72605 79754 79752 72618 72612 146376 
10 : 150991 186266 186265 186259 151003 151002 150994 260386 243098 243096 
10 : 186383 57358 141659 186389 57366 141662 216905 57354 57380 141678 
10 : 11989 9679 186411 29728 9666 11998 11978 9692 9669 29742 
10 : 186416 186415 132141 130050 213980 132148 130057 132147 130056 130043 
10 : 186492 186491 140769 186481 257566 140785 199375 140784 199374 140771 
10 : 146759 186610 186612 186608 146773 146775 146769 262020 253882 253889 
10 : 186605 186599 135396 186598 202796 135403 196423 135398 196420 135397 
10 : 186658 186665 186666 186657 224047 224051 203327 254762 203340 203346 
10 : 186825 186827 186822 132874 260423 250255 132893 250257 132898 132888 
10 : 102175 140236 134511 186973 102171 102169 102177 134507 140238 134513 
10 : 14825 187067 187075 98610 14826 14835 14819 201193 98614 98626 
10 : 109106 187098 187103 187104 109107 109117 109118 188793 188794 241036 
10 : 180315 187181 187173 69801 180333 180319 69799 215028 69819 69804 
10 : 187174 187172 187183 62350 188823 220398 62356 188832 62351 62371 
10 : 187206 187207 187205 187208 251555 248900 251556 248901 252121 248903 
10 : 187241 187246 187242 187238 254298 254296 212143 257723 212150 212145 
10 : 131063 10676 71813 187248 10672 71807 131067 10667 10680 71817 
10 : 73832 187262 164954 187258 73838 73830 73834 164962 194503 164955 
10 : 187284 187282 187281 184982 199462 188374 184988 188370 184985 184984 
10 : 187518 69915 172614 40565 69926 172628 40583 69908 40548 40561 
10 : 49406 181271 180316 187581 49405 49404 49408 180314 181273 180318 
10 : 57485 187685 187684 187686 57489 57488 57490 211992 212883 211994 
10 : 187698 77378 174622 164090 77386 174636 164102 77375 77374 164088 
10 : 187757 95197 187760 187749 95207 249284 217868 95212 95200 217874 
10 : 187878 187881 187877 187869 262925 261236 245087 261240 245090 245085 
10 : 56163 19309 176698 99390 19299 56162 56160 19307 19303 99385 
10 : 15156 31402 119441 187971 15144 15152 15166 31396 31415 119450 
10 : 187975 187966 187565 123745 211812 187579 123771 187569 123751 123744 
10 : 161218 187980 5732 108256 161225 5729 108253 5741 108264 5724 
10 : 1483 188037 188039 188035 1494 1496 1484 242271 210625 210627 
10 : 188227 188233 126735 188228 195364 126736 195360 126745 219410 126741 
10 : 117793 188317 188322 188318 117799 117806 117802 240479 240475 242988 
10 : 188581 188589 116108 6090 251427 116123 6103 116131 6115 6085 
10 : 188599 188595 188593 127870 220499 217933 127884 217926 127875 127873 
10 : 25213 188688 188689 1210 25224 25225 1192 259322 1225 1226 
10 : 69390 188750 102703 188743 69402 69384 69391 102712 198032 102705 
10 : 188805 188809 164338 188810 221899 164344 221900 164356 258575 164358 
10 : 99806 188994 188986 166173 99820 99810 99804 210439 166191 166179 
10 : 147915 34478 66103 189002 34472 66099 147930 34468 34489 66115 
10 : 159108 168456 189152 189151 159107 159119 159117 168468 168465 258582 
10 : 189155 52722 189156 189158 52724 201426 201428 52725 52731 208377 
10 : 189162 189165 110918 118073 251215 110928 118085 110933 118091 110910 
10 : 189319 189317 189309 189318 258073 202235 261898 202231 258071 202233 
10 : 189386 156357 189383 189385 156365 191541 213786 156359 156362 191539 
10 : 189397 189400 189395 189410 229974 217522 229982 217525 240694 217535 
10 : 140219 34387 185247 153895 34379 140218 140216 34385 34382 153894 
10 : 155811 189678 189677 189683 155821 155818 155826 221298 240249 221304 
10 : 189770 143851 189766 189760 143860 235271 207418 143857 143854 207414 
10 : 189885 189883 189879 189880 257168 207524 224719 207521 224716 207514 
10 : 189951 189953 189949 189952 230719 210785 230718 210789 239802 210786 
10 : 189966 126643 189962 162802 126659 220380 162819 126649 126639 162808 
10 : 73195 190056 153602 190055 73209 73191 73208 153618 257793 153617 
10 : 170240 190120 190122 190125 170244 170247 170250 225447 225451 237760 
10 : 190128 156796 145448 190127 156799 145453 192937 145441 156798 145450 
10 : 86911 190238 190239 190244 86912 86915 86921 191525 191533 225210 
10 : 190283 190288 167087 167834 207272 167090 167836 167102 167851 167085 
10 : 58511 190295 159249 100370 58519 58505 58500 159261 100384 100362 
10 : 45105 128606 190341 42653 45101 45114 42639 128615 42645 42663 
10 : 190412 157297 190426 190419 157303 217448 217441 157318 157312 249897 
10 : 190461 190456 190455 190454 240841 217256 216283 217247 216274 216272 
10 : 190462 190460 190452 190451 258348 204111 200740 204107 200733 200726 
10 : 16064 190511 190509 190508 16082 16080 16077 263868 259943 259941 
10 : 190733 123389 190735 190736 123398 244145 244146 123405 123406 263244 
10 : 190859 190850 46033 14579 226071 46051 14596 46042 14584 14565 
10 : 89615 190927 190922 190932 89623 89619 89626 208343 228426 208350 
10 : 176653 190938 176134 190939 176659 176131 176662 176139 231987 176142 
10 : 190987 190982 45847 150720 228045 45861 150730 45855 150726 45843 
10 : 79076 77678 191010 191015 77666 79083 79087 77683 77686 227234 
10 : 179055 17124 191018 35076 17123 179059 35075 17128 17115 35085 
10 : 191049 191043 183577 191051 217783 183588 249948 183582 217785 183589 
10 : 191110 191108 191104 190682 259132 252547 190708 252541 190703 190700 
10 : 191125 52047 118294 191117 52060 118313 197575 52042 52048 118295 
10 : 191167 191158 191168 191165 209040 264095 261535 209041 209035 261536 
10 : 120083 76906 191172 191169 76902 120088 120085 76917 76909 207438 
10 : 162262 131859 8308 191195 131857 8302 162269 8297 131867 8317 
10 : 191252 191251 141303 191250 252826 141321 252419 141319 252417 141318 
10 : 81156 191270 58600 93207 81165 58588 81147 58609 93219 58591 
10 : 189601 191268 67363 191269 189604 67361 189606 67369 230521 67372 
10 : 191482 191488 191480 5266 209495 203565 5271 203578 5293 5269 
10 : 191496 191495 119466 191490 253151 119487 219987 119479 219982 119473 
10 : 191580 104693 191583 131632 104701 254364 131640 104703 104689 131643 
10 : 187701 191755 191765 137427 187706 187714 137424 220514 137433 137447 
10 : 191834 38318 65298 191832 38329 65314 256498 38297 38327 65311 
10 : 134432 191907 191908 191916 134434 134435 134439 206892 206897 214267 
10 : 185880 191996 177905 154627 185885 177902 154626 177911 154637 154625 
10 : 192066 118236 192071 167271 118240 247610 167283 118245 118234 167289 
10 : 34751 154012 192230 192235 34748 34760 34763 154017 154022 232454 
10 : 192228 192236 192234 192238 223229 223228 223230 251666 256030 251668 
10 : 192242 88268 192250 192248 88271 218924 218922 88278 88276 260176 
10 : 192410 101825 43510 51904 101831 43521 51913 43499 51891 43494 
10 : 31897 192551 192549 140899 31904 31902 31895 226676 140908 140904 
10 : 117818 192689 51228 185395 117833 51221 117817 51246 185412 51227 
10 : 155529 149343 62584 192755 149339 62579 155540 62578 149359 62600 
10 : 189531 192801 192809 192811 189532 189542 189547 194660 194664 247526 
10 : 192886 37086 186613 192894 37087 186614 193937 37085 37105 186635 
10 : 192974 7453 116287 120413 7460 116298 120425 7444 7445 116278 
10 : 193014 193034 193032 112963 195387 195384 112964 262452 112982 112980 
10 : 32944 193056 193058 193054 32959 32960 32954 263197 255914 255916 
10 : 150576 22146 61684 133769 22143 61679 133766 22135 22141 61676 
10 : 193078 144512 166870 193083 144520 166881 247217 144510 144525 166888 
10 : 193112 193107 193105 128508 232439 197313 128532 197296 128514 128509 
10 : 193120 193113 44533 193119 226664 44549 264018 44538 226660 44547 
10 : 149826 193207 87061 193209 149837 87054 149843 87071 248570 87079 
10 : 79492 143998 193262 193258 79488 79509 79502 144016 144011 248006 
10 : 21337 193294 193286 193287 21349 21340 21342 220227 223451 220214 
10 : 193306 193314 193300 173478 236819 212136 173488 212151 173501 173482 
10 : 193333 193339 15456 193340 217762 15459 217763 15467 257019 15470 
10 : 193355 121249 193357 71843 121255 249651 71857 121259 71836 71860 
10 : 148877 193405 94212 74052 148888 94209 74051 94223 74063 74047 
10 : 10176 83846 193507 60710 10168 10187 10164 83858 60703 60726 
10 : 69772 73564 112706 193504 69765 69767 69778 73557 73572 112715 
10 : 193518 193509 193522 166351 197854 257936 166369 197856 166353 166374 
10 : 75536 147004 156061 193778 75527 75530 75538 147000 147007 156063 
10 : 169875 193943 455 193947 169879 451 169887 464 235212 472 
10 : 138406 194115 70197 194117 138413 70193 138414 70211 253714 70213 
10 : 194134 194138 178377 107778 251346 178387 107785 178394 107794 107776 
10 : 194296 170834 149367 151981 170838 149370 151984 149364 151977 149360 
10 : 194379 43810 194387 78896 43817 220502 78900 43827 43799 78910 
10 : 28826 110919 194395 83261 28818 28839 28816 110931 83247 83271 
10 : 95150 23955 194406 194408 23945 95157 95160 23963 23968 258252 
10 : 162213 194464 139744 194460 162226 139737 162223 139761 256328 139755 
10 : 23489 194476 120970 40878 23500 23487 23480 120987 40897 40867 
10 : 194488 194487 34446 194491 258028 34462 261162 34461 258030 34465 
10 : 194607 92703 194612 101743 92706 219432 101745 92717 92690 101760 
10 : 126046 194647 75503 25276 126059 75496 25267 75518 25288 25262 
10 : 194780 194779 194777 74588 242234 219980 74603 219978 74601 74593 
10 : 12467 39351 194788 194782 12454 12476 12468 39364 39355 213612 
10 : 194796 98478 194793 160354 98489 249269 160369 98483 98471 160363 
10 : 194858 158380 105366 194859 158384 105371 215648 105360 158385 105372 
10 : 194959 161490 194964 600 161492 209785 606 161504 596 620 
10 : 103826 3743 46444 195056 3735 46431 103837 3732 3757 46458 
10 : 92333 195101 195099 195106 92339 92336 92347 214261 232627 214270 
10 : 195260 195255 195258 120153 196922 237923 120168 196917 120154 120161 
10 : 45794 195277 2196 114606 45812 2181 45788 2215 114622 2187 
10 : 118146 195284 195281 195279 118157 118150 118148 234210 230190 230180 
10 : 157629 195295 129774 195297 157637 129772 157641 129786 259115 129788 
10 : 153806 120948 195300 166487 120938 153807 153799 120949 120941 166489 
10 : 195422 163260 195420 61022 163273 258160 61041 163271 61019 61038 
10 : 95578 120747 58262 195436 95573 58251 95590 58255 120759 58279 
10 : 195551 25243 936 195546 25254 947 237825 919 25250 945 
10 : 195552 162694 195556 70198 162695 196836 70199 162705 70195 70212 
10 : 133925 195734 26937 195730 133933 26923 133926 26946 207752 26939 
10 : 195739 195732 180232 125972 222029 180248 125995 180235 125981 125968 
10 : 195755 195760 118672 195762 220500 118675 220501 118688 259266 118690 
10 : 195759 195765 195764 132363 255479 255477 132374 263008 132378 132377 
10 : 37508 195825 195831 123747 37512 37518 37505 211761 123750 123758 
10 : 195941 89803 117198 45374 89814 117207 45383 89796 45364 45365 
10 : 19128 37260 15615 195979 19116 15604 19134 15606 37264 15623 
10 : 74769 132772 90365 196107 74766 74763 74771 90357 132774 90367 
10 : 35491 131840 170280 196208 35486 35489 35500 131838 131846 170290 
10 : 196289 25681 4463 3817 25699 4476 3837 4446 3796 3794 
10 : 110579 196367 196363 196365 110588 110582 110586 208524 216628 208520 
10 : 196461 196455 144931 196465 222650 144935 232830 144933 222659 144943 
10 : 196546 196553 85569 15194 232618 85575 15203 85586 15214 15184 
10 : 196637 196635 196642 135874 236464 243894 135885 236468 135883 135893 
10 : 139824 100102 142924 103485 100095 139817 103474 100096 100088 103475 
10 : 70843 196733 196729 45848 70863 70853 45837 239807 45865 45858 
10 : 3417 111381 196859 196862 3411 3418 3426 111384 111390 207019 
10 : 50722 169020 196875 196884 50718 50728 50733 169024 169032 239271 
10 : 40799 183389 196936 196929 40796 40808 40800 183402 183393 220225 
10 : 143641 133728 196931 98507 133720 143648 98498 133732 98496 98513 
10 : 195655 197050 197041 197039 195667 195661 195658 223202 203473 203459 
10 : 162365 178986 197123 31985 162363 162372 31981 178993 31982 31992 
10 : 197176 7231 14879 197177 7240 14893 253659 7223 7241 14896 
10 : 20260 197200 139503 139841 20268 20255 20256 139516 139855 139500 
10 : 190737 197196 197194 197198 190742 190741 190743 236774 239070 236778 
10 : 64828 114711 76497 68996 64821 64818 64816 76489 68991 68987 
10 : 197259 197266 147022 197265 216312 147023 216311 147035 262760 147033 
10 : 197438 197451 144221 197436 206175 144227 202776 144239 202789 144225 
10 : 197525 197529 161800 197535 210469 161804 210475 161811 233541 161816 
10 : 86503 197537 197542 197543 86504 86508 86509 236415 236416 254957 
10 : 197541 197545 134902 15000 254767 134910 15009 134914 15017 14994 
10 : 197615 173814 124108 11152 173822 124124 11167 124104 11147 11139 
10 : 197806 197805 165507 197454 257906 165525 197475 165521 197469 165506 
10 : 197828 197827 196252 197832 235817 196258 237337 196257 235820 196263 
10 : 197905 101078 197916 136522 101083 224643 136528 101090 101073 136539 
10 : 198043 45584 168754 60479 45593 168768 60497 45579 45572 60475 
10 : 197735 198047 198049 3819 197740 197743 3818 253118 3828 3831 
10 : 198061 198058 33725 67093 257680 33743 67115 33739 67107 33712 
10 : 56462 173303 19276 198064 56457 19261 56463 19267 173304 19277 
10 : 198119 68867 198125 198126 68872 235099 235100 68876 68880 262783 
10 : 49044 184885 198223 198216 49042 49057 49047 184899 184888 215410 
10 : 91191 155715 198270 198272 91186 91202 91203 155729 155731 263900 
10 : 55623 162878 198286 198284 55617 55640 55638 162895 162893 263398 
10 : 74111 198379 169253 31091 74123 74110 31084 169263 31107 31090 
10 : 129235 70879 151680 43427 70872 129229 43420 70875 43413 43422 
10 : 136870 133663 198525 198526 133656 136875 136876 133668 133669 209875 
10 : 145015 198618 198619 198616 145024 145025 145019 256090 237238 237239 
10 : 14526 59024 51335 198846 14517 14515 14531 51324 59033 51347 
10 : 198891 116510 198897 120285 116518 247461 120297 116527 116499 120303 
10 : 187589 198936 71026 198935 187594 71024 187593 71030 217979 71029 
10 : 1027 198998 199000 198993 1035 1040 1028 245521 205531 205540 
10 : 199003 199007 199008 195898 230206 230208 195903 256485 195908 195909 
10 : 199004 169751 140166 199009 169754 140170 237683 140162 169759 140174 
10 : 174321 199039 199035 199043 174338 174331 174343 251179 259286 251184 
10 : 193591 199068 49615 38909 193592 49614 38908 49617 38910 38896 
10 : 199148 199147 18743 96374 220938 18749 96381 18746 96377 18735 
10 : 190410 199221 58119 150425 190418 58117 150423 58128 150431 58113 
10 : 135603 199228 199229 192935 135607 135608 135602 223355 192941 192942 
10 : 199313 80992 199309 118673 81002 223537 118684 80994 80982 118676 
10 : 199396 94714 199394 17048 94720 225949 17053 94718 17036 17051 
10 : 199429 121189 67475 199433 121199 67487 249588 67469 121207 67492 
10 : 164436 199482 199481 60439 164443 164440 60435 233240 60447 60444 
10 : 199567 199563 199566 139717 227341 255117 139732 227340 139719 139730 
10 : 199648 199654 70481 116111 208892 70483 116112 70494 116125 70477 
10 : 199713 147047 199712 199716 147051 206346 223973 147049 147057 206351 
10 : 83975 78454 779 199728 78443 765 83989 764 78463 792 
10 : 199734 75986 174930 13682 75993 174939 13689 75985 13667 13681 
10 : 199789 36822 199791 199790 36830 248627 248624 36838 36836 262699 
10 : 159303 199869 185758 111252 159313 159299 111245 185769 111261 111249 
10 : 84726 65262 168383 199876 65251 84721 84728 65257 65264 168385 
10 : 199911 199908 108682 116591 222307 108688 116600 108685 116595 108672 
10 : 199945 15980 174374 19010 15995 174392 19027 15977 15963 19004 
10 : 200054 169766 200055 163405 169781 257999 163422 169783 163399 163424 
10 : 18502 73657 133230 143355 18487 18492 18495 73641 73646 133223 
10 : 140324 200100 200097 200102 140335 140331 140337 252846 261931 252850 
10 : 200206 106559 200209 188708 106561 207717 188710 106571 106557 188719 
10 : 200271 62913 200273 27852 62923 254604 27860 62933 27835 27869 
10 : 200285 200284 100738 200283 261698 100756 261033 100753 261030 100752 
10 : 168663 200359 81869 26334 168667 81866 26332 81872 26338 26324 
10 : 200435 200438 151681 200445 202916 151683 202922 151688 229381 151698 
10 : 200442 155716 131711 144224 155728 131724 144235 131706 144219 131703 
10 : 199503 200446 27475 200450 199508 27474 199516 27481 238525 27488 
10 : 191508 79423 88662 200455 79421 88660 191514 79413 79432 88666 
10 : 200535 199676 94215 26651 199693 94227 26672 94214 26650 26644 
10 : 200656 200661 200664 200659 226552 226555 226550 252588 232367 232372 
10 : 200662 200658 200657 35837 232128 226809 35845 226800 35841 35840 
10 : 200680 200676 118737 170367 229550 118749 170379 118740 170372 118733 
10 : 200829 200831 200826 200704 255436 239408 200718 239410 200723 200713 
10 : 200912 200920 111985 200919 206575 111987 206573 111998 263742 111996 
10 : 44718 88466 200967 200970 44708 44725 44730 88474 88479 239982 
10 : 135962 89688 200976 200972 89678 135973 135966 89699 89693 246411 
10 : 143239 200982 67337 163406 143243 67331 143235 67339 163415 67333 
10 : 200980 200981 200985 200987 207320 207325 207327 215975 215976 255666 
10 : 201045 201040 201043 201037 236988 258074 217324 236985 217311 217319 
10 : 201143 142925 53362 201137 142938 53376 245815 53354 142933 53370 
10 : 115514 14850 130471 46445 14843 115510 46432 14846 14836 46436 
10 : 118616 154537 117103 201150 118612 117094 118625 117096 154546 117114 
10 : 201243 85313 201247 127225 85316 237474 127227 85323 85309 127240 
10 : 201308 50573 30628 47778 50581 30635 47785 30616 47762 30613 
10 : 201410 201411 21424 201420 206811 21425 206818 21427 209745 21441 
10 : 201464 165990 201459 47896 166002 211905 47910 165991 47892 47897 
10 : 199597 201472 201475 174741 199613 199616 174740 260816 174763 174766 
10 : 164851 167616 201797 188173 164846 164868 164849 167632 167613 188197 
10 : 57116 201849 124606 10369 57126 57107 10346 124620 10385 10358 
10 : 201857 201860 152608 177417 224338 152610 177420 152615 177426 152605 
10 : 116463 156615 86424 201875 116458 86414 116472 86419 156626 86437 
10 : 193049 201935 194329 201932 193053 193048 193052 194338 225782 194332 
10 : 201959 201964 132559 201962 226603 132565 226598 132577 258881 132571 
10 : 126739 176411 124258 56116 126734 124248 56102 124255 56111 56100 
10 : 111533 202174 3293 168497 111535 3279 111526 3298 168502 3287 
10 : 16939 202240 202243 202242 16941 16944 16942 214301 214298 226567 
10 : 67031 190336 202470 202473 67029 67040 67044 190342 190347 236438 
10 : 202635 202641 51938 8932 220731 51942 8935 51952 8946 8911 
10 : 202851 202834 202849 51377 218244 262481 51395 218241 51378 51392 
10 : 202873 177398 202869 202863 177410 246154 204051 177407 177399 204047 
10 : 164834 120670 202907 202910 120666 164842 164844 120681 120685 251931 
10 : 41838 202976 202975 202980 41846 41843 41848 234429 256150 234434 
10 : 202974 7910 124827 185923 7911 124830 185924 7898 7906 124822 
10 : 12490 202989 194067 202987 12500 12487 12498 194079 256430 194076 
10 : 202990 202982 192486 202983 215348 192499 215562 192488 215340 192489 
10 : 203025 203027 92814 29031 208395 92819 29033 92822 29037 29013 
10 : 199982 118190 203042 127423 118189 199987 127422 118193 118181 127432 
10 : 203062 152658 203058 203051 152675 254991 204495 152671 152659 204491 
10 : 26434 203133 50012 203140 26435 26423 26441 50013 213499 50023 
10 : 203135 203134 41472 153706 240231 41477 153711 41476 153710 41468 
10 : 157358 203144 203150 203142 157363 157367 157362 226833 225019 225025 
10 : 203147 182691 74973 142544 182695 74976 142553 74969 142541 74966 
10 : 203152 203143 66773 94236 226451 66789 94259 66779 94243 66762 
10 : 203202 69678 73886 122396 69687 73897 122406 69662 69667 73875 
10 : 107529 203216 182022 203211 107539 107525 107534 182034 224931 182027 
10 : 92021 203249 203245 203241 92035 92031 92027 253763 242536 242530 
10 : 203248 12044 203242 125525 12057 246526 125540 12051 12037 125534 
10 : 31347 203362 198479 106783 31351 31346 31337 198482 106789 106782 
10 : 203538 161351 112218 127657 161359 112228 127676 112213 127653 112211 
10 : 203548 47477 53777 21136 47486 53791 21147 47461 21114 21115 
10 : 175831 203585 192038 203586 175837 175829 175840 192043 224224 192046 
10 : 203738 203737 138618 203740 260330 138635 262839 138629 260333 138637 
10 : 203786 203780 172487 203783 243439 172502 260409 172491 243435 172499 
10 : 183713 203833 203837 186011 183718 183723 183711 253146 186021 186028 
10 : 203835 141495 97862 163780 141504 97873 163794 97852 141491 97857 
10 : 203838 203843 203839 137169 206848 206843 137170 210387 137178 137172 
10 : 203899 49010 71736 17304 49017 71745 17311 49000 17289 17290 
10 : 203761 203976 203974 203973 203772 203771 203767 260581 253881 253880 
10 : 4376 129632 181407 181940 4368 4370 4371 129626 129628 181403 
10 : 118462 136872 204150 139193 118455 118470 118456 136882 136862 139206 
10 : 199086 204173 91070 204171 199095 91068 199092 91084 252042 91080 
10 : 158575 49884 190487 204213 49877 158574 158582 49881 49893 190498 
10 : 159172 99015 100128 204214 99010 100118 159184 99005 99026 100140 
10 : 66364 204215 198949 204220 66365 66362 66369 198951 211105 198959 
10 : 204251 63644 204248 204249 63654 225410 226402 63650 63651 225408 
10 : 190933 34480 204291 204282 34479 190942 190934 34491 34481 206353 
10 : 204292 204284 117365 204286 231991 117376 240349 117370 231983 117371 
10 : 201130 81182 175459 61447 81180 175456 61445 81176 61429 61441 
10 : 204370 130721 180878 72819 130733 180890 72828 130717 72807 72815 
10 : 114778 192039 204375 139194 114776 114783 114775 192044 139191 139204 
10 : 173617 175832 204376 29032 173612 173623 29026 175839 29027 29041 
10 : 204603 159632 204601 13990 159639 235274 14004 159635 13982 13998 
10 : 204678 204681 158331 204673 245119 158342 217581 158346 217584 158334 
10 : 23796 149346 204685 204684 23791 23799 23797 149350 149348 216195 
10 : 204693 204695 204700 23889 219324 219331 23894 233462 23896 23905 
10 : 204702 172286 204701 179428 172307 263168 179446 172305 172281 179445 
10 : 204776 204772 204771 152379 254498 242677 152392 242673 152387 152384 
10 : 183109 204824 204822 204821 183116 183115 183114 237148 234724 234721 
10 : 204862 173765 168005 204858 173777 168020 241946 168002 173772 168017 
10 : 202195 204982 204116 204990 202207 202194 202213 204123 242280 204136 
10 : 205058 117283 193952 54810 117287 193954 54813 117281 54802 54808 
10 : 74461 205329 73919 10370 74464 73902 10350 73920 10373 10349 
10 : 205334 84668 100619 188957 84677 100629 188964 84660 84667 100618 
10 : 205367 181722 205366 60751 181730 257534 60761 181728 60747 60760 
10 : 79691 155436 205409 143475 79684 79695 79681 155439 143467 143479 
10 : 66723 189588 205481 205479 66722 66734 66732 189600 189598 260000 
10 : 79080 205483 134448 205488 79082 79068 79088 134450 225452 134456 
10 : 112198 205482 205487 81735 112199 112208 81723 208739 81736 81748 
10 : 205565 902 6724 202535 903 6726 202539 890 901 6723 
10 : 205626 43056 205624 197225 43059 214389 197228 43058 43054 197226 
10 : 191871 85273 72642 77248 85270 72641 77244 72633 77236 72631 
10 : 205775 205776 205774 205766 262515 261962 214340 261965 214343 214338 
10 : 33225 205794 205785 205797 33233 33228 33238 222273 258134 222276 
10 : 205859 205854 205856 205860 238236 246391 263961 238232 238238 246392 
10 : 205869 205863 117934 205866 235731 117948 249495 117939 235727 117943 
10 : 167025 206010 206008 206011 167032 167030 167033 247104 259711 247108 
10 : 206164 194226 206159 206155 194240 238578 208193 194231 194227 208183 
10 : 159825 206209 206213 135875 159827 159830 135865 227204 135880 135888 
10 : 206210 128707 14583 151958 128712 14587 151963 14570 128698 14573 
10 : 46270 149158 61553 206229 46267 46260 46276 61542 149169 61560 
10 : 103941 206359 206367 206365 103944 103954 103952 227126 227124 261199 
10 : 206374 21818 100001 206371 21832 100018 250723 21808 21825 100010 
10 : 178617 152435 68972 152687 152433 68969 152684 68966 152430 68967 
10 : 206476 148423 206471 206480 148431 239981 258290 148427 148441 239986 
10 : 206582 206583 199826 20689 245889 199838 20696 199842 20698 20686 
10 : 206646 171906 85671 150504 171908 85676 150508 85668 150502 85665 
10 : 32422 206804 206803 206806 32427 32426 32428 251571 256347 251572 
10 : 194241 146180 206880 86836 146179 194245 86833 146184 86829 86838 
10 : 206952 206954 151473 174744 226084 151480 174749 151488 174760 151469 
10 : 207033 103852 188854 207035 103856 188858 230818 103847 103859 188863 
10 : 95152 109807 207104 113805 95144 95156 95145 109812 109801 113818 
10 : 207127 207134 166897 207131 232292 166902 232288 166914 250452 166910 
10 : 207158 114737 168934 207155 114749 168947 239994 114733 114742 168939 
10 : 198696 207182 207179 106560 198708 198705 106558 259850 106576 106575 
10 : 207237 207238 158607 3173 225991 158609 3178 158610 3179 3169 
10 : 91214 169971 127546 91927 91209 91206 91204 127541 91922 91919 
10 : 180959 160170 198382 55828 160166 180956 55823 160168 55820 55825 
10 : 184533 194090 207474 40082 184532 184542 40073 194100 40076 40094 
10 : 207484 207492 197130 202945 226316 197135 202950 197142 202962 197129 
10 : 207549 60885 58951 164938 60891 58956 164943 58934 60881 58947 
10 : 207612 88085 75472 82865 88086 75473 82866 75464 82853 75463 
10 : 207615 207620 207614 207613 239970 221590 212827 221598 212835 212825 
10 : 207687 207686 182025 207690 223853 182028 236404 182026 223857 182031 
10 : 207698 98380 185224 38048 98390 185237 38065 98378 38040 38046 
10 : 3445 207774 207779 207770 3450 3453 3447 246915 219910 219915 
10 : 172266 207991 173480 207995 172272 172261 172278 173487 226152 173497 
10 : 208072 46297 61990 189551 46308 62006 189567 46281 46294 61987 
10 : 204228 38172 208104 41618 38169 204233 41616 38178 38155 41627 
10 : 21233 151015 163277 208163 21225 21226 21235 151006 151018 163278 
10 : 94457 208236 197316 64367 94465 94456 64353 197326 64376 64365 
10 : 62858 23388 115442 208354 23374 62847 62863 23379 23398 115453 
10 : 208365 208366 40249 208363 263051 40266 252918 40267 252919 40258 
10 : 138157 208430 42010 101744 138166 42003 101733 42021 101756 42001 
10 : 129339 43710 208541 208544 43701 129348 129352 43723 43726 251018 
10 : 184582 3294 155760 197709 3289 155756 184581 3286 3291 155757 
10 : 208588 208599 147240 208596 216578 147244 216577 147252 243832 147247 
10 : 143555 208647 208641 208644 143568 143559 143563 238967 253883 238961 
10 : 69394 146624 208730 122500 69388 69404 69385 146635 122491 122516 
10 : 76352 201157 206767 203252 76349 76351 76350 201156 201155 203251 
10 : 158189 29491 208814 10534 29488 158197 10529 29509 10516 10550 
10 : 194018 206626 105122 208845 194016 105119 194020 105121 206629 105127 
10 : 208924 208921 208923 208919 261134 262940 247083 261132 247078 247080 
10 : 181617 189431 157201 208936 181615 157198 181624 157199 189435 157206 
10 : 101343 49177 4317 147657 49169 4306 101338 4298 49174 4309 
10 : 204608 209082 209068 209080 204619 204609 204618 213280 256623 213277 
10 : 209155 209154 205889 108739 216083 205895 108745 205892 108743 108738 
10 : 209304 209308 158109 134281 232854 158115 134287 158124 134297 134275 
10 : 209319 137736 181896 209318 137749 181902 243632 137734 137748 181900 
10 : 199906 209618 205742 126418 199907 199905 126415 205745 126420 126417 
10 : 163063 192518 206130 121218 163061 163062 121212 192516 121214 121215 
10 : 209708 209711 19545 136326 227596 19547 136329 19554 136339 19537 
10 : 209731 209734 148842 48493 249011 148849 48497 148850 48503 48486 
10 : 209791 153919 209781 4618 153929 223603 4636 153920 4610 4620 
10 : 78110 209845 209846 209838 78116 78118 78112 248458 214179 214181 
10 : 209858 209854 209856 37728 250926 258024 37744 250922 37737 37741 
10 : 120794 209916 209911 93355 120803 120795 93341 233352 93373 93360 
10 : 209792 52898 93617 113687 52897 93616 113686 52884 52885 93606 
10 : 209948 185226 34017 181761 185244 34036 181780 34014 181757 34013 
10 : 2162 210068 210077 210071 2165 2175 2170 221113 221105 259232 
10 : 139343 12666 205028 25280 12658 139342 25271 12665 12651 25279 
10 : 120183 71296 159449 210182 71288 120177 120189 71291 71307 159459 
10 : 2200 210235 138760 210228 2212 2191 2202 138780 219094 138765 
10 : 210266 210267 210263 100004 243433 232111 100009 232115 100012 100008 
10 : 175925 210282 210280 181677 175935 175933 175919 240080 181685 181682 
10 : 210322 37793 210328 10846 37795 218220 10848 37805 10830 10857 
10 : 210381 170984 206056 210379 170995 206068 253597 170982 170992 206065 
10 : 146042 170134 160026 210462 146039 146037 146052 160022 170140 160035 
10 : 99242 210502 71846 210507 99244 71832 99253 71849 219601 71861 
10 : 14225 210517 139954 44598 14228 14218 14211 139959 44605 44590 
10 : 210524 210521 116736 94238 240984 116757 94258 116747 94248 94229 
10 : 210551 210555 210549 154334 238410 229921 154342 229926 154349 154340 
10 : 180879 120385 124972 168115 120383 124970 168113 120375 120380 124967 
10 : 210587 210582 210580 93313 241637 227499 93328 227493 93321 93318 
10 : 73258 210661 210655 127925 73273 73261 73251 226686 127944 127929 
10 : 200286 108741 210747 192198 108737 200295 192195 108750 108735 192208 
10 : 210746 210743 96861 114850 211894 96867 114856 96862 114851 96851 
10 : 210804 197040 210810 210805 197042 231537 231533 197051 197043 232723 
10 : 210808 210807 80110 147658 244903 80119 147667 80117 147666 80104 
10 : 203 179286 22187 211053 198 189 209 22183 179292 22192 
10 : 29001 137766 9253 139409 28990 9229 28991 9240 137756 9241 
10 : 171063 211268 211269 184201 171066 171067 171059 226950 184204 184205 
10 : 67478 211380 142308 117846 67489 67473 67468 142317 117860 117839 
10 : 211428 29471 211418 211420 29481 214099 232530 29472 29474 214088 
10 : 57036 102233 96483 211514 57030 57029 57040 96468 102243 96493 
10 : 211512 87062 127872 186087 87070 127882 186098 87052 87060 127869 
10 : 211529 211537 57401 211521 248361 57412 216511 57418 216521 57402 
10 : 184968 126946 211658 211665 126942 184972 184979 126949 126961 237199 
10 : 34417 211733 211732 211735 34428 34427 34431 261751 262250 261752 
10 : 211848 104715 211861 181762 104717 220294 181764 104735 104713 181781 
10 : 128198 212031 36538 7974 128201 36527 7965 36543 7979 7958 
10 : 79883 17050 16441 170184 17033 16428 79880 16421 17046 16436 
10 : 118353 212173 13174 130055 118356 13166 118347 13177 130059 13167 
10 : 114222 132101 80573 212196 114216 80568 114232 80569 132110 80585 
10 : 167968 212305 212313 200413 167969 167977 167965 222452 200417 200429 
10 : 212356 80475 30952 181052 80487 30964 181064 30943 80472 30950 
10 : 64401 108866 69680 212416 64392 64386 64412 69664 108878 69692 
10 : 172560 212482 30844 212488 172562 30838 172571 30845 222534 30853 
10 : 212495 68719 134782 190796 68724 134790 190801 68713 68716 134777 
10 : 212511 73342 212512 137311 73345 254165 137317 73348 73331 137319 
10 : 157664 212542 212543 139845 157666 157668 139839 229603 139848 139849 
10 : 212556 166380 105368 212557 166390 105382 247543 105362 166392 105383 
10 : 212636 156480 197710 212630 156486 197719 212670 156476 156481 197711 
10 : 212716 131786 157301 212714 131793 157313 241834 131779 131790 157308 
10 : 212804 212795 95603 212802 225029 95621 262370 95608 225027 95620 
10 : 212856 212847 212861 212860 216090 249694 249693 216098 216097 262998 
10 : 89560 123932 16068 212978 89552 16055 89567 16057 123941 16078 
10 : 213040 130240 90465 71449 130249 90473 71463 90449 71440 71437 
10 : 56581 213046 213045 121113 56588 56587 56577 250102 121121 121120 
10 : 213135 213131 33115 130744 225331 33122 130754 33118 130747 33106 
10 : 80059 213142 41510 213140 80066 41501 80065 41518 242629 41517 
10 : 213187 169847 213191 51338 169848 229630 51343 169854 51333 51351 
10 : 213215 213211 200135 213214 235094 200151 243480 200143 235092 200149 
10 : 175649 213268 213271 45996 175653 175655 45992 248168 46004 46008 
10 : 213342 213343 210096 126052 229487 210098 126054 210104 126057 126051 
10 : 89962 196845 42232 37858 89960 42222 37847 42230 37856 37841 
10 : 36637 213628 91810 151358 36647 36627 36633 91817 151371 91800 
10 : 213635 213630 193167 189690 245852 193177 189700 193170 189694 189686 
10 : 213639 213638 213644 213641 218812 227828 227824 218819 218818 239610 
10 : 75715 186992 213676 213678 75710 75719 75722 186997 187000 233146 
10 : 213684 213691 105420 132477 228207 105422 132480 105427 132486 105411 
10 : 213689 213692 213682 80449 251848 216645 80460 216648 80462 80452 
10 : 62310 189325 213811 191540 62305 62311 62306 189326 189322 191545 
10 : 210026 87942 62774 213875 87940 62772 210035 62764 87952 62784 
10 : 22985 174724 213952 213957 22980 22986 22995 174725 174735 215548 
10 : 213961 155835 82836 213964 155838 82839 241276 82828 155841 82843 
10 : 188203 7645 79829 10536 7641 79826 10532 7632 7625 10521 
10 : 175221 107852 214014 214017 107847 175227 175230 107861 107865 240829 
10 : 207468 214024 191310 214026 207477 191309 207479 191323 263171 191324 
10 : 86150 31852 20692 69318 31840 20675 69302 20669 31837 20672 
10 : 214078 214076 214075 214074 263732 263063 261577 263062 261575 261574 
10 : 214135 212428 163065 97748 212439 163077 97759 163064 97747 97739 
10 : 161848 3578 139410 137795 3573 139403 137786 3570 3569 137782 
10 : 100970 204542 187722 97232 100968 100966 97218 187718 97230 97228 
10 : 25529 20902 214282 214286 20891 25532 25536 20905 20912 231229 
10 : 214421 214424 214430 214429 222941 222947 222945 249886 249883 260106 
10 : 169384 214431 51036 93996 169385 51028 93987 51037 93997 51017 
10 : 209346 205891 214453 214452 205890 209360 209359 205910 205909 262984 
10 : 214624 214623 45849 143581 220554 45853 143586 45851 143584 45842 
10 : 160306 12547 212645 214644 12540 160305 160309 12544 12552 212653 
10 : 59859 184178 161694 214651 59856 59855 59872 161691 184187 161701 
10 : 6222 214708 119560 120673 6228 6210 6211 119566 120680 119546 
10 : 205861 185142 214713 101516 185141 205872 101515 185156 101513 101530 
10 : 214781 214777 190089 214774 246309 190100 221569 190092 221561 190090 
10 : 140304 214784 214785 3579 140316 140317 3571 264163 3591 3592 
10 : 214855 214851 214857 214850 221430 260096 217301 221431 217293 217305 
10 : 214985 213295 214984 213899 213299 235919 213905 213298 213294 213903 
10 : 39456 214994 34619 214993 39459 34604 39458 34621 217860 34620 
10 : 204827 215003 214999 215001 204840 204835 204838 254038 261492 254033 
10 : 3616 120416 215142 197548 3599 3617 3614 120418 120414 197549 
10 : 129018 215184 207277 170812 129028 129015 129012 207293 170827 170811 
10 : 175650 215191 198794 197692 175654 175647 175646 198802 197699 197691 
10 : 215252 134689 215253 112151 134691 222685 112153 134694 112140 112155 
10 : 215391 102912 114474 166381 102915 114476 166383 102898 102904 114467 
10 : 207172 17269 3015 64131 17266 3013 64129 2998 17259 3000 
10 : 118355 95088 17196 215533 95080 17182 118368 17181 95102 17209 
10 : 215574 215571 215572 139956 253706 261678 139968 253704 139965 139967 
10 : 176646 121537 102913 126646 121531 102905 126640 102899 121526 102900 
10 : 215703 215712 68493 215706 226139 68497 226136 68504 241677 68500 
10 : 60286 108356 176677 211033 60273 60281 60285 108351 108355 176675 
10 : 85092 181390 215763 215765 85087 85097 85099 181392 181395 228801 
10 : 215774 54457 215783 215485 54460 238796 215487 54464 54456 215496 
10 : 204021 215823 215822 215825 204032 204031 204036 249704 253494 249708 
10 : 215848 149521 44757 40696 149529 44768 40710 44750 40691 40679 
10 : 215877 79032 151662 215878 79038 151669 257434 79021 79040 151671 
10 : 145296 184063 215879 215880 145293 145297 145298 184065 184070 218945 
10 : 198299 215885 126053 215884 198309 126047 198308 126066 258183 126062 
10 : 215949 215950 202864 177783 238640 202867 177786 202868 177788 177780 
10 : 150006 95112 216039 216038 95107 150012 150007 95119 95113 225034 
10 : 216120 213281 216115 216117 213292 232362 236028 213285 213286 232352 
10 : 216135 118377 212646 73471 118386 212655 73482 118375 73460 73470 
10 : 117895 21205 216155 90887 21200 117900 90880 21212 21199 90897 
10 : 214519 184370 41452 216219 184368 41450 214523 41444 184373 41455 
10 : 216308 200989 95990 216307 200994 95996 223866 95988 200991 95992 
10 : 216317 100824 215549 106786 100826 215553 106788 100823 100809 106785 
10 : 216371 216370 216377 216364 254940 256604 217389 254944 217388 217394 
10 : 75058 158215 216381 216378 75056 75065 75059 158223 158216 221026 
10 : 216529 216531 90621 216537 238260 90628 238271 90632 250260 90645 
10 : 202350 216663 216666 89987 202351 202354 89986 223280 89989 89993 
10 : 157555 216734 34188 181303 157558 34177 157551 34189 181305 34182 
10 : 209779 216740 136931 216738 209788 136928 209786 136942 260755 136940 
10 : 216924 70484 216925 216927 70486 224832 224835 70487 70491 231860 
10 : 207558 216994 216995 216990 207565 207567 207560 259160 239616 239619 
10 : 11864 84027 41621 217030 11854 11852 11878 41607 84036 41637 
10 : 177677 52482 217032 71577 52475 177679 71569 52485 52470 71578 
10 : 189453 216558 217038 217041 189452 189463 189464 216567 216569 259769 
10 : 53152 217119 182465 182974 53155 53145 53146 182470 182986 182460 
10 : 217122 217118 110341 94357 242694 110354 94372 110346 94363 94342 
10 : 154168 217125 217128 217126 154169 154176 154173 223431 223427 238352 
10 : 217206 217210 93618 117230 233353 93619 117234 93628 117242 93607 
10 : 65202 217263 217261 102613 65209 65206 65189 236009 102625 102619 
10 : 217285 217288 47501 116262 234353 47506 116266 47510 116269 47491 
10 : 211847 217364 217361 217353 211858 211856 211849 256814 225421 225417 
10 : 152498 217414 142068 195769 152502 142063 152496 142073 195776 142066 
10 : 68626 217554 208376 217550 68634 68623 68630 208387 246190 208384 
10 : 95816 139997 217609 216424 95804 95820 95814 140006 139996 216436 
10 : 142479 217613 217610 217607 142493 142491 142480 257813 221695 221689 
10 : 217627 217626 110895 217634 228651 110898 239891 110897 228658 110906 
10 : 217690 69481 110108 206858 69486 110111 206863 69473 69480 110106 
10 : 33159 159450 217708 217714 33151 33164 33170 159455 159461 237406 
10 : 217819 217821 215551 217826 227471 215554 227474 215556 235397 215559 
10 : 217893 93493 158022 37587 93495 158028 37591 93482 37568 37576 
10 : 183264 152815 217953 217951 152808 183270 183269 152825 152820 261014 
10 : 217963 217974 29297 200777 222837 29299 200779 29315 200795 29295 
10 : 199239 107854 218020 61025 107850 199246 61023 107864 61010 61037 
10 : 64488 161773 9370 218035 64482 9355 64490 9365 161775 9372 
10 : 140945 29867 218065 192440 29859 140947 140943 29875 29865 192448 
10 : 122477 218149 112845 218150 122481 112833 122482 112856 252481 112858 
10 : 218146 218148 206977 218145 231324 206981 220694 206982 220695 206979 
10 : 17163 218208 218206 218209 17166 17164 17167 225468 243160 225469 
10 : 186247 129436 134925 218353 129431 134919 186253 129425 129443 134933 
10 : 218411 185740 218412 218413 185751 260986 260987 185752 185753 261355 
10 : 2164 12703 216273 169625 2147 2163 2160 12702 12694 169624 
10 : 108947 218415 218419 50495 108951 108955 50480 259528 50504 50508 
10 : 218468 218469 218467 218470 227530 223542 227531 223546 239801 223547 
10 : 162098 172695 28569 218492 162091 28558 162105 28560 172702 28578 
10 : 203981 218511 218506 67231 203996 203992 67224 259152 67243 67240 
10 : 218508 218502 161452 113886 246918 161467 113901 161457 113894 113880 
10 : 218553 218547 196682 5273 235515 196695 5290 196685 5278 5267 
10 : 218605 218602 64854 218607 235289 64870 260037 64859 235293 64872 
10 : 153409 218682 96486 209129 153420 96471 153406 96498 209142 96482 
10 : 171445 133393 218692 198229 133386 171457 171443 133402 133390 198245 
10 : 218689 204102 115560 185335 204110 115569 185347 115559 185334 115555 
10 : 218694 161806 137556 214822 161809 137558 214824 137548 161805 137554 
10 : 218700 218698 218696 116774 261183 249272 116788 249267 116784 116781 
10 : 218773 218768 148022 201757 234607 148037 201768 148027 201758 148020 
10 : 159431 218825 218828 68840 159438 159443 68831 250646 68844 68851 
10 : 146795 218849 100769 94489 146799 100762 94479 100777 94494 94477 
10 : 191940 192920 218991 124609 191936 191956 124603 192934 124604 124630 
10 : 135233 150488 219106 219110 135227 135238 135245 150491 150498 240152 
10 : 144499 200688 219107 142549 144494 144503 142535 200694 142543 142557 
10 : 199506 159231 210057 124114 159228 199505 124109 159229 124101 124112 
10 : 36744 219183 201224 191446 36754 36743 36742 201234 191455 191444 
10 : 219190 186123 207432 199537 186128 207437 199545 186116 186114 199535 
10 : 119662 28731 163188 161719 28724 119657 119656 28727 28726 161710 
10 : 161879 219237 219242 186289 161880 161884 161877 226644 186291 186299 
10 : 219362 180978 200778 219367 180984 200784 240120 180974 180988 200793 
10 : 219365 59780 190191 219359 59793 190203 233173 59775 59786 190194 
10 : 49125 219375 213172 209517 49134 49123 49122 213182 209531 209516 
10 : 219441 219436 133636 219433 239305 133648 227294 133641 227287 133638 
10 : 219446 45405 219445 88004 45408 228165 88008 45407 45393 88007 
10 : 219457 219451 153200 29298 227833 153214 29314 153201 29300 29288 
10 : 219510 164343 219516 219512 164346 228446 228442 164357 164348 237047 
10 : 105535 219522 150703 44444 105541 105527 44429 150714 44456 44433 
10 : 219569 219572 219570 217456 252562 252560 217462 263380 217467 217465 
10 : 219580 219582 22750 129678 255263 22763 129690 22767 129696 22742 
10 : 19510 77856 7026 219616 19501 7000 19521 7005 77866 7039 
10 : 188299 219631 76503 83713 188306 76496 83710 76510 83724 76488 
10 : 207367 146404 130638 218175 146401 130636 207366 130629 146403 130637 
10 : 181635 164457 215099 219704 164454 181634 181636 164456 164458 215100 
10 : 78248 146080 609 4619 78236 588 4599 593 4607 583 
10 : 219751 167228 219748 41622 167235 254376 41635 167233 41615 41630 
10 : 219816 60174 87944 116037 60189 87956 116059 60164 60168 87933 
10 : 220062 210593 12424 212003 210601 12433 212014 12421 210591 12422 
10 : 199971 128285 168099 190583 128280 168091 190578 128278 128279 168090 
10 : 35989 308 98617 158024 281 35969 35976 288 298 98606 
10 : 214374 220129 8610 220133 214381 8607 214387 8617 240441 8625 
10 : 105930 141597 191133 220268 105920 105926 105933 141591 141601 191140 
10 : 38543 220332 220331 220334 38549 38547 38551 256939 261993 256942 
10 : 220527 147841 215600 207433 147852 215608 207443 147839 147837 207431 
10 : 160810 17307 209518 123064 17299 160808 123057 17306 17295 123061 
10 : 144481 220653 220655 79579 144488 144489 79572 258662 79593 79594 
10 : 18324 134807 220714 220712 18318 18332 18328 134817 134813 237709 
10 : 220781 71603 220780 217224 71616 258660 217236 71615 71601 217235 
10 : 220798 46095 137062 28432 46098 137064 28435 46086 28411 28418 
10 : 198683 220851 220848 200176 198690 198685 198682 245468 200188 200182 
10 : 209641 184179 221020 221012 184177 209656 209648 184192 184186 244263 
10 : 221013 221015 179607 221021 247625 179618 247627 179623 258530 179630 
10 : 221065 199601 168737 213105 199618 168751 213122 168734 199600 168735 
10 : 221076 87858 101993 66395 87867 101998 66405 87851 66383 66384 
10 : 118982 140582 221141 199918 118970 118991 118979 140596 140580 199937 
10 : 221198 221209 221206 135277 236807 236804 135283 261815 135303 135298 
10 : 69607 110067 123603 3475 69600 69601 3458 110057 3461 3462 
10 : 221259 220433 173506 221261 220435 173507 235492 173505 220442 173512 
10 : 182693 66777 221282 22506 66772 182707 22496 66790 22488 22524 
10 : 185948 126031 127172 221325 126028 127168 185955 126024 126041 127187 
10 : 159633 221390 152276 182977 159634 152270 159630 152277 182981 152272 
10 : 221393 220543 71933 126651 220548 71936 126655 71932 126650 71922 
10 : 221401 91004 197550 221402 91010 197560 261047 91000 91013 197566 
10 : 221406 177489 221404 221408 177500 247487 256859 177496 177501 247488 
10 : 34565 221460 136641 221459 34570 34557 34568 136645 231020 136644 
10 : 87919 209111 155859 168577 87917 87914 87916 155857 168574 155854 
10 : 144289 67407 163847 87703 67398 144286 87693 67400 67395 87696 
10 : 221578 45852 163880 152709 45856 163886 152712 45845 45844 152701 
10 : 93061 221037 71548 129369 93060 71532 93050 71547 129368 71536 
10 : 196214 32392 221728 210832 32388 196225 196212 32402 32389 210848 
10 : 204780 128564 51943 212660 128561 51939 204779 51933 128563 51940 
10 : 221788 166706 221787 212204 166720 260270 212216 166716 166705 212214 
10 : 92915 98059 183815 197148 92904 92910 92912 98057 98058 183812 
10 : 67697 221882 103238 221884 67701 67683 67704 103240 238490 103250 
10 : 29197 116650 173405 197386 29182 29190 29196 116642 116648 173401 
10 : 221949 13302 221950 221952 13304 247983 247984 13305 13307 248457 
10 : 70590 221956 164775 69001 70595 70579 68985 164786 69009 68995 
10 : 97576 37375 63130 221959 37364 63121 97578 37363 37376 63134 
10 : 9782 221998 221997 167838 9789 9787 9776 251277 167852 167848 
10 : 147365 222017 20829 197571 147376 20821 147363 20840 197580 20827 
10 : 222058 116853 222051 222053 116864 238555 246317 116857 116860 238551 
10 : 222110 11866 19511 215083 11870 19514 215086 11850 11863 19508 
10 : 151855 222220 222219 222215 151866 151863 151856 257513 232471 232467 
10 : 222216 222218 149791 109752 239635 149796 109759 149800 109765 109741 
10 : 145034 24914 222395 222393 24908 145050 145048 24929 24926 259664 
10 : 222415 165213 198495 222417 165214 198497 226540 165209 165218 198500 
10 : 62421 222430 222427 222426 62428 62426 62424 264059 257621 257620 
10 : 82175 197620 222483 100374 82169 82180 82163 197628 100372 100391 
10 : 31459 143896 219944 222495 31452 31458 31472 143894 143905 219959 
10 : 52998 193273 35154 162489 52995 35135 52993 35151 162486 35147 
10 : 218512 197056 222540 132597 197055 218520 132596 197062 132594 132602 
10 : 222570 77495 222569 215162 77505 254282 215177 77501 77493 215171 
10 : 222627 193451 222623 41190 193463 260205 41205 193459 41187 41198 
10 : 109113 222692 205246 81483 109128 109109 81464 205260 81490 81480 
10 : 74502 48633 222756 195611 48618 74509 74496 48644 48629 195626 
10 : 81845 176866 99512 156384 81838 81830 81837 99505 156377 99503 
10 : 108411 222791 222793 185992 108413 108416 108407 233091 185996 185999 
10 : 156185 12391 192168 136766 12386 156182 136758 12390 12383 136761 
10 : 43658 223069 223072 118080 43662 43664 43649 240191 118083 118090 
10 : 38176 36264 98889 222719 36241 38161 38175 36247 36263 98888 
10 : 150578 223148 149082 223146 150589 149073 150588 149094 261476 149092 
10 : 176657 169216 54948 223210 169210 54944 176664 54943 169222 54959 
10 : 141539 201813 57541 223218 141536 57531 141550 57538 201825 57553 
10 : 223259 223258 54949 71197 224158 54953 71199 54950 71198 54935 
10 : 223261 223260 100237 74594 231439 100241 74599 100240 74597 74577 
10 : 140503 132456 158336 140903 132450 140500 140499 132453 132451 140894 
10 : 211347 214440 76136 223342 211345 76133 211356 76134 214447 76145 
10 : 223352 15651 86260 139413 15658 86269 139420 15637 15639 86248 
10 : 182960 170910 164483 210640 170905 164476 182956 164474 170907 164480 
10 : 65204 118466 209756 223411 65190 65198 65210 118464 118475 209765 
10 : 75196 223483 63648 203567 75204 63632 75194 63661 203576 63643 
10 : 2103 209114 23542 96766 2102 2094 2098 23540 96763 23530 
10 : 132124 124260 159951 223615 124250 132119 132125 124252 124263 159953 
10 : 35671 52457 223680 181232 35655 35675 35666 52460 52452 181237 
10 : 204245 223815 181897 223818 204252 181895 204256 181899 235748 181904 
10 : 223816 152145 148763 64253 152146 148767 64254 148756 64242 64241 
10 : 223829 191429 223823 122504 191441 238139 122517 191432 122495 122509 
10 : 19608 62722 214104 125983 19594 19606 19598 62720 62709 125976 
10 : 41645 147092 5890 223892 41642 5880 41651 5885 147095 5896 
10 : 93856 223946 213517 141198 93863 93854 93846 213524 141205 141194 
10 : 20154 223949 51340 11331 20156 20137 11310 51344 11334 11313 
10 : 223965 15894 223960 205311 15903 255177 205320 15900 15891 205316 
10 : 224027 48877 163087 224022 48883 163099 227816 48873 48878 163088 
10 : 170243 176867 224032 81739 170239 170245 81728 176869 81729 81742 
10 : 224067 224063 224055 212661 261368 226729 212679 226725 212673 212662 
10 : 218525 91103 90864 212528 91102 90863 212527 90849 91101 90862 
10 : 205216 193289 84358 98511 193285 84356 98509 84353 98506 84345 
10 : 143339 208927 202108 117204 143337 143335 117193 202107 117201 117199 
10 : 160308 18210 224263 190524 18201 160314 160302 18215 18205 190528 
10 : 153410 168649 152690 146293 153404 152679 146283 152683 146285 146282 
10 : 192899 224313 87705 6095 192900 87699 6092 87707 6096 6080 
10 : 224328 224330 83236 152192 233978 83238 152195 83241 152202 83228 
10 : 224390 166666 224400 224391 166667 232257 232247 166676 166668 233556 
10 : 191390 117343 90339 224449 117336 90332 191395 90325 117346 90347 
10 : 184602 86914 224504 224505 86910 184606 184611 86918 86924 250567 
10 : 224545 163581 119594 224534 163589 119605 231882 119584 163582 119596 
10 : 136481 224561 70386 107310 136483 70376 107294 70390 107314 70375 
10 : 134693 73172 224570 205248 73163 134697 134688 73182 73168 205256 
10 : 224618 177124 218994 224617 177128 218999 246151 177123 177127 218998 
10 : 211892 224639 196150 224636 211899 196148 211896 196158 244304 196154 
10 : 131180 179749 151020 224744 131176 131175 131184 151010 179754 151022 
10 : 203068 50496 132564 112971 50492 132560 112968 50483 50481 112958 
10 : 72619 224755 99637 224761 72620 72608 72624 99640 236562 99645 
10 : 32524 224829 224819 203641 32536 32526 32520 234385 203655 203646 
10 : 224896 224903 224901 7812 234258 234255 7814 256864 7820 7819 
10 : 224905 111692 224906 224912 111694 233606 233614 111697 111705 241531 
10 : 159713 224952 178274 159976 159718 159711 159710 178278 159983 159969 
10 : 161495 107311 4621 224968 107298 4611 161506 4603 107319 4630 
10 : 90685 35472 210043 224999 35460 90682 90688 35467 35476 210048 
10 : 225014 225010 225011 156246 225648 239703 156255 225641 156247 156248 
10 : 181433 225065 225066 205815 181436 181438 181430 259508 205822 205823 
10 : 85574 138456 225097 82354 85563 85580 82340 138463 82347 82363 
10 : 31950 81608 225130 225122 31937 31961 31957 81619 81615 242494 
10 : 225119 44083 216967 48808 44085 216969 48809 44078 44062 48805 
10 : 225141 72402 165062 151960 72403 165063 151961 72388 72387 151946 
10 : 112069 225166 159977 109627 112083 112065 109612 159996 109646 109617 
10 : 89787 225198 190253 97008 89795 89780 89771 190263 97019 97001 
10 : 138086 47643 225193 225197 47628 138089 138095 47647 47652 240806 
10 : 225243 139847 225240 80738 139861 236376 80757 139850 80729 80743 
10 : 225572 154271 7608 164382 154277 7622 164392 7601 154265 7603 
10 : 198562 43370 45111 206553 43366 45106 198559 43356 43368 45108 
10 : 225629 190740 79495 92854 190747 79506 92872 79491 92847 79478 
10 : 125247 225671 152817 191702 125251 125239 125242 152819 191706 152810 
10 : 158367 86261 225673 137798 86251 158371 137785 86266 86247 137807 
10 : 225789 225795 5116 38649 243572 5118 38653 5128 38665 5094 
10 : 60175 225812 225816 225818 60179 60187 60188 241821 241823 260483 
10 : 225817 203642 225819 225807 203654 261757 231029 203656 203644 231031 
10 : 186819 113726 225881 90623 113722 186821 90619 113728 90613 90627 
10 : 126150 225930 225933 82606 126161 126162 82598 261963 82617 82618 
10 : 31605 146269 226035 226037 31600 31616 31618 146280 146281 263188 
10 : 172007 224843 226039 188525 172006 172008 172002 224846 188524 188530 
10 : 143959 226105 226103 226102 143965 143963 143961 246573 245586 245582 
10 : 70680 226117 226118 226111 70688 70689 70684 263089 238299 238300 
10 : 204311 226143 202518 210125 204312 202515 204306 202519 210126 202517 
10 : 226161 164630 81237 182979 164633 81242 182987 81225 164627 81229 
10 : 212295 226225 225200 39252 212304 212294 39250 225216 39263 39251 
10 : 210412 35012 226227 218740 35008 210414 210411 35015 35010 218746 
10 : 180005 204876 226287 12260 179999 180015 12255 204887 12258 12275 
10 : 90272 217697 223169 226291 90269 90271 90281 217696 217704 223180 
10 : 204642 108713 226288 226290 108709 204643 204646 108714 108718 227177 
10 : 226354 188937 226367 208618 188938 229937 208619 188956 188936 208632 
10 : 92387 61524 13179 199289 61511 13164 92384 13163 61521 13172 
10 : 226534 226536 226532 210491 247330 236679 210493 236683 210497 210492 
10 : 206033 129137 167444 146209 129133 167436 146204 129130 129127 146200 
10 : 42936 226673 225409 222203 42945 42934 42933 225422 222212 222201 
10 : 152547 22508 226697 200248 22493 152561 152541 22521 22500 200260 
10 : 166941 36073 123632 215996 36066 123624 166939 36065 36071 123630 
10 : 226756 193155 28230 78376 193156 28233 78383 28225 78370 28210 
10 : 118275 195211 33733 93462 118269 33717 93448 33724 93456 33716 
10 : 226780 226777 202951 174646 257564 202967 174659 202960 174654 174641 
10 : 202824 226815 82111 150116 202825 82105 150111 82113 150118 82100 
10 : 147267 46876 226847 189552 46863 147276 147264 46884 46872 189561 
10 : 149743 128401 191470 84283 128392 149739 84269 128398 84263 84275 
10 : 85647 223971 177317 226944 85645 85639 85651 177314 223976 177321 
10 : 159842 108974 226948 226943 108964 159848 159847 108981 108978 252944 
10 : 178621 6931 47370 126082 6927 47360 126074 6919 6923 47353 
10 : 226968 226966 27378 146295 232509 27380 146299 27379 146297 27365 
10 : 226972 105375 187887 214892 105379 187891 214895 105365 105369 187885 
10 : 227034 227036 217438 75613 261950 217451 75626 217452 75629 75611 
10 : 225191 170987 171759 224726 170986 171758 224724 170979 170985 171757 
10 : 227039 227045 227042 227044 238048 238044 238047 257625 263696 257624 
10 : 227092 193791 74690 25125 193798 74696 25132 74686 25120 25109 
10 : 190062 227150 227155 43094 190066 190075 43085 244171 43101 43109 
10 : 86375 121921 99855 54513 86371 86370 54501 99843 54503 54502 
10 : 188104 227267 70064 227264 188115 70062 188113 70077 258921 70076 
10 : 134261 22567 227305 89423 22558 134268 89413 22575 22557 89434 
10 : 106210 99639 227364 227365 99625 106219 106221 99646 99653 259826 
10 : 227440 41337 139379 224457 41349 139398 224478 41329 41336 139378 
10 : 105953 219338 153883 227521 105950 105940 105959 153879 219341 153888 
10 : 192082 199179 170624 202936 192072 170615 192073 170616 199175 170619 
10 : 227586 177072 53019 183122 177074 53021 183126 53014 177068 53016 
10 : 145482 227705 227709 21431 145492 145496 21419 256963 21442 21447 
10 : 1937 176383 156679 104633 1929 1925 1922 156671 104623 104618 
10 : 189237 47875 177232 225153 47865 177226 189236 47863 47874 177231 
10 : 71379 84964 227947 227953 71368 71380 71387 84967 84977 238388 
10 : 100715 228008 132775 73233 100722 100708 73218 132783 73240 73221 
10 : 161653 58815 153901 228148 58806 153891 161658 58804 58823 153906 
10 : 202407 228147 212372 126514 202415 202405 126507 212377 126519 126509 
10 : 228192 2915 211326 64515 2921 211335 64523 2911 2898 64509 
10 : 67698 220677 155125 176308 67696 67687 67691 155122 176306 155117 
10 : 228246 208522 95069 203807 208523 95070 203809 95065 203802 95064 
10 : 4075 37432 228258 60207 4057 4083 4059 37442 37416 60216 
10 : 189434 139255 218246 228318 139252 189433 189436 139253 139259 218249 
10 : 154489 156147 228363 193632 154482 154495 154484 156151 156140 193640 
10 : 228485 166232 163941 228486 166243 163952 263846 163933 166244 163953 
10 : 28197 228533 175026 228535 28200 28193 28206 175031 252602 175033 
10 : 228532 228531 226078 2243 246481 226082 2247 226080 2246 2241 
10 : 228557 228551 54629 100743 228659 54643 100754 54630 100744 54615 
10 : 228595 125715 228599 202368 125721 259570 202383 125724 125714 202387 
10 : 228607 196343 209256 228602 196352 209259 242774 196341 196348 209257 
10 : 135703 206664 46611 61728 135701 46601 61708 46610 61725 46593 
10 : 106757 132676 228669 191448 106752 106763 106756 132682 132674 191451 
10 : 127288 112506 69683 155486 112498 69668 127280 69666 112499 69671 
10 : 228675 195570 150374 64372 195574 150381 64377 150366 64364 64357 
10 : 77936 137287 206335 215101 77927 77931 77933 137285 137286 206332 
10 : 109339 115169 228829 178913 109328 109344 109333 115173 115160 178919 
10 : 15919 177967 228844 228846 15913 15923 15925 177971 177973 249966 
10 : 117777 49079 76975 87344 49065 76964 87336 49061 49062 76960 
10 : 159556 229074 151987 186789 159560 151976 159552 151994 186799 151980 
10 : 49570 229077 229081 162309 49572 49577 49562 234317 162311 162317 
10 : 229116 229115 225530 213466 263962 225550 213479 225549 213477 213464 
10 : 168847 229212 213445 229210 168853 168844 168848 213451 233565 213446 
10 : 229217 229215 229218 145577 239118 246982 145584 239119 145580 145585 
10 : 229227 229224 51234 225531 237481 51243 225542 51236 225535 51231 
10 : 211996 71582 97135 144331 71573 97130 144326 71563 71565 97121 
10 : 52010 229483 212811 172046 52013 52006 52001 212817 172053 172042 
10 : 229576 173655 76944 66397 173671 76957 66414 76938 66392 66382 
10 : 229639 185765 8612 202221 185775 8626 202234 8602 185759 8606 
10 : 123277 106564 102617 64133 106549 102603 64122 102600 64119 64118 
10 : 154672 152769 127174 229730 152762 127164 154673 127163 152770 127175 
10 : 97451 229751 137313 142742 97454 97435 97436 137318 142745 137298 
10 : 126271 229789 229784 224598 126279 126273 126269 241753 224614 224606 
10 : 198312 229839 229837 229838 198317 198314 198316 241515 246112 241514 
10 : 210251 44201 229917 229914 44199 210256 210252 44207 44202 234998 
10 : 104745 110223 229960 229959 104737 104752 104750 110229 110226 243830 
10 : 131006 230009 230002 230000 131019 131010 131007 235308 230914 230902 
10 : 98675 230023 102502 1099 98685 98667 1079 102513 1110 1081 
10 : 208593 218723 189054 61161 208589 189048 61153 189050 61156 61152 
10 : 109686 230251 128637 66398 109692 109675 66385 128645 66406 66388 
10 : 230365 74301 216065 230368 74302 216066 235106 74297 74306 216073 
10 : 230388 211242 230390 170262 211251 261693 170273 211252 170260 170275 
10 : 172200 19316 54191 164189 19306 54184 164183 19298 19305 54182 
10 : 230482 191362 180236 83264 191371 180247 83275 180230 83260 83257 
10 : 210044 175730 50526 63860 175729 50524 63857 50518 63850 50510 
10 : 161810 169602 198735 220573 161795 161801 161807 169595 169598 198732 
10 : 176840 229817 223103 182900 176839 176837 176833 223102 182899 182897 
10 : 51499 55370 141664 230660 51485 51492 51505 55362 55377 141672 
10 : 230709 213757 181494 50498 213764 181501 50507 181491 50494 50487 
10 : 15873 199089 54578 207980 15869 15861 15872 54570 199087 54573 
10 : 230766 230765 53678 40700 253191 53690 40711 53685 40709 40680 
10 : 56170 230771 203290 230767 56176 56165 56171 203293 234937 203291 
10 : 85504 38355 230812 165153 38335 85506 85497 38363 38349 165161 
10 : 230813 150663 230814 201024 150664 232770 201025 150668 150659 201029 
10 : 230884 29130 73475 230882 29137 73481 249266 29113 29135 73480 
10 : 230922 230932 96081 221734 238378 96083 221736 96091 221749 96079 
10 : 230982 230983 48770 230981 259522 48778 253552 48782 253555 48773 
10 : 231043 97750 231042 231047 97756 235869 259483 97753 97761 235873 
10 : 142907 101802 227732 165874 101789 142904 142894 101800 101791 165873 
10 : 158467 231153 156640 156778 158474 156633 156769 156648 156786 156631 
10 : 165961 42969 142099 231203 42960 142085 165965 42958 42979 142109 
10 : 189538 196174 46043 138769 189533 46032 138757 46035 138759 46026 
10 : 231260 36826 231255 22324 36832 232129 22333 36827 22305 22325 
10 : 231314 231310 217267 159675 258397 217284 159690 217280 159686 159674 
10 : 13205 99367 231320 231319 13196 13218 13212 99377 99371 245554 
10 : 201866 226013 231321 231316 201865 201873 201869 226024 226016 236692 
10 : 231363 33082 91542 231365 33084 91545 235405 33072 33091 91553 
10 : 191363 136284 145430 48357 136277 145422 48351 136269 48342 48344 
10 : 207704 147926 71200 189368 147920 71196 189362 71187 147917 71192 
10 : 231496 231495 231497 231492 259326 260878 251891 259327 251889 251892 
10 : 129240 231527 231524 231526 129247 129241 129246 234166 260049 234165 
10 : 231543 231541 231548 167921 236810 241253 167926 236815 167924 167935 
10 : 231583 231587 156387 231586 261274 156399 261273 156404 264148 156403 
10 : 231585 231582 129581 99515 244962 129591 99525 129586 99520 99501 
10 : 231661 206135 231657 29659 206142 238477 29664 206137 29653 29661 
10 : 231773 52872 211387 231769 52882 211399 243838 52868 52874 211390 
10 : 231775 79904 203554 174750 79911 203563 174765 79900 79892 174743 
10 : 231840 231843 231844 231839 252811 252814 251173 258255 251178 251185 
10 : 54606 186675 231958 65982 54596 54610 54586 186684 65969 65994 
10 : 212175 231994 194924 232003 212176 194921 212184 194926 234800 194941 
10 : 232015 232019 71878 232017 240178 71884 240177 71887 248406 71886 
10 : 83355 232059 181654 226733 83358 83347 83353 181661 226736 181653 
10 : 232061 41002 225283 99734 41005 225284 99736 41000 40988 99732 
10 : 232149 97347 196093 145805 97348 196095 145808 97339 97333 145798 
10 : 39461 232159 189747 232160 39464 39453 39466 189755 255987 189756 
10 : 231058 56846 213994 70916 56845 213993 70915 56841 56823 70910 
10 : 111455 107183 232327 119343 107169 111460 111443 107192 107171 119352 
10 : 232324 148642 202395 232321 148648 202400 244535 148639 148646 202396 
10 : 232343 232344 232346 188276 247455 247456 188280 250716 188281 188284 
10 : 92412 232391 44760 142227 92413 44744 92401 44761 142228 44749 
10 : 232537 232535 232536 118308 246444 254996 118315 246443 118310 118314 
10 : 177217 232548 143916 232551 177219 143908 177220 143917 235764 143920 
10 : 232602 220678 232598 218116 220689 255330 218133 220682 218111 218127 
10 : 232650 232645 216972 232647 238336 216985 255489 216974 238329 216977 
10 : 22878 232697 232689 232695 22887 22881 22886 245865 259265 245864 
10 : 149829 232693 127877 232691 149838 127866 149836 127886 247706 127883 
10 : 224379 134493 155268 232687 134489 155264 224380 134479 134494 155269 
10 : 232690 230332 93183 186092 230336 93190 186099 93182 186091 93175 
10 : 120728 38211 232757 229940 38195 120735 120727 38214 38208 229948 
10 : 11443 98586 232810 232808 11433 11454 11451 98599 98596 263175 
10 : 232804 211190 181393 10815 211196 181399 10819 181388 10812 10807 
10 : 220166 232889 232887 228451 220174 220173 220164 259535 228461 228458 
10 : 232928 63953 232931 115786 63955 237177 115787 63958 63943 115791 
10 : 208109 42790 191888 232979 42787 191885 208118 42785 42801 191898 
10 : 115243 35302 169044 232985 35292 115237 115248 35295 35312 169053 
10 : 233033 233035 233034 59785 261562 261560 59799 262509 59803 59801 
10 : 233053 42760 209099 117720 42772 209109 117735 42753 42746 117713 
10 : 225918 9188 225532 77351 9184 225529 77349 9183 9170 77348 
10 : 187595 203305 233084 181681 187590 187599 181672 203307 181675 181683 
10 : 233317 233323 233321 233316 242222 242217 239592 259269 239607 239603 
10 : 85989 12519 148371 233384 12507 85980 85993 12511 12521 148373 
10 : 163363 211713 209822 143707 163359 163358 143694 209815 143699 143697 
10 : 217563 33734 149984 233394 33730 149978 217570 33719 33740 149990 
10 : 233442 193557 122403 233441 193572 122415 262474 122395 193569 122412 
10 : 103812 175288 180223 125326 103803 103804 103799 175280 125315 125317 
10 : 208233 191669 216699 2244 191662 208229 2236 191664 2232 2239 
10 : 69967 233879 233872 182716 69976 69972 69961 248528 182733 182721 
10 : 229087 144516 211403 233901 144514 211402 229094 144513 144524 211410 
10 : 230950 144096 93293 159575 144095 93292 159574 93283 144086 93284 
10 : 234028 234023 71326 216084 239904 71333 216094 71327 216086 71322 
10 : 163542 234038 57979 157601 163552 57971 157590 57992 157616 57970 
10 : 234117 223032 156888 207750 223034 156891 207753 156886 207747 156884 
10 : 234130 187126 178227 218307 187132 178235 218317 178221 187122 178226 
10 : 77469 119802 160247 151364 77458 77460 77459 119792 119788 151351 
10 : 92680 234230 234231 53893 92681 92686 53875 240211 53894 53900 
10 : 31100 234292 230691 127208 31101 31098 31088 230692 127209 127205 
10 : 234333 234335 232993 180418 239337 232995 180420 233001 180423 180417 
10 : 201366 234462 217152 178544 201375 201360 178538 217163 178556 178541 
10 : 234472 234467 234470 45442 253874 261457 45453 253873 45446 45451 
10 : 234521 186043 172116 185929 186052 172128 185942 172109 185919 172108 
10 : 81205 191529 234525 90242 81201 81212 81194 191534 90233 90255 
10 : 121629 234526 196236 234524 121639 121626 121635 196250 253512 196242 
10 : 234528 234538 234534 234532 241095 241090 241086 261054 251999 251994 
10 : 100803 59165 228562 217379 59153 100800 100799 59163 59162 217377 
10 : 234704 234701 234702 234691 262553 262561 237461 262551 237459 237460 
10 : 234706 218069 93971 233884 218075 93977 233895 93968 218068 93970 
10 : 20881 234739 233346 173959 20889 20880 20872 233355 173973 173958 
10 : 234763 90467 12263 131232 90470 12267 131236 12243 90450 12250 
10 : 234935 186623 99396 234934 186627 99400 243170 99389 186626 99399 
10 : 217286 99094 188700 141001 99093 188695 140999 99084 99080 140994 
10 : 99832 25742 191029 85576 25729 99826 85561 25735 25725 85568 
10 : 162177 64429 199893 234972 64424 162170 162185 64426 64441 199902 
10 : 204829 95202 234984 234975 95198 204839 204830 95217 95205 244123 
10 : 148453 235025 235022 196237 148464 148460 148446 263067 196249 196248 
10 : 41284 36670 145360 235043 36652 41275 41287 36663 36677 145370 
10 : 124215 235082 168121 235085 124218 124207 124220 168127 254911 168129 
10 : 235108 170170 56078 132104 170177 56088 132114 56069 132096 56067 
10 : 174787 203450 233397 235126 174781 174786 174795 203449 203456 233411 
10 : 88443 220901 235136 235129 88439 88451 88445 220909 220902 240757 
10 : 235186 235187 145061 134402 263885 145073 134417 145074 134419 134388 
10 : 235196 235191 190437 199919 256668 190450 199939 190440 199929 190434 
10 : 36170 211895 173833 76171 36165 36161 36155 173826 76168 76163 
10 : 39870 229591 235257 235262 39869 39871 39875 229592 229597 237240 
10 : 183965 235310 214403 126185 183967 183963 126173 214406 126187 126179 
10 : 235328 12047 235331 166592 12056 260415 166606 12060 12041 166612 
10 : 186195 32395 183238 190006 32384 183228 186186 32383 32386 183230 
10 : 235430 235429 194595 233398 243518 194599 233406 194596 233402 194594 
10 : 235588 31411 235589 226079 31418 259773 226086 31419 31407 226090 
10 : 3749 235598 12742 235593 3759 3731 3754 12751 244354 12743 
10 : 235605 42761 235607 12427 42769 262120 12434 42771 12406 12436 
10 : 104679 235639 179493 235642 104684 104668 104686 179497 262102 179499 
10 : 206597 235635 116403 235640 206599 116397 206604 116406 243671 116412 
10 : 235651 211433 235652 75739 211446 263882 75756 211447 75731 75757 
10 : 234340 173040 210624 235691 173039 210623 234344 173031 173042 210628 
10 : 152590 119904 235701 227444 119894 152596 152588 119908 119902 227451 
10 : 226665 63655 181768 38059 63652 181765 38055 63640 38036 38045 
10 : 235782 218161 138860 135536 218164 138863 135538 138858 135533 135520 
10 : 222423 235786 15947 167843 222428 15944 167839 15961 167856 15939 
10 : 12788 235846 235848 222205 12789 12794 12784 248025 222206 222210 
10 : 39900 183902 235888 23270 39891 39901 23246 183904 23259 23271 
10 : 128032 200145 235941 184109 128027 128036 128023 200155 184102 184122 
10 : 235945 208038 14147 2079 208041 14150 2084 14145 2077 2053 
10 : 33811 186540 29304 233165 33802 29282 33809 29292 186537 29302 
10 : 221416 236057 119006 186836 221422 119004 186833 119020 186844 119000 
10 : 87321 144936 177233 236066 87310 87313 87332 144928 144947 177241 
10 : 236061 236059 236064 236067 244697 250061 250067 244700 244706 258605 
10 : 236100 78251 148560 236098 78255 148564 239659 78237 78252 148562 
10 : 236104 223589 107313 229554 223597 107322 229565 107309 223588 107312 
10 : 71743 236105 236114 123067 71744 71754 71730 238108 123068 123087 
10 : 3724 168920 50094 230444 3712 3710 3722 50078 168916 50090 
10 : 236141 26756 236138 38917 26764 239267 38923 26757 26742 38919 
10 : 130360 236146 102148 166992 130364 102129 130352 102151 166995 102137 
10 : 185322 222781 59191 183323 185321 59184 183318 59189 183321 59183 
10 : 39442 163144 106938 77989 39437 39433 39431 106927 77975 77968 
10 : 139470 64977 188162 170556 64965 139465 139463 64970 64968 170545 
10 : 236245 144764 228994 36548 144767 228996 36552 144762 36530 36544 
10 : 175715 236256 236255 73074 175724 175722 73062 259002 73089 73086 
10 : 175716 132127 219408 236293 132121 175712 175723 132123 132135 219416 
10 : 87819 92307 232023 154857 87805 87818 87810 92306 92302 154856 
10 : 236297 236296 219346 236295 257292 219357 255390 219354 255387 219351 
10 : 202584 233780 218393 236311 202583 202581 202593 218391 233790 218402 
10 : 128804 79402 226568 105251 79385 128803 105237 79400 79382 105249 
10 : 140113 226000 73789 210721 140112 73773 140107 73788 210718 73784 
10 : 236580 85548 8771 193321 85558 8786 193331 8752 85540 8763 
10 : 219474 154451 236596 236594 154446 219477 219475 154457 154452 243526 
10 : 31352 177716 236599 194679 31342 31354 31344 177724 177711 194688 
10 : 8998 207904 183745 236607 8992 8989 9003 183741 207913 183755 
10 : 236604 153490 236608 215240 153492 239977 215241 153496 153486 215250 
10 : 108379 56982 236730 16139 56970 108385 16121 56988 16117 16142 
10 : 143064 236753 18704 1870 143072 18687 1856 18714 1878 1842 
10 : 206300 236869 236861 236868 206313 206301 206312 241349 261446 241348 
10 : 52974 174952 13844 236952 52973 13821 52982 13837 174962 13855 
10 : 237071 184167 99095 47509 184172 99099 47518 99083 47496 47490 
10 : 124538 119344 237121 11944 119331 124540 11926 119347 11925 11952 
10 : 117206 237162 130642 45037 117213 117191 45020 130652 45045 45021 
10 : 222431 237158 83718 237161 222432 83715 222441 83720 243382 83728 
10 : 237207 237208 237205 217850 262989 259685 217857 259687 217858 217855 
10 : 55766 49289 237257 131233 49275 55768 55761 49291 49279 131235 
10 : 237268 173184 49446 207648 173195 49456 207662 49435 173180 49443 
10 : 237313 1421 99517 3651 1425 99521 3658 1408 1400 3634 
10 : 56752 169429 70776 237325 56741 56736 56753 70765 169430 70779 
10 : 237225 170782 237370 197714 170781 237228 197713 170785 170777 197720 
10 : 237372 195980 237369 89946 195989 248782 89952 195982 89939 89949 
10 : 77706 120773 155766 8939 77691 77695 8914 120765 8921 8925 
10 : 237417 208299 237416 149705 208307 249643 149710 208306 149700 149708 
10 : 237465 150009 237467 31379 150011 247729 31381 150013 31369 31385 
10 : 237482 237477 106337 149303 242939 106346 149316 106339 149308 106322 
10 : 226951 170625 184993 237483 170622 184990 226952 170612 170628 184994 
10 : 105444 237508 237507 237506 105450 105447 105446 247197 241947 241943 
10 : 159716 237510 237513 35412 159717 159722 35396 239584 35414 35422 
10 : 135124 237528 156291 163310 135136 135113 135114 156303 163321 156279 
10 : 151115 237575 229427 192699 151125 151114 151111 229439 192717 192695 
10 : 123500 113153 107661 146110 113143 107645 123491 107643 113145 107648 
10 : 74917 225081 237632 60445 74915 74925 60429 225087 60443 60456 
10 : 237677 117290 85703 237673 117300 85717 256475 85689 117296 85710 
10 : 237727 237729 229555 237728 252039 229561 252038 229563 257229 229562 
10 : 237796 237798 237801 211690 244501 244508 211694 247840 211696 211705 
10 : 68602 96980 237835 145695 68588 68608 68592 96987 96969 145704 
10 : 19252 224860 43097 237843 19249 19237 19258 43092 224872 43110 
10 : 182945 180963 205418 76019 180954 182943 76011 180958 76009 76015 
10 : 237848 49081 234089 237849 49084 234094 246614 49080 49085 234095 
10 : 237884 229028 237882 114524 229038 252319 114532 229036 114522 114529 
10 : 209807 202034 10686 237897 202032 10681 209811 10679 202039 10692 
10 : 224682 21397 75646 112851 21392 75643 112847 21375 21381 75632 
10 : 172477 214393 94942 190031 172470 94926 172468 94935 190023 94930 
10 : 237960 131386 231384 197234 131392 231389 197241 131385 131374 197233 
10 : 237978 167819 237982 142554 167820 240156 142555 167829 142540 142563 
10 : 238031 173640 199103 238027 173650 199111 260427 173633 173648 199110 
10 : 238074 208623 233400 140267 208630 233410 140281 208620 140259 140264 
10 : 238080 72068 118055 89394 72071 118062 89406 72057 72054 89376 
10 : 238133 208964 56080 238128 208971 56092 258821 56072 208968 56085 
10 : 231119 34454 82644 92553 34451 82642 92551 34433 34435 82623 
10 : 238182 230679 108380 98865 230688 108388 98873 108378 98864 98847 
10 : 231801 238209 209953 22512 231806 209952 22511 209957 22515 22502 
10 : 66478 181446 221362 238254 66469 66473 66482 181442 181450 221368 
10 : 110638 119758 84936 105847 110624 84921 105836 84923 105838 84920 
10 : 218555 106665 238272 119374 106659 218556 119369 106666 106651 119375 
10 : 238313 238314 238306 1590 263824 242723 1606 242724 1607 1593 
10 : 215514 154912 20551 238338 154910 20549 215515 20537 154914 20554 
10 : 128595 11094 236669 193654 11078 128594 128586 11093 11084 193653 
10 : 48903 238399 238401 12265 48909 48912 12238 255904 12270 12276 
10 : 28865 55251 238450 171213 28846 28874 28856 55260 55240 171222 
10 : 236720 179143 171631 219609 179140 171630 219607 171618 179136 171623 
10 : 231663 189767 71552 81239 189764 71550 81238 71542 81230 71531 
10 : 203625 27313 222232 44412 27309 203622 44404 27311 27295 44408 
10 : 238646 91076 204044 238644 91085 204056 257236 91069 91081 204050 
10 : 187597 210279 74726 238730 187592 74717 187603 74719 210283 74730 
10 : 201400 231288 123636 238775 201398 123627 201408 123634 231299 123647 
10 : 193438 204913 122604 195244 193436 122595 193432 122599 195238 122596 
10 : 150679 238828 146507 238833 150683 146497 150688 146513 260508 146516 
10 : 126626 238835 7985 238289 126632 7963 126625 7990 238293 7984 
10 : 53388 238847 218743 76434 53393 53386 53377 218751 76444 76429 
10 : 233453 29448 158809 238885 29445 158807 233456 29434 29452 158819 
10 : 220668 238896 164099 201522 220670 164095 201519 164105 201527 164092 
10 : 123707 120365 238989 231566 120352 123710 123705 120371 120364 231569 
10 : 238987 238988 174045 228979 240226 174046 228980 174049 228984 174044 
10 : 136953 189634 98621 136331 136949 98604 136314 98611 136321 98603 
10 : 230025 239049 239050 239053 230028 230029 230031 254389 254394 255676 
10 : 25480 198584 221434 239096 25475 25479 25487 198582 198592 221446 
10 : 4404 218091 93881 66955 4401 4392 4390 93876 66951 66936 
10 : 90297 61277 239186 62656 61262 90298 62641 61279 61257 62658 
10 : 11220 239244 239248 149206 11223 11228 11212 249453 149208 149216 
10 : 103332 60560 137653 74858 60544 103321 74840 60548 60541 74845 
10 : 169046 202035 87100 18870 169039 87087 18859 87093 18862 18847 
10 : 225135 11874 212340 236735 11868 212332 225133 11862 11873 212338 
10 : 239415 239413 193544 229557 247792 193551 229568 193545 229560 193542 
10 : 29870 123935 239429 239430 29857 29876 29877 123943 123944 263867 
10 : 226843 57741 143480 239477 57737 143477 226852 57725 57751 143493 
10 : 25850 84361 239482 180717 25837 25855 25845 84367 84350 180726 
10 : 239478 30987 205218 156084 30989 205219 156087 30982 30978 156081 
10 : 184067 120975 239526 200938 120968 184068 184060 120976 120971 200939 
10 : 212983 19392 59519 27703 19389 59514 27696 19375 19373 27678 
10 : 200868 201013 220810 98264 200861 200864 98256 201008 98257 98261 
10 : 160990 204399 235929 109760 160984 160988 109743 204396 109749 109755 
10 : 196714 21534 151858 239736 21525 151851 196718 21520 21540 151865 
10 : 69969 190159 30663 235772 69962 30646 69968 30655 190157 30662 
10 : 35804 166943 216404 239788 35796 35801 35807 166940 166944 216407 
10 : 83078 239827 188107 239828 83080 83072 83082 188109 246709 188111 
10 : 239879 239881 33696 239882 257735 33703 257736 33705 260767 33706 
10 : 239958 122376 98763 239957 122384 98775 240572 98752 122378 98765 
10 : 143683 32117 239966 205529 32106 143685 143677 32120 32112 205532 
10 : 215643 110562 64550 240002 110559 64544 215647 64535 110567 64561 
10 : 236721 185979 202679 229924 185978 202677 229920 185973 185976 202675 
10 : 159738 85295 237293 240005 85287 159736 159745 85294 85300 237297 
10 : 240007 105424 220696 240011 105425 220697 242144 105421 105428 220700 
10 : 20964 36407 237294 5242 20946 20963 5218 36406 5219 5240 
10 : 240075 240076 125871 240073 261958 125877 259484 125878 259485 125875 
10 : 213642 240116 153204 59788 213648 153197 59777 153212 59797 59770 
10 : 46363 99642 146384 226247 46351 46353 46361 99627 99638 146379 
10 : 201125 104848 240217 224179 104843 201128 201124 104855 104845 224185 
10 : 240222 234362 125556 240223 234372 125563 261505 125555 234374 125564 
10 : 238824 154084 240266 240268 154083 238826 238832 154086 154093 257039 
10 : 131718 146629 230284 240288 131704 131716 131726 146627 146636 230290 
10 : 62062 59166 240317 23546 59150 62065 23528 59169 23527 23550 
10 : 108651 30988 240362 98515 30974 108653 98494 30993 30973 98521 
10 : 240364 144646 240361 140805 144654 260792 140818 144651 140790 140813 
10 : 226429 240370 240367 13649 226437 226433 13648 253097 13661 13654 
10 : 234790 240381 240379 240373 234798 234795 234791 260445 247565 247564 
10 : 228019 240407 240408 466 228021 228022 463 248545 468 470 
10 : 184557 240484 240486 221242 184570 184571 184554 263926 221257 221258 
10 : 240500 240504 190607 198249 251656 190609 198250 190615 198254 190600 
10 : 138513 240530 129344 202299 138514 129330 138511 129345 202300 129337 
10 : 102570 167168 240541 154107 102560 102578 102558 167175 154095 154120 
10 : 215594 151433 214792 194435 151431 214786 194432 151430 151425 194431 
10 : 74139 136079 240652 240651 74128 74145 74144 136086 136085 257975 
10 : 240302 221813 218709 83108 221812 218708 83107 218704 83104 83102 
10 : 240730 240725 240732 240726 242531 255608 242989 242540 242527 242999 
10 : 210398 240734 240741 199054 210400 210404 199050 249460 199056 199061 
10 : 224503 236882 148455 53680 224502 148450 53675 148454 53679 53669 
10 : 240813 240814 215940 95117 255223 215942 95121 215946 95124 95111 
10 : 84769 223956 209216 55971 84767 84763 55946 209211 55967 55963 
10 : 240862 183416 3480 240864 183417 3482 244457 3471 183423 3487 
10 : 240869 232630 107662 150237 232632 107668 150240 107659 150234 107649 
10 : 240872 104604 84153 128402 104611 84164 128409 84136 104591 84139 
10 : 44271 181474 240964 240958 44262 44285 44276 181487 181478 252325 
10 : 15797 241000 241001 151482 15799 15800 15786 253976 151485 151487 
10 : 117157 2411 240999 158143 2395 117160 117146 2412 2399 158147 
10 : 241009 179708 241010 241013 179711 246795 246798 179712 179715 248224 
10 : 130709 205165 35954 24804 130700 35939 24793 35945 24796 24778 
10 : 70311 241081 236821 131440 70318 70309 70301 236826 131446 131438 
10 : 30198 173388 8893 182876 30192 8876 30194 8885 173381 8886 
10 : 221124 241109 236485 176116 221131 221123 176109 236493 176123 176113 
10 : 50300 236119 185031 241116 50299 50294 50306 185029 236125 185038 
10 : 69269 241122 9099 241123 69273 9076 69275 9106 260751 9108 
10 : 133841 241125 120134 222953 133846 120120 133839 120138 222961 120130 
10 : 241156 241157 70650 198958 259001 70658 198966 70659 198968 70639 
10 : 125823 241202 235499 34731 125829 125822 34715 235506 34740 34729 
10 : 180133 105730 209050 118908 105717 180131 118899 105723 105713 118903 
10 : 241294 148946 200643 29662 148953 200651 29667 148942 29643 29651 
10 : 241429 28868 122149 166712 28876 122155 166717 28851 28855 122134 
10 : 147846 57544 241434 241433 57532 147850 147849 57548 57547 252001 
10 : 239667 145408 241452 241451 145407 239675 239673 145416 145415 261634 
10 : 58955 241461 130898 181236 58958 58944 58948 130906 181243 130892 
10 : 157967 228444 190778 116656 157964 157958 116639 190774 116652 116645 
10 : 233838 231691 241497 241498 231690 233844 233846 231698 231699 257125 
10 : 80205 112915 76801 143810 80191 76786 80196 76789 112906 76791 
10 : 47203 154433 241549 47784 47197 47209 47186 154435 47771 47786 
10 : 43201 241554 192985 195087 43202 43193 43195 192986 195088 192978 
10 : 241557 233741 241560 241562 233744 253311 253312 233750 233751 261381 
10 : 216473 57981 241593 241591 57978 216486 216479 57994 57990 257649 
10 : 241609 63720 101035 103999 63723 101038 104003 63696 63698 101010 
10 : 151570 241619 112852 201643 151576 112835 151562 112860 201648 112843 
10 : 241662 202187 237391 169902 202188 237392 169903 202182 169891 169901 
10 : 168274 75885 21399 206983 75874 21389 168270 21376 75879 21391 
10 : 94085 200233 161620 153923 94076 94070 94069 161610 153915 153909 
10 : 235414 173078 241819 116046 173073 235419 116042 173084 116031 116051 
10 : 231512 241851 5894 241850 231522 5891 231521 5907 261490 5904 
10 : 212194 235103 124499 187490 212191 124488 187480 124494 187487 124483 
10 : 73863 241224 240556 184113 73862 73861 73852 240555 184112 184111 
10 : 99686 242002 141168 173580 99688 99676 99678 141170 173582 141158 
10 : 126034 72243 242062 65147 72231 126037 65127 72248 65119 65149 
10 : 233280 179274 240382 242101 179272 233279 233284 179273 179279 240387 
10 : 92768 215333 104446 165517 92763 92750 92754 104440 165510 104430 
10 : 135769 155381 230056 61996 135753 135765 61976 155377 61979 61993 
10 : 179773 242166 202662 242168 179778 179769 179781 202670 263953 202672 
10 : 161633 219847 79288 242205 161630 79275 161636 79282 219853 79296 
10 : 242250 212937 73510 242253 212938 73512 246137 73504 212942 73518 
10 : 242259 242260 242255 100592 264110 247450 100607 247452 100608 100595 
10 : 236052 160975 218397 242285 160973 218392 236053 160969 160976 218398 
10 : 242294 191293 218790 242289 191301 218797 242320 191289 191294 218791 
10 : 102503 195846 27704 242396 102496 27682 102508 27691 195853 27712 
10 : 242432 242430 125986 207751 245614 125992 207759 125987 207754 125974 
10 : 193221 167556 242507 242511 167547 193223 193224 167560 167563 257970 
10 : 242557 234391 242562 207906 234393 256566 207911 234400 207903 207914 
10 : 123850 228625 23397 242574 123848 23380 123856 23391 228632 23403 
10 : 202410 242657 231170 242660 202412 202408 202416 231172 246068 231176 
10 : 134249 146701 119647 242703 134239 119635 134250 119636 146706 119651 
10 : 114555 228640 221972 242749 114552 114551 114558 221969 228649 221982 
10 : 242752 239893 241743 109003 239899 241748 109007 239892 109001 109002 
10 : 96941 77229 100494 214120 77209 96931 96939 77210 77224 100491 
10 : 190854 230405 215476 41594 190853 190849 41584 215472 41592 41588 
10 : 242879 191614 112732 94997 191620 112742 95006 112726 94989 94976 
10 : 227680 178297 233326 242924 178295 227676 227685 178296 178304 233333 
10 : 243011 243016 72515 95382 261864 72522 95389 72523 95392 72499 
10 : 195499 243029 156682 56233 195501 156675 56222 156685 56235 56213 
10 : 198930 215695 243055 184114 198924 198932 184101 215697 184104 184115 
10 : 243058 194336 22155 100896 194337 22156 100897 22147 100888 22137 
10 : 109789 47589 243106 243104 47574 109793 109791 47594 47590 254413 
10 : 239202 243131 110347 220375 239204 110345 220374 110355 220382 110342 
10 : 200467 210103 79403 75515 200464 79396 75505 79397 75508 75487 
10 : 243150 171073 199469 240124 171081 199478 240131 171061 171072 199468 
10 : 198799 243207 243203 46003 198807 198805 45995 261003 46017 46011 
10 : 214193 243224 243219 217863 214207 214194 214190 248116 217882 217867 
10 : 243285 217930 186095 243290 217935 186102 252433 186089 217939 186110 
10 : 243286 80996 102240 243287 81004 102245 254330 80980 81005 102247 
10 : 144439 243325 5398 154312 144442 5383 144430 5402 154316 5386 
10 : 158893 243353 188441 104637 158895 158887 104619 188444 104638 104625 
10 : 143560 243419 8702 137438 143570 8689 137418 8714 137451 8688 
10 : 238957 231984 243410 202800 231982 238958 202799 231986 202797 202801 
10 : 243457 36342 221620 220217 36348 221626 220223 36336 36335 220213 
10 : 215644 136819 6193 156484 136816 6190 156482 6177 136811 6180 
10 : 235957 67871 220300 243545 67869 220296 235961 67866 67875 220305 
10 : 243606 206406 121709 125763 206409 121714 125771 121700 125757 121688 
10 : 150378 123049 211943 238661 123032 150367 150375 123040 123046 211942 
10 : 243674 206407 204343 200252 206408 204345 200253 204336 200245 200244 
10 : 32794 61249 243703 243701 32778 32805 32798 61256 61252 251935 
10 : 243754 91277 243748 192945 91284 248942 192952 91279 91268 192948 
10 : 170991 24654 232041 243763 24641 170988 170996 24652 24662 232048 
10 : 237747 49624 27535 243772 49623 27533 237754 27517 49632 27542 
10 : 152226 231961 47752 243819 152223 47739 152230 47750 231963 47758 
10 : 243516 206237 195319 180091 206236 195318 180090 195311 180085 180083 
10 : 133756 243851 74058 243853 133760 74049 133762 74065 260212 74069 
10 : 212104 222099 26660 214609 212097 26652 212096 26654 214599 26653 
10 : 123535 182984 13999 94364 123521 13976 94343 13985 94351 13974 
10 : 242296 180773 243876 115885 180771 242302 115883 180778 115869 115897 
10 : 233856 70291 209366 105009 70289 209362 105007 70288 70277 105004 
10 : 114285 237136 12080 239716 114282 12065 114283 12076 237134 12077 
10 : 211670 240430 164104 182814 211668 164094 182805 164101 182813 164089 
10 : 243953 200311 243955 66639 200312 248433 66641 200315 66634 66642 
10 : 156546 127404 162989 243967 127393 156537 156551 127394 127409 162995 
10 : 243964 212432 179710 243969 212433 179713 258313 179704 212438 179717 
10 : 240140 244009 194762 235458 240146 194760 235456 194772 235468 194758 
10 : 217214 244086 244083 211104 217220 217218 211100 248146 211111 211106 
10 : 244084 192595 59380 244081 192598 59386 246492 59373 192597 59381 
10 : 235958 240462 244093 211579 235956 235963 211576 240466 211577 211583 
10 : 244101 166068 244103 153995 166069 249519 153999 166071 153987 154003 
10 : 244179 177494 235415 244178 177499 235417 252283 177492 177498 235416 
10 : 140438 244212 142103 101891 140444 140429 101869 142108 101897 101872 
10 : 244287 244285 137983 244281 263378 137992 249904 137991 249901 137984 
10 : 155460 244299 175044 244292 155473 155452 155466 175055 253023 175050 
10 : 84505 110704 48201 244325 84490 48182 84507 48188 110707 48203 
10 : 32621 119996 196155 9407 32608 32614 9387 119988 9392 9397 
10 : 103334 179357 243587 150329 103328 103333 103324 179356 150316 150328 
10 : 194320 244405 76140 244399 194327 76131 194321 76152 246958 76141 
10 : 234858 123851 196349 135286 123849 196345 135281 123845 123839 135273 
10 : 142995 239292 244478 244475 142993 143000 142998 239300 239296 258557 
10 : 172943 14412 97322 50380 14403 97314 50372 14396 14393 50358 
10 : 34081 244566 224076 121589 34088 34076 34066 224083 121596 121583 
10 : 163268 89792 95896 206063 89778 95880 163262 89770 89783 95887 
10 : 244419 19453 244597 123071 19452 244422 123070 19456 19436 123077 
10 : 127697 148660 232845 159982 127689 127695 127690 148658 148651 159979 
10 : 244635 214467 234880 73078 214468 234883 73081 214465 73068 73072 
10 : 244726 235753 101855 244730 235755 101861 258641 101852 235761 101867 
10 : 244762 244763 225359 244760 259288 225367 255143 225369 255144 225363 
10 : 198142 44539 224581 210700 44534 198139 198138 44537 44535 210697 
10 : 49019 215617 172720 123072 49012 49008 49004 172713 123062 123058 
10 : 155425 244853 114260 55932 155431 114243 55920 114267 55942 55915 
10 : 31497 244879 244873 218877 31508 31500 31492 251229 218889 218880 
10 : 244885 207541 138652 244887 207542 138654 253773 138644 207545 138659 
10 : 244931 244928 217424 209134 257216 217432 209145 217427 209138 209128 
10 : 244971 223237 244967 55556 223243 248071 55563 223238 55545 55557 
10 : 30181 192351 244978 161036 30175 30185 30171 192359 161026 161045 
10 : 63492 132779 128617 203185 63484 63483 63488 128600 132773 128608 
10 : 202573 18670 8440 97501 18663 8434 97497 8420 18651 8426 
10 : 187793 234343 242272 222939 187788 187790 187786 234341 222934 222936 
10 : 245139 157885 184826 235299 157887 184830 235305 157876 157883 184823 
10 : 245277 245279 244826 98869 255982 244828 98871 244830 98874 98868 
10 : 211020 245287 111889 45734 211029 111878 45724 111897 45743 45712 
10 : 234966 141777 86589 116272 141772 86587 116267 86577 116252 86571 
10 : 21853 219460 245364 245361 21850 21858 21854 219468 219461 245654 
10 : 245363 194820 245362 115920 194823 248456 115924 194822 115909 115923 
10 : 227692 175205 112604 33438 175200 112600 33433 112594 33429 33417 
10 : 68419 133859 245501 222189 68405 68422 68414 133866 133856 222197 
10 : 58046 121092 245505 134405 58027 58052 58029 121100 121077 134412 
10 : 180885 56929 245534 245532 56921 180892 180889 56937 56934 260656 
10 : 245563 201191 133960 89868 201192 133965 89873 133954 89859 89848 
10 : 245567 118529 56513 17654 118534 56521 17659 56496 17635 17630 
10 : 146049 242401 240291 99280 146048 146047 99257 240290 99279 99278 
10 : 78029 245671 224295 216910 78033 78025 78023 224300 216913 216907 
10 : 245677 163658 245675 107729 163663 257337 107733 163662 107719 107732 
10 : 245680 245683 226454 229444 252927 226458 229445 226460 229449 226452 
10 : 245746 245745 430 48240 255897 436 48249 434 48246 407 
10 : 208769 233841 245753 93188 208764 208779 93176 233850 93184 93194 
10 : 230335 155272 175582 245749 155267 175577 230339 155254 155277 175584 
10 : 239688 245795 245793 245799 239692 239691 239694 253710 257997 253713 
10 : 170350 245831 77114 245837 170353 77099 170357 77117 252134 77123 
10 : 245839 100844 245848 245838 100847 252503 251925 100853 100846 251936 
10 : 245883 204985 230185 76590 204993 230191 76603 204979 76576 76584 
10 : 245898 13148 183239 210840 13156 183250 210853 13141 13144 183233 
10 : 50439 136413 83914 245924 50427 50424 50441 83897 136416 83917 
10 : 152442 245952 245953 126086 152445 152446 126069 263422 126096 126098 
10 : 245962 148961 93189 219673 148973 93195 219690 93170 148956 93180 
10 : 163454 246005 93882 89195 163456 93874 89178 93884 89197 89173 
10 : 136514 37705 276 81113 37693 262 81099 252 37690 255 
10 : 185608 246035 246033 197080 185615 185612 185600 254852 197085 197082 
10 : 62449 218728 224799 97012 62445 62446 62433 218722 97005 97007 
10 : 246287 122030 202305 244302 122038 202317 244315 122016 122027 202301 
10 : 20795 150208 185383 246340 20788 20791 20804 150205 150217 185390 
10 : 237379 207210 246368 197867 207207 237385 197865 207218 197859 197876 
10 : 203229 225767 164078 242074 203225 164068 203228 164072 225765 164076 
10 : 181464 194745 21105 246462 181459 21091 181469 21095 194752 21111 
10 : 107488 246555 127456 165573 107490 107475 107476 127458 165575 127442 
10 : 42599 233232 246712 246706 42595 42604 42600 233236 233233 252316 
10 : 222697 246735 246738 246736 222700 222703 222701 259272 259271 262040 
10 : 184629 1221 246099 208329 1209 184628 184616 1220 1213 208328 
10 : 246830 73319 241096 246831 73321 241100 257838 73317 73322 241102 
10 : 120186 143458 229510 237403 120175 120184 120185 143455 143457 229509 
10 : 116381 48665 226607 243896 48654 116377 116379 48660 48663 226606 
10 : 136375 199684 246891 246892 136368 136376 136378 199687 199688 250602 
10 : 148886 227098 234440 141885 148883 148884 141867 227095 141882 141883 
10 : 3923 246917 67235 246916 3929 3903 3928 67242 262530 67241 
10 : 105662 246927 148149 148586 105664 105650 105651 148150 148590 148137 
10 : 219649 80808 246926 146114 80804 219652 146105 80809 80798 146115 
10 : 165141 246959 74175 154858 165145 74165 154847 74179 154861 74163 
10 : 203380 70014 246966 214333 70004 203386 203374 70017 70006 214339 
10 : 247085 247088 28274 245801 263433 28280 245808 28283 245809 28272 
10 : 247089 237076 247092 225598 237079 254090 225600 237082 225595 225603 
10 : 224929 172999 43102 243784 172993 43093 224928 43084 172998 43100 
10 : 247241 247242 237037 169325 259717 237048 169333 237050 169336 169321 
10 : 247298 96458 186796 180531 96463 186800 180534 96451 96450 180522 
10 : 198604 235093 247323 162787 198601 198607 162773 235096 162780 162790 
10 : 177036 180904 234441 37135 177025 177032 37118 180900 37121 37133 
10 : 184791 237521 150625 247368 184789 150614 184794 150622 237523 150629 
10 : 165976 16414 247379 219067 16400 165977 165973 16415 16410 219069 
10 : 247417 247420 247422 18181 252758 252761 18183 257758 18185 18187 
10 : 228089 230338 247506 239597 228084 228096 228085 230343 230333 239604 
10 : 245955 59007 212458 155276 59005 212457 155274 58997 58993 155262 
10 : 105732 200164 106083 50245 105721 105712 50222 106077 50234 50223 
10 : 247522 247520 247521 247519 262122 264126 258376 262121 258372 258375 
10 : 39930 23734 247597 232088 23715 39937 39927 23745 23732 232098 
10 : 129561 236383 232308 245818 129558 129556 129560 232303 236381 232306 
10 : 154213 242858 182390 175781 154211 154203 154202 182389 175777 175767 
10 : 239820 17795 1222 247593 17793 1218 239821 1190 17796 1223 
10 : 37166 72489 247612 215489 37148 37168 37162 72490 72483 215491 
10 : 189543 165812 247622 247620 165800 189548 189546 165816 165814 254546 
10 : 145041 232848 247683 137407 145039 145045 137391 232851 137403 137410 
10 : 197045 116723 100596 247807 116709 100582 197046 100577 116724 100597 
10 : 244685 21401 247900 235342 21400 244689 235341 21404 21396 235350 
10 : 120815 169206 35184 241783 120809 35171 120813 35175 169205 35181 
10 : 247935 233599 100779 169300 233604 100783 169308 100774 169297 100764 
10 : 166343 243429 116519 247972 166342 116502 166345 116517 243431 116523 
10 : 247980 247979 230348 178070 250330 230355 178074 230350 178071 178067 
10 : 248030 248033 171218 246314 261423 171225 246321 171227 246324 171217 
10 : 248044 248048 248043 138112 249554 249327 138114 249334 138118 138113 
10 : 121037 225681 199127 140270 121032 121029 121025 199120 140261 140257 
10 : 173726 55468 195320 248081 55457 173716 173729 55460 55472 195325 
10 : 248082 224438 248087 228327 224439 248277 228328 224443 224433 228332 
10 : 207406 143247 248119 169776 143240 207410 169767 143249 143236 169780 
10 : 248122 64255 197789 101642 64257 197792 101645 64250 64235 101636 
10 : 225769 181496 248128 106912 181492 225773 106903 181500 106899 106916 
10 : 240661 65836 237810 188190 65832 237805 188183 65830 65822 188182 
10 : 241070 215618 248269 248265 215616 241074 241073 215626 215622 256682 
10 : 248281 159784 207632 215925 159792 207641 215936 159771 159774 207628 
10 : 243612 74952 236347 222723 74950 236346 222721 74948 74947 222720 
10 : 248345 117083 158836 173490 117089 158841 173498 117068 117071 158821 
10 : 248385 247150 59385 247663 247152 59390 247667 59382 247149 59383 
10 : 161165 248475 248474 203088 161167 161166 161160 253904 203093 203091 
10 : 129205 215857 236680 241687 129200 129203 129204 215854 215855 236678 
10 : 13214 231398 236528 22793 13206 13208 13192 231395 22784 22785 
10 : 248687 168391 248686 248684 168399 263447 255366 168396 168393 255364 
10 : 132130 248726 206492 129920 132132 132122 129903 206494 129924 129909 
10 : 111115 127336 174937 90631 111103 111107 90611 127323 90615 90618 
10 : 212066 153692 44088 222970 153680 44077 212060 44070 153685 44081 
10 : 236220 139584 124380 248772 139580 124376 236221 124362 139587 124386 
10 : 128569 248796 241084 45735 128572 128568 45715 241088 45737 45731 
10 : 231791 244331 98767 93766 231790 98762 93758 98766 93764 93741 
10 : 243675 178800 81582 206121 178795 81579 206120 81566 178789 81570 
10 : 248912 220041 248915 190890 220045 257372 190895 220053 190886 190905 
10 : 196522 248948 248945 248943 196530 196526 196524 254943 251541 251535 
10 : 248959 248962 14591 39098 252130 14592 39100 14594 39103 14562 
10 : 248974 208995 248977 168584 208998 260926 168589 209002 168573 168593 
10 : 226935 31958 237097 249003 31951 226934 226941 31956 31964 237106 
10 : 211168 54492 219349 91417 54487 211163 91411 54489 54471 91412 
10 : 24568 249056 249054 233951 24575 24569 24567 254887 233958 233954 
10 : 236206 249081 249079 6101 236208 236207 6097 255087 6107 6104 
10 : 235526 249168 73375 198962 235527 73369 198956 73376 198964 73364 
10 : 249170 243973 51205 211107 243976 51209 211113 51201 211103 51199 
10 : 53716 249202 249201 55666 53718 53717 53701 262543 55671 55669 
10 : 18609 249208 249210 208609 18612 18615 18605 252454 208611 208612 
10 : 104194 249221 249219 95206 104202 104200 95190 260934 95216 95213 
10 : 249216 249218 214196 217174 255989 214199 217177 214203 217183 214189 
10 : 215778 243865 249223 215170 215776 215781 215161 243868 215167 215175 
10 : 59573 199497 63204 114502 59570 59560 59564 63195 114495 63183 
10 : 137520 21242 113411 228330 21223 113391 137514 21219 21237 113405 
10 : 98721 223858 43103 65244 98716 43077 65218 43091 65235 43075 
10 : 249323 241704 117473 124381 241710 117483 124389 117471 124377 117458 
10 : 209946 79007 42942 209508 79003 42931 209496 42920 79002 42930 
10 : 249357 174111 63058 249359 174115 63067 263095 63048 174118 63069 
10 : 127906 249361 203942 33736 127908 127899 33718 203945 33737 33727 
10 : 209632 246254 72655 208012 209627 72644 208005 72653 208009 72643 
10 : 249251 134579 33594 244541 134577 33593 244540 33580 134575 33591 
10 : 84771 126930 205314 182127 84757 84762 84761 126920 126919 182112 
10 : 225315 176166 249481 249478 176163 225322 225316 176170 176167 254345 
10 : 65879 103125 107434 23105 65865 65866 23085 103110 23087 23088 
10 : 26708 86192 242113 249543 26699 26707 26711 86189 86195 242115 
10 : 249581 203116 170102 233117 203118 170104 233118 170089 203113 170097 
10 : 29200 51068 196995 249638 29179 29195 29202 51057 51071 196998 
10 : 36204 10124 32157 238871 10103 32125 36198 10102 10120 32151 
10 : 198773 188842 195007 249700 188835 194996 198774 188833 188843 195008 
10 : 159370 249787 202372 249779 159380 159364 159372 202386 251585 202375 
10 : 236941 231925 160069 144033 231922 160065 144029 160061 144027 144019 
10 : 249815 165100 249814 168103 165107 263503 168110 165106 165096 168109 
10 : 93211 249819 249823 15005 93218 93221 14988 258422 15013 15018 
10 : 249856 249857 249853 249851 264057 261424 250616 261426 250618 250610 
10 : 42765 2555 126220 249862 2534 42747 42766 2539 2556 126221 
10 : 197304 249906 75618 238919 197311 75608 197300 75625 238928 75615 
10 : 239366 34082 175229 95897 34080 175226 95893 34069 34063 95882 
10 : 249911 230937 150433 196265 230942 150436 196270 150428 196256 150424 
10 : 30695 4469 132273 250044 4449 30680 30706 4455 4480 132285 
10 : 51504 184717 144144 117474 51495 51493 51489 144130 117467 117461 
10 : 87400 37801 250047 3338 37784 87406 3315 37804 3309 3342 
10 : 2918 181128 250058 158857 2905 2920 2904 181130 158846 158859 
10 : 250062 247741 250064 55077 247748 259875 55082 247751 55076 55084 
10 : 117317 247531 67488 130145 117315 67467 117303 67486 130143 67471 
10 : 118728 5531 240847 56124 5513 118727 56099 5529 5511 56123 
10 : 112105 118852 232043 206064 112085 112102 112094 118847 118841 206060 
10 : 250115 244616 224732 111422 244622 224736 111424 224731 111421 111413 
10 : 217831 229051 127094 192130 217829 127090 192126 127091 192127 127087 
10 : 66169 250144 184295 184737 66172 66162 66163 184302 184745 184288 
10 : 7559 217207 167075 250229 7555 7552 7565 167071 217212 167084 
10 : 117411 250266 232611 139728 117414 117406 117399 232615 139733 139720 
10 : 240016 250306 250311 229300 240017 240023 229297 252695 229301 229307 
10 : 183256 113870 190988 223550 113862 183251 183252 113863 113866 190980 
10 : 94534 250357 159062 223738 94540 94523 94528 159068 223752 159053 
10 : 250360 79727 135537 28235 79733 135542 28241 79708 28211 28218 
10 : 250370 250361 250367 83778 253046 260940 83787 253044 83779 83785 
10 : 123920 229181 152264 250383 123917 123912 123921 152259 229182 152265 
10 : 130728 14703 184644 250385 14690 130719 130732 14696 14706 184648 
10 : 39283 38027 247991 250387 38002 39280 39284 38024 38028 247992 
10 : 247851 250391 112920 229388 247856 112918 229384 112927 229393 112913 
10 : 166543 99067 250426 196329 99059 166548 166535 99075 99061 196338 
10 : 250433 114286 128947 164169 114288 128949 164174 114272 114274 128934 
10 : 250471 150996 15006 250468 151005 15021 257137 14995 150999 15012 
10 : 225564 132439 204944 250499 132437 204937 225566 132435 132441 204949 
10 : 230431 36951 250504 44577 36946 230433 44572 36954 36929 44579 
10 : 101465 167186 63460 241784 101457 63438 101462 63446 167184 63457 
10 : 250562 227912 236177 80748 227917 236182 80752 227906 80739 80742 
10 : 27606 234744 244835 191229 27600 27603 27599 234742 191225 191227 
10 : 211169 115861 183731 154859 115854 183724 154853 115850 115848 154849 
10 : 241128 120369 190359 250583 120366 190358 241132 120359 120373 190363 
10 : 148542 178003 205182 192285 148530 148534 148531 177998 177995 192276 
10 : 223659 250630 248059 244570 223664 223658 223656 248062 244573 244569 
10 : 245097 250670 250662 46048 245103 245098 46045 252137 46055 46049 
10 : 250677 229093 250321 243262 229098 250325 243271 229092 229089 243261 
10 : 250690 250696 16232 250692 254125 16234 254121 16239 258477 16236 
10 : 2833 138958 82725 250697 2823 2820 2836 82715 138960 82729 
10 : 165335 96708 114378 107569 96700 114364 107553 96692 96690 107546 
10 : 250710 250715 70653 163894 255747 70655 163896 70660 163901 70636 
10 : 250739 250736 250738 180532 258146 262637 180544 258144 180538 180543 
10 : 250792 244773 250786 250788 244780 253903 258423 244774 244775 253898 
10 : 237375 177291 250852 51948 177289 237376 51947 177292 51937 51949 
10 : 197179 250870 77960 65548 197192 77950 65541 77965 65561 65526 
10 : 250933 156031 174330 191775 156034 174333 191776 156024 156026 174320 
10 : 250968 135511 158613 84287 135519 158621 84293 135501 84265 84272 
10 : 230172 250972 242886 250973 230175 230170 230176 242889 256910 242890 
10 : 140136 149511 102622 241713 140124 102605 140134 102608 149510 102621 
10 : 251005 251004 238712 23108 261922 238725 23117 238720 23112 23102 
10 : 155224 251007 171375 210059 155229 155214 155220 171381 210064 171364 
10 : 251071 91308 178386 201919 91310 178389 201921 91299 91301 178379 
10 : 200368 141073 148 225713 141063 133 200360 127 141065 136 
10 : 235907 230463 101614 163789 230460 101611 163786 101610 163785 101600 
10 : 169826 137154 141651 188338 137141 141632 169815 137137 137143 141635 
10 : 79670 44825 141670 117475 44809 79658 79655 44813 44810 117460 
10 : 222252 25693 55693 197625 25686 55687 197619 25670 25682 55685 
10 : 66347 250678 251217 83269 66346 66352 66326 250679 83268 83277 
10 : 15465 235287 248711 15951 15462 15464 15443 235285 15946 15949 
10 : 251294 122961 217934 78905 122972 217943 78913 122955 78889 78897 
10 : 25534 172320 100263 67925 25526 25523 25518 100250 67914 67909 
10 : 5986 226456 251372 3826 5985 5995 3795 226462 3823 3841 
10 : 190313 251425 219780 251420 190316 190305 190314 219787 255090 219781 
10 : 242683 68066 18396 203089 68064 18393 203086 18373 68056 18383 
10 : 87233 108480 177831 251490 87216 87221 87234 108465 108481 177832 
10 : 245687 113783 138626 221101 113781 138624 221100 113769 113775 138621 
10 : 251514 248317 169410 34027 248320 169414 34032 169409 34025 34008 
10 : 243277 251549 251550 5611 243278 243279 5607 252904 5612 5613 
10 : 174453 176854 96739 145698 174441 96722 145683 96723 145684 96718 
10 : 121157 251627 238518 108901 121159 121156 108881 238519 108903 108899 
10 : 236477 90601 247403 119695 90596 236472 119689 90598 90583 119692 
10 : 226004 240431 97351 201526 226002 97346 201520 97349 201523 97341 
10 : 251690 163193 133022 218745 163195 133026 218749 133007 163187 133015 
10 : 141150 251767 51577 98894 141154 51569 98881 51581 98899 51566 
10 : 147555 151936 221090 169329 147541 147548 147542 151930 151921 169317 
10 : 251805 148083 107033 163287 148086 107037 163292 107022 148067 107025 
10 : 251809 246263 251808 25997 246269 260458 26003 246268 25996 26000 
10 : 237025 251815 163946 9535 237029 163943 9534 163949 9540 9521 
10 : 227899 248888 229827 218003 227898 227894 217997 229826 218002 217999 
10 : 251910 88644 76023 82263 88649 76027 82266 75999 82238 75997 
10 : 132846 219276 122270 68159 132842 122254 68142 122264 68153 68141 
10 : 227956 251972 181684 195617 227960 181679 195613 181689 195625 181673 
10 : 50443 180862 157612 250957 50431 50430 50442 157592 180860 157610 
10 : 118946 110959 251977 32712 110938 118950 32688 110965 32687 32715 
10 : 252077 184895 230124 119380 184901 230131 119386 184893 119363 119372 
10 : 147617 252087 133453 102738 147618 133433 102721 133455 102740 102720 
10 : 54012 162763 252112 145699 54005 54016 54002 162767 145680 145707 
10 : 252182 246397 183908 252180 246404 183914 261915 183905 246401 183909 
10 : 186508 55799 54634 252237 55788 54622 186514 54613 55806 54641 
10 : 246284 199824 224641 36176 199820 224637 36172 199813 36163 36166 
10 : 187444 252281 252280 244794 187452 187450 187441 262501 244800 244799 
10 : 252298 252301 7654 11947 260625 7657 11955 7660 11957 7626 
10 : 252346 89694 168808 195536 89702 168817 195542 89682 89686 168802 
10 : 144671 109124 249306 252349 109105 144670 144673 109122 109127 249307 
10 : 68184 162885 230522 44449 68170 68176 44426 162880 44436 44445 
10 : 8383 252376 172494 251748 8387 8372 8382 172501 251757 172493 
10 : 248917 252398 179531 47072 248920 179529 47067 179538 47077 47057 
10 : 51151 252426 200561 252427 51153 51145 51155 200563 259081 200564 
10 : 236406 167751 244161 204585 167748 236402 204579 167750 167744 204582 
10 : 252378 252468 64691 147470 252382 64690 147469 64701 147478 64678 
10 : 202493 111859 252502 252496 111847 202498 202495 111868 111862 258050 
10 : 243750 182966 28873 252416 182962 28869 243749 28857 182965 28872 
10 : 252559 162032 220026 225470 162033 220027 225471 162024 162026 220020 
10 : 176546 71587 16300 39545 71568 16282 39523 16277 39515 16274 
10 : 103861 183591 128929 195685 103845 103842 103850 128912 183579 128915 
10 : 145986 65664 105012 163316 65647 104993 145969 65646 65649 104997 
10 : 233092 237758 188534 99522 233090 188527 99516 188529 99518 99507 
10 : 139181 235387 252641 160071 139176 139183 139171 235389 160063 160074 
10 : 239304 252642 33090 10220 239308 33085 10214 33095 10223 10195 
10 : 71501 181132 247745 250129 71488 71497 71499 181127 181129 247742 
10 : 206110 251684 199528 139164 206109 199519 139154 199526 139163 139153 
10 : 85025 115502 239313 138653 85018 85024 85021 115499 115488 138651 
10 : 97664 58789 249386 89468 58769 97663 89440 58788 58767 89467 
10 : 908 251659 171668 20556 907 898 891 171667 20555 20540 
10 : 244211 252721 67751 177811 244214 67749 177810 67760 177819 67739 
10 : 66348 208753 252723 118086 66339 66349 66331 208754 118079 118087 
10 : 215215 143437 252730 153253 143430 215223 153245 143442 143423 153260 
10 : 198789 97921 94756 249891 97913 94742 198787 94732 97920 94751 
10 : 134471 114720 72022 252797 114706 72008 134474 72006 114722 72024 
10 : 248617 79129 252817 154682 79126 248618 154677 79130 79119 154683 
10 : 121481 227870 204931 227001 121476 121473 121475 204926 226995 204925 
10 : 170919 156806 251851 252827 156794 170916 170920 156805 156810 251855 
10 : 125742 237437 95868 92555 125739 95847 92535 95866 92552 92531 
10 : 194484 252835 138235 13031 194486 138224 13020 138237 13033 13009 
10 : 233329 197287 156589 148059 197281 156582 148054 156579 148046 148039 
10 : 126955 193817 252865 252867 126943 126957 126958 193818 193819 258047 
10 : 16389 139964 232898 110834 16379 16385 16376 139962 110816 110829 
10 : 252953 228731 252952 27635 228734 255768 27637 228732 27631 27636 
10 : 252958 111236 147226 93767 111241 147232 93772 111223 93743 93749 
10 : 211363 231555 252980 31215 211361 211369 31204 231562 31210 31222 
10 : 104828 253037 253035 244659 104836 104833 104825 262256 244666 244663 
10 : 253039 178525 120427 253038 178527 120429 253618 120411 178526 120428 
10 : 32832 195928 91246 193564 32821 32814 32820 91236 193554 91235 
10 : 229433 103619 253104 217598 103612 229436 217593 103621 103610 217600 
10 : 245184 101466 253142 253139 101463 245191 245185 101472 101467 255417 
10 : 231536 136626 15170 17057 136619 15162 17054 15153 17044 15142 
10 : 76116 253173 226062 253172 76122 76114 76120 226064 262284 226063 
10 : 253177 221607 182904 253175 221614 182911 263794 182895 221613 182910 
10 : 208729 233215 240285 122777 208725 208727 122765 233213 122770 122772 
10 : 253226 253220 88533 253228 257054 88543 263420 88538 257056 88545 
10 : 237432 221288 226656 234443 221287 226654 234437 221284 221286 226653 
10 : 51604 162200 153511 230189 51592 51591 51601 153498 162193 153506 
10 : 159789 247405 209831 242453 159781 159772 159779 209828 242451 209826 
10 : 162592 131625 220366 218792 131611 162586 162585 131616 131615 218787 
10 : 153670 138841 208738 177735 138831 153666 153665 138836 138833 177729 
10 : 190784 227276 248783 216828 190773 190781 190772 227273 216819 216825 
10 : 168197 6996 117186 252670 6981 117175 168195 6978 6995 117184 
10 : 251307 229548 8168 225659 229546 8166 225657 8161 225651 8158 
10 : 139165 189854 193173 253391 139151 139152 139168 189846 189860 193178 
10 : 222390 159035 35419 239013 159027 35409 222387 35395 159032 35413 
10 : 136170 250097 64868 252574 136168 64849 136169 64865 250096 64866 
10 : 211844 190877 165338 232940 190867 165327 211837 165323 190871 165331 
10 : 1037 40828 33700 253480 1019 1018 1038 33682 40829 33701 
10 : 253518 93324 221920 253515 93334 221926 254239 93316 93325 221921 
10 : 72796 44578 228644 217599 44552 72789 72788 44570 44567 217592 
10 : 253640 96034 155670 224662 96037 155674 224666 96019 96028 155663 
10 : 136499 232278 191862 108001 136496 136492 107984 191855 107995 107990 
10 : 189404 49159 157288 89329 49146 157275 89313 49144 49137 89308 
10 : 253766 253771 44450 93215 254961 44452 93216 44458 93222 44428 
10 : 189772 110352 129375 182988 110336 129361 182972 110328 110335 129359 
10 : 235855 2472 253849 250293 2465 235859 235854 2475 2470 250300 
10 : 135680 82590 226670 104729 82570 135678 104711 82584 82568 104721 
10 : 253891 190400 233787 253585 190401 233788 253586 190395 190398 233786 
10 : 247589 244458 206202 38512 244455 206199 38507 206197 38506 38497 
10 : 61759 253922 215974 230173 61763 61755 61756 215980 230178 215968 
10 : 236799 235039 9029 253945 235036 9023 236806 9021 235042 9032 
10 : 106989 4408 102809 253960 4394 102794 106992 4393 4409 102812 
10 : 253967 238566 216213 120430 238569 216217 120433 216209 120422 120417 
10 : 151289 254016 132568 91902 151292 132554 91887 132569 91904 91886 
10 : 127291 174567 224663 122408 127283 127287 122385 174559 122392 122399 
10 : 229172 254057 162034 224932 229173 162027 224925 162035 224935 162025 
10 : 42796 33879 239077 108507 33857 42792 42778 33877 33861 108503 
10 : 67315 214395 131390 115888 67308 67299 67298 131379 115874 115866 
10 : 180651 180986 113185 120167 180642 113171 120147 113172 120148 113167 
10 : 212637 239392 254126 254131 212633 212638 212642 239394 239399 261367 
10 : 254136 92522 146651 112278 92525 146654 112282 92509 92504 112259 
10 : 254160 65806 254164 254161 65809 256574 256572 65814 65811 263744 
10 : 254214 18796 28439 145700 18802 28445 145709 18777 18783 28421 
10 : 221716 217442 254257 193735 217436 221719 193728 217447 193727 193737 
10 : 20911 172772 75353 229669 20899 20895 20904 75337 172765 75342 
10 : 189059 190257 241098 254291 189046 189056 189060 190255 190259 241099 
10 : 249019 54430 251174 254295 54425 249017 249025 54428 54435 251181 
10 : 73206 47818 148031 246580 47796 73190 73203 47797 47816 148029 
10 : 254302 254299 18709 158252 254439 18713 158261 18710 158253 18690 
10 : 96437 169261 44089 51951 96426 44067 51929 44071 51935 44063 
10 : 101492 254367 254365 253255 101496 101493 101491 261365 253264 253260 
10 : 200369 104175 17886 161727 104167 17873 161714 17865 104165 17869 
10 : 254420 175260 52938 76439 175262 52940 76442 52927 76423 52920 
10 : 159743 150213 64012 249995 150202 63998 159740 63997 150209 64008 
10 : 194663 254454 41598 151969 194665 41585 151954 41599 151972 41578 
10 : 254456 204014 254453 14593 204019 256134 14600 204015 14582 14595 
10 : 105183 218433 250640 254460 105177 105182 105187 218430 218437 250644 
10 : 155316 225072 234043 142107 155309 155312 142084 225069 142095 142100 
10 : 247766 254523 42978 136985 247769 42975 136983 42980 136990 42954 
10 : 84860 50155 171091 153902 50140 84855 84854 50146 50144 153892 
10 : 254551 227605 244064 197648 227606 244065 197649 227602 197642 197646 
10 : 139589 10855 178552 117480 10839 139573 117459 10841 10837 117465 
10 : 199704 22102 247274 3341 22091 199701 3328 22097 3308 3336 
10 : 176363 5871 185310 113283 5856 176353 113267 5859 5852 113268 
10 : 223684 45701 148689 188096 45688 148680 188087 45679 45685 148673 
10 : 254662 250285 39218 251749 250287 39222 251754 39215 250284 39216 
10 : 251245 192430 18711 175956 192427 18708 175954 18698 175945 18695 
10 : 2868 123052 142963 243162 2846 2849 2865 123031 123048 142960 
10 : 112207 233094 150331 156395 112202 112192 112193 150327 156388 150313 
10 : 240540 103395 138208 174548 103392 138207 174544 103380 103386 138198 
10 : 254709 13064 254713 71458 13065 256661 71462 13071 13041 71468 
10 : 68470 254749 111992 30340 68475 68452 30324 111997 30349 30329 
10 : 209635 61371 252347 8091 61359 209634 8075 61367 8061 8089 
10 : 249953 241883 187397 210200 241882 187392 210198 187390 210196 187386 
10 : 197838 222450 254844 253020 197826 197841 197837 222457 222449 253022 
10 : 144588 18960 107034 254869 18949 107020 144590 18941 18965 107042 
10 : 243241 88476 131641 254883 88475 131636 243249 88460 88483 131650 
10 : 142257 96845 222670 248861 96827 142251 142255 96838 96843 222667 
10 : 230616 254919 196432 137442 230621 196425 137436 196439 137448 137428 
10 : 60693 147851 248357 199550 60678 60691 60681 147848 147835 199546 
10 : 236510 223085 122002 128158 223081 121996 128154 121994 128151 121980 
10 : 236700 109811 88536 254974 109809 88529 236704 88519 109815 88539 
10 : 54891 110301 2168 255004 54878 2152 54894 2156 110306 2174 
10 : 128905 182790 222127 30555 128892 128896 30531 182786 30538 30544 
10 : 234306 210994 2044 6263 210990 2041 6258 2036 6252 2018 
10 : 255065 6874 86730 207833 6878 86732 207838 6855 6867 86718 
10 : 60418 251268 195507 188447 60417 60408 60406 195505 188446 188431 
10 : 74544 255122 127179 35846 74546 74534 35821 127182 35848 35827 
10 : 229349 255127 255129 217736 229350 229352 217728 255401 217737 217741 
10 : 131314 235056 52800 241480 131310 52783 131311 52794 235053 52795 
10 : 201140 187742 161335 134848 187734 161319 134833 161317 134832 134825 
10 : 237219 155132 53060 210201 155128 53055 210192 53043 155119 53048 
10 : 216322 192494 179258 151049 192490 179253 151040 179246 151034 151033 
10 : 119716 144744 255200 209197 119704 119720 119708 144749 144737 209203 
10 : 199245 111213 240827 51670 111202 199243 51656 111211 51645 51666 
10 : 52493 144340 217463 39546 52472 52484 39511 144328 39519 39535 
10 : 118627 247698 94497 242598 118626 94478 118623 94495 242596 94492 
10 : 10942 253430 97354 182818 10940 10926 10930 97352 182817 97336 
10 : 245372 171708 225771 152175 171701 225766 152172 171698 152157 152165 
10 : 255374 255376 113284 187664 262511 113287 187669 113289 187672 113270 
10 : 17994 228032 252061 248674 17988 17993 17992 228031 228030 248673 
10 : 126719 250069 255397 55115 126718 126722 55093 250071 55113 55118 
10 : 255444 126720 194419 150514 126728 194426 150524 126711 126707 150503 
10 : 245391 174387 15055 255449 174383 15050 245394 15040 174391 15060 
10 : 129784 255453 255452 25289 129787 129785 25268 256737 25300 25291 
10 : 194975 71612 236260 246533 71598 194970 194972 71608 71610 236258 
10 : 234358 245151 116244 141780 234354 116240 141771 116243 141776 116231 
10 : 20885 255471 255474 28579 20886 20888 20866 256413 28580 28582 
10 : 76362 238794 243867 254278 76356 76359 76361 238790 238792 243866 
10 : 91691 152672 56553 228456 91674 56525 91683 56534 152665 56544 
10 : 133736 250124 255597 115337 133734 133738 115318 250126 115333 115340 
10 : 169454 110903 54637 255596 110889 54619 169455 54616 110905 54639 
10 : 71429 89294 40542 240165 71405 40512 71421 40516 89287 40540 
10 : 255537 255613 139392 188194 255542 139391 188193 139396 188198 139375 
10 : 255627 239356 123283 3024 239359 123286 3029 123279 3020 3002 
10 : 132404 255654 105854 22373 132407 105839 22353 105857 22377 22349 
10 : 141840 31611 239852 193984 31599 141837 141832 31608 31602 193978 
10 : 255682 44158 254669 39678 44163 254678 39684 44157 39650 39677 
10 : 220982 54062 198241 125337 54057 198231 125320 54053 54045 125318 
10 : 203381 18308 17136 168295 18298 17126 168288 17114 18297 17122 
10 : 171451 115564 247390 14295 115553 171449 14284 115563 14279 14292 
10 : 67490 6379 31862 31543 6358 31836 31513 6356 6355 31510 
10 : 139286 218460 200087 34930 139278 139275 34909 200079 34918 34915 
10 : 70446 214156 231294 210631 70438 70440 70437 214151 210617 210622 
10 : 242275 150806 255923 255924 150799 242277 242278 150807 150810 258435 
10 : 253363 225692 253124 255942 225691 253123 253367 225690 225696 253128 
10 : 82235 255955 178901 63826 82236 82220 63805 178904 63830 63815 
10 : 244720 17138 215909 227562 17134 215907 227559 17129 17130 215901 
10 : 199078 72274 255983 50607 72262 199083 50598 72279 50586 50612 
10 : 256017 97728 53820 112632 97731 53824 112637 53799 97713 53801 
10 : 254329 248568 245858 256035 248566 245857 254332 245854 248569 245863 
10 : 226620 185312 236627 12913 185301 226617 12901 185306 12897 12903 
10 : 247907 221180 182602 72951 221174 182599 72947 182594 72941 72936 
10 : 254506 84676 256076 89431 84675 254512 89430 84683 84658 89436 
10 : 32985 233997 196565 249803 32978 32970 32982 196558 233993 196561 
10 : 184281 256174 210496 55117 184286 184268 55097 210499 55123 55102 
10 : 186968 85551 180424 153346 85537 180409 153335 85536 85534 153334 
10 : 60892 50019 130903 243079 49998 60880 60890 50005 50017 130899 
10 : 60317 253709 131508 37010 60314 60301 36983 131506 37008 36990 
10 : 256253 154348 107439 114414 154351 107444 114418 107416 114389 107414 
10 : 180077 195508 225157 247222 180065 180069 180074 195497 195502 225155 
10 : 256262 256265 66373 11261 256998 66375 11263 66379 11268 11238 
10 : 247419 76554 256281 122294 76553 247423 122292 76561 76541 122299 
10 : 201221 228094 212460 212598 201215 201211 201212 212451 212589 212448 
10 : 116700 220869 44160 248856 116690 44134 116697 44146 220864 44153 
10 : 51321 189131 242361 130785 51312 51317 51305 189130 130773 130782 
10 : 248744 8092 256334 29805 8085 248748 29801 8097 8059 29809 
10 : 256339 198158 252355 221161 198164 252359 221168 198155 198151 221155 
10 : 256412 205300 220044 206182 205304 220048 206189 205294 205292 206179 
10 : 7463 163216 157010 216437 7449 7448 7457 156990 163209 156999 
10 : 153835 121004 256464 168586 120989 153837 153820 121007 120990 168592 
10 : 202399 251959 10546 219799 202398 10533 202394 10544 219797 10539 
10 : 199706 250483 205440 256479 199703 199694 199708 205438 250485 205444 
10 : 256595 256594 247263 230236 261062 247268 230244 247265 230242 230234 
10 : 256610 256612 193393 182882 262867 193399 182887 193401 182889 182870 
10 : 170972 175491 165901 256630 170957 165885 170978 165886 175494 165907 
10 : 232577 256632 50099 38922 232580 50093 38916 50100 38925 38897 
10 : 256634 176235 256633 245775 176243 264119 245783 176242 176229 245781 
10 : 121457 256636 79008 189352 121458 78993 121448 79009 189354 79000 
10 : 215882 256654 248097 25290 215883 215881 25283 248099 25292 25287 
10 : 27891 256711 251790 256713 27893 27889 27895 251791 259858 251795 
10 : 195011 180227 220113 253414 180213 195001 195010 180218 180226 220110 
10 : 242022 256745 256747 246581 242023 242027 242020 259992 246584 246593 
10 : 256743 248553 256744 179846 248555 257932 179847 248556 179841 179848 
10 : 223699 243886 245983 145672 223693 223695 145662 243878 145668 145670 
10 : 67545 230411 226072 135889 67542 67541 67535 226069 135882 135879 
10 : 247255 208679 176045 256801 208676 176038 247257 176027 208681 176047 
10 : 51539 222082 256809 226737 51528 51541 51529 222084 222073 226739 
10 : 175276 139262 181401 57848 139249 175266 57828 139250 57824 57829 
10 : 85489 224513 33410 4294 85481 33391 4268 33404 4282 4262 
10 : 66753 250564 121342 256852 66749 66738 66756 121337 250566 121344 
10 : 256873 218226 125745 82648 218229 125747 82655 125736 82639 82629 
10 : 256879 35017 58369 11951 35019 58370 11953 34996 11913 11917 
10 : 119299 159623 129565 254105 119290 119286 119296 129550 159620 129563 
10 : 74545 79132 72249 215728 74532 72225 74542 72226 79122 72238 
10 : 255743 256902 118440 129926 255746 118439 129923 118442 129928 118414 
10 : 235537 256925 256926 226790 235538 235542 226782 258355 226791 226797 
10 : 251119 181573 200430 256927 181569 200427 251120 181561 181574 200431 
10 : 256950 225260 252437 60347 225263 252439 60350 225255 60335 60343 
10 : 127575 221786 199276 69455 127571 127569 69427 199268 69443 69440 
10 : 115195 256968 14264 60759 115199 14243 60735 14267 60766 14241 
10 : 238694 256967 196581 256969 238695 196575 238697 196582 257535 196583 
10 : 256970 207636 211719 87494 207637 211720 87495 207625 87475 87477 
10 : 194305 221543 210647 141320 194297 194295 141305 210639 141310 141308 
10 : 234072 236670 191708 20075 234070 191704 20068 191705 20069 20059 
10 : 242751 102483 222844 150127 102480 222840 150124 102476 102471 150114 
10 : 122674 115721 241227 240400 115707 122672 122670 115720 115719 240391 
10 : 96233 23710 214670 257067 23683 96227 96236 23699 23712 214673 
10 : 257070 181222 174866 257069 181226 174873 263498 174850 181225 174872 
10 : 8897 169802 125200 232515 8884 8882 8890 125186 169795 125194 
10 : 235900 216898 101999 210958 216892 101994 210947 101992 210943 101990 
10 : 43045 153124 21443 111423 43023 21407 43021 21420 111400 21413 
10 : 257167 206820 145493 236236 206821 145494 236237 145477 206815 145485 
10 : 149965 109606 257188 228176 109592 149968 149959 109609 109600 228181 
10 : 197217 257191 257190 130646 197223 197218 130633 260302 130653 130648 
10 : 145229 257192 252843 257196 145230 145227 145234 252845 260246 252853 
10 : 162641 256553 8320 223251 162640 8303 162634 8319 223250 8313 
10 : 63355 257215 178780 44890 63356 63347 44863 178782 44892 44877 
10 : 246897 80713 210037 128293 80708 210033 128290 80704 80697 128283 
10 : 131294 257245 51671 121592 131295 51648 121573 51672 121593 51646 
10 : 257307 257306 200071 209690 261107 200074 209694 200072 209693 200058 
10 : 257309 68731 222972 222470 68737 222979 222475 68722 68721 222459 
10 : 107258 154527 257311 39504 107247 107259 39479 154528 39486 39505 
10 : 136262 227873 46793 252967 136260 46776 136261 46786 227871 46791 
10 : 257356 245295 257357 257358 245297 262421 262422 245298 245301 263245 
10 : 168245 200960 176423 148061 168237 168236 148043 176410 148047 148044 
10 : 204034 137208 238286 237454 137193 204028 204027 137203 137202 237445 
10 : 248153 257393 243394 244751 248154 243388 244745 243396 244752 243386 
10 : 11425 183221 97841 178822 11413 11406 11412 97828 178809 97827 
10 : 99071 254670 238063 99286 99069 99064 99055 238061 99285 99276 
10 : 169282 200225 208188 186718 169271 169273 169266 200220 186707 186709 
10 : 257467 10507 59526 202715 10513 59529 202722 10484 10498 59511 
10 : 91248 108876 95740 89059 91228 91226 89037 95718 89040 89038 
10 : 106059 174813 227665 52096 106044 106047 52069 174804 52081 52088 
10 : 144606 239306 46421 134582 144601 46404 134567 46415 134573 46403 
10 : 213011 221146 129026 206617 213004 129016 206608 129020 206610 129014 
10 : 237018 185036 160055 31709 185030 160048 31700 160040 31690 31686 
10 : 64639 180013 198414 131239 64624 64627 64620 179997 131221 131223 
10 : 225507 73728 228230 256019 73722 225501 225505 73723 73726 228229 
10 : 230424 256070 234941 182228 230423 230421 182216 234939 182227 182217 
10 : 63300 31134 257587 256047 31111 63304 63298 31136 31132 256051 
10 : 63301 257608 253978 257606 63306 63297 63305 253982 262152 253981 
10 : 81669 173821 110806 2210 81659 81651 2183 110791 2193 2186 
10 : 257654 250280 256781 228138 250282 256784 228140 250279 228134 228137 
10 : 189243 216752 75919 106454 189235 75903 106442 75906 106444 75895 
10 : 210996 172193 214540 116301 172185 210986 116290 172186 116285 116291 
10 : 129995 257697 245509 257696 129999 129994 129997 245514 258855 245511 
10 : 257716 52768 170850 222403 52772 170854 222408 52750 52758 170839 
10 : 238287 123196 253652 61319 123189 238284 61313 123192 61299 61317 
10 : 257776 199185 135382 184210 199190 135388 184213 135372 184198 135368 
10 : 130206 257799 256810 154026 130208 130204 130193 256812 154030 154024 
10 : 248019 256286 182532 257805 248017 182529 248023 182531 256291 182539 
10 : 163371 93470 174486 250838 93452 163355 163366 93453 93468 174484 
10 : 213075 257832 257831 257830 213078 213077 213076 259894 258672 258671 
10 : 257840 144567 220826 61172 144571 220831 61176 144556 61146 61157 
10 : 193395 248350 211311 247876 193391 193386 193390 211309 247872 211308 
10 : 255551 256443 217179 257894 255549 217176 255553 217178 256445 217181 
10 : 108877 96036 73901 224934 96014 73871 108868 73869 96029 73891 
10 : 162666 152483 257940 133649 152472 162668 133629 152486 133627 133652 
10 : 250196 171598 252615 257941 171594 250195 250201 171595 171602 252618 
10 : 175936 257966 62894 71034 175939 62885 71021 62900 71039 62875 
10 : 180125 60008 257985 5748 59999 180129 5731 60013 5716 5751 
10 : 212788 191053 188865 257986 191040 188855 212789 188851 191055 188866 
10 : 226708 13311 128930 129351 13303 128921 129342 13292 13293 128908 
10 : 135244 159357 257741 79564 135228 135243 79542 159356 79547 79563 
10 : 22910 251132 16268 258022 22908 16240 22912 16264 251134 16271 
10 : 232814 220424 258088 195706 220418 232820 195702 220432 195695 195712 
10 : 227914 249131 258102 248003 227911 227919 227910 249134 247999 248004 
10 : 258145 151996 120074 230585 151999 120080 230590 120054 151988 120066 
10 : 222094 212387 103497 40582 212381 103489 40572 103488 40570 40554 
10 : 104831 216899 258191 248675 104819 104832 104826 216902 216896 248678 
10 : 258203 112608 227179 164982 112609 227180 164983 112599 112591 164973 
10 : 224135 251050 214867 258217 224131 214859 224140 214864 251053 214873 
10 : 209985 245392 20076 19022 209980 20061 19011 20070 19019 18994 
10 : 251412 127054 258258 253506 127050 251414 251410 127057 127051 253509 
10 : 148664 27228 137413 253687 27210 137392 148663 27209 27225 137411 
10 : 150605 44387 228822 64732 44371 150595 64713 44380 44363 64722 
10 : 215346 258283 254411 151051 215349 215344 151039 254414 151054 151048 
10 : 220171 41313 258286 204493 41306 220176 204479 41317 41303 204497 
10 : 252733 26043 258289 48206 26039 252735 48204 26045 26012 48210 
10 : 258314 258312 258315 127406 261904 262825 127412 261905 127411 127413 
10 : 204549 258338 85838 133554 204551 85828 133540 85839 133557 85818 
10 : 215453 198704 255524 258358 198697 215452 215454 198702 198711 255528 
10 : 247624 224007 133024 161729 224003 133021 161726 133016 161720 133006 
10 : 166137 252438 5782 236132 166135 5766 166134 5779 236128 5776 
10 : 102575 229540 13066 186283 102566 13043 102563 13059 186275 13055 
10 : 234869 90605 215931 87497 90595 215918 87487 90594 87465 87480 
10 : 91732 59875 258429 207588 59852 91733 91726 59876 59857 207589 
10 : 141074 227397 133025 26354 141066 133005 26329 133018 26342 26328 
10 : 220082 243667 237287 43297 220080 220079 43290 237283 43295 43294 
10 : 95713 110686 228436 128950 95694 95704 95696 110682 110671 128941 
10 : 195041 200316 240635 223055 195029 195037 195033 200309 200304 223049 
10 : 251730 258468 242521 258469 251735 242517 251736 242524 263956 242525 
10 : 96822 82934 109890 198658 82914 96807 96812 82915 82924 109879 
10 : 258486 50810 99886 91939 50815 99889 91940 50790 50789 91914 
10 : 151741 258509 206700 192447 151743 151734 151732 206704 192451 192436 
10 : 96162 155158 186305 182728 96145 96148 96147 155147 155146 182708 
10 : 192670 74834 245345 253189 74827 192662 192665 74831 74833 245342 
10 : 243957 258537 240636 49376 243959 240629 49371 240639 49381 49369 
10 : 244192 1527 75621 54527 1524 75616 54519 1511 1507 54499 
10 : 258561 221302 54789 258562 221303 54790 259261 54778 221305 54791 
10 : 78034 149189 70395 239662 78019 70372 78027 70377 149184 70389 
10 : 246764 152484 212472 37871 152479 212468 37865 152474 37852 37857 
10 : 162993 197378 257436 66679 162985 162992 66657 197376 66663 66678 
10 : 235882 203016 220750 53511 203010 220745 53502 203009 53496 53498 
10 : 258655 150191 235363 154727 150195 235366 154731 150187 150174 154722 
10 : 258677 49343 213926 136989 49345 213928 136991 49338 49325 136974 
10 : 227373 46329 141994 18547 46322 141984 18536 46312 18516 18522 
10 : 224061 89835 258755 4741 89827 224065 4732 89838 4713 4745 
10 : 239350 211026 225589 258756 211018 225583 239353 211017 211030 225592 
10 : 213455 212403 59091 217873 212391 59078 213444 59077 212394 59082 
10 : 210416 183661 59493 11954 183651 59484 11937 59480 11934 11918 
10 : 21679 141502 248506 140593 21668 21676 21667 141501 140569 140590 
10 : 248779 3303 6197 115223 3300 6194 115221 3276 3280 6175 
10 : 204648 258804 258802 258202 204651 204649 204647 259917 258207 258204 
10 : 166747 258827 44417 258828 166748 44400 166750 44418 260527 44419 
10 : 170488 196410 115078 91141 170483 115063 91126 115065 91132 91119 
10 : 253578 258846 258845 245069 253582 253579 245067 259149 245072 245070 
10 : 34679 206466 221817 258859 34668 34671 34684 206455 206469 221819 
10 : 35680 258955 258956 188097 35681 35683 35668 259754 188098 188100 
10 : 220123 247730 169303 37595 220122 169294 37588 169299 37593 37577 
10 : 117920 64584 219355 154862 64571 117914 117907 64578 64574 154854 
10 : 145551 136885 174141 236133 136863 145539 145547 136866 136879 174131 
10 : 8361 228279 205516 17656 8357 8353 8339 205505 17649 17646 
10 : 93821 172302 258299 238934 93806 93820 93815 172301 172294 238933 
10 : 204329 177347 104505 259024 177335 104490 204334 104483 177356 104511 
10 : 246096 126884 226189 199376 126880 226186 199371 126877 126874 199366 
10 : 259075 170632 135384 220627 170633 135387 220629 135365 170621 135375 
10 : 259102 92291 58550 59904 92293 58552 59909 58526 59883 58524 
10 : 259120 108151 259119 259118 108156 264140 263703 108155 108154 263701 
10 : 259153 221481 51245 237399 221484 51248 237402 51230 221473 51235 
10 : 251980 198456 243576 92957 198454 243574 92952 198452 92942 92949 
10 : 259171 218794 223119 259170 218796 223121 259680 218788 218795 223120 
10 : 147229 231795 185815 94121 147222 147216 94102 185808 94114 94107 
10 : 237014 255109 244544 259190 237012 237010 237017 244542 255115 244551 
10 : 225828 158227 27091 226272 158217 27079 225821 27073 158218 27080 
10 : 235756 124092 259203 254672 124087 235758 235754 124095 124090 254675 
10 : 50064 179176 127234 20836 50055 50051 20810 127222 20825 20818 
10 : 59709 249487 209296 117617 59705 59702 59692 209293 117612 117606 
10 : 240415 171637 229927 115224 171632 229925 115220 171628 115205 115215 
10 : 215077 137864 223661 188467 137856 215068 188454 137858 137853 188457 
10 : 41143 53025 186437 48207 41121 41133 41120 53017 48177 48193 
10 : 259301 135723 224542 197470 135726 224544 197474 135720 135716 197461 
10 : 101353 235884 255437 23081 101347 101352 23054 235880 23071 23077 
10 : 84629 168376 21273 20837 84619 21251 20814 21263 20823 20807 
10 : 3626 253042 142212 157012 3623 3603 3607 142206 157004 142192 
10 : 70251 111894 112163 201681 70228 70229 70241 111871 111876 112146 
10 : 160345 251829 259408 68327 160340 160349 68306 251831 68323 68333 
10 : 259433 172977 224350 141527 172979 224352 141530 172972 141512 141519 
10 : 117897 259452 259454 186720 117899 117903 117891 262674 186723 186728 
10 : 207999 45591 259455 223792 45586 208004 207996 45595 45587 223797 
10 : 96108 165130 229096 196077 96094 96101 96098 165117 165114 196068 
10 : 236194 113044 24308 120250 113038 24305 120247 24294 113028 24295 
10 : 76536 224787 163702 259469 76528 76523 76538 163694 224789 163703 
10 : 232703 91178 259521 53194 91170 232706 53184 91180 53166 53199 
10 : 137725 259543 187470 166018 137728 137717 137714 187473 166023 166005 
10 : 45833 259573 232139 22948 45835 45822 22917 232146 22955 22938 
10 : 65059 250984 226274 259594 65056 65050 65061 226267 250990 226278 
10 : 253492 259595 23867 234952 253496 23864 234951 23873 234960 23861 
10 : 28875 241058 164492 80619 28867 28854 28847 164485 80612 80598 
10 : 188261 100850 129834 171956 100836 129820 171943 100834 100835 129816 
10 : 227534 178073 69818 259655 178066 69807 227538 69798 178076 69820 
10 : 259670 185506 237697 256401 185508 237702 256407 185499 185504 237694 
10 : 252133 215674 181664 128723 215670 181660 128715 181650 128710 128705 
10 : 164371 259177 158730 243986 164370 158720 164363 158729 243985 158726 
10 : 217037 254508 249616 259715 217036 217033 217039 249614 254510 249618 
10 : 80542 33350 22202 60459 33326 22174 60430 22167 33322 22169 
10 : 234037 118949 143988 89404 118941 143981 89392 118940 89377 89381 
10 : 245374 209593 193621 32714 209586 193614 32708 193608 32704 32702 
10 : 136587 105478 252601 257182 105455 136584 136586 105473 105476 252600 
10 : 259792 45089 78490 19459 45090 78491 19461 45067 19431 19433 
10 : 259802 248249 259804 259798 248253 262541 260365 248255 248251 260367 
10 : 138608 206355 117378 127768 138597 117353 127746 117366 127755 117352 
10 : 254359 76846 220240 140278 76843 220236 140273 76834 76823 140260 
10 : 259838 259575 194603 166188 259578 194606 166189 194602 166187 166175 
10 : 199431 259853 247023 242456 199432 199427 199425 247025 242459 242450 
10 : 171599 235407 142818 223745 171592 142802 171589 142811 223732 142808 
10 : 25380 114641 123644 26808 25364 25365 25356 114623 26775 26776 
10 : 2647 232565 170175 205020 2638 2631 2633 170168 205012 170162 
10 : 250800 132111 259885 187498 132109 250806 187494 132118 132097 187502 
10 : 35607 213711 256059 259887 35598 35602 35612 213710 213715 256063 
10 : 221128 259889 201282 259888 221133 201269 221132 201286 262687 201285 
10 : 22992 66594 213437 189041 22975 22984 22981 66586 66584 189029 
10 : 191881 259928 24422 204748 191882 24412 191870 24424 204750 24413 
10 : 75890 22336 112861 235349 22309 75870 75883 22315 22326 112850 
10 : 185474 125618 229753 117972 125609 185467 117957 125613 117951 117963 
10 : 217906 207231 259982 199377 207222 217908 199363 207235 199361 199382 
10 : 127073 154194 184915 175191 127060 127066 127062 154181 154179 175179 
10 : 252472 258926 218869 188887 252470 218864 188882 218867 188885 188874 
10 : 232888 258682 164864 241643 232886 164855 232883 164863 241642 164858 
10 : 258041 247105 215247 170564 247103 215245 170562 215242 170559 170549 
10 : 128430 71503 222656 260056 71485 128424 128435 71493 71505 222663 
10 : 245 132574 260059 257206 229 247 244 132576 132570 257208 
10 : 183129 59352 239984 114263 59338 183124 114249 59345 59332 114259 
10 : 237170 255455 239854 89599 237168 237163 89588 239851 89596 89590 
10 : 203916 260116 99866 238926 203919 99853 203912 99867 238927 99859 
10 : 190345 124834 213913 173220 124824 190339 173199 124831 124820 173209 
10 : 223726 250810 142081 229726 223722 142070 223714 142077 229722 142072 
10 : 159818 244244 150951 154319 159814 150930 154300 150947 154313 150929 
10 : 258624 157657 255969 236181 157656 255968 236180 157654 157648 236178 
10 : 212707 260167 259247 116127 212708 212706 116113 259248 116128 116126 
10 : 260185 222437 248930 146414 222442 248935 146418 222433 146406 146409 
10 : 229022 69377 234225 260188 69369 229016 229024 69371 69379 234227 
10 : 229997 15172 191728 187577 15160 191716 187571 15157 15155 187566 
10 : 260224 42212 161012 74861 42213 161013 74862 42201 42191 74848 
10 : 256806 161136 11486 238619 161134 11482 238618 11465 161128 11475 
10 : 260227 197629 253182 159267 197630 253183 159268 197627 159250 159265 
10 : 214799 236591 224920 186284 214789 214787 186272 224914 186276 186274 
10 : 251769 243202 260258 257297 243198 251773 251765 243208 243201 257300 
10 : 226474 259325 128381 59237 226472 128374 59219 128380 59233 59211 
10 : 249246 254877 260260 251890 249242 249247 249238 254880 251886 251894 
10 : 187617 252185 206619 255182 187615 187609 187616 206615 252183 206616 
10 : 256694 229271 88400 193327 229270 88398 193325 88394 193320 88388 
10 : 245381 151672 260287 241775 151667 245384 241769 151676 151666 241776 
10 : 237578 91363 260290 150242 91359 237581 150236 91365 91349 150244 
10 : 99578 240203 205923 90474 99572 99568 90445 205915 90468 90463 
10 : 248481 240012 75891 231330 240009 75887 231326 75884 231325 75881 
10 : 67412 257154 199780 35051 67411 67404 35023 199779 35049 35034 
10 : 260309 51882 228880 260307 51885 228883 261648 51870 51883 228881 
10 : 203715 246048 247626 151 203711 203712 134 246044 145 146 
10 : 244901 118441 228110 163899 118436 228104 163889 118429 118419 163885 
10 : 145329 260343 250341 115079 145331 145328 115055 250342 115081 115074 
10 : 104733 260356 169417 38072 104736 104712 38041 169420 38073 38042 
10 : 250017 38624 4971 155969 38621 4964 155965 4941 38607 4945 
10 : 163645 110305 247394 200736 110289 163640 163636 110299 110293 200731 
10 : 29568 241044 131924 260363 29563 29553 29569 131918 241049 131931 
10 : 222693 130968 260362 241542 130960 222694 222686 130970 130962 241546 
10 : 260376 218935 62207 149878 218940 62210 149882 62199 149870 62193 
10 : 247582 133579 165597 120169 133576 165595 120165 133567 120143 120146 
10 : 123126 228234 83888 68074 123114 83864 68050 83878 68061 68047 
10 : 245499 196768 89295 82398 196761 89291 82393 89281 82381 82370 
10 : 51480 128273 258523 260438 51463 51479 51484 128271 128275 258526 
10 : 222311 198506 40744 126436 198494 40732 126422 40727 126414 40720 
10 : 259208 47348 240352 156985 47347 240350 156984 47342 47333 156976 
10 : 228609 235794 260456 245310 228600 228613 228603 235798 235789 245315 
10 : 73271 253782 251608 195466 73268 73266 73257 251605 195462 195461 
10 : 187016 260500 221876 7992 187023 187009 7972 221881 7996 7976 
10 : 44251 260035 15469 15059 44250 15447 15028 15468 15058 15022 
10 : 197675 173275 215544 195708 173269 197667 195690 173270 173268 195693 
10 : 153016 260544 102031 205536 153018 102013 153008 102034 205542 102018 
10 : 157869 189428 258966 259661 157858 157867 157868 189425 189427 258965 
10 : 194323 124472 240204 260559 124458 194317 194326 124466 124477 240205 
10 : 145566 260593 36113 239081 145569 36098 145562 36116 239083 36109 
10 : 260613 177391 124356 260612 177393 124359 261262 124343 177392 124358 
10 : 252906 255362 211489 109642 252905 211483 109638 211485 109640 109624 
10 : 6968 242329 81889 127801 6961 6949 6952 81879 127790 81863 
10 : 242300 183034 181844 240923 183030 181837 240919 181827 183029 181836 
10 : 140251 214184 54926 50677 140241 54903 50652 54912 50665 50641 
10 : 48592 245409 260684 260682 48587 48597 48594 245413 245410 262690 
10 : 52311 217643 239122 260680 52303 52307 52312 217638 217644 239123 
10 : 154294 123485 166913 114864 123472 154280 114840 123473 114836 114844 
10 : 260743 146742 113066 100659 146745 113072 100663 113050 100639 100636 
10 : 70048 260796 260797 257540 70050 70051 70047 263339 257542 257543 
10 : 66232 158758 179849 225370 66216 66219 66222 158738 158745 179833 
10 : 92200 253933 167936 260802 92193 92181 92203 167931 253938 167940 
10 : 90827 259616 790 138998 90826 766 90814 789 138997 770 
10 : 228586 254642 28402 106540 228582 28392 106527 28400 106534 28379 
10 : 148276 8447 210708 8133 8429 148266 8117 8435 8099 8124 
10 : 172029 95358 36377 138018 95349 36362 137999 36352 95340 36356 
10 : 11639 33352 74701 157725 11610 11614 11618 33323 33331 74683 
10 : 201731 35052 87716 236838 35035 87701 201725 35026 35041 87708 
10 : 258957 247932 224124 108782 247931 224123 108781 224120 108779 108776 
10 : 231964 50471 134771 260909 50461 134760 231966 50450 50472 134772 
10 : 260911 169871 232256 234775 169873 232259 234784 169865 169868 232249 
10 : 242794 206974 91505 85229 206968 91501 85221 91496 85216 85199 
10 : 160409 226994 256130 238064 160401 160408 160405 226993 226988 238062 
10 : 260948 260815 68331 199213 260819 68334 199215 68330 199212 68312 
10 : 116245 260952 126064 105255 116247 116228 105234 126068 105258 105236 
10 : 186331 260953 249741 102410 186332 186328 102398 249743 102411 102407 
10 : 250669 255210 254549 219095 250667 250666 219085 254545 219089 219088 
10 : 227350 182622 234903 237874 182611 227345 227346 182613 182614 234894 
10 : 257439 160635 179937 93734 160631 179934 93729 160618 93711 93714 
10 : 249301 260998 212834 176958 249303 212828 176950 212836 176959 176941 
10 : 261021 165202 261022 73762 165203 261061 73763 165204 73743 73764 
10 : 224321 236210 222892 261042 224314 222880 224324 222884 236212 222894 
10 : 261071 239157 144148 141677 239160 144153 141680 144137 141667 141655 
10 : 257885 261072 250407 259681 257886 250405 257884 250409 259683 250406 
10 : 152267 261075 198258 7340 152269 152256 7316 198260 7345 7322 
10 : 70625 171471 258182 25296 70609 70622 25261 171469 25274 25293 
10 : 234502 132712 82879 250245 132703 82871 234496 82859 132708 82876 
10 : 84914 255775 19773 128530 84909 19743 84896 19769 128523 19746 
10 : 258863 120780 142166 259166 120777 142164 258862 120762 120779 142165 
10 : 71617 108607 233194 230243 71592 71606 71605 108598 108597 230228 
10 : 253734 261156 258995 256162 253739 253733 253730 258999 256167 256160 
10 : 200962 212327 74182 82653 200951 74171 82636 74172 82638 74151 
10 : 243072 233110 260175 245084 233104 243070 243065 233109 233105 245082 
10 : 133844 77941 122802 164470 77924 122781 133832 77923 77929 122787 
10 : 71008 214483 189927 261266 71002 70996 71009 189916 214484 189928 
10 : 179348 52523 250842 235465 52506 179345 179342 52516 52513 235459 
10 : 232626 260598 31671 258674 232625 31661 232623 31670 258673 31668 
10 : 199023 180309 104311 1566 180300 104302 1555 104298 1552 1541 
10 : 36238 28745 242330 245705 28715 36230 36232 28738 28739 242323 
10 : 210119 118629 115526 8782 118618 115515 8767 115509 8757 8755 
10 : 179067 227205 190862 261306 179061 179054 179068 190851 227208 190863 
10 : 208721 196717 243893 215484 196709 208720 208715 196715 196711 215477 
10 : 261307 257874 111171 181954 257875 111172 181955 111169 181951 111152 
10 : 226515 242032 35054 261325 226511 35039 226517 35043 242036 35057 
10 : 226834 182702 200698 261327 182694 200689 226837 182690 182704 200701 
10 : 110662 224137 176875 252993 110650 110647 110660 176868 224132 176874 
10 : 117164 180592 31138 256081 117150 31119 117162 31125 180590 31133 
10 : 178303 117922 200963 92564 117910 178292 92541 117913 92534 92544 
10 : 261353 83084 258667 107066 83088 258670 107072 83083 83066 107064 
10 : 260629 185593 126984 238356 185591 126983 238355 126968 185584 126975 
10 : 33206 259993 172821 60764 33205 33198 33191 172819 60762 60743 
10 : 261385 196896 232197 136005 196897 232198 136006 196892 135981 135998 
10 : 135494 223288 135156 115895 135482 135137 115868 135149 115875 115867 
10 : 256978 157566 194992 259182 157563 194989 256976 157553 157564 194991 
10 : 34086 111216 256645 48946 34065 34083 34059 111214 48921 48943 
10 : 51608 257342 254068 261415 51607 51605 51610 254067 257346 254071 
10 : 37354 261441 261438 259511 37360 37356 37352 262316 259518 259513 
10 : 134458 137656 77231 77688 134445 77213 77671 77214 77672 77208 
10 : 160234 240470 261444 168222 160230 160236 160220 240472 168214 168225 
10 : 227501 168128 222041 95005 168119 222030 94992 168118 94984 94991 
10 : 169377 170359 196182 151974 169360 169365 151947 170345 151948 151955 
10 : 150986 167911 258951 73087 150978 150985 73058 167910 73061 73085 
10 : 261494 186970 173941 234728 186972 173943 234729 173928 186963 173934 
10 : 189800 138211 261521 120630 138202 189801 120612 138214 120605 120634 
10 : 192017 101373 25571 163608 101369 25560 163599 25544 101361 25554 
10 : 261540 70253 246881 20388 70254 246882 20389 70244 20351 20377 
10 : 137158 155581 261550 237556 137139 137159 137149 155584 155575 237558 
10 : 239052 139264 130516 153150 139258 130509 153146 130492 139244 130494 
10 : 218538 237358 253822 172354 218528 218533 172340 237354 172344 172351 
10 : 224866 237382 199901 162921 224859 199891 162907 199894 162910 162901 
10 : 181539 225510 259828 254344 181529 181538 181534 225508 225504 254341 
10 : 101265 228788 133430 61737 101256 101245 61703 133418 61729 61706 
10 : 254489 128135 261625 164986 128130 254490 164980 128136 128122 164987 
10 : 259809 235065 242734 59238 235062 242731 59234 235054 59222 59224 
10 : 257508 259034 177062 259226 257505 177057 257506 177059 259031 177060 
10 : 234833 117702 223377 75656 117694 223368 75644 117692 75634 75642 
10 : 25513 261651 256956 187061 25514 25511 25500 256959 187063 187058 
10 : 163350 41011 56663 150520 40996 56651 150500 40985 40995 56649 
10 : 186321 261670 117732 126224 186322 117712 126208 117733 126226 117704 
10 : 256148 247360 7921 261406 247356 7917 256147 7915 247359 7920 
10 : 107518 174817 124750 256376 107503 107499 107513 124738 174811 124747 
10 : 256321 101528 52100 192841 101525 52093 192837 52067 101514 52084 
10 : 61193 186424 95101 234931 61186 61180 61190 95084 186418 95092 
10 : 1148 261689 251286 133341 1150 1142 1130 251290 133345 133336 
10 : 97587 146828 251141 249808 97570 97582 97581 146820 146819 249801 
10 : 261737 140684 241580 217390 140690 241583 217395 140681 140676 217383 
10 : 242270 236320 180700 237829 236317 180691 237821 180687 236316 180688 
10 : 55519 260313 140053 228810 55518 55500 55511 140052 228809 140046 
10 : 77018 228587 51771 171130 77012 51746 77008 51758 171119 51753 
10 : 246169 236361 67519 207447 236356 67509 207439 67507 207436 67502 
10 : 55592 233918 53159 217090 55585 53136 55582 53154 217080 53151 
10 : 151519 245252 261790 151053 151516 151520 151029 245255 151046 151055 
10 : 255168 247739 261725 151598 247733 255167 151596 247738 151594 151597 
10 : 401 235177 242116 70925 395 396 379 235174 70918 70920 
10 : 256570 56853 187944 217321 56850 187942 217318 56835 56842 187932 
10 : 258321 228882 164391 158260 228879 164389 158257 164383 158246 158234 
10 : 124094 261807 227630 108637 124097 124085 108612 227634 108640 108626 
10 : 193860 217778 130622 233027 193851 130606 193854 130609 217769 130610 
10 : 112426 154961 22798 257267 112414 22773 112425 22779 154959 22795 
10 : 260466 261853 248819 261854 260469 248815 260470 248823 263764 248824 
10 : 184881 235238 256326 129695 184872 184880 129675 235234 129682 129691 
10 : 76364 177117 158817 215494 76347 76345 76354 158800 177111 158804 
10 : 163992 120961 143069 121129 120940 143053 121106 120936 120935 121104 
10 : 233809 17889 168680 152 17881 168671 139 17870 116 130 
10 : 261940 225075 136992 177818 225076 136994 177821 136975 177803 136966 
10 : 51212 148257 59393 261952 51189 51182 51213 59367 148258 59394 
10 : 261972 254011 235935 257512 254013 235936 257514 235931 254010 235933 
10 : 261973 131981 227998 217241 131983 227999 217242 131972 131969 217225 
10 : 43166 72897 119481 69187 43151 43156 43150 72879 69157 69162 
10 : 188751 199749 249418 156986 188744 188749 156967 199745 156970 156980 
10 : 12876 162184 182534 237383 12860 12863 12870 162169 162178 182525 
10 : 134168 208558 7502 158530 134163 7477 134154 7489 158519 7479 
10 : 262010 212052 163797 262009 212054 163802 263745 163781 212053 163801 
10 : 163272 175231 262014 130282 163259 163274 130258 175233 130259 130286 
10 : 259060 260263 34087 224239 259058 34084 224236 34085 224238 34077 
10 : 236450 32958 61698 261473 32948 61689 236449 32933 32956 61697 
10 : 94591 180178 163776 139759 94574 94572 94571 163763 139742 139738 
10 : 192813 178887 258725 170661 178868 192812 170640 178883 170636 170658 
10 : 187156 175564 245124 207680 175545 187146 187139 175555 175546 207673 
10 : 243521 260918 262048 140280 243520 243522 140269 260919 140279 140282 
10 : 189087 153440 137677 172687 153428 137664 172673 137659 153423 137660 
10 : 108457 262065 228343 192864 108458 108446 108443 228344 192865 192851 
10 : 262089 43691 226007 216395 43693 226009 216397 43679 43677 216386 
10 : 21076 155016 104876 70498 21062 21058 21057 104861 70479 70475 
10 : 262108 251249 228884 257826 251250 228885 257827 228876 251246 228878 
10 : 225703 187715 209570 131214 187708 209565 131207 187705 131200 131203 
10 : 262125 242853 254314 199932 242854 254317 199935 242850 199923 199928 
10 : 151126 259743 253992 262133 151124 151120 151132 253986 259745 253995 
10 : 159766 262135 127342 132895 159767 127321 132871 127343 132896 127320 
10 : 256886 262143 24283 257725 256889 24277 256883 24284 257729 24280 
10 : 261809 251858 157500 113470 251857 157498 113468 157491 113461 113451 
10 : 252450 219297 262151 261031 219288 252452 252447 219300 219294 261034 
10 : 203615 262157 102509 244077 203617 102498 203606 102512 244078 102504 
10 : 212941 1108 216203 168224 1095 212930 168208 1097 1089 168209 
10 : 235041 235796 225209 252361 235035 225202 235038 225203 235790 225205 
10 : 249373 105736 248669 20047 105734 248663 20040 105733 20021 20039 
10 : 212199 226304 218639 170178 212188 212187 170163 218629 170166 170165 
10 : 262093 262212 176154 127772 262096 176152 127771 176156 127774 127751 
10 : 90713 218524 228345 249566 90705 90706 90709 218513 218517 228338 
10 : 156072 165675 262227 257131 156059 156074 156068 165676 165670 257135 
10 : 262243 202876 252041 43997 202879 252044 44001 202871 43982 43992 
10 : 149673 101214 239116 54792 101202 149668 54770 101209 54766 54780 
10 : 195057 183223 251699 192544 183211 195052 192529 183219 183210 192539 
10 : 226879 115265 253530 205846 115259 226877 205828 115263 115255 205838 
10 : 262277 127464 239766 210204 127465 239768 210206 127455 127445 210194 
10 : 123379 258551 111630 258952 123377 111605 123378 111627 258549 111628 
10 : 254035 185843 248113 259106 185833 248107 254032 185830 185839 248110 
10 : 262318 233715 18839 183756 233716 18841 183760 18830 183743 18821 
10 : 96640 262333 131927 128071 96642 96619 96616 131929 128073 128040 
10 : 101971 41546 179917 262348 41529 101961 101974 41533 41547 179919 
10 : 190167 74310 96526 68916 74293 96511 68897 74286 68883 68889 
10 : 167714 238332 46887 244702 167708 46866 167711 46881 238327 46883 
10 : 165104 150571 80716 251618 150561 80701 165101 80699 150567 80711 
10 : 18799 176858 105354 99774 18786 18781 18780 105339 99754 99746 
10 : 207867 14866 54793 244353 14851 54774 207861 14837 14861 54782 
10 : 60616 245717 143131 44581 60612 60603 44551 143126 44576 44560 
10 : 72800 151127 34739 257595 72781 34710 72798 34717 151121 34736 
10 : 249798 12059 237594 191077 12052 237586 191070 12048 12042 191063 
10 : 221493 229368 233957 262426 221486 221487 221495 229358 229370 233960 
10 : 260873 136091 261770 47109 136087 260872 47105 136089 47089 47107 
10 : 141555 229246 252776 184746 141540 141546 141535 229237 184733 184739 
10 : 168657 47375 213781 186699 47358 168648 168644 47365 47362 186688 
10 : 232668 113529 165301 250611 113519 165293 232665 113515 113526 165298 
10 : 262497 10976 189441 10822 10977 189443 10824 10964 10790 10810 
10 : 262499 224993 111866 259348 224996 111869 259351 111854 224991 111863 
10 : 202056 193968 262504 250173 193950 202060 202050 193971 193962 250177 
10 : 70018 164570 113580 35096 70000 69997 35061 113559 35073 35066 
10 : 372 262520 126385 113095 373 357 355 126387 113098 113076 
10 : 252345 83753 70112 261261 83748 70105 252342 70080 83750 70109 
10 : 232450 27095 130174 5090 27082 130164 5077 27070 5056 5066 
10 : 153386 218913 257485 140082 153378 153383 140056 218907 140066 140075 
10 : 242665 259646 201974 262564 242662 201967 242670 201972 259649 201980 
10 : 102596 261007 157821 21897 102594 102584 21867 157820 21894 21876 
10 : 173843 249351 243531 244313 173840 173836 173837 243525 244305 243524 
10 : 194637 257612 260370 235467 194635 194636 194628 257610 235461 235463 
10 : 262599 147585 104253 154643 147588 104255 154644 104231 147565 104232 
10 : 135004 82849 72955 200012 82826 72930 134992 72924 82834 72938 
10 : 256728 78986 261850 259229 78977 256727 256725 78984 78980 259227 
10 : 260616 12372 50069 83016 12369 50065 83013 12350 12352 50045 
10 : 176900 189275 145214 200637 176890 145195 176891 145197 189262 145199 
10 : 220476 262632 39683 240300 220478 39665 220466 39685 240301 39669 
10 : 260942 235225 183315 254146 235224 183314 254144 183303 235220 183308 
10 : 58246 262635 244035 247079 58248 58237 58239 244038 247084 244028 
10 : 250782 40379 262633 133995 40377 250784 133990 40381 40364 133996 
10 : 35361 205344 102002 128646 35351 35338 35342 101989 128632 101980 
10 : 109325 66118 242239 189381 66094 109320 109316 66114 66104 189371 
10 : 161661 243348 222523 135180 161655 161652 135163 222520 135175 135172 
10 : 262682 47297 262266 78658 47298 262268 78660 47295 47278 78656 
10 : 23367 210417 101167 216345 23358 23350 23359 101152 210409 101153 
10 : 60974 105107 238481 244262 60953 60965 60966 105098 105099 238473 
10 : 127579 146984 240460 260268 127567 127572 127578 146975 146983 240459 
10 : 205083 241117 202773 215497 205075 202760 205073 202763 215488 202761 
10 : 259101 57650 1753 97481 57648 1752 97479 1728 57631 1735 
10 : 211286 86880 254351 52670 86870 211284 52661 86874 52643 52668 
10 : 108007 261529 235926 173224 108006 107996 107988 235925 173222 173214 
10 : 254982 213918 261916 206564 213910 254981 206558 213917 206550 206563 
10 : 188831 211116 123994 261982 188822 123974 188830 123977 211115 123993 
10 : 187962 258411 66259 236997 187961 66246 187955 66257 236996 66252 
10 : 262002 119573 78792 187838 119572 78791 187837 78769 119556 78779 
10 : 237308 228321 223711 45906 228317 223706 45899 223703 45896 45895 
10 : 54173 22302 213525 81371 22273 54164 54151 22290 22276 81358 
10 : 185113 231270 237104 122063 185105 185107 122045 231263 122059 122061 
10 : 182181 39019 248905 100905 39000 182178 100887 39012 38995 100900 
10 : 70756 225090 11641 233255 70743 11613 70744 11627 225080 11630 
10 : 254702 243783 116975 22203 243776 116970 22198 116967 22194 22177 
10 : 184902 185489 262811 148179 184884 184904 148159 185490 148160 148181 
10 : 150196 137868 230743 187670 137848 150185 150177 137860 137852 187661 
10 : 253832 189668 254862 126985 189664 253831 126979 189665 126969 126980 
10 : 130853 262842 251669 181666 130855 130848 130836 251671 181668 181659 
10 : 204003 93070 215794 197651 93057 203998 197636 93059 93056 197639 
10 : 203038 192119 89473 241717 192107 89454 203033 89451 192115 89464 
10 : 135725 133431 46621 259310 133406 46602 135724 46600 133425 46618 
10 : 251315 110116 262882 149713 110113 251318 149709 110118 110100 149716 
10 : 173554 113640 146956 8134 113627 146941 8119 113625 8109 8116 
10 : 206026 44979 217304 32568 44968 206020 32558 44970 32539 32560 
10 : 144920 245813 161337 61460 144915 144899 61437 161330 61454 61438 
10 : 223074 215220 260990 208389 215209 223073 208378 215219 208375 208388 
10 : 187211 246439 137679 245472 187204 137663 187203 137672 245462 137671 
10 : 56637 237093 75752 222978 56630 56614 56624 75740 222967 75734 
10 : 2145 80978 210794 242626 2130 2135 2140 80968 80972 210788 
10 : 262955 186457 81116 197088 186459 81120 197094 81106 186445 81107 
10 : 200872 102598 124246 262927 102588 124232 200871 102580 102597 124245 
10 : 30784 175117 181931 229247 30770 30772 30776 175100 175106 181918 
10 : 254064 240743 229781 90010 240736 229776 90001 229771 89995 89992 
10 : 238055 169145 228395 133560 169137 228389 133549 169135 133536 133546 
10 : 226719 214161 262053 258441 214150 226717 226716 214159 214157 258439 
10 : 216469 135576 152823 137777 135569 152814 137768 135564 135562 137759 
10 : 82459 186380 66207 112953 82451 66180 82448 66191 112935 66184 
10 : 131648 128384 122634 252167 128366 122614 131638 122613 128376 122626 
10 : 155471 235830 150443 250613 155457 150420 155463 150430 235823 150434 
10 : 114951 226449 251379 257487 114940 114944 114945 226442 226443 251375 
10 : 259135 46590 209966 259016 46583 209960 259010 46569 46582 209959 
10 : 67019 256243 59765 71725 67018 59737 67005 59760 71720 59739 
10 : 263032 251062 256681 17322 251063 256684 17325 251057 17315 17317 
10 : 263039 251507 211793 238016 251510 211795 238019 211786 238006 211781 
10 : 242150 228722 263061 197244 228714 242151 197235 228724 197231 197245 
10 : 254092 241212 134586 261427 241207 134580 254091 134574 241210 134584 
10 : 67617 229469 244911 53512 67606 67609 53477 229459 53500 53505 
10 : 171054 207736 263084 218884 171044 171055 171046 207738 207728 218885 
10 : 263085 248538 148999 123768 248543 149004 123770 148993 123762 123741 
10 : 81857 224854 186007 249340 81848 81839 81851 185994 224850 186000 
10 : 125074 237198 251934 192842 125065 125068 125057 237194 192831 192836 
10 : 168185 259461 156787 257326 168184 156771 168183 156784 257325 156783 
10 : 227847 117064 256700 124272 117053 227846 124262 117059 117042 124269 
10 : 212300 179106 210023 45183 179093 210011 45174 179092 45167 45173 
10 : 47043 52740 214115 245618 47017 47033 47039 52726 52736 214108 
10 : 176830 102577 75865 205925 102562 75848 176824 75842 102564 75851 
10 : 209267 261828 215364 261772 209266 209253 209265 215361 261769 215360 
10 : 7068 73051 203006 245224 7053 7060 7061 73037 73043 202995 
10 : 18964 6385 247411 141444 6352 18956 18947 6375 6362 141434 
10 : 104313 243584 67376 136218 104307 67353 104294 67370 136214 67355 
10 : 107981 253615 62871 259869 107976 62846 107979 62866 253613 62869 
10 : 185041 93578 261781 258744 93561 185039 185037 93576 93575 258743 
10 : 162669 45983 42244 263162 45964 42227 162670 42218 45984 42245 
10 : 215947 207894 35227 93503 207883 35213 93492 35211 93490 35199 
10 : 261366 127217 197726 8952 127215 197725 8948 127196 8922 8930 
10 : 130331 251128 187041 260971 130326 130322 130330 187034 251126 187039 
10 : 248260 261710 232097 50966 248259 232089 50953 232095 50961 50949 
10 : 5908 132668 263225 257269 5884 5909 5902 132669 132663 257270 
10 : 30238 241581 240032 178320 30230 30229 30220 240025 178315 178314 
10 : 263247 201687 68224 252390 201688 68226 252391 68208 201678 68218 
10 : 225310 250053 157114 19026 225302 157100 19015 157106 19021 19002 
10 : 260823 141180 213083 207642 141177 213079 207640 141164 141161 207626 
10 : 201550 201634 13002 84830 201539 12987 84813 12988 84814 12976 
10 : 184436 244862 162398 232944 184430 162383 184426 162393 232938 162389 
10 : 171206 26317 93866 204186 26302 93849 171194 26296 26307 93852 
10 : 53397 257441 183664 218674 53391 53382 53385 183660 218665 183654 
10 : 134170 186845 38924 172444 134160 38900 134157 38906 172424 38903 
10 : 168929 189212 245779 263303 168912 168924 168931 189205 189216 245784 
10 : 223763 149272 138442 156096 149263 138427 156083 138421 149253 138422 
10 : 200407 248723 225849 236135 200402 200396 200399 225841 236127 225839 
10 : 176002 226769 70371 260602 175994 70352 176000 70359 226767 70369 
10 : 65843 263354 228696 245482 65844 65828 65835 228697 245483 228686 
10 : 259386 241374 259824 146394 241369 259380 146388 241371 146385 146389 
10 : 262594 72280 236569 262706 72277 236565 262592 72270 72278 236566 
10 : 132093 115544 77180 185596 115532 77163 132084 77160 115533 77166 
10 : 204568 204589 220034 224937 204556 204560 204561 204573 204576 220019 
10 : 247141 203219 162037 98134 203215 162030 98128 162021 98115 98111 
10 : 124704 261109 212878 193251 124703 124700 124698 212877 193249 193242 
10 : 263401 247361 228931 59935 247364 228935 59939 228924 59927 59926 
10 : 33537 216887 212263 219774 33530 33527 33531 212251 216878 212252 
10 : 55352 119721 213279 218063 55338 55345 55347 119710 119712 213273 
10 : 175708 260084 130886 208335 175706 130859 175692 130881 208331 130867 
10 : 258712 92037 263427 188343 92033 258713 188340 92038 92019 188344 
10 : 6351 59497 69046 52947 6331 6332 6330 59472 52916 52918 
10 : 186398 85884 114727 263042 85870 114710 186397 85865 85882 114725 
10 : 220396 263441 194570 243979 220397 194558 220390 194571 243980 194559 
10 : 117168 262502 174056 85715 117165 117149 85688 174054 85713 85694 
10 : 174926 30639 175034 65709 30625 174914 65682 30626 30617 65683 
10 : 93951 196079 168021 215426 93939 93935 93940 168004 196065 168006 
10 : 179107 21982 220148 263475 21966 179095 179109 21970 21983 220149 
10 : 212301 148462 62096 263105 148448 62085 212299 62081 148461 62094 
10 : 101240 179901 87718 247117 101221 87690 101233 87697 179893 87710 
10 : 239538 263488 257200 73517 239540 239537 73509 257202 73519 73513 
10 : 262503 54830 2420 36718 54828 2417 36716 2389 36683 2388 
10 : 181437 255790 113163 91364 181435 113147 91352 113161 91362 91339 
10 : 175523 68849 181065 109035 68832 175519 109015 68834 68826 109016 
10 : 112831 231980 105859 90644 112822 105837 90612 105845 90625 90610 
10 : 25972 117001 231688 203101 25956 25967 25964 116990 116984 203084 
10 : 233395 263550 244383 87502 233396 233390 87485 244384 87503 87490 
10 : 211933 246020 152180 257647 211924 152163 211930 152173 246014 152176 
10 : 141268 213324 254694 104585 141255 141264 104563 213319 104573 104580 
10 : 217201 72829 124990 55418 72820 124974 55404 72806 55385 55390 
10 : 156665 162276 174734 252849 156650 156651 156662 162259 162268 174728 
10 : 6997 173942 112718 247500 6983 6977 6993 112702 173938 112713 
10 : 85787 235677 251243 90876 85781 85785 85762 235675 90868 90872 
10 : 261580 227807 244615 210567 227806 244614 210566 227803 210559 210562 
10 : 207136 248367 253949 114865 207130 207132 114849 248364 114860 114861 
10 : 224767 149291 7952 263603 149279 7943 224768 7933 149295 7953 
10 : 4871 231403 207306 15211 4864 4860 4851 207297 15201 15197 
10 : 198857 128498 152913 256587 128484 152899 198855 128480 128494 152909 
10 : 125163 191622 263617 130550 125147 125164 125143 191623 130528 130552 
10 : 123010 107641 160351 213121 107620 122994 123000 107622 107626 160338 
10 : 260679 191057 248462 167661 191054 248461 167657 191048 167637 167651 
10 : 247955 146774 261192 196442 146768 247951 196429 146772 146760 196435 
10 : 14093 229835 165227 116612 14082 14076 14070 165216 116599 116588 
10 : 261783 255022 56700 261743 255020 56695 261740 56691 255019 56694 
10 : 263652 6498 252636 44897 6499 252638 44898 6492 6471 44888 
10 : 36181 249449 124021 202314 36175 36158 36164 124015 202309 124002 
10 : 249060 143545 228083 247501 143543 228081 247496 143539 143542 228080 
10 : 251154 108367 216363 230913 108364 216357 230907 108357 108359 216348 
10 : 230442 79300 243629 258583 79286 230438 230439 79289 79295 243623 
10 : 167716 177919 143490 189566 167699 143470 167702 143472 177904 143473 
10 : 195821 214044 263704 117513 195813 195822 117499 214046 117502 117515 
10 : 195809 243244 263705 263706 195802 195810 195811 243245 243248 263813 
10 : 248131 183133 128190 262220 183128 128181 248130 128169 183130 128185 
10 : 153108 246576 42536 160754 153098 42513 153086 42527 160741 42514 
10 : 175162 141246 148874 68585 141234 148860 68573 141232 68564 68566 
10 : 235146 169808 173867 263727 169796 173854 235147 169787 169809 173868 
10 : 70188 260580 237777 53975 70187 70184 53935 237774 53972 53964 
10 : 3110 213651 200794 190211 3096 3093 3091 200775 190189 190188 
10 : 201334 252035 108278 211796 201330 108258 201320 108268 211787 108259 
10 : 263749 198946 175940 124870 198947 175941 124871 175922 124855 124850 
10 : 11427 216255 42094 172237 11418 11403 11410 42080 172220 42075 
10 : 22132 261696 63143 191460 22130 22110 22117 63141 191456 63127 
10 : 71149 150222 253970 174963 71129 71144 71130 150212 150204 174957 
10 : 31910 259554 242481 260535 31907 31905 31908 242477 259553 242478 
10 : 232493 195013 29174 186959 195004 29169 186950 29161 186939 29159 
10 : 132714 17660 32124 259913 17640 32104 132709 17627 17657 32122 
10 : 263818 231301 258442 252216 231303 258443 252217 231297 231291 252211 
10 : 223276 196315 243438 250724 196305 223271 223272 196309 196310 243430 
10 : 113026 15539 58931 220516 15514 58904 113015 15510 15529 58918 
10 : 128348 263737 173176 146121 128347 128334 128328 173175 146120 146099 
10 : 92175 251700 46461 10070 92170 46428 10036 46455 10059 10034 
10 : 261866 133106 235180 171863 133104 235178 171861 133099 133087 171858 
10 : 261458 259007 98777 94126 259005 98774 94124 98771 94120 94095 
10 : 253176 263844 174225 198745 253178 174217 198739 174226 198750 174206 
10 : 262075 210302 255358 251438 210301 255357 251435 210300 210296 251432 
10 : 257944 257565 197146 164553 257559 197141 164551 197140 164550 164533 
10 : 178513 49780 157293 263854 49762 157274 178512 49760 49779 157292 
10 : 233762 240783 230807 249382 233755 230799 233758 230801 240779 230802 
10 : 80787 114214 29896 127946 80776 29880 80777 29885 114199 29886 
10 : 121977 209413 116366 237717 121966 116347 121969 116353 209408 116360 
10 : 191354 141626 252709 134416 141613 191351 134397 141622 134387 134406 
10 : 263865 4084 262058 45456 4085 262060 45457 4082 4058 45452 
10 : 241967 254848 142215 178536 241961 142203 178524 142210 178528 142194 
10 : 141973 262416 178579 143372 141970 141958 141951 178575 143369 143351 
10 : 68706 246801 127414 179941 68701 68687 68692 127405 179933 127396 
10 : 193876 236592 157419 248760 193867 157399 193870 157406 236585 157411 
10 : 224142 262080 60217 249429 224139 60206 224130 60215 249427 60211 
10 : 178258 156018 237243 143719 156009 178255 143695 156013 143693 143711 
10 : 193895 91507 256492 115796 91492 193889 115781 91503 91485 115792 
10 : 550 65432 242046 198593 524 540 537 65423 65417 198586 
10 : 237577 222948 233131 84576 222935 233114 84560 222933 84554 84557 
10 : 247336 263190 129381 14010 247335 129373 14002 129380 14009 13979 
10 : 109103 242240 209284 122518 109100 109095 109083 209275 122511 122501 
10 : 149194 81190 146093 188562 81172 146070 149179 81170 81179 146076 
10 : 263919 202136 34201 260905 202138 34203 260906 34185 202133 34195 
10 : 130990 27235 262193 24930 27208 130988 24906 27231 24898 24928 
10 : 262805 62525 261709 35228 62523 261708 35226 62522 35196 35225 
10 : 249778 225527 186636 28281 225520 186629 28276 186620 28266 28259 
10 : 12526 228284 173378 235006 12517 12512 12520 173368 228278 173370 
10 : 240485 257843 82404 185008 240480 82390 184995 82396 184998 82380 
10 : 231315 263753 9386 102992 231313 9373 102978 9384 102990 9358 
10 : 103193 190000 198725 100500 103179 103181 100473 189982 100485 100487 
10 : 263554 258548 263622 63012 258546 263553 63009 258547 63004 63011 
10 : 133622 263825 204954 263948 133621 133610 133625 204952 263826 204955 
10 : 187531 248488 154940 170730 187525 154923 170716 154931 170724 154921 
10 : 49322 144529 40354 263136 49302 40321 49321 40329 144526 40352 
10 : 99234 211414 155141 260496 99219 99215 99232 155120 211411 155136 
10 : 260596 262479 249753 227456 260595 249748 227452 249751 227455 227449 
10 : 30914 188952 250648 90514 30897 30904 30890 188943 90493 90502 
10 : 64181 220017 223244 222914 64173 64175 64174 220007 220006 222898 
10 : 153388 260693 198511 251383 153385 153375 153381 198507 251377 198502 
10 : 139291 228142 16573 133895 139280 16548 133868 16558 133881 16546 
10 : 21859 230826 212790 167662 21851 21847 21841 212780 167647 167643 
10 : 189299 233487 262748 164292 189293 189296 164272 233486 164276 164291 
10 : 44833 142442 252145 178562 44814 44826 44818 142436 142423 178551 
10 : 248655 27236 263910 259666 27221 248654 248653 27234 27230 259665 
10 : 23521 258062 206841 260334 23516 23508 23518 206833 258058 206837 
10 : 253843 71756 260696 252522 71751 253839 252511 71753 71750 252517 
10 : 2653 30674 250804 175215 2621 2646 2632 30669 30653 175206 
10 : 260169 207184 143926 188730 207181 143925 188724 143910 188709 143909 
10 : 164256 71968 234670 262216 71949 164246 164253 71955 71965 234667 
10 : 236164 151728 148875 227703 151723 148867 227691 148856 151721 148866 
10 : 260897 183896 38032 233257 183894 38030 233252 38008 183887 38020 
10 : 123717 262973 228992 256084 123714 123704 123711 228991 256083 228987 
10 : 86410 237276 230808 255717 86399 86396 86405 230800 237274 230804 
10 : 247541 120819 118990 257260 120814 118985 247538 118968 120817 118988 
10 : 111934 47760 222586 163425 47732 111927 111914 47747 47740 163410 
10 : 216112 260649 37559 264051 216111 37547 216113 37556 260650 37560 
10 : 131583 222131 145495 224721 131574 131568 131575 145479 222118 145481 
10 : 113531 247824 54374 246325 113524 54348 113523 54364 246313 54363 
10 : 232934 143001 213729 148360 142991 213716 148345 142988 142982 148343 
10 : 234056 164139 209378 103502 164131 209363 103490 164129 103479 103487 
10 : 219873 14980 255679 195710 14975 219867 195694 14978 14972 195705 
10 : 155347 176573 123894 247716 155326 123869 155340 123871 176565 123883 
10 : 261947 161384 36520 213784 161382 36513 213780 36496 161374 36501 
10 : 132967 245575 158131 263912 132956 132947 132965 158118 245572 158129 
10 : 248708 194106 263169 177354 194098 248707 177344 194102 177333 177353 
10 : 196657 198447 221224 68277 196643 196646 68262 198439 68263 68267 
10 : 258020 127059 258367 161405 127052 258016 161397 127055 127036 161399 
10 : 159003 217375 97385 260703 158997 97363 159000 97370 217370 97380 
10 : 23967 16112 101953 257055 16084 23946 23961 16092 16108 101945 
10 : 162672 170296 254252 90125 162658 162665 90099 170287 90101 90116 
10 : 159864 252309 149385 258201 159860 149361 159862 149376 252306 149381 
10 : 186583 30705 254823 159271 30686 186581 159248 30702 30681 159266 
10 : 165175 3899 219604 68507 3883 165170 68486 3887 3875 68495 
10 : 49090 182970 238559 122156 49074 49082 49066 182961 122136 122145 
10 : 56492 207400 45541 260002 56481 45513 56490 45525 207397 45538 
10 : 80814 113165 232639 104610 80793 80806 80792 113151 104588 104602 
10 : 110441 139080 223798 264138 110426 110434 110442 139066 139082 223800 
10 : 166966 94094 262587 204058 94071 166965 166957 94093 94077 204055 
10 : 151849 137780 263232 259708 137758 151847 151844 137778 137773 259707 
10 : 263364 149294 242176 75100 149289 242173 75097 149283 75079 75092 
10 : 239714 53655 241779 49820 53647 239705 49806 53648 49783 49807 
10 : 254404 173476 256119 257764 173468 254399 254401 173471 173473 256114 
10 : 230500 204922 264151 245435 204912 230502 230496 204924 204916 245437 
10 : 230786 239411 181068 229335 230779 181056 229322 181057 229325 181055 
10 : 235498 261257 263768 104137 235494 235495 104127 261254 104133 104135 
10 : 99869 247920 28521 259583 99860 28494 99865 28514 247918 28517 
10 : 116635 242109 88934 97482 116630 88916 97459 88930 97474 88915 
10 : 103469 104453 99130 204817 103452 99101 103460 99102 104437 99114 
10 : 31190 104761 211398 236897 31172 31179 31183 104743 104749 211389 
10 : 238460 204476 24033 261396 204465 24021 238457 24016 204474 24030 
10 : 258865 6200 253869 169967 6198 253864 169964 6195 6182 169962 
10 : 242570 119131 102384 64739 119126 102376 64726 102364 64709 64706 
10 : 39627 19326 261029 241733 19295 39625 39617 19324 19318 241727 
10 : 264172 227128 242864 245827 227130 242865 245828 227118 227121 242857 
10 : 69276 158929 245357 66966 69261 69270 66934 158922 66944 66957 
10 : 181137 199533 263485 13391 181121 181136 13370 199531 13374 13389 
10 : 113737 262623 59767 251786 113734 59745 113730 59763 251784 59757 
10 : 151540 30612 178238 97386 30594 151525 97362 30598 30592 97366 
10 : 58220 203078 131319 204275 58209 58203 58210 131306 203066 131307 
10 : 97975 147138 264108 249849 97952 97973 97967 147137 147133 249848 
10 : 140853 185176 251030 213614 140841 140849 140844 185169 185160 213605 
10 : 263207 119238 254418 151602 119235 254415 151600 119230 119219 151595 
10 : 227799 206921 263189 260223 206904 227795 227791 206918 206915 260220 
10 : 28209 154439 160720 31422 28190 28191 28187 154422 31398 31399 
10 : 30642 137915 50190 264183 30620 30615 30641 50169 137914 50189 
10 : 199339 263793 261887 47795 199337 199335 47777 261884 47792 47788 
10 : 81786 88123 262469 87986 81765 81783 81764 88118 87958 87984 
10 : 208758 177434 119267 175961 177418 119257 175947 119250 175943 119249 
10 : 240194 250680 110937 153261 240187 110924 153250 110927 153251 110913 
10 : 147743 208961 190531 245915 147733 147732 147738 190515 208950 190525 
10 : 233509 248938 250752 263044 233495 233499 233505 248929 248933 250748 
10 : 165967 62321 259030 101904 62304 165966 101876 62318 62299 101899 
10 : 43238 245126 237866 65845 43232 43230 43214 237857 65834 65831 
10 : 179995 242640 260373 226530 179989 179992 179986 242634 226521 226525 
10 : 145009 200655 263630 260705 144998 145007 145005 200652 200645 260701 
10 : 261610 264204 171939 246591 261611 171938 246586 171940 246592 171931 
10 : 5845 7822 101140 109160 5822 5826 5827 7799 7800 101117 
10 : 195131 257740 254934 13222 195128 195127 13203 254926 13217 13215 
10 : 42636 228936 185941 42676 42625 42619 42608 185927 42661 42652 
10 : 67045 43384 124843 172127 43358 67022 67025 43361 43362 124819 
10 : 184531 43443 231643 234170 43426 184516 184518 43431 43432 231628 
10 : 198461 261615 223499 102873 198458 198449 102851 223496 102867 102857 
10 : 235337 230501 245115 264208 230493 235333 235339 230495 230503 245117 
10 : 264209 165287 204670 227189 165289 204672 227191 165279 165281 204658 
10 : 37658 252888 260460 130371 37652 37655 37638 252884 130365 130368 
10 : 214101 219160 257329 251937 214086 214096 214095 219155 219152 251928 
10 : 63359 153233 228224 52386 63344 63350 52353 153224 52363 52374 
10 : 166111 98466 126303 180615 98445 126283 166098 98443 98447 126286 
10 : 5036 39938 84684 261201 5011 5014 5032 39917 39935 84680 
10 : 222826 207276 235296 29744 207263 222818 29731 207267 29730 29733 
10 : 257996 264097 131514 260675 257995 131509 257994 131512 260673 131511 
10 : 202862 141009 95271 116277 140996 95256 116255 95248 116251 95247 
10 : 72380 78857 238497 256157 72354 72368 72372 78845 78851 238491 
10 : 107374 101652 176965 215753 101623 107360 107365 101633 101637 176942 
10 : 263509 263316 253956 102038 263314 253953 102035 253951 102033 102027 
10 : 110183 247183 89067 155497 110177 89041 110169 89056 155491 89044 
10 : 122364 202685 219617 107445 122347 122351 107415 202673 107424 107426 
10 : 238412 222116 79536 226209 222113 79530 226196 79526 222108 79527 
10 : 59849 176591 137544 207843 59833 59832 59837 137525 176579 137529 
10 : 186765 239072 123261 58418 186756 123245 58395 123253 58407 58384 
10 : 26741 241692 55674 82268 26734 26713 26717 55664 82260 55645 
10 : 194477 48615 248473 27831 48604 194471 27815 48606 27799 27823 
10 : 23522 210942 77597 169637 23509 23501 23504 77581 169621 77575 
10 : 230574 63278 178712 49383 63267 178703 49367 63260 49351 49360 
10 : 192311 185820 77747 257770 185800 77726 192309 77723 185814 77742 
10 : 222628 260781 29774 251884 222624 29761 222622 29769 251879 29766 
10 : 262616 127629 179025 245916 127627 179021 245913 127608 127619 179014 
10 : 144300 255515 157777 247120 144297 144285 144296 157770 247110 157768 
10 : 117322 204450 247029 264133 117310 117314 117321 204441 204448 247027 
10 : 255433 262966 24379 101293 255431 24374 101286 24377 101291 24352 
10 : 75461 72353 247476 253295 72334 75454 75457 72348 72349 247471 
10 : 213580 173294 117005 18410 173282 116986 18385 116981 18382 18375 
10 : 263620 171514 255548 68083 171512 255546 68080 171508 68053 68069 
10 : 3111 240899 233179 239623 3103 3100 3102 233169 239609 233167 
10 : 178288 262493 183227 164593 178285 178271 164573 183224 164587 164574 
10 : 262164 152083 172729 205688 152080 172726 205681 152063 152066 172711 
10 : 259729 177506 244253 217992 177502 244243 217986 177495 177488 217981 
10 : 187455 2422 253443 256055 2404 187445 187447 2413 2414 253434 
10 : 59129 263166 27547 253592 59126 27520 59123 27544 253591 27538 
10 : 239378 180989 125856 33823 180983 125845 33812 125838 33801 33797 
10 : 250898 166459 131539 208133 166450 131532 208129 131519 166443 131523 
10 : 57132 239760 73937 182647 57120 57100 57110 73921 182634 73915 
10 : 263605 242439 220895 237652 242438 220893 237650 220882 237638 220878 
10 : 193047 227610 215795 178806 193043 193042 178786 215788 178793 178791 
10 : 149582 112136 223257 255241 112113 149576 149577 112130 112133 223249 
10 : 112232 181456 98493 52638 112216 98468 52612 98475 52618 52609 
15 : 177 185 184 178 168 212918 212917 212912 55402 259193 222040 55415 222039 55414 55405 
15 : 808 802 797 813 803 150535 23672 254906 192131 23660 150538 150527 23677 23665 192138 
15 : 911 912 910 909 905 258718 257616 253446 248420 257617 253447 248423 253445 248419 248417 
15 : 990 979 985 980 970 202720 250834 216852 27714 202714 202710 27693 216846 27707 27698 
15 : 1002 1006 996 994 1007 172190 90996 77577 172191 91006 77588 240886 77571 91007 77590 
15 : 1004 993 1011 1009 1010 31065 204524 204521 204523 31075 31072 31074 257809 260464 257808 
15 : 1631 1639 1641 1630 1638 117665 117668 107046 117664 188105 107058 187215 107062 187218 107057 
15 : 1988 1974 1976 1982 1986 211300 219775 241529 259564 211289 211295 211298 219766 219770 241528 
15 : 2289 2281 2293 2279 2291 117670 246713 70071 246710 117677 70056 117674 70078 256771 70074 
15 : 2460 2455 2476 2469 2474 162696 216484 216474 216483 162711 162702 162710 246019 262325 246018 
15 : 2579 2571 2578 2577 2572 204271 258879 257111 241486 204267 204266 204262 257107 241482 241481 
15 : 2787 2772 2766 2771 2767 179200 82758 165585 89062 82741 165561 89046 82740 82733 89045 
15 : 3036 3044 3033 3040 3035 132550 30947 132546 109012 30960 227930 109029 30953 30945 109022 
15 : 3063 3064 3070 3079 3076 103111 103122 103132 103129 125262 125274 125272 221031 221027 259510 
15 : 3688 3690 3691 3703 3687 24847 24851 24859 24193 63568 63584 24195 85192 24197 24219 
15 : 4815 4829 4814 4820 4826 25950 15273 25935 25947 15299 112253 255155 15279 15294 112250 
15 : 5494 5501 5485 5505 5484 222655 64512 222660 55070 64525 257448 55081 64529 55050 55085 
15 : 5993 5990 5989 5972 5994 259657 258948 93630 263916 258944 93626 259658 93625 258949 93631 
15 : 6321 6323 6313 6302 6322 256696 180425 8779 256695 180430 8784 260548 8760 180427 8781 
15 : 6754 6748 6756 6751 6763 56022 194548 151446 194555 56026 56019 56037 151451 222458 151463 
15 : 7248 7247 7262 7269 7272 50908 72731 72738 72741 50923 50931 50933 226789 226792 256768 
15 : 7541 7532 7540 7535 7528 224171 260254 240354 127775 224168 224160 127759 240351 127769 127762 
15 : 8044 8042 8037 8054 8043 167342 114104 196140 176090 114099 167356 167340 114115 114102 176104 
15 : 8181 8180 8185 8177 8179 153191 155239 120145 131884 153202 120144 131883 120158 131893 120141 
15 : 10100 10086 10099 10087 10082 106817 256444 132665 34634 106816 106800 34610 132662 34632 34612 
15 : 10165 10180 10179 10182 10188 68839 68837 68841 68846 200706 218526 218537 200709 200721 229332 
15 : 10897 10909 10915 10917 10894 128126 128131 128138 33419 234664 234669 33436 256453 33442 33450 
15 : 11826 11835 11824 11819 11816 231538 230393 191718 119448 230403 191732 119456 191717 119446 119442 
15 : 12189 12202 12199 12190 12195 169146 169142 169131 169140 260251 213663 252579 213660 252576 213657 
15 : 12597 12604 12605 12606 12598 157448 157449 157451 157439 245725 245726 158946 249644 158947 158948 
15 : 13104 13107 13105 13112 13111 16186 16184 16192 16191 28377 51751 51750 28383 28382 140054 
15 : 13443 13438 13433 13434 13447 134906 55629 68180 247939 55615 68167 134911 55612 55633 68187 
15 : 13730 13726 13727 13717 13715 234645 240155 94256 44618 234639 94245 44609 94246 44610 44586 
15 : 13892 13882 13889 13879 13875 128362 258344 91908 14301 128360 91885 14280 91905 14297 14276 
15 : 14481 14471 14473 14478 14482 157082 168018 218584 247196 157071 157075 157083 168007 168019 218586 
15 : 14810 14800 14801 14808 14784 227540 228052 260776 18110 227527 227535 18089 228049 18090 18106 
15 : 10729 15252 15249 15262 15271 10736 10731 10741 10757 38429 106398 106411 38441 38451 190510 
15 : 17423 17420 17409 17424 17417 243474 106514 256211 216143 106512 243475 216140 106515 106507 216145 
15 : 17565 17568 17576 17567 17572 94687 94704 94686 94698 146537 146421 146529 146447 240715 146438 
15 : 17715 17723 17720 17716 17726 104411 104409 104405 104413 137077 112593 170161 112588 137080 112595 
15 : 18431 18440 18430 18432 18436 121733 119457 121726 121731 119477 123416 209274 119460 119471 123412 
15 : 18934 18929 18927 18917 18921 242568 206052 58053 133785 206045 58044 133776 58037 133772 58028 
15 : 19950 19951 19932 19952 19948 263940 42215 263941 214127 42216 264214 214128 42217 42207 214129 
15 : 20425 20432 20423 9351 20412 232123 220634 9375 61868 220644 9385 61883 9371 61862 9354 
15 : 20621 20634 20630 20632 20626 112222 112219 112221 112215 207187 221354 174211 207186 174208 174210 
15 : 20862 20851 20847 20861 20855 173293 83484 257898 219736 83470 173292 173284 83483 83476 219734 
15 : 20897 20903 20917 20914 20896 119100 119111 119108 100246 224205 224200 100254 260133 100274 100272 
15 : 21044 4413 21049 21046 21042 4435 216764 216760 121811 4443 4438 4425 248846 121821 121817 
15 : 21054 21063 21065 21068 21067 45547 45549 45561 45559 157757 157762 157760 161124 161122 217848 
15 : 21319 21308 21317 21303 21316 201208 263159 96008 262761 201206 95989 201205 96006 262759 96005 
15 : 21469 8257 21479 21476 21475 8270 186865 186858 186857 8285 8280 8279 248412 245743 245733 
15 : 21638 21630 21637 21644 21643 112068 222384 224960 224954 112067 112082 112078 222396 222392 257784 
15 : 21777 21775 21786 21771 21769 133499 182674 78777 45168 133509 78774 45160 78790 45182 45155 
15 : 23137 23130 23127 23136 23121 231194 206072 264116 48949 206059 231193 48936 206071 48932 48948 
15 : 25204 25220 25211 25212 25219 106305 106297 106298 106304 184622 186878 230901 184613 184621 186877 
15 : 25636 25634 25641 22485 25631 180379 193681 22499 125754 180381 22495 125752 22501 125756 22492 
15 : 25970 25959 14422 25968 25962 158006 14448 232027 179554 14433 158002 157997 14445 14439 179550 
15 : 26082 26074 26064 15178 26067 226873 82366 15210 138020 82355 15199 138007 15183 82346 15186 
15 : 26097 26101 26096 26092 26094 211907 194169 147243 186518 194172 147246 186522 147237 186516 147235 
15 : 26599 26593 26596 26566 26578 254080 263958 30136 153262 254079 30130 153254 30135 153258 30108 
15 : 28308 28310 28316 28313 28303 135012 135017 135015 93710 188626 188623 93716 216329 93723 93719 
15 : 28585 28587 28588 28591 28596 41694 41696 41710 41721 55358 55368 55382 60855 60871 222147 
15 : 29974 29980 29973 29975 29986 75588 55236 75583 75594 55239 104358 159559 55237 55253 104373 
15 : 23808 31634 31626 31629 31635 23830 23821 23826 23831 173935 210560 235670 173930 173936 210561 
15 : 32353 32367 32369 32346 32363 127645 127650 42807 127640 263715 42832 246843 42835 246844 42827 
15 : 32585 32589 32588 32601 32587 132523 132522 132537 132521 163843 175917 160824 163857 160823 160851 
15 : 34545 34539 34546 34542 34548 242966 263607 254183 263610 242968 242963 242970 254186 264021 254189 
15 : 34692 30828 34686 34703 34705 30841 52507 184596 184598 30830 30852 30858 52521 52528 260372 
15 : 36775 36776 36762 36767 36766 233709 106936 172413 170554 106937 172414 170555 106930 106929 170542 
15 : 37164 37152 37161 37150 37156 132219 208446 93569 167280 132216 93555 132208 93564 167273 93559 
15 : 38369 38383 38374 38368 38370 143016 143008 113647 143005 205238 113669 187667 113653 187655 113650 
15 : 38702 38695 38701 38694 38692 214835 262286 198744 160373 214829 198731 160358 198741 160367 160355 
15 : 22081 39298 39310 10832 39301 22090 22105 10829 22094 184724 10843 184713 10861 225970 10850 
15 : 39359 39366 39343 39363 39353 236076 92056 236074 196426 92068 261608 196441 92066 92049 196436 
15 : 39638 39642 39639 39637 39631 247874 247873 240929 113458 251462 240933 113463 240932 113460 113457 
15 : 39877 23212 39872 39878 39855 23238 243155 261663 41202 23230 23239 23213 243156 41195 41203 
15 : 40366 40374 40371 40359 40373 194894 194891 91618 194893 237335 91630 244027 91627 237334 91629 
15 : 40420 40426 40434 40424 40418 127510 127515 127509 77970 204872 199176 77983 199187 77999 77980 
15 : 40909 40899 40911 40907 40902 76409 244408 238381 201918 76412 76407 76403 238384 201922 201916 
15 : 41353 41363 35506 41359 41013 59196 35507 59190 41015 35530 223118 41045 35524 35505 41034 
15 : 41786 41787 41796 41788 41795 115017 115030 115018 115024 119669 119654 119664 133020 225710 133017 
15 : 42274 42269 2355 42279 42264 153434 2376 243120 84284 2366 153443 84271 2381 2356 84292 
15 : 42569 42573 42568 42578 42584 110842 66909 110845 110853 66915 157787 157797 66924 66933 235453 
15 : 42916 29110 42888 42907 42904 29141 43828 240527 218600 29111 29133 29127 43821 43816 218596 
15 : 44461 7795 44464 44468 44465 7797 69410 69417 69414 7802 7813 7805 135037 135029 170373 
15 : 44659 44668 44658 44664 44655 186920 175530 186915 136429 175539 235970 136446 175535 136426 136436 
15 : 44947 44954 44939 44944 44936 242969 167185 230462 139306 167194 230468 139319 167182 139295 139304 
15 : 45334 45328 45335 45340 45332 61217 182142 182150 138100 61218 61230 61216 186085 138102 138119 
15 : 45751 45748 45749 45756 45747 90159 99006 115817 79270 90157 90168 79266 99016 79268 79280 
15 : 45811 45801 45807 45804 45786 219298 252938 250128 100755 219289 219287 100740 250122 100750 100746 
15 : 46958 46957 46962 46968 46970 97289 122328 122336 122338 97291 97302 97305 182359 182362 260101 
15 : 46976 46982 46992 46978 46985 142589 142603 142586 142596 216766 181579 216759 181596 247639 181584 
15 : 47869 40625 47864 47860 47867 40642 181122 144932 189848 40637 40631 40640 144929 181120 144930 
15 : 48420 48416 48424 48422 48431 118020 174988 174985 174999 118028 118022 118040 197999 218378 198013 
15 : 48475 48474 48476 48458 48473 263979 264090 136860 263856 263980 136859 263855 136861 263857 136858 
15 : 48997 48987 48988 48981 48983 165225 184010 54234 126439 165207 54217 126411 54220 126413 54214 
15 : 49590 49589 49583 49591 49603 149566 50516 162627 162643 50514 149567 149578 50517 50534 166983 
15 : 49844 49850 49837 49854 49849 249022 159369 249026 249020 159376 258254 255618 159379 159374 255623 
15 : 49851 49852 49839 49855 49853 259282 191783 259287 259283 191784 260318 260314 191788 191785 261410 
15 : 50112 50109 50103 50108 50110 172908 74724 172047 181680 74712 172033 172896 74711 74714 172034 
15 : 51249 51252 51250 51256 51251 58333 58327 58339 58332 77603 175376 174122 77611 77602 174134 
15 : 51567 51563 51576 51580 24780 57506 100865 100871 24790 57515 57523 24781 223096 24799 24812 
15 : 52260 52262 52272 52261 52268 99925 99940 99924 99933 115770 108697 115757 108724 204671 108710 
15 : 53563 22272 16577 53574 53571 22281 16584 139610 139608 16574 22301 22300 16607 16606 260449 
15 : 53982 53980 53979 53977 53981 163863 150701 67367 193241 150694 67358 163862 67357 150700 67364 
15 : 54013 33825 54001 54003 54014 33852 112398 152799 256348 33833 33835 33853 112386 112400 152800 
15 : 55316 55308 55326 55328 55318 115281 228160 228162 228152 115288 115290 115282 258450 234901 234904 
15 : 55432 55439 55450 25010 55443 60405 60425 25012 60416 160451 25021 160442 25046 247229 25035 
15 : 55729 55750 55741 55740 55728 93442 93430 93428 73054 198965 177897 73083 177883 73065 73063 
15 : 56473 56469 56454 56476 56459 252250 135541 260687 177176 135539 252253 177171 135545 135526 177178 
15 : 56632 56613 56635 56626 56623 74804 245201 228939 222467 74809 74800 74797 228943 222471 222461 
15 : 56892 56905 56899 56906 56886 178964 178963 178965 91923 247182 263839 91942 247184 91936 91943 
15 : 57501 57487 57491 57482 57478 210541 230010 144343 78628 210532 144325 78614 144332 78616 78604 
15 : 9306 57622 57621 57619 57612 9325 9323 9320 9311 261474 255913 152419 255912 152417 152410 
15 : 57714 57706 57708 57713 57719 67066 159456 226522 244010 67057 67063 67073 159453 159460 226527 
15 : 53230 58162 58157 58164 58161 53246 53236 53249 53245 169772 242225 233547 169775 169770 233550 
15 : 58215 58212 58201 58216 58197 233863 111648 255132 59227 111644 233864 59221 111650 59209 59229 
15 : 58725 58719 58715 2958 6077 219782 161133 2988 6105 161123 2975 6094 2970 6089 2954 
15 : 47162 58829 58830 58834 58838 47163 47165 47178 47183 63940 63948 63959 97597 97612 178733 
15 : 58971 58982 58973 19558 58984 123933 123928 19563 123938 146504 19575 216055 19566 146511 19580 
15 : 59307 59311 59324 59306 59327 113129 113133 92567 113139 184559 92573 184567 92585 245520 92593 
15 : 59973 59980 59988 59971 59972 101341 101354 68743 80102 193802 68753 80108 68769 80128 68740 
15 : 60000 60001 59998 60005 59991 206535 157175 206541 62226 157179 226300 62231 157184 62223 62239 
15 : 4264 61362 61356 61368 29776 4283 4274 4291 4261 169506 225344 29794 169511 29783 29802 
15 : 62681 38865 47700 62688 62677 38878 47714 189781 82604 38864 38890 38868 47719 47703 82615 
15 : 63085 63096 63086 63098 63097 67561 67547 67564 67563 70778 238083 238082 70781 70780 241941 
15 : 63395 63401 63400 63396 63383 201631 201630 201623 70905 252765 202230 70923 202229 70921 70906 
15 : 64045 64040 30831 64036 33711 212230 30855 189930 33742 30843 189914 33729 30842 30827 33722 
15 : 65019 44671 65025 65020 65022 44678 122143 122130 122135 44696 44682 44686 145455 180785 145447 
15 : 65073 65084 65066 65076 65074 190766 140674 190752 190751 140686 228574 214694 140677 140675 214678 
15 : 65405 65393 65403 65404 65391 202771 255018 258742 166792 202768 202770 166778 255017 166789 166791 
15 : 65447 65457 65454 65451 49784 108320 108317 108314 49786 199755 128942 49805 128937 49799 49790 
15 : 65712 65720 65718 65721 65716 114571 114566 114572 114564 230047 256805 188720 230050 188714 188725 
15 : 8260 66013 66018 20492 66011 8268 8272 8256 8263 151854 20506 109742 20512 109750 20495 
15 : 66155 66140 66142 66154 57249 168318 201036 262879 57285 168304 168317 57263 201035 57267 57284 
15 : 66426 66429 66418 66422 66430 245661 127618 162312 245663 127625 162318 258617 127606 127626 162322 
15 : 66452 66456 66450 66448 61006 238590 224231 218995 61030 224237 219003 61039 218993 61027 61026 
15 : 67282 67290 67283 67296 67293 104910 104901 104915 104913 105124 218301 218294 105135 105131 238190 
15 : 67394 67383 62735 47998 67385 77475 62762 48028 91818 62738 48000 77455 47997 62740 48003 
15 : 67522 67532 67527 67525 67533 79107 79097 79095 79108 228272 181593 263442 181580 228273 181594 
15 : 67665 67674 67677 67680 67672 88593 88594 88595 88590 256344 256346 241309 261360 241312 241316 
15 : 68251 68248 68247 68250 49166 249642 235887 260069 49192 235878 249639 49188 235885 49184 49190 
15 : 68396 68400 68391 68392 68389 220984 174292 182305 148472 174302 182318 148485 174285 148468 148470 
15 : 68601 68593 68599 68609 68603 152793 228922 233776 233766 152792 152805 152795 228932 228923 244654 
15 : 20782 69074 69073 69067 69076 20803 20800 20787 20805 256539 149217 260664 149213 256544 149222 
15 : 69748 69749 69763 69758 69752 90585 90607 90597 90590 141179 141167 141160 241985 202533 202522 
15 : 66875 69876 64958 69874 69873 66902 64956 66893 66892 64979 215244 207909 64973 64972 207897 
15 : 69944 31811 69943 69933 69941 31830 254094 168587 235715 31829 31819 31825 168585 235713 168580 
15 : 70547 70543 70540 6814 70542 234618 195540 6846 228346 195529 6836 228334 6830 195528 6834 
15 : 70699 70702 70710 70697 70696 190173 190186 162284 139623 204888 162288 139627 162302 139643 139616 
15 : 70834 44494 70830 70823 65672 44522 247785 191638 65708 44518 44507 44492 191633 65701 65687 
15 : 72223 64207 72210 72218 45154 64231 161402 260607 45184 64212 64227 45153 161400 45165 45181 
15 : 72920 72913 72906 72903 72902 237918 184284 126726 108513 184276 126716 108502 126710 108494 108488 
15 : 73102 73092 73098 73100 73103 86973 186453 205722 249551 86962 86966 86977 186446 186456 205725 
15 : 73123 73122 73116 73114 73121 244410 203793 191318 238931 203792 191317 238930 191306 203791 191316 
15 : 73981 73987 34873 73983 73975 241163 34895 241161 226642 34899 253790 226647 34897 34890 226646 
15 : 74265 74264 74281 74283 74275 135644 144672 144677 144668 135660 135667 135656 252388 241539 241543 
15 : 74378 74375 74371 74376 74369 234052 182105 239872 163317 182099 234049 163309 182100 163300 163311 
15 : 74398 74395 74393 74401 74396 255306 245006 260352 255495 245000 255308 255302 245010 245001 255499 
15 : 63910 74640 74648 74652 74647 63917 63931 63936 63930 142299 142301 142298 258491 257295 257298 
15 : 75045 75048 75040 75034 37277 246093 219950 140779 37305 219955 140781 37309 140773 37296 37287 
15 : 75287 75290 75276 75286 75291 254775 82754 248372 254777 82760 248382 263936 82752 82762 248383 
15 : 75581 75572 75574 75575 75568 213513 227236 237610 100906 213503 213504 100889 227230 100893 100895 
15 : 75943 75938 75957 75939 75945 89278 154844 92570 154824 89299 89275 89279 92597 166611 92572 
15 : 76455 76452 76464 76456 76459 101695 187356 187347 187348 101709 101700 101702 221942 228887 221929 
15 : 76643 76649 76653 67906 76645 185366 185368 67916 185364 229666 67921 213237 67926 213243 67917 
15 : 76992 76990 77000 76998 76989 109232 145249 145244 87993 109250 109245 87990 250453 88021 88014 
15 : 78081 78092 78084 57655 78096 103442 103436 57660 103448 156703 57677 229265 57668 156706 57682 
15 : 78291 78296 78302 78295 78297 116620 116627 116618 116621 184520 152294 184512 152304 186343 152295 
15 : 79461 79471 79463 79473 79475 109072 109063 109073 109076 148169 244611 244613 148173 148176 253154 
15 : 79765 79764 79749 79756 79758 254825 88818 218882 226251 88817 218881 226250 88807 88808 218873 
15 : 80017 80023 80015 80012 80019 225636 203109 124491 225631 203122 124503 236027 124486 203114 124496 
15 : 81026 81036 81027 81034 3802 122340 122324 122335 3805 128500 258133 3838 128495 3806 3829 
15 : 81503 81497 81502 81495 81500 196091 219723 120546 210717 196090 120539 196087 120545 210716 120543 
15 : 81775 18488 23971 81779 81781 18501 23988 197120 197125 18486 18504 18508 23992 23996 240324 
15 : 82201 82188 20458 82199 82195 161678 20475 220622 188381 20462 161674 161670 20471 20467 188375 
15 : 82332 27648 82325 17926 72657 27660 147149 17942 72674 27654 17921 27647 17935 72664 17925 
15 : 28331 46373 82777 82771 82778 28328 28339 28335 28344 46384 46377 46387 149417 215905 149422 
15 : 83036 83037 83044 80304 83028 235551 235560 80320 100589 237189 80321 100590 80329 100606 80305 
15 : 84486 84475 84481 84477 84484 132785 231337 190276 244108 132776 132771 132778 190269 231335 190272 
15 : 84980 84986 84992 84979 84987 133305 133308 133218 133306 162370 133225 162362 133234 178568 133226 
15 : 66237 48728 86219 61431 86225 48725 66245 61428 66255 48738 48724 48746 61442 187740 61457 
15 : 86777 86768 86769 86762 86770 222524 231178 126524 239462 222515 126513 222518 126515 231168 126516 
15 : 86983 86982 86986 86990 86989 162675 176902 176911 176910 162678 162684 162682 207875 207873 237822 
15 : 87370 87364 87366 87363 84401 159534 190353 154614 84421 159530 154606 84413 154612 84416 84410 
15 : 87765 87766 87758 87755 87769 247188 223548 152721 247194 223551 152723 255748 152710 223555 152727 
15 : 88199 88204 88193 88194 1407 251051 176873 209439 1426 176876 209444 1431 176863 1415 1416 
15 : 83571 88883 88873 88878 88886 83586 83579 83581 83588 174407 245304 255960 174401 174408 245309 
15 : 88986 89001 88988 89002 88991 135206 135195 135207 135199 173415 258573 216830 173416 173403 216833 
15 : 89903 73579 89897 89902 89894 73597 180419 211175 94491 73592 73595 73581 180414 94480 94488 
15 : 90058 11459 90067 90063 90055 11472 222895 222889 160832 11489 11484 11464 259250 160848 160845 
15 : 90575 90570 75893 90577 13360 171810 75904 210477 13377 75900 171812 13368 75908 13358 13381 
15 : 90903 76252 90913 90909 87432 76256 105667 105657 87435 76273 76265 76249 212279 87464 87448 
15 : 91171 91173 68164 91175 91161 236412 68177 236414 116009 68182 249817 116014 68185 68166 116018 
15 : 91750 91751 91744 91747 91757 225935 173678 197388 225944 173679 197389 228445 173675 173689 197397 
15 : 92651 92647 92664 92653 92663 170431 184649 184635 184647 170442 170432 170441 198257 254692 198253 
15 : 92889 92890 63407 92900 92899 115826 63410 115839 115838 63411 121480 121479 63427 63426 250496 
15 : 93402 93249 93399 93404 93397 93273 250598 263306 244755 93266 93274 93264 250600 244747 244757 
15 : 93833 93835 93836 93824 93838 190489 190492 109501 190493 213516 109504 213518 109506 222342 109508 
15 : 41802 94135 94127 94138 94128 41811 41803 41818 41804 97203 194644 105243 97210 97197 105252 
15 : 94672 31087 74783 48792 94674 31095 74794 48804 214574 31085 31082 31097 48789 74798 48807 
15 : 95558 95560 19263 95556 39944 193189 19275 177163 39959 19278 177165 39963 19270 19260 39953 
15 : 96533 96538 96531 96540 96537 222748 168100 222749 222746 168106 256860 252285 168107 168105 252286 
15 : 96645 96647 96654 96650 1540 142622 142634 142630 1548 166264 166255 1550 243085 1570 1561 
15 : 12827 78445 97787 97795 21866 12825 12831 12838 12823 78447 78453 21862 113054 21869 21878 
15 : 97930 97933 97940 97945 97948 98301 98309 98313 98317 102931 102935 102939 213531 213534 241690 
15 : 31226 98025 91366 98021 98018 31249 31225 31242 31238 91392 245590 218318 91381 91375 218311 
15 : 98022 98027 98016 98015 98017 261090 191979 187129 207087 191984 187134 207093 187116 191976 187120 
15 : 100155 34554 100149 100153 100160 34573 157788 218860 239211 34558 34564 34577 157782 157796 218870 
15 : 100924 100922 18652 100933 100936 112884 18655 140624 140629 18654 112898 112904 18671 18676 246549 
15 : 70736 74910 101058 101059 101068 70735 70741 70742 70752 74912 74913 74927 183882 183893 187817 
15 : 101183 56969 101182 101170 101171 56993 259416 142080 164744 56992 56973 56975 142079 164743 142064 
15 : 84489 101484 101490 101481 40065 84503 84508 84496 40063 222319 191311 40084 191319 40093 40075 
15 : 102664 102653 102658 78466 102661 152078 215624 78489 251060 152067 78470 152074 78478 215619 78485 
15 : 103401 103402 103398 103411 103403 171972 167086 171981 171973 167088 198870 198860 167101 167089 202545 
15 : 103421 60015 103413 103432 103420 60030 118549 208294 201636 60017 60047 60028 118563 118548 201653 
15 : 104033 104022 104034 48919 104037 118848 238040 48938 238042 118849 48923 118853 48939 241097 48942 
15 : 104396 55307 61514 104394 48057 55312 61519 137974 48066 55305 55309 48051 61516 48053 48060 
15 : 104551 104555 104549 104550 104548 243296 229253 236107 209524 229257 236112 209532 229251 209520 209521 
15 : 105469 105464 105465 73870 105456 197321 211940 73892 155664 197317 73885 155658 73887 155659 73880 
15 : 56186 106008 106019 106020 106006 56192 56202 56205 56190 191729 191733 170182 262681 170197 170199 
15 : 106126 94448 106123 68303 106120 94471 223201 68329 174762 94462 68302 94455 68316 174747 68308 
15 : 15783 106361 106370 106364 106359 15788 15803 15795 15787 171841 171831 158133 228988 158153 158139 
15 : 106482 106483 106493 106494 106496 118369 118378 118381 118384 126833 126834 126837 218593 218597 233414 
15 : 106728 106730 106721 106727 106731 223679 133931 223030 223682 133934 223035 246512 133930 133938 223038 
15 : 5663 106758 106759 106753 106762 5671 5673 5665 5676 229029 136598 229032 136599 239638 136601 
15 : 98956 107109 107102 41175 107107 98966 98957 41174 98963 109142 41186 170365 41176 109139 41182 
15 : 108551 108552 93076 80337 108538 259638 93093 80359 123643 93096 80361 123646 80335 93078 80339 
15 : 81539 108814 108801 41093 108813 81557 81543 41090 81555 166984 41118 259085 41100 166982 41116 
15 : 109858 109848 21484 109850 109851 154450 21497 176332 192204 21488 154441 154442 21491 21493 176328 
15 : 48157 109948 109952 109955 108757 48158 48162 48167 48156 136947 136952 108762 172507 108767 108774 
15 : 110598 57075 38759 110604 48187 57083 38767 226475 48198 38753 57095 48179 38782 38751 48211 
15 : 110759 110755 95051 110758 110751 216637 95079 264205 185415 95068 216636 185399 95078 95059 185414 
15 : 110999 110994 110995 110998 4132 174110 181145 245238 4150 174101 174108 4137 181144 4138 4149 
15 : 27011 111134 111142 111128 94848 27028 27034 27022 27010 246049 224002 94869 224011 94875 94859 
15 : 111461 72878 66095 71183 74579 72880 66098 71185 74580 66091 71175 72873 66090 66092 71176 
15 : 111564 111561 111554 111562 111568 208447 119827 215490 254043 119818 208444 208451 119820 119831 215493 
15 : 112770 79794 112763 112765 112764 79809 163601 171021 167372 79800 79803 79801 163593 163591 167361 
15 : 112784 112790 4097 112794 112782 206543 4106 206546 186288 4119 254595 186302 4122 4104 186309 
15 : 114147 114170 114152 114150 114143 201896 201885 201884 114395 230861 229309 114419 229293 114401 114399 
15 : 114223 114235 114225 62220 68892 213291 213283 62228 68901 226649 62243 68915 62232 68904 62212 
15 : 114591 114586 114577 114583 114578 184916 118558 154754 119944 118545 154743 119935 118539 118535 119923 
15 : 114675 114669 79482 114678 102256 136299 79493 223522 102269 79486 136301 102258 79499 79479 102272 
15 : 114773 16788 114770 114761 114760 16820 246910 147768 132606 16809 16795 16792 147760 132600 132583 
15 : 114790 114779 114782 114788 92801 205887 215158 248721 92831 205875 205884 92818 215155 92823 92825 
15 : 114806 114807 114798 114809 114815 229884 167920 229890 229898 167922 232941 232949 167932 167941 255148 
15 : 28622 115009 91367 31255 115010 28638 28620 28615 28639 91382 31272 246272 31254 91383 31273 
15 : 117040 117032 47465 117038 52359 166107 47481 252631 52382 47472 166105 52366 47480 47460 52377 
15 : 117132 117144 117140 117136 117142 194708 194698 194696 194700 236085 206425 239516 206417 236079 206419 
15 : 27652 118273 63149 118286 118283 27662 27646 27673 27669 63162 217571 217565 63171 63168 250840 
15 : 118696 118703 118694 118702 118700 164717 139926 164716 164714 139935 225264 198649 139934 139932 198648 
15 : 25205 118954 100423 118958 118957 25207 25203 25215 25214 100426 143622 143621 100437 100436 208317 
15 : 119403 119402 119404 119407 119397 220957 231511 231520 185826 220958 220968 185825 233569 185827 185840 
15 : 119430 77241 119433 119426 118893 77251 218038 204737 118905 77256 77246 77240 204744 118910 118902 
15 : 120806 120804 120793 120792 120790 260160 190098 181752 173970 190096 181750 173968 181734 173947 173945 
15 : 121276 121283 121284 121282 121279 158398 158399 158397 158393 217717 216638 197459 216639 197460 197458 
15 : 121395 121398 74965 121389 121399 252751 74984 167824 252754 74988 167828 261909 74968 74990 167830 
15 : 121914 28496 121922 121927 121932 28497 125552 125558 125566 28507 28516 28520 230511 230516 254763 
15 : 74426 32817 122546 122561 122548 32810 74428 74441 74430 32818 32833 32819 179197 179186 187398 
15 : 115036 122754 98442 53771 65531 115048 98441 53769 65530 98461 53788 65556 53768 65528 53766 
15 : 123655 122756 123656 123652 69164 122774 244525 202784 69184 122776 122763 69163 202786 69186 69175 
15 : 123918 123913 123915 104559 7314 170931 181852 104577 7331 170924 104566 7317 104569 7319 7309 
15 : 124451 124449 124439 124437 124442 247782 201512 197871 216146 201509 197868 216141 197857 201502 197861 
15 : 96966 124673 124667 124682 124683 96978 96972 96986 96989 172111 218048 218052 172121 172124 257375 
15 : 124919 124907 124902 124904 124914 215044 138638 169636 259233 138620 169623 215036 138614 138628 169628 
15 : 126832 126839 87050 123863 126826 217938 87063 123876 162307 87078 123887 162320 87049 87056 123870 
15 : 126900 126899 126889 126895 126896 260419 127341 230455 245778 127340 230454 245777 127334 127335 230445 
15 : 127023 127030 127022 80434 127026 151564 132467 80436 151561 132475 80448 176504 80435 132471 80439 
15 : 1923 127380 127388 25015 69829 1935 1945 1919 1921 210486 25029 69840 25047 69858 25013 
15 : 127375 127385 127381 127387 104614 150886 150882 150890 104616 220766 259699 104646 220772 104632 104649 
15 : 127824 127838 127837 127834 13978 143864 143862 143858 13980 260789 246386 14007 246383 14005 14000 
15 : 128111 128108 128105 128120 76031 180619 146923 212525 76043 146919 180632 76037 146936 76033 76056 
15 : 128416 128414 128412 128413 128417 180663 154550 178821 257366 154534 178808 180666 154533 154552 178823 
15 : 128994 129000 128998 125420 128995 165848 165844 125424 165841 176485 125434 166492 125429 166485 125425 
15 : 129189 129185 64210 129184 129186 227965 64225 227619 229153 64216 227611 227961 64215 64217 227612 
15 : 29749 130007 23219 130004 130003 29757 23211 29754 29753 23227 195206 193449 23225 23224 193447 
15 : 130092 130096 83341 130098 111754 162574 83345 162579 111760 83359 256811 111774 83363 83338 111777 
15 : 130563 130554 25081 29911 130561 171399 25104 29934 259314 25086 29916 171395 25072 25098 29930 
15 : 130943 130931 130938 130937 130940 164152 226682 221873 238291 164145 164144 164148 221868 226677 221871 
15 : 131989 132002 79977 107872 132003 172790 79983 107875 172794 79993 107885 239894 79974 79998 107889 
15 : 132403 112813 132398 132394 132401 112827 174941 132891 245774 112819 112814 112825 132873 174936 132887 
15 : 132434 132429 132444 66940 132448 144248 195585 66950 195589 144258 66942 144262 66960 261116 66965 
15 : 132737 77554 132731 132733 37571 77564 172511 189636 37592 77557 77558 37563 172503 37579 37581 
15 : 133294 34406 133282 133293 73740 34421 140878 233674 73753 34409 34420 34402 140877 73741 73752 
15 : 133398 133383 133394 133392 133399 154401 231122 213378 257968 154392 154388 154402 213371 231123 213379 
15 : 25958 133483 133487 16545 133495 25961 25966 16538 25973 176164 16552 176172 16559 228238 16572 
15 : 134009 134006 134007 56972 134008 239501 240341 56991 254567 239495 56984 239500 56986 240339 56989 
15 : 134314 134324 134311 134320 134323 205962 204117 205958 205961 204135 245434 260105 204125 204133 245433 
15 : 42033 68024 71289 134561 134552 42028 42029 42052 42042 68018 68038 68033 71301 71294 194759 
15 : 33777 135335 135333 135337 135331 33788 33783 33789 33781 189790 235806 162292 189793 162283 162293 
15 : 10490 135835 135825 135821 135818 10514 10504 10497 10495 241940 195858 168228 195845 168215 168203 
15 : 33547 136485 136470 136476 4605 33566 33549 33555 4595 148566 188556 4629 148552 4608 4615 
15 : 37666 136678 136672 21584 60433 37677 37670 21576 37660 187811 21600 60446 21592 60438 21579 
15 : 137264 137278 123596 137272 24941 173810 123599 173808 24948 123618 253799 24970 123613 24938 24964 
15 : 137480 137477 137468 83369 137475 249228 232721 83387 247446 232718 83385 247444 83380 232716 83384 
15 : 125235 137577 137572 137569 137575 125249 125243 125236 125248 193652 137800 227505 137791 193650 137799 
15 : 137599 65792 137588 137593 137590 65815 187901 215876 205113 65798 65803 65800 187886 187884 205097 
15 : 137716 137729 137721 137720 36528 179335 179326 179325 36535 225910 217589 36559 217576 36541 36539 
15 : 137722 137713 66285 137730 127916 164147 66294 233270 127933 66286 164156 127922 66303 66283 127947 
15 : 138503 123679 138497 138496 138500 123688 172754 169719 215163 123682 123681 123685 169707 172752 169713 
15 : 138871 138883 138886 138875 138881 155110 155114 155100 155106 245329 177406 229558 177414 229567 177403 
15 : 69960 129790 45400 19903 140212 69957 45391 19891 69970 45398 19902 129802 19887 45410 19909 
15 : 140299 62105 9242 140315 140302 62106 9243 144080 144071 9231 62129 62114 9264 9251 193661 
15 : 7417 83444 138848 25386 140832 7410 7416 7408 7425 83442 25382 83451 25385 138856 25398 
15 : 141032 72189 55213 82498 88129 72190 55214 82499 88130 55207 72182 72183 55209 55210 82495 
15 : 141053 141050 32842 141056 141046 234829 32858 248054 200384 32854 234831 200378 32861 32851 200386 
15 : 141142 141143 96266 24354 141149 166739 96269 24359 166744 96271 24361 178000 24351 96279 24371 
15 : 141461 141460 141463 141462 141466 149863 163330 163329 163332 149865 149864 149867 164473 166703 164477 
15 : 141576 141586 141580 84372 97853 203357 203352 84380 97861 230467 84397 97881 84386 97865 84368 
15 : 142447 142451 98343 142448 142446 173102 98348 173091 158932 98361 176117 158945 98350 98347 158933 
15 : 94709 142676 142673 123740 142671 94729 94719 94708 94717 229999 123767 218883 123755 218874 123753 
15 : 15673 47919 142926 142936 134823 15666 15685 15694 15671 47932 47941 47918 203815 134834 134847 
15 : 95826 62744 83900 143097 38345 62741 83894 95839 38339 62739 62758 38331 83916 38334 38360 
15 : 143096 143091 130600 32690 143090 174007 130612 32705 152169 130603 32697 152158 32689 130601 32692 
15 : 44991 143207 143211 143216 48061 44997 44999 45010 44982 213983 213990 48072 238929 48077 48089 
15 : 143221 123181 119137 57795 35942 123186 119145 57800 35949 119133 57791 35938 57790 35937 35927 
15 : 13903 30216 81318 143723 143722 13896 13897 13911 13909 30212 30223 30222 81329 81323 185680 
15 : 143740 143748 85207 108557 143733 239299 85219 108570 148348 85230 108581 148359 85200 85208 108558 
15 : 80988 122951 143772 143773 143770 80983 81006 81007 81001 122967 122968 122960 258616 247712 247713 
15 : 143789 130000 70347 67054 143783 130013 70364 67067 235460 70346 67051 130011 67047 70360 67064 
15 : 91461 145098 145109 145106 26779 91471 91479 91476 26773 216411 216409 26791 249887 26810 26802 
15 : 145620 135731 145612 145619 145611 135751 223089 257852 218131 135738 135749 135737 223087 218113 218130 
15 : 7290 145755 134087 110451 45881 7294 7288 7284 7279 134090 110453 45884 110448 45878 45876 
15 : 146143 146147 24942 146141 78365 244459 24959 230750 78382 24967 230757 78390 24954 24935 78378 
15 : 146452 60823 146461 146453 124364 60830 218455 218443 124373 60840 60832 60819 225972 124391 124375 
15 : 147903 147900 122040 147906 147902 153679 122048 211001 199435 122041 153688 153678 122058 122046 199441 
15 : 147990 49560 57760 147986 127605 49574 57774 223534 127617 49554 49569 49558 57771 57756 127614 
15 : 148204 148208 148201 148199 148203 243580 231633 202150 239129 231641 202157 239136 202143 231630 202146 
15 : 148541 10011 148543 148545 78633 10024 248309 248314 78650 10026 10029 10006 255432 78652 78662 
15 : 64332 149759 149763 149755 149767 64340 64345 64334 64348 228916 194519 228918 194527 257280 194533 
15 : 16702 150101 150099 150083 125750 16723 16722 16706 16700 259892 180163 125778 180158 125775 125751 
15 : 150190 150186 89149 150194 150179 234754 89164 254814 188463 89160 234756 188458 89168 89152 188470 
15 : 129449 40394 150364 73879 150379 40390 129455 73878 129466 40396 40386 40412 73882 162029 73898 
15 : 150404 150401 140034 73302 150400 182011 140044 73309 175124 140040 73306 175122 73298 140038 73305 
15 : 151409 136135 151402 151413 151412 136148 174029 242757 242756 136141 136153 136151 174033 174031 253467 
15 : 107591 151707 151701 151703 151702 107601 107594 107596 107595 234824 240167 237557 234812 234811 237549 
15 : 152023 152018 152012 76279 152013 246054 205607 76305 207972 205599 76300 207965 76289 205592 76290 
15 : 152030 122255 152037 152043 152034 122260 196041 196050 196039 122267 122276 122263 239182 215740 215749 
15 : 152623 118512 152625 135362 152626 118514 167669 135363 167670 118516 118510 118517 135367 173357 135369 
15 : 152852 152846 152847 27846 152850 242848 246158 27866 254624 242840 27856 242845 27858 246153 27861 
15 : 153571 105562 153565 153577 153574 105577 211194 247430 247427 105567 105582 105580 211203 211201 257352 
15 : 140125 128834 30801 123268 153759 128832 30798 123265 140138 30796 123264 128850 30794 30820 123285 
15 : 154362 154353 91262 154359 154365 170913 91275 234092 241423 91264 170911 170918 91273 91281 234096 
15 : 154686 47220 154689 154699 154707 47221 156613 156623 156629 47225 47237 47244 176120 176128 258335 
15 : 154970 65043 154983 154978 154976 65044 161958 161956 161953 65060 65054 65052 245587 234954 234947 
15 : 2903 155447 155440 155435 155450 2925 2917 2906 2928 237105 189565 263665 189554 237107 189569 
15 : 155677 155680 57969 89384 155682 200630 57976 89388 200632 57987 89399 249558 57962 57988 89401 
15 : 105413 87174 121645 155733 155751 87165 105409 105414 105430 87167 87176 87189 121648 121661 168416 
15 : 156163 92151 156176 156169 156171 92155 183222 183216 183218 92172 92162 92167 224184 237658 224177 
15 : 156257 156264 156260 156262 104617 160439 160433 160436 104620 195498 220298 104635 195496 104627 104631 
15 : 156668 140740 131856 156667 156660 140764 131879 264171 223256 131852 140763 140751 131878 131864 223255 
15 : 156858 40395 15352 113292 156855 40415 15376 113310 243165 15340 40389 40411 15348 15368 113302 
15 : 156867 156874 102967 156865 50227 212900 102974 204736 50237 102986 204747 50247 102972 50220 50235 
15 : 124185 157219 157215 157217 157214 124204 124194 124195 124193 215338 216652 211133 215331 211118 211120 
15 : 157888 157882 157886 157878 157879 230911 246100 210358 211047 230906 210351 211036 210356 211044 210345 
15 : 95538 158045 158040 158041 158042 95546 95540 95542 95545 203416 216895 239152 203409 203414 216893 
15 : 119333 158193 7637 158191 158196 119345 7635 119340 119350 7651 219795 244537 7647 7659 219803 
15 : 158735 158721 156669 69833 35242 188451 156693 69857 35268 156673 69836 35245 69832 35241 35233 
15 : 111199 159221 95879 159220 130256 111218 95874 111215 111195 95899 258159 130284 95898 95877 130278 
15 : 159595 159599 7157 159594 150103 207143 7165 200933 150112 7171 200940 150123 7163 7155 150110 
15 : 120870 134480 160164 160163 160154 120865 120891 120890 120877 134504 134503 134490 264066 225594 225593 
15 : 160296 105693 130890 153697 160295 105708 130905 153718 260042 105690 105691 105707 130888 130904 153716 
15 : 160508 10493 1088 160506 160509 10508 1105 248990 257525 1073 10506 10512 1102 1107 248992 
15 : 160597 160595 58619 107552 160602 217957 58631 107564 237267 58629 107559 217959 58615 58639 107575 
15 : 64481 160767 64679 160773 72130 64484 64476 64497 64477 64681 180631 72134 64696 64669 72150 
15 : 161161 161169 161168 161163 68052 204630 204629 204623 68057 255736 219731 68071 219730 68070 68059 
15 : 161259 161258 161262 161271 133436 222227 226135 226141 133444 222233 222243 133443 239953 133450 133456 
15 : 141698 161639 161644 161640 161646 141699 141704 141700 141708 161965 161963 161972 177799 213607 177815 
15 : 161754 161758 111106 161755 13679 214744 111109 214742 13684 111118 247344 13693 111114 13670 13688 
15 : 46118 109236 162246 114843 162251 46111 46120 46112 46137 109238 109228 109247 114845 176339 114862 
15 : 50194 162525 162524 162529 162528 50197 50196 50202 50199 167046 171536 171532 167054 167047 186945 
15 : 113992 162535 13327 162526 162531 114010 13325 113995 114005 13348 175294 229105 13330 13343 175286 
15 : 67497 162631 162629 57390 162642 67501 67500 57384 67517 186115 57398 201824 57394 186134 57417 
15 : 162973 162972 162964 162978 40560 232172 175083 233227 40576 175082 232177 40575 175086 40562 40581 
15 : 153870 163139 82502 163142 163145 153875 82500 153878 153885 82508 199177 199181 82512 82516 217047 
15 : 163151 163164 163160 53490 147648 185126 185124 53494 147653 255441 53514 147674 53509 147669 53488 
15 : 163156 163163 105968 83373 163152 242258 105980 83381 199201 105986 83391 199214 83366 105974 83376 
15 : 163534 163527 163530 163531 163526 193500 219722 239665 188563 193492 193495 188541 219715 188547 188553 
15 : 164238 164236 3912 164228 161911 257452 3930 168043 161933 3927 168038 161931 3913 3911 161912 
15 : 164815 164812 164750 43245 164806 257636 164765 43265 190974 164762 43261 190968 43244 164752 43249 
15 : 165002 164997 165005 164998 164999 171282 226893 188329 191060 171283 171277 171278 188331 191062 188326 
15 : 109913 165036 165025 135047 165032 109925 109914 109911 109920 166679 135066 234781 135048 166670 135058 
15 : 119850 17013 58909 165940 150224 17007 58906 119851 119849 17002 17015 17011 58911 58908 150225 
15 : 158083 166194 166195 166203 166196 158088 158090 158099 158092 186270 186279 186271 194437 194428 198099 
15 : 166301 54771 12734 130467 166306 54773 12737 130472 206292 12718 54769 54783 12727 12744 130480 
15 : 167433 98159 161819 130497 167427 98169 161833 130515 218252 98157 98151 98165 130496 161825 130504 
15 : 167479 92432 167482 167481 61715 92441 227326 227325 61727 92448 92447 61701 241712 61735 61734 
15 : 167609 142155 167604 115087 167608 142169 253868 115110 261393 142161 115084 142168 115102 253867 115108 
15 : 168886 168892 58354 168885 66659 226230 58362 218656 66670 58373 218668 66682 58360 58347 66667 
15 : 35122 169357 36067 169358 49203 35129 35113 35130 35114 36075 249215 49219 36078 36058 49221 
15 : 169369 169361 165796 55783 39080 178875 165807 55790 39094 165799 55786 39087 55780 39079 39070 
15 : 4553 169675 9523 169678 3006 4556 4539 4560 2995 9527 211150 3014 9532 2996 3018 
15 : 169676 169673 169685 169689 169674 182666 214883 214887 196659 182673 182676 182665 258696 196672 196677 
15 : 170132 166533 170138 39660 89576 166536 203283 39663 89582 166542 39659 89575 39670 89592 39654 
15 : 170156 170148 48016 38350 151352 215375 48027 38364 151372 48020 38353 151359 38330 48012 38346 
15 : 170501 2542 170496 12416 170503 2553 209104 12429 244322 2546 2532 2560 12419 209106 12432 
15 : 37215 33552 171403 171400 171401 33539 37220 37218 37219 33565 33560 33563 219719 236994 219714 
15 : 78582 171492 171490 171484 171491 78594 78590 78584 78591 233464 179441 238935 179433 233458 179435 
15 : 104971 72107 91265 156795 171775 72098 91258 104966 104982 72097 72103 72113 91263 91274 156803 
15 : 171787 171785 98991 171792 17342 238513 99000 256575 17361 98998 238517 17357 99004 17332 17369 
15 : 56720 172738 172740 172742 109014 56728 56729 56730 56718 230780 230781 109024 241566 109025 109030 
15 : 47632 144551 73304 172838 153110 47629 47625 47640 47630 73300 144555 144549 73310 73303 153116 
15 : 114627 150789 173041 173046 173034 114625 114635 114642 114630 150800 150812 150793 242770 215998 216008 
15 : 173889 173891 173883 173892 173882 259936 226621 259937 210870 226623 262826 210873 226624 210858 210874 
15 : 6622 51843 173904 47199 173903 6617 6632 6615 6631 51854 47188 51853 47207 248191 47206 
15 : 174364 174368 53773 174358 44876 253250 53786 228216 44889 53792 228225 44901 53780 44862 44884 
15 : 175352 104741 175344 175346 90756 104760 215915 235575 90783 104744 104748 90748 215903 90762 90768 
15 : 176087 176082 137762 176081 176084 236676 137781 233520 262207 137772 233513 236672 137771 137775 233517 
15 : 21992 176251 176257 176253 176263 21993 21998 21994 22010 195223 195221 195231 205829 230795 205845 
15 : 176281 176300 131194 176292 176287 177627 131195 177622 177614 131217 258097 220515 131212 131206 220512 
15 : 70994 92780 177094 174474 177104 70987 71001 70992 71006 92784 92779 92795 174477 214269 174488 
15 : 177579 177573 7775 177581 177574 185910 7786 238953 189035 7777 185912 185905 7788 7778 189038 
15 : 177698 68173 177700 14999 177694 68186 254959 15011 250761 68190 14985 68183 15016 250765 15007 
15 : 177774 177771 177763 177766 23883 248706 184543 208261 23906 184541 208257 23899 184534 23885 23890 
15 : 141478 178035 178037 175567 4724 141481 141482 141477 4718 212450 175571 4730 175576 4733 4723 
15 : 20873 178109 178111 178110 93348 20875 20878 20876 20867 190088 190085 93350 190885 93354 93352 
15 : 178215 178211 116142 167722 178213 256320 116159 167737 257976 116154 167734 256319 116139 116158 167736 
15 : 178246 178241 68750 178244 157702 179290 68759 216822 157710 68751 179287 157703 68755 68746 157707 
15 : 75193 42926 179392 179393 38044 42919 75197 75199 38037 42937 42939 38034 232775 38057 38061 
15 : 179808 170731 14723 179805 23424 170741 14735 214405 23435 14721 170735 23422 14730 14713 23428 
15 : 63391 102090 180108 111247 180114 63385 63398 63386 63404 102096 102087 102106 111256 222178 111267 
15 : 180568 180575 180572 180565 180569 224788 224784 207079 224782 246574 207086 225893 207082 225891 207080 
15 : 180587 81103 174039 54805 180580 81114 174047 54818 212949 81102 54800 81109 54804 174043 54811 
15 : 180644 180643 180652 180645 180647 195133 217623 217615 217620 195141 195134 195138 218824 237927 218816 
15 : 104183 180830 180822 180827 180821 104196 104188 104193 104184 214198 249144 185834 214195 185824 185831 
15 : 180975 180990 76690 29291 180981 213652 76694 29296 213640 76712 29317 233682 29283 76700 29303 
15 : 181158 181150 50917 98376 34012 256517 50934 98396 34037 50930 98392 34031 50910 34001 34005 
15 : 181512 72589 181810 181804 181803 72588 181524 181519 181517 72604 72596 72595 232080 228464 228450 
15 : 181876 181872 88773 141846 9089 195578 88777 141851 9094 88775 141849 9090 88767 9078 9082 
15 : 72905 182321 55654 76010 182324 72907 55643 72899 72910 55656 76013 191886 55644 55659 76016 
15 : 144636 182368 182366 182370 13983 144642 144637 144643 13981 182464 217078 13992 182466 13984 13993 
15 : 133074 139340 103581 86580 75501 133073 103578 86575 75498 103579 86576 75499 86568 75493 75488 
15 : 183294 87030 155546 183288 172217 87042 155558 237661 172236 87027 87036 87029 155553 155543 172226 
15 : 183466 91066 153912 183475 183477 91074 153921 224969 224972 91062 91082 91086 153928 153930 260760 
15 : 36331 171115 183789 183786 183793 36330 36343 36341 36350 171125 171122 171131 243391 250597 243401 
15 : 98287 183800 183810 3918 90331 98294 98300 3906 90324 252205 3924 90346 3933 90355 3905 
15 : 184214 184221 108619 184218 10365 192931 108620 192926 10367 108638 253059 10390 108632 10356 10383 
15 : 184312 27306 184307 115651 184313 27321 205585 115672 261001 27310 27302 27322 115653 205586 115675 
15 : 184762 184771 184763 184768 184772 194809 194799 194805 194810 203487 253624 262873 203481 203488 253625 
15 : 184813 184810 184806 184805 45432 262870 259009 252711 45458 259006 252706 45454 252704 45448 45445 
15 : 99700 12571 185363 185376 185369 12564 99701 99713 99709 12572 12588 12581 191241 191233 255342 
15 : 186071 186058 186056 181671 154303 212820 196983 181690 154321 196968 181678 154305 181674 154304 154302 
15 : 161178 104941 186230 186229 3326 104938 161191 161180 3324 104956 104948 3317 225968 3346 3331 
15 : 186236 111153 27851 3983 43978 111161 27853 3990 43985 27842 3974 43970 3968 27834 3970 
15 : 186327 135051 186326 186333 104486 135059 233457 237991 104499 135057 135065 104481 233467 104498 104508 
15 : 182262 186506 186507 186511 186503 182267 182270 182274 182266 228652 228654 219082 250123 219084 219087 
15 : 186561 186566 16708 121695 186560 199255 16711 121697 197634 16717 121710 197644 16699 16710 121696 
15 : 187005 187015 187018 187013 187017 195465 195468 195458 195467 259446 238294 259444 238297 260532 238296 
15 : 187158 128260 79576 11288 187161 128261 79577 11289 194969 79570 11281 128266 11275 79581 11294 
15 : 70304 187408 187405 107759 187409 70307 70306 70299 70308 214363 107766 234249 107763 214364 107767 
15 : 187410 187406 187412 186782 53952 221652 238403 186792 53965 221654 186786 53956 186797 53967 53951 
15 : 187729 187721 130865 186867 187720 213659 130880 186884 210357 130870 186872 210346 130864 130868 186870 
15 : 187761 187758 187754 185511 187753 254034 245556 185534 244122 245551 185529 244116 185523 244114 185522 
15 : 187983 157470 14104 34723 187979 157478 14117 34732 228641 14101 34719 157474 14095 14111 34726 
15 : 188407 188400 188399 188398 188405 224992 207840 203504 258048 207829 203495 224990 203491 207837 203501 
15 : 20123 50432 188892 32700 57974 20115 20124 20114 20116 50433 32683 50422 32701 57975 32684 
15 : 105972 164091 49176 145796 188901 105969 49170 105965 105975 49175 145792 164093 49173 49178 145801 
15 : 154283 189658 167984 189655 189650 154296 154281 154292 154284 168000 253948 192216 167997 167985 192211 
15 : 112909 189823 189825 189824 189826 112922 112925 112923 112926 254698 254696 254701 256917 259931 256920 
15 : 190540 190539 190537 145155 190536 258319 255847 145165 253408 255846 145164 253407 145163 253406 145162 
15 : 94074 190660 177777 64279 190659 94092 94073 64264 94091 177794 64297 257228 64277 177793 64296 
15 : 180747 161297 191266 191263 191258 161294 180759 180755 180749 161312 161308 161301 256249 220910 220907 
15 : 166844 191342 179743 111281 191344 166846 166843 111277 166848 179756 111294 258595 111279 179758 111297 
15 : 156046 191422 191423 187542 191421 156052 156055 156045 156050 244789 187554 232731 187561 232737 187549 
15 : 192641 179150 192635 192633 53085 179162 239710 199762 53099 179155 179152 53083 199756 53092 53088 
15 : 136278 192647 192650 125970 28695 136279 136282 125964 28684 199851 125973 28697 125982 28704 28682 
15 : 194825 194813 194824 54908 167640 195683 250994 54922 167654 195682 54909 167641 54921 167653 54905 
15 : 154924 194876 194884 194883 180502 154926 154939 154938 154922 195820 195818 180503 262397 180518 180516 
15 : 195333 195332 195336 113453 42383 254168 256888 113465 42391 254172 113464 42390 113472 42396 42367 
15 : 88900 195478 38201 195476 9570 88904 38189 88902 9555 38210 218580 9575 38205 9549 9571 
15 : 10148 122369 184670 195487 27160 10137 10144 10153 10133 122367 122373 27149 184681 27156 27162 
15 : 63244 40166 33840 28429 99758 40155 33827 28412 63236 33824 28409 40158 28408 33831 28416 
15 : 195923 195933 89049 195919 195932 238496 89054 210193 238494 89066 210209 262472 89051 89061 210205 
15 : 195955 195946 195956 195951 31525 211091 251305 235975 31540 211092 211087 31527 235976 31541 31532 
15 : 196060 171193 196054 30256 196052 171201 232585 30266 211580 171197 30250 171195 30260 211575 30257 
15 : 196381 57081 44717 196391 196382 57084 44723 233869 233862 44705 57097 57086 44735 44726 241492 
15 : 8351 196645 147433 56502 196651 8354 8345 8342 8359 147437 56505 212127 56499 147445 56512 
15 : 187954 53360 196704 61444 47929 53359 187959 61443 47928 53372 53345 47912 61455 47940 47913 
15 : 196767 196766 196764 196758 92575 255604 251285 221250 92592 251284 221249 92591 221247 92589 92579 
15 : 198201 3947 198197 188935 198195 3965 262896 188955 260671 3958 3945 3955 188950 260667 188948 
15 : 198209 198211 198202 149298 101390 236015 202181 149302 101400 202185 149305 101402 149299 101391 101383 
15 : 198268 198264 198263 198262 198271 238692 230285 224287 253205 230283 224282 238698 224278 230289 224289 
15 : 199031 199042 173201 199036 199041 213309 173208 213302 213308 173223 251583 261407 173218 173221 251582 
15 : 199137 13494 199140 199142 199139 13495 206093 206096 206091 13503 13506 13501 242078 230639 230643 
15 : 199489 66891 199488 183739 112015 66900 234390 183747 112026 66896 66888 66880 183744 112022 112010 
15 : 154908 6408 196494 199596 149895 6401 154906 154920 149885 6406 6423 6399 196515 149893 149915 
15 : 199801 101849 199806 199802 124605 101851 230116 230109 124611 101866 101856 101844 247317 124628 124615 
15 : 148780 199848 145423 199853 188084 148781 145418 148790 148778 145424 201430 188085 145432 145421 188091 
15 : 122115 200032 200039 98351 145574 122117 122128 98340 122113 217645 98353 145575 98367 145590 98344 
15 : 201073 114712 201078 201076 201075 114717 243381 243377 243376 114724 114719 114718 250746 249536 249530 
15 : 201113 165403 201115 201114 119366 165413 249979 249977 119379 165420 165416 119359 252943 119384 119381 
15 : 201409 201392 201406 201401 84549 204992 261592 249889 84578 204989 204986 84552 249885 84573 84565 
15 : 182188 103036 201496 129155 201498 103032 182193 129150 182194 103045 103029 103046 129165 250740 129166 
15 : 201699 139485 201696 201697 201698 139489 201899 206753 218858 139486 139487 139488 201897 201898 206750 
15 : 82835 201845 201852 201843 201847 82841 82845 82838 82844 247910 239751 247906 239757 253056 239753 
15 : 202343 25090 202342 133415 120286 25095 235799 133422 120295 25094 25082 25079 133421 120294 120272 
15 : 107272 202489 202485 174853 202496 107280 107275 107270 107286 214091 174861 244739 174855 214098 174868 
15 : 24767 145976 182093 156286 203371 24757 24765 24760 24773 145972 145968 145988 156282 182107 156301 
15 : 203518 203514 175300 135167 203519 234597 175314 135179 261419 175302 135174 234601 135164 175318 135184 
15 : 179487 49475 151014 43289 203678 49471 151008 43283 179498 49466 43267 49488 43276 151026 43303 
15 : 203753 131546 203758 203757 203744 131559 253842 253841 209528 131564 131563 131549 262427 209536 209535 
15 : 204432 204431 204429 48764 39962 238980 217532 48781 39974 217524 48772 39967 48767 39964 39940 
15 : 204513 204518 204510 204511 52329 226775 217506 221684 52333 217510 221687 52336 217505 52330 52331 
15 : 204517 204512 204514 204520 204509 222800 238562 241959 216431 222798 222803 216427 238565 216428 216434 
15 : 204761 50434 96596 204762 47062 50437 96601 236516 47063 50426 50438 47044 96602 47050 47064 
15 : 204909 204910 91100 204906 176974 263591 91116 237360 176989 91117 237361 176990 91106 91094 176979 
15 : 28311 17875 101150 133013 204964 17860 28305 28307 28322 17864 17866 17888 101142 101164 133027 
15 : 115186 205368 205370 205364 185681 115197 115200 115192 115184 259996 249844 185694 249847 185696 185691 
15 : 205616 39322 205619 9398 205621 39325 236909 9405 236912 39330 9388 39337 9414 249064 9421 
15 : 205693 35984 100768 136324 172218 35995 100780 136338 172233 35970 35973 35979 100760 100765 136319 
15 : 205955 205957 205964 205956 205963 227221 227229 227216 227228 243718 230295 243717 230305 262691 230304 
15 : 91521 206107 189687 55068 13376 91525 91516 55053 13361 189693 55075 13383 55065 13372 13356 
15 : 90551 121651 37965 142736 96894 90546 37949 90547 90545 37954 121644 96881 37957 37951 96884 
15 : 206971 206967 193880 206973 198972 237178 193886 246902 198979 193883 237179 198976 193890 193879 198983 
15 : 207047 207048 3473 24952 129676 259426 3491 24968 129692 3494 24972 129698 3456 3464 24940 
15 : 93410 207151 207152 207160 207154 93411 93412 93421 93416 210287 210303 210294 212738 212728 236136 
15 : 107231 184966 207309 207311 52086 107229 107234 107236 52070 184971 184978 52083 232529 52089 52095 
15 : 28036 78345 207404 207407 207411 28024 28041 28046 28048 78350 78352 78355 242227 242231 249687 
15 : 207917 207918 38805 116769 127424 218168 38808 116772 127426 38809 116775 127427 38790 38795 116759 
15 : 207948 97445 207953 207219 99975 97449 219903 207223 99979 97456 97444 97432 207232 99986 99974 
15 : 208141 208144 208151 208152 75400 214926 214933 214934 75401 250274 250275 75406 263624 75414 75415 
15 : 149484 208169 208180 83131 208177 149486 149496 83125 149491 219855 83134 219851 83156 258750 83151 
15 : 173536 178714 134713 208217 208225 173534 134709 173537 173542 134711 178715 178723 134714 134725 209573 
15 : 115133 165916 208427 46036 170642 115127 115139 46023 115128 165926 46028 165909 46050 170657 46029 
15 : 188670 208860 208855 208856 208857 188681 188677 188678 188680 253163 253550 258727 253156 253158 253547 
15 : 198780 161895 208916 208918 63196 161894 198781 198783 63194 161896 161899 63188 211558 63197 63203 
15 : 209463 208654 79252 209467 209468 208659 79260 243345 243350 79251 208663 208668 79262 79264 257694 
15 : 209600 168405 209608 209606 206976 168406 219391 219387 206978 168415 168412 168403 252485 206989 206984 
15 : 209839 103853 209844 43711 54911 103855 219462 43716 54914 103858 43698 54899 43721 54919 43695 
15 : 210004 209993 149052 209997 209992 227669 149067 242780 221169 149056 227660 221151 149059 149055 221153 
15 : 176626 203277 183297 44144 210457 176625 176624 44138 176631 183296 44143 203281 44140 183305 44150 
15 : 210903 87223 110221 210911 210907 87225 110222 216579 216575 87217 87236 87230 110232 110225 236891 
15 : 113401 210919 151016 111285 32142 113403 113394 111269 32130 151019 111287 32144 111276 32134 32128 
15 : 207726 212082 212076 148984 212083 207739 207731 148983 207741 245877 149002 263984 148992 245879 149003 
15 : 171263 212510 184383 212514 154746 171267 171261 171271 154737 184388 247694 154751 184396 154742 154759 
15 : 129778 210095 205030 116258 212770 129777 129776 116249 129783 205029 116257 210106 116256 205041 116273 
15 : 212891 130032 212884 16289 212885 130042 219343 16306 222198 130033 16280 130035 16293 219337 16294 
15 : 213326 58266 213311 55403 213322 58282 234111 55420 260977 58269 55383 58276 55408 234109 55416 
15 : 70205 213337 128176 213332 29346 70216 70191 70208 29320 128186 228520 29359 128179 29330 29348 
15 : 144073 128587 86257 213745 191696 128578 86250 144079 144070 86245 128598 128585 86270 86253 191713 
15 : 213958 213963 213968 213959 10371 218981 218988 218976 10372 247913 227625 10381 227631 10391 10374 
15 : 213976 213973 213969 126510 213977 240103 217234 126520 258524 217229 126517 240105 126511 217238 126521 
15 : 214072 71668 214069 1096 214071 71674 241933 1104 250829 71669 1076 71672 1101 241931 1103 
15 : 214162 214170 46911 214169 214171 229376 46912 229374 229377 46919 249842 259198 46918 46921 249845 
15 : 214243 163960 214248 214239 214244 163968 247994 229385 247990 163974 163963 163969 229390 248534 229386 
15 : 214296 36792 214295 157202 214288 36805 263411 157212 218258 36804 36789 36793 157211 218256 157203 
15 : 196392 214345 214351 214347 127658 196393 196399 196395 127656 226921 226915 127662 237776 127679 127666 
15 : 214635 187544 214631 214629 175127 187558 236233 228805 175139 187551 187548 175123 228800 175135 175132 
15 : 214659 214656 197369 26337 214648 260988 197382 26362 218757 197380 26358 218753 26333 197371 26340 
15 : 207051 155935 214941 214945 214937 155934 207057 207060 207053 155943 155946 155937 263901 230288 230291 
15 : 157044 188856 104773 128918 194817 157036 104766 128910 157040 104769 128913 188852 104764 104770 128914 
15 : 216043 216046 106276 216042 5599 258271 106284 255359 5616 106287 255365 5622 106283 5585 5615 
15 : 136674 216233 2333 21734 216232 136686 2323 21724 136685 2348 21748 258303 2317 2346 21746 
15 : 112050 117075 204307 32143 55542 112044 112048 32129 55526 117073 32132 55529 32140 55538 32126 
15 : 216541 129576 216539 216543 3647 129589 243592 260733 3663 129584 129592 3638 243597 3653 3665 
15 : 216660 216656 216655 216662 59645 245623 242195 261405 59661 242191 245627 59654 242199 59653 59664 
15 : 1322 216732 110894 216730 216729 1329 1314 1326 1325 110904 252445 250125 110900 110899 250121 
15 : 217542 198765 167053 15828 217546 198767 167057 15832 231000 167050 15825 198775 15819 167062 15839 
15 : 218014 218016 10270 151478 211938 254502 10280 151486 211946 10281 151489 211949 10258 10267 151475 
15 : 89535 90888 200222 20218 218078 89522 89533 20204 89548 90885 20206 90901 20216 200228 20230 
15 : 218143 169214 218142 218141 218138 169227 260253 255856 247965 169225 169223 169220 255855 247963 247959 
15 : 218280 95606 218285 22505 190689 95609 226444 22507 190692 95615 22489 95601 22517 190702 22497 
15 : 174686 39206 218291 218304 203639 39202 174688 174697 174683 39209 39227 39203 226347 203643 203657 
15 : 34960 218615 105218 207727 88806 34967 34952 34959 34951 105228 207735 88821 105217 88793 88802 
15 : 81547 218963 218965 218960 63858 81554 81558 81551 63837 258850 245739 63868 245741 63873 63863 
15 : 27479 219114 219115 116876 11158 27484 27489 27463 11129 252939 116885 11164 116894 11171 11138 
15 : 219140 219131 41761 219137 219142 242895 41779 256895 263924 41766 242888 242896 41774 41782 256897 
15 : 219166 219161 197936 219165 219164 222348 197952 260448 258581 197939 222347 222346 197950 197948 258579 
15 : 109598 219245 219240 68902 88003 109604 109602 68890 87991 235775 68913 88015 68906 88011 68887 
15 : 203746 219378 219372 169504 8077 203759 203751 169501 8072 249072 169520 8098 169508 8086 8071 
15 : 96518 219444 4108 219448 219447 96519 4095 96523 96521 4109 226643 226640 4115 4113 235773 
15 : 16985 212109 219813 62775 105125 16984 16991 16973 16976 212114 62773 105123 62780 105132 62766 
15 : 163939 196660 220146 220137 220140 163937 163951 163942 163947 196675 196662 196667 229157 253510 229152 
15 : 3233 211540 220328 33587 220327 3232 3243 3222 3238 211552 33585 211543 33598 243042 33590 
15 : 107831 192593 220392 220394 220395 107828 107837 107838 107841 192599 192604 192606 252741 252742 260859 
15 : 183633 8157 145261 220540 170369 8153 145255 183648 170364 8147 8172 8150 145278 145253 170381 
15 : 105795 220837 144001 58398 92852 105804 105792 58382 92835 144012 58411 92866 58390 92842 58378 
15 : 221514 221513 188067 221511 137434 262181 188080 246644 137452 188078 246642 137450 188071 137425 137439 
15 : 188696 88972 95260 105248 75511 88965 95252 105242 75502 88955 88958 75489 95246 75491 75494 
15 : 6223 221639 101518 221644 221643 6227 6207 6231 6230 101523 249492 249490 101527 101526 256372 
15 : 10271 199602 221661 221668 64370 10264 10275 10283 10253 199604 199614 64366 226129 64371 64382 
15 : 151075 221792 28832 208746 153247 151078 28822 151074 151069 28838 208752 153252 28829 28823 153243 
15 : 222066 222065 218705 222069 9402 245289 218711 245937 9409 218710 245293 9408 218720 9399 9425 
15 : 222157 106257 58075 134515 222154 106261 58080 134522 250997 58056 106246 106260 58059 58078 134521 
15 : 10332 222805 221682 98224 222807 10338 10331 10325 10343 221692 98234 260468 98223 221696 98241 
15 : 217549 66343 194052 40254 153248 66342 194051 40252 153246 66338 40232 66336 40244 153240 40241 
15 : 223142 223140 121087 133773 223150 238594 121093 133780 246440 121091 133775 238600 121076 121103 133789 
15 : 100998 223635 223631 47099 7491 101004 101000 47085 7476 247346 47110 7504 47101 7495 7471 
15 : 223884 223885 31206 63052 98382 227887 31209 63053 98384 31211 63054 98387 31194 31196 63045 
15 : 59753 223930 223936 22365 90622 59758 59762 22342 59742 253212 22371 90633 22375 90640 22346 
15 : 146163 224039 224035 224037 156385 146171 146165 146167 146153 237764 252994 156400 237759 156389 156394 
15 : 122224 11090 224148 191701 224149 11075 122226 122220 122227 11096 11083 11098 191707 245260 191709 
15 : 224363 224360 224364 224357 224366 252621 262145 224853 262147 252623 224851 252624 224855 263094 224857 
15 : 22651 224420 157963 224422 224421 22656 22643 22658 22657 157970 251777 251775 157972 157971 257766 
15 : 224419 217095 221082 185805 197387 217099 221089 185812 197393 217094 185802 197383 185804 197385 185801 
15 : 144114 224781 224778 114520 224777 144129 144125 114513 144124 261342 114537 259790 114533 259788 114531 
15 : 179730 219763 203880 224909 51790 179729 179722 179738 51782 203879 219771 51789 203890 51784 51801 
15 : 225108 78843 165568 218114 210189 78850 165581 218128 210203 78834 78840 78837 165566 165565 210187 
15 : 225173 225167 54081 225176 225172 230941 54092 252784 250606 54085 230943 230938 54095 54090 250609 
15 : 123728 197164 225799 183830 105605 123724 123738 123722 105590 197170 183828 105603 183842 105616 105601 
15 : 225917 225921 170513 31764 225923 229229 170514 31765 229232 170519 31776 260417 31758 170522 31779 
15 : 134808 125295 225932 225926 90763 125283 134818 134814 90752 125306 125298 90751 239515 90781 90770 
15 : 116742 183996 226494 23266 226496 116732 116749 23252 116753 184004 23260 184007 23273 248327 23276 
15 : 222305 134928 226539 205749 226542 134927 222308 205747 222310 134932 134924 134936 205754 235666 205759 
15 : 226589 226590 226591 114477 162810 243355 243358 114482 162817 247544 114483 162818 114485 162821 114466 
15 : 189170 88361 29618 226634 226635 88359 29611 189173 189174 29605 88367 88368 29623 29624 249571 
15 : 48278 227051 185581 147366 152193 48287 48276 48274 48275 185592 147374 152205 147361 152187 147357 
15 : 190104 61413 227081 227080 227076 61411 190116 190113 190108 61426 61424 61416 263079 243993 243990 
15 : 227082 227084 95731 138107 62388 229495 95732 138108 62389 95738 138111 62393 95722 62376 62381 
15 : 227139 194229 227144 5559 161922 194232 238756 5562 161924 194239 5553 161917 5577 161934 5547 
15 : 196457 211325 81610 227215 227210 196452 81598 196464 196459 81601 211340 211327 81621 81611 228945 
15 : 82454 208037 169975 227360 46946 82452 82450 82463 46926 169972 208049 46943 169983 46936 46955 
15 : 156339 100326 31494 227361 226243 100319 31486 156342 156338 31481 100328 100325 31495 31493 226246 
15 : 75451 227896 39896 20989 165215 75453 39885 20975 75448 39902 20992 165217 20971 39890 20983 
15 : 227955 227957 172045 124861 196971 243821 172049 124864 196974 172051 124869 196980 124848 172038 124854 
15 : 157385 180220 222278 15831 186948 157374 157384 15817 157375 180219 15822 180209 15830 186946 15823 
15 : 228848 198865 228847 171665 149902 198875 259677 171674 149913 198872 171659 149894 171671 149910 149889 
15 : 52192 221733 229025 203330 72543 52191 52205 52189 52182 221748 203326 72541 203348 72561 72540 
15 : 217494 229050 183677 169996 229059 217495 183672 169990 217504 183678 169999 236675 169987 183684 170008 
15 : 229404 124585 229412 126183 130407 124587 240750 126186 130410 124596 124570 124571 126197 130424 126167 
15 : 5430 76945 229987 146432 229988 5411 5435 5419 5436 76950 76935 76953 146440 249377 146442 
15 : 74466 57119 182595 108627 230112 57101 74457 74452 74470 57109 57105 57124 108617 182601 108631 
15 : 230142 107970 230138 230137 135280 107980 259777 245313 135300 107978 107974 107962 245308 135293 135287 
15 : 230704 225763 230710 230705 86290 225768 247660 247655 86295 225777 225772 86288 258702 86306 86302 
15 : 83545 200323 211893 230919 136529 83540 83541 83547 83536 200322 200330 136524 211900 136526 136536 
15 : 22624 208928 45380 169717 201162 22622 22609 22620 22621 45378 169712 201158 45372 45375 169709 
15 : 228965 231202 67747 213603 213789 228975 67745 213602 213787 67755 213606 213796 67742 67743 213598 
15 : 204092 209879 231274 209758 174130 204088 204095 204087 174123 209882 209753 174126 209762 174135 174125 
15 : 168388 230624 109629 137402 5604 168387 109619 137394 5592 109628 137400 5603 109615 5586 5589 
15 : 231469 54631 231473 165920 231470 54638 256399 165929 256396 54644 54618 54640 165935 261032 165932 
15 : 130824 231438 208124 189370 231654 130823 130821 130819 130830 208123 189369 231443 189363 208128 189375 
15 : 217650 204483 205229 231816 59650 204478 205226 217651 59646 204477 204484 59642 205230 59644 59652 
15 : 133370 233080 14734 233081 126184 133375 14719 133378 126169 14741 254407 126192 14744 14717 126195 
15 : 156323 233428 226132 219597 83142 156328 156322 156320 83127 226140 219600 83153 219596 83137 83133 
15 : 233633 233632 233631 216258 150119 248470 246680 216269 150128 246677 216266 150126 216265 150125 150113 
15 : 233713 233712 77988 207902 233710 247102 77996 207908 238433 77995 207907 238431 77984 77991 207905 
15 : 233883 204180 75021 22294 224402 204187 75030 22303 224413 75017 22289 204178 22275 75019 22293 
15 : 66167 140543 233971 162369 233970 66157 66175 66158 66173 140548 140537 140547 162377 262415 162375 
15 : 191610 234248 234240 234247 179638 191621 191616 191619 179632 247804 262713 179652 247801 179644 179651 
15 : 130844 234407 127114 234408 201026 130845 127100 130846 130838 127115 235928 201027 127116 127110 201028 
15 : 135655 234529 234539 45728 20373 135657 135670 45717 20359 244587 45733 20376 45745 20393 20349 
15 : 109275 52626 234572 214825 127664 52611 109278 109266 109255 52628 52622 52613 214826 127671 127659 
15 : 234764 229535 203156 108145 139630 229539 203159 108148 139636 203155 108143 139629 108139 139626 108128 
15 : 127591 168292 234788 230404 227554 127584 127598 127589 127588 168301 168291 168290 230413 227564 227553 
15 : 64633 234918 41930 234920 46747 64637 41914 64640 46729 41935 255901 46755 41938 41912 46761 
15 : 200600 235072 235074 124142 91413 200602 200605 124138 91409 249455 124147 91418 124154 91424 91401 
15 : 235193 76376 235192 28122 235188 76385 257972 28135 236644 76384 28105 76378 28133 236643 28123 
15 : 91599 80397 235314 4285 130409 80387 91602 4269 91590 80402 4267 80390 4293 130416 4271 
15 : 133371 206905 235315 235316 29797 133366 133376 133380 29782 206914 206919 29789 256907 29806 29811 
15 : 132799 11255 137628 62360 235531 11243 132787 62345 132808 11245 11237 11266 62346 137639 62369 
15 : 233646 235582 235584 235583 235580 233652 233655 233653 233651 260039 260038 256353 260407 256356 256355 
15 : 235892 116746 54227 218001 116601 116758 54240 218013 116613 54213 116737 116584 54222 54212 116593 
15 : 213354 235916 212039 235911 84387 213366 212037 213360 84383 212055 261774 84399 212051 84382 84393 
15 : 157765 231855 236203 116118 2981 157764 157766 116103 2969 231856 116117 2980 116119 2982 2962 
15 : 60688 211526 216491 186127 236358 60683 60684 60680 60692 211520 186118 211531 186120 216498 186130 
15 : 194699 236465 71881 149420 35087 194704 71874 149410 35077 71888 149427 35094 71872 35062 35071 
15 : 213161 107884 109000 200937 40886 107881 108994 200934 40881 107867 107878 40864 108992 40866 40879 
15 : 215505 236554 195160 236558 172434 215506 195155 215511 172428 195163 238226 172436 195170 172426 172445 
15 : 120953 44119 218644 18705 236877 44102 120951 18685 120959 44116 18678 44123 18700 218651 18712 
15 : 231262 236927 144937 236924 158855 231271 144934 231265 158852 144945 250138 158864 144939 144925 158858 
15 : 237567 237564 229456 237563 199199 255438 229466 247447 199211 229464 247445 199206 229461 199197 199202 
15 : 183888 237626 179291 21738 21598 183890 179283 21730 21590 179295 21740 21601 21728 21588 21573 
15 : 237911 173075 51098 237907 231021 173089 51110 256820 231034 51086 173083 173070 51103 51095 231027 
15 : 55663 237919 55111 216772 212008 55670 55088 55662 55660 55120 216782 212016 55106 55105 212002 
15 : 237950 237953 150797 224694 30062 253252 150805 224698 30065 150808 224702 30069 150794 30044 30057 
15 : 218633 104422 2641 209031 124497 104420 2636 209022 124490 2624 104417 104406 2634 2626 124487 
15 : 238206 46573 198499 95504 238203 46589 198510 95515 257486 46568 46560 46581 95496 198505 95511 
15 : 51701 203557 68320 66541 203463 51699 51692 51691 51698 68314 66533 203457 66519 68313 66532 
15 : 156263 60413 238819 238815 210212 60403 156274 156266 156261 60422 60415 60410 243987 210221 210214 
15 : 238844 238843 216330 238842 238846 252874 216338 245702 257437 216337 245700 252876 216332 216340 245703 
15 : 189015 239037 239040 206181 173961 189017 189021 189009 173946 257371 206183 173964 206191 173972 173950 
15 : 201803 85944 239107 20339 79430 85938 201809 20335 79424 85955 20319 79411 20347 79442 20318 
15 : 111738 239144 239147 239143 144253 111747 111750 111741 111727 260753 245353 144257 245356 144261 144254 
15 : 57021 222810 134656 63719 57274 57019 57013 57005 57003 134651 63713 57272 63705 57259 57248 
15 : 239230 87863 92002 239231 239236 87864 92003 240094 240098 87849 87865 87871 92004 92009 240711 
15 : 97678 104128 202147 102859 214310 97668 97676 97667 97677 104122 102843 104124 102852 202140 102853 
15 : 239431 239733 192349 201101 239732 239438 192348 201100 239437 192357 201106 260048 192338 192356 201105 
15 : 129559 199271 239824 182388 212206 129554 129567 129553 129555 199277 182382 199265 182393 212213 182384 
15 : 40824 239880 184556 239883 166595 40830 40818 40833 40817 184566 258835 166605 184569 166587 166610 
15 : 214442 239903 239901 20299 118798 214446 214443 20294 118793 243487 20305 118804 20301 118801 20281 
15 : 18366 127120 232465 26470 109761 18348 18359 18340 18345 127113 26453 109739 26464 109754 26450 
15 : 48329 240314 190757 230270 25434 48330 48322 48327 25417 190760 230272 25437 190754 25425 25431 
15 : 196578 81335 192350 240487 60756 81327 192337 196579 60749 81326 81336 60732 192352 60748 60758 
15 : 241150 70855 241158 129916 152716 70856 242627 129917 152717 70864 70838 70839 129930 152726 129905 
15 : 241249 212138 158749 131763 241247 212142 158752 131767 246579 158743 131758 212140 131746 158750 131765 
15 : 1471 150916 241390 100623 152928 1462 1472 1459 1464 150919 100615 150912 100625 152931 100616 
15 : 5023 232085 241392 72944 43131 5021 5028 5013 5012 232091 72943 43128 72950 43137 43112 
15 : 241809 241813 241815 48396 217580 253785 253786 48398 217583 262025 48403 217587 48405 217590 48387 
15 : 175668 241829 95071 103491 134842 175674 95057 103481 134828 95075 103496 134849 95050 95053 103473 
15 : 241857 241856 228133 231676 241859 252023 228136 231681 255876 228135 231679 252025 228132 228141 231689 
15 : 241927 196775 241928 241922 170818 196785 264087 255186 170830 196786 196779 170809 255188 170831 170822 
15 : 165140 183730 219348 232024 133884 165135 165136 165138 133870 183727 183728 133874 219345 133879 133883 
15 : 212323 176419 218459 1259 242057 176412 212317 1253 212328 176413 1249 176424 1254 218462 1265 
15 : 242090 205017 157580 242089 112603 205024 157589 263013 112613 157573 205022 112598 157587 112589 112612 
15 : 156132 242160 242155 37003 94996 156139 156133 36993 94982 243920 37019 95008 37004 94998 36985 
15 : 229143 191613 121334 242157 242156 191609 121331 229145 229144 121327 191618 191617 121341 121340 253324 
15 : 242354 242349 234477 242352 238710 257848 234484 259647 238722 234481 257845 238715 234482 234476 238717 
15 : 27739 242425 242427 242428 22942 27740 27742 27745 22913 250024 250029 22944 253345 22947 22954 
15 : 165432 219659 242475 128641 5433 165426 165438 128627 5423 219665 128633 5428 128649 5443 5418 
15 : 134186 195801 186433 55930 242676 134182 134180 55917 134192 186428 55927 195807 55924 186438 55937 
15 : 126879 242744 242743 102275 92862 126888 126886 102257 92836 264029 102288 92876 102287 92874 92834 
15 : 242802 242803 203012 4323 25129 263932 203020 4330 25140 203021 4331 25141 4316 25121 4297 
15 : 215844 242874 242873 216196 242878 215846 215845 215841 215851 243908 216198 245347 216197 243918 216202 
15 : 19975 149185 175465 242948 236990 19961 19963 19977 19973 149177 149187 149183 175468 175463 236993 
15 : 20745 125438 204942 242713 41767 20735 20741 20744 20731 125433 125436 41755 204941 41760 41765 
15 : 214368 131441 18065 243190 243189 131434 18057 214372 214371 18045 131445 131444 18070 18069 260578 
15 : 240357 224246 149267 243458 180719 224245 149266 240360 180718 149264 224247 180713 149269 149255 180724 
15 : 137610 45827 202283 243647 235707 45817 137603 137614 137609 45819 45832 45823 202286 202280 235714 
15 : 153830 243705 243706 228568 243707 153831 153833 153828 153834 244641 228569 244642 228572 254093 228573 
15 : 143181 243817 134762 50379 153732 143185 134753 50367 143176 134766 50385 153738 50364 134754 50369 
15 : 178384 244056 57545 244057 244054 178391 57535 178392 178390 57554 260019 259560 57555 57552 259561 
15 : 244390 64432 110112 221314 110004 64440 110115 221316 110009 64421 64428 64420 110109 109985 109999 
15 : 207937 244450 242932 213026 77358 207940 207936 207932 77346 242933 213029 77361 213024 77357 77347 
15 : 120019 244519 51241 227572 213470 120021 51222 120017 120012 51242 227575 213472 51233 51229 213465 
15 : 244524 223779 226997 65547 100381 223783 227004 65554 100392 223775 65543 100375 65544 100376 65529 
15 : 50153 210685 212374 208660 186221 50151 50152 50150 50148 210683 208655 186213 208656 186214 186212 
15 : 244716 192369 244717 38812 233413 192374 261182 38819 233420 192376 38800 192367 38821 233421 38811 
15 : 5341 57121 244722 244729 142651 5326 5342 5351 5331 57122 57130 57108 247320 142652 142662 
15 : 100058 157671 244881 244883 236367 100050 100063 100066 100057 157672 157678 157669 255973 236370 236377 
15 : 221075 128642 60864 4930 146439 128634 60854 4924 146429 60844 4913 128625 4905 60846 4914 
15 : 18330 234564 235566 245106 243828 18325 18326 18333 18329 234560 234567 234563 235569 235564 243833 
15 : 245193 235268 245197 245199 140807 235270 247014 247018 140810 235276 235281 140802 261331 140814 140820 
15 : 75121 245401 129717 82611 245403 75123 75110 75103 75127 129720 82614 255062 82599 129724 82619 
15 : 28043 143245 245457 245449 245451 28030 28049 28044 28047 143252 143246 143250 246082 258138 246076 
15 : 172885 149465 246257 246260 246255 149457 172890 172891 172887 149470 149471 149466 256904 252513 252516 
15 : 217359 246292 220282 225519 38063 217362 217352 217354 38050 220289 225524 38070 220278 38051 38053 
15 : 226667 246294 209507 245236 185236 226672 209500 226666 185230 209513 245240 185242 209505 185225 185234 
15 : 186679 218163 180174 185309 246303 186671 180165 185293 186683 180168 185299 218167 180164 180181 185315 
15 : 103312 86814 30338 243078 69578 86804 30328 103311 69559 30326 86813 69555 30337 30325 69577 
15 : 245564 188320 246658 212129 20480 188319 245565 212128 20479 188321 188312 20466 212130 20481 20469 
15 : 203697 246699 246696 246697 246692 203706 203703 203705 203699 261508 262734 252144 261507 252140 252143 
15 : 93157 222829 246705 13181 48080 93152 93164 13165 48055 222836 13178 48074 13190 48088 13160 
15 : 122704 81427 236983 231063 242111 81415 122701 122699 122703 81425 81422 81426 231060 236982 231062 
15 : 22756 246784 246781 155988 51382 22766 22761 22745 22740 253798 156001 51388 155995 51385 51371 
15 : 94393 2496 224801 240800 61167 2485 94388 94390 61142 2492 2493 2483 224798 61158 61164 
15 : 160567 247040 201660 247041 233563 160574 160560 160579 160563 201663 260785 233568 201667 201656 233573 
15 : 247305 50898 247304 247309 130067 50902 254965 260172 130074 50899 50905 50879 254969 130071 130078 
15 : 247372 187391 122407 98129 65243 187403 122414 98136 65250 122394 98112 65228 98110 65221 65217 
15 : 247480 33087 133644 160068 247483 33094 133650 160075 261299 33074 33076 33098 133628 133653 160077 
15 : 205079 62626 247611 167284 247616 62622 205080 167272 205082 62627 62613 62630 167285 254281 167287 
15 : 95182 37972 167446 137315 247692 37950 95167 95166 95186 37961 37956 37976 137304 167448 137320 
15 : 25946 185050 195520 134104 28577 25940 25941 25936 25932 185043 134093 28562 134094 28564 28556 
15 : 140440 247768 185167 67750 247767 140446 140432 67735 140445 185174 67757 256702 67740 185173 67756 
15 : 92259 74277 211629 205252 112157 74258 92255 92254 92246 74271 74270 74260 205244 112150 112147 
15 : 226325 248058 13653 128157 166813 226331 13647 128152 166807 13662 128162 166819 13640 13642 128144 
15 : 248287 246949 248290 11004 20304 246953 257318 11008 20307 246957 11003 20303 11012 20312 10978 
15 : 247008 183400 248398 248400 198819 183398 247017 247020 198817 183406 183408 183390 264040 198829 198830 
15 : 66225 244857 114008 248559 248560 66224 66212 66234 66235 114007 244863 244864 114011 114012 263831 
15 : 154955 191962 99373 226020 185526 154945 99357 154948 154942 99362 191958 185513 99365 99361 185517 
15 : 248832 26760 84938 176230 230446 26767 84942 176240 230458 26745 26750 26755 84930 84933 176226 
15 : 170352 248970 248961 51534 128714 170361 170354 51521 128702 253757 51543 128726 51537 128717 51512 
15 : 233007 216053 249125 249124 207967 216050 233012 233010 207959 216060 216056 207956 260366 207974 207971 
15 : 79669 249321 157923 222137 249326 79672 79662 79663 79677 157924 222140 254583 157917 157930 222148 
15 : 197602 249661 61874 228355 249662 197605 61860 197599 197606 61879 228357 258393 61865 61880 228358 
15 : 85808 224297 140490 249933 40579 85804 85792 85809 40551 140486 224298 40573 140491 40558 40580 
15 : 120326 226455 172700 63033 222267 120323 120318 63017 120322 172698 63031 222263 63021 172697 63029 
15 : 24658 144565 118654 224802 250114 24638 24635 24647 24660 118635 144558 144566 118648 118657 224806 
15 : 245182 208040 186374 250546 146327 208039 186373 245186 146325 186371 208043 146320 186377 146316 146332 
15 : 101108 228501 241129 250940 231568 101105 101107 101110 101106 228499 228502 228497 241131 231567 231570 
15 : 116383 177037 148889 118198 65010 116370 116369 116367 64994 148876 118187 65000 118185 64999 64995 
15 : 251036 111137 251095 231011 251094 111136 251040 231010 251037 111141 111130 111138 231016 253653 231012 
15 : 251125 251124 184116 223161 4965 256830 184120 223165 4969 184117 223162 4967 184106 4950 4956 
15 : 24742 132802 227533 215023 251265 24731 24740 24738 24747 132796 132794 132810 215013 227539 215030 
15 : 16206 46578 106532 251301 251304 16185 16188 16207 16210 46562 46584 46591 106537 106544 259298 
15 : 251363 146847 196777 154001 169328 146856 196787 154010 169339 146838 146833 146835 153992 169313 153988 
15 : 154570 251364 139309 113337 241785 154572 139293 113320 154569 139316 113341 241791 113317 139305 113333 
15 : 160274 101832 172418 251407 112028 101819 160257 160279 112007 101822 101839 101815 172422 112009 112032 
15 : 191284 248491 251489 237396 225541 191283 191286 191278 191276 248496 237395 225540 237400 225547 225534 
15 : 132683 251800 251796 239641 251799 132690 132684 132677 132689 253284 239649 261796 239642 253282 239645 
15 : 38748 9508 202591 233743 236638 9487 38741 38745 38747 9498 9501 9503 202582 202585 233740 
15 : 251838 214183 245653 250996 115928 214182 245652 250995 115927 214177 214180 115913 245650 115921 115925 
15 : 86898 162121 122963 118199 132373 86887 86882 86881 86884 122952 118186 132359 118180 122950 118183 
15 : 13807 252668 124469 205904 118805 13817 13793 13801 13792 124478 205911 118814 124461 118785 118792 
15 : 133312 245157 23994 31994 143366 133309 23974 31972 133303 23993 31990 143362 23970 23979 31977 
15 : 229644 185170 142105 177812 213793 185165 142098 177806 213788 142089 177797 185161 142086 142093 177800 
15 : 228835 184433 253479 253475 253476 184425 228841 228836 228839 184441 184434 184438 255149 264015 255147 
15 : 232710 135041 207199 208465 109279 135038 207191 208459 109274 135033 135034 109258 207185 109264 109265 
15 : 171982 6734 249965 253542 248418 6720 171980 171987 171979 6733 6738 6732 249968 248414 248426 
15 : 253584 253576 219911 164170 48243 254103 219920 164179 48253 219913 164171 48244 164163 48233 48224 
15 : 108979 197446 232677 118780 119382 108969 108975 108957 108958 197442 118764 119365 118775 119373 118756 
15 : 150170 244890 154235 109888 234900 150168 150156 109867 150166 154230 109886 234895 109869 154227 109884 
15 : 148332 86017 241465 253808 219070 86001 148330 148337 148329 86011 86022 86008 241472 219064 219078 
15 : 91874 48047 122824 189697 219968 48033 91861 91866 91869 48035 48040 48044 122810 122817 189691 
15 : 253661 253925 253923 182637 69146 253666 253662 182636 69145 254673 182642 69150 182639 69148 69128 
15 : 43071 242483 181841 198176 239219 43069 43053 43055 43066 181838 198174 239215 181828 181835 198171 
15 : 69610 156934 105785 254156 254155 69604 69599 69614 69611 105775 156938 156937 105788 105786 259423 
15 : 71785 197701 254355 163097 229777 71778 71786 71776 71780 197702 163084 197694 163098 229778 163089 
15 : 123257 185087 9581 11752 80749 123244 9563 11730 80725 9568 11739 80736 9548 9553 11724 
15 : 79197 208772 243899 239601 186104 79189 79193 79192 79186 208767 208765 186086 239593 186096 186094 
15 : 44540 48466 113634 148273 222669 44524 44528 44530 44536 48457 48459 48463 113626 113630 148268 
15 : 255034 187310 206689 238873 210136 187314 206694 238877 210142 187299 187306 187301 206680 206674 210127 
15 : 54581 255205 223052 255203 231129 54583 54575 54582 54579 223059 256644 231133 223053 223047 231130 
15 : 215460 140155 208346 41632 98897 140148 208339 41620 98885 140147 41611 98880 41619 98884 41610 
15 : 125599 215960 255373 113664 220317 125594 125604 113644 125595 215964 113655 215955 113670 220320 113656 
15 : 3727 255507 186843 206001 177260 3730 3717 3719 3715 186846 206004 177266 186832 177242 177247 
15 : 197685 255511 167470 239861 237043 197688 167456 197682 197681 167474 239867 237049 167464 167463 237035 
15 : 175490 255611 235362 207677 249721 175492 175481 175477 175487 235367 207679 249727 207669 235360 207675 
15 : 252268 156269 255701 25038 255698 156268 252273 25037 252271 156277 25020 156275 25045 263055 25042 
15 : 229351 238653 255787 61584 51349 229348 229353 61575 51342 238659 61577 51346 61589 51353 51325 
15 : 255931 206946 165693 255930 245908 206948 165698 260389 245911 165683 206947 206944 165697 165691 245910 
15 : 211095 31863 147164 225660 256006 31851 147150 211086 211098 31844 31855 31865 147153 147168 225663 
15 : 239092 41479 256218 544 256215 41475 239097 539 239093 41488 521 41481 551 260047 546 
15 : 144650 256360 207423 123539 198824 144653 144641 123516 144639 207427 123543 198828 123526 198808 123523 
15 : 193718 153926 153041 204049 621 153914 153027 193711 599 153021 153916 595 153029 594 603 
15 : 14897 213912 202379 251176 255615 14885 14882 14891 14895 202366 213907 213911 202374 202378 251175 
15 : 182749 256686 84705 117508 255616 182750 84695 117495 182748 84706 117509 255617 84686 84704 117507 
15 : 256721 78758 157316 250608 196271 78764 157322 250617 196278 78744 78755 78748 157314 157298 196266 
15 : 256875 228718 159484 223285 190037 228721 159486 223287 190039 159476 223278 190027 159474 159467 190026 
15 : 20593 108576 207301 36374 139731 20578 20585 20576 20580 108564 36353 108555 36365 139718 36358 
15 : 113384 80538 255992 74699 16452 80523 113383 74681 16434 80537 74680 16431 74698 16451 16427 
15 : 172140 257150 17953 244380 251876 172143 17937 172137 172139 17958 244385 251881 17951 17952 244378 
15 : 157746 77617 24454 60348 236131 77599 24438 60331 157742 24429 60322 77610 24428 24448 60338 
15 : 160873 226825 233024 117728 246454 160866 160867 117710 160870 226820 117718 226822 117719 233021 117725 
15 : 34765 86559 201031 26474 226738 34744 34754 26444 34759 86547 26448 86550 26458 201023 26463 
15 : 168630 43854 58523 138910 227007 43840 58508 138892 168627 43832 43838 43848 58504 58514 138900 
15 : 69713 153080 80185 197158 257580 69701 69695 69704 69714 80174 153070 153081 80179 80186 197159 
15 : 156233 232029 200088 257653 257655 156229 156225 156234 156236 200083 232030 232033 200090 200093 262323 
15 : 257934 92197 158646 257937 158755 92201 158649 263576 158759 92179 92204 92180 158651 158623 158762 
15 : 239975 258040 251404 43523 183752 239976 239974 43518 183746 251405 43524 183753 43522 183749 43508 
15 : 239937 257806 257504 98231 52341 239936 239935 98228 52335 257502 98230 52340 98229 52339 52317 
15 : 67463 176477 30067 178734 216002 67448 30036 67449 67454 30049 176467 176470 30051 30056 178727 
15 : 230878 9196 253711 221479 169913 9187 230876 221472 169899 9195 9181 9178 221478 169909 169895 
15 : 229801 10603 215542 185069 189040 10599 215536 185064 189034 10598 10593 10594 185062 189031 185058 
15 : 97017 257622 240804 153127 224737 97016 97009 96994 97006 240803 153125 224735 153122 224728 153118 
15 : 258403 167172 174034 194439 165791 167176 174038 194448 165795 167159 167162 165769 174022 165770 165774 
15 : 227740 198243 245168 185345 80244 198232 227735 185336 80231 198236 185333 80226 185341 80236 80223 
15 : 244137 213827 94614 19023 15057 213821 94610 19018 15048 94606 19012 15044 18999 15034 15023 
15 : 253485 258122 112281 216961 259053 253484 112277 216957 253486 112280 216960 258124 112266 112283 216963 
15 : 258985 208115 72919 86700 194422 208114 72918 86699 194421 72909 86686 194410 72900 72908 86685 
15 : 33514 64015 216216 197490 253622 33491 33502 33500 33512 64003 64001 64010 197479 216212 197487 
15 : 259257 238568 83782 142211 233366 238570 83784 142213 233368 83774 142202 233357 83760 83773 142201 
15 : 253092 257153 87715 259338 255088 253091 87711 253096 253090 87714 257157 255086 87717 87712 255094 
15 : 80423 259341 240991 218337 227296 80426 80417 80414 80415 240993 218339 227297 218327 227288 218325 
15 : 249292 222176 73635 84826 259340 222171 73633 84822 249293 73626 84816 222177 73609 73636 84827 
15 : 140986 237538 116865 120076 180540 140978 116843 120050 140975 116855 120067 180529 116841 116848 120056 
15 : 15774 63775 225333 259406 181314 15752 15767 15776 15760 63768 63777 63763 225335 181306 181320 
15 : 225334 243254 84536 73515 183147 225328 84529 73506 183137 84532 73511 183140 73489 84521 73499 
15 : 153533 114922 216280 200734 259527 114905 153526 153522 153538 114912 114908 114927 200728 216285 200741 
15 : 52908 258128 151239 152912 117241 52905 52889 52890 52886 151237 152911 117239 151218 117218 117220 
15 : 259728 48640 259727 247489 71036 48645 263027 247494 71041 48642 48637 48617 247492 71038 71031 
15 : 187874 231594 246625 259821 259820 187868 187871 187876 187875 231590 231596 231595 246627 246626 260174 
15 : 259842 186776 259844 258075 90507 186777 262891 258076 90509 186779 186774 90492 258079 90511 90505 
15 : 109731 211160 166241 250900 147956 109719 109715 109725 109714 166229 211154 147942 166236 147941 147950 
15 : 244100 173745 257669 193639 195402 173739 244098 193636 195397 173743 173732 173733 193638 195401 193625 
15 : 213843 144747 256619 216021 218060 144738 213841 213831 213833 144745 144739 144741 216019 218058 216010 
15 : 128344 71993 224880 8484 32566 71976 128336 8464 32551 71986 8457 32542 8476 32561 8453 
15 : 158566 156039 138350 258253 59934 156020 138337 158563 59919 138336 156037 59918 138349 59917 59933 
15 : 37524 260194 31502 254826 148997 37527 31474 37523 37506 31507 254830 149001 31501 31484 148996 
15 : 141155 260257 205583 129272 222732 141156 141146 129250 141148 205590 129276 222735 129256 205573 129260 
15 : 129588 102837 57685 186003 150333 102820 57665 129575 129569 57659 102826 102821 57672 57667 150317 
15 : 258447 256451 216079 157585 227697 256450 216077 157584 227696 216075 157583 227695 157575 216064 157576 
15 : 201483 171353 258345 131669 153535 171343 201481 131658 153523 171351 131654 153520 131668 153532 131651 
15 : 258099 139521 55047 11756 236373 139518 55045 11754 236371 55028 11732 139511 11723 55040 11747 
15 : 239545 160920 199300 17207 48086 160913 199293 17200 48079 160908 17184 48063 17191 48068 17174 
15 : 119522 4589 70340 246992 243311 4579 70325 119520 119518 4572 4587 4586 70338 70335 243308 
15 : 100451 176692 229765 186886 246102 100431 100439 100434 100445 176679 176671 176687 186876 229762 186881 
15 : 119349 260624 228383 160634 66681 119351 119342 119334 66654 228385 160637 66685 160626 66671 66656 
15 : 25830 202666 57746 260708 62002 25820 25809 25832 25810 57733 202667 61989 57748 57721 62003 
15 : 212657 260734 192373 238910 116783 212659 192362 212650 116770 192378 238913 116789 192368 116766 116778 
15 : 164947 92985 207359 258420 116023 92968 164937 164945 116001 92975 92982 92963 207355 116008 116021 
15 : 227793 253840 245273 14745 130420 227788 227786 14732 130406 245269 14740 130415 14737 130412 14718 
15 : 130671 146826 243724 260851 104348 130655 130666 130674 104319 146817 146829 104321 243727 104338 104350 
15 : 16667 198146 187919 155893 97507 16661 16660 16657 16651 187904 155881 97496 155877 97495 97491 
15 : 179420 215 260895 154006 21608 199 179421 153989 21589 216 195 187 154007 21609 21586 
15 : 145948 229882 260280 208702 256406 145940 145945 145934 145944 229881 208693 229876 208699 256402 208696 
15 : 227486 228161 260963 225276 109891 227478 227489 225265 109882 228164 225266 109883 225280 109895 109881 
15 : 243236 253723 246544 89331 261019 243234 243233 89322 243237 246542 89328 253726 89327 246548 89333 
15 : 261159 91784 196357 258106 261160 91787 196360 258111 263640 91768 91781 91788 196354 196361 258112 
15 : 109608 45417 253792 186307 231615 45395 109603 109597 109601 45413 45403 45409 186301 231609 186294 
15 : 261180 254593 155160 228179 250451 254596 155165 228184 250457 155156 228173 250447 155150 155155 228172 
15 : 261294 57242 261295 75655 199782 57245 263933 75659 199786 57246 57220 57224 75660 199787 75639 
15 : 67319 202365 231087 197242 190040 67306 67312 67303 67302 202353 197224 190022 197232 190029 190020 
15 : 196813 129953 239461 261418 257690 129940 196803 196815 196808 129946 129954 129950 239464 239458 257692 
15 : 261652 76764 256241 261377 193917 76767 256244 261380 193921 76762 76763 76752 256240 193911 193916 
15 : 104683 131187 233283 111295 185436 104667 104678 104665 104670 131182 111271 131177 111289 185427 111280 
15 : 247756 161684 82400 261688 242992 161682 82394 247760 242987 82377 161686 161681 82402 82391 242997 
15 : 157064 180094 112492 90121 113821 157051 112473 90098 113798 112476 90103 113802 90093 112469 90094 
15 : 182377 84656 123541 223393 126662 84640 123519 182372 126641 84635 84647 84636 123530 123512 126652 
15 : 139456 159625 247879 157499 42395 139446 139452 139445 42376 159616 157487 42379 157490 42387 42378 
15 : 236269 106455 261948 91529 177154 106447 236270 91524 177145 106456 91508 106439 91531 177156 91513 
15 : 240655 253398 220100 262116 252360 240650 220089 240657 240649 220095 253399 252353 220101 220092 252362 
15 : 245716 96135 221978 142348 211791 96132 221973 142335 211784 96124 96114 96122 142327 211777 142326 
15 : 30521 14419 163127 254913 216781 14390 30503 30518 30511 14400 14414 14407 163125 163115 216776 
15 : 66621 258329 257876 181423 190904 66619 66618 66608 66610 257872 181420 190898 181419 190897 181405 
15 : 241909 261861 144215 246236 254623 241908 144204 241903 241905 144214 246235 254622 144207 144209 246229 
15 : 262264 124961 244953 262265 65991 124962 244954 263264 65992 124957 124963 65962 244955 65983 65993 
15 : 217833 145350 169284 262292 199634 145343 169274 217834 199621 145335 145353 145339 169285 169269 199636 
15 : 245383 166093 262293 53103 49815 166089 245385 53095 49809 166097 53082 49792 53107 49821 49782 
15 : 262018 261189 246643 261607 135421 261186 246640 261606 135419 246638 261185 135416 246639 135407 135417 
15 : 212200 2650 111038 236029 261532 2635 111025 212192 212197 2625 2640 2648 111032 111037 236025 
15 : 176777 135859 251106 64737 256196 135842 176771 64717 176773 135852 64710 135855 64728 251100 64731 
15 : 235912 251904 7503 254180 161531 235908 7492 235909 161520 7496 251898 161522 7498 7480 161525 
15 : 256579 214205 212406 34636 49229 214201 212401 34633 49224 212393 34618 49209 34617 49208 34605 
15 : 225833 12343 208685 250991 125276 12333 208671 225826 125263 12331 12337 12323 208677 125260 125271 
15 : 207821 234098 210652 209906 80622 207808 207806 207805 80605 210641 209894 80610 209889 80607 80606 
15 : 30237 230279 140685 60765 22951 30225 30215 30211 22914 140678 60752 22937 60739 22927 22918 
15 : 578 117512 262395 59906 241138 560 577 555 572 117511 59884 117503 59905 241137 59899 
15 : 236226 206260 144150 222144 262659 206249 144136 222135 236228 144131 206245 206261 144134 144152 222146 
15 : 257363 37173 62632 147767 56698 37169 62629 147763 56692 37147 37153 37146 62610 56667 56677 
15 : 191382 236323 162690 952 138811 191377 162677 935 138792 162681 943 138801 928 138787 926 
15 : 254195 203734 131928 261051 20390 203728 131922 254194 20381 131916 203731 20369 131925 20358 20387 
15 : 262786 228282 221988 199476 20486 228283 221989 199477 20487 221984 199465 20473 199464 20472 20468 
15 : 125161 109734 221925 168132 170470 109713 125149 125144 125145 109721 109716 109717 168117 170450 168112 
15 : 177133 188426 253627 262818 4003 177121 177129 177136 3981 188420 188428 3984 253630 3994 4006 
15 : 55179 228789 206671 260296 184483 55172 55170 55178 55166 206665 228787 184467 206670 184463 184479 
15 : 203442 223365 260269 209907 252422 203436 203441 203434 203438 223363 209893 223360 209904 252421 209899 
15 : 222644 254289 65384 262044 260724 222636 65367 222643 222641 65376 254288 254286 65382 65380 260723 
15 : 262907 196099 68077 201531 233308 196102 68082 201533 233311 68054 196084 196094 68055 68063 201521 
15 : 73733 262905 257416 83891 219738 73732 73727 73710 73719 257415 83890 219737 83885 219732 83874 
15 : 262977 248575 262978 232520 216187 248580 263823 232522 216190 248583 232513 216180 232523 216192 216177 
15 : 86408 125645 5439 177449 240712 86387 5413 86390 86401 5417 125629 125635 5424 5432 177443 
15 : 179699 225466 215160 209766 29051 179690 179687 179686 29029 215150 209757 29039 209755 29038 29035 
15 : 247731 136340 89876 158037 108785 136334 89869 158033 108778 89849 136316 108761 89852 89843 108763 
15 : 109711 263177 80588 240952 231618 109712 80566 109702 109700 80589 240954 231619 80583 80579 231604 
15 : 255048 165499 24188 130788 204667 165493 24187 130784 204663 24174 130769 165488 24165 24178 130775 
15 : 247934 41747 246226 209427 136341 41745 246219 209421 136335 41744 41741 41726 209420 136332 136325 
15 : 109185 257217 125205 263227 146308 109182 109173 109189 109174 125201 257220 146303 125209 125184 146311 
15 : 27449 220769 263255 263253 35264 27440 27452 27450 27426 220771 220770 35250 263299 35266 35265 
15 : 140736 263047 190114 113440 88620 140734 140725 113416 88600 190112 113438 88618 113426 88603 88598 
15 : 221423 218405 239268 177265 25894 218390 221418 177249 25882 218396 177248 25881 177254 25887 25872 
15 : 189909 183023 248716 27355 263126 183009 189906 27338 189908 183018 27337 183022 27347 248715 27354 
15 : 240516 209001 263319 38959 235719 208994 240519 38949 235705 209004 38941 208993 38962 235722 38947 
15 : 251693 245708 52946 212757 127804 245699 52936 212748 127794 52935 212747 127793 52931 52924 127787 
15 : 261169 106545 263393 209967 257488 106541 261171 209963 257483 106547 106526 106535 209972 257491 209958 
15 : 246988 22800 263471 261278 245558 22791 246989 246987 245547 22801 22797 22790 261279 245559 245555 
15 : 223424 161998 105508 256156 176325 161984 105497 223420 176307 105486 161994 161983 105503 105490 176320 
15 : 31057 81808 204569 214596 204424 31038 31045 31047 31044 81797 81799 81796 204559 204406 204408 
15 : 251559 263495 250951 263494 200190 251562 250947 251561 200185 250955 264081 200193 250953 200183 200192 
15 : 263157 254175 261811 251471 257728 254174 261810 251470 257727 254170 251463 254169 251467 257724 251464 
15 : 263544 52036 202894 151601 151056 52041 202898 151605 151061 52026 52021 52020 151586 151038 151030 
15 : 121415 73129 134194 196840 29361 73108 121402 121408 29329 73110 73115 29321 134183 29331 29343 
15 : 35166 108223 260165 254284 119833 35139 35160 35158 35140 108219 108217 108205 254280 119830 119828 
15 : 184157 205092 181210 65667 40584 184148 181197 65655 40564 181200 65660 40569 65654 40563 40547 
15 : 3897 205385 219854 183073 197954 3886 3888 3884 3885 205374 183059 197933 183062 197937 183057 
15 : 214735 195602 236353 260530 241683 195591 214722 214732 214725 195593 195598 195594 236348 236345 241679 
15 : 132851 152152 263506 153020 176964 132834 132850 132835 132838 152151 152136 152139 153019 176962 153004 
15 : 179088 19294 253558 263567 263511 19271 179078 179087 179086 19287 19293 19292 253557 253556 263510 
15 : 82014 178486 94642 117118 261735 81996 81993 81994 82012 94622 117097 178483 94618 94639 117117 
15 : 190577 243586 44459 193253 250769 190570 44439 190564 190571 44446 193246 243581 44441 44448 193247 
15 : 55641 105711 93224 250770 53202 55614 55613 55631 53161 93196 105705 53169 93213 53168 53187 
15 : 261439 259741 103137 208686 130177 259736 103134 208683 130172 103131 208682 130171 103119 103112 130160 
15 : 247569 240898 248849 242913 263709 240891 247561 242907 247568 240893 240890 240897 242909 248848 242911 
15 : 261543 92145 263536 263852 263853 92140 261542 261544 261545 92144 92146 92147 263538 263539 264228 
15 : 234435 43383 257377 42675 261411 43372 234430 42662 234432 43376 42638 43379 42670 257373 42673 
15 : 190957 163078 259481 260026 262656 163060 190953 190954 190956 163072 163073 163076 259476 259479 260024 
15 : 213220 38628 166284 217678 194279 38615 166270 213209 194254 38609 38616 38612 166271 166269 194255 
15 : 190320 122180 180356 222896 231870 122165 180336 190306 190307 122161 122167 122168 180342 180345 222882 
15 : 263358 32538 247067 188622 136659 32537 247065 188620 136657 32530 32517 32513 188613 136646 136635 
15 : 117457 232406 161115 259070 17366 117449 117441 117454 17334 161108 232404 17356 161112 17339 17362 
15 : 256468 191399 178167 259151 133134 191396 178163 256466 133129 178152 191398 133115 178164 133111 133131 
15 : 229871 92798 149997 67117 87504 92787 149983 67101 87483 92776 67079 87466 67085 87470 67078 
15 : 164062 262836 100144 79301 256845 164061 100121 79276 164055 100142 79298 256843 79269 100136 79292 
15 : 262671 250218 264064 262935 175872 250216 262672 262669 175869 250219 250217 175864 262936 175873 175870 
15 : 255894 166772 252059 245770 263174 166767 252055 245767 255893 166766 166763 166771 245764 252058 245768 
15 : 264075 261621 263628 95651 210876 261623 263631 95652 210878 261620 95647 210872 95650 210875 95631 
15 : 175265 59498 252879 163199 212758 59479 175259 163182 175254 59491 59477 59485 163194 212749 163185 
15 : 215368 247350 251907 149071 163803 215354 215355 149053 163783 247341 149060 163788 149061 163790 149049 
15 : 118179 722 170295 225607 113823 699 118163 118167 113793 704 706 698 170283 113800 113808 
15 : 263873 261927 37874 254251 241318 261926 37873 254250 241317 37872 254248 241313 37869 37863 241308 
15 : 203953 93475 211877 244387 67118 93458 203935 203941 67094 93459 93465 67080 211868 67096 67103 
15 : 94156 4777 137565 263795 141893 4755 94141 94155 94142 4758 4776 4759 137563 137545 141892 
15 : 240024 263719 233851 230860 214621 240022 233837 230849 214607 233849 230858 214619 230848 214605 214602 
15 : 255139 48752 144922 175472 47947 48747 144918 175469 47943 48732 48736 47911 144902 47920 47925 
15 : 235697 244923 261572 258444 84579 235690 235694 235692 84559 244919 244917 84563 258437 84572 84569 
15 : 263469 244947 173784 238862 264167 244946 173782 238859 263470 173773 238850 244948 173770 173785 238863 
15 : 233220 212584 119484 233296 122520 212571 119475 233211 122506 119472 212572 122502 119476 119458 122507 
15 : 257609 98652 253442 158158 199216 98645 253435 158150 199209 98642 98629 98633 158148 199204 158137 
15 : 263302 261601 88624 56246 263056 261599 88621 56243 263053 88617 56241 261598 56209 88619 56242 
15 : 124993 240885 262716 230978 170473 124981 124988 124979 124969 240881 230965 170455 230974 170467 170453 
15 : 259415 24346 150742 152421 64740 24338 150737 152415 64734 24322 24323 24317 150717 64714 64715 
15 : 6705 252859 221448 197652 200264 6697 6690 6686 6687 221440 197647 200256 197640 200247 197635 
15 : 202275 225578 260321 213920 263646 202260 202269 202259 202273 225575 213900 225576 213914 260316 213919 
15 : 1399 32680 250382 235834 263148 1367 1391 1383 1397 32671 32664 32678 235822 250380 235831 
15 : 131538 212585 217664 123430 33276 131524 131525 123407 33249 212570 123413 33261 123414 33262 33248 
15 : 263880 258970 185265 239024 264216 258968 185262 239022 263879 185259 239017 258969 185255 185264 239023 
15 : 248247 81094 207346 241530 9830 81092 207342 241526 9824 81080 81088 9802 207337 9812 9821 
15 : 172032 245641 9073 99382 145592 172025 9052 99358 145572 9062 99372 145583 9043 9049 99356 
15 : 201003 84017 177455 255718 262901 84004 177436 201000 201001 84002 84013 84015 177446 177448 255712 
15 : 263282 194222 223924 263172 11349 194220 223921 263167 11346 194209 194219 11325 223920 11330 11345 
15 : 56907 263549 198088 249841 250577 56904 56893 56900 56901 198087 249839 250574 198081 198082 249832 
15 : 243025 94340 264109 61324 35963 94331 243024 61315 35955 94339 61294 35933 61323 35962 35929 
15 : 232976 227286 21612 258306 239869 227269 21596 232968 232966 21595 227279 227272 21605 21599 239862 
15 : 249622 263817 161430 216571 202465 249619 161420 216563 202458 161428 216570 202464 161414 161409 202452 
15 : 152781 72255 261661 263694 226814 72234 152774 152779 152768 72250 72254 72240 261659 226811 226813 

