score: 17877.1
6 : 14 16 15 49057 49055 53527 
6 : 37 32 20 258339 189705 189701 
6 : 177 180 179 223198 223193 237570 
6 : 194 198 184 203523 65690 65701 
6 : 200 195 186 212438 87315 87299 
6 : 332 329 337 170182 207202 170188 
6 : 334 335 323 237400 3383 3384 
6 : 336 331 330 182780 180721 180711 
6 : 356 353 340 242210 14650 14645 
6 : 367 385 377 139694 139687 217458 
6 : 383 361 372 24141 176429 24123 
6 : 479 484 487 38012 38016 142585 
6 : 480 491 492 77656 77663 227814 
6 : 500 502 504 197880 197883 206019 
6 : 507 517 514 31316 31313 159392 
6 : 542 546 543 239067 239062 239975 
6 : 545 533 527 70141 9637 9613 
6 : 655 653 650 256165 245028 245025 
6 : 675 660 678 49285 238444 49290 
6 : 681 695 683 27666 27652 60715 
6 : 685 693 688 153118 153109 182928 
6 : 700 680 696 5959 255144 5953 
6 : 799 796 807 92452 151112 92462 
6 : 801 794 809 54750 169349 54760 
6 : 823 813 816 22142 56483 22123 
6 : 939 932 941 10510 259027 10514 
6 : 945 952 950 82343 82341 160025 
6 : 946 947 963 93631 93655 118830 
6 : 990 996 1000 92574 92577 141286 
6 : 1062 1051 1068 98676 205579 98679 
6 : 1084 1079 1081 86918 164141 86900 
6 : 1098 1090 1088 93873 80688 80669 
6 : 1257 1265 1264 118231 118230 243108 
6 : 1267 1254 1253 49258 38791 38764 
6 : 1281 1271 1273 130225 175745 130215 
6 : 1328 1338 1337 136282 136278 252289 
6 : 1329 1342 1336 144597 144589 250264 
6 : 1420 1416 1421 84433 160818 84441 
6 : 1425 1428 1430 251133 251134 261682 
6 : 1437 1438 1436 169236 150048 150050 
6 : 1531 1532 1522 258818 243568 243569 
6 : 1595 1583 1589 15142 147480 15132 
6 : 1597 1601 1587 232680 83944 83960 
6 : 1602 1603 1612 15182 15188 17850 
6 : 1748 1750 1745 238196 222963 222969 
6 : 1756 1765 1766 108888 108890 230693 
6 : 1764 1770 1771 219847 219848 264842 
6 : 1833 1851 1837 92689 92674 164894 
6 : 1902 1905 1910 166101 166110 199375 
6 : 1904 1906 1909 191147 191152 212750 
6 : 1911 1912 1917 12690 12693 36139 
6 : 1914 1916 1919 42567 42570 115850 
6 : 1920 1933 1924 177160 177152 211093 
6 : 1968 1962 1963 17065 43031 17062 
6 : 1973 1970 1972 140514 148748 140513 
6 : 2049 2062 2058 43287 43279 147281 
6 : 2054 2060 2061 108466 108470 202258 
6 : 2073 2087 2068 136091 73033 73066 
6 : 2089 2099 2109 29452 29463 192921 
6 : 2133 2134 2124 261561 180048 180049 
6 : 2139 2159 2157 50062 50060 258381 
6 : 2153 2147 2142 144115 132948 132937 
6 : 2229 2231 2235 195669 195674 230653 
6 : 2230 2236 2223 198036 76468 76481 
6 : 2237 2227 2226 186724 110359 110344 
6 : 2251 2242 2240 126164 85897 85888 
6 : 2259 2253 2248 229656 174211 174206 
6 : 2281 2288 2274 259489 175165 175172 
6 : 2353 2360 2361 38568 38574 206360 
6 : 2355 2354 2358 53118 64840 53130 
6 : 2362 2365 2352 241508 10130 10140 
6 : 2381 2386 2395 3037 3051 131089 
6 : 2399 2384 2396 101456 250571 101452 
6 : 2509 2520 2522 120059 120061 263658 
6 : 2512 2516 2507 182311 72645 72652 
6 : 2514 2513 2503 205287 39360 39358 
6 : 2526 2523 2525 19947 39932 19946 
6 : 2535 2540 2531 197675 172491 172510 
6 : 2598 2594 2610 39775 59547 39799 
6 : 2660 2659 2672 53692 56577 53718 
6 : 2662 2655 2669 6836 147431 6845 
6 : 2666 2667 2658 211928 51660 51663 
6 : 2670 2674 2663 239682 169010 169019 
6 : 2680 2695 2679 68630 53962 54001 
6 : 2683 2691 2686 168184 168174 200482 
6 : 2703 2704 2708 156081 156083 159106 
6 : 2711 2697 2698 25465 33064 25437 
6 : 2844 2850 2855 164670 164674 212022 
6 : 2859 2863 2862 74621 74619 140397 
6 : 2897 2894 2889 204420 159702 159697 
6 : 2979 2987 2984 24748 24745 107387 
6 : 2985 2983 2992 99516 120569 99537 
6 : 3144 3152 3148 177725 177721 211815 
6 : 3158 3169 3163 28377 28371 67879 
6 : 3170 3161 3167 59892 112837 59884 
6 : 3172 3168 3173 121314 207565 121316 
6 : 3213 3230 3227 96306 96302 258517 
6 : 3219 3211 3235 60850 165952 60876 
6 : 3278 3283 3286 63576 63583 163040 
6 : 3446 3451 3454 152019 152023 257032 
6 : 3450 3444 3441 131372 36906 36893 
6 : 3458 3460 3461 175399 175401 191331 
6 : 3504 3500 3505 158890 232363 158891 
6 : 3615 3622 3626 98239 98243 230290 
6 : 3620 3618 3612 142714 39641 39633 
6 : 3632 3639 3627 133016 15576 15598 
6 : 3643 3666 3652 18197 18181 166262 
6 : 3647 3669 3646 75295 75122 75151 
6 : 3752 3750 3756 73543 127419 73556 
6 : 3761 3778 3766 19840 19830 209145 
6 : 3762 3765 3777 104959 104972 169916 
6 : 3769 3780 3768 230268 226000 226013 
6 : 3918 3911 3910 136338 127578 127566 
6 : 3932 3928 3926 162898 106422 106408 
6 : 3933 3935 3925 253678 96620 96621 
6 : 3970 3965 3971 73906 126699 73907 
6 : 3985 3964 3980 40363 248281 40360 
6 : 4065 4072 4067 165342 165336 232129 
6 : 4085 4074 4092 44959 231210 44972 
6 : 4097 4102 4103 110753 110755 213113 
6 : 4099 4093 4105 45510 165225 45518 
6 : 4370 4372 4362 179247 26549 26554 
6 : 4376 4377 4364 260405 57576 57583 
6 : 4389 4383 4387 77200 210521 77195 
6 : 4404 4400 4407 63855 94727 63863 
6 : 4438 4435 4432 242321 225923 225915 
6 : 4522 4528 4520 146833 106021 106036 
6 : 4526 4527 4518 237902 100920 100922 
6 : 4570 4579 4564 176956 69802 69816 
6 : 4624 4638 4640 28581 28582 240968 
6 : 4700 4704 4706 130087 130088 218593 
6 : 4702 4697 4708 54526 166212 54540 
6 : 4709 4707 4711 248226 264014 248228 
6 : 4725 4713 4724 56773 180913 56772 
6 : 4854 4863 4860 72864 72859 244267 
6 : 4868 4865 4871 48209 108542 48214 
6 : 4872 4864 4875 45248 182221 45254 
6 : 4895 4882 4889 7953 144755 7944 
6 : 4905 4900 4901 255386 257291 255383 
6 : 5023 5017 5020 204674 226515 204671 
6 : 5044 5049 5039 238972 171631 171638 
6 : 5050 5041 5030 205281 92614 92601 
6 : 5181 5185 5192 103260 103269 196128 
6 : 5198 5207 5204 98482 98480 203207 
6 : 5202 5208 5200 191719 104873 104881 
6 : 5247 5237 5253 50941 214446 50943 
6 : 5344 5336 5341 84717 216032 84709 
6 : 5348 5346 5349 65397 170716 65402 
6 : 5354 5350 5357 218735 254197 218739 
6 : 5358 5360 5359 22792 22791 108317 
6 : 5371 5362 5364 188914 231539 188896 
6 : 5377 5384 5388 118902 118907 201502 
6 : 5383 5389 5382 186897 185331 185340 
6 : 5483 5487 5486 53244 53241 165799 
6 : 5494 5503 5502 117899 117897 212952 
6 : 5497 5500 5498 141699 141697 178096 
6 : 5661 5658 5667 63477 94378 63491 
6 : 5669 5656 5660 26827 87961 26809 
6 : 5677 5691 5690 66974 66971 239864 
6 : 5694 5683 5688 170015 222289 170007 
6 : 5695 5692 5684 254235 178472 178464 
6 : 5699 5698 5712 59631 112792 59647 
6 : 5706 5708 5718 164809 164823 198255 
6 : 5812 5814 5823 114151 114169 181810 
6 : 5817 5822 5825 211142 211144 252792 
6 : 5833 5841 5840 135492 135490 237631 
6 : 5843 5836 5847 218764 260209 218765 
6 : 5862 5851 5849 87785 52539 52525 
6 : 5963 5965 900 31083 903 907 
6 : 5966 5971 5964 86754 38028 38038 
6 : 6007 6010 6023 12547 12568 36907 
6 : 6011 6008 6022 34144 43150 34155 
6 : 6071 6085 6075 144099 144087 174318 
6 : 6146 6134 6143 92661 222863 92654 
6 : 6152 6141 6144 183036 241986 183023 
6 : 6161 6162 6156 223046 120437 120439 
6 : 6297 6295 3089 50282 3100 3097 
6 : 6318 6323 6319 195652 195649 200607 
6 : 6346 6338 6333 108314 50330 50307 
6 : 6473 6484 6483 221641 221639 260540 
6 : 6492 6490 6493 61382 98628 61383 
6 : 6496 6497 6501 193400 193408 216826 
6 : 6502 6495 6488 164186 33437 33428 
6 : 6506 6508 6503 262166 257498 257499 
6 : 6607 6616 6612 117243 117232 229440 
6 : 6617 6604 6603 39491 20792 20764 
6 : 6629 6627 6621 208408 71357 71354 
6 : 6679 6674 6688 200395 236396 200408 
6 : 6765 6764 6777 165837 175501 165857 
6 : 6794 6780 6793 81960 259836 81959 
6 : 6796 6028 6787 6055 219137 6044 
6 : 6956 6961 6954 148741 63726 63737 
6 : 6991 6984 6987 244311 254477 244306 
6 : 7094 7084 7096 82735 261269 82741 
6 : 7095 7092 7090 252621 246670 246663 
6 : 7157 7139 7166 15105 225138 15118 
6 : 7273 7270 7263 169441 23376 23369 
6 : 7279 7283 7295 80355 80366 152885 
6 : 7417 7411 7419 50186 154658 50196 
6 : 7434 7442 7445 91051 91052 182905 
6 : 7441 7436 7454 106381 168608 106399 
6 : 7600 7588 7584 241220 214839 214821 
6 : 7754 7761 7763 206805 206806 236909 
6 : 7896 7899 7911 90317 90327 133113 
6 : 7901 7895 7909 21423 165184 21440 
6 : 7908 7907 7902 238522 168010 168007 
6 : 7913 7898 7914 105781 259459 105784 
6 : 8058 8067 8065 46854 46852 185601 
6 : 8062 8064 8068 138447 138453 184704 
6 : 8063 8071 8056 147045 12010 12033 
6 : 8066 8059 8072 50473 197629 50489 
6 : 8199 8212 8205 32544 32535 222733 
6 : 8210 8208 8207 253768 236834 236832 
6 : 8217 8230 8225 98899 98895 241840 
6 : 8284 8294 8293 82974 82973 205719 
6 : 8351 8355 8356 26823 26828 192517 
6 : 8353 8360 8358 122031 122030 262025 
6 : 8366 8369 8364 144903 99893 99898 
6 : 8368 8373 8376 188483 188488 222108 
6 : 8518 8520 4017 255597 4051 4056 
6 : 8519 8506 8511 75120 163452 75106 
6 : 8597 8596 8603 100139 128348 100143 
6 : 8655 8663 8666 69838 69841 200168 
6 : 8658 8657 8665 102031 114594 102041 
6 : 8668 8656 8659 97311 116462 97287 
6 : 8670 8689 8683 72702 72693 224764 
6 : 8715 8710 8701 251461 143343 143339 
6 : 8813 8822 8815 55926 55916 104910 
6 : 8836 8839 8843 166942 166950 246392 
6 : 8852 8845 8846 47482 48909 47475 
6 : 8855 8851 8849 175602 156407 156405 
6 : 9001 8991 8996 177063 208556 177056 
6 : 9009 9008 9023 81075 122903 81095 
6 : 9022 9027 9014 254029 216024 216031 
6 : 9044 9042 9040 197170 172409 172404 
6 : 9135 9140 9133 116719 78286 78297 
6 : 9158 9164 9150 236383 91102 91110 
6 : 9178 9172 9179 150480 206732 150481 
6 : 9292 9294 9307 104823 104834 131993 
6 : 9293 9309 9300 113895 113879 207885 
6 : 9321 9317 9314 224346 156565 156562 
6 : 9323 9312 9315 103649 198626 103640 
6 : 9471 9477 9472 247811 247803 248244 
6 : 9474 9466 9465 146123 46791 46772 
6 : 9522 9533 9518 211090 185337 185354 
6 : 9557 9552 9538 203767 107028 107017 
6 : 9658 9655 9654 245963 237816 237812 
6 : 9674 9666 9676 76500 200924 76503 
6 : 9680 9679 9675 248230 223720 223717 
6 : 9701 9698 9686 235396 47097 47092 
6 : 9819 9824 9827 69672 69676 145695 
6 : 9822 9818 9834 65791 122270 65811 
6 : 9823 9826 9817 129868 50211 50214 
6 : 9829 9821 9831 110950 200991 110953 
6 : 9851 9836 9841 89458 180634 89443 
6 : 9990 9982 9992 61390 185561 61395 
6 : 9995 9983 9994 75849 260982 75847 
6 : 10010 10005 9998 207979 65992 65978 
6 : 10163 10173 10161 41341 36641 36657 
6 : 10177 10176 10175 192500 192102 192101 
6 : 10182 10162 10183 37606 259036 37608 
6 : 10223 10217 10221 105287 202864 105281 
6 : 10230 10228 10229 263910 264724 263909 
6 : 10297 10293 10295 69180 94795 69176 
6 : 10310 10305 10321 56374 146837 56385 
6 : 10320 10307 10316 93919 203739 93909 
6 : 10334 10341 10325 209742 91097 91107 
6 : 10362 10363 10358 255603 211073 211077 
6 : 10383 10378 10376 139433 99040 99028 
6 : 10427 10436 10434 24654 24648 211522 
6 : 10435 10433 10430 196673 145407 145398 
6 : 10445 10441 10457 80538 160716 80553 
6 : 10450 10437 10447 24063 170480 24058 
6 : 10601 7172 10605 7185 188876 7190 
6 : 10606 10600 10610 184163 237338 184173 
6 : 10615 10630 10625 76852 76845 184076 
6 : 10644 10641 10648 95209 165879 95214 
6 : 10685 10673 10668 148326 76954 76937 
6 : 10742 10738 10746 71475 149813 71481 
6 : 10744 2260 10752 2275 182234 2289 
6 : 10747 10751 10750 214230 214227 259486 
6 : 10766 10780 10772 211961 211954 223216 
6 : 10907 10911 10915 69292 69300 215461 
6 : 11069 11074 11078 85574 85582 189617 
6 : 11075 11082 11073 212372 187592 187613 
6 : 11077 11066 11068 42555 83160 42541 
6 : 11085 11097 11092 35913 35898 198348 
6 : 11095 11093 11096 202382 222645 202384 
6 : 11098 11083 11090 13879 126217 13859 
6 : 11138 11129 11136 99720 166490 99719 
6 : 11139 11133 11131 148972 126329 126320 
6 : 11231 11225 11229 152923 176989 152918 
6 : 11255 11245 11246 175635 181212 175619 
6 : 11262 1625 11263 1634 142062 1635 
6 : 11279 11273 11271 252404 228269 228260 
6 : 11393 11400 11406 33098 33103 200775 
6 : 11394 11409 11397 90923 90909 121047 
6 : 11416 11429 11420 138196 138185 226457 
6 : 11453 11454 11445 261868 181930 181932 
6 : 11476 11478 11482 241644 241650 247251 
6 : 11550 11552 11548 44845 17446 17449 
6 : 11555 11563 11551 163604 68979 68994 
6 : 11578 11571 11566 114672 39517 39495 
6 : 11579 11584 11577 247133 235342 235352 
6 : 5745 11719 11717 5749 5746 16598 
6 : 11721 11723 11722 140718 140717 164935 
6 : 11743 11752 11745 230747 230739 239277 
6 : 11797 11786 11804 67346 169143 67350 
6 : 11889 11904 11891 67138 67125 79351 
6 : 11898 11903 11901 186970 186969 232966 
6 : 11906 11888 11896 63712 119482 63693 
6 : 11912 11920 11910 162899 115149 115166 
6 : 11923 11914 11911 186787 145973 145960 
6 : 11946 11943 11956 20735 94246 20755 
6 : 11953 11942 11948 16804 106295 16790 
6 : 12044 12047 12049 39132 39134 143871 
6 : 12058 12057 12069 66529 74942 66556 
6 : 12067 12068 12070 261569 261570 264329 
6 : 12072 12088 12084 65057 65055 226516 
6 : 12101 12098 12099 132386 147548 132380 
6 : 12204 12196 12192 218010 162429 162415 
6 : 12337 12350 12342 20265 20252 150928 
6 : 12338 12346 12351 48222 48226 239829 
6 : 12347 12355 12349 251438 251431 256751 
6 : 12353 12343 12352 161157 260977 161156 
6 : 12430 12414 12438 42325 221744 42335 
6 : 12500 12490 12509 75869 212020 75883 
6 : 12511 12497 6222 196694 6254 6238 
6 : 12665 12657 12659 78238 97336 78218 
6 : 12667 12664 12655 206572 41217 41209 
6 : 12676 12671 12680 18020 124582 18030 
6 : 12831 12822 12825 137518 199396 137511 
6 : 12834 12823 12829 147802 229308 147799 
6 : 12844 12846 12850 147106 147109 199239 
6 : 12847 4265 12839 4286 26412 4268 
6 : 12886 12899 12907 88473 88480 228416 
6 : 12985 12997 12995 53226 53225 262736 
6 : 12989 12986 12991 70512 195620 70515 
6 : 13006 12998 13013 37253 79844 37261 
6 : 13039 13040 13028 189289 22575 22576 
6 : 13055 13073 11612 16731 11613 11638 
6 : 13062 10515 13057 10527 45750 10520 
6 : 13151 13159 13152 139418 139407 157309 
6 : 13166 13170 13173 103666 103670 159281 
6 : 13178 13183 13165 207326 55382 55400 
6 : 13195 13186 13203 47735 215034 47749 
6 : 13202 13204 13199 253219 227833 227837 
6 : 13283 13290 13284 114272 114262 117552 
6 : 13297 13310 13301 47153 47141 71361 
6 : 13332 13333 13343 178333 178343 190171 
6 : 13468 13472 13477 136595 136602 216426 
6 : 13492 13497 13481 212644 67165 67174 
6 : 13496 13485 13479 107603 33468 33453 
6 : 13601 13610 13607 70984 70981 187363 
6 : 13605 13613 13608 159357 159354 192590 
6 : 13622 13623 13627 124561 124573 157312 
6 : 13637 13642 13638 183426 183422 197585 
6 : 13657 13661 13671 137487 137500 174583 
6 : 13787 13777 13782 114288 234333 114278 
6 : 13801 13798 13806 187515 227716 187520 
6 : 13809 13799 13797 197894 164663 164649 
6 : 13926 13925 13940 122991 126652 123014 
6 : 13935 13924 13933 81761 226445 81757 
6 : 13945 13923 13943 69335 264223 69333 
6 : 13954 13964 13956 187303 187293 200103 
6 : 14108 14104 14102 211609 156781 156771 
6 : 14247 14248 14256 84854 84874 113541 
6 : 14254 14257 14251 215539 183304 183309 
6 : 14266 14278 14263 145256 40455 40481 
6 : 14273 14276 14265 207470 117705 117715 
6 : 14411 8781 11350 8800 11376 8780 
6 : 14456 13849 14446 13878 202389 13867 
6 : 4110 1107 14577 1106 4125 1127 
6 : 14707 14710 14715 116040 116049 162525 
6 : 14719 14713 14718 176896 251611 176892 
6 : 14905 14916 14910 113279 113271 160480 
6 : 14999 15001 15003 19233 19237 35707 
6 : 15022 15030 15037 104084 104088 223001 
6 : 15023 15029 15024 138127 138124 176621 
6 : 15033 15018 15020 49821 87724 49795 
6 : 15071 15069 7207 158578 7222 7219 
6 : 15165 15179 15175 29018 29011 240175 
6 : 15169 15178 15176 141859 141857 250694 
6 : 15185 15192 15201 91559 91573 207760 
6 : 15246 15241 15266 44805 104060 44826 
6 : 15305 15310 15312 192827 192835 243743 
6 : 15331 15326 15318 221727 105059 105048 
6 : 15335 15346 15334 85870 82475 82487 
6 : 15356 15337 15352 114891 253207 114882 
6 : 15379 15367 15361 164476 107764 107745 
6 : 15380 15374 15366 233549 162837 162830 
6 : 15461 15449 15451 31279 81627 31258 
6 : 15474 15463 15468 32977 191586 32970 
6 : 15629 15617 15635 80252 223943 80261 
6 : 15803 15798 15797 188090 175988 175974 
6 : 15824 15828 15830 205402 205405 233118 
6 : 15846 15841 15842 174911 181573 174908 
6 : 15938 15943 15939 126033 126023 148190 
6 : 15940 15935 15942 18275 176221 18283 
6 : 15949 15948 15944 215872 20960 20959 
6 : 15954 15950 15951 232596 248938 232589 
6 : 16093 16092 16098 182338 189210 182354 
6 : 6167 16103 16106 6172 6179 49244 
6 : 16115 16109 16110 224896 233628 224890 
6 : 16175 16161 16167 210512 236334 210503 
6 : 16266 16285 16277 133315 133302 215962 
6 : 16267 16269 16278 137342 137352 155424 
6 : 16268 16271 16264 153178 72090 72091 
6 : 16336 16318 16345 127937 243671 127948 
6 : 16421 10185 16429 10196 193412 10211 
6 : 16443 16435 16442 109557 224694 109556 
6 : 16457 16455 16454 177512 143870 143869 
6 : 16549 16551 16553 185629 185632 208528 
6 : 16558 16566 16559 102320 102303 116216 
6 : 16562 16565 16570 176748 176756 231157 
6 : 16645 16626 16639 29487 212228 29476 
6 : 16651 16649 16627 262555 33073 33068 
6 : 16714 16712 16710 148001 110563 110560 
6 : 16720 16719 10516 228398 10539 10538 
6 : 16741 16737 16732 142039 52050 52045 
6 : 16858 16864 16866 25227 25234 79972 
6 : 16873 16862 16867 61031 185367 61021 
6 : 16889 16884 16885 155523 155725 155518 
6 : 16908 16901 16909 157105 220501 157106 
6 : 16922 16930 16931 76492 76493 152676 
6 : 16943 16927 16928 134628 141882 134608 
6 : 17024 17038 17030 116815 116804 239532 
6 : 17028 17031 17022 216624 78008 78014 
6 : 17063 6692 8401 6699 8408 6691 
6 : 17071 17067 16652 140522 16671 16659 
6 : 17149 17152 17156 51289 51294 122855 
6 : 17154 17155 17160 159181 159195 177731 
6 : 17164 17182 17171 103906 103894 211763 
6 : 17180 17169 17165 185513 113690 113667 
6 : 17343 17336 17346 124911 163410 124912 
6 : 17379 17376 17375 166249 164032 164028 
6 : 17487 17494 17493 140406 140405 233236 
6 : 17489 17492 17483 156701 29355 29360 
6 : 17511 17504 17505 215300 218348 215291 
6 : 17513 17527 17519 72715 72704 124022 
6 : 17551 17548 17537 196127 95648 95638 
6 : 17629 17632 17634 171387 171390 209502 
6 : 17631 17627 17635 113647 200359 113656 
6 : 17656 17639 17638 32319 28052 28017 
6 : 17666 17670 17676 175294 175304 178832 
6 : 17707 17691 17689 153085 124025 124010 
6 : 17797 17793 17786 238878 40846 40835 
6 : 17887 17874 17880 142368 203510 142356 
6 : 17962 6030 17968 6032 35689 6038 
6 : 17969 17973 17966 149647 103442 103454 
6 : 18079 18087 18083 60906 60898 168514 
6 : 18107 18093 1537 20606 1562 1538 
6 : 18122 18127 18132 149588 149599 177169 
6 : 18128 18125 18119 173022 95054 95050 
6 : 18241 18236 18245 173213 228198 173221 
6 : 18264 18263 18267 245338 256848 245342 
6 : 18265 18250 18258 53933 195771 53921 
6 : 18277 18287 18274 199745 162319 162333 
6 : 18392 18402 16020 56970 16025 16044 
6 : 18417 18411 18426 34997 134709 35006 
6 : 18422 18412 18432 37618 180566 37637 
6 : 18425 18413 18423 69581 187175 69576 
6 : 11732 18437 12945 11737 11731 12958 
6 : 18446 18439 18448 186822 252328 186825 
6 : 18485 18490 18483 114355 102776 102779 
6 : 18540 18551 18550 93078 93077 264054 
6 : 18718 18714 18711 257769 236218 236208 
6 : 18720 18731 18741 42750 42765 155241 
6 : 18735 18726 18733 130971 167585 130962 
6 : 18848 18845 18849 149194 185547 149195 
6 : 18891 18897 18873 250966 40976 40982 
6 : 13027 19011 19003 13054 13032 107039 
6 : 19009 19004 19010 129067 261423 129073 
6 : 19022 19015 19019 61640 143473 61632 
6 : 19033 19037 19047 165929 165939 210515 
6 : 19050 19071 19062 44161 44156 211979 
6 : 19147 15270 19155 15280 178536 15297 
6 : 18742 19167 19164 18762 18754 156889 
6 : 19162 19176 19172 105294 105289 252120 
6 : 19182 19186 19201 60628 60640 137865 
6 : 19196 19199 19183 230582 66125 66138 
6 : 19300 19299 19296 261526 221193 221192 
6 : 19319 19320 19338 52371 52394 62782 
6 : 19464 19477 19457 154043 25175 25191 
6 : 6993 19610 19611 7011 7013 261176 
6 : 19599 19600 19603 177304 177308 187840 
6 : 19624 19623 19633 235312 245333 235320 
6 : 19786 19790 19794 230934 230940 256906 
6 : 19800 19816 19799 128343 80352 80368 
6 : 19911 19918 19915 98172 98166 164651 
6 : 19912 19919 19913 117919 117910 136550 
6 : 19933 19930 19924 137255 35564 35560 
6 : 19959 19961 19965 246902 246906 253310 
6 : 19967 19957 19955 238913 192453 192442 
6 : 20243 20244 20246 191629 191636 210368 
6 : 20264 20257 20253 200672 155199 155186 
6 : 11457 20275 20284 11462 11474 99530 
6 : 20279 20285 20286 152029 152031 238638 
6 : 20404 20403 20392 263369 103096 103095 
6 : 20406 20419 20412 68118 68110 192109 
6 : 20408 20416 20421 103552 103562 239339 
6 : 20424 20438 20428 106446 106432 178624 
6 : 20430 20437 20435 227696 227693 258650 
6 : 20553 10517 20552 10535 183856 10533 
6 : 20559 20558 20556 244257 237525 237520 
6 : 20577 20566 1854 50549 1888 1856 
6 : 20586 20594 20591 76198 76195 148089 
6 : 20680 20678 20677 66981 60494 60487 
6 : 20689 20693 20688 227427 226984 226995 
6 : 20701 20710 20714 116985 116991 224624 
6 : 20780 20783 20774 223761 188072 188075 
6 : 20852 1696 20846 1723 131985 1711 
6 : 20868 20876 20870 127160 127155 213372 
6 : 20917 20930 20915 136827 131484 131510 
6 : 20988 20991 21003 59232 59247 135516 
6 : 21025 21020 21018 161989 109679 109670 
6 : 21074 21089 19683 160103 19703 19721 
6 : 21139 21136 21147 129940 197013 129957 
6 : 21148 21159 21157 33614 33612 241228 
6 : 21150 21153 21158 137802 137810 167106 
6 : 21171 21168 21180 107746 173810 107761 
6 : 21192 21190 21188 67871 52075 52071 
6 : 2110 21285 21289 2116 2121 63418 
6 : 21295 21296 21297 240601 240603 252568 
6 : 21460 21458 21456 84656 34337 34331 
6 : 21482 21469 21478 92351 231777 92337 
6 : 21589 21591 21586 209748 175648 175652 
6 : 21593 21587 21595 205417 236983 205421 
6 : 21613 21599 9565 35549 9605 9569 
6 : 21758 21749 21754 94676 215049 94670 
6 : 21759 21755 21747 216949 37674 37661 
6 : 21761 21756 5263 233607 5294 5285 
6 : 21791 21795 21779 243501 38897 38904 
6 : 21798 21796 21783 258730 157505 157502 
6 : 21819 21807 21802 225885 157311 157305 
6 : 21887 21893 21888 74606 74593 98061 
6 : 21891 21894 21892 136159 136149 165700 
6 : 21912 21900 21903 29657 127117 29640 
6 : 21914 21936 21930 41216 41214 226315 
6 : 21980 21984 21998 119198 119212 151270 
6 : 21990 21992 21983 193241 148640 148643 
6 : 9291 22054 22058 9298 9302 184373 
6 : 22073 22086 22082 180126 180119 244983 
6 : 22116 22094 22112 73296 243490 73288 
6 : 22202 22194 22201 97136 238292 97135 
6 : 22204 22200 22197 163408 140781 140765 
6 : 22213 22212 22219 166203 178049 166210 
6 : 22222 22211 22224 129734 256939 129740 
6 : 22223 22220 22225 248224 263323 248229 
6 : 22245 22243 22239 239636 205730 205728 
6 : 22347 22353 20909 171602 20919 20936 
6 : 22365 22364 22369 198217 200355 198222 
6 : 22407 22420 22416 183331 183325 234273 
6 : 22518 22516 22512 70476 29150 29148 
6 : 22549 22554 15983 237358 16011 16016 
6 : 22557 22537 22555 78310 263659 78308 
6 : 22647 22652 22649 33402 33394 125992 
6 : 22658 22661 22668 156096 156103 206023 
6 : 22666 22656 22671 113987 253330 113991 
6 : 22695 22684 22674 159996 35627 35603 
6 : 22751 22730 22728 53852 28503 28471 
6 : 22817 22808 22812 82897 182925 82890 
6 : 22949 22948 22945 262731 211672 211669 
6 : 22963 22962 22961 206492 195510 195509 
6 : 23084 23083 23087 50759 51086 50768 
6 : 23094 23099 23096 211289 211284 228743 
6 : 23105 23115 23113 57558 57554 258863 
6 : 23152 23159 23162 150460 150463 228683 
6 : 23156 23153 23161 181885 204261 181887 
6 : 23255 23242 23254 44823 253370 44822 
6 : 23278 23273 23289 38673 169627 38689 
6 : 23413 23414 23422 140501 140512 203905 
6 : 23426 23444 23437 121048 121039 218212 
6 : 23559 23573 23555 167073 137381 137406 
6 : 23569 23571 23572 258700 258701 263362 
6 : 23706 23713 23711 197780 197779 233013 
6 : 23714 23709 23703 214804 63633 63625 
6 : 23728 23715 23716 28713 38308 28695 
6 : 23737 23756 23735 102024 70264 70285 
6 : 23738 23757 23744 134287 134275 200025 
6 : 23748 23747 23732 224877 58459 58458 
6 : 23749 23746 23753 207695 231969 207702 
6 : 23859 23861 23862 169226 169230 226986 
6 : 23878 23885 23866 260019 32932 32935 
6 : 23890 23889 23886 111278 71723 71720 
6 : 23946 23934 23933 103579 90153 90142 
6 : 23996 24005 24002 91529 91523 188000 
6 : 21614 24021 24019 21637 21629 249903 
6 : 24037 24026 24041 30333 203340 30342 
6 : 24150 24143 24142 89962 58986 58971 
6 : 24154 24162 24157 68878 68860 97057 
6 : 24176 18656 24174 18666 191398 18663 
6 : 24183 24167 24173 88761 154920 88742 
6 : 24290 24304 24294 156950 156938 209790 
6 : 24302 24297 24291 230478 164043 164035 
6 : 24310 24309 24312 169749 184614 169751 
6 : 24330 24337 6567 125496 6574 6581 
6 : 24336 24332 24342 155070 179452 155078 
6 : 24442 24445 24447 67391 67395 164313 
6 : 24457 24456 24466 141863 152691 141886 
6 : 24510 24514 24496 227453 89133 89144 
6 : 11615 24587 24590 11622 11626 154536 
6 : 24597 24598 24585 256368 137980 137985 
6 : 24607 24615 24600 216901 24705 24724 
6 : 24635 24630 24632 224874 236502 224868 
6 : 24652 24643 24660 139489 243020 139500 
6 : 24656 18505 24651 18535 236653 18529 
6 : 24732 24733 24730 184233 155302 155304 
6 : 24735 24731 12001 175247 12027 12015 
6 : 24746 24749 24741 128884 38883 38890 
6 : 24787 24785 24795 55991 60137 56001 
6 : 24789 24800 24793 79193 79184 158255 
6 : 24885 24878 24889 74319 148159 74324 
6 : 24895 24894 24893 256157 247564 247562 
6 : 24906 24903 24908 160436 198671 160441 
6 : 24907 24904 24915 175007 204184 175025 
6 : 3179 24918 24927 3186 3200 59741 
6 : 24922 24937 24919 112435 61017 61042 
6 : 24928 24934 24925 236037 185368 185373 
6 : 25062 25064 25067 146496 146501 206129 
6 : 25065 25059 25071 98337 217659 98355 
6 : 25066 25069 25070 233673 233679 245181 
6 : 25089 25085 25082 239080 189145 189139 
6 : 25195 25199 25197 202351 202350 244947 
6 : 19262 25267 25262 19284 19278 248243 
6 : 25254 25247 25257 51199 169073 51204 
6 : 25355 25354 25339 263999 169023 169022 
6 : 25363 25373 25370 112104 112101 189137 
6 : 25364 25369 25367 121581 121580 161238 
6 : 25528 25538 25525 206132 173512 173526 
6 : 25529 25519 25520 29477 33903 29466 
6 : 25673 25675 25669 123270 47041 47043 
6 : 25676 25672 25684 118598 169699 118612 
6 : 25729 25734 25744 87416 87434 120552 
6 : 25730 25725 8718 63593 8725 8721 
6 : 25741 25731 25727 106765 78438 78421 
6 : 25834 25847 25840 39567 39559 109119 
6 : 25849 25843 25845 177401 199681 177391 
6 : 25850 25839 25837 89021 54826 54798 
6 : 25978 25974 25980 123658 242006 123662 
6 : 25988 8865 26004 8870 63032 8894 
6 : 26017 26016 26024 227363 229798 227373 
6 : 26035 26030 26038 100233 165157 100237 
6 : 26067 26068 26071 191988 191995 196876 
6 : 26127 26132 26124 161771 91958 91980 
6 : 26130 26123 26128 83603 175954 83600 
6 : 26141 26140 26133 264557 203848 203847 
6 : 26170 26160 26148 212599 93953 93940 
6 : 1604 26289 26282 1614 1609 126184 
6 : 26281 26283 26280 92047 61902 61904 
6 : 26291 26285 26288 170414 201712 170403 
6 : 26312 23759 26322 23763 85224 23775 
6 : 26433 26436 26437 97540 97548 145700 
6 : 26434 26439 26441 101049 101056 207281 
6 : 26435 26438 26432 119208 69669 69680 
6 : 26455 26458 26457 238281 238280 245273 
6 : 26456 26449 26460 141105 240115 141109 
6 : 26530 26527 26514 258415 195998 195994 
6 : 26583 26572 26579 50052 198635 50049 
6 : 26591 26599 26600 186692 186693 218818 
6 : 19497 26617 26624 19515 19524 238311 
6 : 26655 26672 26675 71057 71059 232427 
6 : 26662 26654 26656 35115 118318 35110 
6 : 26717 26728 26725 42277 42269 181841 
6 : 19998 26748 26745 20023 20018 239568 
6 : 26743 26740 26751 176343 220172 176356 
6 : 26754 26769 26770 45582 45585 203895 
6 : 16945 26818 26830 16957 16971 169281 
6 : 26878 26879 26876 260789 209975 209976 
6 : 26884 26893 26890 183121 183118 249706 
6 : 26885 26900 26888 200228 200215 210826 
6 : 27028 27016 27023 114845 219091 114829 
6 : 27081 27085 27079 133254 80142 80149 
6 : 27171 27169 27170 233188 260170 233187 
6 : 27173 27180 27187 93065 93074 195862 
6 : 27304 27296 27311 30845 172910 30855 
6 : 27312 27298 27314 100009 250960 100013 
6 : 27317 27328 27320 119672 119662 195295 
6 : 27338 27346 20942 229155 20962 20976 
6 : 27344 26685 27331 26712 37042 26687 
6 : 27369 27354 27370 163632 264125 163633 
6 : 27442 27446 27440 117202 58309 58320 
6 : 27450 27448 27444 219085 152831 152821 
6 : 27557 27560 27545 240470 134322 134336 
6 : 27559 27558 27553 241819 200334 200328 
6 : 27561 27554 27550 209400 183958 183942 
6 : 27605 27602 27600 176605 98951 98943 
6 : 27636 27638 27646 186117 186125 202726 
6 : 27637 27635 27649 183038 195311 183055 
6 : 27717 27729 27722 91470 91465 145611 
6 : 27756 27758 27757 250087 250084 262138 
6 : 27762 27772 27766 156487 156483 200095 
6 : 27765 27761 27773 154483 171811 154496 
6 : 27774 27763 27771 167006 227788 166998 
6 : 27866 27869 27845 262944 43968 43971 
6 : 27906 27904 27909 35530 72993 35539 
6 : 3842 27925 27931 3853 3865 202072 
6 : 27924 27929 27921 197974 151474 151486 
6 : 27928 27927 27930 221648 235324 221653 
6 : 27948 27953 27940 246415 181254 181262 
6 : 28073 28084 28070 138346 50800 50823 
6 : 28090 28082 28071 254801 106797 106788 
6 : 28124 28134 28115 185983 76638 76653 
6 : 28129 28114 28127 69986 195053 69980 
6 : 28220 28227 28222 249186 249184 249733 
6 : 21063 28278 28277 21086 21081 221768 
6 : 28320 28293 28310 84239 245676 84223 
6 : 28366 28368 28364 220327 213227 213239 
6 : 28380 28382 28385 227985 227989 245709 
6 : 42 28395 28392 53 48 130705 
6 : 28394 28386 28388 40685 81607 40675 
6 : 28399 28401 28398 233370 232776 232781 
6 : 28400 28404 28406 236790 236791 261747 
6 : 28413 28433 28421 153487 153473 201862 
6 : 28532 28542 28535 78754 78744 100306 
6 : 28536 837 28540 842 103506 853 
6 : 28552 28551 28561 90092 128573 90106 
6 : 28557 28556 28560 195185 224619 195189 
6 : 28660 28664 28665 70642 70644 193377 
6 : 28662 28673 28667 168604 168599 242371 
6 : 6995 28686 28681 7006 7001 107512 
6 : 28698 28708 28705 123303 123301 184735 
6 : 28821 28817 28816 145301 80957 80950 
6 : 28840 28845 28837 222769 180820 180828 
6 : 28970 28974 28968 163726 145296 145310 
6 : 28992 28983 28984 150368 156257 150355 
6 : 28996 28990 28989 230452 223277 223266 
6 : 29014 29006 29007 157047 168724 157037 
6 : 29072 1109 29059 1130 105749 1116 
6 : 29128 29115 29116 164119 166090 164097 
6 : 101 29137 29142 112 124 177175 
6 : 29136 29145 29144 176172 176171 264039 
6 : 29181 29193 29194 162912 162913 250802 
6 : 29188 29185 29191 203562 217775 203567 
6 : 20440 29214 29217 20458 20462 259047 
6 : 29275 29284 29279 53753 53747 141775 
6 : 29291 29290 29281 256332 181488 181482 
6 : 29311 29313 29309 240044 226872 226876 
6 : 29426 29429 29438 53627 53633 100045 
6 : 29440 29436 29427 174675 74390 74378 
6 : 29441 29431 29432 117452 124810 117440 
6 : 29446 29460 29458 102228 102224 244935 
6 : 29450 29457 29444 166479 60565 60574 
6 : 29564 29566 29565 78684 78683 113662 
6 : 19635 29626 29621 19657 19651 225357 
6 : 29700 29696 29698 49889 166345 49881 
6 : 29705 29710 29706 43699 43695 137412 
6 : 29713 29719 29720 224197 224198 264212 
6 : 29723 29737 29736 52163 52162 244637 
6 : 29729 29724 29743 112437 153628 112453 
6 : 29730 29741 29731 180760 180753 201787 
6 : 29758 29750 29745 180579 90020 90009 
6 : 29759 29753 29746 211255 98838 98821 
6 : 29860 29854 29857 159841 221405 159840 
6 : 29992 29995 29988 189881 122373 122376 
6 : 29996 30000 29997 235604 235603 259579 
6 : 30008 30002 30011 130631 245980 130638 
6 : 30010 30005 30012 197977 262829 197979 
6 : 30137 30129 30134 54337 194811 54332 
6 : 30139 30133 30135 191343 196232 191332 
6 : 30144 30162 30149 75412 75393 173437 
6 : 30282 30285 30284 143666 143665 255219 
6 : 30303 30296 30299 176279 238580 176272 
6 : 30305 30297 30293 178825 149658 149643 
6 : 30316 30314 30306 244567 120664 120657 
6 : 30446 30460 30464 147353 147359 244801 
6 : 24783 30578 30568 24809 24791 123258 
6 : 14118 30583 30584 14127 14129 187658 
6 : 30718 30715 30720 106654 162130 106658 
6 : 30747 30741 30743 151661 190885 151654 
6 : 30768 30759 30771 65569 238307 65574 
6 : 202 30879 30867 221 203 32579 
6 : 30871 30870 30873 174285 191099 174291 
6 : 30894 30890 30887 211527 171085 171074 
6 : 30904 30909 30903 135662 110590 110599 
6 : 12516 30940 30941 12538 12540 262024 
6 : 31007 31017 31020 104740 104742 251998 
6 : 31012 31010 31013 178595 226333 178596 
6 : 31030 1143 31031 1159 232236 1165 
6 : 31035 31022 31027 54458 131894 54438 
6 : 11459 22621 31046 11458 11468 22631 
6 : 31151 31148 31154 111761 208665 111768 
6 : 31157 31156 31150 264611 157121 157119 
6 : 31168 31167 31175 192823 196840 192837 
6 : 31186 31201 31181 172083 106166 106191 
6 : 31196 31193 31178 235624 59392 59386 
6 : 25853 31294 31299 25862 25868 167455 
6 : 31297 31290 31300 111763 220504 111769 
6 : 31302 31301 31296 261705 184548 184547 
6 : 19843 31311 31322 19854 19866 125720 
6 : 31327 31334 31339 148488 148499 201975 
6 : 31330 31337 31341 186672 186678 245099 
6 : 31348 31371 31358 76118 76103 185538 
6 : 31459 31469 31470 79804 79805 243382 
6 : 31610 31611 31613 146843 146846 160303 
6 : 31616 31608 31615 99133 229076 99131 
6 : 31640 31648 31637 168764 157400 157419 
6 : 31698 31687 31691 140886 156231 140875 
6 : 31749 31762 31761 35948 35947 261510 
6 : 31754 31753 31756 122543 136954 122549 
6 : 31763 31781 31784 39278 39281 256311 
6 : 31764 31765 31766 55295 55297 55501 
6 : 31777 31774 31768 183673 132944 132940 
6 : 31778 31776 31782 208016 227119 208023 
6 : 31786 31794 31790 41174 41171 122515 
6 : 31799 31795 31785 169554 39160 39155 
6 : 31915 31923 31917 176051 176044 208640 
6 : 31919 31910 31911 96009 104604 95992 
6 : 31957 31952 6896 56180 6915 6897 
6 : 31966 31956 14808 147456 14836 14819 
6 : 31981 32001 31983 96498 96483 123453 
6 : 32054 32064 32058 127835 127831 199365 
6 : 32060 32056 32052 166774 37068 37060 
6 : 32084 32074 14208 86296 14243 14215 
6 : 32085 32081 32080 239533 220347 220336 
6 : 32137 32140 32141 247117 247121 252795 
6 : 32182 32192 32181 108371 92474 92493 
6 : 32193 32183 32191 113686 241318 113679 
6 : 32222 32221 32230 98815 112162 98842 
6 : 32229 32219 32220 37050 60300 37021 
6 : 32336 32348 32345 138350 138345 258139 
6 : 32351 32349 1047 53916 1057 1048 
6 : 32366 32387 32367 67787 67764 89921 
6 : 32379 32386 32385 228090 228086 253566 
6 : 19232 32495 32479 19256 19234 35878 
6 : 32514 32507 32501 147275 72390 72380 
6 : 32542 32523 32540 46186 236835 46181 
6 : 32629 32638 32634 202124 202120 251215 
6 : 32669 32666 32668 70323 123673 70322 
6 : 32673 32681 32677 150462 150458 201384 
6 : 32786 32777 32787 72131 223872 72134 
6 : 32801 32791 32795 40093 135459 40081 
6 : 32811 32827 32804 134644 56591 56610 
6 : 32938 32940 1855 73399 1859 1864 
6 : 33086 33075 904 38047 928 905 
6 : 33160 33170 33181 62636 62644 210302 
6 : 33162 33183 33180 93752 93750 253109 
6 : 33244 33243 33237 238398 127194 127193 
6 : 33262 33253 33274 77428 158301 77441 
6 : 33271 33257 33263 119433 173128 119421 
6 : 17556 1111 33287 1108 17564 1120 
6 : 33388 33381 33383 222871 241982 222861 
6 : 33390 33391 33400 53604 53612 92738 
6 : 33512 33518 33519 143840 143841 255971 
6 : 33516 33505 33523 44029 235079 44039 
6 : 33517 33507 33509 84838 127225 84822 
6 : 4741 33562 1660 4761 1659 1681 
6 : 33581 33578 33598 59849 113283 59872 
6 : 33609 33620 33610 219171 219161 231401 
6 : 33680 33685 33686 184551 184553 264592 
6 : 33690 33692 33701 114633 114648 187449 
6 : 33702 33688 33693 73677 194912 73665 
6 : 33740 33736 33742 122135 166216 122137 
6 : 33800 33808 33799 198377 189091 189108 
6 : 33801 33797 33789 171153 75995 75986 
6 : 33818 33826 33832 137827 137829 253608 
6 : 33820 33829 33812 178087 62663 62677 
6 : 33851 33838 33840 134742 156683 134728 
6 : 33951 33953 33927 264287 162432 162435 
6 : 33963 33957 33968 134408 231912 134418 
6 : 33972 33971 33975 57536 57771 57539 
6 : 33977 33985 33976 94284 92724 92741 
6 : 34111 34115 34117 61340 61341 190047 
6 : 34113 11188 34116 11199 109043 11206 
6 : 34139 34127 34126 129901 121154 121134 
6 : 34182 34169 34173 85652 100308 85638 
6 : 34251 34260 34261 144504 144510 252526 
6 : 34253 838 34259 849 177806 859 
6 : 34355 34340 34347 173886 214330 173872 
6 : 34404 34406 34403 226549 173234 173240 
6 : 34407 34396 3093 46076 3117 3096 
6 : 34411 34420 34415 127095 127088 226168 
6 : 34434 34424 34438 58536 174889 58541 
6 : 34453 34451 34463 124244 128707 124255 
6 : 34538 34547 34546 113138 113135 244504 
6 : 34539 20349 34535 20360 83012 20354 
6 : 34619 34621 34609 247724 173144 173147 
6 : 34697 34696 34708 41712 66967 41720 
6 : 34710 34707 34713 178454 215524 178462 
6 : 34724 34725 34719 199026 119223 119227 
6 : 12232 34882 34886 12242 12249 179820 
6 : 14137 34897 34877 14163 14142 85368 
6 : 34919 34922 34913 235018 205860 205865 
6 : 26310 34944 34940 26326 26320 217002 
6 : 34933 34935 34928 118621 40815 40820 
6 : 34937 34931 34939 85214 198831 85219 
6 : 35018 35032 35025 35504 35497 231592 
6 : 35042 35038 35045 171224 234237 171227 
6 : 35049 35034 35039 96051 207376 96037 
6 : 35051 35052 35059 114949 114964 126371 
6 : 35068 35060 35065 243351 263686 243348 
6 : 35190 35196 35199 146019 146025 251804 
6 : 35229 35224 35228 54352 128117 54350 
6 : 35246 35235 13998 224445 14028 14016 
6 : 35248 35244 35231 257187 178660 178654 
6 : 35324 35323 35335 58389 117078 58406 
6 : 35326 35332 35336 172268 172273 240965 
6 : 35327 9331 35325 9340 170870 9338 
6 : 35333 35328 35331 190093 236403 190086 
6 : 35343 35342 35347 137001 176066 137011 
6 : 35479 35477 32548 165552 32571 32562 
6 : 35487 35495 35490 81700 81691 131964 
6 : 35498 35492 35501 191926 240594 191932 
6 : 35509 35521 35526 125713 125721 226209 
6 : 35533 35532 35534 106138 128482 106140 
6 : 35697 35692 35691 164681 162083 162078 
6 : 26484 35787 35785 26491 26489 95884 
6 : 35938 35933 35932 136956 98585 98574 
6 : 36077 36074 36071 215089 195438 195437 
6 : 20105 36084 9942 20114 9939 9950 
6 : 36128 36127 36114 261992 182614 182612 
6 : 19204 36246 36244 19210 19208 113166 
6 : 36266 36273 36282 94032 94041 178460 
6 : 36291 36305 36299 136266 136259 238264 
6 : 36304 36288 36289 113747 115776 113728 
6 : 36379 36378 36385 197596 198300 197606 
6 : 36388 36401 3644 74820 3645 3667 
6 : 36397 36389 36398 90261 234412 90264 
6 : 36538 36540 36536 249805 238044 238047 
6 : 36586 36609 36603 112206 112198 238413 
6 : 36676 36685 36678 120017 120002 183788 
6 : 36683 36675 36677 98782 133795 98770 
6 : 36692 36698 36687 165132 88958 88969 
6 : 36812 36819 36816 174359 174357 254304 
6 : 36817 36813 36809 190473 92718 92702 
6 : 36833 36824 36823 109327 94854 94848 
6 : 36848 36860 14209 222393 14228 14245 
6 : 36940 36884 36949 36890 94859 36903 
6 : 36951 36941 36953 109333 233707 109338 
6 : 36956 36969 36954 71158 40009 40032 
6 : 36966 36962 36957 135319 84612 84607 
6 : 36968 36967 36963 257380 157310 157308 
6 : 15987 36988 36977 16019 16000 184654 
6 : 36976 11817 36975 11829 157176 11825 
6 : 36987 36982 36986 221135 251040 221130 
6 : 37105 37104 37100 259726 196863 196862 
6 : 37107 37099 37101 196195 204003 196185 
6 : 37116 37129 37118 134076 134059 178309 
6 : 37172 37178 37175 253435 253426 255571 
6 : 37230 37247 37233 83065 83048 187852 
6 : 37381 37391 37378 192076 122183 122203 
6 : 37389 37388 37377 257700 71332 71329 
6 : 37398 37399 37392 196989 54094 54100 
6 : 37404 29520 37396 29548 181655 29535 
6 : 37407 37401 37403 242214 252399 242206 
6 : 12412 37414 37408 12418 12413 40342 
6 : 37431 37416 37427 150704 246755 150699 
6 : 37434 37438 37439 72706 72707 143845 
6 : 37440 37452 37454 163312 163313 263986 
6 : 37553 37540 37537 132862 43382 43368 
6 : 37556 37559 37546 258574 177273 177276 
6 : 37687 37686 37685 249591 241229 241225 
6 : 37691 37693 37690 103279 96932 96939 
6 : 37712 37726 37729 149739 149745 260169 
6 : 37753 37744 37752 188975 235454 188973 
6 : 37862 37878 34358 87433 34366 34391 
6 : 37915 37906 37922 111511 210224 111523 
6 : 37968 37966 36341 149465 36350 36346 
6 : 37993 37999 38000 240990 240992 259608 
6 : 38091 38090 38093 241646 252205 241653 
6 : 38101 38099 38096 172180 49405 49402 
6 : 38102 38104 38095 232994 49283 49286 
6 : 38117 38114 38116 52914 167777 52913 
6 : 38118 38115 38121 115605 195093 115609 
6 : 10638 38131 14964 10642 10636 14971 
6 : 38218 38216 38223 110678 124874 110688 
6 : 38260 38261 38262 252512 252513 263321 
6 : 3210 38281 38273 3228 3221 194975 
6 : 38272 38277 38288 169832 169845 242844 
6 : 38311 38314 38304 261404 213032 213035 
6 : 38360 38353 38354 93800 131533 93786 
6 : 38376 38382 38379 143820 143819 224771 
6 : 38380 38374 38386 94649 234635 94656 
6 : 38381 38377 38371 147433 67469 67461 
6 : 38385 38373 38372 94410 92991 92967 
6 : 38428 38418 38412 202446 89779 89765 
6 : 38523 38517 38525 64187 160189 64190 
6 : 38536 38534 38530 263791 245164 245161 
6 : 38569 38571 10108 209091 10127 10129 
6 : 38573 38563 38572 58608 214552 58605 
6 : 38605 38593 38598 197931 218543 197922 
6 : 38648 38653 38661 85969 85973 157474 
6 : 38672 38675 38688 144178 144193 176774 
6 : 38722 38714 38726 142903 202147 142907 
6 : 38808 38806 38813 234260 239514 234267 
6 : 38814 38817 38821 53313 53316 148034 
6 : 38927 38916 38938 147900 233682 147915 
6 : 38946 10071 38944 10103 241384 10095 
6 : 38950 38949 38954 125688 128649 125692 
6 : 38956 38951 38959 155502 217369 155505 
6 : 27049 38979 38980 27067 27068 234458 
6 : 39003 39006 38989 228001 68897 68901 
6 : 39089 39083 39085 73722 192712 73717 
6 : 39090 39086 18050 207172 18069 18061 
6 : 39103 10700 39098 10734 213240 10720 
6 : 39120 39116 39110 229655 123665 123654 
6 : 39238 39230 39227 186329 107859 107845 
6 : 39239 39226 39235 92833 252147 92829 
6 : 39248 39254 39245 139555 129785 129799 
6 : 39253 39249 39244 163093 128621 128607 
6 : 39383 39381 39382 65420 71467 65416 
6 : 39395 39388 39401 203916 250441 203922 
6 : 39407 39403 39406 135099 163296 135097 
6 : 39415 39412 7970 236533 7997 7991 
6 : 39429 39442 39439 164286 164281 247406 
6 : 39557 39566 39554 77699 65389 65403 
6 : 20273 22623 39664 20271 20289 22642 
6 : 35292 39666 39659 35317 35298 116704 
6 : 39695 39694 39707 102307 144502 102321 
6 : 12840 39826 39825 12858 12857 263884 
6 : 39808 39806 39821 57005 88185 57031 
6 : 39812 39809 39818 97038 166677 97052 
6 : 39816 39815 39819 224213 224406 224219 
6 : 39822 39814 39820 219948 248155 219943 
6 : 16629 39861 39847 16644 16630 106069 
6 : 39968 39967 39969 109912 191543 109914 
6 : 39999 39996 40005 223307 237292 223312 
6 : 40003 39988 39993 80525 180932 80507 
6 : 40109 40106 40108 100234 129691 100231 
6 : 40119 40129 40118 82675 79944 79964 
6 : 40130 40120 40128 140329 262622 140327 
6 : 15333 40284 40271 15349 15341 149221 
6 : 40277 40288 40279 203880 203870 207372 
6 : 40298 40293 40300 94031 171371 94033 
6 : 40307 40301 40296 239410 149975 149970 
6 : 40327 28594 40323 28621 246171 28620 
6 : 40417 40419 40425 160545 160557 192019 
6 : 40442 40435 40428 186631 120812 120801 
6 : 40566 40562 40556 246448 189878 189872 
6 : 40643 40618 40642 60696 263707 60695 
6 : 40712 40717 16817 143299 16824 16851 
6 : 40728 40726 40731 208358 234620 208359 
6 : 40729 40720 40719 65828 51916 51894 
6 : 40799 40797 40798 242130 243841 242129 
6 : 40871 40872 40875 182866 182870 196140 
6 : 40896 40891 40889 163018 139354 139339 
6 : 40997 41006 41005 70720 70716 217328 
6 : 41003 41008 15570 196415 15586 15601 
6 : 41012 41030 41025 47568 47562 251644 
6 : 41014 41019 41015 186705 186702 191683 
6 : 41021 41024 41029 239242 239248 248298 
6 : 41154 41153 41159 124494 132039 124501 
6 : 41155 41168 41163 142460 142453 231784 
6 : 41173 41192 41177 162389 162377 208767 
6 : 41294 41299 41305 82423 82434 189787 
6 : 26928 41342 41333 26938 26929 81056 
6 : 6542 41361 41363 6559 6561 256172 
6 : 41393 9396 41370 9427 97962 9401 
6 : 41444 41437 41446 42352 241479 42354 
6 : 41489 41484 41495 119398 192982 119409 
6 : 41499 41508 41512 70484 70488 185073 
6 : 41562 41561 41568 60779 62356 60793 
6 : 41571 41573 41578 78287 78295 119321 
6 : 41576 41580 41577 182308 182307 184635 
6 : 41591 41605 41604 68278 68277 261250 
6 : 41595 41593 41590 107612 54805 54799 
6 : 41603 41599 41589 209566 42221 42215 
6 : 41621 41617 41619 190542 222282 190540 
6 : 41625 41611 41609 73470 56499 56466 
6 : 41641 41648 41637 213886 166143 166148 
6 : 27609 41698 41711 27615 27630 176450 
6 : 41706 41710 41705 261388 255141 255147 
6 : 41707 41697 41699 153128 179139 153108 
6 : 41722 41714 41733 94039 239411 94049 
6 : 33924 41792 41787 33949 33939 240502 
6 : 41854 41865 41857 213427 213417 226041 
6 : 41863 41855 41858 214440 229177 214433 
6 : 41878 41874 41887 199778 210419 199792 
6 : 41879 41880 41885 226546 226556 228483 
6 : 41978 41981 41987 152646 152654 196593 
6 : 41986 41980 26982 188177 27011 26999 
6 : 42000 41991 41995 49004 179225 49000 
6 : 42014 17332 42022 17340 160373 17360 
6 : 42107 42112 42108 97021 97013 152170 
6 : 42132 42127 42136 124782 221391 124787 
6 : 42137 42123 42130 47748 215365 47736 
6 : 42236 42232 42238 159474 243150 159480 
6 : 42246 42254 42242 172063 103445 103457 
6 : 42253 42249 42240 211100 60717 60712 
6 : 42265 42262 42270 128022 166651 128024 
6 : 42368 42385 42377 66995 66988 218131 
6 : 42390 42379 42374 227431 156148 156135 
6 : 27984 42510 42513 27988 27998 106982 
6 : 42512 42509 42511 84964 122966 84958 
6 : 42531 42537 4271 237768 4288 4297 
6 : 42535 42530 42536 224220 253438 224224 
6 : 42673 18624 42663 18648 115928 18631 
6 : 42685 42696 42698 97156 97159 232378 
6 : 42687 42697 42691 165847 165842 201023 
6 : 42699 42701 42690 254410 185183 185190 
6 : 42710 42708 42709 151455 189133 151452 
6 : 42712 42445 42711 42460 224515 42459 
6 : 42730 3715 1213 3739 1240 1207 
6 : 42739 42728 42737 229411 260608 229408 
6 : 3940 42802 42808 3942 3948 120652 
6 : 42816 42825 42819 99465 99459 182523 
6 : 42821 42823 42814 212494 43585 43590 
6 : 42838 42833 42836 120357 179121 120351 
6 : 42947 42951 42955 224511 224514 255814 
6 : 42959 6350 42963 6359 118487 6367 
6 : 43090 43092 43097 166870 166881 177934 
6 : 43112 43102 43101 182577 139007 138991 
6 : 43237 43248 43244 145153 145144 241608 
6 : 43242 43246 43234 230989 78011 78024 
6 : 43257 43256 43251 151251 50215 50213 
6 : 43282 43275 43271 105524 47937 47927 
6 : 43283 43290 43274 192704 72385 72403 
6 : 43393 43394 43396 89325 89329 91049 
6 : 43397 36911 43395 36923 139562 36918 
6 : 43411 43408 43418 58596 150284 58616 
6 : 43413 3006 43407 3019 56422 3007 
6 : 43428 43435 43443 198549 198556 249960 
6 : 43550 43557 43552 132446 132444 195054 
6 : 43551 43555 43553 138875 138874 210517 
6 : 43564 43561 43563 65230 159303 65228 
6 : 43611 43598 43613 64303 232395 64304 
6 : 5873 43702 43692 5888 5874 68196 
6 : 9332 43721 43715 9341 9334 108696 
6 : 14605 43713 43719 14606 14612 58391 
6 : 43717 43724 43714 122955 103516 103529 
6 : 43760 43768 43769 99128 99130 214800 
6 : 43772 43776 43759 237903 59039 59042 
6 : 43773 43766 43761 190642 106035 106024 
6 : 43774 43780 43767 242954 210424 210435 
6 : 43817 43820 43828 118515 118524 141150 
6 : 6778 43836 43838 6785 6790 209132 
6 : 43837 43831 43832 82898 138834 82885 
6 : 43842 43844 43841 257729 246028 246033 
6 : 43865 43845 43851 52193 139829 52177 
6 : 43975 43978 43982 119664 119666 218310 
6 : 43984 43988 43981 260962 230702 230704 
6 : 43987 43972 43979 61251 225716 61241 
6 : 44009 44010 44002 250471 231406 231413 
6 : 44079 44075 44067 171623 55378 55376 
6 : 44140 44160 44152 45175 45163 188009 
6 : 44148 44142 1661 59854 1669 1662 
6 : 44280 44282 44277 101373 58444 58449 
6 : 8257 44298 44295 8270 8263 139272 
6 : 44304 44299 44308 177878 224501 177887 
6 : 44310 44326 44332 48218 48228 223707 
6 : 44312 44330 44320 56166 56151 161153 
6 : 44313 44316 44328 79720 79729 129306 
6 : 37433 23905 44345 23904 37446 23922 
6 : 44336 44342 44348 72710 72719 218973 
6 : 44343 44351 44338 235597 91995 92014 
6 : 44431 44430 10040 241538 10062 10060 
6 : 44437 44444 2432 91265 2438 2451 
6 : 44440 44447 34949 103400 34953 34974 
6 : 44448 44438 44443 92865 182012 92852 
6 : 44456 44462 44460 115986 115983 166814 
6 : 44479 44483 44476 225987 176990 176993 
6 : 44554 44559 44563 103879 103885 229658 
6 : 44565 44568 44578 44601 44616 86259 
6 : 44581 44574 44582 219614 261031 219615 
6 : 38538 44597 44592 38559 38552 231681 
6 : 44693 44704 44701 162867 162865 245504 
6 : 44720 44716 44713 192012 117477 117469 
6 : 44755 44764 44757 226414 226409 243442 
6 : 44839 44838 44841 146562 211433 146567 
6 : 44903 44892 26239 168337 26271 26253 
6 : 44936 44931 44938 239726 263858 239727 
6 : 45024 45010 45030 50057 249144 50066 
6 : 45060 45073 45062 103653 103635 110236 
6 : 45124 45126 45131 186985 186991 250655 
6 : 45138 45145 40671 207989 40691 40698 
6 : 45142 45132 45135 50191 118067 50182 
6 : 45154 45166 45172 82261 82277 204156 
6 : 45216 45225 45218 177047 177043 209137 
6 : 5723 45304 45300 5743 5734 208361 
6 : 45297 45303 45290 147636 65819 65829 
6 : 45301 45302 45296 235528 139568 139571 
6 : 45359 45352 45357 203744 242734 203738 
6 : 45420 45425 45427 152440 152441 246929 
6 : 45422 13678 45418 13693 129608 13683 
6 : 45423 45424 45430 226545 226553 226858 
6 : 13500 4656 45447 4653 13513 4678 
6 : 42996 45556 45565 42999 43009 103208 
6 : 45566 45558 45561 108996 167964 108989 
6 : 45682 45692 45690 92515 92512 241696 
6 : 45685 45696 45684 173205 146864 146880 
6 : 45687 45680 45693 49609 216045 49614 
6 : 45701 45715 45719 94592 94596 260842 
6 : 45708 45710 45711 236783 236784 243057 
6 : 45727 45726 8926 111359 8934 8931 
6 : 45728 45721 45738 65526 170140 65541 
6 : 45827 45822 45828 53845 220778 53846 
6 : 45834 43294 45840 43300 155503 43314 
6 : 45843 45842 45837 249513 176890 176889 
6 : 45848 45852 45850 55557 55555 85117 
6 : 45855 45858 45849 118476 82515 82525 
6 : 45875 45876 45869 164721 127926 127927 
6 : 45973 45967 45966 163718 150046 150032 
6 : 36885 46085 25403 36905 25402 25426 
6 : 46246 46244 46241 229226 147257 147255 
6 : 46247 46243 46245 213897 229241 213893 
6 : 46259 46265 46266 227338 227341 250685 
6 : 46269 46261 46250 229574 63094 63081 
6 : 46361 46357 46364 52473 217705 52478 
6 : 46369 46378 46377 91903 91899 182257 
6 : 46524 46531 46532 85622 85625 229355 
6 : 46664 46661 46672 85132 230504 85145 
6 : 46669 46660 17891 82536 17925 17892 
6 : 46687 46680 46675 197026 102591 102574 
6 : 46709 46706 46705 257976 255637 255635 
6 : 46811 46810 46809 176433 90515 90514 
6 : 46840 46827 46831 154894 212306 154883 
6 : 46843 46858 46861 70626 70633 222024 
6 : 46874 46877 46869 178234 106774 106778 
6 : 46876 46872 46868 157776 104905 104900 
6 : 46934 46932 46935 185693 193145 185695 
6 : 11101 46960 46966 11117 11123 219328 
6 : 46951 46954 46959 50712 50718 106777 
6 : 46964 46958 46969 186510 237876 186514 
6 : 46974 46975 46976 74020 74021 81073 
6 : 47116 47108 47112 51987 183770 51985 
6 : 14628 47136 47134 14644 14642 214171 
6 : 47126 47124 29521 91725 29527 29524 
6 : 47247 47255 47231 225079 80962 80975 
6 : 47269 47265 47273 155420 201773 155440 
6 : 47272 1473 47270 1495 213968 1488 
6 : 47276 37455 47281 37461 89873 37471 
6 : 47282 47280 47283 181175 213150 181176 
6 : 47290 47288 47286 258501 236256 236254 
6 : 47328 47347 47337 130948 130940 204291 
6 : 47426 47428 47430 161496 161501 171208 
6 : 47427 47424 47431 124248 170095 124258 
6 : 47447 47443 47441 130843 128053 128046 
6 : 47453 47455 47451 248590 232198 232200 
6 : 47454 47449 47445 208332 158564 158557 
6 : 47470 47465 47472 209860 253332 209861 
6 : 47553 47548 47555 81054 148737 81060 
6 : 47677 47674 47675 126739 178924 126738 
6 : 47681 47682 47672 237508 74119 74120 
6 : 47696 47697 47691 173568 105628 105630 
6 : 47708 47710 47706 65790 50205 50209 
6 : 47829 47826 47835 145779 193051 145791 
6 : 47841 47845 47844 199177 199176 264178 
6 : 47922 47921 47902 260775 128016 128015 
6 : 47966 47972 47976 107553 107562 180317 
6 : 47971 47967 47973 111239 180100 111241 
6 : 47991 47985 47982 221066 170313 170306 
6 : 47995 48000 48008 60468 60479 126869 
6 : 48004 48003 48016 164029 182098 164048 
6 : 48006 48002 48015 161299 202804 161307 
6 : 48123 48122 48129 206491 208113 206499 
6 : 48127 48119 48126 128374 227782 128373 
6 : 34423 48145 48134 34443 34425 84140 
6 : 48132 48139 15090 66910 15092 15098 
6 : 47323 48211 48212 47329 47331 132745 
6 : 46382 48273 48264 46398 46386 118633 
6 : 48271 48274 48270 224245 223767 223780 
6 : 48285 48288 48289 212110 212113 259730 
6 : 48287 48282 48283 196861 203997 196851 
6 : 48326 48336 48344 104737 104744 240141 
6 : 48430 48427 48425 245728 238949 238947 
6 : 48435 33340 48449 33342 99069 33367 
6 : 48463 48461 48465 55763 85585 55765 
6 : 48468 48467 48479 143442 145566 143460 
6 : 48588 48591 8473 221643 8487 8503 
6 : 48603 48597 48595 140604 83532 83523 
6 : 48606 48592 31256 48921 31278 31257 
6 : 48607 48611 48594 246447 76208 76211 
6 : 48734 48725 48727 76524 108641 76513 
6 : 48740 48733 48739 175413 255381 175408 
6 : 48752 48744 48753 104732 205547 104736 
6 : 48765 48777 3329 173480 3345 3357 
6 : 48772 48762 48776 124113 226339 124121 
6 : 48849 48855 48846 121711 85984 86004 
6 : 48856 48851 48848 170294 108263 108241 
6 : 9031 48873 48868 9054 9047 232844 
6 : 48865 48869 48867 217389 217384 229884 
6 : 48871 48860 48866 134645 218665 134640 
6 : 48874 48863 48861 174584 135019 135006 
6 : 48897 48895 48891 259612 236925 236921 
6 : 48995 48992 49014 75549 100775 75577 
6 : 49012 49005 49001 221706 185710 185698 
6 : 49026 49021 49017 215379 120309 120300 
6 : 49061 49072 49075 109431 109435 242065 
6 : 49076 49065 49080 139331 248103 139335 
6 : 49104 49110 49084 258340 66788 66794 
6 : 49144 34666 49159 34668 88482 34692 
6 : 49149 49153 49163 112231 112249 198886 
6 : 49150 49145 49143 91305 51650 51644 
6 : 49155 49152 1380 164294 1402 1396 
6 : 49166 49171 49172 81397 81400 141068 
6 : 49184 49182 49179 254174 230333 230332 
6 : 49185 49181 49170 235177 134874 134869 
6 : 49299 49300 49302 170338 170341 176582 
6 : 49304 49298 49306 165807 243401 165814 
6 : 49330 49339 49331 122249 122238 164751 
6 : 21037 49448 49449 21044 21046 140379 
6 : 49493 49483 49482 132367 119600 119583 
6 : 49494 49481 49488 112264 179228 112255 
6 : 49569 49579 49577 97559 97551 210047 
6 : 49570 49574 49572 107334 107330 148638 
6 : 49584 49588 49586 175594 175587 194487 
6 : 49664 49663 6093 260859 6128 6127 
6 : 49739 49745 49747 220995 220997 254652 
6 : 49740 49750 49741 236398 236386 240755 
6 : 49746 49732 49751 64339 255725 64344 
6 : 49764 49757 49754 215298 132532 132519 
6 : 31346 49849 49843 31370 31365 224585 
6 : 49841 49846 40037 192832 40050 40065 
6 : 49863 49862 49859 235684 172952 172950 
6 : 49868 49855 49861 109954 224701 109945 
6 : 49920 49917 49904 213565 117797 117794 
6 : 7939 49976 49971 7965 7956 255389 
6 : 49975 49964 49974 192580 262850 192579 
6 : 49979 38127 49982 38132 112076 38134 
6 : 49986 49989 49983 187165 151429 151437 
6 : 50002 50008 50001 199902 197797 197806 
6 : 50020 50016 50015 128503 117785 117782 
6 : 50023 50019 50026 147365 202904 147368 
6 : 50039 50028 50038 222150 264551 222149 
6 : 50108 50114 50105 203346 126099 126114 
6 : 50111 50103 50109 95337 211970 95323 
6 : 50120 27407 50127 27414 124785 27427 
6 : 50123 50126 50129 172434 172438 244710 
6 : 50153 50140 50148 173599 255111 173593 
6 : 50160 20732 50161 20740 136058 20741 
6 : 50164 50173 50165 219918 219912 222537 
6 : 50166 50169 50176 222685 222695 241939 
6 : 50244 34047 1291 34060 1306 1289 
6 : 50256 50261 50253 225362 198176 198193 
6 : 50259 50251 50249 163447 103215 103203 
6 : 50260 12576 50254 12601 220148 12586 
6 : 50269 50273 50270 158277 158274 187678 
6 : 50298 50294 13680 262074 13711 13707 
6 : 22401 50385 18289 22423 18288 18320 
6 : 44910 50370 50378 44914 44929 62386 
6 : 50375 50373 50381 116801 216629 116811 
6 : 50376 50380 14213 218464 14227 14236 
6 : 50409 50422 50426 106272 106277 229837 
6 : 50411 50413 50419 125831 125836 152470 
6 : 50525 50522 50524 53098 56626 53094 
6 : 50565 50563 50580 155723 178156 155747 
6 : 50678 50685 50683 257753 257751 263146 
6 : 50681 50672 50680 184121 259438 184120 
6 : 50695 50429 50703 50447 194944 50457 
6 : 50704 50698 50705 210180 253258 210181 
6 : 50716 50720 50717 178235 178232 185697 
6 : 50721 50710 50711 93383 104913 93369 
6 : 49342 50850 50844 49360 49348 139493 
6 : 50848 50852 50849 220638 220631 231534 
6 : 50854 50855 50842 262460 111200 111201 
6 : 50873 50864 50861 223492 191514 191501 
6 : 50960 50968 50963 108435 108424 122676 
6 : 24551 50997 50995 24580 24579 264325 
6 : 50985 50981 50982 205248 207641 205246 
6 : 51004 43869 51000 43879 68042 43871 
6 : 51018 51012 51003 221632 114017 114005 
6 : 51117 51116 51119 204910 210798 204916 
6 : 51121 51113 51124 70860 246600 70865 
6 : 51135 51130 51136 152650 245040 152651 
6 : 51138 21829 51126 21843 90294 21830 
6 : 51142 37132 51151 37137 124781 37145 
6 : 51154 51153 51143 246203 167812 167809 
6 : 51157 51145 51144 193901 181583 181565 
6 : 51176 51161 51180 78773 228181 78781 
6 : 10943 51269 51273 10953 10956 202043 
6 : 51286 51306 51287 92127 92105 113549 
6 : 51307 51292 51303 168890 242776 168885 
6 : 51328 51324 51311 257825 83303 83297 
6 : 51434 32005 51440 32027 230321 32031 
6 : 51577 51576 51571 161903 80677 80675 
6 : 51582 51573 51584 93863 223755 93870 
6 : 51593 51601 23050 115207 23057 23073 
6 : 51608 51595 51591 171313 109687 109671 
6 : 51679 13885 51684 13898 187906 13905 
6 : 51681 51677 51680 177742 196716 177741 
6 : 51686 51683 51689 224697 249613 224703 
6 : 51813 51817 51824 103310 103325 179426 
6 : 51850 51828 51844 113945 252736 113940 
6 : 51853 21349 51858 21351 106086 21364 
6 : 51863 51857 36031 203422 36057 36048 
6 : 51970 51969 51974 155221 244883 155224 
6 : 51973 51966 51965 98542 91108 91088 
6 : 52018 52035 52023 90113 90099 199146 
6 : 52114 52113 13103 174589 13119 13117 
6 : 52189 52185 9611 231862 9635 9629 
6 : 13076 52202 52207 13086 13091 212940 
6 : 52252 52250 12117 65223 12119 12118 
6 : 52253 16024 44799 16031 44808 16022 
6 : 52254 52259 52251 145252 71223 71240 
6 : 52257 6197 52260 6214 236629 6218 
6 : 52273 52277 52274 212352 212349 225149 
6 : 52300 52303 52299 257300 255540 255545 
6 : 52418 52431 52421 101089 101071 182725 
6 : 52419 52428 52417 104971 79207 79239 
6 : 52620 52610 52623 110568 202583 110570 
6 : 52706 52704 52702 241280 218256 218254 
6 : 52726 52716 52712 127869 85530 85505 
6 : 46324 52764 52759 46333 46329 111532 
6 : 24810 52786 52796 24818 24828 117669 
6 : 52852 52846 52847 152586 165105 152575 
6 : 14490 52864 52870 14498 14511 161340 
6 : 52857 52859 52869 67575 67587 91219 
6 : 52863 52861 52873 129715 144077 129730 
6 : 52875 52876 52874 257581 252954 252958 
6 : 52911 52927 52908 127079 108208 108232 
6 : 53004 53000 53011 88314 206412 88320 
6 : 53012 53006 53002 230302 170986 170975 
6 : 53019 53016 7303 110267 7311 7308 
6 : 53157 53155 53159 200626 253356 200629 
6 : 53203 53191 53199 179373 234035 179366 
6 : 53318 53324 53326 219551 219553 260871 
6 : 53371 53357 53369 147062 248646 147061 
6 : 53480 53494 53489 130139 130134 234278 
6 : 53532 53534 53539 139321 139326 147055 
6 : 12263 53595 53594 12275 12273 152914 
6 : 53589 53600 53588 107922 99407 99434 
6 : 53592 53587 53590 83495 111631 83493 
6 : 53628 53640 53634 121888 121884 196388 
6 : 53635 35442 53636 35467 224928 35468 
6 : 53732 53735 53742 71003 71007 185163 
6 : 53741 53734 53731 163208 63632 63620 
6 : 53771 53776 53778 231822 231824 250067 
6 : 53854 4745 53864 4747 64013 4767 
6 : 53874 53884 53882 222528 222524 260248 
6 : 53897 30650 53886 30668 74060 30652 
6 : 53899 53889 53909 86411 223658 86421 
6 : 53946 32393 26240 32403 26255 26237 
6 : 54002 14309 54011 14312 82623 14328 
6 : 54012 54008 54004 205646 161071 161064 
6 : 54018 54017 54024 118985 159555 118995 
6 : 54031 2857 54025 2875 233247 2868 
6 : 54033 54027 54020 243849 181301 181292 
6 : 31058 54053 54055 31078 31082 255782 
6 : 54151 54156 54162 91050 91059 160313 
6 : 54163 54152 54157 108896 176700 108883 
6 : 54166 54180 54174 105484 105473 211974 
6 : 54199 54195 54188 188448 135460 135449 
6 : 54267 54265 54274 56442 145767 56455 
6 : 54428 1144 54425 1158 95606 1148 
6 : 54464 4534 54478 4535 64466 4552 
6 : 54491 54516 54492 97534 97510 104800 
6 : 38226 54554 54557 38235 38240 224209 
6 : 54551 54555 32987 165443 32993 33001 
6 : 54561 54566 2783 130828 2788 2799 
6 : 54575 54579 54581 88930 88933 110658 
6 : 54589 54585 54590 242070 251568 242072 
6 : 54604 54597 54612 118393 179718 118405 
6 : 54607 54594 54605 65374 199277 65370 
6 : 54621 54619 54637 78358 87000 78378 
6 : 54680 54687 54691 117042 117048 247508 
6 : 54689 54684 54681 230823 138006 138000 
6 : 54696 54709 54698 137501 137484 163855 
6 : 54710 54707 54706 247967 245464 245458 
6 : 54833 54832 7364 196449 7380 7378 
6 : 54861 54844 54842 94021 82008 81991 
6 : 4592 54895 54908 4602 4617 139356 
6 : 26757 54992 54995 26758 26761 67820 
6 : 55036 55039 55029 138700 57184 57189 
6 : 55062 9907 55061 9920 220137 9919 
6 : 55114 55124 55120 97307 97301 195907 
6 : 55142 55145 55131 227063 89471 89476 
6 : 55189 30680 55195 30699 231861 30703 
6 : 55277 55264 55275 169548 254000 169546 
6 : 55304 55303 55296 194203 77980 77978 
6 : 55306 55298 55301 134523 166344 134514 
6 : 55339 55351 19397 97898 19400 19408 
6 : 55406 55415 55408 155576 155568 168525 
6 : 21799 55419 55426 21805 21813 183119 
6 : 55528 55529 55527 218178 168492 168497 
6 : 55546 55537 55549 60948 192424 60958 
6 : 55668 55674 55665 176326 135673 135682 
6 : 55672 55676 25405 209674 25419 25425 
6 : 21012 55693 55682 21033 21015 97934 
6 : 55691 55694 55699 239684 239689 251194 
6 : 55721 55700 55728 63025 248797 63031 
6 : 55942 55940 55943 133236 187409 133240 
6 : 55955 55961 55950 187153 133129 133138 
6 : 55959 55967 55946 218948 64071 64095 
6 : 55974 51220 55988 51228 151538 51249 
6 : 56048 56049 56037 263327 242420 242422 
6 : 56077 56079 51893 192647 51904 51906 
6 : 56098 56085 56089 107769 192285 107752 
6 : 56104 56100 56113 80113 140977 80127 
6 : 56131 56140 56127 189453 154553 154570 
6 : 53163 56222 56229 53167 53177 136898 
6 : 56248 56235 56237 76788 120306 76776 
6 : 56356 56361 56357 95719 95715 122757 
6 : 56367 56382 56369 58275 58256 75750 
6 : 56370 56380 56384 96594 96596 251009 
6 : 56401 2401 56396 2422 155608 2414 
6 : 56507 56509 56518 136075 136087 169487 
6 : 56519 56508 56521 165986 260753 165990 
6 : 56531 56532 56533 252639 252640 255938 
6 : 56535 56524 56525 129962 176560 129937 
6 : 56537 56548 56542 90235 90230 168903 
6 : 56553 56551 56546 246862 201565 201549 
6 : 56671 56670 56316 240740 56347 56346 
6 : 56743 23052 56738 23068 192587 23064 
6 : 56812 56805 56799 218794 164224 164201 
6 : 56820 17241 56821 17249 189270 17251 
6 : 56823 56825 56824 200923 200922 223710 
6 : 56839 56849 56838 61295 59582 59602 
6 : 56845 37312 56850 37326 199032 37333 
6 : 56951 17421 42195 17431 42213 17419 
6 : 56957 56947 56946 110459 89022 88998 
6 : 56990 56983 56988 210861 240475 210860 
6 : 57083 57089 57081 227934 188073 188079 
6 : 30732 57216 57228 30738 30757 129288 
6 : 57214 45180 57220 45181 60035 45193 
6 : 57239 57245 57247 156726 156728 211375 
6 : 57249 57236 57251 101300 242534 101305 
6 : 57255 57260 57270 75304 75324 161079 
6 : 57363 57369 57365 141705 141696 175822 
6 : 20441 6351 57404 6348 20454 6369 
6 : 57406 57410 57397 232855 100688 100695 
6 : 57515 53061 57509 53085 173525 53072 
6 : 57519 57528 57533 58843 58853 212734 
6 : 57525 57530 57523 181006 158427 158442 
6 : 57534 51780 57535 51810 264798 51811 
6 : 57670 57676 57673 62583 62582 130840 
6 : 57688 57682 57686 248346 259285 248342 
6 : 57689 57685 57679 258755 212326 212320 
6 : 16120 1698 57695 1695 16126 1706 
6 : 57690 57711 57708 60485 60483 261246 
6 : 57699 57706 57698 145287 137050 137066 
6 : 57701 57703 57710 151635 151651 184381 
6 : 57712 57693 57697 96147 132000 96121 
6 : 57735 57734 57726 249037 228215 228213 
6 : 57789 57788 57802 137019 147907 137034 
6 : 57798 15988 33887 16008 33908 15986 
6 : 57856 30386 57866 30405 213149 30419 
6 : 57860 57859 57855 258595 193321 193319 
6 : 57923 57922 57929 101671 113766 101685 
6 : 57944 57933 57936 59238 134371 59231 
6 : 57955 57949 57947 247429 244944 244933 
6 : 57972 57966 57960 236713 108410 108395 
6 : 58042 58025 58047 63901 242169 63908 
6 : 58053 58056 41222 132901 41231 41236 
6 : 58152 58154 58160 212185 212191 236959 
6 : 58209 58204 58213 98254 221241 98259 
6 : 58210 58205 58206 107642 123653 107631 
6 : 58224 58231 33447 196842 33460 33471 
6 : 58238 58244 58235 167567 108240 108247 
6 : 58299 58290 58298 184187 250195 184184 
6 : 58346 58340 58348 156608 250990 156612 
6 : 58350 58339 58349 136671 264295 136670 
6 : 58363 58362 58355 236494 114449 114447 
6 : 58367 58361 58357 235115 153028 153023 
6 : 52146 54348 58376 52145 52159 54358 
6 : 58404 58396 58387 216569 103535 103524 
6 : 58478 58484 58493 86336 86345 201981 
6 : 58506 58500 58498 184007 158358 158343 
6 : 58537 58557 58547 180815 180805 238843 
6 : 58543 10042 58542 10056 221575 10053 
6 : 58618 57820 58624 57821 68161 57829 
6 : 58627 58623 58621 138077 128292 128285 
6 : 58647 58635 447 98540 466 451 
6 : 15384 58662 58677 15391 15407 126088 
6 : 48347 58672 58663 48365 48354 139371 
6 : 58781 58793 58788 177565 177559 251296 
6 : 58922 58923 58928 185568 185577 197327 
6 : 58927 58917 58925 108519 220142 108515 
6 : 58958 58959 58960 137577 137578 150766 
6 : 58961 58962 58953 173756 100650 100651 
6 : 59061 59060 59065 210413 224979 210415 
6 : 10346 59076 59070 10356 10348 111066 
6 : 31084 59077 59082 31096 31102 218191 
6 : 59073 59084 59083 144611 144609 253560 
6 : 59125 59129 59121 254359 222486 222490 
6 : 59128 27812 59115 27839 162332 27822 
6 : 59219 59224 59211 203883 70881 70887 
6 : 59227 59225 59215 249689 181012 181004 
6 : 59251 59266 51500 63365 51502 51527 
6 : 59270 59252 59257 75438 169765 75417 
6 : 59353 59349 59358 83876 169978 83881 
6 : 59360 59355 59352 187367 168906 168896 
6 : 59434 59439 59446 198246 198248 214495 
6 : 24663 59499 59506 24671 24687 165886 
6 : 23020 59511 59514 23022 23026 71958 
6 : 59515 59516 59519 130364 130371 131767 
6 : 59524 42767 59526 42792 248041 42794 
6 : 59529 59527 59523 263350 244932 244930 
6 : 59657 59660 58742 64659 58743 58751 
6 : 59686 59671 59669 69430 64905 64881 
6 : 59759 59764 59552 190377 59562 59569 
6 : 59769 59768 36460 257237 36485 36484 
6 : 59776 59786 59774 109413 81137 81152 
6 : 59785 59778 59779 129821 172949 129809 
6 : 59918 59913 59923 134085 197081 134100 
6 : 59955 59950 3098 140767 3108 3103 
6 : 19478 60055 60058 19489 19491 243018 
6 : 50839 60051 29020 50843 29019 29027 
6 : 4885 60071 60064 4898 4888 141784 
6 : 60187 16656 60186 16685 245623 16679 
6 : 342 60193 60202 346 355 128515 
6 : 60210 60217 60214 121029 121023 223421 
6 : 60221 60226 60237 90761 90771 191587 
6 : 60236 60223 24664 157595 24684 24670 
6 : 60261 60243 60255 104177 252279 104173 
6 : 60324 60321 60317 224077 175913 175909 
6 : 60333 60342 60338 104123 104117 180826 
6 : 60334 60330 35382 65498 35386 35383 
6 : 60343 18454 35970 18474 35991 18452 
6 : 60358 60361 60357 213814 210243 210249 
6 : 60434 35591 60446 35595 101498 35622 
6 : 60442 60431 60437 63230 138091 63224 
6 : 60461 60459 60460 258905 259798 258901 
6 : 14140 60554 60539 14168 14154 203144 
6 : 60600 60611 60602 64568 64557 70940 
6 : 60604 20795 24215 20802 24219 20793 
6 : 60661 60642 60656 66901 235235 66899 
6 : 60734 60733 35885 182237 35897 35896 
6 : 60751 60745 60756 107876 235231 107887 
6 : 60754 53036 60752 53052 244497 53047 
6 : 60773 60758 60762 70687 156047 70673 
6 : 60781 60787 60784 68743 68740 79620 
6 : 60886 60881 60888 136958 220603 136959 
6 : 60892 60885 60887 218875 230835 218865 
6 : 60925 12517 60926 12522 122015 12524 
6 : 60939 60937 60928 252493 161256 161252 
6 : 61045 61054 61049 115913 115907 188169 
6 : 61052 26985 61043 27002 90283 26987 
6 : 27631 61061 61067 27634 27644 181343 
6 : 61220 61211 61202 212582 100829 100812 
6 : 61368 61370 61371 219493 219498 236543 
6 : 61452 61454 61453 238589 238587 255909 
6 : 61467 61458 61455 139381 117482 117460 
6 : 61484 34049 25603 34063 25625 25601 
6 : 61526 61524 61539 134080 144118 134092 
6 : 61591 61602 61592 66236 66214 71850 
6 : 61603 61599 61605 253734 261188 253737 
6 : 61878 61872 61877 147028 229481 147026 
6 : 61879 32526 34794 32543 34821 32522 
6 : 61884 61896 61899 157989 157995 244877 
6 : 61891 61881 61889 92557 178794 92555 
6 : 61892 61883 61893 103700 211391 103701 
6 : 61908 61903 61912 100232 164745 100239 
6 : 61962 61967 18509 248076 18532 18538 
6 : 62007 62008 62000 264719 64096 64098 
6 : 13381 62014 62017 13391 13398 203579 
6 : 62020 62018 62015 259955 218950 218941 
6 : 28435 62052 62054 28451 28452 210651 
6 : 62055 62061 62057 224522 224518 249486 
6 : 62129 62133 62121 192803 99817 99824 
6 : 62141 62150 62147 142126 142123 237782 
6 : 62274 34569 62269 34599 210824 34586 
6 : 62283 62287 62277 199346 125291 125298 
6 : 33016 42998 62322 33015 33021 43000 
6 : 62404 62409 62415 172154 172160 233167 
6 : 62417 62412 62413 246380 254125 246375 
6 : 62557 62555 47925 201909 47960 47939 
6 : 62637 62628 62627 123999 117134 117120 
6 : 62688 62696 62690 97252 97242 116659 
6 : 62689 62691 62699 111821 111835 121488 
6 : 62694 62702 14173 169365 14182 14199 
6 : 62707 62713 3188 204010 3197 3203 
6 : 62734 62733 62728 246872 212111 212106 
6 : 62745 62754 62739 235539 99036 99044 
6 : 62752 62746 31569 237815 31599 31594 
6 : 33017 62835 62841 33026 33039 223379 
6 : 62839 62829 62838 89322 256343 89321 
6 : 62851 62858 62852 213466 213464 217465 
6 : 62908 62904 62902 179883 163007 163006 
6 : 62961 62957 62968 155524 202096 155543 
6 : 62963 62964 62958 228298 176014 176015 
6 : 62971 62959 62956 181997 68478 68457 
6 : 62985 62979 62974 144842 97902 97894 
6 : 62987 62980 62989 147571 244284 147572 
6 : 62995 62992 62998 68543 126484 68553 
6 : 62996 63003 62997 186785 186778 193914 
6 : 63099 63105 63107 129897 129900 241971 
6 : 63111 63109 63124 68010 92032 68023 
6 : 63112 63119 63123 99369 99374 209908 
6 : 63132 63143 63147 108998 109002 241657 
6 : 63134 63133 63144 134053 136807 134067 
6 : 63145 63137 63136 189547 153408 153399 
6 : 63172 63180 63158 234189 129160 129170 
6 : 63262 63269 63266 196495 196494 247641 
6 : 63265 63260 63258 146091 94076 94062 
6 : 63287 63285 63277 247842 90241 90236 
6 : 63290 4627 63280 4651 231137 4636 
6 : 63381 63379 63378 188396 167723 167712 
6 : 63394 63393 63395 230172 235091 230173 
6 : 63399 63388 63397 137546 253210 137541 
6 : 63432 29147 63434 29170 253129 29172 
6 : 63526 63539 63528 192069 192057 226658 
6 : 63537 63523 63535 158376 257023 158374 
6 : 63559 63556 63558 232961 246058 232959 
6 : 63650 63643 63645 210808 226571 210796 
6 : 63671 63669 63681 113977 143722 113984 
6 : 63672 63684 63677 147623 147611 211449 
6 : 63802 18014 63805 18022 136754 18027 
6 : 63814 60525 63813 60531 74247 60527 
6 : 63820 254 63827 273 205523 285 
6 : 63825 63817 63823 170398 250926 170392 
6 : 63873 34988 63878 35010 248450 35011 
6 : 63957 63962 63966 157923 157931 246130 
6 : 63969 63973 57437 121024 57444 57455 
6 : 15669 63983 63992 15674 15691 120759 
6 : 63981 63986 63980 67638 66102 66120 
6 : 63987 47755 45783 47778 45808 45779 
6 : 63991 63982 63988 86023 240355 86020 
6 : 64004 64003 64005 180586 187997 180590 
6 : 64099 64100 64105 65184 65191 91280 
6 : 64104 64109 64112 170913 170916 253997 
6 : 64111 64106 64107 181100 187022 181089 
6 : 64114 64117 64125 66885 66898 92736 
6 : 64186 64198 64200 137521 137525 252051 
6 : 64236 64239 64244 186226 186234 214581 
6 : 64237 64242 31857 204791 31872 31882 
6 : 64272 64281 64267 207623 136525 136535 
6 : 64274 57327 64279 57343 231823 57350 
6 : 64392 64386 64384 148973 82621 82615 
6 : 64411 64410 19869 108056 19876 19871 
6 : 64421 64408 64420 83911 218252 83908 
6 : 64425 64418 64416 202656 173683 173672 
6 : 64514 64511 64524 91727 144291 91745 
6 : 64516 64509 64513 67612 140285 67608 
6 : 64525 64536 4536 97177 4537 4558 
6 : 64529 64537 64533 148928 148920 214559 
6 : 64548 64554 64540 232834 96819 96831 
6 : 64563 20796 64572 20804 139156 20819 
6 : 64662 51867 64670 51876 207499 51888 
6 : 64783 64785 5401 172631 5412 5418 
6 : 64800 36780 64803 36798 238680 36803 
6 : 64922 64916 64926 113862 213126 113871 
6 : 64929 64927 53693 261447 53729 53724 
6 : 64931 64932 64945 66532 66551 93420 
6 : 64943 56017 64942 56044 249821 56040 
6 : 64946 64852 64947 64874 262867 64879 
6 : 50875 64979 64978 50892 50891 226111 
6 : 65006 65004 64996 210039 148649 148645 
6 : 65047 65059 65045 120419 103818 103843 
6 : 65048 41768 65049 41771 153690 41773 
6 : 65069 65073 65062 223063 97447 97459 
6 : 2404 65082 65088 2413 2429 150910 
6 : 65077 65086 65083 75636 75632 224408 
6 : 65087 65078 64475 88184 64505 64480 
6 : 65095 15859 65111 15866 156546 15885 
6 : 65114 65109 65093 253092 122086 122079 
6 : 65176 34448 65175 34462 192662 34461 
6 : 65188 65185 65193 132849 152134 132854 
6 : 65189 65199 65201 170912 170914 240860 
6 : 65197 65192 65196 181094 219422 181093 
6 : 65256 65252 65264 165650 207703 165657 
6 : 65321 65316 65313 143173 72927 72918 
6 : 65324 65314 65317 94760 157477 94748 
6 : 6664 65335 65329 6681 6669 165110 
6 : 65345 65354 65347 102268 102257 195496 
6 : 65454 65452 65458 124246 142106 124257 
6 : 65596 65601 61752 236771 61769 61775 
6 : 65605 65610 65603 112665 105759 105764 
6 : 65607 64203 65619 64208 133119 64229 
6 : 65624 65625 65639 70845 70861 130740 
6 : 65717 29797 65710 29812 90287 29798 
6 : 65764 55731 65747 55761 180736 55745 
6 : 65837 65842 65845 156325 156328 213849 
6 : 65844 65836 65840 155715 195965 155707 
6 : 65851 65856 65861 95700 95707 203897 
6 : 65868 65857 65862 205543 244645 205538 
6 : 65765 57276 66015 57275 65771 57284 
6 : 37860 66040 66034 37874 37870 191183 
6 : 66036 66035 66038 192260 223754 192264 
6 : 66037 66042 11193 231961 11214 11216 
6 : 66039 66031 66041 152491 237715 152494 
6 : 66157 66169 66167 177419 177417 258795 
6 : 66164 66170 66158 249857 196549 196557 
6 : 66282 66280 66287 86326 121206 86338 
6 : 55540 66325 60968 55550 55538 61004 
6 : 66349 66336 66350 161324 252310 161327 
6 : 66432 66434 66426 255956 102071 102073 
6 : 66443 66441 66449 207716 224286 207731 
6 : 66450 66448 66445 258545 230714 230711 
6 : 45722 66586 61518 45724 45720 61522 
6 : 66585 66588 10837 88028 10840 10844 
6 : 66694 66692 66695 235576 263491 235577 
6 : 66696 16597 66691 16622 220818 16611 
6 : 7141 66706 66702 7156 7150 171612 
6 : 22968 66714 66711 22987 22983 248488 
6 : 66700 66697 35731 95832 35738 35735 
6 : 66705 66698 66703 98435 195215 98433 
6 : 66715 66725 66726 114852 114855 200847 
6 : 66731 66719 66718 175535 152593 152576 
6 : 58138 66828 66826 58143 58140 89373 
6 : 66840 66838 60969 168806 60986 60981 
6 : 66853 47140 50068 47154 50086 47139 
6 : 66936 66945 66938 195807 195799 227792 
6 : 48593 66956 66951 48608 48602 189874 
6 : 67089 67093 54376 86592 54382 54393 
6 : 67097 67099 67095 241851 237664 237665 
6 : 67104 67112 67117 103184 103191 222272 
6 : 67109 67114 67105 151018 130727 130735 
6 : 40191 67142 67136 40220 40208 235126 
6 : 67140 67128 41395 102294 41427 41400 
6 : 67242 67237 67234 143438 69587 69572 
6 : 67368 67384 67371 85605 85589 148248 
6 : 67374 67369 67377 106732 184419 106738 
6 : 67378 67370 67373 118998 181291 118989 
6 : 67390 67386 67403 67456 122510 67479 
6 : 67400 67388 67394 94408 201169 94397 
6 : 67526 67534 67543 164748 164754 218729 
6 : 67632 67647 47758 119130 47762 47787 
6 : 67651 20080 67653 20090 167372 20093 
6 : 67652 67649 67661 90781 170915 90791 
6 : 67659 67657 28170 208133 28195 28189 
6 : 1146 67748 27879 1155 1142 27887 
6 : 67759 67747 67742 185275 76005 75988 
6 : 67804 67811 67807 70406 70400 125646 
6 : 67810 67815 67808 156735 143350 143370 
6 : 67864 37252 67845 37273 100796 37255 
6 : 67945 67941 67942 183438 213072 183435 
6 : 67963 67957 67966 184662 233859 184675 
6 : 67975 67972 67977 170089 193791 170094 
6 : 67983 67980 17589 243884 17621 17612 
6 : 68033 68020 68027 202509 258251 202503 
6 : 68077 68074 68081 154135 206703 154146 
6 : 68085 25407 68100 25408 82066 25432 
6 : 68102 68101 68096 263839 227708 227707 
6 : 68130 68131 68145 101759 101775 112708 
6 : 68220 68224 68216 255783 192446 192456 
6 : 68230 68234 16181 191470 16193 16207 
6 : 68233 47585 68229 47603 161753 47594 
6 : 68252 68248 68243 160544 94930 94926 
6 : 28260 68273 68263 28279 28262 107624 
6 : 68272 68269 54795 196042 54817 54808 
6 : 68301 68307 68305 258338 258337 263545 
6 : 10786 68360 68347 10807 10791 158979 
6 : 68363 68365 35406 73972 35407 35414 
6 : 68399 68396 68394 159873 157720 157714 
6 : 5983 68519 68531 5985 5997 96088 
6 : 68535 68532 68525 228558 152615 152607 
6 : 68550 68558 68552 172560 172554 193739 
6 : 14879 68633 68640 14884 14895 126374 
6 : 26608 68643 68639 26623 26619 245397 
6 : 68648 66627 68660 66631 105880 66650 
6 : 68649 68662 68646 155164 74643 74663 
6 : 68674 68664 68686 85477 187513 85501 
6 : 68683 68665 68669 113163 138223 113142 
6 : 68777 68774 68790 158304 185329 158322 
6 : 68782 68788 68785 219594 219591 242664 
6 : 68789 68773 68776 125170 177233 125151 
6 : 32087 68807 68806 32102 32101 210104 
6 : 68924 68919 68926 194361 251916 194365 
6 : 69028 69007 69019 120081 212597 120072 
6 : 69066 69077 69078 92459 92460 210310 
6 : 69071 69076 69074 193366 193365 197187 
6 : 69087 69091 69085 232575 217939 217950 
6 : 39668 69097 69101 39674 39680 176440 
6 : 69216 69220 69213 221082 180144 180153 
6 : 28632 69229 69230 28644 28646 208481 
6 : 69243 69244 69253 161605 161618 169068 
6 : 69249 69240 69247 137519 218852 137515 
6 : 69343 69341 22756 166141 22769 22765 
6 : 69347 20913 69336 20934 81864 20914 
6 : 69359 69357 69352 195983 137773 137771 
6 : 69364 69365 69363 263609 253266 253269 
6 : 69368 69383 69367 131756 120643 120666 
6 : 69485 69479 18929 186971 18957 18940 
6 : 69487 69475 69471 152909 106676 106653 
6 : 69489 69476 69473 161762 125899 125877 
6 : 69493 69504 69497 175880 175871 224715 
6 : 69501 69499 69500 244843 248888 244840 
6 : 69510 69507 69511 116160 150527 116161 
6 : 69515 48232 69508 48255 119725 48237 
6 : 69529 69526 5141 161125 5160 5150 
6 : 69599 24112 25129 24119 25136 24110 
6 : 69614 69610 69615 146857 258662 146859 
6 : 3060 69695 69712 3064 3082 113939 
6 : 20320 69718 69716 20324 20322 87918 
6 : 69758 69749 67177 105529 67201 67179 
6 : 69764 69759 69750 238029 105914 105907 
6 : 69858 69868 69867 96270 96268 229698 
6 : 69875 69887 69883 74871 74868 195494 
6 : 69881 26954 69888 26960 158387 26971 
6 : 69884 69890 69889 207561 207559 245805 
6 : 58632 69910 69894 58651 58634 87347 
6 : 69896 4170 69911 4173 91109 4201 
6 : 69897 69893 21096 84025 21108 21099 
6 : 19458 70007 17448 19466 17445 17464 
6 : 70010 70009 70012 243870 244018 243875 
6 : 70033 70028 70015 237306 106546 106536 
6 : 70147 56678 70150 56684 123975 56689 
6 : 70148 70155 70158 135157 135159 261272 
6 : 70154 70152 70153 244484 244595 244483 
6 : 50042 70163 70165 50044 50046 134082 
6 : 70174 70179 70181 249139 249143 256310 
6 : 34605 70191 70185 34618 34608 138003 
6 : 70188 11851 70186 11867 173137 11865 
6 : 70190 70197 70189 231038 193989 193996 
6 : 70294 70296 70297 96919 96920 198716 
6 : 70351 70360 64312 154541 64322 64337 
6 : 70428 70423 70430 81345 199693 81351 
6 : 70431 70425 70426 171723 192745 171714 
6 : 70433 70427 70434 194139 229854 194140 
6 : 70572 70577 37185 139682 37192 37200 
6 : 70574 70578 21221 160665 21226 21231 
6 : 70588 448 70597 454 155225 472 
6 : 70600 70603 70602 194517 194516 210377 
6 : 70617 70632 70614 120617 88735 88754 
6 : 70621 70635 70634 176187 176186 262666 
6 : 70656 70643 70661 193720 256441 193727 
6 : 70708 35593 70706 35623 246977 35617 
6 : 70709 70714 70711 91147 91141 97919 
6 : 44068 70746 70740 44091 44087 244733 
6 : 70734 70737 70728 209348 102445 102449 
6 : 70780 8283 70787 8300 238527 8305 
6 : 41654 70827 70825 41670 41666 185915 
6 : 70836 70841 70837 180644 180636 187355 
6 : 70842 70834 70832 155023 122208 122178 
6 : 70909 70904 70901 151751 102285 102278 
6 : 70962 70966 70960 127396 94004 94014 
6 : 70967 15206 4593 15223 4612 4586 
6 : 70968 70973 70970 239475 239472 259683 
6 : 43446 70986 70979 43458 43452 168900 
6 : 71113 71110 71109 198163 183311 183298 
6 : 71258 71251 71256 200038 252651 200033 
6 : 71268 71261 71267 101768 233887 101767 
6 : 71276 71275 71271 170383 86933 86930 
6 : 71304 71297 71296 219134 208781 208771 
6 : 8213 5112 71389 5109 8227 5132 
6 : 71385 71383 71390 107391 206425 107400 
6 : 71486 71473 71482 143361 205687 143359 
6 : 71517 71522 71514 223188 199042 199049 
6 : 71518 71512 71520 184240 237445 184243 
6 : 71626 46444 71628 46447 97907 46464 
6 : 71629 71633 71630 263294 263289 263560 
6 : 71635 71641 71643 95585 95587 228682 
6 : 71668 60812 71679 60814 74753 60830 
6 : 71687 71678 71675 240074 146465 146452 
6 : 71752 71749 71761 109695 161460 109707 
6 : 71769 71775 71780 122874 122879 214251 
6 : 71785 71800 31408 111247 31410 31438 
6 : 71788 71792 71798 179856 179869 230467 
6 : 71795 71784 71786 78675 153853 78659 
6 : 71889 71891 71887 100018 97915 97918 
6 : 71896 71911 71903 99217 99211 234759 
6 : 71916 38540 71924 38548 191634 38554 
6 : 72011 20274 72016 20278 149725 20290 
6 : 72033 72020 72018 173924 125432 125413 
6 : 72040 72055 72045 195006 194997 234714 
6 : 72041 72036 72046 149142 215457 149146 
6 : 72156 72152 72150 247122 221837 221826 
6 : 72158 72149 72157 177546 264695 177545 
6 : 13482 72165 72163 13493 13490 193422 
6 : 29298 72171 72178 29302 29308 129550 
6 : 36083 72190 72189 36102 36101 262091 
6 : 72204 11641 72199 11659 192440 11654 
6 : 72267 72272 72284 112057 112073 177826 
6 : 72273 72276 72271 192641 174178 174186 
6 : 72298 72295 72292 194490 148676 148666 
6 : 25877 45 72430 41 25882 51 
6 : 72429 72438 72439 131707 131711 234214 
6 : 72539 72542 72537 223543 188800 188810 
6 : 72547 72559 72558 84301 84297 263291 
6 : 72553 72548 72557 162514 244717 162518 
6 : 72575 72581 72578 249477 249475 263118 
6 : 72591 72584 72583 119428 98091 98077 
6 : 64287 66796 72675 64285 64299 66806 
6 : 72680 72672 72681 104889 258073 104890 
6 : 72685 72695 72683 126774 113410 113423 
6 : 72692 72690 72684 195492 124141 124135 
6 : 72703 72712 72716 82998 83002 234574 
6 : 72846 30836 72842 30841 98671 30838 
6 : 9431 72872 35732 9435 9430 35736 
6 : 72944 72941 72943 198610 235264 198608 
6 : 72948 72959 72960 122245 122248 259591 
6 : 72961 72946 72954 77731 201718 77717 
6 : 72973 72980 72963 156808 87711 87721 
6 : 73073 73072 38765 169381 38783 38777 
6 : 54058 73086 73089 54068 54071 192008 
6 : 73084 68240 73093 68244 106332 68261 
6 : 73091 73088 73081 200538 84347 84343 
6 : 73173 73160 73157 235787 214837 214819 
6 : 64951 72322 73210 64950 64961 72349 
6 : 73223 73219 34629 200180 34665 34647 
6 : 29867 73227 73232 29869 29873 133025 
6 : 73342 73335 73337 147853 196307 147847 
6 : 73344 73341 73340 221540 216587 216574 
6 : 29467 11821 25933 11816 25928 11815 
6 : 73348 73355 73353 113909 113904 204897 
6 : 73356 73357 73354 243828 214706 214707 
6 : 70726 73400 73412 70729 70748 122323 
6 : 73394 73408 73401 88824 88813 148460 
6 : 73611 73610 73614 160867 163721 160868 
6 : 73616 73622 73613 196917 174770 174788 
6 : 73634 11486 73629 11510 225125 11499 
6 : 73639 73644 73652 132807 132823 206322 
6 : 73660 73659 73667 125493 131856 125499 
6 : 73745 73752 73748 178371 178364 211540 
6 : 73765 73775 73759 210854 175525 175540 
6 : 73771 39469 73773 39486 263305 39487 
6 : 73781 73782 73779 156598 122992 122996 
6 : 73875 73877 73880 161107 161116 183812 
6 : 73883 73889 73884 77425 77423 105087 
6 : 73897 73899 5142 231145 5166 5167 
6 : 39129 41737 74014 39125 39139 41761 
6 : 74008 74017 74015 135728 135726 258923 
6 : 74019 10395 74016 10425 262659 10421 
6 : 74025 54891 74040 54900 206618 54914 
6 : 74142 74140 74149 111390 178041 111405 
6 : 74171 74153 74158 105686 148630 105669 
6 : 74173 74151 74155 74911 117568 74885 
6 : 74176 74177 74189 124560 124574 139421 
6 : 29766 74227 74239 29777 29791 180709 
6 : 74281 74280 74283 147450 214338 147451 
6 : 74286 74279 74278 111673 80974 80948 
6 : 10017 56053 74293 10015 10029 56064 
6 : 74296 34328 74289 34356 126427 34336 
6 : 74306 74313 74310 211202 211197 245462 
6 : 74308 74311 74300 232752 132258 132263 
6 : 74330 74336 74335 218272 218270 252401 
6 : 74367 74368 74348 264692 185759 185760 
6 : 21672 74405 74403 21691 21684 192363 
6 : 74413 74416 74417 174239 174240 215248 
6 : 74415 30837 74423 30847 182771 30863 
6 : 74552 74548 74542 242605 158165 158158 
6 : 74580 74585 74581 212340 212335 213420 
6 : 74676 48082 74681 48091 168545 48102 
6 : 74677 74678 74683 175492 175497 186984 
6 : 74805 74803 74807 232422 257157 232424 
6 : 74827 27410 18015 27420 18025 18011 
6 : 74830 59229 74833 59235 209821 59244 
6 : 74842 74848 74838 160586 102798 102810 
6 : 74917 74915 74924 190128 193812 190139 
6 : 74930 74926 74937 94898 129588 94906 
6 : 74973 74970 74983 159876 217180 159886 
6 : 74979 74976 74984 238668 255279 238674 
6 : 17536 75048 54082 17539 17535 54087 
6 : 75049 75047 75051 98553 172439 98554 
6 : 75054 75053 75050 208090 172507 172493 
6 : 75083 42591 75081 42605 171718 42603 
6 : 75092 75077 75074 116871 81366 81335 
6 : 75243 75237 75242 162214 233293 162212 
6 : 75252 23295 75255 23298 103909 23299 
6 : 75338 75333 75330 191076 94180 94172 
6 : 75379 75375 75368 247554 128163 128157 
6 : 75486 75496 75498 112429 112432 249116 
6 : 75509 75508 75521 173230 199787 173249 
6 : 75513 25575 75519 25590 240226 25592 
6 : 75616 75606 21098 98539 21123 21103 
6 : 75620 75615 75621 232304 257874 232306 
6 : 75659 75644 75651 145145 195059 145135 
6 : 75677 75683 75672 247364 205438 205444 
6 : 75757 75767 75765 86019 86016 202733 
6 : 75763 75758 75771 133384 191815 133406 
6 : 75775 75776 75777 112457 112459 120746 
6 : 75783 67629 75785 67641 236364 67648 
6 : 12210 75795 57887 12224 12209 57904 
6 : 75802 75819 75817 135749 135745 263749 
6 : 38410 75908 75912 38414 38417 129770 
6 : 75907 75915 75918 104102 104108 246979 
6 : 16521 75956 75945 16541 16531 200873 
6 : 76025 76038 76034 190418 190413 248013 
6 : 76160 76158 11154 248165 11180 11175 
6 : 76167 76181 76183 154866 154869 254281 
6 : 76191 76203 76201 126441 126437 222419 
6 : 76298 76304 76307 125821 125825 242768 
6 : 76300 76301 76305 186366 186371 216636 
6 : 76348 390 76354 404 242529 412 
6 : 76431 76434 76428 189059 157893 157897 
6 : 22823 76452 76447 22835 22832 221407 
6 : 76444 76450 76442 197989 194064 194074 
6 : 76547 76549 76555 94833 94842 136085 
6 : 76561 76567 76575 87033 87046 190815 
6 : 50390 76583 76596 50394 50402 105633 
6 : 76589 39776 76591 39786 202305 39788 
6 : 76715 76722 76720 184962 184961 226300 
6 : 76728 76732 76736 116042 116047 165976 
6 : 76729 76731 76745 125691 125705 162539 
6 : 16028 12120 76747 12111 16029 12121 
6 : 68155 76844 76850 68159 68168 151530 
6 : 76858 76860 76878 87634 87654 105682 
6 : 76979 76972 76976 124848 231538 124833 
6 : 76994 76985 76993 153741 263135 153738 
6 : 77025 77036 77031 199446 199440 239276 
6 : 77112 76603 77106 76620 209051 76613 
6 : 77121 77127 77133 108930 108934 221680 
6 : 77129 77132 77118 233276 80902 80905 
6 : 77137 77136 77126 263528 204142 204140 
6 : 24352 45338 77140 24351 24356 45344 
6 : 25576 77156 77147 25596 25587 205957 
6 : 77149 77145 77139 178335 128727 128724 
6 : 77166 77171 77172 206568 206569 239515 
6 : 77170 77168 77176 208258 235335 208264 
6 : 55279 77268 42058 55290 42056 42074 
6 : 77267 77272 77265 221563 204284 204299 
6 : 77301 77313 77298 178569 145036 145046 
6 : 77374 77388 44099 127424 44102 44130 
6 : 77382 77386 38879 246686 38899 38907 
6 : 77396 77399 77395 248137 247471 247473 
6 : 77398 77391 77403 165465 256489 165468 
6 : 77402 77394 77400 244402 258711 244401 
6 : 15183 77414 77408 15191 15187 126183 
6 : 77433 77429 77424 161126 128059 128049 
6 : 77513 77504 7211 126438 7229 7216 
6 : 77545 77538 77552 91186 199739 91201 
6 : 77548 77539 77546 110077 211537 110073 
6 : 57559 77640 77642 57571 57574 243272 
6 : 77660 77646 77648 118825 122073 118812 
6 : 77666 77688 77676 120622 120615 241221 
6 : 77685 77689 77677 263359 244229 244233 
6 : 77779 77782 77770 244622 138002 138004 
6 : 77793 77796 77788 213062 143231 143232 
6 : 36408 32260 77800 32257 36414 32266 
6 : 53868 49267 77811 49265 53883 49291 
6 : 12673 77892 77898 12681 12689 229276 
6 : 77916 77905 68739 117368 68761 68741 
6 : 77940 77923 77933 100828 236605 100818 
6 : 78062 78058 78061 115981 144916 115979 
6 : 78090 78087 78084 205347 191033 191024 
6 : 78162 78165 78156 146426 87679 87685 
6 : 78318 78315 78325 161122 202280 161135 
6 : 78324 78321 78320 239161 220876 220868 
6 : 78326 78313 67899 102117 67938 67903 
6 : 78331 78334 11001 194445 11011 11018 
6 : 78350 78355 78341 239020 123334 123343 
6 : 78356 22006 52488 22033 52520 22003 
6 : 78453 28408 78451 28416 94616 28411 
6 : 78461 78469 78466 79432 79429 192907 
6 : 78467 78476 78472 208187 208183 236956 
6 : 78482 78493 78487 108502 108487 232097 
6 : 78538 78528 78539 183565 241915 183569 
6 : 78589 78594 40364 153736 40373 40399 
6 : 78603 78607 78613 99869 99876 124797 
6 : 78621 78622 68035 261301 68066 68068 
6 : 78736 78729 78733 100438 247438 100433 
6 : 78852 78845 78849 162033 208774 162025 
6 : 78855 78853 78846 253086 180421 180418 
6 : 78857 78877 78871 94249 94245 244184 
6 : 78874 20734 78860 20756 186930 20744 
6 : 78887 78883 46410 163126 46433 46420 
6 : 78980 78981 78977 201489 93505 93507 
6 : 2118 79031 79026 2123 2119 99496 
6 : 3816 79028 79036 3820 3830 155975 
6 : 79114 79116 79115 251620 251619 253340 
6 : 79144 36888 79141 36904 195516 36896 
6 : 11757 79252 79251 11781 11776 251320 
6 : 79269 79270 79258 262887 193067 193069 
6 : 79272 79276 79282 124737 124748 178598 
6 : 79274 79275 79284 156952 156965 165506 
6 : 79279 51021 79280 51033 217771 51036 
6 : 79286 69765 49504 69787 49530 49503 
6 : 52040 79287 79308 52041 52067 82017 
6 : 79305 79288 79304 94025 261899 94024 
6 : 63130 79373 79367 63138 63135 151035 
6 : 60740 79379 79381 60743 60746 81445 
6 : 79414 79410 79397 197635 94072 94068 
6 : 79415 79401 79407 136233 156436 136222 
6 : 79515 79513 79508 246541 161544 161540 
6 : 63154 73366 79522 63152 63157 73370 
6 : 79527 79524 79525 130935 133510 130932 
6 : 22597 58712 79662 22594 22610 58728 
6 : 79682 79681 79685 201019 203095 201022 
6 : 21038 79779 79784 21050 21053 215620 
6 : 79781 79782 79776 236889 133547 133548 
6 : 79790 79787 79788 257980 259896 257975 
6 : 79794 79807 79799 200857 200848 220521 
6 : 79795 79797 79798 202197 202198 218685 
6 : 79811 79796 79800 210855 223330 210846 
6 : 46571 80049 48234 46579 46567 48248 
6 : 19438 80065 80066 19453 19454 255948 
6 : 34901 80074 80086 34909 34924 181347 
6 : 80073 80081 80087 179714 179723 231469 
6 : 80078 80088 80075 207751 181980 181996 
6 : 80085 80077 80076 205866 193181 193164 
6 : 80106 13349 80089 13373 81044 13350 
6 : 80190 80197 80185 152751 87833 87850 
6 : 80211 80220 80215 218631 218625 247813 
6 : 80232 80227 80228 158863 177908 158858 
6 : 80239 80225 80233 137867 239631 137858 
6 : 80306 27510 80304 27529 212313 27522 
6 : 80315 80312 80314 93400 100674 93396 
6 : 80321 80320 56019 234791 56039 56036 
6 : 80335 80337 80343 174271 174281 185980 
6 : 80336 80341 80332 176046 127460 127467 
6 : 35449 80440 68036 35458 35445 68047 
6 : 80564 80572 80565 156873 156860 161078 
6 : 80606 80621 80611 159544 159534 213636 
6 : 80609 80615 80617 188953 188956 253275 
6 : 75604 80713 80708 75613 75608 128152 
6 : 80707 80714 80712 115841 115835 213232 
6 : 80711 80718 18899 212864 18912 18926 
6 : 80783 80794 80782 129918 129141 129153 
6 : 80861 80859 80853 251695 145625 145622 
6 : 80868 80867 80875 132609 192979 132611 
6 : 80878 58509 80879 58524 252203 58526 
6 : 80991 80989 80984 249743 212700 212698 
6 : 81001 61492 26538 61508 26558 26535 
6 : 81013 81006 81005 87116 83498 83489 
6 : 81111 81107 70260 191805 70278 70271 
6 : 81118 3212 81110 3236 227627 3222 
6 : 81131 81126 17591 238792 17620 17609 
6 : 81146 81140 81142 142335 182068 142329 
6 : 81252 81250 81245 193828 144963 144948 
6 : 81253 81248 81255 159540 248751 159541 
6 : 81262 70397 81270 70399 124072 70410 
6 : 81266 81274 81276 215768 215773 262588 
6 : 81267 81268 81269 215916 215917 221062 
6 : 81279 81286 81288 143405 143412 222176 
6 : 81284 81283 81277 207910 95561 95560 
6 : 81287 81291 81285 236270 219424 219434 
6 : 81295 25551 34832 25552 34835 25544 
6 : 81296 81304 81297 120562 120556 159396 
6 : 81309 81300 81305 224677 260836 224675 
6 : 81367 81378 81370 109400 109381 135023 
6 : 81368 81377 81371 118424 118411 150281 
6 : 81427 81438 81417 220452 112381 112392 
6 : 81504 81499 81502 220499 257583 220494 
6 : 81556 81553 81555 259074 264262 259071 
6 : 24113 81581 81584 24115 24120 91820 
6 : 81600 81587 81592 185654 241184 185643 
6 : 71929 81668 81663 71949 71942 235518 
6 : 47142 81677 81674 47151 47146 176364 
6 : 81760 81743 81770 95508 244312 95517 
6 : 81774 81773 45920 124642 45932 45924 
6 : 81776 81778 81781 198107 198113 235229 
6 : 81790 81798 81791 176503 176489 194735 
6 : 81792 81787 81796 150138 198299 150152 
6 : 55911 81808 81827 55918 55937 144639 
6 : 81835 81839 12444 138455 12452 12463 
6 : 81915 81924 81918 170658 170653 230987 
6 : 26784 81932 81929 26792 26788 127308 
6 : 81946 81928 81936 106910 209294 106895 
6 : 81981 81971 81973 160461 171724 160453 
6 : 15543 82031 82022 15567 15552 165409 
6 : 82038 82035 82041 186895 209895 186898 
6 : 36889 82056 82052 36902 36895 172307 
6 : 82165 62522 82164 62535 219935 62533 
6 : 82181 2321 82175 2337 129506 2325 
6 : 82184 66330 82187 66347 247984 66352 
6 : 82199 18053 75981 18068 76001 18052 
6 : 12519 82216 82226 12530 12542 200602 
6 : 82284 82302 82298 97032 97026 248159 
6 : 82285 82295 82287 113787 113775 134216 
6 : 54620 82305 82307 54629 54630 173329 
6 : 82306 61356 9065 61363 9074 9064 
6 : 82310 43848 9614 43866 9642 9608 
6 : 82350 82355 82339 233941 145505 145512 
6 : 82411 22624 82410 22628 113528 22627 
6 : 82414 82412 82416 131064 224850 131068 
6 : 82449 36161 82442 36189 181206 36173 
6 : 82460 38913 82458 38921 166581 38919 
6 : 82551 82548 82541 222712 139158 139149 
6 : 82553 82544 20799 180707 20824 20811 
6 : 62843 82568 81601 62861 62842 81629 
6 : 82564 82562 82556 205787 83947 83937 
6 : 82575 82584 82587 144042 144043 250639 
6 : 13351 82593 82601 13362 13365 185079 
6 : 24186 82604 82597 24202 24195 195439 
6 : 70477 82591 82609 70480 70501 131282 
6 : 82594 82596 82606 188855 188868 194247 
6 : 82664 75800 22314 75807 22328 22313 
6 : 59672 82691 82681 59688 59676 122562 
6 : 82706 82699 82697 137875 127576 127567 
6 : 45340 82781 82772 45358 45342 101333 
6 : 82779 34016 82773 34035 140079 34022 
6 : 6544 82797 82789 6565 6558 221976 
6 : 82916 82920 82922 155072 155075 194902 
6 : 82936 82942 82934 251168 228214 228218 
6 : 82946 82957 82955 89315 89311 198064 
6 : 23906 83005 83010 23925 23929 258115 
6 : 83045 83053 83058 88571 88573 216994 
6 : 83050 83052 83062 191252 191265 199629 
6 : 83074 83068 1988 151307 2012 1999 
6 : 32835 83077 83095 32840 32859 121157 
6 : 83079 83092 76930 140385 76936 76959 
6 : 83098 83088 10669 246491 10696 10684 
6 : 83131 83129 68881 226628 68899 68896 
6 : 83176 83180 83173 202296 157102 157112 
6 : 83178 48019 83172 48034 149624 48025 
6 : 31205 83197 83189 31225 31217 198269 
6 : 83200 83193 83186 222461 146878 146870 
6 : 38267 53064 83236 38265 38276 53077 
6 : 83309 83310 83307 186336 159083 159085 
6 : 83313 83312 83314 211302 261709 211304 
6 : 83322 83330 83329 190648 190645 256772 
6 : 83328 83320 83331 146834 253653 146839 
6 : 83345 83340 56584 210100 56615 56604 
6 : 4491 80641 7529 4490 4482 7528 
6 : 83356 36646 78419 36665 78439 36645 
6 : 83430 83433 83431 99851 99850 100298 
6 : 83438 83441 83440 176942 176937 216378 
6 : 83445 83432 83442 102327 251321 102322 
6 : 63830 80885 83449 63829 63833 80891 
6 : 83458 73121 83451 73142 150883 73125 
6 : 19820 83554 83555 19831 19835 212378 
6 : 83549 83553 40452 182471 40464 40469 
6 : 44145 83581 83587 44154 44159 199847 
6 : 83576 83588 83577 91532 91520 126110 
6 : 83586 83582 83584 203342 224836 203339 
6 : 83701 83703 83708 139679 139683 155287 
6 : 83711 2021 43054 2034 43071 2017 
6 : 83815 83817 43324 132500 43330 43341 
6 : 83820 83818 83816 254562 168779 168774 
6 : 83857 83844 83862 119842 201750 119846 
6 : 83906 83915 83902 198766 180110 180117 
6 : 58952 83969 83961 58964 58955 107803 
6 : 83965 83971 28785 121041 28792 28804 
6 : 83966 83964 36198 116904 36209 36208 
6 : 83991 83985 83988 187816 225331 187815 
6 : 33279 84010 84003 33297 33288 201477 
6 : 84018 84016 84004 261055 209061 209057 
6 : 84113 84110 84114 163845 211198 163851 
6 : 84138 84142 84147 218339 218350 238840 
6 : 69618 84243 84244 69622 69623 136177 
6 : 84245 84246 84250 166864 166868 216052 
6 : 84261 56910 84259 56925 200153 56922 
6 : 84401 84406 84399 208873 203127 203136 
6 : 84420 8475 84421 8491 254079 8492 
6 : 84505 84504 84498 205918 175655 175645 
6 : 84520 84522 18512 249546 18533 18539 
6 : 84526 84535 84536 209040 209041 256516 
6 : 84540 84524 84527 130411 225955 130395 
6 : 84632 72726 84638 72732 161896 72745 
6 : 84634 78385 84631 78400 134863 78389 
6 : 78762 53497 11686 53496 11685 11683 
6 : 84651 84653 84643 233309 157831 157835 
6 : 84756 84752 84759 176995 237238 177008 
6 : 84767 84774 84763 199985 160456 160469 
6 : 84783 84782 84789 162720 164729 162731 
6 : 84897 84890 84886 160484 92717 92698 
6 : 84902 79444 84904 79456 227881 79461 
6 : 84917 84915 84921 226332 238418 226337 
6 : 84918 84913 3407 194393 3430 3418 
6 : 84942 84936 84934 201080 186818 186810 
6 : 69003 85002 84999 69021 69015 184827 
6 : 85019 85024 85028 142985 142992 216140 
6 : 85023 85017 85027 109351 204362 109362 
6 : 85030 85016 85022 108351 194345 108329 
6 : 85094 85101 44521 163222 44526 44538 
6 : 85171 85162 85160 213705 185620 185604 
6 : 85175 85191 85172 156361 100415 100445 
6 : 85270 85273 85278 213745 213751 241131 
6 : 85292 85294 50638 235749 50658 50660 
6 : 85295 85289 85298 213568 260646 213575 
6 : 85318 85300 85313 111772 257077 111771 
6 : 75057 85406 85408 75064 75065 216564 
6 : 85439 85448 85430 229458 118006 118019 
6 : 85543 85537 85545 237586 259976 237589 
6 : 85554 85563 85566 189604 189608 259267 
6 : 85558 85562 85567 226607 226612 258865 
6 : 85578 83146 56172 83159 56187 56171 
6 : 85667 85664 85669 182951 223313 182958 
6 : 85672 85683 85682 85873 85871 206748 
6 : 85690 15860 85686 15892 253270 15884 
6 : 85700 85691 85695 91714 181381 91701 
6 : 85703 85692 71340 141518 71365 71345 
6 : 85790 85787 85789 194628 232852 194626 
6 : 85803 85797 85801 107595 174851 107592 
6 : 85832 85823 85828 226970 261310 226968 
6 : 85836 85843 85840 139106 139099 168422 
6 : 85852 85858 85834 256603 92375 92383 
6 : 44454 37737 85914 37732 44464 37746 
6 : 71548 85937 85936 71568 71567 254841 
6 : 85940 85932 65013 236975 65041 65029 
6 : 25167 85966 85965 25173 25171 114289 
6 : 85963 85974 85964 96398 96384 97457 
6 : 86042 86038 86052 162279 191832 162297 
6 : 86058 86053 86065 108603 163239 108617 
6 : 86075 86088 86086 110400 110399 247297 
6 : 86098 1832 86111 1836 162474 1847 
6 : 86169 86173 86172 231475 231474 261038 
6 : 86175 86176 86190 107683 107703 115396 
6 : 86180 86177 86187 136043 177103 136053 
6 : 30247 86305 86310 30261 30275 227905 
6 : 86299 86311 86304 99617 99610 227267 
6 : 86306 86300 86309 166483 257472 166486 
6 : 86347 86353 86350 124775 124773 143756 
6 : 86356 15837 86366 15843 209824 15854 
6 : 86422 86426 86423 88530 88526 100675 
6 : 72286 86465 86451 72305 72290 101692 
6 : 73522 86454 83278 73525 73520 83284 
6 : 86481 86480 86471 237376 194473 194471 
6 : 86554 66531 86549 66539 100679 66533 
6 : 86560 86567 86564 248668 248662 259444 
6 : 61609 86572 86576 61618 61622 178186 
6 : 86594 86602 56322 202263 56339 56350 
6 : 86598 86589 86590 142027 142702 142018 
6 : 86709 86703 86705 232896 242142 232884 
6 : 86715 86710 86722 121715 174201 121726 
6 : 86716 86713 30098 144479 30106 30102 
6 : 42337 86732 86731 42351 42346 216281 
6 : 86726 86734 86740 90526 90535 249199 
6 : 86736 86727 86737 153124 254679 153126 
6 : 86744 86759 86742 115956 107448 107467 
6 : 86842 86830 86831 128496 135189 128481 
6 : 86893 86887 86889 241288 256878 241283 
6 : 86963 86957 86964 131504 226560 131509 
6 : 86972 86979 86973 208668 208663 220955 
6 : 87087 87092 32905 102770 32909 32926 
6 : 87094 87095 87091 259273 233633 233634 
6 : 87100 59629 87102 59633 160283 59639 
6 : 87106 87098 87107 146331 254926 146335 
6 : 87111 87122 87125 95871 95877 233434 
6 : 87124 87118 87121 177002 226705 176991 
6 : 87145 87143 87147 251399 254404 251405 
6 : 87223 87215 20948 225887 20977 20961 
6 : 12212 87352 87354 12213 12219 93477 
6 : 87355 87364 87358 192472 192470 220561 
6 : 87360 22701 87357 22720 217596 22716 
6 : 87374 87366 87372 89991 198338 89988 
6 : 87393 87391 87390 260809 256450 256449 
6 : 81532 87397 83756 81537 81531 83763 
6 : 55280 87474 87469 55286 55281 93007 
6 : 87482 87479 87471 244634 149554 149546 
6 : 87506 76904 87502 76916 153423 76911 
6 : 72841 87603 87614 72854 72865 200471 
6 : 87606 87609 87605 225563 217997 218005 
6 : 87613 87604 87612 201601 250961 201599 
6 : 87625 87618 87629 160506 243829 160510 
6 : 87758 87745 87756 114777 262947 114775 
6 : 87761 87764 87759 149708 103201 103211 
6 : 87858 87867 87865 113038 113035 248682 
6 : 87915 87903 87912 211257 257467 211249 
6 : 42169 88004 88002 42189 42187 248192 
6 : 88003 87997 87996 160572 141783 141768 
6 : 88035 88021 46327 88504 46355 46328 
6 : 88036 88029 52755 166320 52778 52768 
6 : 88045 88043 88042 142584 135788 135784 
6 : 49673 63066 88068 49669 49683 63073 
6 : 88121 88122 88127 94147 94151 144164 
6 : 88144 88142 88138 234719 153851 153848 
6 : 88145 61810 78652 61832 78676 61807 
6 : 88268 88263 88269 144089 212881 144094 
6 : 88271 38435 88266 38458 198263 38450 
6 : 88319 88302 30974 125505 30995 30977 
6 : 88393 88391 88382 245015 133794 133792 
6 : 88394 88392 88389 253083 225345 225336 
6 : 88397 88403 88410 110639 110645 201078 
6 : 88420 88428 88423 136380 136376 177321 
6 : 88517 10640 88519 10654 224951 10662 
6 : 88521 88511 88520 95226 256036 95224 
6 : 88528 88527 88525 105234 93399 93397 
6 : 88560 57147 61835 57171 61863 57142 
6 : 88572 88579 88581 225208 225209 249899 
6 : 88642 4949 88641 4957 157823 4955 
6 : 88657 88649 88650 156253 157520 156241 
6 : 88660 88655 88663 223271 250998 223275 
6 : 41035 88678 88668 41057 41045 189002 
6 : 88688 88697 88699 202867 202870 254737 
6 : 88763 88772 88771 136050 136048 239088 
6 : 88765 88770 88774 158416 158420 220570 
6 : 88773 88356 61403 88373 61435 61402 
6 : 29003 88787 88778 29017 29009 187262 
6 : 88776 88785 88784 152543 152542 251107 
6 : 88777 88783 88786 159951 159952 245994 
6 : 3493 88800 88809 3502 3514 189456 
6 : 88825 88812 88820 141494 198564 141489 
6 : 88923 88916 31571 147234 31591 31580 
6 : 88936 88929 88946 109422 169803 109437 
6 : 88979 10814 78812 10815 78813 10813 
6 : 17215 89026 89025 17221 17216 123231 
6 : 89047 59369 89046 59393 247054 59389 
6 : 89049 89045 89050 246707 264502 246708 
6 : 89182 61493 89187 61498 123980 61506 
6 : 89186 89190 89181 224382 115883 115889 
6 : 61778 89199 89201 61786 61791 186837 
6 : 89193 89198 89196 90913 90911 140642 
6 : 89209 89223 89215 94485 94474 167413 
6 : 89273 42059 89274 42070 205393 42076 
6 : 89335 89344 89334 235532 225807 225816 
6 : 89340 77830 89342 77851 257665 77854 
6 : 89396 89401 89403 175390 175394 236556 
6 : 89410 89412 89419 217966 217972 237767 
6 : 84541 89434 89431 84563 84557 249958 
6 : 89424 89427 89426 198544 198543 223769 
6 : 89432 89420 89435 128668 258883 128670 
6 : 89551 89553 89542 253886 168725 168727 
6 : 89556 89545 28473 197450 28501 28485 
6 : 89652 89658 89656 141473 141471 205781 
6 : 89653 22997 89661 23001 153835 23019 
6 : 89676 11644 84046 11669 84075 11643 
6 : 89717 89718 89706 264679 213922 213923 
6 : 89729 89746 89735 211370 211361 240432 
6 : 89734 89736 89730 238125 212693 212696 
6 : 24743 89802 89808 24747 24754 159400 
6 : 89826 89830 89832 243477 243480 258903 
6 : 47393 89934 89487 47404 47392 89507 
6 : 89937 89933 89935 221008 246430 221005 
6 : 89945 89943 9433 217272 9444 9443 
6 : 90070 90061 90067 166440 245277 166436 
6 : 13323 24354 90087 13317 13342 24371 
6 : 90073 90079 90075 128726 128722 168223 
6 : 90111 90103 90112 213689 260082 213690 
6 : 90170 90176 90169 124334 110803 110821 
6 : 90172 90179 90181 179080 179081 264213 
6 : 90185 90194 90191 122260 122258 197742 
6 : 45209 90223 90213 45231 45220 219071 
6 : 90220 90209 90212 187497 208847 187480 
6 : 90306 90312 90310 189642 189639 260067 
6 : 90331 90320 90318 165188 143686 143669 
6 : 90337 59272 90348 59274 123174 59294 
6 : 90338 26629 64351 26633 64355 26626 
6 : 90349 90336 11790 122960 11812 11792 
6 : 90377 90378 90354 262650 131546 131550 
6 : 90453 90457 35071 234834 35090 35099 
6 : 90472 90486 66243 193041 66260 66279 
6 : 24114 90557 90546 24131 24124 178105 
6 : 6175 90596 38769 6185 6171 38784 
6 : 90605 90614 63761 100375 63762 63783 
6 : 90613 90615 90609 192640 161357 161362 
6 : 90618 90621 90617 239253 234431 234438 
6 : 90627 54576 53528 54580 53531 53522 
6 : 90628 90636 90629 139337 139320 146467 
6 : 90730 50904 90729 50913 133181 50908 
6 : 29058 4114 90759 4112 29062 4118 
6 : 32965 90764 1114 32972 1110 1123 
6 : 90787 90790 90796 206923 206928 258576 
6 : 90794 90784 90782 188354 177277 177264 
6 : 54843 90867 90868 54857 54858 239426 
6 : 90865 90866 90863 224616 144958 144959 
6 : 90871 90872 90870 260081 258143 258144 
6 : 90901 82742 90907 82758 232763 82769 
6 : 90902 90899 17894 165806 17920 17907 
6 : 90986 90985 7144 95831 7147 7145 
6 : 90991 90990 90997 221573 227031 221580 
6 : 72353 91009 91019 72367 72375 234121 
6 : 91017 91013 91007 257348 229989 229987 
6 : 28569 91127 87007 28573 28567 87010 
6 : 91126 21194 91132 21199 152762 21203 
6 : 91130 91129 91136 169713 179657 169724 
6 : 91156 15571 91153 15603 242883 15597 
6 : 91176 91162 91164 151825 172004 151814 
6 : 91241 91235 91249 151236 231634 151249 
6 : 91256 91253 91254 176078 197816 176075 
6 : 91258 56438 91259 56456 261214 56460 
6 : 91267 91271 91264 225255 182004 182013 
6 : 91269 91270 13106 244525 13125 13128 
6 : 46543 91364 91371 46550 46561 194142 
6 : 91363 91370 91360 178699 119470 119479 
6 : 91372 47588 91369 47607 228861 47600 
6 : 91377 27240 91382 27245 172132 27246 
6 : 91401 91402 41224 223370 41240 41246 
6 : 91501 91491 91499 130188 243123 130182 
6 : 91506 91516 91507 156704 156696 158244 
6 : 91509 91508 91504 166903 104052 104049 
6 : 1664 91525 91519 1676 1666 119713 
6 : 19054 91524 91533 19060 19070 199849 
6 : 91522 91521 91526 138525 146414 138534 
6 : 91528 91517 91530 95329 228193 95333 
6 : 91618 91612 91613 191573 216701 191568 
6 : 91625 91624 75982 132288 75985 75984 
6 : 91632 91622 91628 118157 185262 118150 
6 : 85942 91760 91759 85950 85948 195957 
6 : 91761 91762 91758 220734 194790 194795 
6 : 91763 40077 91757 40095 155716 40083 
6 : 41738 27680 91826 27677 41748 27690 
6 : 91885 91895 91886 95965 95950 103063 
6 : 91893 91894 91892 222503 203908 203913 
6 : 91935 91938 91951 104369 104383 192602 
6 : 91948 53910 91942 53934 220465 53924 
6 : 92044 8216 92043 8229 261035 8228 
6 : 3968 92092 92101 3973 3982 156126 
6 : 92135 92139 21946 204627 21956 21966 
6 : 92150 92157 64022 242717 64046 64053 
6 : 76581 92172 92161 76601 76585 118698 
6 : 92266 92259 92268 185497 247585 185498 
6 : 81966 92296 92285 81983 81967 116867 
6 : 92384 92391 92385 192581 192567 218147 
6 : 8726 92393 36648 8727 8719 36649 
6 : 41334 43361 92401 41329 41346 43387 
6 : 92399 92396 7530 179554 7551 7540 
6 : 92403 92408 92421 99005 99023 144421 
6 : 92407 92419 92417 143682 143680 250780 
6 : 92420 92409 92405 146149 110936 110917 
6 : 92506 92504 92510 156618 179188 156623 
6 : 92511 92516 92513 230680 230677 253146 
6 : 92514 92505 92508 172192 198270 172179 
6 : 92520 92518 92519 180553 187172 180552 
6 : 92526 92527 92525 252825 239733 239734 
6 : 63615 92533 92536 63622 63627 174956 
6 : 92535 92541 92543 213481 213490 250056 
6 : 92544 92531 92530 96600 93925 93899 
6 : 92550 92549 92561 114652 130378 114674 
6 : 92628 92636 92629 115578 115570 121968 
6 : 92632 92641 92634 207257 207247 212096 
6 : 92633 92637 92630 211862 133424 133436 
6 : 92764 92762 92761 223697 201747 201744 
6 : 92785 92773 71858 143113 71883 71867 
6 : 92881 92884 92885 195266 195268 239610 
6 : 92913 92938 92916 137194 137176 140208 
6 : 93041 93042 38157 246870 38176 38177 
6 : 93047 93055 93051 108303 108298 192336 
6 : 93058 93052 93046 206822 98596 98582 
6 : 93112 93116 93119 110408 110409 156194 
6 : 93192 93194 93198 247496 247499 252432 
6 : 93195 93193 93185 247649 104030 104029 
6 : 93203 93216 93208 95434 95420 206847 
6 : 93217 93209 93211 232964 241733 232958 
6 : 93297 93296 93291 179486 121263 121255 
6 : 93303 93315 68182 123156 68184 68200 
6 : 93308 93312 93305 152341 137409 137421 
6 : 93322 93342 93329 136267 136254 197827 
6 : 93355 93353 93350 186622 158883 158881 
6 : 93426 93429 93430 133269 133272 174396 
6 : 93438 93445 93442 141617 141613 205411 
6 : 93450 93451 93449 260925 257731 257736 
6 : 93467 93463 93458 239687 208572 208567 
6 : 73904 93489 93472 73925 73908 141542 
6 : 46867 93565 86661 46882 46865 86687 
6 : 93575 93588 93573 127868 96509 96528 
6 : 4145 93623 93617 4157 4153 171543 
6 : 93692 93690 93695 163008 202137 163020 
6 : 93702 93701 93706 122492 133942 122496 
6 : 93704 93712 93708 162489 162483 202231 
6 : 93720 93728 44100 149801 44103 44115 
6 : 93830 82361 93826 82377 221140 82375 
6 : 93838 93837 93844 103687 117860 103693 
6 : 93845 93839 69968 127459 69975 69971 
6 : 16058 43199 93962 16052 16068 43205 
6 : 93972 93975 93974 171884 171882 207506 
6 : 93979 93980 93969 245375 135567 135572 
6 : 94002 93990 75158 183217 75191 75169 
6 : 12383 94026 94022 12409 12405 258149 
6 : 94094 94097 94103 135276 135285 188866 
6 : 94107 94114 94108 122001 121997 133786 
6 : 94112 94115 94127 187813 187827 212531 
6 : 94131 32425 94134 32434 141698 32439 
6 : 94184 94176 94177 227856 230717 227840 
6 : 94211 94214 94215 118964 118967 213548 
6 : 13031 94227 94220 13046 13036 161465 
6 : 94239 94248 94230 195953 122426 122442 
6 : 26931 94338 94339 26942 26943 245289 
6 : 65767 94335 94336 65774 65775 186056 
6 : 94349 94368 94360 121132 121123 242039 
6 : 94359 94364 94358 225823 221938 221943 
6 : 94449 94440 26540 135357 26565 26543 
6 : 94463 94465 94466 230794 230796 241622 
6 : 24156 94578 94580 24160 24163 253439 
6 : 59330 37348 94589 37344 59342 37368 
6 : 94583 94582 94590 136001 136281 136027 
6 : 48135 94602 72870 48140 48133 72877 
6 : 94688 94687 94699 114102 125839 114118 
6 : 94695 94698 94702 217444 217445 237878 
6 : 94703 94691 94694 157016 211843 157002 
6 : 94747 94755 94754 143172 143170 206018 
6 : 94846 94831 94836 108053 202660 108037 
6 : 94959 35888 94957 35904 203299 35900 
6 : 94967 94966 94981 172257 172365 172275 
6 : 95110 95107 95106 202985 192756 192739 
6 : 95395 95392 95388 234370 201157 201142 
6 : 95411 65675 95405 65703 251811 65699 
6 : 95429 95436 95414 248469 122769 122777 
6 : 95450 95449 95459 247153 247514 247159 
6 : 95522 95521 95533 104849 115916 104866 
6 : 95527 95528 2945 241418 2964 2967 
6 : 95529 35384 95524 35398 180827 35391 
6 : 70117 95544 95535 70138 70119 120313 
6 : 95671 95668 95664 250256 213471 213467 
6 : 95684 95681 95692 127185 183199 127207 
6 : 95687 95682 95691 131294 233190 131301 
6 : 95731 95721 95733 228429 255865 228435 
6 : 95805 95811 95810 136396 136395 227355 
6 : 93343 95815 95828 93345 93364 103925 
6 : 95923 95932 95922 189803 184634 184650 
6 : 95937 92104 95947 92111 197653 92123 
6 : 95939 95948 95946 216764 216759 237225 
6 : 95940 95938 95944 215535 219767 215537 
6 : 96067 96066 96073 197898 209005 197910 
6 : 96077 96075 96065 264063 194985 194982 
6 : 96093 96086 96087 222402 226383 222396 
6 : 96115 23451 96102 23472 157959 23459 
6 : 96186 96180 56759 151781 56783 56766 
6 : 96200 96198 96193 245303 191934 191927 
6 : 68313 96274 96267 68340 68324 186429 
6 : 96311 1217 19870 1223 19879 1211 
6 : 96327 96340 96339 133604 133600 264138 
6 : 96333 96335 96330 241403 217330 217333 
6 : 96370 96364 96373 113177 222824 113180 
6 : 96383 96374 96376 233898 236442 233890 
6 : 96401 74447 68971 74471 68999 68968 
6 : 96443 96440 96432 241148 102070 102067 
6 : 96446 96447 96437 254709 167909 167910 
6 : 96457 96468 96464 204909 204904 256478 
6 : 61100 96482 96473 61114 61104 162327 
6 : 96558 96566 96557 122144 99169 99180 
6 : 96574 85115 17118 85133 17136 17116 
6 : 96578 96569 96571 127798 196610 127786 
6 : 96587 96595 96598 190646 190649 257620 
6 : 96591 96586 96590 190165 225705 190164 
6 : 96651 96644 96647 243064 252772 243061 
6 : 96697 96693 96691 211357 160856 160850 
6 : 96709 96703 96706 100535 133184 100529 
6 : 96717 96704 96712 113214 195445 113199 
6 : 96840 96841 96847 251980 251988 253436 
6 : 96889 96877 96881 200339 232326 200323 
6 : 34172 30920 96977 30918 34177 30926 
6 : 97010 97023 97024 113788 113790 241886 
6 : 97144 97161 64313 106723 64314 64338 
6 : 97216 97220 97221 196165 196166 250255 
6 : 97239 97234 97232 240685 235888 235878 
6 : 33732 52758 97347 33727 33744 52772 
6 : 97354 97353 97356 164756 174353 164760 
6 : 97357 49215 97363 49223 224740 49228 
6 : 54739 46160 95882 46156 54738 46159 
6 : 13077 97478 43576 13095 13075 43596 
6 : 97470 97471 97477 212935 212942 234657 
6 : 97473 97476 97468 247951 182696 182700 
6 : 97501 97507 97502 242859 242854 243762 
6 : 97511 97525 97520 105014 105007 177268 
6 : 72289 22600 97598 22595 72306 22619 
6 : 15041 97602 97612 15045 15055 143927 
6 : 97609 26466 97615 26479 242266 26482 
6 : 97623 97637 97619 175128 108243 108264 
6 : 97657 97647 88862 188690 88894 88878 
6 : 97726 65244 97736 65254 179910 65267 
6 : 97730 97732 97723 231967 152682 152686 
6 : 97742 97746 42628 181078 42636 42640 
6 : 61754 97759 97757 61762 61756 104387 
6 : 97783 97782 72323 148193 72332 72330 
6 : 24053 97798 97811 24057 24078 168237 
6 : 97806 97795 34018 100923 34034 34019 
6 : 97843 97851 97847 140840 140836 215747 
6 : 97849 25273 97852 25294 229817 25295 
6 : 97859 97869 97864 121783 121776 160035 
6 : 97871 97858 97870 114878 235822 114877 
6 : 97885 97876 97886 153666 244395 153667 
6 : 97890 97888 96225 260391 96255 96251 
6 : 97970 97976 97969 205040 201354 201365 
6 : 97974 97975 97968 261844 198423 198424 
6 : 97984 97993 97980 167049 112896 112902 
6 : 97985 97990 97987 168045 168040 181671 
6 : 97994 97986 97981 174673 129514 129502 
6 : 97995 48515 97991 48541 223020 48528 
6 : 67522 98006 98013 67529 67536 186653 
6 : 98118 98112 98121 185562 249249 185564 
6 : 98123 98120 54233 258510 54263 54260 
6 : 98126 98130 98134 127290 127298 219856 
6 : 98219 98227 98230 106949 106953 256471 
6 : 90168 98241 98238 90177 90174 218395 
6 : 98365 98356 98362 194523 238797 194520 
6 : 98372 98374 98376 144162 144167 196923 
6 : 98402 73414 98396 73440 244773 73431 
6 : 98412 98417 98411 225378 222205 222213 
6 : 98418 98403 15572 121127 15599 15575 
6 : 98451 98473 98463 143459 143449 233250 
6 : 98489 98475 74244 102986 74275 74246 
6 : 98511 98510 98507 159370 149621 149619 
6 : 98607 98603 98610 100394 179591 100403 
6 : 98612 98608 98604 192374 105570 105549 
6 : 98616 98622 98614 145284 106286 106297 
6 : 98625 20736 98619 20758 196065 20745 
6 : 98730 98729 67873 240231 67892 67891 
6 : 98738 98750 98742 169547 169537 191528 
6 : 98739 90775 98734 90779 132851 90778 
6 : 98768 98756 46020 157873 46050 46029 
6 : 22846 98783 98778 22864 22861 245018 
6 : 98792 98800 98790 165562 149327 149338 
6 : 98854 98845 98855 170395 255594 170397 
6 : 98863 91666 98860 91686 211230 91677 
6 : 98875 25935 98880 25944 175367 25960 
6 : 98877 98874 98870 172474 143255 143249 
6 : 98886 98873 98887 156144 262553 156145 
6 : 98966 78220 57038 78235 57049 57036 
6 : 98971 5726 44495 5733 44506 5722 
6 : 98974 98973 98979 207710 234221 207714 
6 : 99077 99082 99083 144807 144808 256652 
6 : 99079 65344 99085 65349 208595 65359 
6 : 99098 99091 99097 237125 262854 237124 
6 : 99099 99106 99114 106504 106508 202719 
6 : 61227 99125 63616 61235 61225 63623 
6 : 78628 99197 58170 78640 58167 58188 
6 : 99199 99196 99205 216436 241465 216442 
6 : 99200 99194 99203 112361 244632 112364 
6 : 99206 99212 59139 126952 59146 59157 
6 : 99214 61495 74764 61510 74783 61490 
6 : 99233 99232 99230 259901 238097 238096 
6 : 99234 99218 99235 113637 264234 113639 
6 : 51694 99240 80012 51703 51693 80027 
6 : 99269 99266 99259 249651 217421 217415 
6 : 99318 43326 99326 43327 112520 43336 
6 : 99359 99341 99344 126783 168823 126765 
6 : 81806 99445 99447 81809 81819 157005 
6 : 99454 99466 99469 103046 103049 257384 
6 : 99486 99474 99484 144285 231450 144284 
6 : 99613 99614 99611 251565 233690 233692 
6 : 99627 99635 99637 234858 234861 255616 
6 : 30325 99648 99645 30330 30328 167780 
6 : 99651 47500 99642 47518 127904 47506 
6 : 66978 99715 99701 67000 66979 100164 
6 : 99722 99733 99734 203180 203181 259862 
6 : 99731 99716 99726 114384 243793 114383 
6 : 99732 99718 99723 160785 226386 160777 
6 : 99737 99738 99721 262537 188514 188519 
6 : 99827 99839 99834 120870 120863 257263 
6 : 89210 99846 99841 89227 89212 126559 
6 : 42142 99860 99852 42155 42144 110604 
6 : 99854 99858 99863 135659 135668 176945 
6 : 99963 99946 99964 109953 258141 109957 
6 : 99972 13385 64058 13399 64084 13382 
6 : 99976 99966 99975 133143 259951 133142 
6 : 100007 100011 99994 247840 112852 112854 
6 : 100010 100012 100002 252211 228072 228075 
6 : 100092 100091 29022 207345 29038 29037 
6 : 100120 100102 100104 143905 153653 143884 
6 : 64455 97164 100133 64454 64471 97179 
6 : 100128 43478 100129 43485 166038 43488 
6 : 100130 100125 100132 136592 204011 136600 
6 : 100267 100264 65520 246459 65545 65538 
6 : 100270 100252 100268 100831 263748 100830 
6 : 100271 86629 100263 86657 236609 86642 
6 : 38158 100325 100322 38162 38160 173135 
6 : 55806 100329 100334 55820 55824 245190 
6 : 100323 100320 100321 150788 151337 150784 
6 : 100328 100319 100326 145367 188986 145364 
6 : 100331 100333 100324 250090 187602 187606 
6 : 94962 100349 100345 94979 94975 243102 
6 : 100344 30043 100343 30057 230241 30055 
6 : 100348 100338 48547 201534 48569 48558 
6 : 69470 100366 12619 69488 12612 12653 
6 : 100364 100361 100350 229857 101337 101327 
6 : 5031 100454 100457 5040 5046 188590 
6 : 100449 13503 100462 13505 116495 13522 
6 : 100451 100448 100450 111253 124909 111250 
6 : 100455 100459 94412 206263 94420 94433 
6 : 58084 100471 86216 58095 58082 86231 
6 : 40195 90699 100519 40194 40215 90722 
6 : 39603 100554 100566 39613 39620 215166 
6 : 100559 100567 100568 247273 247274 264126 
6 : 100569 100555 100557 231508 246426 231496 
6 : 100575 100577 100578 146492 146493 169827 
6 : 100583 100587 100574 217653 137028 137041 
6 : 100711 100712 100709 263793 262819 262820 
6 : 51163 100717 100720 51169 51171 170502 
6 : 100762 100755 100752 144623 104912 104897 
6 : 100767 100756 100758 152365 185707 152352 
6 : 100835 12918 100836 12922 140987 12926 
6 : 100838 100843 95041 215564 95056 95066 
6 : 100869 100860 100867 131376 256105 131374 
6 : 100873 12552 100870 12572 260498 12570 
6 : 100957 100943 100941 206990 181928 181911 
6 : 100983 29023 100974 29046 111193 29026 
6 : 100984 100977 100982 216141 241830 216138 
6 : 101098 101095 4662 260061 4684 4680 
6 : 101100 101101 55079 109054 55080 55081 
6 : 49644 101120 101118 49648 49646 154479 
6 : 101127 101122 101116 202558 137928 137922 
6 : 101131 101124 101121 227587 186024 186011 
6 : 101226 101219 56023 129258 56038 56027 
6 : 101239 101241 101237 244014 213833 213844 
6 : 101243 101246 67902 125955 67908 67910 
6 : 101352 101348 101350 214250 235502 214247 
6 : 14124 101364 101359 14132 14128 191034 
6 : 78077 101357 101358 78079 78081 123534 
6 : 29468 101377 101374 29479 29473 175361 
6 : 58954 101481 16060 58963 16053 16069 
6 : 101480 101487 101483 185581 185571 217885 
6 : 101589 21416 101595 21435 223889 21445 
6 : 101596 101600 101599 112080 112079 184279 
6 : 101623 92227 101612 92252 154569 92236 
6 : 70975 101634 23055 70976 23053 23058 
6 : 101638 101635 101643 151590 224971 151595 
6 : 101642 101629 101636 110671 211209 110663 
6 : 101704 101695 101698 133139 173975 133128 
6 : 101710 101724 101717 110798 110793 215395 
6 : 101721 101713 101715 180886 200612 180879 
6 : 101726 101727 5301 261344 5324 5326 
6 : 101745 101756 101733 232121 137649 137661 
6 : 101780 101776 101779 241932 253093 241931 
6 : 101836 101839 101840 158094 158102 192815 
6 : 101852 39314 101843 39336 137784 39318 
6 : 26490 42856 101859 26485 26493 42862 
6 : 101860 101861 101869 151857 151863 210821 
6 : 101955 101959 69035 161714 69041 69059 
6 : 102095 31812 102099 31822 250758 31828 
6 : 102120 102124 102131 131848 131855 152606 
6 : 102211 102210 102207 261767 240567 240565 
6 : 102272 102271 102269 263504 260503 260502 
6 : 93611 102335 102339 93616 93624 156674 
6 : 102341 102343 102338 248167 216451 216453 
6 : 102350 52640 102344 52655 179088 52646 
6 : 102353 75801 102347 75818 236607 75809 
6 : 15862 102367 26838 15877 15858 26860 
6 : 102475 102468 102473 188097 245027 188091 
6 : 102499 102509 102504 218234 218231 250188 
6 : 102501 102493 102507 142271 230178 142279 
6 : 102576 80888 102582 80897 204133 80903 
6 : 102601 102599 102609 195298 214881 195313 
6 : 102607 102600 102594 213408 170462 170452 
6 : 102608 102598 102597 182450 181994 181974 
6 : 102634 102630 102633 164291 214896 164290 
6 : 102743 54296 102741 54303 115124 54298 
6 : 102807 102804 102803 219747 217938 217934 
6 : 102871 102865 99739 227935 99768 99760 
6 : 102929 58259 102930 58273 246554 58274 
6 : 103002 102999 103003 198457 245618 198458 
6 : 103117 103114 103112 217943 214180 214168 
6 : 103224 103229 103225 137157 137150 140184 
6 : 103228 103234 103237 173270 173274 260787 
6 : 103254 76097 103250 76119 249242 76114 
6 : 100207 103264 103271 100220 100225 219603 
6 : 32503 103354 103356 32508 32510 165072 
6 : 103358 103360 56409 204475 56425 56427 
6 : 53836 107 103371 103 53840 110 
6 : 103368 103365 103372 103568 149590 103574 
6 : 103370 103376 103367 157752 133988 134002 
6 : 103373 103375 103369 205058 153228 153235 
6 : 59372 103403 103404 59391 59394 247699 
6 : 103489 40011 103490 40029 257210 40030 
6 : 44146 103593 103597 44150 44155 173210 
6 : 103596 103603 103601 183666 183662 246645 
6 : 103599 103595 103594 180593 175462 175458 
6 : 103606 103608 103604 149719 116688 116696 
6 : 103637 103658 69937 138300 69940 69964 
6 : 103724 78284 37646 78304 37667 37643 
6 : 103736 103729 103734 163090 207135 163086 
6 : 103759 103756 103753 235661 204822 204816 
6 : 103847 103846 4025 105035 4027 4026 
6 : 103875 85886 103886 85896 193949 85908 
6 : 103968 103967 90380 117339 90390 90384 
6 : 103980 103983 103977 230672 165978 165984 
6 : 44015 104078 104089 44019 44037 180911 
6 : 104072 104081 104075 129773 129767 159897 
6 : 44016 104105 104092 44032 44018 159906 
6 : 104104 104091 104096 108780 189227 108769 
6 : 104115 104122 104112 154358 146657 146668 
6 : 104121 104116 104124 167210 234315 167218 
6 : 104220 104226 104217 244459 240561 240564 
6 : 104268 104257 104258 127277 168334 127268 
6 : 104311 104310 104325 133252 137812 133263 
6 : 104320 104326 104318 250880 241227 241234 
6 : 104342 104329 104344 130163 262823 130165 
6 : 104352 104346 5408 152288 5420 5411 
6 : 104376 104364 104373 146909 241127 146906 
6 : 104416 104430 104428 166962 166959 232915 
6 : 104551 104554 293 260550 319 322 
6 : 4148 58594 104560 4139 4162 58613 
6 : 104557 104559 53121 234674 53138 53144 
6 : 104563 104572 104569 119577 119573 239043 
6 : 104581 104582 104578 213621 145501 145502 
6 : 12239 104693 104702 12251 12259 232401 
6 : 104696 104688 102962 188529 102977 102965 
6 : 104812 104803 104811 139891 236598 139889 
6 : 57694 104822 18173 57696 18170 18176 
6 : 60464 1705 104836 1699 60484 1732 
6 : 104821 104826 104819 124975 114779 114787 
6 : 104832 104825 104835 151642 246239 151649 
6 : 4568 90999 104840 4567 4576 91008 
6 : 50688 104949 104946 50700 50694 189219 
6 : 79746 21646 104941 21645 79750 21648 
6 : 83621 104952 104939 83638 83622 109100 
6 : 104945 104942 76657 138199 76668 76664 
6 : 104948 104954 104943 207762 141251 141263 
6 : 104970 104962 104957 182714 138837 138827 
6 : 105106 105098 105103 236491 254128 236486 
6 : 105213 91790 90410 91815 90439 90409 
6 : 105222 58415 103327 58427 103339 58414 
6 : 105231 105227 62652 255356 62682 62675 
6 : 66737 105296 105286 66758 66749 241564 
6 : 30534 105307 105315 30545 30553 199538 
6 : 105311 105310 105301 215616 133546 133544 
6 : 64183 9910 105324 9908 64192 9915 
6 : 105332 105334 105325 264135 206324 206325 
6 : 105337 105340 105335 235965 159068 159070 
6 : 105354 105347 76069 147369 76082 76073 
6 : 105365 105364 105378 107798 109293 107810 
6 : 105448 105452 105445 220234 179662 179673 
6 : 2093 69668 11320 2091 2088 11317 
6 : 105584 21674 105577 21699 113095 21676 
6 : 105593 3409 105601 3424 220409 3437 
6 : 105606 6829 105614 6834 141355 6848 
6 : 105692 105689 105691 119317 166708 119314 
6 : 105793 105801 105799 147059 147058 240065 
6 : 105812 105827 105818 130191 130173 218214 
6 : 105825 105820 105826 230954 263475 230955 
6 : 76584 105843 105851 76586 76594 122555 
6 : 105853 105862 105859 233781 233777 254721 
6 : 105861 105855 105847 241059 219040 219034 
6 : 105947 105955 105949 209814 209810 238205 
6 : 105959 105952 105956 245784 260063 245783 
6 : 105987 105980 105979 110072 109817 109808 
6 : 105998 106013 48814 109804 48815 48837 
6 : 42744 106113 106115 42760 42764 257847 
6 : 106142 106153 106144 150174 150167 173044 
6 : 106225 106232 106229 160173 160172 187676 
6 : 66076 95284 106256 66075 66098 95308 
6 : 106311 106312 98186 170264 98196 98198 
6 : 106319 106320 106321 259031 259034 261609 
6 : 106352 106371 106354 115618 115603 145626 
6 : 50640 106455 106463 50656 50661 227736 
6 : 106468 106474 106467 249938 227201 227204 
6 : 106503 106517 106500 195310 155728 155746 
6 : 106506 106513 106518 220247 220249 257669 
6 : 106514 106499 106515 155540 257813 155541 
6 : 75076 73005 106555 73000 75084 73017 
6 : 37708 106591 106581 37725 37715 175164 
6 : 106586 106585 106583 234181 205391 205389 
6 : 106592 106587 106590 249015 255106 249012 
6 : 93574 106682 106687 93577 93583 196836 
6 : 106708 106692 106694 145083 155021 145061 
6 : 106731 106734 106750 182339 182358 202239 
6 : 106757 43363 106766 43373 174123 43381 
6 : 106809 106820 106816 152706 152703 254358 
6 : 106814 106815 96148 207278 96165 96171 
6 : 63351 106832 106838 63361 63370 243925 
6 : 106824 106839 106830 158339 158332 233759 
6 : 106927 106922 106919 181672 134865 134860 
6 : 106935 106932 106926 252719 216659 216655 
6 : 61228 107045 107044 61237 61236 190157 
6 : 107054 107056 107060 185987 185991 208691 
6 : 80451 107067 6904 80454 6898 6911 
6 : 107162 107159 107164 219797 235366 219800 
6 : 107175 66801 107171 66812 188527 66804 
6 : 107181 107177 107169 227944 114448 114442 
6 : 107184 107176 107173 224873 202601 202594 
6 : 107202 107185 107200 110937 259356 110935 
6 : 87179 107217 107215 87200 87199 255516 
6 : 107296 18514 107301 18515 120840 18518 
6 : 107302 107310 4915 173919 4923 4934 
6 : 107303 22704 107298 22713 132250 22707 
6 : 107304 3523 107309 3533 202565 3544 
6 : 107322 26988 44357 27003 44370 26983 
6 : 107417 94388 107415 94395 142376 94393 
6 : 68012 107442 107437 68021 68017 164515 
6 : 21167 33477 107554 21165 21173 33487 
6 : 107557 107560 107549 225502 153847 153854 
6 : 107558 107561 107559 259033 259030 261339 
6 : 55683 107659 107658 55685 55684 109665 
6 : 107660 2757 97916 2759 97917 2755 
6 : 107669 107674 107671 181080 181079 209920 
6 : 107689 107704 107701 178558 178554 255053 
6 : 107698 107695 96934 234486 96956 96951 
6 : 107770 107779 107778 156844 156843 243980 
6 : 107903 107899 107898 142717 137424 137407 
6 : 107904 76043 107905 76055 225682 76056 
6 : 107923 107918 107921 180327 234899 180325 
6 : 107969 107960 107973 199400 245807 199402 
6 : 108017 108008 108016 148439 257354 148434 
6 : 108027 108025 50071 232010 50091 50083 
6 : 108040 108043 108048 211940 211947 234425 
6 : 108160 108166 108165 114764 114761 217734 
6 : 108171 108172 108162 250450 140953 140954 
6 : 108267 108271 108272 165460 165461 230083 
6 : 108268 108266 108274 153661 185821 153668 
6 : 108278 108289 108287 116739 116736 233621 
6 : 108284 108292 79047 212210 79063 79074 
6 : 108422 108412 108417 156854 241563 156841 
6 : 108429 108427 108440 160624 189540 160636 
6 : 108431 108179 55366 108192 55380 55365 
6 : 108444 72843 108445 72849 161691 72850 
6 : 108456 108454 108451 264414 249950 249948 
6 : 21352 108544 108538 21361 21355 132753 
6 : 108554 108556 108553 260979 259165 259168 
6 : 77020 108669 78123 77038 77018 78155 
6 : 108680 108675 108685 206431 242964 206442 
6 : 108793 67722 52669 67738 52694 52667 
6 : 65814 108806 3680 65825 3678 3696 
6 : 90463 93111 108808 90462 90481 93130 
6 : 108797 108811 108810 154848 154846 252899 
6 : 108800 108798 108809 171820 186411 171835 
6 : 13078 108913 108917 13082 13085 179380 
6 : 108921 108923 108915 260553 182702 182704 
6 : 60785 108964 51506 60789 51501 51508 
6 : 63594 109049 109035 63607 63598 132863 
6 : 109033 109038 109046 120534 120543 161914 
6 : 109056 109063 109070 142703 142706 235278 
6 : 109131 13971 109145 13977 183127 13996 
6 : 109143 109132 15899 185783 15931 15907 
6 : 53870 36411 109151 36407 53875 36423 
6 : 109146 20168 109150 20170 133818 20181 
6 : 109148 109152 109153 200822 200823 225441 
6 : 15336 10236 109170 10231 15354 10253 
6 : 109160 109168 109163 165241 165230 195992 
6 : 109167 109159 102354 156717 102372 102357 
6 : 109182 109179 109184 221513 237499 221518 
6 : 109195 52378 65678 52381 65682 52372 
6 : 109254 109248 109261 114381 237065 114390 
6 : 109258 73658 109253 73673 230296 73668 
6 : 29025 109282 109267 29054 29034 172124 
6 : 108940 109377 109373 108957 108945 182524 
6 : 106977 109411 54521 106985 54520 54531 
6 : 109505 109506 88090 207820 88101 88103 
6 : 109509 109502 109510 180065 262698 180066 
6 : 87870 109525 28601 87890 28599 28625 
6 : 77925 109605 86631 77938 77921 86647 
6 : 36563 109613 49772 36570 36560 49776 
6 : 109616 30600 109610 30610 157719 30603 
6 : 109620 108573 109622 108576 149448 108583 
6 : 82098 92911 109654 82097 82114 92925 
6 : 109650 109662 109661 193481 193480 264540 
6 : 109725 109723 53234 202524 53251 53248 
6 : 109736 76393 109738 76408 212135 76409 
6 : 109740 109733 109735 194491 204075 194483 
6 : 109837 109847 109839 138190 138178 178901 
6 : 109838 45061 95490 45066 95497 45059 
6 : 109842 109845 109844 221956 221955 243209 
6 : 109846 81744 109848 81763 247510 81764 
6 : 109853 109852 109850 263852 251207 251203 
6 : 109867 109864 109865 259587 260695 259586 
6 : 109868 109857 80140 230351 80169 80161 
6 : 109942 109940 109938 182499 172945 172937 
6 : 109993 110001 110006 135294 135309 224042 
6 : 110002 110000 110004 223637 226732 223643 
6 : 110008 110007 89835 116552 89837 89836 
6 : 110018 110011 110012 168964 180118 168955 
6 : 110022 110023 63764 261285 63794 63797 
6 : 110039 110032 110038 219008 248639 219007 
6 : 110139 110140 16186 240727 16203 16204 
6 : 110141 110143 63692 245381 63711 63713 
6 : 110288 110266 110285 157375 264743 157374 
6 : 110302 110301 110292 250037 153976 153973 
6 : 110364 63220 67904 63222 67907 63213 
6 : 110379 110388 41228 192312 41235 41254 
6 : 110390 110393 101528 126787 101530 101532 
6 : 110392 110401 65932 138692 65938 65957 
6 : 110431 110424 3681 252906 3710 3701 
6 : 110489 110497 110487 169544 148115 148130 
6 : 110494 110501 110492 219460 211659 211671 
6 : 110499 110498 110496 251501 241429 241428 
6 : 110504 110510 110517 176079 176087 232800 
6 : 110527 110525 110522 233841 168986 168981 
6 : 110628 110624 110626 177460 220810 177452 
6 : 110737 110744 110743 188467 188465 253664 
6 : 110840 110835 91203 142247 91216 91208 
6 : 110967 71693 110963 71709 179324 71699 
6 : 110974 110983 110977 131375 131365 172316 
6 : 110994 110988 110987 184117 145203 145186 
6 : 111093 111084 62922 149483 62955 62931 
6 : 111103 111097 111105 148975 239456 148983 
6 : 111124 111119 31862 262106 31893 31889 
6 : 111132 111141 105414 221011 105426 105436 
6 : 111212 111208 111214 200932 251132 200935 
6 : 111228 111221 111232 196616 241489 196621 
6 : 36564 111336 111340 36565 36571 131291 
6 : 1117 111346 111355 1119 1132 167702 
6 : 111453 111450 111448 255193 237228 237224 
6 : 111456 111458 111459 209878 209879 217607 
6 : 111484 49188 111493 49191 131035 49200 
6 : 111558 111556 111557 138638 158576 138636 
6 : 111560 111566 80267 189024 80274 80298 
6 : 111701 111698 111692 183301 115882 115881 
6 : 111818 111815 111819 255626 264670 255627 
6 : 111820 111830 111824 117421 117416 156248 
6 : 111929 71833 111928 71836 125974 71835 
6 : 20251 103051 111944 20250 20269 103067 
6 : 111967 111968 111959 262422 221224 221227 
6 : 111979 111973 111980 173177 201498 173178 
6 : 112066 112052 112055 115642 161367 115628 
6 : 112168 112169 112164 258836 167515 167517 
6 : 112171 112165 112167 203182 240058 203173 
6 : 112178 60374 112182 60388 252208 60392 
6 : 2600 112208 51757 2602 2596 51759 
6 : 20139 82389 112283 20135 20151 82399 
6 : 112287 112277 112276 169066 168435 168414 
6 : 84679 112301 112296 84691 84687 200597 
6 : 81052 43365 109571 43359 81051 43364 
6 : 112312 37589 112306 37597 115407 37590 
6 : 112318 112310 4494 181097 4508 4498 
6 : 112424 112428 24527 209697 24538 24543 
6 : 88709 112510 112509 88731 88729 258656 
6 : 112530 112523 21223 217452 21245 21233 
6 : 112548 112541 112546 218914 252157 218910 
6 : 89280 112633 112639 89283 89295 148431 
6 : 112636 112644 112634 199147 148453 148468 
6 : 112641 112643 112642 257509 257507 258146 
6 : 112664 112667 112676 160476 160486 208351 
6 : 112692 112550 112686 112569 233906 112562 
6 : 112758 58032 112757 58044 244085 58043 
6 : 112790 112781 112797 128378 243251 128386 
6 : 112865 112863 112874 144750 172834 144764 
6 : 112869 112873 112872 204253 204252 253981 
6 : 112878 112886 112880 141371 141363 153531 
6 : 112881 112879 112889 144752 194830 144767 
6 : 112887 112888 77216 255623 77243 77245 
6 : 11442 98889 63070 11441 11438 63068 
6 : 113017 113023 113019 217901 217896 225714 
6 : 113018 113020 113013 224975 203733 203735 
6 : 113105 113103 113100 177633 133274 133270 
6 : 113114 113116 102823 154236 102832 102834 
6 : 89537 113137 113132 89555 89549 238149 
6 : 113222 46886 99544 46890 99548 46885 
6 : 113225 32874 113228 32876 156178 32882 
6 : 113230 32593 47071 32610 47095 32583 
6 : 113263 113261 113258 236997 216139 216136 
6 : 113299 113302 113301 217725 217721 225461 
6 : 113337 1993 113340 1998 138374 2000 
6 : 113339 113343 113341 156510 156507 197740 
6 : 113356 113353 113363 173927 229754 173938 
6 : 101155 113370 96280 101160 96278 96287 
6 : 113371 113378 113377 194687 194686 258514 
6 : 113472 113470 113475 178266 192176 178280 
6 : 88835 113495 113493 88839 88837 132401 
6 : 113510 113525 113516 139920 139907 197767 
6 : 113591 113587 34954 122134 34964 34957 
6 : 26737 62601 113593 26734 26739 62603 
6 : 113608 63319 113618 63331 228968 63344 
6 : 68520 113715 113709 68529 68524 150251 
6 : 113725 113723 113718 256573 229374 229373 
6 : 113726 113721 113720 251970 249915 249909 
6 : 113832 113831 80499 223309 80519 80512 
6 : 113841 113846 113837 222470 159600 159608 
6 : 113881 113893 113880 236646 209775 209789 
6 : 113970 113971 113972 249541 249542 256977 
6 : 113988 113979 8313 151222 8337 8315 
6 : 114093 114092 114095 197916 201499 197917 
6 : 114106 104412 114115 104415 152473 104427 
6 : 114119 114105 93370 152364 93388 93371 
6 : 114120 114117 104894 237875 104921 104917 
6 : 114127 114137 114146 125623 125631 223764 
6 : 114210 55995 114211 55997 131691 55999 
6 : 114213 77470 114217 77476 177058 77482 
6 : 114319 114322 114333 122036 122053 209058 
6 : 114326 114327 114334 231803 231809 237577 
6 : 114330 114331 86765 257444 86784 86785 
6 : 114341 114344 114336 221869 128151 128158 
6 : 114357 114364 69795 221889 69808 69824 
6 : 114467 114469 29349 140811 29351 29356 
6 : 114475 114477 74618 249388 74630 74634 
6 : 114476 114473 114472 220980 215573 215568 
6 : 76323 88587 10709 76319 10703 10706 
6 : 49507 114490 51022 49509 49501 51024 
6 : 63402 41483 114569 41481 63408 41492 
6 : 114563 114570 114562 122878 116684 116699 
6 : 91143 39446 114580 39443 91151 39453 
6 : 114581 114583 1053 219898 1065 1066 
6 : 101874 23635 34634 23632 34631 23626 
6 : 114589 114600 109809 162476 109812 109833 
6 : 114599 114596 57181 232716 57207 57201 
6 : 114683 114689 114688 242011 242010 261110 
6 : 114690 21042 114684 21061 249818 21056 
6 : 114727 114723 114715 206241 134529 134522 
6 : 114731 77967 114720 77991 173504 77975 
6 : 114740 114736 114737 127620 132164 127618 
6 : 114853 86797 114863 86810 207759 86818 
6 : 114861 86895 114864 86912 252643 86919 
6 : 69308 78124 114947 69303 69327 78147 
6 : 114959 42311 85758 42322 85766 42309 
6 : 114981 114989 42630 234839 42646 42660 
6 : 96507 115007 115004 96529 96527 261876 
6 : 114990 114999 114995 129899 129895 226765 
6 : 114998 74718 115000 74732 241969 74736 
6 : 107548 115061 115060 107552 107550 164467 
6 : 115069 115075 115074 148345 148344 193753 
6 : 115071 115079 115077 156264 156254 244858 
6 : 115080 115068 2786 117437 2819 2787 
6 : 53913 115096 115091 53936 53931 249949 
6 : 107608 115193 42203 107614 42201 42211 
6 : 115192 115194 115199 196036 196049 202968 
6 : 115195 115198 115190 226784 172858 172861 
6 : 115217 115212 115209 251751 247781 247775 
6 : 115230 115242 115221 213560 143029 143046 
6 : 115317 115306 115308 197356 212625 197334 
6 : 115328 102147 115318 102170 118408 102148 
6 : 115337 115345 115341 189619 189616 236968 
6 : 115459 115460 50613 220544 50618 50619 
6 : 115461 115456 115455 190564 169926 169922 
6 : 16792 105490 115561 16789 16813 105512 
6 : 35341 115568 86117 35348 35340 86135 
6 : 50240 9265 115567 9259 50247 9282 
6 : 93186 115573 84604 93190 84599 84611 
6 : 61612 115787 115794 61623 61628 235089 
6 : 115781 115791 115792 116987 116988 253836 
6 : 73973 115836 115828 73978 73974 128150 
6 : 86095 115897 115900 86096 86108 121025 
6 : 114020 77072 115899 77070 114037 77090 
6 : 115960 115969 115959 135721 130270 130289 
6 : 115966 115970 115977 203796 203802 242965 
6 : 115968 115964 72636 167263 72650 72643 
6 : 115972 115961 115971 149412 244894 149411 
6 : 115996 115982 115985 166803 188978 166793 
6 : 116004 116009 116008 152755 152750 242089 
6 : 116012 47166 116017 47167 123870 47176 
6 : 116013 116016 116020 129255 129264 228281 
6 : 116075 116066 116060 175982 152787 152779 
6 : 113384 116126 116135 113386 113402 140752 
6 : 116129 116131 116130 151090 151088 156424 
6 : 116137 116124 116132 136236 197639 136231 
6 : 116152 116145 116143 202161 193427 193418 
6 : 48236 4750 116172 4744 48256 4766 
6 : 116236 116232 116231 174993 125270 125260 
6 : 116242 116233 116235 183032 214469 183016 
6 : 88710 116249 116244 88722 88714 149307 
6 : 116270 77073 116268 77099 255515 77096 
6 : 75580 116282 116289 75588 75603 224692 
6 : 116318 116319 116322 166405 166411 173405 
6 : 116341 116338 116340 227530 259725 227529 
6 : 105999 116350 116343 106009 106003 145481 
6 : 11971 116368 116376 11981 11999 204004 
6 : 116359 111628 116362 111629 132056 111633 
6 : 116371 12789 116377 12806 233441 12819 
6 : 116388 94546 116381 94560 159925 94551 
6 : 116396 116385 116386 193387 201766 193380 
6 : 75385 116474 116465 75408 75389 155433 
6 : 116481 7181 28940 7187 28947 7175 
6 : 116518 116522 116510 236075 122764 122776 
6 : 116520 116521 116519 245082 241731 241736 
6 : 116525 116513 116524 178579 264711 178578 
6 : 116578 116586 116580 217322 217316 232205 
6 : 96909 27104 116599 27103 96924 27124 
6 : 116591 116594 116603 154222 154234 206443 
6 : 116596 30355 41740 30368 41753 30349 
6 : 116619 116618 92997 249010 93023 93022 
6 : 116709 875 116710 879 161046 883 
6 : 116718 116716 46330 136846 46343 46332 
6 : 116721 90672 94658 90688 94675 90670 
6 : 116735 116733 32911 206064 32920 32919 
6 : 116746 116761 116760 142785 142780 228382 
6 : 116755 116747 116749 166208 168197 166202 
6 : 116819 42034 116820 42045 230211 42046 
6 : 79181 116823 116829 79183 79195 140649 
6 : 116835 116834 8621 250197 8647 8644 
6 : 116844 116838 116845 165500 237310 165505 
6 : 116847 116848 116843 256327 222471 222472 
6 : 109171 116926 25135 109180 25134 25147 
6 : 115451 116930 116935 115458 115462 199227 
6 : 57417 116967 116964 57428 57425 218041 
6 : 116957 116961 116966 124658 124665 162109 
6 : 117029 117034 117032 221194 221189 260467 
6 : 117049 117061 117053 118283 118271 209219 
6 : 117056 117063 117055 245870 229771 229777 
6 : 117152 117155 25937 204893 25950 25953 
6 : 117168 36319 117176 36328 224824 36337 
6 : 97892 117189 117186 97910 97901 208919 
6 : 117184 117188 71070 183407 71077 71084 
6 : 117209 101731 117207 101747 234459 101746 
6 : 117211 117216 117197 248860 161075 161087 
6 : 117279 117276 117277 200841 245622 200835 
6 : 40930 117387 117386 40937 40935 214702 
6 : 117434 117417 117428 189737 250738 189731 
6 : 117501 117502 117503 202194 202203 203566 
6 : 117505 20769 117508 20784 249317 20791 
6 : 53017 117509 117518 53018 53031 138347 
6 : 117614 117610 13972 232830 13988 13985 
6 : 36413 117625 8131 36418 8127 8140 
6 : 66195 117631 106402 66208 66193 106421 
6 : 117630 117626 117633 212672 232995 212681 
6 : 117726 117734 117732 169729 169720 238996 
6 : 117740 117738 117744 242676 261262 242682 
6 : 117747 117748 117756 136798 136806 146289 
6 : 55597 117778 117768 55618 55607 229171 
6 : 117839 61229 117849 61231 137720 61243 
6 : 117864 117863 117872 186992 191604 187007 
6 : 96910 90540 32429 90539 32427 32424 
6 : 117965 75695 117970 75709 240201 75713 
6 : 117971 117960 117964 166317 212584 166306 
6 : 40734 117972 117974 40738 40741 138074 
6 : 94145 117983 117977 94161 94153 212252 
6 : 108733 53123 117992 53122 108744 53137 
6 : 118005 118017 118001 222870 195905 195914 
6 : 118009 118010 118014 239772 239777 241980 
6 : 38836 118084 82635 38842 38834 82648 
6 : 118089 118082 98816 201638 98839 98820 
6 : 31411 118096 118101 31424 31436 213094 
6 : 118097 24556 118095 24570 195512 24565 
6 : 118141 118126 118128 169212 178804 169197 
6 : 118212 71863 118209 71873 190941 71870 
6 : 118214 118210 118208 194239 188701 188696 
6 : 118216 100525 118218 100540 240183 100545 
6 : 8412 118355 118348 8425 8415 148754 
6 : 78986 118389 37189 79002 37186 37219 
6 : 118455 23027 118464 23029 138279 23042 
6 : 118473 118471 17122 165797 17128 17126 
6 : 47901 68793 118522 47899 47918 68810 
6 : 118523 118512 102935 128014 102955 102936 
6 : 118564 118557 69569 157295 69595 69574 
6 : 83727 11035 118569 11033 83732 11040 
6 : 118566 118571 20647 129658 20650 20664 
6 : 118574 29667 118570 29692 177350 29675 
6 : 101242 118588 118590 101252 101258 251340 
6 : 118585 118593 118579 239165 154689 154695 
6 : 118589 35597 118581 35619 176626 35606 
6 : 39605 118615 96602 39624 39602 96630 
6 : 118613 118607 7215 242274 7247 7234 
6 : 9336 118680 118686 9343 9350 230243 
6 : 75058 118685 118684 75070 75069 244168 
6 : 118677 118679 118687 203145 203150 216572 
6 : 118682 118676 118688 190087 237888 190097 
6 : 118705 24819 118716 24822 139334 24840 
6 : 118713 60818 118706 60834 147065 60821 
6 : 118760 118748 117456 138720 117472 117459 
6 : 118775 118770 118777 160758 234161 160761 
6 : 85712 20299 78657 20295 78651 20294 
6 : 111971 118913 118900 111987 111972 153855 
6 : 99219 53808 119012 53807 99223 53813 
6 : 119022 34150 119021 34165 264233 34164 
6 : 119029 119023 119034 123064 198397 123071 
6 : 119063 119082 119077 172849 172847 260662 
6 : 67987 47800 42204 47794 42197 42193 
6 : 119138 107609 88999 107617 89005 88997 
6 : 119146 119149 59586 194453 59595 59599 
6 : 119169 119171 119160 262498 193564 193568 
6 : 97537 119211 119204 97556 97546 192001 
6 : 119258 95461 119255 95482 228256 95477 
6 : 119266 110043 119262 110052 149670 110045 
6 : 119369 119366 119376 159550 207494 159556 
6 : 119379 119370 119381 211514 256685 211516 
6 : 119387 119391 119383 226198 153968 153982 
6 : 119496 4717 119503 4727 200372 4738 
6 : 66333 119514 119507 66342 66337 163031 
6 : 119508 119519 119510 167052 167045 179960 
6 : 119541 20169 8440 20173 8445 8435 
6 : 119549 119551 119543 245578 213358 213360 
6 : 119553 119555 91843 262359 91880 91884 
6 : 119556 75961 119544 75980 219878 75970 
6 : 119627 119623 119630 129696 213419 129700 
6 : 119638 119656 119645 147117 147108 231117 
6 : 119648 26401 13534 26422 13555 13525 
6 : 119651 119639 119643 149012 208350 149002 
6 : 119663 119673 119659 213491 190162 190174 
6 : 119736 119741 119747 156494 156501 198523 
6 : 116526 119763 119768 116527 116540 134893 
6 : 119776 109668 119767 109685 209717 109676 
6 : 102118 119866 119856 102142 102123 143971 
6 : 119858 119859 119857 160317 150245 150247 
6 : 119865 36005 119861 36022 231921 36019 
6 : 17397 77833 119897 17395 17400 77835 
6 : 119911 119905 119899 176689 139567 139563 
6 : 74427 119974 119981 74433 74442 190009 
6 : 948 119996 14044 966 943 14072 
6 : 77647 119994 119998 77664 77665 260483 
6 : 43655 41942 120090 41934 43661 41946 
6 : 120104 120109 120111 184310 184313 220802 
6 : 120110 101608 120102 101618 138100 101611 
6 : 34052 86119 36786 34051 34045 36781 
6 : 51980 101263 120123 51978 51983 101264 
6 : 1967 78196 120204 1965 1974 78203 
6 : 120203 80377 120207 80382 190151 80390 
6 : 42860 97416 34574 42855 34566 34571 
6 : 120232 108079 120234 108092 258403 108094 
6 : 73886 120325 120328 73891 73898 158296 
6 : 120331 120335 120344 148597 148604 212875 
6 : 120451 120469 120455 133599 133594 192601 
6 : 120461 120453 120460 166569 221937 166568 
6 : 120472 46412 120471 46414 122177 46413 
6 : 120486 66108 120485 66139 248890 66131 
6 : 114125 120500 120490 114145 114130 165970 
6 : 42146 120576 120580 42149 42154 158643 
6 : 120578 120579 110586 177799 110595 110598 
6 : 120583 120581 120575 217802 140797 140794 
6 : 120593 120592 120598 221812 241947 221816 
6 : 40488 120612 117085 40503 40487 117103 
6 : 120608 120604 120607 125287 141285 125285 
6 : 120635 34956 13112 34976 13127 13100 
6 : 120715 120729 120723 131377 131369 227705 
6 : 120717 120728 120714 154080 130613 130636 
6 : 21916 120732 120741 21919 21931 143479 
6 : 120736 120743 120744 191390 191394 258675 
6 : 120742 120735 120731 190481 123924 123914 
6 : 120832 120830 120833 233786 248301 233787 
6 : 120958 120970 103408 121843 103409 103427 
6 : 120964 120962 114044 201464 114057 114054 
6 : 121058 121056 121066 176493 221818 176506 
6 : 121063 121061 121055 240905 173049 173047 
6 : 121067 71440 29668 71443 29670 29665 
6 : 121096 121097 121101 180366 180371 198385 
6 : 121120 121124 121116 225454 189481 189485 
6 : 121164 17123 121167 17127 176589 17139 
6 : 121169 121175 93735 130203 93737 93745 
6 : 121173 121176 121174 207606 207604 210298 
6 : 121195 121188 121199 222853 252766 222858 
6 : 121216 48637 121205 48668 210121 48654 
6 : 29583 121281 121280 29587 29585 149747 
6 : 121351 121352 121341 264182 219743 219746 
6 : 121421 121425 121430 128128 128135 227662 
6 : 121423 91577 14005 91589 14014 14002 
6 : 121432 61951 121436 61953 134732 61958 
6 : 121440 22706 121441 22721 241504 22722 
6 : 121567 1995 121574 1996 122113 2007 
6 : 121577 121576 94724 237119 94732 94731 
6 : 121664 121662 121663 223029 231452 223026 
6 : 99339 121678 53420 99350 53418 53435 
6 : 121683 121677 121681 230760 263506 230757 
6 : 121690 121687 121693 169163 236426 169168 
6 : 121714 121735 121719 131483 131470 209402 
6 : 121727 121721 121730 222379 244388 222383 
6 : 121770 121772 121767 240539 219427 219438 
6 : 121771 121766 121764 188350 176105 176095 
6 : 121773 121782 82478 128398 82479 82489 
6 : 121778 121780 121775 200230 156525 156527 
6 : 117439 121880 121885 117445 117448 177121 
6 : 121886 121878 121881 142145 179958 142138 
6 : 121891 121879 118427 150241 118452 118430 
6 : 121896 74051 121904 74055 177993 74069 
6 : 121899 121895 95760 165864 95771 95765 
6 : 121902 121898 80645 203019 80661 80653 
6 : 87417 121915 121912 87432 87429 232124 
6 : 121919 121918 121908 261481 191186 191185 
6 : 121923 95858 99408 95862 99414 95854 
6 : 83434 121982 9104 83437 9099 9105 
6 : 121989 121992 121993 164183 164185 238013 
6 : 122087 11518 122092 11524 200133 11530 
6 : 122094 122088 122095 203172 237059 203174 
6 : 122096 122100 64059 247519 64083 64088 
6 : 107328 122103 122110 107331 107337 151261 
6 : 122101 122117 122106 126975 126967 188607 
6 : 67249 122211 122210 67253 67250 132827 
6 : 122219 122216 115754 242228 115770 115768 
6 : 122220 118222 122214 118233 206070 118228 
6 : 122223 122218 23668 243118 23697 23685 
6 : 122226 122234 122228 147953 147946 199567 
6 : 104363 122328 122331 104378 104384 259379 
6 : 96891 33454 66364 33452 66361 33448 
6 : 122340 122336 122345 207574 241976 207580 
6 : 122341 122339 122334 240238 166241 166236 
6 : 122455 122454 122457 194071 219280 194078 
6 : 122458 122448 122449 166002 172695 165991 
6 : 122459 122453 79211 187494 79241 79219 
6 : 122462 122463 75096 130349 75100 75102 
6 : 122471 122461 122467 122624 217878 122614 
6 : 122472 24412 84463 24441 84493 24409 
6 : 122486 122478 122490 201889 254207 201893 
6 : 122578 122572 122569 236338 212405 212398 
6 : 122598 122601 67483 210025 67495 67500 
6 : 122688 122693 15742 253736 15760 15769 
6 : 103257 122707 122703 103270 103265 229421 
6 : 122708 122702 122704 225973 231687 225968 
6 : 122709 59587 122697 59609 164240 59590 
6 : 122719 122726 42631 222352 42643 42651 
6 : 122730 122712 122711 138660 134999 134972 
6 : 122748 122735 122740 147687 226308 147677 
6 : 122801 122816 122802 138635 138611 156666 
6 : 122817 77044 122823 77045 131272 77058 
6 : 122824 122819 122829 190942 228795 190946 
6 : 11463 122843 122833 11479 11465 146020 
6 : 122846 122842 122845 251803 262572 251802 
6 : 122910 60847 122912 60849 136906 60855 
6 : 117875 122923 122929 117878 117882 207688 
6 : 123013 78126 123012 78146 258242 78145 
6 : 27657 123040 116201 27669 27656 116221 
6 : 25386 123055 96408 25397 25385 96428 
6 : 123137 123140 6099 137107 6100 6110 
6 : 123145 123146 123142 221460 186343 186344 
6 : 59824 123158 123160 59841 59843 257713 
6 : 64352 123166 123175 64360 64377 163947 
6 : 102650 21520 123263 21518 102664 21537 
6 : 118123 123264 123259 118137 118124 130375 
6 : 123262 123260 123265 169204 225300 169208 
6 : 31791 123278 123277 31803 31802 242268 
6 : 123273 123281 122511 197254 122523 122537 
6 : 123293 113800 25753 113821 25778 25751 
6 : 41338 123380 99384 41348 41335 99405 
6 : 106755 36652 7535 36650 7532 7522 
6 : 123408 123403 123407 216721 246394 216719 
6 : 40339 18143 56589 18135 40335 18138 
6 : 119522 15645 123501 15644 119538 15664 
6 : 123505 123503 59852 146603 59862 59855 
6 : 74839 123519 123516 74846 74844 182602 
6 : 13858 34637 123581 13850 13866 34646 
6 : 123589 101807 123602 101809 137636 101834 
6 : 123609 123604 123608 164650 187514 164647 
6 : 123703 123699 14381 162576 14404 14387 
6 : 123730 123740 90276 202081 90281 90301 
6 : 103379 123843 123835 103391 103383 157816 
6 : 123838 123841 123837 196491 191563 191570 
6 : 123867 123869 123875 175859 175868 221292 
6 : 123943 66500 123938 66527 243748 66512 
6 : 123954 30951 123944 30964 132093 30953 
6 : 123956 50266 123945 50279 148419 50268 
6 : 123960 123969 123971 199585 199588 255497 
6 : 123984 25790 26542 25811 26563 25785 
6 : 124052 124053 62924 125326 62925 62933 
6 : 37288 124169 124162 37306 37299 198276 
6 : 38441 124171 124165 38466 38456 224177 
6 : 48352 124183 124184 48371 48372 256136 
6 : 124182 124185 15390 238935 15404 15406 
6 : 47504 124302 124299 47510 47505 126093 
6 : 124308 124303 4982 180792 5003 4990 
6 : 124309 41916 124304 41924 184031 41920 
6 : 56962 124409 124404 56972 56967 202152 
6 : 124406 71220 44807 71239 44820 44801 
6 : 124423 124418 90959 215667 90980 90972 
6 : 124430 124426 124436 124939 184477 124951 
6 : 124440 124435 88211 222667 88246 88229 
6 : 3142 124521 124529 3143 3153 130695 
6 : 124543 124538 124542 221400 255659 221399 
6 : 124544 124536 124531 204986 137786 137774 
6 : 124555 124550 124558 186179 255937 186189 
6 : 124589 124580 124593 211006 260562 211008 
6 : 124626 109548 124621 109569 196734 109553 
6 : 85713 124632 124628 85722 85714 153844 
6 : 40137 124663 124666 40145 40150 178813 
6 : 15363 58086 124733 15358 15381 58104 
6 : 124730 24557 124727 24573 180516 24564 
6 : 124851 124853 124856 216134 216145 223504 
6 : 124852 124850 116625 170215 116636 116629 
6 : 125108 125098 125102 141283 212545 141271 
6 : 125110 125106 125111 234747 264789 234748 
6 : 125116 125114 125127 156323 207098 156336 
6 : 44474 125232 125228 44487 44484 238038 
6 : 95859 47236 125227 47233 95870 47249 
6 : 121200 125435 125434 121208 121203 178108 
6 : 125441 125437 125440 246344 250484 246341 
6 : 125452 125443 125450 181935 257078 181927 
6 : 125569 125576 125566 191771 155677 155685 
6 : 125582 125578 125565 254445 154270 154265 
6 : 125665 125669 125674 129893 129902 183275 
6 : 125686 125683 125679 224583 174869 174855 
6 : 7438 99122 125781 7435 7443 99126 
6 : 125786 125785 125788 214799 219843 214806 
6 : 118704 52788 125809 52787 118719 52809 
6 : 125816 125811 125826 164781 223095 164795 
6 : 125819 115497 125820 115513 240514 115514 
6 : 125837 125828 80752 126844 80762 80753 
6 : 125910 125915 125907 236179 156566 156582 
6 : 125920 125917 125926 132969 161891 132978 
6 : 125932 125931 78387 256933 78412 78411 
6 : 126004 126002 126001 171986 142922 142918 
6 : 126012 126011 126006 243121 227598 227595 
6 : 126117 126129 126127 146838 146835 256773 
6 : 126121 126118 126124 162780 196845 162785 
6 : 59072 115941 46136 59071 46127 46135 
6 : 106095 126137 126139 106114 106117 257872 
6 : 126131 126134 126140 201438 201445 250892 
6 : 126148 126146 126156 203352 218995 203357 
6 : 126151 126147 114291 213352 114303 114299 
6 : 126170 126169 126175 229287 229660 229302 
6 : 126223 126227 126229 181452 181459 214238 
6 : 126261 33189 126253 33220 201393 33201 
6 : 126268 126266 120141 138801 120152 120146 
6 : 126356 126352 126354 252793 264161 252789 
6 : 126360 126359 15392 172632 15399 15396 
6 : 76841 126464 126468 76842 76846 138075 
6 : 126466 126477 126469 157221 157202 190417 
6 : 126487 12790 99409 12803 99427 12787 
6 : 126570 100274 126576 100283 234949 100292 
6 : 126585 126583 126584 244114 248386 244109 
6 : 126604 126606 126602 245496 234433 234436 
6 : 126637 126636 126648 167331 176644 167342 
6 : 126642 126651 81746 221959 81754 81766 
6 : 844 100300 126694 841 856 100307 
6 : 34175 84680 126698 34168 34185 84693 
6 : 126731 115623 91205 115648 91231 91204 
6 : 90876 126804 126814 90886 90894 189917 
6 : 126807 11972 126812 11983 216003 11996 
6 : 126813 126802 62926 149299 62949 62930 
6 : 126912 126922 68599 149130 68604 68620 
6 : 126914 43422 126928 43426 171797 43444 
6 : 126968 126969 126972 193239 193242 205046 
6 : 63570 102119 126986 63567 63582 102137 
6 : 71912 127024 127021 71922 71913 143763 
6 : 127026 127029 27415 247426 27428 27435 
6 : 127034 91819 127033 91830 221512 91829 
6 : 51476 22318 127051 22311 51491 22336 
6 : 52883 127131 127127 52895 52887 181579 
6 : 127136 127139 96938 183282 96942 96946 
6 : 127174 127176 127166 209859 156751 156758 
6 : 127246 90226 127242 90239 228074 90234 
6 : 127251 18814 127243 18837 228498 18823 
6 : 127253 123162 26631 123164 26634 26630 
6 : 127297 127295 127291 241166 223311 223308 
6 : 127487 127488 127490 220295 220297 224452 
6 : 50159 127507 106282 50175 50157 106306 
6 : 55561 127504 53558 55565 53549 53570 
6 : 127521 127519 127511 256064 131623 131621 
6 : 127550 86768 114045 86776 114055 86764 
6 : 127551 127562 127558 210727 210720 258261 
6 : 85943 127602 11005 85962 11002 11027 
6 : 89460 127614 127604 89480 89463 155690 
6 : 127610 127607 127615 191764 208852 191778 
6 : 40225 127624 127626 40234 40236 216575 
6 : 127629 127634 127635 252164 252167 261004 
6 : 16470 127714 127725 16472 16490 159077 
6 : 22257 120397 127720 22256 22272 120413 
6 : 127733 127740 127731 221481 190326 190342 
6 : 97244 127757 127759 97256 97258 235016 
6 : 127768 103987 29528 103992 29538 29525 
6 : 127774 127776 127772 253610 223030 223031 
6 : 127833 45308 127828 45325 134320 45311 
6 : 42746 127853 127851 42761 42758 255451 
6 : 106096 127856 127848 106116 106108 235788 
6 : 127866 127858 67878 166335 67897 67881 
6 : 124734 127876 127873 124740 124736 165496 
6 : 127871 127883 127880 130223 130222 229432 
6 : 127888 127878 127879 211159 226375 211147 
6 : 29896 127961 42483 29905 29891 42497 
6 : 127955 127952 127958 182337 186037 182343 
6 : 127962 127960 127951 242135 148241 148232 
6 : 127967 57562 127969 57566 177503 57568 
6 : 127970 74769 115874 74780 115886 74767 
6 : 127987 127977 127994 202136 252137 202143 
6 : 128085 26657 128083 26681 256073 26678 
6 : 128094 128091 29386 196190 29401 29394 
6 : 128114 9911 103198 9934 103220 9909 
6 : 128115 128099 128108 214987 250899 214981 
6 : 128198 128209 128201 154831 154824 200715 
6 : 21308 57419 107869 21303 21307 57414 
6 : 128223 128231 128230 145230 145229 210793 
6 : 128224 128239 128232 154381 154373 222276 
6 : 128228 128242 5616 189971 5633 5652 
6 : 103543 128326 121388 103556 103542 121413 
6 : 128329 128322 128316 238633 191696 191684 
6 : 128349 128350 128358 189789 189799 212226 
6 : 128353 106044 60491 106061 60509 60490 
6 : 128425 128424 128432 136428 140525 136440 
6 : 128435 101784 83520 101801 83542 83519 
6 : 128436 128444 66110 137856 66112 66124 
6 : 128530 128542 128541 140235 140231 237944 
6 : 128539 128536 87053 198003 87069 87063 
6 : 127662 128577 128583 127664 127677 134109 
6 : 128638 128637 128644 219750 250047 219759 
6 : 128653 128650 6421 176884 6435 6429 
6 : 128725 128736 128730 199789 199780 242736 
6 : 51737 1544 128745 1540 51752 1569 
6 : 128741 78171 48906 78179 48915 48902 
6 : 128754 128749 97067 197762 97087 97079 
6 : 76883 128770 128763 76903 76898 248581 
6 : 128759 128765 11360 224206 11374 11384 
6 : 128787 128776 128789 166150 251832 166158 
6 : 102919 128842 3875 102924 3871 3883 
6 : 128500 29530 128871 29529 128510 29543 
6 : 128971 124267 128972 124290 259205 124293 
6 : 128977 128976 128987 133124 141099 133134 
6 : 129076 129083 129079 174815 174810 200563 
6 : 129081 129085 129075 215042 132518 132540 
6 : 57825 129114 129109 57844 57837 222731 
6 : 129104 31378 129107 31386 184074 31389 
6 : 129122 129137 129132 140757 140753 246163 
6 : 129212 129211 129215 255727 256030 255729 
6 : 129223 129229 84049 224921 84062 84076 
6 : 88811 129233 129234 88817 88819 163412 
6 : 129238 129236 129237 193227 195427 193226 
6 : 30488 129323 122749 30498 30487 122768 
6 : 21354 36036 129344 21347 21362 36049 
6 : 76563 129371 129364 76579 76571 239798 
6 : 129365 129359 129356 221150 187183 187177 
6 : 129375 129381 129380 156509 156508 201059 
6 : 129391 129408 37798 143480 37799 37821 
6 : 129420 129422 98080 258104 98098 98102 
6 : 129468 129455 48384 177537 48410 48391 
6 : 81558 129476 129480 81560 81568 133366 
6 : 129521 32294 129525 32300 194275 32313 
6 : 129527 129523 129524 228923 244899 228917 
6 : 117524 129530 129539 117526 117540 150279 
6 : 129532 54650 5617 54656 5626 5614 
6 : 19241 104129 129554 19238 19252 104142 
6 : 100230 129577 45369 100247 45366 45396 
6 : 129582 129586 129595 167752 167762 221293 
6 : 129626 129625 129629 209634 222238 209640 
6 : 11132 82612 129642 11128 11137 82618 
6 : 108942 129750 129747 108955 108949 215880 
6 : 129744 96809 129752 96811 139420 96829 
6 : 129751 129746 129745 211171 172674 172659 
6 : 129761 129754 79475 132086 79489 79476 
6 : 129862 129864 76262 254089 76284 76288 
6 : 115731 125062 25009 115730 25006 25008 
6 : 129985 129989 129993 147584 147591 200452 
6 : 98246 130097 130106 98248 98261 185781 
6 : 130108 130098 130103 199550 259022 199543 
6 : 130135 130132 101412 183327 101426 101417 
6 : 130204 59558 130209 59566 220569 59574 
6 : 130206 128455 88359 128467 88366 88358 
6 : 130243 130246 130234 234064 170310 170317 
6 : 130245 7120 130236 7133 174493 7126 
6 : 130306 130307 130309 180569 180570 198681 
6 : 130310 90003 130314 90014 225110 90023 
6 : 130312 130305 130313 179209 256783 179214 
6 : 112695 130325 130322 112710 112706 238297 
6 : 130317 130321 5553 178914 5563 5568 
6 : 130332 130340 130342 193625 193627 248182 
6 : 120996 130351 130350 121000 120999 164484 
6 : 127080 122609 130357 122608 127089 122617 
6 : 127617 130352 84466 127621 84465 84476 
6 : 103617 130415 18516 103624 18513 18526 
6 : 130434 92792 130441 92793 142592 92805 
6 : 130436 130435 100528 142999 100532 100530 
6 : 130437 126610 130444 126614 162216 126626 
6 : 130542 130527 130531 177540 199327 177528 
6 : 130653 28722 130652 28724 151425 28723 
6 : 130657 57152 61412 57164 61428 57141 
6 : 130678 130669 130677 157391 256387 157389 
6 : 130754 130758 130748 211937 130970 130985 
6 : 35662 81215 130761 35657 35664 81216 
6 : 70870 130763 130775 70871 70899 158451 
6 : 130766 90027 130770 90036 194358 90044 
6 : 130784 130777 130779 158558 180489 158553 
6 : 130789 62581 130780 62598 185653 62586 
6 : 130825 130831 104867 200295 104876 104884 
6 : 130876 130877 4028 262474 4053 4058 
6 : 130897 130903 71579 198374 71588 71598 
6 : 34674 130989 130991 34678 34685 164314 
6 : 88468 130994 130990 88485 88471 189735 
6 : 130992 130993 130988 252562 144826 144829 
6 : 59001 131002 39576 59017 39572 39594 
6 : 130998 131001 130996 183524 156768 156773 
6 : 124104 131028 131040 124105 124118 149314 
6 : 131045 131039 3338 241170 3358 3351 
6 : 86242 131106 131112 86246 86257 153099 
6 : 131116 131115 44393 261033 44422 44419 
6 : 129784 131130 131132 129803 129804 256620 
6 : 19056 131235 131234 19069 19068 261081 
6 : 62448 131248 131239 62460 62451 161648 
6 : 131246 131241 7941 211785 7954 7948 
6 : 91046 131257 114173 91055 91045 114182 
6 : 131254 22876 131256 22883 197216 22888 
6 : 131306 131307 131303 211145 175734 175735 
6 : 131331 131333 94792 171372 94797 94803 
6 : 131335 131346 131337 240215 240207 252953 
6 : 118918 131362 45794 118939 45790 45820 
6 : 131420 131426 31234 217178 31242 31250 
6 : 111030 131432 131440 111031 111051 160978 
6 : 122014 131434 131436 122017 122019 182646 
6 : 9512 131461 131464 9528 9534 248506 
6 : 131443 131458 131454 140627 140624 208432 
6 : 131560 131556 117086 213704 117110 117100 
6 : 131561 131552 81465 155999 81488 81468 
6 : 131562 131558 131555 255604 212543 212540 
6 : 131570 131573 131580 192516 192521 239084 
6 : 131572 131574 131565 232948 160968 160970 
6 : 131583 131589 124464 190549 124471 124487 
6 : 113975 131684 44395 113983 44392 44408 
6 : 131687 131686 131682 255135 213505 213500 
6 : 130702 131704 89492 130710 89491 89503 
6 : 131715 131702 131705 140488 213706 140477 
6 : 81021 131751 131742 81039 81027 181477 
6 : 131790 85070 131786 85083 176019 85075 
6 : 131794 86371 54770 86392 54790 54765 
6 : 131799 131800 75301 226670 75312 75313 
6 : 117735 131809 131816 117736 117739 153733 
6 : 131911 131917 131918 206795 206797 264025 
6 : 52150 131920 131931 52152 52165 140956 
6 : 85031 132021 132012 85043 85032 165273 
6 : 132018 132017 132019 221255 245915 221256 
6 : 29641 49239 132032 29634 29653 49254 
6 : 31379 132110 33192 31402 31372 33215 
6 : 132100 132105 132102 192888 192884 201381 
6 : 32951 119395 132112 32950 32953 119397 
6 : 24386 598 132155 591 24399 613 
6 : 132226 132222 126736 201738 126757 126742 
6 : 30739 54623 132240 30730 30750 54635 
6 : 132237 43850 132232 43859 173334 43852 
6 : 132316 132325 6391 157766 6393 6406 
6 : 132343 132344 132353 177200 177210 185774 
6 : 132434 132428 296 172102 321 299 
6 : 9403 132543 60272 9412 9398 60280 
6 : 94637 132552 132555 94640 94644 198870 
6 : 132596 94519 132584 94538 148679 94521 
6 : 132598 132586 126993 157582 127018 126998 
6 : 106337 132657 132664 106340 106345 169074 
6 : 132666 132660 132661 206386 209133 206378 
6 : 132668 116768 132655 116787 138840 116769 
6 : 132672 132678 132682 162172 162174 222545 
6 : 118469 45093 17902 45089 17899 17890 
6 : 132791 132780 132779 172865 169762 169748 
6 : 12891 132883 132875 12906 12895 189732 
6 : 132895 132893 32991 248031 33004 33003 
6 : 132899 105918 103200 105919 103202 103197 
6 : 132907 55054 132908 55064 245134 55067 
6 : 90004 132933 132929 90024 90021 258844 
6 : 10978 132992 4821 10979 4811 4825 
6 : 132999 132995 68601 198241 68623 68612 
6 : 133008 133004 24946 246933 24974 24963 
6 : 27194 133019 133014 27210 27204 240286 
6 : 133009 133010 133017 153794 153803 171583 
6 : 52380 44214 133054 44203 52389 44228 
6 : 133052 58419 133060 58430 244129 58435 
6 : 133091 19403 133100 19405 141239 19431 
6 : 133208 133214 133206 184423 143444 143454 
6 : 133211 28853 133215 28860 215843 28870 
6 : 133212 133213 133217 238846 238856 243703 
6 : 111779 133233 133226 111802 111791 244507 
6 : 133245 4601 133242 4614 218459 4609 
6 : 97122 133265 40080 97143 40078 40102 
6 : 133329 133333 133335 196846 196849 238087 
6 : 133350 67148 92448 67168 92461 67145 
6 : 133448 133454 133452 226859 226857 257791 
6 : 133457 133458 16153 162353 16155 16157 
6 : 133461 133460 133467 179564 210491 179570 
6 : 133565 133574 133568 159455 159449 207948 
6 : 133570 133567 133149 180326 133166 133157 
6 : 133587 133577 133588 165574 263843 165575 
6 : 133598 133601 133602 262858 262859 264734 
6 : 61204 133691 133693 61219 61224 255680 
6 : 133804 133808 133803 226215 184286 184288 
6 : 133807 133806 133812 239708 240113 239720 
6 : 133829 133832 133833 197887 197890 246876 
6 : 133834 115010 133830 115026 219672 115018 
6 : 133837 133849 133843 185687 185679 223965 
6 : 133840 54439 133838 54448 192707 54445 
6 : 133911 133910 15744 262309 15767 15766 
6 : 133921 115471 133920 115481 204750 115479 
6 : 133928 78001 133934 78003 179891 78020 
6 : 134015 134022 134023 221884 221885 260738 
6 : 81807 134035 134031 81824 81815 211836 
6 : 134029 86666 134027 86674 190321 86671 
6 : 134038 111866 134040 111869 153045 111876 
6 : 134065 134073 134070 220183 220178 256794 
6 : 134140 134133 134136 149572 199462 149563 
6 : 134235 134237 54804 202959 54812 54813 
6 : 78989 134248 98081 78998 78984 98090 
6 : 134263 74693 134265 74703 238282 74707 
6 : 39872 134274 60848 39879 39865 60856 
6 : 134350 134346 134357 173331 204043 173347 
6 : 126717 134468 134461 126726 126720 193256 
6 : 134594 134592 134606 163867 194364 163879 
6 : 134637 18144 134635 18153 188204 18152 
6 : 134687 134684 134682 240590 204509 204506 
6 : 134691 46022 134690 46048 259926 46044 
6 : 134697 84184 134703 84186 167760 84200 
6 : 134802 134809 118050 183261 118055 118077 
6 : 134833 134829 134830 162085 169575 162079 
6 : 93761 134914 106283 93767 93760 106289 
6 : 134922 134931 100168 143129 100169 100189 
6 : 134926 134933 132846 206925 132857 132868 
6 : 134927 134930 57475 209589 57482 57487 
6 : 134940 134951 134945 204429 204422 244985 
6 : 134949 134952 134939 258185 197041 197046 
6 : 135031 135028 135032 215579 224422 215580 
6 : 135056 135072 135067 137248 137245 236837 
6 : 135084 135087 67183 180657 67194 67198 
6 : 135142 135144 135141 204813 183672 183674 
6 : 135149 3370 84207 3375 84214 3366 
6 : 135156 135152 33310 207108 33326 33319 
6 : 135158 57564 135151 57578 205079 57567 
6 : 135162 135171 75855 196688 75865 75881 
6 : 135179 135184 123987 165881 123988 123996 
6 : 135263 50643 135266 50647 182440 50659 
6 : 135271 131264 107100 131265 107101 107099 
6 : 135287 135273 135281 155982 216556 155972 
6 : 135288 135283 135286 233807 253525 233804 
6 : 135305 135290 129046 171061 129064 129050 
6 : 19185 67633 135369 19184 19197 67646 
6 : 135365 135362 135373 153927 188063 153936 
6 : 135371 135366 135368 195383 224269 195372 
6 : 135384 131919 135377 131930 198488 131923 
6 : 135391 135390 40959 172537 40965 40963 
6 : 135398 48879 110338 48896 110357 48878 
6 : 135401 135410 109785 138708 109786 109799 
6 : 135488 135494 135486 230605 211827 211838 
6 : 135509 135503 135511 179280 219924 179284 
6 : 5241 135602 135606 5243 5254 138044 
6 : 135609 135613 135619 162068 162077 216952 
6 : 135616 135614 33893 222787 33916 33907 
6 : 125935 7025 63921 7023 63918 7018 
6 : 135624 135633 135625 180907 180895 185104 
6 : 135628 123182 135627 123191 215238 123190 
6 : 135716 135714 118312 155927 118321 118316 
6 : 135729 135718 71041 206444 71065 71049 
6 : 116312 56148 135756 56146 116323 56158 
6 : 135817 135815 19404 245796 19423 19419 
6 : 135847 95316 135838 95334 175469 95320 
6 : 135924 135922 135921 200098 139285 139275 
6 : 135956 135951 135952 260214 261193 260211 
6 : 19326 136037 136039 19335 19339 255101 
6 : 136034 58420 136035 58429 242966 58432 
6 : 136042 55738 28298 55740 28299 28288 
6 : 136052 107254 136044 107279 180728 107262 
6 : 32236 13214 136062 13207 32244 13219 
6 : 136059 136068 136072 147240 147244 258456 
6 : 136136 136137 136146 147690 147713 165664 
6 : 60605 108143 136164 60603 60606 108144 
6 : 102404 136199 136214 102408 102427 150701 
6 : 136244 136250 121246 170727 121253 121279 
6 : 136247 104532 136248 104545 246684 104547 
6 : 115755 36166 136260 36165 115767 36182 
6 : 136263 136258 136257 220340 216025 216017 
6 : 102381 35388 2950 35385 2946 2944 
6 : 131935 136309 136305 131939 131936 159693 
6 : 136382 136381 118837 221762 118854 118851 
6 : 136458 136453 136450 199300 159610 159594 
6 : 136459 136461 136451 259299 160468 160473 
6 : 136469 136474 129665 242901 129678 129686 
6 : 136476 136488 136478 173483 173473 188341 
6 : 43423 136584 136579 43441 43432 240796 
6 : 136581 136573 117687 197568 117713 117700 
6 : 136587 136583 136577 260794 211694 211689 
6 : 136647 136648 136630 264577 173324 173325 
6 : 136678 136679 136674 220836 156349 156353 
6 : 136685 136676 136682 191676 247444 191667 
6 : 136700 136695 136689 243598 213677 213668 
6 : 136725 136717 136730 148761 245624 148767 
6 : 136738 44946 120145 44951 120155 44943 
6 : 136758 134360 136769 134373 236964 134384 
6 : 123532 136780 16764 123541 16762 16774 
6 : 136176 136783 63769 136196 63767 63800 
6 : 136791 136795 136792 222707 222696 226127 
6 : 136797 136793 65971 236724 65996 65986 
6 : 136800 136804 136801 170821 170815 178295 
6 : 68668 136858 136864 68670 68678 165054 
6 : 136867 136868 136865 253253 224068 224069 
6 : 136873 136874 3878 188326 3886 3887 
6 : 136884 136878 136879 239304 245424 239297 
6 : 136889 25313 136893 25317 172354 25324 
6 : 39112 136981 95888 39117 39107 95909 
6 : 136984 136989 136985 140572 140566 150143 
6 : 29004 38855 37884 28999 28998 37880 
6 : 137095 137101 137096 197443 197437 204218 
6 : 137118 32718 137113 32739 211300 32730 
6 : 137201 137204 130142 258369 130159 130162 
6 : 137203 137199 137207 234579 262341 234583 
6 : 137205 137200 137206 257241 263700 257242 
6 : 80628 6575 137216 6568 80639 6598 
6 : 137208 131718 8169 131719 8170 8168 
6 : 137237 137240 67042 185452 67051 67056 
6 : 137238 66368 127666 66373 127678 66366 
6 : 137310 137313 6906 145299 6909 6916 
6 : 137312 111630 3251 111634 3261 3247 
6 : 137316 137322 137317 216914 216906 226707 
6 : 93857 137331 137332 93866 93869 231332 
6 : 94850 137324 137327 94851 94855 144262 
6 : 137328 137329 137334 209336 209343 209679 
6 : 137439 137447 33758 166004 33767 33785 
6 : 137445 136217 137438 136237 146100 136219 
6 : 137455 137465 137468 177445 177446 254019 
6 : 137458 137452 137454 139223 158347 139212 
6 : 137467 137464 137453 251452 141685 141680 
6 : 70457 137476 137480 70466 70470 244250 
6 : 13822 137552 137557 13823 13829 159468 
6 : 137550 137551 137561 142644 142651 153414 
6 : 137554 137559 137564 195258 195261 255512 
6 : 58511 137572 137570 58525 58523 245967 
6 : 137604 137594 92914 138913 92931 92915 
6 : 137664 137679 137673 139165 139151 223392 
6 : 137671 137668 137675 180691 212591 180699 
6 : 137680 61760 63725 61761 63727 61750 
6 : 2529 137797 33633 2537 2524 33650 
6 : 119882 137794 137792 119890 119888 210594 
6 : 137820 47648 137815 47656 154762 47649 
6 : 137823 50497 131384 50508 131397 50496 
6 : 47695 109476 137899 47692 47701 109484 
6 : 118689 51760 137894 51758 118691 51767 
6 : 137896 137895 137893 222891 173574 173572 
6 : 71107 137907 74770 71112 71101 74779 
6 : 112807 137902 137908 112809 112824 161670 
6 : 137915 137918 137911 184538 139042 139044 
6 : 14708 138019 138016 14722 14714 227501 
6 : 29748 138032 138027 29761 29757 248939 
6 : 128020 138026 138024 128030 128029 213845 
6 : 138025 138030 138022 214867 201629 201636 
6 : 138028 138021 138023 198689 212609 198682 
6 : 138050 138052 60404 264227 60428 60430 
6 : 72120 138070 138055 72144 72125 175069 
6 : 138119 138112 138118 195880 259181 195878 
6 : 138131 138130 138135 239156 241267 239163 
6 : 138153 138155 138144 255738 214828 214835 
6 : 18418 138160 73579 18420 18414 73581 
6 : 138232 138239 138238 203186 203184 264631 
6 : 138236 138231 11290 201213 11310 11298 
6 : 37765 138248 138252 37779 37787 249370 
6 : 78060 138245 138247 78066 78070 213994 
6 : 138266 39631 138265 39650 232034 39648 
6 : 48618 37290 138336 37282 48635 37309 
6 : 138364 138362 138366 205434 226804 205439 
6 : 138408 138404 138393 252184 188356 188351 
6 : 995 120606 138452 993 1005 120610 
6 : 138466 138461 138463 169912 197990 169907 
6 : 138467 138465 138471 232649 257574 232650 
6 : 109935 138555 123766 109955 109932 123790 
6 : 138553 138550 27993 215516 28013 28001 
6 : 138578 24257 138568 24286 239439 24273 
6 : 138670 138668 138674 173602 189522 173605 
6 : 114514 115473 138696 114511 114515 115475 
6 : 138713 138704 138705 231789 233133 231778 
6 : 138758 97247 138768 97249 155251 97261 
6 : 138772 138773 46599 220111 46608 46609 
6 : 138855 138853 138857 210924 235367 210929 
6 : 38542 37139 51164 37130 38539 37133 
6 : 138860 138863 138865 152210 152214 176511 
6 : 79970 31659 16358 31654 16354 16348 
6 : 138895 24854 138889 24873 235240 24866 
6 : 139075 119898 139077 119913 260808 119915 
6 : 139085 139090 139092 196048 196051 248381 
6 : 139183 102122 139187 102133 231388 102141 
6 : 139185 139176 139177 154122 160234 154109 
6 : 139204 139192 139205 171936 263005 171937 
6 : 139297 139302 132511 237019 132526 132534 
6 : 139299 34454 139296 34468 184564 34460 
6 : 106756 23797 4495 23795 4493 4483 
6 : 139304 109573 139308 109578 181098 109593 
6 : 125795 139311 139317 125799 125806 153363 
6 : 139312 139318 49064 187127 49067 49079 
6 : 139394 139399 139396 192667 192663 208915 
6 : 139503 125410 139501 125416 151140 125411 
6 : 139516 122032 139525 122041 233104 122054 
6 : 139520 139515 139518 222714 243590 222710 
6 : 96913 139536 139529 96921 96916 178106 
6 : 139539 139533 139541 214419 247386 214421 
6 : 136732 139557 139549 136750 136742 208209 
6 : 139605 139613 139611 146143 146141 233443 
6 : 139612 111148 139619 111161 241877 111166 
6 : 135637 139630 139627 135650 135646 215648 
6 : 139685 128791 43060 128797 43068 43058 
6 : 139739 139736 139738 249138 254313 249137 
6 : 44727 139861 139864 44728 44734 150559 
6 : 96975 139863 139865 96978 96980 194025 
6 : 38915 139882 139887 38920 38926 168304 
6 : 139939 139932 139937 234966 258947 234963 
6 : 139996 129047 139995 129065 244770 129061 
6 : 139997 139994 107005 234503 107033 107024 
6 : 11975 6907 140014 6893 12000 6936 
6 : 140016 140036 140034 160020 160017 260985 
6 : 104330 140101 140097 104341 104339 258111 
6 : 140100 130143 140091 130160 163307 130146 
6 : 25105 140113 140106 25122 25112 205694 
6 : 140107 140108 140105 205827 203497 203498 
6 : 140111 140114 140112 242533 242532 252732 
6 : 9151 140124 140118 9159 9155 199064 
6 : 140119 140125 140117 206645 158148 158157 
6 : 140238 140245 140243 178535 178533 210245 
6 : 140268 140276 140277 251962 251963 263755 
6 : 120020 140339 102679 120037 102677 102697 
6 : 140335 116942 12154 116951 12168 12152 
6 : 140338 140337 140332 239408 154291 154287 
6 : 140351 140348 140358 213418 229178 213424 
6 : 140484 118052 140487 118070 241710 118078 
6 : 140568 140573 140564 195357 145920 145928 
6 : 32504 140584 140591 32513 32520 215460 
6 : 140588 54386 140589 54400 246602 54403 
6 : 66392 39152 140605 39147 66409 39163 
6 : 140606 140613 140607 233729 233722 237045 
6 : 140611 140603 140600 193086 189876 189860 
6 : 140690 140691 140698 193279 193288 200876 
6 : 140692 35709 140693 35716 224507 35719 
6 : 140827 140822 140829 184568 244746 184570 
6 : 140828 140824 140826 215296 236775 215294 
6 : 75256 140834 140844 75261 75273 191865 
6 : 140837 140842 90832 218571 90845 90852 
6 : 140851 83596 25275 83605 25289 25272 
6 : 140853 140846 54235 157830 54253 54236 
6 : 140855 140856 140850 249246 200687 200688 
6 : 140873 108356 119174 108378 119192 108354 
6 : 140896 140895 130492 149558 130496 130494 
6 : 140903 140904 140902 253879 243072 243074 
6 : 115689 26367 140915 26365 115701 26385 
6 : 140913 78631 140918 78642 241258 78648 
6 : 75387 140936 140921 75406 75390 159930 
6 : 140924 140926 140931 198699 198702 203747 
6 : 140928 22910 140939 22919 213975 22931 
6 : 140983 140968 107256 170191 107282 107260 
6 : 141009 17219 141016 17222 160830 17229 
6 : 141010 141017 30101 171115 30104 30117 
6 : 141013 141012 141008 199747 151657 151656 
6 : 141020 141018 141015 243331 209398 209392 
6 : 141026 141030 141022 202566 151141 151152 
6 : 141034 141029 141033 238762 263006 238758 
6 : 141116 141120 141117 151190 151185 166695 
6 : 6069 141127 115146 6079 6066 115157 
6 : 141129 141126 141135 172188 232998 172194 
6 : 68797 141152 141145 68811 68809 250154 
6 : 141141 102937 40518 102946 40531 40516 
6 : 141146 141143 127999 215473 128009 128006 
6 : 57302 141161 6230 57313 6224 6241 
6 : 141189 141174 141186 146246 233396 146245 
6 : 23220 141225 141226 23229 23231 194949 
6 : 141331 141333 141334 182204 182205 217518 
6 : 141362 141373 141366 153157 153149 202162 
6 : 47904 141383 141387 47912 47917 210151 
6 : 141388 141393 141386 253676 250148 250160 
6 : 141464 141459 141460 221358 226009 221350 
6 : 141469 15131 81606 15138 81614 15128 
6 : 141478 141470 141476 194771 239616 194769 
6 : 141586 141581 141576 223255 178206 178202 
6 : 119831 141590 132744 119837 119830 132749 
6 : 141599 141602 141597 253517 243803 243805 
6 : 49602 141628 141633 49603 49611 144093 
6 : 141655 141653 141645 257758 184123 184119 
6 : 141693 84185 141689 84197 213732 84189 
6 : 121201 141706 141711 121209 121217 246389 
6 : 141704 141703 141700 212951 194547 194545 
6 : 141716 111128 141725 111130 198375 111136 
6 : 141718 141712 103073 148937 103083 103075 
6 : 141799 141801 141796 227385 186159 186164 
6 : 141800 141802 141797 247384 194331 194339 
6 : 141831 141842 118868 162533 118871 118883 
6 : 11261 141901 141903 11278 11280 263799 
6 : 141890 141892 141895 171475 171477 197491 
6 : 141894 141902 141898 221014 221006 247568 
6 : 132874 141914 141922 132876 132884 194229 
6 : 29325 141941 141927 29341 29328 173132 
6 : 122733 141985 35740 122743 35737 35754 
6 : 142005 138502 142006 138508 185229 138510 
6 : 142105 32158 142108 32165 193792 32170 
6 : 142183 142185 142184 231757 231754 234703 
6 : 142188 142186 142187 257606 258860 257605 
6 : 142195 142193 142196 191503 226881 191506 
6 : 142232 142227 142221 258788 218585 218583 
6 : 49218 132361 142292 49217 49232 132378 
6 : 142298 142304 35259 225951 35270 35282 
6 : 6313 142402 142408 6317 6324 170389 
6 : 142432 142441 142434 177176 177163 191285 
6 : 142444 142446 142458 183013 183030 184274 
6 : 142519 142517 61151 147247 61155 61152 
6 : 142526 87401 67344 87406 67349 67337 
6 : 142554 142544 142556 204758 255983 204759 
6 : 142634 142629 142631 147698 166588 147691 
6 : 142636 142630 142638 160504 233672 160507 
6 : 142647 142649 83285 183974 83287 83290 
6 : 142667 142666 142670 247108 250841 247110 
6 : 142675 142690 142671 188648 162129 162155 
6 : 142737 142739 67769 263154 67788 67790 
6 : 142738 142733 142732 228565 228094 228082 
6 : 142747 142744 41662 234303 41680 41675 
6 : 125829 142756 142764 125835 125842 210755 
6 : 142783 142781 123768 233320 123782 123781 
6 : 60211 86097 142847 60206 60218 86112 
6 : 142854 142857 7495 216497 7506 7516 
6 : 142873 53669 142865 53691 204727 53674 
6 : 142957 40932 142960 40933 153956 40942 
6 : 142958 142962 33894 210911 33902 33919 
6 : 142972 80722 142977 80731 227121 80745 
6 : 143051 94255 99277 94264 99289 94253 
6 : 143057 143071 143077 154841 154849 234623 
6 : 143063 143072 143067 195624 195621 212042 
6 : 143079 72729 78390 72733 78393 72725 
6 : 143090 132967 143091 132985 256192 132986 
6 : 143121 143134 143122 210295 210287 211670 
6 : 143186 143199 143183 181363 159807 159826 
6 : 143280 143285 129599 246934 129614 129622 
6 : 143289 7372 143292 7376 196102 7379 
6 : 37711 55009 143382 37706 37727 55025 
6 : 142708 110807 143379 110806 142720 110818 
6 : 143377 143381 143380 218397 218396 255288 
6 : 143492 143499 143496 198854 198851 250522 
6 : 143502 143494 68451 218066 68475 68463 
6 : 141173 143517 113168 141192 113167 113187 
6 : 143504 143511 38619 178913 38628 38636 
6 : 143507 68422 143508 68426 193570 68428 
6 : 143512 137121 143505 137136 185178 137127 
6 : 143525 93473 143527 93482 200057 93485 
6 : 143530 143526 143520 217602 150703 150692 
6 : 143612 143606 143607 178306 208515 178288 
6 : 143622 100502 5555 100522 5582 5547 
6 : 90356 97696 104755 90351 90352 97694 
6 : 21678 124934 88215 21677 21673 88212 
6 : 143693 143701 16825 186397 16832 16852 
6 : 143700 143698 143692 248232 163754 163750 
6 : 143804 143810 143807 153832 153823 216012 
6 : 143808 143811 143805 221488 169181 169190 
6 : 143813 143812 143814 263826 263865 263827 
6 : 93703 143818 67459 93709 67451 67467 
6 : 143830 88869 127208 88874 127210 88866 
6 : 143909 143912 124009 236767 124018 124023 
6 : 143948 143945 128898 252597 128917 128911 
6 : 71697 144028 144026 71715 71708 234754 
6 : 91914 144061 144049 91930 91918 192717 
6 : 144068 14496 66047 14503 66055 14491 
6 : 144132 91792 144130 91802 166425 91796 
6 : 144136 144138 144131 243554 197688 197698 
6 : 34176 144239 73186 34183 34167 73202 
6 : 85643 144242 144241 85658 85657 263313 
6 : 144238 144236 63481 243476 63497 63494 
6 : 144256 144250 144257 229550 263482 229552 
6 : 144258 144243 144255 161824 262757 161821 
6 : 141829 144349 144348 141844 141834 224706 
6 : 144350 27820 144356 27827 195675 27837 
6 : 144463 144472 144458 224640 189810 189825 
6 : 144470 144467 144464 253698 230756 230752 
6 : 144569 144567 114396 225390 114416 114409 
6 : 25708 144577 144576 25715 25714 226056 
6 : 52 144595 144593 64 63 255392 
6 : 8082 144596 144587 8093 8087 236789 
6 : 144584 144588 136003 154657 136005 136018 
6 : 144591 96633 116091 96646 116105 96632 
6 : 144670 144665 144671 162113 253363 162122 
6 : 144672 135657 144668 135669 242832 135665 
6 : 36869 144682 133064 36879 36865 133077 
6 : 144688 144697 144696 172747 172746 233048 
6 : 144699 144685 144695 152056 222423 152049 
6 : 144700 144693 144702 205785 246348 205788 
6 : 144742 144737 144730 240885 187604 187599 
6 : 84381 144769 73187 84382 73175 73188 
6 : 135658 144772 144775 135660 135664 177801 
6 : 144770 144773 144774 172165 172166 186881 
6 : 142349 125638 144790 125637 142370 125663 
6 : 144779 51833 144786 51835 157748 51839 
6 : 144788 88328 144782 88340 191276 88335 
6 : 144795 144792 144783 263342 199108 199102 
6 : 144836 144852 144838 147582 147562 179024 
6 : 144885 144886 144896 203079 203089 210059 
6 : 144887 144889 85372 217644 85384 85391 
6 : 144893 144894 144884 262234 175968 175969 
6 : 4424 38329 144981 4420 4434 38343 
6 : 144979 84305 137610 84312 137617 84304 
6 : 144997 109057 56329 109074 56355 56325 
6 : 145002 145001 48640 171133 48647 48643 
6 : 32506 57541 145021 32500 32509 57544 
6 : 145020 145025 31121 174106 31125 31133 
6 : 145024 61973 145023 61981 203835 61979 
6 : 145093 145092 145094 228316 229166 228320 
6 : 145097 48518 145091 48539 221341 48527 
6 : 89684 120044 145104 89682 89691 120055 
6 : 145165 145179 145168 204157 204147 223628 
6 : 145236 145231 22762 226565 22786 22777 
6 : 6204 65225 15250 6199 6194 15243 
6 : 145264 145271 126544 176785 126548 126558 
6 : 137340 145324 145321 137346 137343 159923 
6 : 145334 133711 124774 133715 124778 124772 
6 : 145388 145389 145386 235674 230996 230999 
6 : 47853 145434 145430 47860 47856 194887 
6 : 145427 37320 145443 37321 148819 37338 
6 : 145435 145439 100677 229592 100687 100692 
6 : 145437 119219 143019 119232 143032 119218 
6 : 145452 1940 145453 1958 264776 1960 
6 : 136924 145472 134651 136945 134649 134678 
6 : 145461 145457 33759 197637 33775 33770 
6 : 145528 23915 145532 23920 231479 23928 
6 : 41069 145540 144313 41079 41068 144324 
6 : 145556 118984 145565 118997 237776 119006 
6 : 140738 145634 145637 140744 140749 179838 
6 : 145636 145639 145640 215850 215851 232719 
6 : 145643 145652 145645 191409 191397 204597 
6 : 145653 145668 142598 148766 142599 142624 
6 : 145670 145681 145671 160099 160090 175036 
6 : 141729 31723 145744 31721 141747 31747 
6 : 145736 94923 145738 94928 172633 94933 
6 : 23030 145746 102654 23033 23025 102660 
6 : 145757 21525 131762 21546 131784 21522 
6 : 68842 145835 145833 68847 68843 152509 
6 : 145838 145840 145837 243537 241863 241866 
6 : 145839 145841 22134 245265 22150 22158 
6 : 72216 145865 72609 72231 72211 72628 
6 : 145866 49066 145862 49082 244122 49073 
6 : 77351 145953 5410 77366 5404 5430 
6 : 145958 145957 72786 159442 72790 72789 
6 : 145959 145965 145974 172557 172570 215602 
6 : 107821 146066 146058 107837 107829 235512 
6 : 125036 146144 88216 125053 88213 88235 
6 : 146157 7060 16360 7074 16374 7047 
6 : 146262 146260 146270 180997 199826 181013 
6 : 146309 146312 146306 234694 219423 219432 
6 : 146386 146378 146380 226261 237477 226251 
6 : 146420 64002 119703 64014 119730 63999 
6 : 146472 99100 146471 99112 229927 99111 
6 : 135272 77047 13356 77046 13355 13348 
6 : 146486 58683 146480 58701 155974 58684 
6 : 146490 146482 146485 190956 233808 190943 
6 : 146589 146584 139444 198690 139470 139454 
6 : 146591 146583 146586 188453 236441 188443 
6 : 41896 109477 105626 41894 41893 105622 
6 : 112210 146596 146592 112222 112211 155407 
6 : 33554 146612 138526 33571 33552 138542 
6 : 96263 28331 146687 28327 96273 28351 
6 : 146683 146682 108634 221429 108652 108647 
6 : 146688 146680 146684 175411 243306 175404 
6 : 118495 146697 146698 118503 118511 240694 
6 : 146783 146788 105517 192702 105525 105533 
6 : 49273 146802 146805 49276 49278 201933 
6 : 145342 146796 146800 145348 145350 171239 
6 : 146892 423 146890 441 246162 437 
6 : 146911 2760 146907 2776 242033 2774 
6 : 146922 146917 146920 195891 214679 195886 
6 : 146985 22829 92973 22830 92976 22824 
6 : 21650 146993 43516 21651 21641 43517 
6 : 130212 147004 146997 130229 130221 223329 
6 : 147006 45481 44634 45482 44636 44624 
6 : 147012 147018 147008 225629 177362 177373 
6 : 147076 39051 147070 39069 161569 39053 
6 : 147096 147097 147093 244974 228012 228015 
6 : 147100 2578 147088 2591 202678 2582 
6 : 147192 86245 147194 86248 180367 86253 
6 : 110975 82684 120177 82679 110973 82680 
6 : 147206 59171 25413 59187 25430 25406 
6 : 24500 55811 147219 24493 24511 55816 
6 : 147211 147210 147223 150785 157149 150797 
6 : 147293 147292 147296 167846 195024 167849 
6 : 147295 147303 147298 225676 225672 235579 
6 : 147300 15046 140714 15054 140727 15044 
6 : 123152 24172 147310 24169 123157 24179 
6 : 147306 59828 147307 59832 199340 59834 
6 : 147312 147305 147309 176918 246166 176905 
6 : 147322 73374 129910 73383 129924 73372 
6 : 7282 128332 147341 7281 7296 128342 
6 : 98142 147397 147408 98147 98160 198986 
6 : 147420 147419 147421 211532 218826 211536 
6 : 57674 147506 147501 57681 57677 173124 
6 : 86438 147602 25139 86446 25132 25155 
6 : 147629 147630 147631 193592 193593 208357 
6 : 52461 98902 147722 52459 52485 98927 
6 : 147731 147737 147732 236473 236468 243571 
6 : 147738 147736 147723 259928 148868 148862 
6 : 20142 147746 147742 20154 20149 188187 
6 : 147739 147750 147744 158394 158383 224637 
6 : 265 14351 147843 251 279 14369 
6 : 147836 147833 86927 159647 86937 86929 
6 : 147874 147886 147869 194909 170966 170984 
6 : 147919 147918 147931 148000 164008 148021 
6 : 147920 64319 57627 64324 57632 57619 
6 : 147927 147924 147928 236390 251718 236392 
6 : 104195 147940 147937 104205 104196 221412 
6 : 147939 14532 94638 14546 94650 14527 
6 : 147947 138732 4986 138744 5004 4985 
6 : 148035 115980 148038 115988 210925 115994 
6 : 148056 148054 148059 253671 260778 253675 
6 : 148074 148080 148062 251752 179511 179518 
6 : 148145 148142 148140 204755 186089 186082 
6 : 141830 148153 13896 141843 13894 13909 
6 : 148160 23000 148169 23006 189107 23016 
6 : 148161 148165 43942 202749 43953 43957 
6 : 148276 148289 139209 155896 139211 139228 
6 : 148369 148366 148370 229292 251907 229300 
6 : 103241 148374 148381 103246 103251 193428 
6 : 116140 148382 148378 116156 116148 216517 
6 : 124326 48157 148393 48155 124336 48168 
6 : 148394 148392 148386 255289 230284 230282 
6 : 148477 148478 76074 232664 76086 76088 
6 : 148490 148485 148491 186665 211991 186666 
6 : 148497 148483 148500 179401 246345 179406 
6 : 125010 148517 148514 125029 125026 248534 
6 : 148533 148540 148541 249617 249619 261194 
6 : 148539 124887 148537 124905 257071 124902 
6 : 148572 120532 148576 120533 151925 120540 
6 : 108443 148583 148585 108446 108449 177591 
6 : 148582 56267 112830 56269 112831 56265 
6 : 148584 148587 148590 179654 179658 246854 
6 : 148689 148687 148684 212089 182690 182686 
6 : 44870 148702 59149 44872 44864 59153 
6 : 148775 148777 13536 259969 13557 13560 
6 : 141910 148784 148779 141921 141913 189729 
6 : 148782 148787 148789 234636 234639 263541 
6 : 148785 102628 71201 102643 71212 71192 
6 : 92020 35112 148797 35108 92027 35127 
6 : 110634 148798 148794 110643 110638 186815 
6 : 148793 148795 148802 183529 183537 194280 
6 : 7338 148872 148873 7342 7343 167604 
6 : 148876 24475 108460 24484 108473 24473 
6 : 77426 29326 148883 29320 77435 29336 
6 : 136589 148917 53276 136591 53275 53280 
6 : 115919 148932 148949 115922 115935 165377 
6 : 85569 148959 148963 85577 85581 214514 
6 : 148961 148960 56176 225069 56190 56188 
6 : 148966 148957 148956 193750 189915 189897 
6 : 148997 148988 148985 182429 178560 178539 
6 : 123946 149082 110315 123951 110310 110323 
6 : 149114 149116 149118 159305 159306 189992 
6 : 89685 149189 149188 89694 89693 261453 
6 : 149190 149186 59404 227543 59424 59411 
6 : 31413 149207 149193 31437 31419 180525 
6 : 149197 149202 120178 217510 120186 120194 
6 : 149260 149265 149272 160268 160277 207116 
6 : 149282 89577 90145 89590 90166 89574 
6 : 149308 149322 149303 223314 180923 180934 
6 : 72848 15550 149489 15542 72856 15558 
6 : 115081 149494 149490 115094 115090 241134 
6 : 15821 149499 149507 15827 15831 210308 
6 : 30602 68392 149513 30595 30609 68397 
6 : 149518 149516 139011 233949 139029 139022 
6 : 149591 149593 125639 199093 125645 125651 
6 : 149615 149608 149612 237177 247210 237170 
6 : 149685 116996 129600 116998 129603 116995 
6 : 16032 149696 149703 16039 16048 200490 
6 : 149693 117689 149699 117691 153751 117712 
6 : 149694 149698 149702 179302 179313 231939 
6 : 76047 149742 149738 76061 76060 258778 
6 : 149774 133606 32010 133609 32017 32009 
6 : 149789 31414 149785 31433 218548 31425 
6 : 149790 149781 149788 186908 258444 186906 
6 : 149811 65424 149823 65429 199105 65448 
6 : 149817 149809 149816 173701 238408 173699 
6 : 141091 149827 149825 141096 141095 173962 
6 : 19188 149874 149873 19194 19193 209991 
6 : 131349 149872 149880 131351 131360 185755 
6 : 149871 149877 47766 161796 47767 47783 
6 : 149887 149888 121250 243681 121268 121269 
6 : 149905 85611 99056 85629 99071 85606 
6 : 33529 149988 44104 33545 33524 44119 
6 : 62472 150023 150028 62479 62487 247151 
6 : 150095 150097 78816 222067 78826 78831 
6 : 89666 91700 112018 89662 89663 91695 
6 : 3475 150219 103076 3476 3473 103078 
6 : 145976 150227 67486 145985 67485 67508 
6 : 150232 150230 85612 190130 85618 85617 
6 : 150240 99057 142135 99073 142153 99055 
6 : 150293 150295 150298 190935 190945 195440 
6 : 150302 150303 150294 256330 194249 194252 
6 : 52766 90674 150305 52757 52770 90680 
6 : 150311 150307 88490 199998 88500 88495 
6 : 97373 48158 150424 48151 97387 48174 
6 : 148384 150421 150419 148395 148390 246733 
6 : 5038 150428 17338 5043 5028 17350 
6 : 150427 74077 150426 74082 188697 74081 
6 : 40600 150448 150453 40614 40617 261962 
6 : 150438 150451 150452 156091 156092 264650 
6 : 112680 129002 143422 112678 112679 129000 
6 : 150517 150524 150516 154516 152692 152697 
6 : 150549 150547 150546 255532 254152 254146 
6 : 150562 150565 136405 239078 136416 136417 
6 : 150629 150623 111175 171670 111197 111177 
6 : 150632 150636 150638 151818 151820 229210 
6 : 150641 150635 150640 224758 239968 224757 
6 : 86194 150665 5785 86195 5780 5786 
6 : 150737 150738 139477 256757 139497 139499 
6 : 150740 135874 53128 135895 53147 53126 
6 : 87472 150745 150741 87477 87475 184459 
6 : 150755 150762 99386 203022 99390 99403 
6 : 150756 150765 74053 220453 74061 74070 
6 : 107799 150782 36210 107815 36205 36228 
6 : 150847 150834 84726 178996 84748 84730 
6 : 150867 129563 150849 129581 158571 129564 
6 : 150939 100141 28026 100150 28035 28022 
6 : 150951 84701 150956 84704 184323 84712 
6 : 101012 150981 150987 101030 101035 252987 
6 : 73685 150994 106165 73696 73683 106179 
6 : 150997 150991 150992 193490 196707 193482 
6 : 151068 151069 151061 251314 179942 179944 
6 : 151070 151058 151066 160718 251212 160715 
6 : 127165 22566 151082 22564 127175 22580 
6 : 151079 151074 151084 156747 191020 156760 
6 : 151086 151076 151085 181242 259772 181239 
6 : 151096 151101 151092 247832 167590 167597 
6 : 151098 146084 151097 146099 249318 146097 
6 : 151110 151117 46167 234941 46180 46189 
6 : 96486 151166 151174 96491 96505 197186 
6 : 151165 40348 150684 40349 150687 40346 
6 : 151171 151173 151168 250646 229887 229891 
6 : 49314 92917 151176 49309 49316 92919 
6 : 151274 108478 151271 108491 153434 108479 
6 : 151292 151293 151291 259889 259286 259289 
6 : 151387 151381 151383 230564 240009 230559 
6 : 151389 103692 127457 103713 127480 103689 
6 : 151411 151415 151419 217841 217842 241695 
6 : 90319 151518 151521 90326 90332 250813 
6 : 151523 151522 151510 263229 205740 205739 
6 : 151542 151532 151536 237974 260196 237967 
6 : 120067 151545 78923 120068 78920 78924 
6 : 151611 151613 132718 228951 132728 132733 
6 : 151618 151609 151607 199547 185780 185763 
6 : 128867 148806 61287 128866 61284 61286 
6 : 142561 151621 151629 142562 142579 164241 
6 : 126861 151641 114783 126870 114780 114796 
6 : 151700 151702 79478 156138 79479 79492 
6 : 151719 151707 46773 162041 46805 46777 
6 : 43908 151745 151738 43924 43913 197528 
6 : 151746 151742 151749 238744 261743 238747 
6 : 151794 151801 151798 190685 190680 243654 
6 : 127766 151813 151811 127781 127777 257027 
6 : 151823 151816 142916 195503 142938 142921 
6 : 27109 151900 72639 27127 27102 72661 
6 : 151893 151895 151902 167264 167271 227541 
6 : 151905 151916 151914 209927 209923 245929 
6 : 151912 151911 151908 241459 218524 218522 
6 : 151917 151906 130586 211804 130607 130590 
6 : 151921 151927 14667 169822 14673 14685 
6 : 151932 151920 151926 157658 256820 157651 
6 : 99475 151994 151995 99488 99490 259320 
6 : 56106 152002 152007 56109 56115 220363 
6 : 152008 151998 152005 167895 257161 167887 
6 : 152014 36894 120180 36898 120185 36892 
6 : 82318 152038 152037 82336 82335 264792 
6 : 152116 116440 152118 116441 177027 116445 
6 : 152201 152196 152198 185220 240970 185217 
6 : 152216 152223 85373 237817 85389 85396 
6 : 152234 31381 152238 31392 227677 31397 
6 : 152239 152229 152237 176469 255074 176464 
6 : 152254 5275 152257 5293 263949 5297 
6 : 152306 152310 46774 223552 46787 46804 
6 : 152315 152314 93496 177237 93501 93499 
6 : 152342 76266 152348 76275 221758 76291 
6 : 152382 152389 75449 224870 75460 75464 
6 : 152427 152425 137611 257155 137633 137629 
6 : 40138 152525 116203 40141 40136 116204 
6 : 29135 152537 141845 29138 29134 141853 
6 : 117489 122133 152546 117487 117491 122136 
6 : 152552 152555 149520 257061 149532 149535 
6 : 152556 152561 152570 169911 169918 218414 
6 : 152637 152640 43062 246630 43076 43086 
6 : 108032 73036 152716 73031 108044 73056 
6 : 123742 152721 152734 123743 123755 159272 
6 : 152732 16321 152735 16335 233385 16342 
6 : 152736 152726 152727 198256 207652 198245 
6 : 152770 152765 152775 233286 257048 233289 
6 : 152772 152763 59887 228080 59908 59897 
6 : 152844 152845 152842 262150 194494 194495 
6 : 152846 103787 20513 103812 20538 20510 
6 : 135483 114107 152958 114104 135497 114123 
6 : 153042 153034 153037 184370 230364 184358 
6 : 153053 153044 153048 165998 194075 165992 
6 : 153061 153054 153059 236863 260277 236862 
6 : 153062 153074 153072 156833 156831 263478 
6 : 153064 112924 46169 112927 46175 46162 
6 : 153129 153116 87834 235388 87857 87846 
6 : 153132 153142 2475 159845 2478 2498 
6 : 29496 153160 153161 29516 29517 264072 
6 : 47854 135224 153175 47851 47870 135246 
6 : 153167 86373 153171 86384 233110 86393 
6 : 97699 153203 151201 97708 97698 151209 
6 : 133780 153250 73811 133788 73808 73822 
6 : 153257 153253 13687 158371 13700 13689 
6 : 153296 153313 153295 159734 156446 156465 
6 : 75759 153347 153348 75761 75762 175869 
6 : 153350 153349 84432 202732 84445 84442 
6 : 153354 153368 116531 169811 116532 116551 
6 : 153367 105794 72613 105808 72632 72602 
6 : 83848 153465 153455 83865 83850 162932 
6 : 153464 153468 153463 257279 256744 256752 
6 : 153476 153478 153475 215719 214312 214318 
6 : 153583 153584 119587 250413 119603 119604 
6 : 71446 153596 153591 71455 71449 182176 
6 : 153602 153600 153601 257275 259164 257274 
6 : 153605 97621 153606 97626 194008 97627 
6 : 139662 153632 54355 139677 54354 54374 
6 : 153619 153629 131721 216352 131726 131738 
6 : 153688 151546 153685 151560 239872 151554 
6 : 153697 52288 153703 52294 228134 52302 
6 : 153720 47507 153714 47529 222972 47517 
6 : 153785 153781 153792 160779 230336 160788 
6 : 153786 153791 153782 233174 163036 163043 
6 : 153789 21557 133880 21573 133899 21555 
6 : 153800 2761 153802 2770 233712 2777 
6 : 153807 60472 131981 60473 131982 60469 
6 : 153815 114784 153810 114794 207873 114790 
6 : 146174 153885 153881 146186 146181 219561 
6 : 153894 93663 153889 93671 174139 93664 
6 : 153912 153904 29090 199479 29108 29096 
6 : 153991 153993 111005 198455 111009 111014 
6 : 154000 154006 154003 183079 183073 191948 
6 : 154015 154025 154023 203347 203345 262921 
6 : 154061 154048 154052 211081 241222 211070 
6 : 154087 154090 98549 167838 98552 98560 
6 : 154105 154107 80503 259287 80526 80528 
6 : 154153 154145 154137 244837 213241 213234 
6 : 154197 154201 154205 164914 164916 236860 
6 : 143733 154210 100142 143739 100140 100149 
6 : 154247 154240 154238 175804 172690 172680 
6 : 154307 1348 154309 1364 205915 1367 
6 : 109645 154323 139265 109657 109642 139288 
6 : 154342 154340 154341 262744 263233 262743 
6 : 154421 36167 154416 36192 166089 36168 
6 : 76912 59857 154425 59847 76917 59860 
6 : 30018 154435 154443 30028 30035 226913 
6 : 52614 154437 10530 52622 10522 10540 
6 : 136703 139080 21073 136701 21070 21071 
6 : 154445 19702 121251 19706 121257 19696 
6 : 154506 151770 154511 151782 234134 151791 
6 : 96472 112554 154514 96469 96478 112561 
6 : 126026 154513 59114 126029 59110 59119 
6 : 111111 154617 117091 111121 111107 117112 
6 : 141264 154612 154615 141276 141281 240876 
6 : 154629 37742 154619 37755 195578 37745 
6 : 73126 154646 38776 73138 38766 38793 
6 : 153820 154667 154674 153821 153829 183478 
6 : 154670 11266 154668 11269 197488 11268 
6 : 154673 27854 154677 27863 239618 27870 
6 : 154703 68499 154705 68505 208521 68508 
6 : 154730 154734 154736 173104 173107 223485 
6 : 154746 154754 154751 236688 236686 248810 
6 : 31771 154807 134513 31772 31769 134515 
6 : 154820 96227 154827 96230 162585 96239 
6 : 154930 154927 51478 250908 51494 51493 
6 : 154931 154922 100808 179092 100827 100809 
6 : 154970 154979 154969 249304 247608 247616 
6 : 155000 154990 154991 227205 228446 227195 
6 : 88590 155030 155038 88592 88606 210661 
6 : 61103 155050 96153 61116 61099 96178 
6 : 68692 148175 155048 68690 68702 148189 
6 : 88796 155055 155053 88801 88797 158882 
6 : 103912 155067 155063 103926 103921 235520 
6 : 139901 97073 155066 97069 139917 97090 
6 : 155143 155136 155146 176768 253390 176776 
6 : 155163 110340 155162 110358 259241 110355 
6 : 155176 155184 155180 247814 247806 251586 
6 : 155253 155246 155244 216325 202097 202087 
6 : 29327 119446 155256 29323 29331 119453 
6 : 155261 103913 63228 103924 63237 63219 
6 : 21019 155277 155273 21034 21028 242880 
6 : 56297 155284 155286 56301 56303 160660 
6 : 155351 123060 155344 123075 212478 123067 
6 : 155352 102152 129020 102167 129040 102150 
6 : 140005 155369 155365 140011 140006 226704 
6 : 155360 155372 155368 184535 184533 250859 
6 : 155371 155367 155359 248428 160887 160877 
6 : 155376 155383 155378 197229 197227 208602 
6 : 58936 155450 155444 58945 58941 226585 
6 : 155445 155449 104649 233739 104658 104666 
6 : 155469 155477 155463 248460 180600 180605 
6 : 155550 34225 20174 34243 20191 20163 
6 : 155562 65018 155564 65033 244436 65040 
6 : 155566 155572 7218 162381 7221 7232 
6 : 155586 155592 155596 193941 193947 239387 
6 : 155611 134206 26404 134220 26420 26403 
6 : 155647 155643 155646 196880 238352 196877 
6 : 144686 155660 134425 144692 134423 134433 
6 : 155661 155663 155666 211711 211716 217714 
6 : 155754 135875 155753 135888 172780 135879 
6 : 155758 155757 155759 259398 263473 259400 
6 : 155761 155762 155771 162877 162885 198678 
6 : 155779 155781 155784 214432 214439 226451 
6 : 155797 33481 155801 33499 256414 33501 
6 : 155812 155809 155822 204730 210885 204746 
6 : 128978 155847 155851 128991 128997 232584 
6 : 155867 155860 155854 234428 177755 177749 
6 : 155919 155908 96000 208644 96017 96004 
6 : 19803 155961 155963 19813 19815 244451 
6 : 128333 79124 155957 79121 128334 79127 
6 : 156056 156065 156067 167889 167894 261086 
6 : 156058 156055 156064 163217 197556 163225 
6 : 156075 119396 156070 119411 197433 119400 
6 : 156161 156162 156168 198518 198521 206106 
6 : 156164 156160 156166 175608 217308 175610 
6 : 156188 156185 156175 251277 160959 160956 
6 : 156269 156278 156274 179870 179855 220760 
6 : 156270 156268 156277 162825 197978 162839 
6 : 79424 156292 156296 79431 79439 212187 
6 : 82103 48184 156315 48175 82123 48205 
6 : 156367 156371 151423 243646 151441 151446 
6 : 156471 47509 108210 47511 108212 47501 
6 : 156479 86854 126092 86867 126106 86851 
6 : 156486 154478 156482 154493 186010 154486 
6 : 156489 8266 6105 8277 6125 6090 
6 : 25206 36349 156498 25200 25212 36363 
6 : 156522 156516 156518 253339 259615 253336 
6 : 19020 129394 14669 19018 14655 14664 
6 : 53891 156583 156588 53896 53906 212972 
6 : 156609 156601 156602 214538 217347 214532 
6 : 156693 152394 156689 152412 222546 152405 
6 : 26793 142898 156705 26791 26805 142913 
6 : 138305 156716 156707 138319 138310 195131 
6 : 36590 156727 156740 36598 36608 211643 
6 : 156797 156796 138198 213026 138211 138209 
6 : 156800 38296 156801 38316 264649 38317 
6 : 156818 125956 156817 125972 259817 125969 
6 : 42863 54749 107133 42853 42857 54740 
6 : 18178 114785 156935 18174 18180 114786 
6 : 34432 156939 141548 34439 34431 141553 
6 : 156944 156936 10046 180810 10065 10049 
6 : 157026 157021 80808 228333 80837 80825 
6 : 54472 157033 157031 54484 54482 250916 
6 : 145571 148915 4152 145570 4150 4151 
6 : 157124 79565 157123 79582 227200 79578 
6 : 33427 146759 31581 33426 31567 31579 
6 : 157133 157129 99029 185559 99038 99031 
6 : 157135 98633 123085 98641 123100 98629 
6 : 157140 157144 157146 169891 169892 216208 
6 : 157147 157141 91849 175139 91864 91852 
6 : 157151 157142 104756 189888 104769 104761 
6 : 157152 110889 157153 110907 259108 110910 
6 : 104853 18463 29807 18459 29801 18450 
6 : 157156 157155 157161 167200 168578 167207 
6 : 73758 157231 157223 73770 73761 190968 
6 : 157229 157225 120427 211149 120440 120435 
6 : 90468 157254 157248 90484 90479 242374 
6 : 157252 157244 157249 193604 252246 193599 
6 : 157315 157318 157321 158190 158196 221872 
6 : 157320 69898 157322 69906 244884 69912 
6 : 157326 70932 56477 70941 56486 56465 
6 : 85304 64973 157434 64968 85316 64986 
6 : 157437 157446 157440 213770 213759 236928 
6 : 130909 41532 157547 41529 130918 41543 
6 : 157557 19246 157556 19253 227354 19251 
6 : 157563 136390 157564 136398 256831 136402 
6 : 157631 157629 157626 264160 246992 246991 
6 : 20254 2270 157633 2261 20256 2272 
6 : 157632 157638 119290 158464 119292 119305 
6 : 157738 2918 157737 2925 208142 2922 
6 : 149586 157751 88332 149597 88330 88341 
6 : 157759 73686 127267 73688 127269 73684 
6 : 157770 157764 26252 206165 26277 26261 
6 : 153261 157854 157851 153276 153268 239589 
6 : 157866 157864 157860 246015 204512 204508 
6 : 157967 157962 157968 187149 226269 187152 
6 : 104854 157973 157978 104856 104858 180823 
6 : 157980 65501 35262 65513 35280 35251 
6 : 157994 20048 154155 20063 154177 20046 
6 : 158008 48304 158006 48316 230228 48310 
6 : 95957 158070 150913 95962 95955 150924 
6 : 158069 158068 158072 201746 229585 201753 
6 : 158075 116092 158079 116096 183091 116107 
6 : 158175 158181 10818 186493 10821 10830 
6 : 158178 158180 71074 233480 71085 71088 
6 : 158189 158186 158193 164862 216982 164868 
6 : 158192 84027 158195 84042 244881 84043 
6 : 136651 158276 158287 136654 136667 201026 
6 : 158281 124697 48089 124714 48105 48087 
6 : 158303 158309 158315 161986 161991 217331 
6 : 74866 158391 158388 74879 74875 245808 
6 : 158392 158397 126764 256658 126779 126784 
6 : 30019 158411 137123 30032 30016 137142 
6 : 158408 158406 158410 241017 250192 241018 
6 : 107687 149557 158418 107686 107696 149567 
6 : 50139 158458 158460 50143 50146 221555 
6 : 158459 37714 123801 37721 123810 37710 
6 : 158513 158503 158515 162293 262985 162295 
6 : 158517 108480 158508 108503 241901 108490 
6 : 158519 153920 158017 153925 158021 153919 
6 : 158525 158528 158524 252898 248887 248892 
6 : 158533 158547 128604 194878 128614 128632 
6 : 158606 53385 158018 53401 158037 53384 
6 : 158619 158617 158621 209612 226693 209613 
6 : 130670 27518 45642 27515 45637 27508 
6 : 132493 158704 127804 132494 127801 127805 
6 : 158705 369 43063 374 43067 362 
6 : 135274 158711 158717 135277 135284 194243 
6 : 146342 107105 158715 107102 146354 107118 
6 : 158718 158721 113194 245002 113210 113216 
6 : 94457 158723 158737 94461 94469 197514 
6 : 158738 158734 158724 258076 200299 200297 
6 : 59517 158806 41273 59521 41259 41280 
6 : 79698 158819 158814 79715 79711 246523 
6 : 158812 158810 158821 174029 205908 174044 
6 : 158813 158815 158817 219265 219266 253272 
6 : 24502 83208 150786 24495 24501 83207 
6 : 158830 158828 158831 230386 244196 230387 
6 : 96367 158908 158902 96379 96369 208682 
6 : 40200 45751 159033 40189 40211 45770 
6 : 159027 159028 90705 177889 90709 90710 
6 : 49513 159057 159052 49527 49522 249271 
6 : 145547 159147 105390 145552 105388 105396 
6 : 159146 159150 159161 186038 186044 237777 
6 : 159158 159155 159144 255803 182353 182348 
6 : 3039 159233 159236 3049 3054 234975 
6 : 137125 38624 159231 38617 137135 38635 
6 : 134478 104757 159244 104752 134488 104770 
6 : 159255 159256 103820 246390 103833 103834 
6 : 146828 75731 59029 75729 59028 59022 
6 : 159325 159328 159330 224977 224983 238726 
6 : 41001 121112 159337 41000 41009 121131 
6 : 159345 159352 159343 235308 215391 215401 
6 : 83873 43451 18816 43447 18810 18809 
6 : 159366 159359 159358 239000 228501 228488 
6 : 18556 159414 159411 18568 18564 234139 
6 : 159407 75105 96412 75113 96418 75093 
6 : 37418 159426 159419 37426 37422 187272 
6 : 159420 31989 159427 31997 202955 32003 
6 : 159432 159428 159436 161130 236631 161132 
6 : 31383 159519 67048 31400 31373 67070 
6 : 159516 159515 34803 215147 34815 34810 
6 : 72123 159524 28483 72135 28472 28491 
6 : 159522 159528 53839 206377 53844 53853 
6 : 110503 79053 159642 79048 110518 79073 
6 : 159753 159748 131080 242153 131095 131091 
6 : 159783 159782 159778 260701 240190 240189 
6 : 28393 159833 159836 28402 28407 245222 
6 : 159831 141265 40684 141274 40693 40683 
6 : 159854 133629 159864 133634 213541 133643 
6 : 159948 159945 109876 204713 109890 109885 
6 : 159961 159956 159963 208827 246639 208832 
6 : 159967 159964 35150 176360 35156 35151 
6 : 159971 159965 2179 177637 2194 2182 
6 : 160062 114371 133651 114378 133658 114369 
6 : 160156 160154 67851 221469 67868 67863 
6 : 160158 160152 160155 211305 235282 211295 
6 : 160191 160198 36321 212160 36326 36335 
6 : 160192 160199 160190 224825 198175 198195 
6 : 160251 153199 160249 153208 227315 153205 
6 : 49961 160262 141767 49969 49960 141785 
6 : 160357 160365 160360 206286 206280 243763 
6 : 160377 74079 102437 74098 102461 74072 
6 : 156302 86402 160408 86400 156313 86415 
6 : 77161 53893 160414 53887 77165 53895 
6 : 160425 160423 160426 216561 233646 216563 
6 : 160435 109789 86770 109791 86772 86763 
6 : 160522 63321 160520 63325 177332 63324 
6 : 160525 85196 83731 85201 83739 83724 
6 : 34703 160532 160540 34709 34716 195539 
6 : 160531 66964 149959 66965 149962 66961 
6 : 72564 160697 160703 72571 72577 226734 
6 : 160704 160705 160698 262152 242220 242223 
6 : 65251 152677 160730 65248 65260 152685 
6 : 160727 160725 141866 224878 141875 141874 
6 : 88284 92359 124132 88280 88282 92354 
6 : 160744 160739 160738 219289 194489 194486 
6 : 160799 160800 160797 261707 246954 246956 
6 : 156389 160805 160806 156392 156394 206380 
6 : 158910 160801 138823 158911 138822 138824 
6 : 160809 160812 160807 238245 226003 226008 
6 : 102005 152678 160815 102004 102006 152679 
6 : 30742 160833 160828 30749 30745 205365 
6 : 160896 160898 160897 232333 232331 240608 
6 : 1350 160919 160914 1372 1365 208840 
6 : 144643 160942 160930 144663 144652 219140 
6 : 160982 160983 60703 181724 60709 60711 
6 : 160987 160988 160989 261442 261444 261953 
6 : 108481 161011 161012 108498 108500 262488 
6 : 104536 157480 161055 104535 104544 157495 
6 : 161096 161102 56417 166043 56418 56430 
6 : 63575 150246 160223 63573 63574 150244 
6 : 161186 161188 157094 184544 157098 157107 
6 : 161189 159368 161191 159377 238218 159379 
6 : 161280 149521 161281 149527 242539 149529 
6 : 161282 161277 137871 219147 137881 137874 
6 : 7284 161287 161292 7286 7292 176657 
6 : 161387 161390 161391 190986 190988 213810 
6 : 161405 91466 161396 91479 177466 91468 
6 : 161423 153075 161424 153089 263159 153090 
6 : 47650 37263 161491 37250 47659 37272 
6 : 67429 161497 161504 67432 67439 176659 
6 : 64838 145395 132248 64836 64833 132246 
6 : 120841 161508 7710 120844 7701 7716 
6 : 161513 156667 161512 156677 245460 156675 
6 : 161519 161524 101927 202358 101931 101944 
6 : 161525 161523 161517 228599 173858 173851 
6 : 111954 161599 6863 111964 6859 6880 
6 : 161594 161601 161598 163891 163886 241868 
6 : 38997 161613 101189 39008 38993 101210 
6 : 161609 161607 161019 188183 161025 161022 
6 : 161693 28572 52083 28575 52088 28565 
6 : 48357 161735 161742 48369 48377 256069 
6 : 140848 128000 4956 127998 4953 4952 
6 : 47626 123349 161782 47621 47637 123361 
6 : 150888 161776 155600 150891 150887 155602 
6 : 161793 79541 161800 79542 184525 79556 
6 : 20327 161861 161855 20343 20334 245157 
6 : 83125 36322 161858 36315 83136 36332 
6 : 139098 126999 161849 126994 139102 127003 
6 : 161862 87923 161857 87935 250896 87931 
6 : 76566 161867 161872 76570 76573 233332 
6 : 161871 161875 149748 248256 149759 149767 
6 : 40870 63486 161883 40863 40881 63499 
6 : 161877 161882 110593 176943 110594 110609 
6 : 161897 161889 161893 205934 251969 205932 
6 : 161954 161948 161955 194108 229688 194110 
6 : 161960 78258 161951 78277 197691 78262 
6 : 76885 161962 161965 76889 76894 191353 
6 : 94766 32400 161972 32396 94783 32423 
6 : 161967 161966 161963 233388 196703 196701 
6 : 161969 99173 161970 99181 248033 99185 
6 : 37294 162051 162047 37303 37300 212105 
6 : 62026 162046 162043 62032 62029 188988 
6 : 162056 162058 162060 201419 201420 217791 
6 : 49910 162157 162159 49911 49918 174468 
6 : 118391 162162 162161 118409 118407 257524 
6 : 162156 39752 162158 39753 170451 39756 
6 : 43738 152395 162178 43737 43754 152417 
6 : 3945 40045 162199 3939 3956 40067 
6 : 162193 29497 162202 29498 169152 29515 
6 : 162245 162247 162244 232445 228625 228637 
6 : 162250 16502 162248 16519 263474 16517 
6 : 65556 7861 118173 7850 65554 7855 
6 : 162253 162251 95351 163911 95357 95353 
6 : 61975 162341 31124 61994 31112 31140 
6 : 119199 162352 148634 119215 119197 148657 
6 : 151313 162408 162405 151333 151327 263498 
6 : 162391 162403 162400 184569 184563 238787 
6 : 162393 162398 162406 208182 208194 236216 
6 : 106528 135310 162444 106526 106541 135327 
6 : 162438 128245 6273 128246 6274 6270 
6 : 162446 162447 133412 257319 133440 133441 
6 : 162646 162649 162643 237335 188705 188713 
6 : 2029 162661 162655 2043 2033 210114 
6 : 149911 162671 162663 149917 149912 166716 
6 : 162696 52465 162683 52480 197120 52470 
6 : 24389 39022 162715 24377 24401 39038 
6 : 162740 143865 25142 143867 25143 25138 
6 : 162744 118381 139681 118388 139693 118377 
6 : 58000 162755 162753 58019 58014 227786 
6 : 90492 154481 6108 90491 6097 6104 
6 : 162858 162856 162860 183742 195164 183744 
6 : 162863 9073 162873 9080 231867 9090 
6 : 162871 130167 162862 130189 230952 130177 
6 : 162880 162884 91182 215982 91188 91196 
6 : 162909 150474 162919 150483 217785 150493 
6 : 162947 162941 162948 202501 253238 202504 
6 : 91916 73716 66802 73706 66798 66797 
6 : 163054 163050 95352 202961 95370 95363 
6 : 139544 163085 163091 139548 139550 202003 
6 : 75220 54928 163152 54916 75226 54933 
6 : 97419 163158 163161 97433 97436 263479 
6 : 163157 156819 163148 156830 200223 156822 
6 : 163159 42864 163156 42875 261922 42873 
6 : 163177 163173 163165 257639 202846 202836 
6 : 163199 28754 163205 28756 178338 28766 
6 : 163220 163224 163229 239094 239100 256049 
6 : 18786 163261 162719 18797 18785 162729 
6 : 163255 163258 163256 164810 164807 185333 
6 : 163279 27488 76517 27492 76519 27482 
6 : 160735 163356 10272 160743 10271 10281 
6 : 89687 163367 2445 89692 2437 2463 
6 : 149181 163364 163369 149183 149191 212181 
6 : 33022 111033 79868 33020 33018 79864 
6 : 89309 104652 161235 89302 89308 104651 
6 : 163473 163476 163478 201224 201226 249687 
6 : 163492 137832 108636 137843 108653 108632 
6 : 52732 113145 163506 52730 52741 113150 
6 : 163522 163523 116627 210781 116634 116635 
6 : 163552 163557 163554 171416 171403 189907 
6 : 163555 12796 6912 12799 6918 6894 
6 : 163560 163575 163573 209828 209827 264266 
6 : 163586 124818 108325 124839 108341 108321 
6 : 163673 163671 102128 263745 102146 102143 
6 : 163679 2919 44397 2923 44406 2910 
6 : 86330 163692 163701 86334 86343 187928 
6 : 163698 163689 163704 179402 246386 179408 
6 : 163715 163708 163716 183145 260474 183146 
6 : 161790 120748 45799 120747 45798 45792 
6 : 112555 35001 163780 34994 112556 35002 
6 : 151297 134706 163787 134705 151304 134713 
6 : 163791 163784 163793 188605 262740 188606 
6 : 92673 91183 163859 91177 92677 91185 
6 : 163869 163870 7863 227919 7873 7874 
6 : 54720 163885 142158 54724 54717 142169 
6 : 163882 153761 24229 153766 24235 24227 
6 : 163955 70059 44398 70066 44404 44389 
6 : 163959 161426 163964 161437 226864 161440 
6 : 105608 163980 163984 105613 105617 241104 
6 : 164057 164056 164066 198321 200071 198330 
6 : 164060 92311 110069 92319 110078 92303 
6 : 164067 164062 164059 259618 228222 228216 
6 : 164077 159179 65395 159194 65409 65393 
6 : 11008 164089 164091 11017 11019 245024 
6 : 161744 164156 152893 161757 152892 152906 
6 : 164150 164159 63699 171876 63700 63718 
6 : 164161 164168 164171 182779 182785 237842 
6 : 164253 164257 91987 197426 91991 91996 
6 : 164268 163409 55375 163420 55387 55374 
6 : 164275 164277 56333 170369 56336 56338 
6 : 164278 67852 138503 67861 138516 67849 
6 : 96265 164335 164332 96277 96272 249008 
6 : 164327 164325 151867 167276 151880 151868 
6 : 164333 90006 164328 90018 226936 90015 
6 : 164338 15646 164339 15650 193872 15651 
6 : 59214 164439 1945 59228 1937 1959 
6 : 112212 132473 164449 112209 112220 132482 
6 : 164458 79010 162560 79017 162568 79009 
6 : 59431 160280 164532 59428 59433 160282 
6 : 164534 64157 164535 64174 254584 64178 
6 : 45898 164553 125518 45905 45894 125531 
6 : 123184 164568 23223 123200 23217 23238 
6 : 164565 141243 164562 141252 187083 141245 
6 : 164614 6976 164618 6986 251719 6989 
6 : 164631 164630 164640 180864 197710 180872 
6 : 164633 3881 124271 3891 124280 3874 
6 : 164636 164641 100913 246556 100924 100932 
6 : 164637 164635 164639 240135 247311 240137 
6 : 140788 164692 164694 140803 140805 259919 
6 : 164700 164709 164698 178522 171711 171729 
6 : 164702 164705 164699 205546 177551 177554 
6 : 75760 84434 164716 75756 75768 84449 
6 : 160724 113368 164718 113367 160731 113375 
6 : 123744 164733 16324 123757 16317 16340 
6 : 164740 77708 164739 77710 170399 77709 
6 : 23557 164758 164771 23561 23575 218767 
6 : 105761 164757 60406 105768 60401 60412 
6 : 164806 85760 164799 85780 166832 85761 
6 : 164828 164832 164837 214344 214349 244294 
6 : 164829 164838 164836 227023 227021 261753 
6 : 164902 164905 164903 225356 225354 226060 
6 : 2479 51654 164908 2469 2480 51655 
6 : 164911 111874 164913 111879 215705 111880 
6 : 8269 159079 165140 8267 8271 159082 
6 : 165146 165143 165145 200093 216790 200092 
6 : 165169 165160 165158 202834 186326 186315 
6 : 97190 37802 165219 37797 97209 37823 
6 : 165245 165235 165232 235111 204992 204980 
6 : 165248 165253 165249 187740 187732 195221 
6 : 165312 165313 165324 195400 195412 207654 
6 : 165316 165311 87288 184883 87301 87290 
6 : 165321 165315 165319 222980 251807 222979 
6 : 146795 151203 8446 146794 8443 8444 
6 : 165327 165328 97700 251493 97715 97716 
6 : 43995 165425 165426 43998 44000 205627 
6 : 165423 146531 165432 146535 193703 146550 
6 : 165514 118289 61259 118294 61264 61255 
6 : 59976 147834 165520 59974 59980 147835 
6 : 165540 165527 153512 173782 153527 153514 
6 : 160301 36922 165546 36921 160307 36926 
6 : 165609 165606 165610 211878 242808 211879 
6 : 165611 165605 165604 208088 196131 196118 
6 : 90934 145129 142816 90929 90928 142812 
6 : 115963 165724 165721 115975 115973 256074 
6 : 157173 165725 39352 157197 39351 39379 
6 : 165714 165719 165713 206433 205286 205294 
6 : 165717 72641 165715 72654 215046 72649 
6 : 75221 148888 165741 75219 75223 148890 
6 : 165738 26698 51230 26699 51231 26689 
6 : 165739 165743 97420 181695 97422 97424 
6 : 52734 165760 165766 52744 52749 237166 
6 : 165765 151772 165764 151792 261622 151790 
6 : 49219 165833 165828 49229 49221 211595 
6 : 165849 165848 165844 234596 206171 206170 
6 : 132451 165933 165937 132460 132467 236291 
6 : 159025 164360 102283 159024 102280 102282 
6 : 166014 166009 90707 174509 90727 90708 
6 : 166018 35604 166025 35609 202450 35626 
6 : 138357 166028 157508 138359 138356 157512 
6 : 54474 3195 166046 3184 54483 3205 
6 : 145574 164590 166037 145572 145575 164592 
6 : 51059 146862 166112 51056 51060 146865 
6 : 166115 166121 166118 211958 211952 220203 
6 : 166124 49626 166120 49640 252692 49638 
6 : 56419 150269 46636 56416 46623 46633 
6 : 166186 166189 755 215538 762 767 
6 : 166194 75668 166197 75673 211654 75684 
6 : 166200 155521 166196 155545 249210 155534 
6 : 113899 166272 166279 113900 113919 166599 
6 : 21558 166363 166364 21564 21572 226380 
6 : 166369 166371 166374 183712 183716 220979 
6 : 166375 106889 166379 106901 252653 106907 
6 : 29898 166382 74624 29900 29892 74626 
6 : 69699 90649 166447 69692 69709 90658 
6 : 166446 70405 25643 70408 25649 25633 
6 : 166451 166453 166454 213935 213936 237987 
6 : 126143 55812 166532 55810 126158 55829 
6 : 65746 166539 166536 65763 65756 256068 
6 : 166533 28301 166535 28302 170186 28309 
6 : 84435 70269 166632 70261 84440 70274 
6 : 166645 157056 71227 157064 71231 71225 
6 : 166648 166646 166644 236628 200035 200032 
6 : 166650 16034 7498 16049 7518 7483 
6 : 126964 145692 166748 126962 126970 145702 
6 : 166754 119200 166746 119216 188608 119203 
6 : 50934 166766 149233 50952 50932 149255 
6 : 80755 166758 105547 80765 80750 105557 
6 : 166761 166762 152351 251835 152366 152369 
6 : 166867 135422 115630 135440 115647 115626 
6 : 166886 166887 166873 260392 210605 210606 
6 : 101291 166925 166927 101303 101306 257398 
6 : 166923 45246 166926 45250 218402 45261 
6 : 131029 166937 166935 131049 131046 261236 
6 : 55347 32160 167027 32150 55361 32175 
6 : 85946 167037 167038 85953 85954 228681 
6 : 167029 167036 80147 174933 80148 80159 
6 : 104093 564 167126 560 104095 570 
6 : 167134 167135 65900 246049 65916 65917 
6 : 167150 28943 167141 28954 207720 28949 
6 : 72852 166559 167169 72851 72860 166574 
6 : 167238 144600 167237 144605 223838 144604 
6 : 167240 167242 141287 249562 141295 141298 
6 : 93118 167255 167252 93135 93132 252244 
6 : 114176 167247 167250 114181 114188 225812 
6 : 167268 167270 167262 255179 205297 205300 
6 : 2920 167324 8447 2924 2909 8454 
6 : 167323 167325 167327 208143 208144 233854 
6 : 167355 109878 167358 109888 225043 109895 
6 : 167436 167438 167435 263039 260171 260174 
6 : 121796 167445 167443 121809 121808 259883 
6 : 167488 61260 37767 61274 37783 37761 
6 : 167528 167529 31867 207329 31873 31876 
6 : 35514 167546 167538 35527 35519 213378 
6 : 81422 167543 167544 81432 81433 256868 
6 : 25253 6040 167553 6031 25258 6046 
6 : 95182 167638 167625 95201 95184 186168 
6 : 167634 167636 167626 225582 187755 187761 
6 : 79125 167643 167653 79126 79135 171211 
6 : 167651 167644 167648 171618 219559 171611 
6 : 167685 167677 167688 217741 259220 217745 
6 : 132382 167731 167732 132385 132388 234673 
6 : 167738 167746 167739 229009 229002 239218 
6 : 53330 167823 167828 53333 53344 211025 
6 : 167824 167826 167821 241965 188707 188721 
6 : 167832 167840 167839 177926 177925 223571 
6 : 167860 111659 14821 111662 14826 14815 
6 : 167874 6426 164382 6450 164405 6424 
6 : 93325 167926 167917 93341 93326 169389 
6 : 167923 167928 115757 242728 115769 115779 
6 : 167929 167924 167922 243120 238269 238253 
6 : 115355 168029 77864 115372 77860 77885 
6 : 168024 168022 168030 191858 215756 191866 
6 : 1185 168031 129148 1186 1178 129149 
6 : 15967 72734 168059 15957 15981 72748 
6 : 168077 168069 168062 246958 199167 199158 
6 : 168127 168132 162409 201595 162412 162420 
6 : 168154 168144 81338 204498 81364 81348 
6 : 168161 168166 168171 234160 234164 245941 
6 : 168186 26996 168187 27012 264660 27013 
6 : 168246 88566 127083 88580 127093 88565 
6 : 168248 168243 168245 226170 235883 226161 
6 : 140702 39876 168263 39873 140712 39893 
6 : 168254 168251 60851 191842 60864 60853 
6 : 168255 168262 15420 239627 15430 15439 
6 : 43120 50470 168267 43113 43128 50479 
6 : 168264 168269 168278 173361 173370 233378 
6 : 168265 168272 168273 179811 179812 258372 
6 : 168266 140470 141266 140472 141269 140469 
6 : 110944 151250 168293 110943 110957 151268 
6 : 24980 168349 168359 24987 25001 196460 
6 : 12241 51428 96751 12234 12238 51425 
6 : 77190 145130 168477 77186 77203 145142 
6 : 104508 168537 168536 104512 104510 197028 
6 : 168605 168610 168607 261434 261431 264590 
6 : 168623 168626 168632 173969 173979 211472 
6 : 52289 120400 168657 52286 52307 120422 
6 : 43064 168693 37197 43072 37182 37205 
6 : 32879 72512 99554 32869 32872 72504 
6 : 168749 168751 98940 259087 98957 98959 
6 : 168834 168835 168830 249930 183682 183684 
6 : 168836 149522 136331 149533 136345 136330 
6 : 95663 168852 83930 95676 83928 83955 
6 : 168839 168844 168843 192876 192875 216007 
6 : 168851 168838 168849 188415 254469 188412 
6 : 168857 168865 139835 210495 139841 139857 
6 : 168874 27084 40085 27097 40100 27078 
6 : 168928 168927 168924 240173 181124 181113 
6 : 138716 24230 56479 24223 56472 24214 
6 : 168935 168934 142159 263388 142174 142173 
6 : 168949 168942 79216 221353 79236 79228 
6 : 169029 131632 169030 131648 257114 131650 
6 : 23938 169035 169038 23942 23948 185496 
6 : 70201 79318 11863 70198 11852 11855 
6 : 169051 83151 169053 83162 242447 83166 
6 : 110767 169060 169065 110770 110782 242622 
6 : 169062 169056 101190 198421 101212 101193 
6 : 169118 169124 169119 246783 246776 247480 
6 : 32372 169134 169132 32384 32383 246983 
6 : 55952 13388 47202 13379 47193 13378 
6 : 169128 169131 133127 224484 133135 133136 
6 : 169140 169151 169150 192577 192576 257289 
6 : 169220 106052 169223 106067 243869 106072 
6 : 169233 169235 169228 264069 228927 228929 
6 : 169246 169242 125259 239781 125280 125272 
6 : 169311 169313 8136 206579 8139 8141 
6 : 169321 169318 131527 254064 131549 131543 
6 : 169329 169332 169327 254172 237222 237227 
6 : 169401 169396 169394 257920 213856 213852 
6 : 169431 169435 169425 258133 216782 216786 
6 : 169433 169424 169436 213290 262114 213296 
6 : 32725 169500 169501 32734 32735 246951 
6 : 169497 16902 151006 16904 151011 16900 
6 : 169505 9205 169514 9206 177329 9223 
6 : 169509 169507 56596 187724 56601 56599 
6 : 169601 157299 169596 157313 215890 157302 
6 : 169603 169610 157482 172137 157485 157498 
6 : 169624 136652 169619 136665 232481 136659 
6 : 147103 169684 153421 147107 147101 153432 
6 : 169698 150802 169690 150818 180329 150803 
6 : 148371 134289 169702 134288 148373 134292 
6 : 169709 169708 169707 259136 249239 249235 
6 : 169768 169770 169780 194452 194461 207059 
6 : 169782 169793 169788 212878 212874 257958 
6 : 169794 169781 169787 179390 257385 179385 
6 : 110659 44669 169809 44665 110675 44686 
6 : 152483 80676 169813 80673 152484 80679 
6 : 169872 169875 169874 194680 194678 208995 
6 : 154029 169894 169890 154034 154031 213354 
6 : 169906 169917 167578 197645 167582 167598 
6 : 34291 169968 169966 34303 34293 222221 
6 : 4634 23521 43453 4623 4625 23512 
6 : 87013 169984 90231 87025 87006 90243 
6 : 169987 97895 169992 97896 178728 97909 
6 : 170047 170054 153659 200504 153662 153678 
6 : 170057 141421 170045 141446 175265 141422 
6 : 170066 170058 23672 199766 23687 23676 
6 : 170084 170082 170074 247371 216799 216796 
6 : 170149 170148 170155 170628 190670 170637 
6 : 6209 157058 170168 6206 6220 157075 
6 : 112699 163391 170226 112697 112702 163393 
6 : 170225 170234 41410 178919 41415 41431 
6 : 170227 76368 125014 76377 125021 76361 
6 : 64997 107333 97542 64992 64990 97536 
6 : 170326 51429 85352 51430 85353 51424 
6 : 170334 170329 170327 203135 200791 200779 
6 : 170335 170328 170330 201376 203220 201366 
6 : 170339 170352 170343 184803 184793 227722 
6 : 170347 75128 170350 75137 247924 75140 
6 : 170443 170438 170444 219345 253808 219347 
6 : 170445 170459 59591 174473 59592 59612 
6 : 131958 46030 155673 46021 131955 46026 
6 : 170524 143717 170525 143725 253327 143727 
6 : 46751 41943 114541 41935 46746 41940 
6 : 170538 170537 170546 196356 206144 196366 
6 : 94475 170559 170555 94490 94487 247100 
6 : 170554 170560 170561 242976 242977 262836 
6 : 170570 170565 170573 172540 200995 172546 
6 : 170602 170603 170601 217894 214797 214798 
6 : 170604 170599 106022 209499 106033 106026 
6 : 170606 170608 75734 259234 75752 75754 
6 : 3259 170611 98298 3268 3243 98311 
6 : 170689 170693 170686 233660 205207 205214 
6 : 170705 106143 170696 106154 202668 106149 
6 : 170726 170723 170722 255405 244031 244030 
6 : 170783 170786 170798 183889 183904 194380 
6 : 170793 170792 170787 229429 218689 218688 
6 : 170799 114493 170788 114510 220527 114502 
6 : 170817 170826 170831 189550 189555 249622 
6 : 170850 11521 170863 11522 188511 11540 
6 : 170897 170895 170899 193693 207549 193708 
6 : 112078 170903 89600 112086 89594 89613 
6 : 135180 170902 170906 135187 135197 219401 
6 : 115586 97518 112967 97513 112963 97512 
6 : 134957 170911 43372 134966 43369 43383 
6 : 170995 171003 170997 200385 200378 228444 
6 : 171010 96635 171023 96637 206148 96653 
6 : 171044 171036 78129 252152 78154 78143 
6 : 171097 171095 171101 200433 234567 200438 
6 : 171098 171105 33896 243832 33912 33921 
6 : 171106 171111 171110 173333 173332 205359 
6 : 171183 171185 132249 206355 132251 132252 
6 : 171203 171204 164383 264767 164408 164410 
6 : 58534 171207 171210 58539 58551 192672 
6 : 115251 143248 159102 115245 115250 143247 
6 : 141731 171293 171290 141746 141737 240658 
6 : 171289 139366 22137 139373 22149 22132 
6 : 48328 171352 171358 48332 48341 199788 
6 : 171354 171350 24059 194141 24069 24062 
6 : 171360 23939 171364 23940 176164 23950 
6 : 171366 171365 171367 251108 255119 251113 
6 : 171397 171396 3882 262017 3902 3901 
6 : 171399 171393 171394 254251 254530 254246 
6 : 169847 171445 171447 169855 169864 206454 
6 : 171440 171449 66397 173108 66399 66421 
6 : 171452 171446 39156 224475 39182 39165 
6 : 171454 171439 47044 172934 47062 47045 
6 : 115587 171458 60161 115593 60156 60168 
6 : 171460 171456 87329 188345 87338 87334 
6 : 148157 171478 171486 148164 148173 231447 
6 : 171474 23002 171480 23008 196250 23012 
6 : 66850 13306 2180 13300 2171 2164 
6 : 113102 171567 159718 113108 113101 159729 
6 : 171594 171603 54658 213075 54662 54671 
6 : 171655 171658 88220 228549 88231 88238 
6 : 171672 171665 171673 220643 262462 220646 
6 : 118924 171747 158020 118938 118920 158044 
6 : 171764 171778 69447 176983 69448 69463 
6 : 171850 171855 171846 250365 208146 208151 
6 : 171851 171848 171849 223134 231887 223132 
6 : 171940 171943 171941 188049 188039 240849 
6 : 171945 59977 171944 59979 182400 59978 
6 : 171964 171953 171954 203620 208153 203604 
6 : 37912 105744 171982 37905 37929 105755 
6 : 153922 172048 172047 153938 153937 262615 
6 : 172079 172078 172081 240082 246347 240087 
6 : 172093 157484 38885 157499 38902 38884 
6 : 46255 142114 51458 46253 46249 51454 
6 : 172143 172138 172135 258729 237789 237783 
6 : 172172 172176 39673 254109 39684 39690 
6 : 44076 172232 9373 44082 9359 9379 
6 : 1154 172296 172279 1169 1157 193768 
6 : 172347 172340 159866 188096 159882 159868 
6 : 172377 172382 172367 250545 189389 189397 
6 : 172421 172424 63447 206866 63453 63465 
6 : 20994 61557 60566 20990 20989 60555 
6 : 86352 172429 172435 86354 86361 179286 
6 : 172452 172444 95635 210602 95655 95642 
6 : 137507 36323 70542 36320 70538 36314 
6 : 172465 172456 147789 199405 147811 147792 
6 : 66742 172521 172513 66760 66747 218798 
6 : 172520 159488 164192 159510 164225 159487 
6 : 16634 172531 172527 16650 16643 249164 
6 : 172524 60497 172526 60511 232521 60514 
6 : 172616 64856 172612 64875 229810 64864 
6 : 15553 18603 172620 15540 15557 18609 
6 : 172624 56272 172623 56285 226510 56281 
6 : 172627 172621 112834 219416 112856 112843 
6 : 121907 43148 52321 43147 52317 43142 
6 : 172717 172721 132402 236072 132416 132423 
6 : 172722 115527 5083 115546 5105 5077 
6 : 166971 172728 172730 166979 166981 230055 
6 : 172758 172769 172756 191590 180135 180150 
6 : 156954 172808 116856 156964 116851 116866 
6 : 172818 172814 172810 195623 174294 174287 
6 : 172829 139241 172825 139248 218139 139244 
6 : 140969 172871 172874 140976 140981 237406 
6 : 14934 8938 172904 8924 14960 8960 
6 : 170126 172897 172901 170132 170142 206244 
6 : 170158 172969 123109 170163 123108 123128 
6 : 94968 26513 172982 26510 94973 26522 
6 : 160673 149212 126523 149208 126521 126520 
6 : 93988 172991 123553 93996 93983 123562 
6 : 172993 33483 101675 33500 101689 33476 
6 : 35192 173068 173065 35198 35194 242358 
6 : 173062 173063 99523 192978 99526 99532 
6 : 173064 107823 35303 107830 35311 35297 
6 : 83152 173077 11864 83163 11856 11877 
6 : 173071 173073 173076 181737 181740 227018 
6 : 155776 173096 173089 155787 155782 241311 
6 : 165956 173087 173088 165964 165965 229174 
6 : 173084 173090 173097 176646 176648 249055 
6 : 173094 140343 173093 140357 260031 140356 
6 : 47046 36354 173105 36342 47054 36360 
6 : 173163 30222 173162 30241 262510 30240 
6 : 173171 173169 158960 243594 158977 158972 
6 : 173173 93937 78928 93956 78949 78919 
6 : 10763 134481 173200 10759 10773 134487 
6 : 173254 173259 173260 212315 212317 249548 
6 : 173277 173282 173285 198674 198675 248289 
6 : 173288 112943 44950 112958 44969 44941 
6 : 140471 173365 136007 140485 136002 136023 
6 : 173362 173364 89499 234211 89511 89515 
6 : 173369 40687 173358 40704 217474 40692 
6 : 173376 173382 173379 212980 212979 253201 
6 : 113998 99059 12156 99054 12151 12147 
6 : 141202 173396 85614 141218 85610 85633 
6 : 152396 151968 173458 151964 152400 151972 
6 : 173478 100915 124273 100929 124289 100910 
6 : 120891 173544 173546 120899 120907 224142 
6 : 173580 39784 98577 39805 98602 39779 
6 : 167043 74377 173620 74376 167051 74387 
6 : 98495 170648 173635 98494 98505 170664 
6 : 173642 173643 173638 249385 221410 221415 
6 : 172350 25614 173719 25612 172364 25630 
6 : 173732 81191 173722 81211 204084 81195 
6 : 173742 122153 95319 122171 95341 95313 
6 : 173747 92312 160639 92318 160647 92310 
6 : 90914 116908 165291 90908 90912 116907 
6 : 173757 173761 173760 200773 200772 230945 
6 : 173793 159446 152917 159453 152931 152913 
6 : 86221 173811 173803 86234 86222 183211 
6 : 173892 27724 173894 27731 213543 27742 
6 : 173896 127892 73583 127918 73604 73578 
6 : 90205 173903 73420 90211 73413 73425 
6 : 173930 54122 173935 54131 235373 54140 
6 : 173986 173982 173991 177980 220447 177988 
6 : 174001 139367 173999 139379 244550 139375 
6 : 26180 174079 174076 26191 26183 234141 
6 : 80608 174082 174089 80610 80620 213019 
6 : 93638 174085 160024 93653 93636 160045 
6 : 174083 87522 146636 87525 146645 87518 
6 : 117443 78957 174094 78954 117449 78966 
6 : 174095 174091 100422 178060 100431 100424 
6 : 174114 174112 72384 257608 72402 72400 
6 : 174162 78895 174164 78910 258723 78913 
6 : 6670 174168 174172 6675 6684 221317 
6 : 20617 174167 165092 20618 20616 165094 
6 : 174171 110224 156554 110237 156572 110221 
6 : 125848 5788 174196 5783 125852 5792 
6 : 174237 85508 174242 85512 196479 85517 
6 : 116364 130027 174251 116358 116369 130035 
6 : 92554 75025 165893 75017 92552 75024 
6 : 174275 174270 174273 178797 211393 178795 
6 : 22766 131488 174328 22758 22775 131501 
6 : 144148 174330 174331 144156 144158 255036 
6 : 174352 174354 174362 218512 218518 249511 
6 : 174421 174428 174420 186721 179765 179778 
6 : 174424 174426 174427 212999 213000 245757 
6 : 64716 12930 162019 12914 64713 12927 
6 : 174537 174541 143997 185657 143999 144009 
6 : 174550 7639 174552 7655 261288 7657 
6 : 102238 101138 13975 101132 13970 13969 
6 : 174615 174609 51617 247597 51638 51628 
6 : 18488 174625 133414 18496 18486 133437 
6 : 148593 174629 174630 148605 148608 259811 
6 : 174626 174621 174627 212871 255271 212873 
6 : 174661 174653 174650 235941 226945 226932 
6 : 174699 147472 174696 147491 237044 147485 
6 : 174701 126616 100534 126617 100536 100527 
6 : 174703 70088 1873 70095 1879 1857 
6 : 55598 77 174720 68 55606 87 
6 : 174745 114822 174744 114840 244540 114834 
6 : 45438 173766 174791 45437 45441 173772 
6 : 39269 174800 135979 39274 39264 135987 
6 : 174798 174797 174806 203958 216892 203967 
6 : 53945 6396 85989 6386 53938 6388 
6 : 73689 174826 92205 73698 73680 92216 
6 : 174873 11466 174874 11471 225550 11472 
6 : 174895 174894 174892 238834 230471 230470 
6 : 174944 174940 174934 259679 233355 233347 
6 : 167074 174974 77192 167086 77189 77204 
6 : 174969 174970 139702 203243 139707 139709 
6 : 174978 174975 174984 193988 230825 193993 
6 : 118000 95291 174996 95285 118013 95307 
6 : 175075 175077 175076 255843 255841 256035 
6 : 175079 175078 124011 263987 124036 124035 
6 : 128901 175095 112725 128915 112721 112746 
6 : 84911 175101 175105 84914 84919 222195 
6 : 175109 175103 175108 243386 257983 243384 
6 : 171674 132972 134856 132970 134855 132966 
6 : 175180 161885 78395 161894 78408 78392 
6 : 54193 175203 41412 54207 41394 41436 
6 : 97127 163392 175195 97126 97137 163401 
6 : 161774 175277 144617 161787 144616 144631 
6 : 175274 175269 175276 190775 240946 190779 
6 : 23967 175282 119780 23977 23964 119790 
6 : 175279 175290 175288 190293 190291 245882 
6 : 175284 175292 175283 239825 239077 239083 
6 : 175289 175278 175285 186249 241319 186244 
6 : 111974 24562 175380 24555 111981 24569 
6 : 175386 175378 175381 192279 212766 192272 
6 : 44172 175397 175389 44185 44176 205135 
6 : 175391 172052 146966 172061 146974 146965 
6 : 175483 108817 175484 108823 235047 108824 
6 : 175486 175481 147870 180680 147882 147871 
6 : 115356 175505 175507 115359 115361 186621 
6 : 175510 175511 175516 230031 230035 241376 
6 : 38395 58515 175572 38389 38400 58518 
6 : 175571 144853 175570 144857 211810 144856 
6 : 175573 175575 175569 241651 177728 177735 
6 : 21334 175577 30688 21336 21327 30694 
6 : 141423 175664 12016 141424 12008 12020 
6 : 175672 175665 175669 199053 247482 199047 
6 : 175675 175681 175673 210644 196357 196367 
6 : 175680 175678 37355 237989 37365 37364 
6 : 46603 175708 175699 46614 46606 213158 
6 : 175698 175696 175704 176948 209623 176954 
6 : 175709 175707 175711 255615 259983 255617 
6 : 175763 132564 175761 132579 193642 132567 
6 : 175770 170127 175775 170131 204464 170147 
6 : 175777 175784 175785 195747 195748 236906 
6 : 123947 175849 175853 123948 123955 177971 
6 : 175855 175851 79480 238048 79498 79491 
6 : 45995 175861 175866 46007 46012 242122 
6 : 84803 175924 106168 84817 84799 106186 
6 : 175921 152147 175920 152154 201973 152151 
6 : 175936 175935 47399 245220 47417 47412 
6 : 175945 175953 175943 225588 210669 210685 
6 : 172034 176039 176036 172046 172040 231833 
6 : 141069 176120 176127 141078 141089 235078 
6 : 176119 176125 176126 209947 209948 260735 
6 : 169631 176131 176136 169635 169641 206926 
6 : 176134 176137 176129 253999 191523 191529 
6 : 70459 37030 176214 37022 70471 37046 
6 : 143426 176217 162316 143435 143425 162322 
6 : 115501 97822 176242 97816 115509 97830 
6 : 49176 161886 84828 49174 49168 84826 
6 : 143953 176250 176259 143954 143966 178487 
6 : 176289 143401 176291 143410 230379 143414 
6 : 48884 27823 176300 27811 48889 27831 
6 : 79949 76464 176297 76457 79951 76465 
6 : 176307 52441 176304 52456 255200 52454 
6 : 176311 176315 176318 203488 203492 247137 
6 : 102129 160318 133885 102126 102121 133881 
6 : 176382 176386 176381 209256 205925 205931 
6 : 27466 176398 176392 27473 27467 190773 
6 : 176396 176404 75553 228680 75559 75576 
6 : 176402 88611 176390 88631 179237 88614 
6 : 123415 176471 17597 123417 17592 17602 
6 : 176520 176514 176518 253135 258994 253133 
6 : 176562 176564 156108 187725 156112 156119 
6 : 127874 176580 85475 127887 85471 85499 
6 : 176572 62427 176575 62434 224063 62437 
6 : 176634 176632 41042 230826 41058 41050 
6 : 6671 176642 110225 6682 6665 110234 
6 : 176732 176731 176723 262154 194083 194081 
6 : 176733 176739 176736 177636 177631 210598 
6 : 176741 176744 176735 248415 194716 194720 
6 : 164465 176840 176828 164477 164468 185740 
6 : 176850 176844 80246 185439 80255 80248 
6 : 33741 34968 137873 33726 33737 34961 
6 : 177009 52769 88492 52774 88497 52756 
6 : 177010 120629 82703 120633 82708 82695 
6 : 105985 177101 177098 105997 105990 232081 
6 : 177025 101881 177096 101880 177030 101885 
6 : 177109 170177 177107 170196 262409 170193 
6 : 177111 177105 65286 258972 65310 65307 
6 : 30224 90150 88334 30215 30214 88324 
6 : 177178 177186 107511 225215 107519 107532 
6 : 177181 132565 163434 132575 163443 132561 
6 : 177187 177182 177180 245142 235889 235881 
6 : 177198 177190 176140 198712 176160 176143 
6 : 72359 120975 94296 72357 72354 94290 
6 : 91000 177211 177209 91015 91012 250721 
6 : 177203 177205 177206 209618 209619 215617 
6 : 177283 177285 177281 229802 199855 199858 
6 : 177284 177291 145185 238185 145199 145210 
6 : 177293 177296 177302 217774 217783 237112 
6 : 132566 150335 177313 132560 132580 150347 
6 : 63046 89102 158655 63038 63044 89099 
6 : 163314 177388 177380 163332 163320 216789 
6 : 177432 177422 177428 223656 260784 223651 
6 : 177434 97193 177426 97211 256824 97204 
6 : 153902 177441 131489 153907 131486 131508 
6 : 177448 177444 154576 251063 154601 154596 
6 : 177480 177481 177477 256112 212613 212615 
6 : 34232 151205 177498 34224 34246 151224 
6 : 44608 177499 177490 44623 44614 233861 
6 : 146797 177485 177487 146801 146804 198381 
6 : 177523 25144 27688 25161 27712 25126 
6 : 177569 5521 177568 5533 237322 5529 
6 : 93765 177579 91337 93774 91328 91347 
6 : 177576 169247 31583 169253 31589 31582 
6 : 177581 177575 177582 202515 248785 202516 
6 : 177601 104367 177587 104380 185327 104368 
6 : 47717 151252 177673 47715 47724 151262 
6 : 177672 177674 65796 209377 65800 65803 
6 : 177675 145694 148637 145703 148648 145691 
6 : 177696 177685 177687 186330 202505 186314 
6 : 94192 177718 117467 94210 94188 117485 
6 : 177760 177767 154389 221627 154398 154407 
6 : 177769 177758 177768 194879 259501 194877 
6 : 177775 177781 121395 230384 121403 121417 
6 : 134518 77976 177858 77970 134536 77996 
6 : 177851 177852 177859 227572 227578 249084 
6 : 177855 177849 177857 194216 261729 194219 
6 : 24766 106959 177868 24762 24777 106967 
6 : 70675 177861 177869 70678 70686 185010 
6 : 83826 177867 177872 83835 83841 229033 
6 : 3044 38627 102286 3027 3034 38614 
6 : 71727 28028 177969 28018 71740 28042 
6 : 177967 158092 177970 158098 207906 158106 
6 : 178023 159165 178021 159171 192514 159167 
6 : 26819 79870 178032 26807 26821 79871 
6 : 51342 112096 178036 51337 51355 112109 
6 : 84967 178047 91213 84979 84956 91221 
6 : 178052 142240 178048 142258 218603 142252 
6 : 178128 58037 168976 58046 168992 58036 
6 : 32695 178136 113804 32705 32690 113813 
6 : 178150 178155 46031 252388 46040 46046 
6 : 135820 47203 138799 47200 135819 47201 
6 : 86610 178224 178222 86616 86612 185918 
6 : 178254 178263 138639 237863 138649 138661 
6 : 178319 178327 152262 194999 152264 152270 
6 : 178320 178331 149137 229538 149144 149153 
6 : 178326 178329 54391 255994 54405 54407 
6 : 178328 178324 105522 250134 105535 105531 
6 : 146389 178409 178413 146394 146400 210211 
6 : 115690 178415 100884 115691 100876 100887 
6 : 123707 135525 178432 123705 123718 135540 
6 : 138595 147122 113645 138591 113640 113641 
6 : 101389 178438 178437 101395 101393 198259 
6 : 134482 110538 178449 110535 134492 110556 
6 : 80482 178497 158325 80485 80480 158329 
6 : 98773 117641 178513 98769 98785 117658 
6 : 178526 178518 12626 228863 12654 12640 
6 : 178587 178585 74890 238344 74906 74903 
6 : 99089 178590 178589 99095 99092 244089 
6 : 178663 178668 144947 208809 144955 144972 
6 : 79342 178701 178704 79357 79359 247861 
6 : 178692 16191 117001 16194 117004 16187 
6 : 178711 56421 178717 56429 248411 56434 
6 : 178755 132853 178753 132864 231572 132861 
6 : 78 178771 178767 93 90 237943 
6 : 178866 178870 162617 233028 162628 162635 
6 : 178869 178872 178862 249155 194332 194341 
6 : 58148 17599 178884 17588 58162 17623 
6 : 171281 103937 178959 103935 171294 103957 
6 : 6624 35152 178964 6620 6630 35160 
6 : 178962 84054 134308 84060 134314 84050 
6 : 178970 178969 178968 251250 249693 249692 
6 : 178971 178967 178972 241816 254966 241822 
6 : 178974 178981 75583 210343 75585 75593 
6 : 178979 177738 178984 177750 239075 177756 
6 : 178994 134634 178988 134646 207299 134639 
6 : 179142 155903 79626 155910 79629 79623 
6 : 179160 179165 179156 233294 188702 188711 
6 : 179163 179157 77741 194241 77752 77745 
6 : 179166 58689 179159 58704 213176 58692 
6 : 6211 40462 179170 6196 6212 40465 
6 : 179174 179184 123111 205921 123120 123132 
6 : 179243 31661 93665 31679 93685 31656 
6 : 61502 168612 93252 61500 61494 93250 
6 : 179248 179245 179252 203978 241386 203986 
6 : 95837 179337 179344 95840 95845 210735 
6 : 179345 179346 35744 250943 35759 35762 
6 : 86748 179357 131871 86758 86746 131889 
6 : 179347 179349 105142 185676 105144 105145 
6 : 125937 179368 179359 125948 125938 184747 
6 : 179425 104280 179416 104298 218008 104284 
6 : 24091 179438 165473 24105 24089 165486 
6 : 179435 165359 179437 165368 236573 165370 
6 : 86039 179441 179443 86044 86047 207928 
6 : 147426 179479 110096 147439 110094 110120 
6 : 117318 179524 179523 117324 117323 224707 
6 : 179527 177903 179521 177915 195380 177905 
6 : 27520 119423 122783 27512 27513 119416 
6 : 33264 9242 141928 9232 33260 9237 
6 : 72590 179535 155826 72592 72588 155834 
6 : 179532 179539 179534 229824 229816 235522 
6 : 24360 34027 179548 24350 24374 34038 
6 : 179540 179544 149846 185162 149847 149861 
6 : 179545 162778 74486 162792 74496 74484 
6 : 179546 97799 179543 97808 238085 97805 
6 : 179603 179608 43521 179921 43522 43538 
6 : 179610 38299 23225 38315 23240 23210 
6 : 179615 145158 167778 145164 167782 145157 
6 : 179618 99646 179622 99656 255836 99659 
6 : 109765 179636 124190 109780 109761 124210 
6 : 179640 179645 179643 232109 232108 247101 
6 : 44078 179688 179686 44084 44083 209349 
6 : 179702 179694 130276 196353 130300 130278 
6 : 179735 119563 179740 119576 254830 119580 
6 : 88195 175870 84437 88193 84428 84436 
6 : 179797 179796 95767 253314 95782 95781 
6 : 179806 179813 179809 234216 234212 245221 
6 : 179807 50188 47400 50194 47409 47391 
6 : 179879 179877 14937 261014 14957 14955 
6 : 179905 179906 62244 256950 62257 62258 
6 : 7062 179977 179976 7078 7073 248691 
6 : 128548 60648 179972 60646 128550 60651 
6 : 179986 140149 179985 140165 246057 140163 
6 : 179989 180000 179991 183916 183907 195305 
6 : 166561 177214 180073 166560 166573 177227 
6 : 180080 180083 60408 223886 60414 60424 
6 : 180082 180079 180077 210210 206906 206900 
6 : 180108 180106 33486 248560 33503 33497 
6 : 92921 180166 123912 92937 92912 123930 
6 : 180157 48186 137182 48189 137184 48179 
6 : 180158 156305 97328 156310 97335 97319 
6 : 180164 143470 180156 143484 190484 143472 
6 : 180169 180180 180178 181237 181236 252154 
6 : 180184 180185 86374 186726 86375 86376 
6 : 180335 180341 180339 186292 186290 234074 
6 : 118582 180361 99777 118587 99772 99790 
6 : 180364 180365 176615 263461 176629 176631 
6 : 180437 180426 180429 187260 199207 187245 
6 : 138166 180443 164982 138170 138164 164992 
6 : 180438 180447 180444 198034 198033 254354 
6 : 180527 42865 180530 42866 183114 42867 
6 : 180536 107985 107135 108000 107150 107129 
6 : 180542 46422 180540 46426 187339 46424 
6 : 127063 27725 180551 27721 127064 27726 
6 : 180645 180650 180652 187251 187254 235393 
6 : 180653 180651 180649 240169 233979 233973 
6 : 180667 103335 9797 103351 9815 9783 
6 : 68323 180745 28337 68330 28325 28346 
6 : 180747 180746 180748 232374 232457 232377 
6 : 180752 180742 180749 193579 249003 193577 
6 : 45580 16158 180756 16152 45590 16170 
6 : 95697 180761 178643 95710 95695 178655 
6 : 158926 180775 180774 158939 158938 252797 
6 : 163578 180776 48392 163591 48389 48412 
6 : 90251 180801 180813 90258 90265 225135 
6 : 5381 71816 180837 5375 5386 71820 
6 : 180860 180845 180857 199210 251889 199205 
6 : 171385 113646 180866 113644 171388 113650 
6 : 111391 23968 180952 23963 111399 23984 
6 : 158945 180961 180966 158949 158953 227170 
6 : 161620 180969 180971 161633 161635 262977 
6 : 180959 180958 180963 204962 220721 204965 
6 : 159670 170939 70804 159668 70798 70800 
6 : 171370 181043 181041 171384 171380 261133 
6 : 181046 104983 175816 104986 175818 104981 
6 : 181064 164743 49545 164746 49550 49542 
6 : 181065 181061 181063 186647 201707 186645 
6 : 167833 181159 181147 167844 167834 194721 
6 : 181150 181155 129024 211420 129026 129038 
6 : 181165 181171 181169 243178 243177 259467 
6 : 181166 169372 181163 169385 221969 169380 
6 : 14613 181216 181217 14620 14622 254969 
6 : 35344 55483 25318 35339 25304 25306 
6 : 149086 181221 149026 149089 149021 149033 
6 : 181220 181226 181223 203816 203815 246756 
6 : 127171 160909 181238 127167 127177 160923 
6 : 156095 115016 181315 115013 156099 115021 
6 : 20094 457 169284 445 20091 456 
6 : 158188 171422 181326 158187 158197 171434 
6 : 181361 181356 140183 227245 140198 140193 
6 : 175490 181396 181393 175499 175493 213916 
6 : 109531 181407 76269 109544 76260 76290 
6 : 181414 95211 181418 95222 244977 95229 
6 : 181447 181451 38478 195182 38481 38486 
6 : 166744 181490 40964 166747 40962 40966 
6 : 181498 181491 59705 205053 59725 59712 
6 : 181507 181502 78292 228619 78305 78299 
6 : 117862 127461 181518 117857 117870 127477 
6 : 162682 181603 181606 162689 162695 224647 
6 : 138951 181692 181690 138971 138965 254124 
6 : 181686 70123 181685 70127 194150 70125 
6 : 44173 27660 103447 27651 44167 27654 
6 : 114871 181772 26847 114879 26839 26862 
6 : 181773 171216 181769 171235 196000 171217 
6 : 146302 43375 115405 43370 115400 43366 
6 : 181088 174118 28183 174117 28182 28179 
6 : 81953 19270 103448 19264 81948 19266 
6 : 181944 181952 25762 219054 25769 25781 
6 : 181945 67676 181947 67680 226674 67685 
6 : 181949 181942 181954 203387 248719 203398 
6 : 93740 181957 65288 93747 65275 65301 
6 : 182057 170940 182055 170958 261934 170956 
6 : 182108 182109 182105 199829 189216 189218 
6 : 182119 182123 182121 212729 212724 223510 
6 : 182120 182124 182125 222906 222910 252007 
6 : 36591 182187 182186 36597 36596 205685 
6 : 57240 182184 182189 57241 57246 190924 
6 : 174432 182190 19741 174435 19738 19751 
6 : 12075 182196 182194 12082 12079 215251 
6 : 182201 182198 182195 240500 215412 215406 
6 : 182210 60354 182215 60363 252514 60372 
6 : 182293 93528 182290 93540 196633 93532 
6 : 120246 182301 182302 120251 120252 214607 
6 : 182299 72093 104627 72095 104631 72085 
6 : 182305 182303 182300 220315 203754 203748 
6 : 182361 182366 182373 197417 197422 251383 
6 : 182364 182362 133417 212091 133435 133425 
6 : 182369 182371 182363 257212 245232 245235 
6 : 182383 123649 182381 123664 248837 123661 
6 : 182398 22915 182399 22932 263691 22933 
6 : 182402 153014 86934 153020 86942 86928 
6 : 182459 145131 182466 145134 189128 145154 
6 : 182461 162222 157402 162234 157416 157397 
6 : 182462 182464 182460 251391 238204 238207 
6 : 182476 171048 182477 171062 258228 171063 
6 : 182490 11295 182489 11305 230353 11304 
6 : 109108 63195 42209 63186 42202 42196 
6 : 72293 94523 90966 72288 72287 90955 
6 : 98144 182624 182627 98152 98156 234136 
6 : 182628 108510 182632 108522 253013 108525 
6 : 161775 182633 182642 161778 161789 199711 
6 : 176391 170109 182634 170106 176395 170115 
6 : 182649 23969 35420 23982 35430 23960 
6 : 182737 182730 182731 234582 235511 234572 
6 : 147021 127673 67049 127667 67043 67039 
6 : 182742 182739 182744 199595 253770 199600 
6 : 182758 182772 182761 200470 200459 218014 
6 : 120247 104628 182783 104618 120260 104642 
6 : 150006 182816 182814 150012 150008 219742 
6 : 182859 182850 75028 195207 75041 75030 
6 : 182860 104597 182851 104614 228578 104602 
6 : 182873 182875 182868 235672 211752 211755 
6 : 166745 129005 182890 129003 166753 129017 
6 : 95246 182899 118847 95257 95244 118862 
6 : 20896 182964 7223 20899 7208 7231 
6 : 171569 182974 15584 171574 15583 15590 
6 : 182971 182976 182979 199605 199606 225375 
6 : 182984 182988 182973 253105 217335 217340 
6 : 182985 182982 182980 245410 241775 241773 
6 : 37268 119091 171802 37258 37265 119089 
6 : 182990 182992 167299 194996 167300 167303 
6 : 180284 71047 149402 71046 149401 71042 
6 : 21312 183100 56892 21317 21302 56898 
6 : 32881 46899 183102 32866 32890 46909 
6 : 156176 109881 183109 109874 156190 109902 
6 : 183122 183124 34582 260097 34593 34596 
6 : 159282 183152 135790 159290 135786 135802 
6 : 183151 183156 160026 214363 160034 160048 
6 : 94970 183190 183192 94974 94976 240961 
6 : 63017 183247 183250 63022 63028 216925 
6 : 183246 79758 183251 79764 201350 79774 
6 : 155986 31869 183259 31866 155997 31884 
6 : 183324 145132 183330 145140 232742 145149 
6 : 148253 163816 183336 148252 148257 163818 
6 : 183339 183338 12017 218523 12030 12026 
6 : 183354 183349 87837 229520 87852 87845 
6 : 183416 183421 9441 227036 9446 9464 
6 : 183429 183431 52981 261469 52994 52997 
6 : 183433 183440 183442 189968 189969 259628 
6 : 183513 183519 70543 205108 70546 70568 
6 : 183518 183516 183520 233166 261779 233169 
6 : 22523 183523 180028 22528 22522 180036 
6 : 110637 183533 183535 110642 110647 230741 
6 : 183528 183532 158201 191054 158203 158208 
6 : 183549 129272 183543 129279 190887 129275 
6 : 35208 70354 183607 35202 35223 70367 
6 : 154535 119812 183606 119809 154548 119826 
6 : 183616 93406 183615 93416 242409 93415 
6 : 58392 183623 153515 58399 58390 153525 
6 : 183628 183631 103520 255064 103536 103539 
6 : 183649 183640 183635 240050 209544 209534 
6 : 183697 183699 122656 254577 122678 122682 
6 : 183698 159283 14052 159298 14073 14048 
6 : 183704 183709 183710 239767 239771 261980 
6 : 183705 183706 94297 249861 94310 94315 
6 : 85591 98457 145551 85584 85588 98452 
6 : 183720 74625 183724 74632 254553 74638 
6 : 72220 53536 183731 53525 72228 53543 
6 : 183725 183729 183730 189694 189695 242062 
6 : 3171 32845 83368 3159 3164 32836 
6 : 63018 183818 86805 63020 63009 86808 
6 : 103013 100020 109672 100014 103008 100015 
6 : 1947 158326 183885 1943 1954 158336 
6 : 6553 173647 181193 6549 6552 173646 
6 : 183935 132829 183923 132845 199772 132830 
6 : 133815 129479 183968 129477 133822 129494 
6 : 183962 98985 133361 98990 133371 98981 
6 : 50312 183980 20478 50333 20465 20502 
6 : 183970 152976 123554 152977 123555 123552 
6 : 183979 183975 183977 240480 246916 240477 
6 : 19058 45162 183985 19051 19065 45170 
6 : 171122 183982 1673 171124 1671 1675 
6 : 183986 145159 183989 145172 250828 145177 
6 : 72066 184023 184013 72080 72071 230062 
6 : 184049 72757 184043 72771 191578 72758 
6 : 102038 97296 184054 97286 102047 97306 
6 : 184057 147958 184055 147967 233125 147965 
6 : 184068 165292 84473 165306 84488 84471 
6 : 184071 73309 138474 73327 138495 73306 
6 : 184081 123680 184080 123694 260817 123693 
6 : 32752 184101 184100 32776 32775 263990 
6 : 163472 120268 102181 120266 102178 102172 
6 : 184143 145891 184144 145907 263932 145910 
6 : 184216 184220 184218 223367 223364 249868 
6 : 184219 184214 24698 193310 24723 24700 
6 : 140150 184227 184224 140157 140155 228422 
6 : 143061 184232 184222 143075 143068 215115 
6 : 184330 184329 79056 264183 79076 79075 
6 : 184341 184332 121138 226764 121148 121140 
6 : 184384 116443 34643 116444 34645 34636 
6 : 184393 23641 109814 23659 109835 23633 
6 : 184417 184424 184428 232891 232895 261530 
6 : 184426 184422 184425 249647 262522 249645 
6 : 184500 184494 184495 216736 219564 216726 
6 : 61702 184509 152043 61713 61695 152058 
6 : 169553 184506 66403 169563 66396 66414 
6 : 184507 184502 184503 216230 224467 216226 
6 : 184516 148200 184514 148204 187342 148201 
6 : 95865 83501 184529 83490 95872 83509 
6 : 69901 184585 169285 69909 69900 169298 
6 : 112326 184582 184579 112336 112331 214463 
6 : 184581 184584 128145 228394 128153 128159 
6 : 114267 184589 137937 114271 114264 137940 
6 : 155622 159461 184681 155618 155629 159465 
6 : 184683 41234 184687 41241 225358 41251 
6 : 184686 184678 52502 189549 52513 52503 
6 : 184301 184697 184690 184306 184304 245550 
6 : 1001 40491 184699 988 1003 40493 
6 : 102498 132475 101653 102492 101647 101651 
6 : 184765 25764 184761 25783 252919 25776 
6 : 118351 151361 184771 118349 118359 151373 
6 : 184860 184859 128025 259671 128043 128039 
6 : 184870 184875 184867 225635 206105 206112 
6 : 145977 184949 146555 145981 145975 146569 
6 : 184950 184947 111063 190313 111073 111064 
6 : 184956 162762 184958 162763 187968 162765 
6 : 78175 136434 184973 78172 78188 136445 
6 : 185024 185034 185031 205616 205614 264596 
6 : 185030 185029 144202 238953 144226 144216 
6 : 185128 185134 135448 240650 135458 135469 
6 : 21047 185145 185136 21054 21048 185769 
6 : 26156 185197 185195 26165 26163 231348 
6 : 119092 185232 100787 119094 100778 100791 
6 : 21229 185286 127807 21239 21224 127815 
6 : 111488 185293 3885 111497 3872 3894 
6 : 180863 185297 124275 180877 124274 124295 
6 : 185301 120537 63600 120541 63603 63596 
6 : 185310 185302 161904 220920 161921 161912 
6 : 185384 2793 185387 2796 197502 2798 
6 : 185397 86987 185405 86995 239503 87005 
6 : 185398 52179 30689 52188 30700 30679 
6 : 185399 185394 185401 189317 243236 189321 
6 : 185486 185477 120679 211445 120697 120684 
6 : 10491 185543 185545 10507 10513 242699 
6 : 142753 104417 7312 104414 7310 7306 
6 : 185546 185544 185542 256941 218605 218600 
6 : 185548 185551 185552 197970 197971 208092 
6 : 147227 185565 185566 147243 147245 264195 
6 : 185625 88686 44670 88695 44683 44662 
6 : 62428 185630 185628 62433 62430 188110 
6 : 68673 120895 21390 68666 21379 21384 
6 : 129428 185717 134366 129432 129423 134374 
6 : 74292 61933 131655 61926 74290 61929 
6 : 138375 185725 185730 138380 138386 233907 
6 : 185728 29589 185724 29606 233845 29598 
6 : 138179 47364 185789 47361 138194 47383 
6 : 185787 185784 185790 187793 214442 187809 
6 : 57401 185791 185797 57403 57411 194634 
6 : 185792 18210 185794 18212 199075 18217 
6 : 120855 185802 71078 120862 71071 71091 
6 : 185805 97899 185798 97912 216080 97905 
6 : 19537 185860 135674 19538 19530 135676 
6 : 183740 185871 185879 183743 183760 205807 
6 : 185876 185877 28796 257143 28810 28811 
6 : 185885 148033 185889 148041 256216 148043 
6 : 54066 173601 5416 54064 5398 5413 
6 : 185957 185946 185954 188340 250355 188332 
6 : 185965 185964 146237 241015 146249 146248 
6 : 184394 185997 178828 184406 178827 178839 
6 : 186034 186032 186028 248225 215589 215584 
6 : 85593 71202 186041 71190 85600 71211 
6 : 186046 159284 108190 159285 108191 108183 
6 : 134499 158657 186066 134495 134509 158679 
6 : 62742 186110 186103 62751 62743 216870 
6 : 115358 186104 186114 115368 115374 232371 
6 : 179254 157668 186124 157665 179267 157681 
6 : 183906 178384 186127 178383 183921 178403 
6 : 21682 149235 186148 21679 21694 149241 
6 : 87486 186197 186199 87493 87497 253465 
6 : 156597 186195 186196 156607 156610 246937 
6 : 186201 186203 70879 203945 70882 70884 
6 : 186206 186204 120917 222903 120934 120928 
6 : 186208 186211 186210 252008 252006 255281 
6 : 15025 186220 569 15038 551 589 
6 : 100278 159976 186218 100275 100290 159983 
6 : 186222 186219 89763 259248 89789 89782 
6 : 176684 186277 186275 176697 176690 235997 
6 : 105238 148808 186282 105236 105243 148814 
6 : 186284 186280 84187 194633 84199 84188 
6 : 132442 28125 186295 28119 132449 28133 
6 : 67156 185518 186308 67155 67172 185533 
6 : 28100 186368 115504 28104 28095 115512 
6 : 186364 186370 23971 195638 23973 23985 
6 : 186373 186367 97824 230179 97840 97832 
6 : 186389 163739 186393 163741 196452 163742 
6 : 186442 59861 186437 59875 230419 59867 
6 : 186451 186455 145188 255931 145204 145215 
6 : 186519 186516 186518 260844 263487 260843 
6 : 186523 122034 186528 122037 217701 122049 
6 : 32995 94770 175111 32989 32994 94769 
6 : 43259 44895 6397 43250 6382 6383 
6 : 73690 32405 186539 32395 73701 32417 
6 : 140240 186546 186552 140247 140256 225472 
6 : 186599 186598 186591 264805 200489 200487 
6 : 143757 186605 11695 143765 11690 11711 
6 : 186612 148281 4462 148282 4463 4454 
6 : 106102 186686 186685 106112 106111 254534 
6 : 148399 186689 186696 148400 148411 187685 
6 : 186701 186697 186694 255380 232387 232382 
6 : 177376 186708 186703 177383 177377 192110 
6 : 85079 91416 174462 85069 85074 91413 
6 : 186776 125172 66774 125189 66789 66767 
6 : 186868 171094 59096 171103 59105 59093 
6 : 186942 186940 186951 189773 194362 189785 
6 : 186952 180993 158473 181010 158490 158470 
6 : 187029 187031 187039 208410 208426 230405 
6 : 150220 187041 187046 150222 150228 207342 
6 : 187043 187047 132292 241492 132306 132314 
6 : 119614 187048 12457 119615 12448 12458 
6 : 187052 187058 187056 234737 234735 254098 
6 : 43625 187074 7979 43642 7971 7998 
6 : 75649 187113 173816 75657 75648 173823 
6 : 187122 74747 109423 74748 109426 74740 
6 : 187132 84864 74892 84868 74896 74882 
6 : 187166 96541 187169 96550 233120 96555 
6 : 187201 187202 187200 256834 242415 242417 
6 : 187299 187297 187302 230932 247373 230936 
6 : 187304 175223 187298 175238 231069 175230 
6 : 104711 187331 187335 104718 104725 249316 
6 : 187325 187336 187326 218838 218831 220526 
6 : 104630 152284 31728 104624 31720 31724 
6 : 187392 48361 187395 48367 225758 48375 
6 : 187412 187407 18979 206609 18986 18981 
6 : 187419 187408 168103 213692 168123 168110 
6 : 154001 144679 99813 144674 99808 99805 
6 : 187475 168193 187472 168211 257787 168208 
6 : 135404 187537 57191 135414 57183 57204 
6 : 39699 187542 187543 39710 39714 259921 
6 : 176746 187539 187541 176747 176752 216379 
6 : 187574 187575 48552 264604 48571 48572 
6 : 187617 135641 138309 135647 138316 135636 
6 : 187620 15868 122062 15879 122075 15863 
6 : 187695 187701 184371 246234 184377 184383 
6 : 135752 174733 152814 135751 135750 152811 
6 : 185985 187706 98797 185992 98796 98808 
6 : 187711 187721 91586 210510 91591 91604 
6 : 165176 110920 88221 110919 88218 88209 
6 : 187776 187773 187775 201520 250777 201519 
6 : 92209 187784 63448 92219 63440 63464 
6 : 187872 187871 187879 196919 202943 196928 
6 : 169645 187884 40526 169649 40524 40535 
6 : 187893 187894 187903 218039 218054 242834 
6 : 177739 132699 187912 132697 177757 132716 
6 : 120947 187964 187967 120954 120957 253393 
6 : 165840 187966 187960 165854 165846 227414 
6 : 187958 186977 187962 186978 191322 186983 
6 : 187975 187971 13260 217728 13272 13267 
6 : 25863 153903 157099 25859 25860 153900 
6 : 188031 29094 131491 29107 131512 29084 
6 : 134749 188043 188036 134759 134750 200160 
6 : 188055 188059 155005 224264 155009 155015 
6 : 188064 51943 188057 51961 235038 51953 
6 : 21771 46277 188131 21764 21777 46291 
6 : 188137 188146 188144 219544 219542 264704 
6 : 188138 174305 188142 174312 240304 174324 
6 : 188145 136496 188139 136513 244675 136508 
6 : 188231 188228 188235 230622 258181 230628 
6 : 3824 188245 70486 3835 3814 70500 
6 : 188251 141246 188252 141249 194936 141250 
6 : 188253 79759 120432 79765 120434 79748 
6 : 188259 182817 23227 182825 23235 23226 
6 : 188260 86806 188255 86822 213036 86812 
6 : 188312 115505 137531 115508 137535 115498 
6 : 144731 65124 188377 65118 144741 65134 
6 : 169046 188372 188378 169049 169054 211959 
6 : 108464 188393 122282 108465 108458 122283 
6 : 170367 187933 188398 170366 170379 187946 
6 : 188459 14389 188458 14402 242742 14397 
6 : 167076 40628 127462 40624 127458 40622 
6 : 188462 188466 39058 230563 39065 39076 
6 : 64681 70090 171624 64672 64679 70087 
6 : 74432 141052 188629 74429 74434 141054 
6 : 188632 188633 188630 256517 230012 230019 
6 : 188635 44815 156450 44833 156468 44811 
6 : 113 19742 153225 99 109 19734 
6 : 25111 188659 188656 25116 25113 211637 
6 : 188733 188732 62376 239724 62392 62387 
6 : 188744 156132 188743 156142 246936 156140 
6 : 96368 76371 188826 76358 96378 76383 
6 : 141179 178911 188824 141177 141190 178917 
6 : 188828 68425 126740 68443 126754 68419 
6 : 188837 114154 188836 114164 237373 114163 
6 : 188838 188834 188839 201995 246534 201996 
6 : 188867 188857 188860 209194 233801 209190 
6 : 101968 7868 144001 7852 101965 7857 
6 : 188923 89843 188928 89849 228611 89864 
6 : 12392 21262 188958 12378 12407 21279 
6 : 189012 189010 189007 238648 205699 205691 
6 : 171123 46578 76918 46574 76914 46570 
6 : 189055 4756 189051 4772 204160 4759 
6 : 116753 189080 189078 116764 116762 255460 
6 : 141203 189087 154390 141216 141200 154412 
6 : 189096 189092 189102 202748 231444 202751 
6 : 189110 189094 189100 221010 246254 221004 
6 : 189161 113149 189162 113159 253252 113161 
6 : 52888 189169 167798 52899 52884 167815 
6 : 189172 189166 179275 215369 179291 179279 
6 : 43103 189176 189175 43107 43106 239565 
6 : 89985 119178 13863 89979 13853 13857 
6 : 189246 189252 189251 242896 242895 261730 
6 : 71610 63075 107386 63065 71607 63069 
6 : 42573 177148 61819 42571 42566 61816 
6 : 189356 103521 189361 103528 233652 103538 
6 : 75923 189421 189416 75928 75925 228962 
6 : 189418 189425 161063 234996 161069 161083 
6 : 186542 189438 66058 186549 66056 66069 
6 : 49940 189496 189501 49941 49954 190007 
6 : 189498 159304 53973 159312 53992 53972 
6 : 30449 189509 170871 30466 30447 170893 
6 : 114605 189504 189506 114617 114620 243099 
6 : 157259 74229 141314 74224 141309 74221 
6 : 5911 120248 189529 5904 5925 120263 
6 : 189537 175714 9377 175720 9383 9374 
6 : 153725 168659 27380 153723 27377 27379 
6 : 189572 22768 189580 22772 210799 22780 
6 : 119511 67318 189593 67304 119521 67331 
6 : 126981 189590 150250 126984 126978 150255 
6 : 65126 189618 187591 65132 65123 187601 
6 : 189652 40629 189651 40634 234071 40633 
6 : 189653 90936 189646 90948 195057 90938 
6 : 100552 106601 189750 100550 100571 106623 
6 : 189013 189746 41806 189017 41805 41818 
6 : 141819 70208 189764 70199 141820 70210 
6 : 189782 7869 189781 7877 253402 7876 
6 : 189833 189828 189830 190867 213832 190862 
6 : 126683 189847 189846 126690 126689 257615 
6 : 189920 189918 152601 203577 152610 152603 
6 : 189926 189921 89900 247524 89924 89915 
6 : 189934 189932 92360 261845 92380 92378 
6 : 189979 44780 189986 44789 245384 44793 
6 : 45997 190024 190030 46010 46015 249828 
6 : 190033 190045 190034 225872 225860 233087 
6 : 109042 69398 190053 69392 109052 69409 
6 : 190099 144541 179951 144547 179956 144539 
6 : 166794 144922 48056 144917 48053 48049 
6 : 190110 190103 23372 196777 23384 23373 
6 : 190185 177236 22434 177259 22458 22433 
6 : 190195 190186 157406 210550 157426 157409 
6 : 185153 21867 190202 21866 185161 21877 
6 : 84645 44590 190267 44584 84652 44593 
6 : 23035 21533 166070 21512 23032 21529 
6 : 79089 190278 5457 79099 5440 5472 
6 : 186236 23972 190282 23970 186238 23975 
6 : 12759 120773 51656 12752 12745 51649 
6 : 190352 156031 190348 156043 203060 156035 
6 : 51702 99815 157718 51695 51701 99809 
6 : 158743 159869 190357 158739 158744 159871 
6 : 190360 11010 48554 11020 48568 10998 
6 : 66199 190390 190396 66203 66211 226144 
6 : 99983 95978 6276 95969 6266 6265 
6 : 190363 188263 190425 188262 190367 188265 
6 : 190427 190423 160128 209234 160148 160131 
6 : 190433 190436 190435 246114 246113 250893 
6 : 55837 190443 190445 55845 55848 249363 
6 : 190446 190439 50590 197122 50606 50592 
6 : 190491 118536 177976 118538 177978 118532 
6 : 190500 190499 43626 210231 43632 43630 
6 : 190501 190502 180714 222239 180718 180722 
6 : 190503 190510 84213 253110 84225 84234 
6 : 190573 190560 98578 207275 98601 98583 
6 : 35393 21835 4830 21827 4813 4812 
6 : 104857 190615 190618 104859 104865 241424 
6 : 190616 188163 190619 188170 254617 188178 
6 : 190651 52467 190653 52468 194691 52472 
6 : 7925 190668 76521 7927 7920 76529 
6 : 190674 190671 190667 243839 218651 218643 
6 : 93991 22609 190678 22599 93994 22611 
6 : 190701 190695 190696 227734 231692 227728 
6 : 98513 190741 190746 98517 98521 208267 
6 : 160401 30663 190743 30659 160406 30672 
6 : 96476 190751 69578 96480 69567 69583 
6 : 190748 190753 190750 201811 201807 239735 
6 : 171107 78368 190755 78365 171108 78369 
6 : 97788 190826 145064 97794 97781 145085 
6 : 190822 60631 62807 60633 62809 60618 
6 : 190825 185744 45803 185758 45818 45802 
6 : 190827 190833 93409 221289 93411 93421 
6 : 189645 190906 189113 189649 189112 189116 
6 : 97271 190916 90651 97280 90638 90666 
6 : 97374 190910 190912 97377 97379 225684 
6 : 97330 159084 159809 97320 97323 159078 
6 : 156307 190975 137183 156311 137179 137192 
6 : 190978 190979 190983 205171 205179 214593 
6 : 116754 190992 122970 116765 116745 122988 
6 : 123773 84973 190990 84959 123787 84984 
6 : 161200 176074 191048 161198 161213 176088 
6 : 191053 191057 78133 199437 78135 78140 
6 : 5993 67773 138804 5982 5988 67768 
6 : 191088 191092 191094 249535 249539 263746 
6 : 191120 6742 83020 6755 83038 6729 
6 : 26822 191129 136409 26825 26813 136412 
6 : 169270 191131 191132 169276 169278 239673 
6 : 191135 146192 191133 146208 260910 146205 
6 : 61738 191138 191143 61742 61749 246820 
6 : 154369 191137 73945 154370 73938 73948 
6 : 191150 36115 140286 36121 140294 36112 
6 : 18059 191171 191165 18076 18063 212037 
6 : 165476 191162 67490 165477 67487 67492 
6 : 191217 70064 36046 70076 36061 36033 
6 : 92412 189340 124088 92411 92406 124087 
6 : 191221 191225 191220 225984 221196 221210 
6 : 191230 191227 132075 192808 132083 132076 
6 : 191231 191233 180008 249806 180019 180023 
6 : 191305 32697 137643 32710 137655 32692 
6 : 191308 7612 191301 7622 203390 7615 
6 : 191313 191310 191311 254747 262759 254746 
6 : 181017 191329 191324 181035 181026 253896 
6 : 181350 92924 175224 92922 175222 92920 
6 : 191426 155930 191421 155947 240277 155937 
6 : 53022 55323 191460 53014 53027 55332 
6 : 44781 191471 117003 44791 44771 117014 
6 : 191467 161746 191472 161748 226648 161756 
6 : 191536 191538 34376 241057 34385 34387 
6 : 191545 1551 116411 1557 116416 1542 
6 : 177037 116773 191553 116771 177040 116775 
6 : 191560 191557 191555 218911 209141 209130 
6 : 82560 191613 191611 82567 82563 220704 
6 : 101791 191617 31268 101804 31261 31288 
6 : 155659 191614 191615 155668 155669 259708 
6 : 191631 4959 85378 4962 85383 4948 
6 : 99062 113051 191705 99053 99067 113054 
6 : 157334 191718 80816 157340 80809 80824 
6 : 191744 191745 191738 260851 248494 248496 
6 : 191787 30108 191785 30115 209387 30113 
6 : 191804 191812 96286 237074 96293 96303 
6 : 132038 191875 97299 132052 97288 97312 
6 : 191874 184261 191872 184276 213441 184267 
6 : 10492 191881 191887 10500 10512 223814 
6 : 191877 27144 191878 27148 204317 27150 
6 : 191880 157356 191879 157360 210873 157359 
6 : 191882 155808 191888 155815 230611 155824 
6 : 163975 191893 113859 163979 113854 113863 
6 : 191897 191901 191898 253562 253555 254538 
6 : 191961 191959 152505 221212 152511 152508 
6 : 191966 191970 48308 231386 48311 48317 
6 : 191974 160320 191971 160331 258742 160330 
6 : 108969 145778 191986 108965 108983 145792 
6 : 191978 191984 191981 211117 211114 257101 
6 : 191982 191979 51793 227924 51806 51799 
6 : 91148 192044 98701 91159 91142 98725 
6 : 161982 192042 192036 161992 161983 192596 
6 : 192043 192041 111996 248829 112010 112005 
6 : 184957 192047 124253 184963 124251 124260 
6 : 192075 104020 192072 104035 245234 104028 
6 : 192126 192124 192127 251847 258293 251848 
6 : 192131 192137 4500 200805 4502 4514 
6 : 97761 44050 29964 44046 29957 29951 
6 : 172085 192141 192148 172087 172103 207775 
6 : 73508 140425 83734 73504 73499 83730 
6 : 192219 94752 14390 94757 14398 14378 
6 : 54723 192231 186067 54731 54721 186076 
6 : 188752 192223 141315 188754 141313 141316 
6 : 192256 192241 192246 225143 234446 225131 
6 : 29207 192291 6364 29216 6349 6375 
6 : 192288 50022 37325 50024 37328 37311 
6 : 192294 192292 192290 261831 259048 259046 
6 : 119159 192298 12161 119164 12153 12169 
6 : 192299 114000 192295 114013 217200 114004 
6 : 192302 192297 192296 223201 221631 221625 
6 : 192381 23485 165666 23500 165678 23483 
6 : 192389 192385 139838 212399 139850 139842 
6 : 192390 192386 116881 230498 116893 116889 
6 : 46696 133541 192402 46692 46708 133558 
6 : 91003 192398 192397 91006 91005 209617 
6 : 192414 192356 192412 192367 232913 192366 
6 : 192417 192409 113076 225469 113096 113086 
6 : 131121 139546 33358 131118 33346 33347 
6 : 192463 192458 112945 194875 112956 112946 
6 : 134636 163841 102415 134633 102402 102412 
6 : 30821 26040 129695 26027 30817 26033 
6 : 78501 192487 192494 78503 78512 202500 
6 : 34883 192530 192536 34888 34895 224871 
6 : 126788 65945 192534 65935 126797 65952 
6 : 192542 192544 10403 221491 10405 10406 
6 : 190524 64460 192606 64459 190535 64472 
6 : 141157 192613 137770 141167 137763 137782 
6 : 192612 192616 32565 221402 32568 32580 
6 : 88311 147873 114758 88304 88301 114754 
6 : 192636 135428 192644 135430 204430 135443 
6 : 192642 192643 115632 253540 115645 115646 
6 : 90471 48683 192653 48674 90482 48698 
6 : 106382 192661 192651 106400 106389 242377 
6 : 192685 192680 192679 221510 203066 203057 
6 : 104482 192686 42638 104487 42629 42642 
6 : 167714 190621 167608 167713 167603 167607 
6 : 18581 192769 192772 18589 18592 251397 
6 : 192763 192771 192767 226361 226357 246759 
6 : 192783 135528 124473 135548 124493 124465 
6 : 132675 172572 157799 132674 132671 157797 
6 : 68138 192854 192849 68149 68144 235933 
6 : 192856 187305 192845 187317 197349 187306 
6 : 121835 192861 192871 121836 121851 201482 
6 : 192863 167387 69017 167391 69022 69013 
6 : 192867 192869 192862 252178 222330 222335 
6 : 27858 74326 23007 27846 22989 22994 
6 : 192879 192880 83935 254038 83948 83949 
6 : 192933 58982 1358 58989 1371 1346 
6 : 95417 6237 192949 6228 95427 6250 
6 : 63657 193011 193008 63662 63658 218325 
6 : 193020 67992 193018 68000 199715 67994 
6 : 176141 193034 159921 176149 159919 159927 
6 : 193050 193049 193043 263316 197374 197373 
6 : 113622 17764 193090 17754 113630 17771 
6 : 193101 193095 129181 208208 129199 129186 
6 : 81514 193120 193119 81529 81526 257684 
6 : 193114 63889 193117 63903 248253 63906 
6 : 193188 126404 132634 126407 132636 126399 
6 : 193191 186129 173867 186134 173875 173866 
6 : 60139 193200 193198 60143 60141 208547 
6 : 193216 98333 166584 98336 166586 98330 
6 : 193221 168300 193219 168315 246584 168310 
6 : 193234 24264 16993 24283 17007 16972 
6 : 193235 193229 180234 234915 180249 180239 
6 : 193274 193277 28187 258577 28197 28201 
6 : 193289 25798 183486 25820 183511 25797 
6 : 159853 29592 193293 29588 159858 29601 
6 : 193347 193352 164413 233219 164418 164426 
6 : 193351 165900 193353 165915 261500 165917 
6 : 193415 91960 193403 91978 220692 91967 
6 : 54284 193436 193440 54289 54293 252435 
6 : 146520 43179 80028 43171 80019 43165 
6 : 193450 193457 175975 211586 175978 175997 
6 : 193501 125068 147248 125071 147249 125064 
6 : 193503 193506 193507 213386 213388 244755 
6 : 193509 81694 166690 81710 166705 81693 
6 : 193525 174588 181999 174597 182014 174586 
6 : 117284 27495 193588 27484 117291 27501 
6 : 165841 124705 193586 124699 165845 124710 
6 : 171026 191051 193611 171024 171032 191055 
6 : 193636 145818 88493 145831 88508 88489 
6 : 128881 172086 193690 128879 128893 172097 
6 : 167859 193704 193696 167873 167864 226751 
6 : 193777 193776 193771 264822 251977 251975 
6 : 130965 82145 102837 82134 102824 82128 
6 : 131829 193779 193782 131834 131843 219283 
6 : 193784 51010 66668 51013 66673 50999 
6 : 193785 193786 12163 234925 12170 12173 
6 : 193810 124799 100051 124811 100061 100042 
6 : 193813 193802 154393 217205 154414 154396 
6 : 193814 193806 193805 248812 245118 245109 
6 : 187980 189441 193840 187979 187985 189448 
6 : 193844 32242 193843 32253 254645 32251 
6 : 193850 193855 182708 252605 182718 182721 
6 : 193924 154066 193927 154075 245979 154081 
6 : 33533 193931 4464 33544 4444 4473 
6 : 145115 193937 179483 145127 145113 179496 
6 : 100942 136523 193975 100937 100948 136530 
6 : 62069 121225 194001 62065 62071 121226 
6 : 135183 149052 194039 135178 135195 149064 
6 : 157587 48941 194035 48935 157591 48945 
6 : 172759 194034 194037 172762 172767 209687 
6 : 183652 82260 194087 82259 183664 82273 
6 : 182849 42782 157695 42781 157693 42775 
6 : 66839 194196 194201 66841 66844 228526 
6 : 194192 60949 194194 60951 208588 60954 
6 : 89081 194256 161264 89082 89077 161266 
6 : 194261 194260 85993 201093 85995 85994 
6 : 101882 97300 57193 97285 57178 57177 
6 : 194292 194281 194282 200179 201326 200164 
6 : 130548 194350 194346 130567 130550 199407 
6 : 167376 60166 176096 60160 167371 60162 
6 : 194352 194355 112972 208137 112975 112983 
6 : 145892 180995 7870 145890 7858 7865 
6 : 177133 106231 194428 106227 177142 106235 
6 : 194458 148809 164227 148817 164238 148807 
6 : 194497 31840 50807 31843 50810 31830 
6 : 194501 194505 194500 239073 224696 224704 
6 : 194527 71728 194519 71747 238052 71738 
6 : 194578 29965 194582 29966 196273 29974 
6 : 194581 194584 107388 229572 107393 107398 
6 : 194591 132902 163437 132910 163453 132900 
6 : 194659 194654 7186 241967 7203 7193 
6 : 162066 194670 194664 162071 162070 222786 
6 : 194665 51481 41537 51486 41545 41525 
6 : 194666 194669 194663 233602 216935 216941 
6 : 194668 194671 194672 243830 243831 262049 
6 : 70273 165647 194688 70268 70290 165663 
6 : 194692 19573 194700 19577 217707 19588 
6 : 194747 194745 194750 199925 217186 199930 
6 : 176666 194767 81615 176673 81611 81621 
6 : 169142 67158 176453 67151 169138 67152 
6 : 194838 118394 194833 118403 199279 118395 
6 : 194842 194834 194845 200904 256684 200905 
6 : 194843 194847 194841 256813 251362 251372 
6 : 79291 194852 117934 79298 79289 117946 
6 : 194915 21534 5459 21539 5468 5436 
6 : 194923 126837 194920 126852 229830 126848 
6 : 1002 194931 194935 1009 1011 241213 
6 : 125939 62214 123468 62206 123457 62204 
6 : 195013 195018 195011 240155 236400 236406 
6 : 155170 144648 180407 144642 155168 144646 
6 : 195081 25558 159388 25570 159401 25555 
6 : 84935 107847 195082 84926 84939 107852 
6 : 52918 121452 195097 52910 52923 121465 
6 : 179614 195098 146740 179620 146739 146750 
6 : 52469 195107 195102 52477 52471 197524 
6 : 34680 195141 169000 34682 34679 169001 
6 : 195144 195152 195148 237199 237194 254539 
6 : 195150 190296 195143 190302 223963 190298 
6 : 195151 31093 195153 31103 258450 31107 
6 : 134349 177053 195162 134347 134358 177071 
6 : 48495 21263 195191 21250 48510 21276 
6 : 141647 193297 195235 141646 141652 193306 
6 : 93742 59563 61420 59554 61405 59553 
6 : 157159 183938 195351 157158 157172 183959 
6 : 195393 52942 173582 52943 173583 52941 
6 : 123748 195410 195413 123760 123763 263510 
6 : 149828 138925 195425 138919 149842 138937 
6 : 141488 9378 122662 9371 122650 9369 
6 : 52672 65399 195460 52666 52691 65411 
6 : 164069 195459 195453 164079 164070 198905 
6 : 195457 195462 195458 243092 243085 245976 
6 : 106210 195470 195468 106220 106216 248640 
6 : 158505 87507 195474 87504 158507 87509 
6 : 151122 195526 195528 151124 151136 232142 
6 : 195529 163637 124221 163657 124242 124217 
6 : 88719 195531 195538 88721 88732 214092 
6 : 89986 176341 195552 89982 89995 176351 
6 : 158095 195564 195563 158103 158101 238043 
6 : 14468 3419 195616 3403 14484 3433 
6 : 126272 133132 47209 126265 47198 47199 
6 : 193928 166974 195698 166973 193932 166985 
6 : 61935 172879 195709 61931 61943 172889 
6 : 195713 123115 195723 123117 199919 123135 
6 : 195719 195716 175798 209752 175808 175799 
6 : 195776 148970 88312 148971 88313 88306 
6 : 104838 51620 195791 51611 104848 51637 
6 : 195789 195785 195784 236695 217266 217258 
6 : 67239 26473 195795 26463 67244 26480 
6 : 195808 50501 166995 50518 167010 50499 
6 : 152486 129401 150716 129393 150707 129392 
6 : 195838 195839 195840 228341 228342 231060 
6 : 184723 195846 195851 184728 184733 224625 
6 : 195850 195848 168104 261617 168122 168119 
6 : 195852 128561 195843 128576 201311 128562 
6 : 17853 195919 186644 17855 17851 186650 
6 : 74578 185037 195924 74577 74589 185050 
6 : 118622 73310 195925 73304 118631 73314 
6 : 123047 98145 195926 98141 123052 98151 
6 : 136572 195931 40231 136582 40226 40249 
6 : 195935 195933 190936 216551 190947 190939 
6 : 195937 195932 195936 205564 253521 205560 
6 : 187981 55631 195949 55628 187987 55640 
6 : 196007 196009 116446 238941 116454 116457 
6 : 56713 196013 62606 56714 56704 62609 
6 : 196019 57448 196016 57458 239567 57456 
6 : 73378 196028 58181 73381 58165 58191 
6 : 196076 175028 121259 175042 121277 121254 
6 : 196080 125069 196081 125075 229225 125076 
6 : 7153 196097 196092 7167 7160 234443 
6 : 196091 196096 149664 234417 149672 149678 
6 : 196157 171693 62378 171704 62390 62373 
6 : 76871 192957 157697 76869 76866 157694 
6 : 196237 196240 196236 224078 206996 207005 
6 : 168841 43951 89502 43944 89497 43936 
6 : 196260 196265 95053 256565 95068 95071 
6 : 52821 24422 196304 24407 52826 24426 
6 : 101988 176342 196319 101983 101999 176353 
6 : 51545 196322 196327 51547 51552 216700 
6 : 152335 196326 170297 152345 152331 170312 
6 : 101572 122155 196333 101564 101573 122158 
6 : 135842 196336 196334 135849 135844 235188 
6 : 196338 22237 95322 22249 95342 22226 
6 : 196339 196352 149403 209914 149406 149418 
6 : 196360 17727 196370 17735 237994 17741 
6 : 5281 111540 144320 5270 5274 111533 
6 : 150306 196403 196402 150314 150313 255676 
6 : 196400 196401 196398 245642 216940 216943 
6 : 196409 196405 91990 243648 92015 91998 
6 : 196414 161984 196416 161994 256847 161997 
6 : 131450 153860 173176 131444 131446 153858 
6 : 196420 171879 37943 171886 37946 37942 
6 : 160607 196472 162411 160608 160603 162413 
6 : 429 121504 170298 419 427 121499 
6 : 187547 196487 196496 187549 187558 211906 
6 : 196498 196497 196489 259597 225939 225936 
6 : 7289 196564 196561 7297 7290 210740 
6 : 196568 196571 96755 205524 96762 96767 
6 : 196575 196574 196573 245594 236499 236495 
6 : 196576 270 74255 281 74271 257 
6 : 196653 52740 21393 52742 21394 21377 
6 : 121037 61787 123238 61779 121032 61780 
6 : 135027 84974 182496 84962 135025 84969 
6 : 196746 196741 122972 215583 122983 122977 
6 : 196753 196751 196757 228370 230449 228375 
6 : 103876 196760 196763 103878 103883 224857 
6 : 76104 107596 196834 76098 76105 107599 
6 : 178591 55462 196897 55459 178602 55477 
6 : 196890 3346 3420 3349 3426 3327 
6 : 196895 194385 196896 194397 259959 194399 
6 : 196900 196899 89128 231973 89137 89136 
6 : 196902 196903 196904 244197 244200 252596 
6 : 196931 137006 11012 137016 11026 11006 
6 : 146604 45165 48246 45159 48240 45153 
6 : 33411 168398 196986 33409 33419 168411 
6 : 76443 14537 196982 14526 76453 14547 
6 : 63840 197016 135901 63843 63835 135905 
6 : 197064 59863 175460 59868 175465 59858 
6 : 38249 178530 197125 38247 38254 178534 
6 : 142245 14507 197130 14495 142259 14522 
6 : 197150 197147 197152 218640 237298 218641 
6 : 197165 107801 105042 107814 105063 105036 
6 : 65776 163317 89106 65772 65766 89100 
6 : 165346 151408 197283 151406 165352 151418 
6 : 51432 197385 80818 51443 51423 80835 
6 : 197381 197386 197384 218484 218477 255826 
6 : 189032 197459 103450 189045 103449 103459 
6 : 197471 197467 197468 241406 242035 241399 
6 : 140521 181629 197489 140517 140524 181632 
6 : 197547 197542 197546 248799 264461 248798 
6 : 176060 192798 197622 176059 176073 192807 
6 : 197626 140473 197627 140478 214575 140479 
6 : 197673 197667 197663 245842 212243 212237 
6 : 145847 54661 197706 54654 145857 54674 
6 : 197704 140364 5634 140369 5645 5620 
6 : 13336 93908 174949 13325 13331 93905 
6 : 197781 197778 197782 230701 259180 230703 
6 : 197812 197798 197801 203707 230644 203693 
6 : 197845 197841 177997 231978 178010 178001 
6 : 97763 197859 197864 97769 97775 251806 
6 : 197870 48977 121139 48985 121145 48966 
6 : 197952 69186 197947 69194 215935 69187 
6 : 197962 197963 25019 254138 25033 25035 
6 : 181540 198000 197999 181543 181542 216646 
6 : 198008 198002 180916 220412 180935 180919 
6 : 195262 16669 198020 16668 195265 16675 
6 : 198035 40967 96162 40980 96177 40955 
6 : 98459 198044 181245 98466 98456 181251 
6 : 45935 198105 168708 45936 45933 168710 
6 : 198135 198121 120510 228843 120527 120514 
6 : 190451 198200 115737 190452 115735 115738 
6 : 198202 198199 198205 202716 230311 202725 
6 : 91131 198212 165388 91139 91128 165407 
6 : 96588 162781 82078 96583 82068 82072 
6 : 55748 133298 137287 55737 55739 133289 
6 : 198289 141733 48363 141742 48373 48355 
6 : 160580 198312 140287 160582 140281 140293 
6 : 198318 198319 198315 260360 252394 252395 
6 : 113595 198367 57449 113601 57442 57467 
6 : 162465 198364 198362 162475 162472 239571 
6 : 198360 198368 16396 220174 16397 16416 
6 : 198361 194104 32602 194109 32607 32599 
6 : 198371 118153 198373 118162 236901 118166 
6 : 146347 196430 198431 146346 146348 196433 
6 : 198439 103523 198437 103534 232469 103527 
6 : 198440 117069 36791 117081 36804 36785 
6 : 160094 126662 198445 126658 160098 126669 
6 : 116294 24988 198459 24979 116305 24998 
6 : 198515 198514 198513 259544 257331 257328 
6 : 198535 198533 180109 261752 180129 180128 
6 : 198575 77563 97522 77567 97529 77555 
6 : 198612 31515 183767 31528 183781 31508 
6 : 198659 198655 49247 233793 49262 49251 
6 : 145715 198660 195273 145717 145714 195277 
6 : 31068 198732 91705 31072 31059 91706 
6 : 11740 77024 198743 11734 11746 77032 
6 : 198822 191480 198816 191486 220244 191483 
6 : 198828 138620 198827 138633 263008 138631 
6 : 57982 198867 71558 57994 57975 71574 
6 : 198862 198865 70209 246871 70219 70222 
6 : 50142 198915 42069 50150 42054 42080 
6 : 198919 198922 64066 232579 64078 64087 
6 : 198927 198923 198920 261594 253576 253568 
6 : 198928 198936 84576 204559 84581 84592 
6 : 75396 198999 94557 75404 75383 94563 
6 : 199000 198995 198994 213966 211314 211307 
6 : 183365 199003 199004 183366 183367 202523 
6 : 47805 19118 199013 19104 47808 19122 
6 : 67726 65401 199016 65387 67734 65408 
6 : 142566 148811 29539 142560 29531 29532 
6 : 199175 58812 199170 58827 215385 58816 
6 : 199178 199183 199181 201409 201407 216996 
6 : 199257 54215 199254 54227 260881 54223 
6 : 83855 199258 173399 83859 83852 173401 
6 : 152998 162921 132752 152994 132746 132750 
6 : 199259 48215 199262 48223 246080 48225 
6 : 123774 182497 199270 123772 123785 182505 
6 : 199336 76588 98579 76600 98594 76582 
6 : 115814 131164 197517 115811 115813 131163 
6 : 93642 199379 146638 93646 93633 146640 
6 : 199411 199415 199408 247512 200402 200407 
6 : 127067 199428 127898 127078 127060 127916 
6 : 187641 199424 199419 187647 187643 202371 
6 : 35122 199441 199447 35133 35136 252150 
6 : 149404 158206 199435 149398 149407 158209 
6 : 64955 199500 160130 64965 64952 160149 
6 : 199495 199494 62497 224910 62507 62506 
6 : 199519 199527 199517 237372 217542 217559 
6 : 199520 199523 134311 240553 134323 134334 
6 : 199571 199578 199576 213263 213260 253213 
6 : 17432 199579 89006 17434 17423 89008 
6 : 28274 184617 199580 28273 28276 184623 
6 : 199583 19709 199586 19714 244032 19719 
6 : 199614 199610 199607 249034 242038 242034 
6 : 199657 199655 89630 219751 89643 89633 
6 : 31643 199665 111851 31647 31633 111855 
6 : 199675 199679 95362 233655 95371 95377 
6 : 39199 185694 104907 39198 39192 104903 
6 : 4083 199733 199735 4087 4089 243375 
6 : 33097 199753 199756 33106 33108 254297 
6 : 107335 65797 199797 65789 107341 65804 
6 : 199795 199796 183225 210625 183230 183232 
6 : 97332 199149 199808 97331 97345 199168 
6 : 199803 157646 199807 157648 224502 157662 
6 : 59075 199885 199881 59085 59081 244231 
6 : 191890 199882 199883 191895 191896 247109 
6 : 138036 165177 149238 138034 138033 149231 
6 : 79702 4606 199903 4595 79713 4619 
6 : 199904 122889 199898 122904 216026 122892 
6 : 166545 199967 199963 166551 166547 226830 
6 : 101017 199970 199971 101019 101020 205182 
6 : 199973 166608 199975 166615 233499 166619 
6 : 104350 187228 54125 104348 54118 54123 
6 : 59284 189627 200049 59281 59292 189637 
6 : 200046 200048 36792 204312 36793 36800 
6 : 32820 18154 172405 18133 32815 18149 
6 : 73916 200056 200054 73920 73919 207287 
6 : 200058 150836 188205 150842 188210 150835 
6 : 197559 200087 200079 197579 197570 249961 
6 : 63865 157276 200111 63862 63871 157287 
6 : 36575 193449 181824 36573 36569 181823 
6 : 16108 157554 77302 16107 16104 77300 
6 : 200146 131853 200139 131867 249731 131860 
6 : 103575 143357 200185 103567 103580 143366 
6 : 189669 200193 200197 189679 189682 239415 
6 : 84808 200204 182000 84815 84804 182011 
6 : 200243 200232 200239 215658 249411 215651 
6 : 187642 200259 200266 187646 187656 233849 
6 : 178986 73917 18155 73914 18150 18139 
6 : 200274 197168 40351 197181 40361 40350 
6 : 200276 156115 56602 156129 56616 56594 
6 : 111827 200279 200280 111832 111833 220854 
6 : 133944 200284 116658 133952 116652 116667 
6 : 200343 25615 48557 25619 48561 25602 
6 : 200354 24364 82080 24366 82082 24353 
6 : 200382 200388 175976 250422 175990 175996 
6 : 38698 200421 200422 38706 38707 257422 
6 : 200419 133104 200423 133112 250814 133123 
6 : 18606 200463 200467 18613 18618 246857 
6 : 25736 200494 200496 25743 25745 234697 
6 : 39729 79994 200505 39721 39737 80010 
6 : 181160 102761 200518 102759 181172 102772 
6 : 200512 200517 200513 251067 251064 256175 
6 : 141994 186390 159107 141991 141990 159105 
6 : 145993 200584 200591 145998 146006 213855 
6 : 200642 200636 90653 257401 90669 90664 
6 : 200647 17879 110812 17884 110822 17871 
6 : 94620 56061 56634 56056 56625 56051 
6 : 200656 200662 200654 226869 214316 214331 
6 : 200725 200731 200729 241076 241073 252984 
6 : 200730 200734 200722 255864 217860 217867 
6 : 200747 83828 147039 83830 147040 83824 
6 : 161318 132976 174667 132968 161314 132971 
6 : 112313 63051 144303 63041 112307 63043 
6 : 200801 112375 41114 112382 41118 41100 
6 : 200818 200825 200820 203607 203605 223430 
6 : 181872 200891 65656 181882 65654 65668 
6 : 200885 200889 6041 244156 6047 6056 
6 : 54606 200899 176001 54610 54603 176013 
6 : 154187 100305 200964 100301 154193 100309 
6 : 108820 200969 46486 108822 46479 46489 
6 : 200977 180669 200978 180683 261467 180685 
6 : 200994 200993 200992 250962 236918 236917 
6 : 6471 187577 156770 6470 6468 156769 
6 : 168063 184432 157101 168060 157095 157097 
6 : 201112 190799 201107 190813 205734 190800 
6 : 669 100993 201118 664 679 101005 
6 : 201122 154067 33489 154073 33493 33480 
6 : 201123 86225 201120 86232 205139 86227 
6 : 91775 201174 201178 91776 91782 211889 
6 : 201180 101164 133388 101175 133402 101156 
6 : 34612 201188 38167 34623 34602 38179 
6 : 144733 201189 151341 144746 144727 151356 
6 : 145368 71559 11870 71554 11859 11853 
6 : 102387 65504 201199 65497 102399 65518 
6 : 201191 201200 201198 235932 235928 256963 
6 : 201195 49376 158251 49388 158266 49372 
6 : 77696 109110 54811 77691 54796 54800 
6 : 201256 89007 201260 89016 248759 89023 
6 : 31841 110270 201282 31833 31852 110286 
6 : 142755 201272 201279 142760 142767 236096 
6 : 41075 100810 88099 41064 41063 88087 
6 : 201336 201335 201331 263962 219837 219835 
6 : 201338 201339 133159 220666 133162 133164 
6 : 201352 194564 201342 194577 216934 194565 
6 : 14153 179816 272 14148 250 267 
6 : 156600 69315 201402 69310 156611 69326 
6 : 201399 201406 200390 245210 200399 200412 
6 : 108513 96416 201410 96405 108520 96423 
6 : 117285 201486 111418 117290 111408 111431 
6 : 201490 201491 201493 216846 216853 221398 
6 : 38594 201505 201508 38601 38604 233382 
6 : 91420 39755 65371 39744 65361 39743 
6 : 201572 201567 201569 227735 242280 227729 
6 : 201576 201586 201583 211038 211032 227704 
6 : 201648 199110 27382 199123 27390 27381 
6 : 201651 174028 201645 174048 239051 174036 
6 : 201660 144113 183670 144123 183686 144112 
6 : 151009 201666 201672 151020 151026 239136 
6 : 63390 82244 108363 63385 63387 82229 
6 : 201740 201734 137965 232384 137982 137973 
6 : 201742 68427 201733 68446 230146 68432 
6 : 201760 147172 66262 147177 66267 66252 
6 : 186224 43125 117096 43122 117093 43116 
6 : 88803 55632 186917 55621 88799 55627 
6 : 166370 85594 42492 85590 42489 42478 
6 : 201877 166904 201874 166920 253380 166911 
6 : 98559 25910 194707 25899 98557 25908 
6 : 193510 201952 156116 193516 156114 156122 
6 : 201947 201949 201955 202948 202953 214015 
6 : 172071 2453 92853 2446 92849 2439 
6 : 202021 202020 35569 208756 35573 35570 
6 : 202026 202027 202025 264511 262465 262467 
6 : 13663 9043 202032 9028 13667 9046 
6 : 202030 202033 154581 226533 154585 154588 
6 : 202076 27001 200473 27004 200478 27000 
6 : 202103 182376 202100 182380 237581 182378 
6 : 202107 202108 202109 232086 232088 243752 
6 : 133238 202178 202177 133251 133249 261900 
6 : 6839 202189 202182 6852 6843 223846 
6 : 159041 154791 202205 154785 159054 154800 
6 : 108561 202243 126551 108571 108558 126565 
6 : 162723 65689 87295 65685 87285 65674 
6 : 202247 162355 52982 162360 52988 52976 
6 : 202319 189114 202320 189117 224659 189118 
6 : 74351 202337 202340 74360 74364 259260 
6 : 143389 158026 187340 143386 143388 158023 
6 : 202335 48796 53391 48804 53403 48786 
6 : 202347 202346 202349 240498 241772 240499 
6 : 1484 5912 72097 1471 1475 5899 
6 : 202362 101817 202359 101828 237422 101825 
6 : 100109 183128 173400 100108 100106 173398 
6 : 202397 202396 130938 223131 130946 130944 
6 : 202471 202473 125760 205774 125761 125771 
6 : 202475 101989 185502 102000 185516 101985 
6 : 151259 31551 183227 31544 151254 31545 
6 : 168285 202486 196868 168288 168282 196875 
6 : 97920 202541 202543 97933 97936 249032 
6 : 155269 202544 202545 155279 155281 262860 
6 : 184959 176652 169089 176650 169087 169086 
6 : 139046 6114 159812 6102 139040 6106 
6 : 173265 202554 199151 173266 173263 199153 
6 : 202559 202557 202560 227584 261989 227585 
6 : 179817 202603 101542 179831 101535 101562 
6 : 50886 202608 202610 50897 50898 253316 
6 : 202612 40969 202616 40970 207121 40973 
6 : 202618 27579 191435 27587 191440 27576 
6 : 197109 202637 202649 197110 197123 217088 
6 : 202648 151230 202638 151248 231537 151235 
6 : 191466 30637 119347 30635 119346 30627 
6 : 202682 46062 202683 46075 252890 46077 
6 : 122857 84867 131057 84857 122849 84858 
6 : 202690 52676 202687 52685 219341 52679 
6 : 202707 202698 202710 215625 259480 215629 
6 : 202722 202718 202729 237256 247367 237261 
6 : 148714 172471 33053 148711 33046 33049 
6 : 689 202770 202769 691 690 205118 
6 : 202777 202773 202776 236982 255139 236981 
6 : 202779 141611 202771 141626 219070 141616 
6 : 169975 202790 9760 169983 9757 9772 
6 : 202789 202783 202785 209713 231126 209706 
6 : 202791 202787 202792 238994 259457 238998 
6 : 175082 202807 75281 175099 75279 75298 
6 : 202820 202818 202813 262514 254132 254129 
6 : 162766 202849 202848 162769 162768 210242 
6 : 156838 202874 93533 156853 93524 93555 
6 : 202895 202903 95019 245388 95026 95039 
6 : 202897 117005 152896 117013 152903 116997 
6 : 107873 191750 202920 107872 107879 191754 
6 : 182867 87190 110600 87188 110597 87180 
6 : 203012 203013 203010 261244 258946 258949 
6 : 33099 79192 8632 33090 8614 8620 
6 : 203068 184175 203072 184179 241422 184190 
6 : 203076 69703 173021 69714 173029 69700 
6 : 203078 162024 203075 162039 251183 162034 
6 : 57750 203107 194808 57763 57747 194818 
6 : 147346 203148 203146 147352 147349 221444 
6 : 184600 94173 203151 94171 184612 94186 
6 : 203152 203157 174051 213421 174052 174061 
6 : 129482 203165 203163 129490 129485 223433 
6 : 96329 97921 203236 96324 96332 97928 
6 : 39505 195048 161562 39502 39499 161560 
6 : 203291 193459 164101 193471 164117 164099 
6 : 105472 146741 203344 105464 105485 146752 
6 : 12870 180214 203404 12868 12882 180229 
6 : 79703 203401 81081 79714 79695 81096 
6 : 189033 203406 203408 189035 189038 206383 
6 : 57834 13732 203471 13714 57846 13743 
6 : 203474 203482 139220 217396 139222 139234 
6 : 203426 203518 43799 203428 43798 43802 
6 : 203522 59640 203524 59648 254923 59652 
6 : 177923 177628 127317 177625 127313 127312 
6 : 203624 130501 61422 130503 61426 61411 
6 : 107773 172009 93534 107772 93521 93527 
6 : 203642 35671 196934 35674 196940 35670 
6 : 48943 203652 145922 48948 48934 145929 
6 : 104263 73694 196698 73682 104261 73692 
6 : 32971 203726 96943 32980 32966 96952 
6 : 106845 127137 167176 106841 106842 127134 
6 : 160174 203782 203780 160180 160177 213911 
6 : 203091 48098 203783 48097 203101 48108 
6 : 196898 203811 203810 196907 196906 261906 
6 : 203808 203803 716 225133 731 722 
6 : 114828 184354 25767 114825 25752 25763 
6 : 203857 203854 137645 234466 137658 137650 
6 : 203867 203859 203866 215479 258791 215478 
6 : 203875 203869 160030 206754 160042 160032 
6 : 203882 203887 203891 227921 227929 252014 
6 : 53469 203932 203927 53475 53471 217350 
6 : 171030 191414 202492 171025 171029 191413 
6 : 203930 107849 203935 107857 247240 107863 
6 : 203951 199809 102188 199816 102195 102186 
6 : 111472 180088 11301 111468 11284 11294 
6 : 182480 184395 149337 182478 149332 149333 
6 : 192722 204015 204016 192724 192725 226177 
6 : 36761 204023 151231 36763 36758 151234 
6 : 204042 60140 204037 60149 241119 60146 
6 : 40437 75265 204088 40426 40444 75269 
6 : 204086 195743 90842 195746 90847 90840 
6 : 204097 84092 204100 84101 259786 84106 
6 : 204102 180880 133757 180894 133775 133754 
6 : 132701 173673 204106 132696 132710 173680 
6 : 20775 115276 204113 20768 20776 115278 
6 : 204117 204127 204128 226039 226040 263572 
6 : 204233 204230 130391 241821 130407 130399 
6 : 204239 204238 164652 247921 164657 164656 
6 : 204247 204245 112730 261449 112748 112744 
6 : 63423 184157 204255 63420 63438 184170 
6 : 204303 199634 204302 199645 220579 199638 
6 : 204305 168770 43342 168778 43352 43335 
6 : 136891 204309 55485 136892 55480 55486 
6 : 204372 94668 39357 94684 39377 39346 
6 : 103481 69807 121963 69794 103478 69798 
6 : 193857 204453 204454 193867 193869 250117 
6 : 204463 204460 204459 261013 253927 253925 
6 : 78898 204471 204473 78908 78911 253405 
6 : 178707 165074 43492 165071 43487 43483 
6 : 52270 204526 133299 52276 52263 133308 
6 : 171880 38595 204535 38588 171883 38597 
6 : 177150 204536 87296 177156 87289 87306 
6 : 31070 204539 39944 31074 31057 39947 
6 : 72201 204549 204551 72209 72210 264071 
6 : 204546 204543 134404 253309 134416 134414 
6 : 37271 204577 204570 37280 37274 243528 
6 : 204607 204602 169286 234261 169295 169292 
6 : 204615 204612 204616 252632 258735 252633 
6 : 115815 204625 23375 115819 23363 23385 
6 : 204621 204619 151142 228971 151151 151147 
6 : 62531 204635 204632 62539 62532 215794 
6 : 46279 128269 204682 46276 46281 128270 
6 : 75371 204687 204686 75380 75376 248122 
6 : 204684 132476 204683 132480 210652 132479 
6 : 56567 204690 120777 56569 56557 120781 
6 : 204692 73156 204579 73161 204586 73155 
6 : 204695 204689 2483 211935 2496 2485 
6 : 160175 111420 204704 111409 160183 111433 
6 : 102156 59598 204779 59584 102163 59604 
6 : 204782 204780 123065 237980 123078 123072 
6 : 86753 204795 204793 86761 86760 261790 
6 : 136097 142246 204857 136092 136104 142256 
6 : 179992 204872 204865 180005 179998 248806 
6 : 183042 7827 204868 7824 183053 7842 
6 : 204866 204861 178387 220245 178396 178389 
6 : 167766 64738 204873 64735 167767 64741 
6 : 196473 41780 204875 41778 196478 41784 
6 : 201589 204874 179413 201590 179412 179415 
6 : 204941 204944 199922 217052 199924 199935 
6 : 205021 192331 205020 192338 231182 192337 
6 : 97550 205045 50223 97552 50207 50227 
6 : 97273 205064 140993 97283 97268 141006 
6 : 94992 105796 116534 94983 94986 105786 
6 : 41354 108929 29644 41351 29633 29639 
6 : 182401 146933 205110 146930 182404 146936 
6 : 205149 205148 205151 230294 255755 230299 
6 : 205163 205164 205167 236243 236249 239923 
6 : 205166 40630 205161 40637 219829 40631 
6 : 205170 76644 69983 76655 69999 69966 
6 : 205178 104806 168302 104816 168314 104804 
6 : 205192 205195 205185 248491 235843 235847 
6 : 187779 79900 205223 79896 187781 79906 
6 : 152318 70514 166609 70507 152313 70508 
6 : 105657 205240 205241 105661 105662 249448 
6 : 204197 149217 39327 149216 39326 39320 
6 : 205239 77844 205235 77848 207712 77845 
6 : 158176 205314 205312 158182 158179 245547 
6 : 205400 205406 205408 210303 210306 255807 
6 : 205448 178541 205450 178542 208887 178549 
6 : 205452 161732 199451 161740 199465 161731 
6 : 40788 205456 205461 40795 40802 237805 
6 : 205454 176003 205458 176009 218062 176018 
6 : 205455 65372 205457 65378 225243 65380 
6 : 184541 205463 205466 184543 184545 208981 
6 : 205464 126503 201447 126509 201455 126501 
6 : 205517 205520 205516 227942 224866 224867 
6 : 205522 205518 205521 228379 257642 228378 
6 : 191715 95605 205526 95601 191722 95612 
6 : 128125 205544 205545 128138 128139 264645 
6 : 205549 160458 205550 160466 255480 160471 
6 : 205591 205592 200697 209918 200698 200700 
6 : 205598 114975 58183 114984 58197 58172 
6 : 158457 205604 205607 158462 158466 253631 
6 : 171593 174571 46643 171590 46638 46639 
6 : 191253 205619 205623 191255 191262 224035 
6 : 205661 174751 205663 174759 252866 174762 
6 : 93356 115364 122787 93346 93347 115352 
6 : 205669 175778 205670 175787 246971 175788 
6 : 205766 45998 205761 46014 235955 46005 
6 : 205771 205775 205773 232077 232075 246653 
6 : 33864 196936 144006 33861 33857 144003 
6 : 205820 75652 142823 75660 142832 75643 
6 : 205824 183322 173820 183332 173835 173815 
6 : 189183 205833 125648 189196 125643 125662 
6 : 205829 205830 205825 229063 211378 211380 
6 : 34154 165330 205836 34151 34156 165333 
6 : 52322 113623 80681 52316 52313 80671 
6 : 56691 205873 203970 56692 56690 203972 
6 : 162666 124447 205889 124443 162675 124455 
6 : 205894 205888 205884 258925 253954 253946 
6 : 179728 123885 205901 123882 179733 123893 
6 : 73424 203108 205919 73423 73437 203119 
6 : 164966 205960 205963 164971 164977 222590 
6 : 82620 147875 167499 82614 82617 147868 
6 : 206000 205995 205992 256339 226264 226258 
6 : 206035 22019 198172 22024 198180 22018 
6 : 206043 196089 3996 196093 4002 3995 
6 : 197581 182167 20658 182166 20657 20656 
6 : 66200 206117 115156 66205 66194 115161 
6 : 196852 106414 206118 106413 196864 106427 
6 : 206135 147897 184896 147914 184911 147894 
6 : 200907 206186 206192 200913 200916 221337 
6 : 206193 206187 206188 223019 226290 223012 
6 : 206253 175008 206257 175013 232718 175024 
6 : 171031 161811 206275 161802 171041 161819 
6 : 206331 206336 206330 220607 206815 206826 
6 : 59800 206349 206346 59814 59808 250233 
6 : 206348 206350 206352 261015 261017 263095 
6 : 206353 206339 206347 212585 253039 212576 
6 : 206373 197438 206368 197449 238578 197441 
6 : 40438 206395 206396 40441 40448 229822 
6 : 185585 206429 206421 185600 185589 237790 
6 : 206468 174572 206467 174580 247963 174577 
6 : 206470 206478 206476 207117 207114 262606 
6 : 206487 85329 206479 85340 208506 85330 
6 : 192529 138688 274 138685 269 264 
6 : 206545 206546 74260 230444 74263 74265 
6 : 30665 206571 206575 30673 30675 260782 
6 : 167452 55248 206578 55241 167459 55259 
6 : 90362 49277 206581 49269 90369 49281 
6 : 206583 206586 206585 256643 256639 260247 
6 : 199801 41210 206621 41207 199802 41212 
6 : 160643 62883 206636 62874 160655 62890 
6 : 206633 158535 129184 158541 129195 129176 
6 : 47658 206660 167406 47667 47652 167417 
6 : 122835 206696 206694 122844 122837 235507 
6 : 166292 111700 206695 111695 166300 111702 
6 : 106211 182792 115507 106209 106204 115503 
6 : 206713 206714 206706 263219 222792 222793 
6 : 206715 39854 206704 39864 214717 39855 
6 : 204567 171807 105903 171806 105902 105899 
6 : 67586 206782 169091 67592 67581 169102 
6 : 134464 206779 205327 134466 134463 205331 
6 : 206860 206854 186004 216805 186022 186007 
6 : 206873 191500 169856 191504 169862 169851 
6 : 206879 206880 206445 263208 206461 206462 
6 : 206934 179748 206935 179758 259024 179760 
6 : 206942 122184 206944 122189 231171 122191 
6 : 84093 206972 206977 84098 84107 250928 
6 : 170384 165362 114434 165358 114426 114424 
6 : 206980 206989 206982 220934 220927 226121 
6 : 62303 207018 207017 62311 62309 226228 
6 : 207016 207022 173039 221374 173042 173057 
6 : 207031 33933 207030 33950 259533 33948 
6 : 87136 207035 207033 87139 87137 213098 
6 : 207041 121506 146109 121520 146131 121497 
6 : 65612 112258 119595 65604 65606 112250 
6 : 88821 207085 9380 88833 9362 9395 
6 : 207084 207077 207079 235087 253837 235081 
6 : 113517 129772 154685 113507 113512 129766 
6 : 207099 139909 92242 139914 92248 92234 
6 : 201603 106270 178532 106268 178531 106263 
6 : 207157 124946 207154 124955 222660 124949 
6 : 207158 113298 13265 113308 13275 13246 
6 : 207170 12247 207171 12253 236293 12254 
6 : 196486 176177 76274 176175 76271 76268 
6 : 207232 207225 207226 221760 225941 221747 
6 : 207245 134980 207235 135001 240711 134987 
6 : 207255 99623 207250 99636 245233 99628 
6 : 47884 207304 207310 47891 47895 243658 
6 : 207309 207305 202057 245311 202070 202065 
6 : 199748 207316 21499 199754 21498 21507 
6 : 207312 207313 207314 209327 209331 210583 
6 : 207315 207317 183939 254616 183952 183953 
6 : 89200 165298 207380 89197 89206 165304 
6 : 173758 61790 207379 61784 173763 61796 
6 : 207381 207378 8633 235989 8646 8637 
6 : 207386 207394 207391 252098 252095 263705 
6 : 134144 207449 207456 134146 134151 213905 
6 : 207453 191919 207451 191930 229243 191924 
6 : 167097 207459 195958 167099 167094 195962 
6 : 117668 72617 134891 72605 117661 72606 
6 : 129674 146537 207541 129666 129677 146542 
6 : 129882 207599 119922 129887 119917 119932 
6 : 207598 8909 197359 8916 197370 8908 
6 : 207600 75420 68750 75433 68763 68738 
6 : 207602 199671 184621 199688 184632 184618 
6 : 207605 200520 89607 200522 89611 89604 
6 : 207636 37327 207637 37337 261833 37340 
6 : 207673 207667 207675 223825 249149 223829 
6 : 207679 206055 34198 206057 34201 34197 
6 : 207682 86252 207678 86260 213499 86255 
6 : 207690 193299 207691 193309 259520 193311 
6 : 169989 46456 207734 46452 169993 46465 
6 : 88199 120751 207739 88189 88200 120756 
6 : 112464 202730 47774 112463 47761 47773 
6 : 86909 50449 189217 50433 86906 50446 
6 : 174441 207801 207802 174450 174453 237320 
6 : 207805 207808 207807 253762 253761 260705 
6 : 207817 45616 207812 45629 251445 45621 
6 : 207839 207831 207832 215640 240878 215637 
6 : 207887 207891 207890 213201 213200 235513 
6 : 207896 207889 207895 233617 262815 233613 
6 : 50274 124709 207905 50267 50277 124715 
6 : 37599 158660 109583 37591 37588 109577 
6 : 197157 207958 36219 197159 36216 36223 
6 : 6321 152379 207967 6315 6330 152392 
6 : 71282 200604 207966 71280 71286 200614 
6 : 208033 208040 187173 233846 187181 187191 
6 : 208036 208041 208031 251106 221155 221163 
6 : 147366 208045 135230 147372 135223 135236 
6 : 193316 194883 208053 193314 193328 194896 
6 : 208059 184434 36624 184438 36629 36620 
6 : 22831 208106 14541 22836 14523 14548 
6 : 173637 208104 94642 173639 94639 94645 
6 : 13958 204388 135679 13957 13950 135677 
6 : 208110 176324 208108 176328 209338 176325 
6 : 146179 170090 128705 146176 128699 128701 
6 : 208147 8325 184658 8336 184670 8323 
6 : 111714 208162 177055 111717 111710 177059 
6 : 208170 125855 77479 125871 77501 77472 
6 : 48913 1555 208176 1539 48923 1563 
6 : 182580 208184 208181 182589 182583 214383 
6 : 47309 198764 208230 47306 47313 198767 
6 : 206056 71452 208238 71451 206059 71454 
6 : 12499 191098 208246 12496 12506 191105 
6 : 208253 174289 208247 174300 246618 174296 
6 : 21928 208265 208266 21938 21939 264406 
6 : 79430 162504 208380 79426 79441 162517 
6 : 89378 208378 192904 89382 89377 192913 
6 : 208377 208382 208381 211732 211729 263424 
6 : 92316 112948 129791 92304 92307 112940 
6 : 163088 158537 120161 158530 120151 120149 
6 : 175009 208392 208391 175022 175021 262252 
6 : 208400 50476 118058 50487 118071 50462 
6 : 208405 140475 199040 140486 199050 140474 
6 : 97669 208415 208427 97679 97691 236829 
6 : 138415 29930 151876 29922 138410 29923 
6 : 208468 175115 208464 175125 236919 175119 
6 : 108802 208480 132408 108812 108795 132426 
6 : 110418 22885 172591 22874 110410 22880 
6 : 135883 139484 10126 135873 10116 10117 
6 : 68677 208533 208537 68679 68685 227469 
6 : 197997 208534 56778 198004 56777 56782 
6 : 208576 156410 195824 156412 195828 156409 
6 : 208578 137260 189862 137273 189875 137257 
6 : 208579 1556 208575 1565 216237 1558 
6 : 208584 208586 208585 261605 261603 262774 
6 : 208592 208590 208596 237823 243186 237833 
6 : 208651 89468 14185 89469 14187 14176 
6 : 122002 22857 208661 22849 122013 22870 
6 : 167453 168064 184542 167448 167450 168061 
6 : 208669 50888 48031 50901 48044 48017 
6 : 208698 208696 208686 261182 211385 211383 
6 : 132347 42984 105309 42977 105299 42975 
6 : 94136 81591 208791 81582 94140 81594 
6 : 25995 69528 208799 25989 25999 69536 
6 : 161124 36509 208801 36500 161136 36526 
6 : 15626 208860 144709 15630 15623 144717 
6 : 208865 208861 179028 243422 179054 179037 
6 : 53108 208878 208872 53116 53115 253063 
6 : 172882 208881 208867 172892 172886 228335 
6 : 124391 182412 208891 124386 124395 182424 
6 : 126707 208935 40353 126708 40340 40354 
6 : 208942 208936 56603 234591 56617 56609 
6 : 209010 209011 69047 243337 69057 69058 
6 : 209012 178604 209008 178615 217017 178605 
6 : 209017 209021 209023 223534 223538 256082 
6 : 209020 209018 209016 246331 222035 222034 
6 : 8910 158330 51515 8905 8897 51511 
6 : 24314 209029 95366 24321 24306 95380 
6 : 199672 209026 84582 199678 84579 84588 
6 : 33289 209149 209152 33290 33298 210226 
6 : 114521 98051 209154 98042 114534 98070 
6 : 209153 204748 209150 204761 239983 204753 
6 : 184388 200167 207061 184385 184387 200166 
6 : 209157 132044 23646 132049 23649 23636 
6 : 179317 209165 152071 179323 152067 152079 
6 : 209167 200861 209162 200869 209537 200862 
6 : 209168 130798 145040 130812 145053 130794 
6 : 78103 62499 114922 62489 78098 62490 
6 : 209240 209241 209239 258100 253545 253546 
6 : 209242 209244 43343 260519 43351 43353 
6 : 170169 209299 130969 170174 130963 130978 
6 : 127138 209308 209303 127149 127141 215182 
6 : 92433 30112 209335 30099 92443 30128 
6 : 209339 3854 209340 3856 231561 3859 
6 : 151511 197259 99286 151509 99278 99281 
6 : 209369 209374 209367 242636 235893 235906 
6 : 209370 55894 205720 55901 205732 55892 
6 : 35466 78962 161165 35448 35459 78956 
6 : 209432 209440 108110 214715 108113 108131 
6 : 209437 209436 137026 245267 137035 137033 
6 : 169405 209446 156644 169412 156635 156654 
6 : 170005 100426 209459 100419 170020 100441 
6 : 209457 209460 94802 261078 94814 94820 
6 : 209475 58266 59031 58279 59052 58254 
6 : 183822 209530 209526 183834 183831 258486 
6 : 188068 190246 209528 188065 188077 190259 
6 : 193858 8884 129946 8881 129939 8878 
6 : 209580 209573 194884 212928 194889 194885 
6 : 209592 209588 209593 224532 241056 224534 
6 : 209595 163374 34517 163384 34531 34511 
6 : 98275 120184 209675 98268 98279 120195 
6 : 95743 43494 185928 43477 95740 43489 
6 : 114136 185039 190247 114132 114134 185036 
6 : 209721 152580 134550 152584 134552 134538 
6 : 156097 209735 140426 156107 140422 140441 
6 : 30517 209739 209736 30523 30519 210656 
6 : 191012 209753 40470 191018 40466 40478 
6 : 126485 159450 209798 126481 126494 159459 
6 : 209795 209796 95867 250856 95874 95878 
6 : 87265 81695 61161 81687 61147 61146 
6 : 209803 183043 209804 183051 254861 183052 
6 : 78005 209805 209809 78007 78012 216086 
6 : 209870 209868 164686 260213 164696 164693 
6 : 186202 90043 144007 90034 144000 90028 
6 : 209929 202196 209935 202199 218833 202204 
6 : 209938 209937 209933 259163 229441 229436 
6 : 209939 123189 209950 123192 224377 123202 
6 : 10823 210010 210008 10834 10828 245551 
6 : 191013 210021 185847 191022 185843 185857 
6 : 126722 210060 210066 126725 126729 215587 
6 : 210071 34199 210070 34210 246298 34204 
6 : 210072 79261 197582 79268 197591 79259 
6 : 210079 210081 210076 227449 216211 216214 
6 : 12707 209551 61823 12705 12691 61822 
6 : 65802 151263 148646 65794 65793 148633 
6 : 190197 31240 28762 31239 28759 28745 
6 : 210147 63454 189382 63456 189385 63450 
6 : 66616 15709 44220 15698 44205 15695 
6 : 210263 135346 205067 135349 205069 135344 
6 : 190784 210272 210274 190789 190793 244584 
6 : 210281 164860 210280 164872 248121 164869 
6 : 210323 210319 173773 224285 173786 173774 
6 : 109941 13899 210350 13891 109958 13913 
6 : 210349 210344 73047 253116 73064 73059 
6 : 196660 74726 66377 74724 66374 66357 
6 : 210400 85898 210399 85903 239381 85901 
6 : 210402 76106 210401 76111 243739 76110 
6 : 210456 186255 80958 186257 80961 80955 
6 : 186457 210471 210463 186469 186462 227970 
6 : 210465 130846 210470 130851 231147 130858 
6 : 210513 210507 210504 249748 240429 240419 
6 : 210538 210542 210541 247553 247550 262796 
6 : 210563 119097 210554 119109 218614 119099 
6 : 210567 176490 165774 176494 165779 165770 
6 : 210615 210609 210613 224888 263598 224885 
6 : 149500 210696 210695 149505 149504 255049 
6 : 158947 89610 61424 89596 61415 61404 
6 : 210694 135185 61853 135191 61859 61840 
6 : 208943 159896 210766 159895 208954 159914 
6 : 210765 167129 202437 167131 202439 167127 
6 : 210768 74058 7545 74062 7547 7527 
6 : 210843 210840 210839 245418 216740 216733 
6 : 20623 210853 210851 20639 20637 261659 
6 : 203560 115277 210849 115275 203569 115289 
6 : 93379 210886 190323 93395 93376 190344 
6 : 210907 184897 108111 184900 108115 108107 
6 : 210914 172473 25951 172485 25968 25943 
6 : 210917 74777 168614 74784 168619 74774 
6 : 210918 203973 9965 203985 9977 9961 
6 : 24677 195354 14984 24675 14962 14981 
6 : 106151 22174 210937 22163 106155 22180 
6 : 170819 210949 210944 170824 170820 214680 
6 : 210980 173844 155423 173860 155436 155416 
6 : 26645 128587 210990 26632 26647 128591 
6 : 154882 189629 197190 154878 154880 189625 
6 : 210997 31390 163933 31405 163950 31384 
6 : 170160 211049 158226 170162 158224 158230 
6 : 211056 163914 211064 163917 227925 163922 
6 : 211116 211112 118183 242468 118201 118194 
6 : 211119 64219 105767 64220 105769 64206 
6 : 198585 211179 211177 198591 198590 250816 
6 : 211180 199136 211178 199144 257353 199141 
6 : 211182 112583 211181 112600 264777 112599 
6 : 159758 211183 173415 159759 159755 173416 
6 : 22714 48062 34095 22698 22697 34074 
6 : 211201 149031 211194 149041 216452 149032 
6 : 211273 185747 158028 185749 158031 158022 
6 : 211330 211325 208957 214558 208968 208958 
6 : 211336 211338 211334 240402 229829 229831 
6 : 211341 211335 204731 235009 204743 204738 
6 : 139104 211350 211351 139116 139118 261945 
6 : 116885 211359 153549 116890 116876 153555 
6 : 211421 211424 95643 245071 95650 95654 
6 : 211435 146955 117099 146960 117108 117088 
6 : 197001 211452 211451 197007 197005 227964 
6 : 208325 211458 128057 208336 128056 128071 
6 : 44783 119348 101445 44772 44769 101435 
6 : 139733 27224 145820 27220 139730 27221 
6 : 193623 65534 211491 65528 193635 65551 
6 : 211482 180055 211483 180059 243322 180060 
6 : 197501 200290 211498 197500 197506 200294 
6 : 211505 211496 211494 230324 223278 223265 
6 : 190048 87425 190785 87422 190046 87423 
6 : 211561 211555 207062 226976 207073 207066 
6 : 41490 211620 122873 41491 41485 122875 
6 : 211618 146011 35305 146012 35306 35301 
6 : 211631 211630 211629 246495 246150 246147 
6 : 138642 211702 211699 138659 138652 246423 
6 : 211701 178737 211698 178744 243392 178740 
6 : 168287 211704 201092 168289 168283 201094 
6 : 211706 189383 40534 189394 40544 40527 
6 : 211707 206151 211703 206163 220585 206152 
6 : 169717 211764 52090 169718 52086 52092 
6 : 211767 211769 59895 263690 59907 59909 
6 : 147849 211673 211774 147848 147852 211676 
6 : 131747 211782 205555 131750 131746 205559 
6 : 56006 211850 205360 56014 56004 205376 
6 : 211847 211852 190884 243335 190890 190898 
6 : 120108 187712 92243 120105 92229 92239 
6 : 211942 3732 6433 3736 6436 3711 
6 : 212009 212006 212008 254650 258327 254648 
6 : 212016 166611 206830 166621 206840 166610 
6 : 206653 176781 212061 176779 206661 176789 
6 : 212073 212067 89240 226578 89253 89244 
6 : 66305 212081 11302 66311 11282 11307 
6 : 166495 29877 203169 29871 166494 29876 
6 : 180090 182483 72479 180087 72476 72477 
6 : 122003 81197 212138 81186 122009 81204 
6 : 25114 212144 173023 25120 25109 173026 
6 : 188657 51840 133998 51836 133992 51831 
6 : 208688 212142 191272 208690 191270 191274 
6 : 212148 190923 212146 190933 261183 190932 
6 : 170463 212193 148850 170464 148844 148852 
6 : 212201 212205 131635 226081 131638 131644 
6 : 212218 184283 208216 184295 208222 184282 
6 : 212240 127644 172494 127658 172504 127639 
6 : 197561 212257 212258 197565 197566 239258 
6 : 210405 164489 212255 164486 210406 164493 
6 : 89963 202145 212267 89961 89974 202153 
6 : 47557 204881 212270 47556 47558 204882 
6 : 212278 109653 159813 109655 159816 109646 
6 : 212331 212334 212329 258108 250733 250741 
6 : 174182 212411 212414 174187 174191 232517 
6 : 172149 16072 70548 16067 70541 16055 
6 : 212420 212421 212425 231316 231322 252324 
6 : 212491 120334 111011 120337 111013 111004 
6 : 212492 138416 212497 138419 230273 138426 
6 : 193846 212503 167584 193851 167580 167592 
6 : 212500 33772 94070 33777 94079 33748 
6 : 164016 169442 189459 164012 164013 169440 
6 : 130008 124893 5636 124886 5618 5615 
6 : 178708 212554 65636 178715 65630 65642 
6 : 100359 194135 171722 100356 100355 171715 
6 : 142041 2730 212567 2727 142053 2742 
6 : 212577 192989 88102 192999 88114 88097 
6 : 169144 83771 212645 83767 169153 83779 
6 : 212638 128588 64372 128592 64375 64354 
6 : 20124 212648 87452 20129 20113 87456 
6 : 209982 761 65158 760 65157 744 
6 : 212744 135231 119225 135241 119242 119217 
6 : 30493 39912 38336 30484 30483 38318 
6 : 173417 64628 212781 64619 173430 64645 
6 : 41378 174648 28343 41375 28322 28336 
6 : 172330 137840 193571 137834 172328 137837 
6 : 187308 212789 212786 187318 187314 249002 
6 : 212844 212849 212848 233181 233176 260088 
6 : 212850 176671 134437 176672 134439 134429 
6 : 174543 196937 212919 174539 174549 196946 
6 : 9413 212944 172660 9422 9407 172678 
6 : 128589 153323 176459 128578 128581 153317 
6 : 212986 212985 212981 264536 261210 261209 
6 : 213002 172542 191436 172547 191447 172536 
6 : 213046 117581 108331 117598 108348 108320 
6 : 213058 213050 213055 225924 257159 225918 
6 : 181313 20660 11050 20655 11043 11028 
6 : 213080 213069 213073 229895 249284 229886 
6 : 164747 213116 45379 164749 45372 45388 
6 : 42752 78795 213123 42743 42753 78796 
6 : 213125 213129 109222 255456 109239 109244 
6 : 183909 202713 213143 183908 183914 202723 
6 : 30475 213192 151679 30480 30472 151690 
6 : 94116 213191 183772 94117 94111 183773 
6 : 9246 119427 213202 9236 9250 119436 
6 : 206800 213199 27523 206804 27521 27528 
6 : 213252 196578 213250 196585 242327 196583 
6 : 213262 178168 203295 178178 203315 178167 
6 : 27281 213317 68056 27292 27268 68069 
6 : 78615 99065 100055 78602 78604 99051 
6 : 213315 120028 178055 120030 178057 120022 
6 : 213326 68728 126073 68732 126081 68717 
6 : 158119 213339 155308 158126 155298 155317 
6 : 213338 213346 96238 244405 96241 96254 
6 : 196078 213389 61162 196086 61158 61172 
6 : 163286 187680 48101 163280 48090 48094 
6 : 204698 163486 28344 163485 28342 28335 
6 : 213444 24990 194810 24994 194817 24986 
6 : 160565 213457 205557 160574 160562 205566 
6 : 213529 213518 5161 218657 5172 5162 
6 : 213530 202268 213533 202279 255245 202281 
6 : 213545 213538 73588 239738 73605 73594 
6 : 111591 121483 116660 111585 111584 116651 
6 : 213582 199389 213586 199395 234022 199403 
6 : 213588 213583 213581 243128 229322 229306 
6 : 92435 177057 5794 92428 5781 5789 
6 : 204031 213599 77481 204033 77477 77484 
6 : 186995 169201 130373 169198 130372 130369 
6 : 68825 213640 188890 68831 68822 188899 
6 : 129459 4342 213643 4334 129473 4359 
6 : 94503 213660 213661 94512 94514 261076 
6 : 213651 159674 149964 159676 149966 149958 
6 : 101142 108085 213716 101133 101151 108097 
6 : 121942 51624 7678 51614 7673 7660 
6 : 213713 121965 213717 121967 230926 121979 
6 : 45468 47913 157827 45451 45461 47905 
6 : 213796 182413 65293 182425 65308 65289 
6 : 73666 88315 187437 73657 73663 88310 
6 : 22079 213820 213830 22080 22090 228610 
6 : 104514 189365 213828 104509 104528 189375 
6 : 213859 213862 213858 253772 238499 238504 
6 : 161204 206677 213870 161202 161214 206688 
6 : 182836 79064 58899 79055 58894 58880 
6 : 100722 45469 128005 45455 100713 45458 
6 : 134981 114545 158583 114536 134973 114539 
6 : 177590 213957 195755 177596 177588 195763 
6 : 113625 214053 64898 113629 64887 64904 
6 : 214058 214056 201527 230245 201536 201528 
6 : 40790 159552 182341 40784 40786 159547 
6 : 162804 214077 131197 162815 131189 131207 
6 : 120336 214121 214118 120343 120339 243302 
6 : 214124 214117 214125 237303 260554 237305 
6 : 72223 214133 214127 72232 72227 242069 
6 : 126724 178778 207477 126718 126721 178776 
6 : 214143 2895 214140 2904 243420 2899 
6 : 60650 182660 214146 60649 60654 182665 
6 : 214192 171157 132298 171165 132310 132290 
6 : 151954 214197 140539 151956 140534 140541 
6 : 214203 165364 214204 165379 263524 165380 
6 : 214218 75282 214214 75296 261019 75294 
6 : 15490 214231 214229 15500 15498 261305 
6 : 112195 214223 103060 112199 103052 103061 
6 : 195480 214260 214263 195484 195488 246393 
6 : 214262 93591 8485 93601 8493 8476 
6 : 214272 164490 24425 164500 24438 24419 
6 : 104139 23339 183490 23328 104135 23334 
6 : 57777 16368 214399 16350 57778 16372 
6 : 92732 182661 174138 92728 92727 174134 
6 : 214401 57547 24539 57552 24544 24521 
6 : 214403 31132 185365 31143 185381 31127 
6 : 165196 91828 214420 91823 165201 91838 
6 : 211346 202925 94528 202924 94527 94524 
6 : 214604 50350 61025 50359 61035 50335 
6 : 214631 214627 214629 227377 245973 227368 
6 : 214637 214638 174053 262728 174069 174070 
6 : 214641 214644 29933 229702 29935 29942 
6 : 214642 179197 172661 179202 172666 172657 
6 : 213130 28423 173292 28422 173291 28419 
6 : 214657 94622 214650 94634 254448 94630 
6 : 72455 214699 96168 72461 72447 96175 
6 : 186713 214700 214698 186722 186717 235574 
6 : 115718 163010 214730 115708 115729 163027 
6 : 127395 18983 214725 18969 127404 18995 
6 : 61647 212960 37810 61646 37792 37809 
6 : 30767 214755 214761 30770 30778 251398 
6 : 214752 115989 83258 115993 83264 83249 
6 : 214754 214753 214758 238305 239118 238310 
6 : 214756 78900 65564 78912 65575 65552 
6 : 112235 201159 142382 112232 112230 142381 
6 : 214762 92979 51661 92980 51662 51645 
6 : 214770 34683 214771 34694 263782 34695 
6 : 137514 214779 214773 137522 137517 226633 
6 : 214840 214848 74516 216546 74518 74536 
6 : 214847 214849 214843 263486 253498 253500 
6 : 38699 151513 214850 38695 38701 151514 
6 : 171651 143677 214854 143670 171657 143681 
6 : 111243 98205 153845 98190 111237 98194 
6 : 24316 214923 202960 24324 24313 202969 
6 : 163800 214919 214922 163801 163806 234537 
6 : 214918 214917 214924 215136 226788 215141 
6 : 214945 214948 214950 248213 248218 259085 
6 : 106105 214989 169005 106107 106101 169006 
6 : 190995 214999 215003 190998 191003 234832 
6 : 116840 215011 42609 116846 42597 42617 
6 : 154353 35982 71355 35978 71347 35972 
6 : 27282 43892 12165 27266 12143 12144 
6 : 34488 99066 154395 34474 34482 99058 
6 : 79767 210172 164135 79766 79754 164132 
6 : 215127 179101 156249 179106 156256 156243 
6 : 215133 215129 215124 251419 215337 215328 
6 : 215190 13902 142334 13908 142344 13895 
6 : 11597 121865 215195 11589 11600 121868 
6 : 215203 140670 215199 140686 254221 140679 
6 : 215229 48364 107266 48376 107284 48351 
6 : 1366 172687 175649 1351 1353 172679 
6 : 215269 215273 215274 218913 218915 263720 
6 : 187728 214368 187271 187727 187265 187270 
6 : 170073 215344 6115 170081 6109 6122 
6 : 205912 157066 215357 157065 205922 157073 
6 : 215355 215348 185848 216490 185854 185849 
6 : 29540 54099 215424 29522 29550 54113 
6 : 213536 36443 37623 36442 37622 36429 
6 : 215425 92074 69151 92077 69155 69142 
6 : 53196 145873 200910 53189 53194 145871 
6 : 179362 194045 215483 179360 179363 194046 
6 : 215501 28763 125523 28773 125533 28752 
6 : 215529 92186 215530 92197 263469 92198 
6 : 27790 144753 215551 27784 27797 144758 
6 : 14513 119954 147673 14493 14497 119945 
6 : 213808 142250 211735 142249 211734 142248 
6 : 215567 180410 46783 180422 46802 46779 
6 : 210945 176861 215674 176859 210955 176873 
6 : 215678 54901 122891 54903 122898 54894 
6 : 215696 91222 169096 91234 169112 91212 
6 : 40439 172391 75836 40432 40427 75826 
6 : 180389 25290 215702 25284 180399 25298 
6 : 199189 91965 215699 91961 199191 91973 
6 : 215701 215704 22481 262450 22496 22498 
6 : 36420 212879 215735 36419 36426 212886 
6 : 139792 144090 110896 139784 110885 110886 
6 : 215734 212451 215737 212457 233000 212468 
6 : 2419 215741 75556 2427 2407 75571 
6 : 5248 137389 215744 5242 5261 137404 
6 : 27470 215738 112260 27471 27460 112262 
6 : 49490 215740 215742 49495 49498 240947 
6 : 215739 47632 150894 47635 150902 47624 
6 : 215812 73453 215824 73454 216542 73472 
6 : 215819 215822 74517 245423 74524 74530 
6 : 34915 215829 215833 34918 34925 231465 
6 : 215832 54608 215830 54613 242277 54611 
6 : 29902 215846 215845 29910 29909 264542 
6 : 215841 215836 215844 219716 250627 219717 
6 : 215852 144364 215856 144371 244078 144375 
6 : 215905 215913 8424 226698 8427 8434 
6 : 215970 142497 162133 142510 162149 142491 
6 : 215975 188572 215974 188577 226972 188576 
6 : 105352 215985 184107 105353 105348 184108 
6 : 207684 215990 102899 207687 102898 102909 
6 : 127156 142117 136527 127153 127152 136517 
6 : 216035 121532 216033 121534 221018 121533 
6 : 216044 144091 93799 144095 93807 93791 
6 : 112065 135433 216048 112053 112068 135437 
6 : 8241 216116 120380 8253 8234 120392 
6 : 216111 95145 6813 95151 6820 6803 
6 : 32823 12429 188208 12411 32818 12426 
6 : 216129 197171 207286 197178 207297 197169 
6 : 59503 38144 195355 38128 59501 38139 
6 : 30613 216187 216186 30615 30614 230239 
6 : 134964 91288 105013 91276 105004 91273 
6 : 143404 140046 173041 140038 143400 140041 
6 : 69651 141400 216254 69642 69661 141410 
6 : 153496 216253 107268 153504 107258 107280 
6 : 216250 140974 65295 140978 65302 65279 
6 : 216265 216261 216146 252806 216165 216157 
6 : 114608 216309 216308 114613 114611 227179 
6 : 216315 15874 195121 15888 195137 15869 
6 : 216332 216329 216326 227811 223149 223142 
6 : 216391 216390 197599 244209 197610 197608 
6 : 216396 216394 216387 249303 222876 222868 
6 : 216403 216398 137419 222027 137435 137422 
6 : 118365 216413 71356 118371 71341 71366 
6 : 216406 130392 176362 130393 176363 130387 
6 : 216462 216458 10722 238945 10736 10724 
6 : 76592 216471 216468 76602 76597 231190 
6 : 216473 216485 142383 217250 142384 142397 
6 : 103644 216523 216521 103657 103647 227673 
6 : 206734 18948 202979 18945 202977 18944 
6 : 194465 216530 216529 194480 194479 264095 
6 : 211138 83801 50776 83798 50774 50762 
6 : 215774 211462 216525 211461 215775 211463 
6 : 216526 86477 64069 86479 64075 64057 
6 : 216603 216598 216600 228203 235198 228192 
6 : 216617 216611 216618 232640 256926 232642 
6 : 211793 203529 216666 203526 211807 203548 
6 : 48769 216671 149306 48778 48764 149318 
6 : 111492 127289 196202 111483 111490 127287 
6 : 196172 105474 126100 105471 126098 105463 
6 : 56400 119597 13543 56395 13527 13533 
6 : 216741 47633 179224 47636 179231 47628 
6 : 135186 216810 61425 135192 61413 61438 
6 : 198159 80898 108869 80896 108864 80889 
6 : 207090 216880 212605 207094 207087 212611 
6 : 216881 215306 178931 215316 178943 178930 
6 : 167571 201615 175116 167568 167564 175114 
6 : 87267 216898 166694 87271 87259 166702 
6 : 216900 76081 145193 76091 145208 76072 
6 : 97882 209917 216954 97879 97883 209919 
6 : 203055 216957 200699 203061 200696 200707 
6 : 216955 216959 175245 227755 175248 175261 
6 : 58374 112441 30987 58370 30972 30976 
6 : 208944 88963 8180 88961 8178 8166 
6 : 216972 135735 88104 135744 88115 88095 
6 : 217029 3077 139125 3083 139135 3066 
6 : 150338 107517 41239 107507 41232 41227 
6 : 217043 217037 132568 246154 132582 132577 
6 : 88940 151589 217069 88934 88943 151592 
6 : 217091 20453 128177 20460 128193 20447 
6 : 217095 217096 157180 226985 157182 157183 
6 : 214997 104488 44257 104486 44256 44242 
6 : 217106 130573 217104 130576 252348 130575 
6 : 151367 6709 48917 6701 48907 6697 
6 : 49653 217128 186008 49662 49650 186018 
6 : 126047 217127 9802 126054 9786 9812 
6 : 217153 96789 110470 96798 110482 96780 
6 : 217190 143678 182261 143685 182274 143671 
6 : 217224 47490 217228 47494 252520 47497 
6 : 217229 217227 148093 262122 148113 148111 
6 : 23614 217292 217295 23620 23624 250804 
6 : 217290 217288 217293 217770 221039 217780 
6 : 217294 217297 77336 261606 77346 77349 
6 : 173103 206101 148094 173101 148085 148091 
6 : 217314 217315 45381 224803 45384 45385 
6 : 217319 180486 217324 180499 260226 180503 
6 : 217364 119598 92704 119608 92721 92693 
6 : 217380 194951 164136 194961 164140 164129 
6 : 96493 183997 81857 96489 81849 81855 
6 : 217393 217397 217388 258751 238951 238957 
6 : 16805 217429 53569 16807 16787 53571 
6 : 41355 217502 217499 41367 41362 259274 
6 : 190271 217501 217498 190280 190277 256176 
6 : 134500 217531 217538 134502 134508 252171 
6 : 148742 192553 89110 148739 89097 89105 
6 : 216117 113029 217564 113027 216123 113040 
6 : 37504 217574 217571 37519 37507 243444 
6 : 217569 168664 217575 168666 226419 168676 
6 : 217592 102421 172410 102422 172411 102413 
6 : 217628 146090 33774 146092 33776 33760 
6 : 217632 114249 94073 114260 94087 94054 
6 : 144071 211737 147675 144070 144066 147672 
6 : 217637 217639 91223 244449 91225 91228 
6 : 200431 217651 168303 200434 168301 168308 
6 : 217699 201465 217698 201475 246062 201472 
6 : 217706 217008 217712 217014 249372 217027 
6 : 217750 51769 148124 51773 148132 51761 
6 : 217778 217779 77337 249311 77342 77343 
6 : 217816 18949 217817 18956 237964 18958 
6 : 179712 65376 217824 65368 179719 65382 
6 : 217823 181981 176008 181988 176017 176000 
6 : 217837 217831 217836 246940 258553 246939 
6 : 217855 217866 206833 242190 206838 206850 
6 : 19621 217891 76471 19630 19614 76480 
6 : 217886 217890 208011 220045 208012 208020 
6 : 217888 217893 110347 225679 110348 110361 
6 : 20097 171424 21119 20092 20077 21114 
6 : 171462 138398 217908 138391 171464 138401 
6 : 217907 217906 155211 232298 155217 155216 
6 : 75947 77306 131636 75941 75944 77297 
6 : 121228 217917 38338 121234 38327 38345 
6 : 139645 217914 217915 139647 139648 224504 
6 : 217930 217924 159089 226323 159098 159090 
6 : 86105 217957 164883 86106 86100 164886 
6 : 105988 162468 217959 105983 105994 162473 
6 : 4284 217971 217967 4295 4289 241898 
6 : 100978 123853 218016 100975 100979 123854 
6 : 214274 218094 218093 214281 214280 262825 
6 : 218091 88846 178566 88851 178568 88841 
6 : 218098 160132 187343 160140 187348 160126 
6 : 218154 166164 144325 166181 144339 144316 
6 : 9247 175781 45653 9241 9233 45643 
6 : 71938 218156 29333 71943 29319 29337 
6 : 218169 116560 218170 116571 264103 116572 
6 : 218176 187736 218185 187737 232520 187748 
6 : 82218 51347 161241 51334 82209 51341 
6 : 174260 218277 154715 174266 154711 154724 
6 : 76246 133858 218290 76237 76253 133872 
6 : 83110 63893 149753 63882 83105 63886 
6 : 218293 218302 163440 239015 163444 163455 
6 : 184528 218354 133161 184534 133158 133171 
6 : 28247 218358 149363 28253 28242 149374 
6 : 144281 163617 218363 144277 144290 163630 
6 : 218376 218367 218366 246035 243938 243929 
6 : 144844 212182 46460 144843 46449 46458 
6 : 218418 89381 214379 89384 214382 89380 
6 : 32024 150364 80823 32011 32006 80806 
6 : 218485 218489 156437 230220 156438 156445 
6 : 218492 169202 5462 169207 5469 5453 
6 : 52678 218499 198890 52683 52674 198896 
6 : 87642 189710 218506 87639 87650 189718 
6 : 179994 218556 181335 179997 179988 181341 
6 : 218558 199278 218555 199287 231229 199280 
6 : 218561 159573 14323 159574 14326 14316 
6 : 101616 218573 175553 101621 101613 175562 
6 : 218574 189444 218572 189452 251729 189450 
6 : 218618 131771 114664 131775 114670 114653 
6 : 218622 188844 23036 188853 23046 23034 
6 : 150876 31696 175890 31689 150871 31693 
6 : 212646 124684 127109 124682 127107 124676 
6 : 88445 218681 66914 88451 66906 66923 
6 : 218682 98436 218683 98440 243882 98443 
6 : 137351 218707 218715 137353 137359 220135 
6 : 120478 195370 218742 120476 120482 195376 
6 : 218748 209992 45806 210006 45819 45804 
6 : 135407 102044 218825 102033 135409 102046 
6 : 215972 218828 218830 215980 215983 254688 
6 : 114501 171518 218836 114494 114508 171531 
6 : 174649 111422 186419 111413 174645 111416 
6 : 218891 92317 218893 92321 239989 92325 
6 : 86910 218959 218958 86922 86917 263133 
6 : 28839 21838 2962 21824 2943 2942 
6 : 218967 218963 4833 252166 4848 4841 
6 : 153078 218974 218972 153088 153086 259654 
6 : 89848 191027 179031 89844 89841 179026 
6 : 107087 126075 107269 107080 107079 107252 
6 : 147760 133303 219015 133291 147765 133310 
6 : 212347 219014 219018 212351 212355 232423 
6 : 219012 219017 219013 220361 220358 225155 
6 : 219020 219027 24706 235065 24712 24725 
6 : 14324 219056 219055 14338 14337 264787 
6 : 200304 219045 219052 200307 200314 243409 
6 : 219093 219097 36512 241266 36515 36524 
6 : 219096 219095 189221 255243 189231 189229 
6 : 219099 219101 219098 229152 225877 225880 
6 : 77911 4793 134771 4778 77907 4784 
6 : 169407 125572 22292 125568 22287 22282 
6 : 133255 219165 219162 133258 133257 238299 
6 : 85179 219243 219249 85182 85187 240209 
6 : 62744 219255 219257 62748 62750 247193 
6 : 140027 172392 22483 140017 22470 22473 
6 : 180391 194639 219259 180384 180398 194648 
6 : 219260 40440 219252 40449 236911 40443 
6 : 195184 219269 219274 195192 195197 260083 
6 : 219272 52055 4610 52065 4621 4591 
6 : 99129 93914 219300 93900 99134 93922 
6 : 163204 185159 218305 163200 163203 185158 
6 : 219305 127142 4122 127145 4126 4115 
6 : 152472 10499 219327 10490 152475 10505 
6 : 149056 195356 219370 149053 149062 195364 
6 : 4231 204352 219378 4230 4235 204363 
6 : 167631 32132 194321 32124 167627 32126 
6 : 33433 219386 219389 33436 33439 248788 
6 : 190525 95744 3198 95741 3196 3190 
6 : 219441 64464 53288 64467 53292 53270 
6 : 120859 216069 19416 120858 19402 19415 
6 : 219445 219450 219446 250467 250461 253142 
6 : 219449 219448 78825 263867 78841 78839 
6 : 219456 45046 143125 45053 143128 45040 
6 : 219473 219465 219472 252697 263216 252695 
6 : 219516 161987 219512 161993 222214 161988 
6 : 44999 219526 123330 45002 44991 123337 
6 : 63139 219535 22022 63151 22005 22037 
6 : 162379 215434 219536 162378 162380 215435 
6 : 29098 22773 141670 22752 29088 22761 
6 : 219575 36732 219570 36748 245731 36742 
6 : 166567 53923 219596 53917 166579 53935 
6 : 219593 219595 219585 256846 221947 221948 
6 : 148302 219634 129950 148310 129935 129954 
6 : 219641 141554 219647 141559 234416 141568 
6 : 42785 175908 154162 42779 42774 154158 
6 : 219661 182822 159898 182828 159912 159892 
6 : 219699 198059 52508 198077 52522 52506 
6 : 219701 28192 219700 28194 231568 28193 
6 : 219706 219707 191518 258573 191524 191525 
6 : 214737 219748 140292 214740 140291 140295 
6 : 116502 133999 25653 116498 25636 25637 
6 : 157749 69705 219764 69697 157756 69715 
6 : 219763 140997 219762 141002 238643 141000 
6 : 87644 206994 219770 87641 87647 206999 
6 : 121298 74898 201692 74886 121297 74894 
6 : 219545 199812 194779 199811 194778 194775 
6 : 219818 55604 198001 55619 198009 55601 
6 : 201759 213962 156204 201758 156200 156202 
6 : 219822 22887 171828 22896 171836 22879 
6 : 148180 219886 219882 148192 148185 230658 
6 : 219883 5760 219885 5764 233003 5766 
6 : 64769 145504 160037 64760 64761 145496 
6 : 219894 219890 219889 246316 242935 242927 
6 : 185317 219896 219900 185318 185320 221941 
6 : 219899 219897 219620 224591 219625 219623 
6 : 219904 192588 219905 192597 249892 192598 
6 : 219907 219895 219910 220460 256849 220469 
6 : 183368 219916 17913 183372 17908 17919 
6 : 160831 60037 219953 60032 160832 60039 
6 : 219959 61792 219955 61802 249231 61799 
6 : 219960 219961 151662 262816 151670 151671 
6 : 6243 219964 75872 6249 6225 75878 
6 : 9867 191102 219966 9861 9872 191107 
6 : 101021 196682 219968 101015 101031 196691 
6 : 219963 219967 219971 234304 234309 252989 
6 : 219965 208243 215103 208249 215114 208242 
6 : 169337 216353 219977 169336 169343 216359 
6 : 5710 159266 190061 5705 5707 159260 
6 : 219991 219985 121637 242975 121649 121643 
6 : 219992 219983 43803 228173 43813 43804 
6 : 147231 91341 219997 91335 147238 91351 
6 : 220006 105500 20747 105510 20761 20738 
6 : 12197 220023 220024 12198 12199 220674 
6 : 158847 172393 220039 158839 158856 172400 
6 : 146524 157724 152786 146513 146512 152776 
6 : 211576 116074 96670 116071 96668 96655 
6 : 220113 220112 220117 236341 244358 236348 
6 : 220114 202331 37475 202336 37481 37472 
6 : 174009 220154 220157 174011 174014 227546 
6 : 220159 220163 85482 227463 85487 85494 
6 : 220170 81451 57450 81455 57462 57438 
6 : 220214 218437 139127 218448 139137 139126 
6 : 172826 220285 7949 172828 7945 7951 
6 : 220287 220290 220291 244565 244566 253982 
6 : 220298 220301 220308 236246 236250 252077 
6 : 120253 72101 220312 72087 120255 72103 
6 : 220348 220351 56488 228671 56491 56501 
6 : 188573 220356 57198 188578 57192 57202 
6 : 196503 73259 215948 73254 196502 73258 
6 : 220364 137292 107270 137308 107285 107255 
6 : 39703 220368 220377 39706 39716 249196 
6 : 220370 220375 169578 250514 169583 169590 
6 : 220417 146721 220415 146726 227039 146722 
6 : 184792 74461 112732 74456 112728 74449 
6 : 214282 98175 197882 98173 197881 98170 
6 : 175891 156228 169465 156220 169460 156219 
6 : 220428 203974 65160 203977 65164 65155 
6 : 103039 220433 172663 103045 103032 172673 
6 : 220431 220434 179198 244249 179205 179210 
6 : 220471 141183 220473 141185 226904 141187 
6 : 58844 177360 139585 58837 58836 139580 
6 : 220485 172578 170305 172582 170314 170295 
6 : 220487 220480 220488 225934 256614 225935 
6 : 33462 74727 220529 33449 33464 74731 
6 : 220549 220542 220553 224520 254163 224524 
6 : 178543 57163 65296 57155 65287 57144 
6 : 45583 220595 220596 45594 45597 262866 
6 : 74582 201708 45383 74579 45365 45377 
6 : 220600 125347 220606 125349 222583 125353 
6 : 112122 37476 145070 37463 112115 37464 
6 : 26378 220653 220650 26386 26384 245928 
6 : 220654 220652 220655 254382 262903 254386 
6 : 217240 220659 220657 217246 217241 221408 
6 : 220660 130975 194072 130981 194077 130967 
6 : 220661 38723 220662 38730 257573 38731 
6 : 22108 149290 150807 22099 22100 149285 
6 : 143207 220671 3266 143216 3253 3274 
6 : 220678 115045 220673 115054 225564 115048 
6 : 136393 220731 161932 136397 136391 161940 
6 : 220769 194371 220770 194374 223759 194375 
6 : 220771 220772 186648 236076 186654 186655 
6 : 219820 220825 220126 219823 219819 220131 
6 : 220828 211311 64634 211322 64647 64627 
6 : 81816 220832 190325 81826 81813 190343 
6 : 138341 220831 186503 138348 138339 186517 
6 : 55012 220845 220846 55013 55014 229022 
6 : 220856 220863 116662 235020 116664 116671 
6 : 2731 220883 40380 2735 2719 40388 
6 : 220893 220900 216693 221071 216694 216705 
6 : 220909 215791 220905 215809 248160 215801 
6 : 166876 207493 55777 166872 55771 55775 
6 : 184982 220966 118993 184995 118990 119007 
6 : 59567 190226 220976 59561 59581 190243 
6 : 220990 81753 57637 81759 57642 57621 
6 : 220999 201074 173945 201088 173957 173943 
6 : 221031 221032 148095 259225 148109 148110 
6 : 206198 138291 171520 138288 171514 138284 
6 : 54449 205701 221061 54447 54460 205716 
6 : 221051 221046 221053 223841 250887 223843 
6 : 183713 221108 29362 183722 29357 29373 
6 : 184415 221102 148228 184418 148221 148231 
6 : 221107 140403 42496 140415 42503 42484 
6 : 150791 41048 193983 41038 150789 41047 
6 : 221113 221112 143586 235598 143593 143592 
6 : 221114 89131 114301 89150 114317 89123 
6 : 16535 221171 156230 16545 16528 156239 
6 : 221167 140884 87453 140888 87458 87443 
6 : 113498 221176 39913 113504 39904 39924 
6 : 1461 144013 221180 1451 1466 144018 
6 : 221178 219546 221183 219550 250509 219554 
6 : 46699 221238 107640 46702 46690 107647 
6 : 70025 128254 212866 70017 70024 128253 
6 : 197414 221248 182687 197419 182685 182699 
6 : 221247 221251 133428 255276 133439 133444 
6 : 160287 221266 221273 160290 160294 243669 
6 : 221371 104790 221377 104794 238636 104802 
6 : 102762 36298 199760 36287 102760 36294 
6 : 189851 221423 221420 189858 189853 232859 
6 : 221419 99482 217935 99483 217937 99481 
6 : 189255 121676 207553 121670 189254 121674 
6 : 118356 180452 209610 118350 118354 180451 
6 : 178147 221550 156647 178151 156638 156657 
6 : 216836 113539 183307 113537 183305 113532 
6 : 70756 221618 221617 70763 70762 255818 
6 : 172884 221619 173874 172891 172877 173887 
6 : 100595 30026 221620 30014 100596 30029 
6 : 221622 221623 68430 236810 68436 68438 
6 : 116949 221630 100057 116954 100040 100066 
6 : 221628 193803 173389 193808 173391 173387 
6 : 221640 221638 99503 259879 99513 99510 
6 : 210619 214137 80361 210617 80357 80359 
6 : 215688 207480 115640 207479 115638 115634 
6 : 42432 180902 187086 42425 42428 180896 
6 : 125480 221666 185097 125488 125477 185105 
6 : 221665 7035 108586 7039 108591 7021 
6 : 2391 174501 63703 2390 2382 63701 
6 : 56214 18377 56779 18359 56206 18360 
6 : 140228 117766 181544 117760 140223 117763 
6 : 74029 214233 221775 74027 74038 214241 
6 : 128566 13587 4611 13573 4600 4585 
6 : 221776 203691 221774 203703 258148 203699 
6 : 221779 203650 108610 203657 108618 108608 
6 : 57550 16370 203837 16349 57546 16366 
6 : 168084 221811 221820 168089 168099 241070 
6 : 44466 149090 221844 44457 44471 149098 
6 : 214145 214596 221847 214144 214147 214598 
6 : 18915 221871 221866 18922 18920 242600 
6 : 56984 221916 221912 56998 56993 246917 
6 : 105284 88689 106483 88679 105276 88680 
6 : 125622 171521 221962 125612 125632 171533 
6 : 126770 92365 221981 92355 126777 92372 
6 : 221986 221987 95869 246480 95873 95875 
6 : 221994 52827 221988 52840 234147 52829 
6 : 10248 222052 222048 10256 10254 259793 
6 : 222045 22439 40381 22442 40385 22426 
6 : 31944 145676 222057 31936 31948 145687 
6 : 222053 121609 9210 121612 9214 9201 
6 : 219710 133949 28862 133948 28861 28854 
6 : 110203 222111 214169 110211 110201 214183 
6 : 1400 92982 222130 1387 1413 92992 
6 : 40280 171221 26857 40272 26834 26845 
6 : 79958 220785 66644 79957 66630 66643 
6 : 222225 176950 217252 176960 217265 176949 
6 : 161625 222247 221326 161632 161624 221332 
6 : 222256 222259 222264 252267 252273 257179 
6 : 29859 94646 1401 29850 1379 1389 
6 : 211860 221875 217253 211859 211858 217251 
6 : 162751 202210 140190 162748 140180 140186 
6 : 213139 222360 50655 213148 50652 50664 
6 : 222369 222371 94423 264343 94435 94437 
6 : 222392 222390 222389 259682 255258 255256 
6 : 125348 216770 122553 125346 122542 122550 
6 : 206718 222437 222438 206727 206728 254719 
6 : 4124 222441 17569 4128 4111 17574 
6 : 156513 69682 222451 69674 156519 69688 
6 : 222453 222448 222452 243473 264089 243472 
6 : 36422 139795 222457 36415 36424 139802 
6 : 222494 118761 142205 118766 142212 118751 
6 : 66227 216417 222496 66226 66228 216418 
6 : 213213 214549 53136 213212 53134 53135 
6 : 222518 134984 222513 134990 231497 134986 
6 : 222562 78693 211748 78704 211759 78692 
6 : 222579 222577 222570 260479 241738 241734 
6 : 217788 222584 69422 217796 69419 69431 
6 : 83111 8297 111154 8285 83099 8287 
6 : 222613 157280 222614 157288 248067 157293 
6 : 49817 194404 176622 49811 49810 176616 
6 : 57811 222629 222627 57814 57812 223497 
6 : 181612 222674 64335 181622 64326 64343 
6 : 191318 142887 137970 142879 137962 137956 
6 : 222670 222673 196545 253387 196550 196553 
6 : 222683 169665 222679 169678 238457 169666 
6 : 193970 207611 206981 193968 193967 206978 
6 : 61939 94624 222740 61927 61942 94631 
6 : 205968 56639 214315 56636 205967 56637 
6 : 222841 44409 52947 44420 52959 44388 
6 : 207422 70885 102193 70883 102190 70869 
6 : 216194 81229 222912 81227 216206 81244 
6 : 222925 222920 222916 252735 231246 231237 
6 : 17525 214926 104395 17523 17517 104391 
6 : 222949 222950 222948 260131 255677 255678 
6 : 222989 222993 71173 239815 71178 71183 
6 : 129774 222998 89768 129777 89755 89775 
6 : 215205 180903 577 180900 575 566 
6 : 89946 218172 223040 89944 89950 218180 
6 : 223038 9445 223041 9450 239375 9457 
6 : 191727 223103 40382 191749 40378 40401 
6 : 223105 223112 223110 239400 239399 263773 
6 : 104490 223124 223122 104496 104493 240317 
6 : 221500 35087 223125 35084 221503 35095 
6 : 223123 223126 223127 240767 240768 252347 
6 : 223128 216712 222928 216724 222937 216710 
6 : 223139 219606 44410 219616 44421 44407 
6 : 140109 110816 90656 110804 90645 90639 
6 : 223172 85457 223170 85463 238973 85460 
6 : 223177 124069 223174 124081 252738 124074 
6 : 210713 141209 102691 141206 102689 102680 
6 : 223204 49634 171411 49635 171412 49627 
6 : 223230 223233 153377 246441 153385 153391 
6 : 20709 223235 112585 20712 20700 112591 
6 : 51581 219029 34382 51580 34360 34380 
6 : 223251 223246 223250 252950 261786 252946 
6 : 18106 191547 151369 18101 18098 151363 
6 : 20599 175609 47491 20593 20585 47481 
6 : 2851 223335 44754 2854 2836 44759 
6 : 187983 14015 175554 14011 175545 14009 
6 : 189995 53980 223395 53974 189998 53986 
6 : 35906 207065 213431 35901 35902 207063 
6 : 222953 111914 223402 111913 222954 111915 
6 : 223411 25915 40173 25920 40181 25896 
6 : 206224 223459 212375 206230 206222 212386 
6 : 55719 223473 223316 55729 55718 223324 
6 : 118401 39758 212469 39747 118398 39757 
6 : 218055 162806 129030 162805 129029 129022 
6 : 223596 223588 223595 249047 264399 249045 
6 : 210148 104992 210108 104989 210102 104988 
6 : 207465 203111 71235 203109 71233 71232 
6 : 223610 141058 7507 141060 7510 7494 
6 : 147613 85200 117920 85195 117913 85193 
6 : 223661 70381 165585 70389 165595 70373 
6 : 96979 103507 8769 96974 8758 8761 
6 : 177800 223664 111312 177802 111308 111315 
6 : 128652 12281 145303 12269 128645 12272 
6 : 217367 176881 164390 176880 164389 164386 
6 : 161144 162925 223706 161141 161154 162933 
6 : 24200 180037 223732 24193 24209 180046 
6 : 50920 223731 190940 50927 50915 190949 
6 : 39914 121229 23343 39906 23324 23329 
6 : 130800 223737 209532 130813 130799 209543 
6 : 223757 34157 64901 34161 64908 34147 
6 : 66969 94037 223790 66960 66976 94050 
6 : 223788 214083 149967 214087 149973 149965 
6 : 223789 171374 170008 171378 170016 170000 
6 : 223793 86478 50778 86484 50790 50763 
6 : 177323 175031 223800 175026 177326 175039 
6 : 140264 204213 28488 140262 28479 28486 
6 : 27247 223922 128886 27258 27243 128892 
6 : 161050 223918 223920 161052 161057 227370 
6 : 149103 22109 223926 22098 149110 22114 
6 : 213337 218520 223979 213336 213347 218528 
6 : 223978 211795 223980 211802 262902 211806 
6 : 223983 193971 196520 193976 196528 193965 
6 : 223985 87979 223982 87989 234845 87982 
6 : 100401 224004 224000 100413 100409 260216 
6 : 223994 224006 86680 242914 86684 86696 
6 : 224020 224019 199043 224936 199046 199044 
6 : 224024 158122 224028 158134 259122 158140 
6 : 224045 189809 147796 189820 147807 147790 
6 : 190758 224061 224056 190770 190766 253185 
6 : 69772 224067 224072 69782 69791 251148 
6 : 104714 224121 224122 104715 104717 226033 
6 : 167336 81755 224127 81748 167352 81771 
6 : 224129 84317 152074 84318 152075 84306 
6 : 127702 224150 43534 127712 43514 43546 
6 : 224182 224184 60506 227160 60508 60510 
6 : 55815 224190 193984 55821 55813 193992 
6 : 224199 224194 224196 245589 254100 245583 
6 : 224231 224229 224230 251282 262693 251279 
6 : 200073 224240 117709 200074 117702 117711 
6 : 224283 224280 224276 250658 227850 227847 
6 : 224296 224294 223141 263082 223160 223158 
6 : 224298 218237 224304 218238 227015 218249 
6 : 201051 224308 57055 201054 57050 57063 
6 : 224307 202290 224309 202300 253744 202304 
6 : 153813 132523 209773 132512 153811 132517 
6 : 42398 224361 224367 42400 42408 235613 
6 : 162195 224369 218138 162204 162194 218148 
6 : 224360 192568 185526 192569 185527 185519 
6 : 224363 224370 161639 247794 161645 161656 
6 : 224368 224366 201235 257306 201251 201248 
6 : 42433 65912 224375 42415 42444 65923 
6 : 125044 224389 224395 125051 125059 246172 
6 : 224416 108886 224418 108892 250211 108893 
6 : 224488 222395 224485 222407 246987 222400 
6 : 141384 140139 170508 140131 141380 140133 
6 : 80464 160872 224549 80455 80471 160886 
6 : 149543 45252 47339 45244 47330 45233 
6 : 224610 28454 73979 28460 73985 28437 
6 : 145875 224657 184741 145882 145869 184750 
6 : 216622 75656 224668 75654 216631 75663 
6 : 224666 116802 224662 116813 255578 116807 
6 : 224678 224670 224676 237788 262321 237787 
6 : 203788 224733 224730 203798 203794 232430 
6 : 185733 86504 153846 86498 153840 86493 
6 : 224794 224797 142926 234474 142928 142933 
6 : 224798 58818 224796 58825 239972 58821 
6 : 147145 184026 224835 147140 147154 184032 
6 : 224843 161457 224842 161461 236978 161459 
6 : 130692 159187 52681 130682 52670 52671 
6 : 224860 147024 46178 147031 46184 46165 
6 : 224903 224907 170877 230688 170879 170891 
6 : 224915 195373 66122 195385 66142 66119 
6 : 224916 224917 224925 240465 240472 252731 
6 : 96735 15973 132980 15959 96723 15963 
6 : 7757 122790 45654 7750 7747 45635 
6 : 224974 147057 72620 147069 72634 72611 
6 : 110544 104766 198262 104749 110541 104762 
6 : 225016 143786 216210 143792 216215 143784 
6 : 157236 144485 225026 144474 157240 144494 
6 : 123001 200393 225060 122999 123006 200396 
6 : 225067 225059 225058 239280 232492 232474 
6 : 225088 166427 90422 166435 90430 90416 
6 : 225092 107366 225093 107378 260184 107381 
6 : 225096 116861 222463 116865 222467 116860 
6 : 207091 42275 215309 42271 207089 42273 
6 : 225167 93672 182664 93678 182671 93666 
6 : 225179 225172 225176 226623 257220 226618 
6 : 78531 174223 225181 78526 78533 174224 
6 : 225184 193695 83909 193700 83916 83904 
6 : 152746 224151 197723 152745 152742 197722 
6 : 62771 225234 225232 62783 62781 259265 
6 : 84122 225230 225235 84127 84131 255998 
6 : 225228 401 225229 403 242385 408 
6 : 145860 225238 225237 145864 145863 247772 
6 : 187123 188278 225239 187121 187125 188285 
6 : 147841 153022 101549 147832 101531 101533 
6 : 224865 225285 223903 224876 223902 223915 
6 : 225287 116424 224464 116427 224468 116423 
6 : 79602 23039 225303 23023 79611 23044 
6 : 154333 225298 131772 154336 131763 131776 
6 : 183925 225302 166076 183927 166069 166083 
6 : 170700 143407 224944 143399 170699 143406 
6 : 225374 225379 109975 233716 109978 109988 
6 : 4730 225416 225419 4734 4737 241168 
6 : 225423 225418 99677 256709 99688 99684 
6 : 13800 225435 82755 13804 13791 82763 
6 : 109976 225452 212823 109982 109970 212826 
6 : 64166 128371 225480 64155 64177 128384 
6 : 202212 225478 225475 202218 202217 231513 
6 : 225479 144265 175228 144269 175232 144260 
6 : 87622 225486 23193 87628 23176 23200 
6 : 225483 225482 123214 237353 123219 123217 
6 : 20098 225495 155214 20099 20088 155223 
6 : 83989 86505 220267 83977 83987 86503 
6 : 105095 173121 128060 105090 105086 128051 
6 : 208327 225511 225506 208335 208328 227969 
6 : 71051 155934 130284 71043 71040 130274 
6 : 92823 225533 118327 92832 92818 118335 
6 : 225531 225532 225537 251846 251850 256076 
6 : 26014 225555 225553 26022 26021 243086 
6 : 210351 80928 225554 80927 210354 80935 
6 : 225595 225590 132300 231946 132309 132302 
6 : 53472 203789 225603 53468 53477 203799 
6 : 225605 225598 225604 229192 262754 229191 
6 : 25211 225636 116425 25223 25203 116433 
6 : 191502 137266 39166 137258 39158 39151 
6 : 217112 175611 189868 175607 189864 175601 
6 : 225658 127466 225662 127479 259134 127484 
6 : 225673 178271 74648 178278 74655 74645 
6 : 225681 143922 195667 143932 195681 143920 
6 : 225704 225701 96949 255810 96964 96959 
6 : 121040 76783 87806 76777 87797 76775 
6 : 225719 109287 186838 109290 186842 109284 
6 : 225722 205794 225717 205805 230953 205796 
6 : 197799 81084 225728 81079 197811 81100 
6 : 65751 190727 107271 65748 65740 107264 
6 : 147761 120254 55749 120242 55741 55735 
6 : 222086 225759 87455 222087 87454 87457 
6 : 225771 225768 208499 242016 208504 208502 
6 : 225775 10249 214098 10250 214105 10246 
6 : 225777 225779 146644 259791 146651 146654 
6 : 130693 189711 225838 130685 130699 189716 
6 : 225843 225845 22440 238391 22444 22448 
6 : 225848 191728 225850 191741 253796 191748 
6 : 117533 225854 46645 117538 46628 46651 
6 : 105371 203027 137516 105368 105366 137512 
6 : 225900 20331 4038 20336 4044 4019 
6 : 225905 225904 225898 263629 245162 245160 
6 : 145836 180696 141318 145834 141307 141311 
6 : 121231 225926 183495 121243 121222 183510 
6 : 7619 174740 27065 7609 7602 27058 
6 : 207531 200664 152822 200663 152819 152816 
6 : 36278 178056 225964 36272 36285 178069 
6 : 99880 27284 154284 27271 99872 27276 
6 : 161222 174839 156351 161216 156339 156342 
6 : 211870 129032 99908 129027 99901 99891 
6 : 219597 225971 225967 219602 219599 229419 
6 : 155467 142798 154463 142790 154455 142789 
6 : 94154 11598 11015 11588 11004 10997 
6 : 13066 45070 226021 13056 13072 45079 
6 : 164610 226020 183860 164616 164607 183869 
6 : 226023 53394 51949 53396 51951 51926 
6 : 226046 195888 159467 195897 159478 159462 
6 : 97358 226077 226074 97367 97364 254593 
6 : 226073 226076 105556 246696 105562 105568 
6 : 226075 132366 226078 132375 260210 132379 
6 : 154639 102764 150503 102757 150495 102756 
6 : 23010 188404 89506 23005 22996 89501 
6 : 226138 125074 226137 125084 257668 125083 
6 : 186305 226188 189632 186306 186298 189633 
6 : 226200 226193 166775 250045 166784 166778 
6 : 187164 71029 202666 71021 187160 71022 
6 : 193534 226272 226273 193541 193545 259952 
6 : 194467 215777 64076 194464 64065 64068 
6 : 39392 226278 152823 39399 39387 152835 
6 : 166546 173698 226279 166540 166555 173706 
6 : 226292 226285 69190 237026 69198 69193 
6 : 225608 81172 226325 81171 225610 81173 
6 : 49201 226336 14475 49206 14459 14482 
6 : 99678 159602 80514 99667 80498 80504 
6 : 174891 226347 15106 174902 15099 15115 
6 : 42326 226353 150695 42327 42318 150697 
6 : 165744 157208 226393 157199 165745 157209 
6 : 96549 210299 61855 96545 61836 61852 
6 : 226470 130803 121232 130807 121238 121219 
6 : 2585 105017 226478 2573 2590 105027 
6 : 123687 215145 33204 123686 33188 33203 
6 : 154718 57838 131145 57828 131135 57826 
6 : 72900 226525 181919 72902 72894 181921 
6 : 13666 54664 226538 13652 13669 54668 
6 : 171596 213883 81858 171595 81854 81856 
6 : 226541 29101 226535 29110 238952 29105 
6 : 47598 44785 226550 44766 47604 44790 
6 : 90745 226589 101323 90746 90736 101326 
6 : 226595 226591 208280 251297 208293 208290 
6 : 82055 59179 120189 59166 82050 59168 
6 : 119069 19540 172306 19529 119062 19535 
6 : 226598 226600 131368 264098 131379 131382 
6 : 226606 226611 47943 257612 47954 47962 
6 : 156711 226660 215646 156719 156710 215657 
6 : 45706 136273 226665 45703 45714 136276 
6 : 72437 154652 226667 72431 72441 154663 
6 : 129627 226691 226684 129636 129630 256047 
6 : 163219 226687 84218 163226 84210 84230 
6 : 4255 54101 214170 4243 4254 54098 
6 : 171114 54634 45195 54628 45189 45178 
6 : 225819 226727 15593 225827 15592 15604 
6 : 195009 226780 122952 195019 122949 122961 
6 : 195038 226778 226779 195044 195045 244969 
6 : 24317 226786 118186 24320 24307 118196 
6 : 226840 211016 226841 211021 255682 211026 
6 : 126950 226880 152077 126960 126945 152091 
6 : 217577 14060 160039 14059 160036 14049 
6 : 47699 103771 128271 47690 47693 103766 
6 : 226896 46282 105632 46283 105636 46273 
6 : 219537 63304 158056 63303 158055 63296 
6 : 226899 150808 36356 150809 36359 36347 
6 : 226907 226908 226909 242752 242753 246094 
6 : 160161 154188 150 154182 143 142 
6 : 226951 226952 21401 227458 21402 21403 
6 : 226953 226955 56781 253939 56787 56793 
6 : 86945 223904 114441 86943 86926 114439 
6 : 75003 67352 227051 67335 75004 67354 
6 : 161399 202366 220807 161397 161398 202365 
6 : 162321 227101 145616 162334 145607 145631 
6 : 76502 227113 163743 76508 76494 163756 
6 : 117325 227110 227107 117332 117327 230589 
6 : 227115 177907 227109 177918 244847 177910 
6 : 149173 107713 227151 107707 149174 107715 
6 : 212440 117326 168790 117321 168788 117317 
6 : 209635 227168 227176 209643 209651 253111 
6 : 210626 102219 217606 102216 210623 102217 
6 : 221252 227213 227211 221261 221254 238363 
6 : 88922 164181 61393 88917 61381 61389 
6 : 219381 227218 227219 219383 219385 238015 
6 : 227225 227229 182648 239822 182650 182653 
6 : 168383 125883 227237 125880 168390 125889 
6 : 78067 185662 212795 78064 78065 185659 
6 : 210923 160078 219548 160073 210921 160075 
6 : 217508 227276 25421 217517 25420 25433 
6 : 216257 227281 227283 216262 216266 253477 
6 : 227278 227279 227277 238768 230888 230890 
6 : 206419 305 38893 304 38889 286 
6 : 227343 197853 128887 197863 128895 128882 
6 : 175946 162627 171077 162616 171068 162615 
6 : 227390 214459 158155 214465 158159 158151 
6 : 203804 192243 110053 192236 110051 110048 
6 : 138293 227447 218687 138302 138290 218703 
6 : 227437 227439 227436 237309 232727 232730 
6 : 143540 194389 222188 143536 143538 194388 
6 : 135510 227509 134372 135519 134359 134381 
6 : 126300 133761 209207 126289 126298 133758 
6 : 218393 227567 227564 218401 218398 260168 
6 : 227586 217925 137168 217932 137173 137164 
6 : 227632 83660 197521 83671 197536 83654 
6 : 184333 185214 227635 184331 184335 185216 
6 : 227650 205795 227652 205802 254120 205804 
6 : 227654 199392 43211 199406 43229 43206 
6 : 204394 209337 58013 204389 58005 58008 
6 : 227744 99153 135684 99163 135695 99141 
6 : 113958 227749 160135 113963 113951 160146 
6 : 203192 212117 203532 203189 203187 203527 
6 : 44482 216907 225071 44477 44478 216905 
6 : 227800 186260 227484 186271 227498 186258 
6 : 227804 180674 227803 180682 248612 180678 
6 : 223695 227859 47340 223703 47338 47348 
6 : 53769 33539 227874 33525 53777 33547 
6 : 155889 227875 91444 155897 91432 91455 
6 : 173295 170031 227880 170022 173298 170036 
6 : 212151 227918 227913 212163 212161 263632 
6 : 39484 227931 227936 39485 39490 261100 
6 : 12250 202595 66813 12246 12235 66810 
6 : 227940 51433 227943 51435 230445 51436 
6 : 227941 227948 223264 232399 223267 223273 
6 : 136101 227981 227974 136111 136102 228389 
6 : 217443 204320 126847 204318 126843 126839 
6 : 197867 226759 83372 197866 83369 83371 
6 : 227982 227986 227984 235873 235871 240234 
6 : 227983 67288 32848 67292 32851 32832 
6 : 116484 88052 124917 88040 116478 88041 
6 : 191378 142591 122669 142588 122659 122651 
6 : 21839 228051 188166 21846 21834 188172 
6 : 171755 228058 169557 171761 169550 169565 
6 : 160613 179419 228100 160606 160619 179429 
6 : 164374 204490 162141 164365 162127 162132 
6 : 35842 228155 201382 35844 35839 201383 
6 : 228158 228156 188015 255073 188023 188020 
6 : 16334 214491 147522 16329 16320 147520 
6 : 228229 228226 87807 255365 87826 87818 
6 : 52057 150581 228232 52046 52063 150589 
6 : 218896 12400 117945 12398 117942 12385 
6 : 198384 223428 227310 198382 198383 223427 
6 : 228270 228275 228282 229807 229813 257761 
6 : 115206 208564 228291 115203 115218 208574 
6 : 167463 207411 133188 167461 133183 133186 
6 : 225240 228303 181984 225244 181983 181987 
6 : 228301 68465 205858 68468 205862 68459 
6 : 76177 228306 135685 76178 76166 135690 
6 : 228313 64168 190065 64175 190073 64161 
6 : 202075 228339 189996 202079 189993 190005 
6 : 228353 228356 225072 260755 225080 225083 
6 : 10656 228363 208219 10663 10649 208221 
6 : 112335 187427 220320 112327 112333 187425 
6 : 228393 95301 4192 95305 4197 4174 
6 : 228434 228433 172593 263774 172608 172607 
6 : 68657 225670 228455 68656 68659 225674 
6 : 228460 228459 228464 235321 242194 235323 
6 : 39916 88849 228469 39903 39918 88852 
6 : 175303 228518 149344 175317 149329 149356 
6 : 192422 72694 228523 72689 192429 72701 
6 : 228528 228536 228531 235318 235313 249142 
6 : 228529 132946 228537 132949 235669 132962 
6 : 213404 228586 228588 213406 213413 259748 
6 : 228591 129033 223569 129037 223574 129031 
6 : 228593 212472 228589 212480 231688 212474 
6 : 228595 228590 159557 237772 159565 159558 
6 : 106212 228651 142270 106218 106205 142276 
6 : 182797 228650 151457 182798 151451 151462 
6 : 228697 228696 117105 258886 117111 117109 
6 : 45021 228703 17295 45029 17276 17312 
6 : 219588 225820 228710 219587 219590 225822 
6 : 228723 21268 213683 21280 213691 21266 
6 : 133636 92075 180786 92069 133632 92070 
6 : 173738 228749 228755 173739 173744 231720 
6 : 196173 101574 4996 101571 4991 4980 
6 : 228762 138646 80279 138655 80289 80270 
6 : 228764 35088 228759 35104 240710 35092 
6 : 25740 23809 115411 23787 25733 23796 
6 : 228770 228771 43380 244869 43384 43388 
6 : 221846 228778 182666 221851 182663 182674 
6 : 172926 66413 228810 66398 172929 66419 
6 : 228807 124228 35575 124229 35577 35557 
6 : 225013 210080 114304 210078 114302 114298 
6 : 228821 40938 217678 40945 217686 40936 
6 : 228874 132707 73052 132708 73053 73032 
6 : 122004 228930 20521 122008 20511 20525 
6 : 228942 223878 228940 223885 241635 223879 
6 : 228947 228948 206902 264732 206914 206915 
6 : 228985 51800 228987 51801 240920 51805 
6 : 203245 90942 228991 90939 203246 90944 
6 : 177705 187100 229013 177700 177719 187110 
6 : 188756 229004 73457 188760 73450 73461 
6 : 229053 80930 229052 80944 258728 80941 
6 : 224074 58869 148620 58868 148618 58858 
6 : 65781 229104 229103 65783 65782 237683 
6 : 206208 229109 225927 206210 206207 225930 
6 : 155234 229123 229116 155242 155236 246169 
6 : 179901 228781 159112 179900 159104 159111 
6 : 229153 21808 229156 21815 258278 21820 
6 : 188484 229159 229162 188485 188494 233572 
6 : 70044 229195 114305 70050 70038 114311 
6 : 114741 229201 229204 114744 114747 239203 
6 : 121004 116913 229207 116901 121016 116922 
6 : 229253 220332 115765 220338 115771 115764 
6 : 229256 210158 229252 210170 241033 210160 
6 : 27945 181290 229262 27941 27952 181300 
6 : 229263 211416 229258 211427 231695 211417 
6 : 229264 196121 229261 196135 256986 196132 
6 : 229282 96517 174856 96522 174859 96511 
6 : 229324 57601 24709 57608 24714 24693 
6 : 229327 209171 38146 209172 38147 38142 
6 : 229333 229328 95219 239249 95228 95220 
6 : 44028 69270 229338 44013 44036 69280 
6 : 16165 229351 201777 16179 16159 201793 
6 : 78616 141757 142143 78610 78611 141748 
6 : 193019 229385 146432 193024 146428 146438 
6 : 128990 218936 229399 128988 128996 218946 
6 : 33028 169274 226055 33023 33027 169273 
6 : 229447 219209 105933 219212 105936 105929 
6 : 229448 103213 41243 103214 41247 41225 
6 : 61138 229464 229467 61141 61142 234960 
6 : 163999 137134 224344 137126 163997 137132 
6 : 222822 185960 229478 185959 222835 185969 
6 : 229479 208672 38634 208685 38645 38630 
6 : 75535 229496 193260 75538 75528 193265 
6 : 229498 66064 226299 66074 226309 66063 
6 : 118112 125596 223025 118102 118111 125595 
6 : 39704 229524 217799 39713 39702 217808 
6 : 68870 229554 57019 68876 57002 57027 
6 : 229553 174447 224400 174455 224407 174446 
6 : 200585 201630 229557 200580 200586 201632 
6 : 218491 229566 93276 218495 93273 93287 
6 : 229562 98500 93068 98503 93073 93061 
6 : 229605 139460 178936 139467 178942 139449 
6 : 158385 229620 229619 158390 158389 252080 
6 : 229618 229617 124146 239876 124152 124150 
6 : 38978 56155 200665 38967 38975 56154 
6 : 118418 58606 229662 58595 118419 58609 
6 : 229661 171320 163848 171321 163849 163839 
6 : 229674 3735 19889 3747 19908 3713 
6 : 229680 169925 229687 169930 252876 169942 
6 : 78269 229692 207137 78276 78265 207142 
6 : 201468 229721 229723 201478 201481 256502 
6 : 119958 229736 229735 119963 119962 250059 
6 : 162774 66065 147678 66051 147663 66048 
6 : 108197 9382 180238 9365 108189 9376 
6 : 229779 229781 154466 257853 154472 154475 
6 : 202563 229788 48065 202570 48059 48072 
6 : 229787 117260 210671 117267 210679 117254 
6 : 193680 179487 306 179482 302 300 
6 : 71993 216149 229900 71989 71996 216154 
6 : 229908 229906 229905 242513 239946 239935 
6 : 88290 229957 212520 88294 88288 212525 
6 : 192423 197098 31522 192419 31511 31513 
6 : 146608 229967 229969 146613 146614 261127 
6 : 229961 82268 211964 82270 211967 82264 
6 : 229965 229963 229968 253023 258693 253027 
6 : 71593 155991 212534 71583 71590 155990 
6 : 192960 188777 206998 188773 192958 188774 
6 : 186814 230043 230046 186821 186826 252146 
6 : 114161 194469 47215 114155 47197 47207 
6 : 138930 62884 201986 62871 138928 62881 
6 : 230124 230129 15221 246525 15228 15238 
6 : 181154 118949 208083 118943 181149 118946 
6 : 214074 99909 223570 99903 214070 99907 
6 : 111515 230156 212808 111522 111512 212813 
6 : 152343 215761 230167 152337 152349 215769 
6 : 202406 172581 230169 172573 202413 172585 
6 : 59985 86083 196752 59967 59981 86081 
6 : 230214 230219 2489 231671 2490 2500 
6 : 91268 120632 99177 91261 91260 99168 
6 : 230264 230265 37037 264726 37049 37051 
6 : 230308 113627 59475 113632 59480 59460 
6 : 12562 174386 151478 12558 12555 151473 
6 : 172841 227701 25423 172840 25415 25422 
6 : 72901 230426 100945 72910 72890 100960 
6 : 161640 230437 40057 161647 40044 40066 
6 : 230450 230453 215718 255323 215724 215730 
6 : 230492 97528 230493 97533 263977 97535 
6 : 82415 230495 2644 82422 2623 2653 
6 : 104120 136293 230549 104111 104127 136303 
6 : 230544 208411 35271 208414 35275 35268 
6 : 81662 158295 105096 81656 81653 105089 
6 : 54309 230558 230557 54313 54311 234073 
6 : 230603 193148 230609 193152 242913 193160 
6 : 82057 34783 230615 34768 82064 34787 
6 : 174387 172842 230614 172837 174390 172845 
6 : 230617 190711 221647 190720 221657 190710 
6 : 26108 137267 224466 26090 26107 137265 
6 : 31221 230676 131539 31224 31208 131541 
6 : 230679 70213 220200 70223 220205 70212 
6 : 110900 230720 219865 110905 110897 219870 
6 : 200824 151212 20185 151208 20179 20172 
6 : 230729 157783 221477 157791 221482 157779 
6 : 107234 114524 217479 107222 107232 114522 
6 : 179179 58987 208838 58980 179175 58985 
6 : 230781 209749 195873 209759 195882 195869 
6 : 1788 166408 45255 1782 1773 45245 
6 : 54451 230799 193755 54455 54446 193762 
6 : 117423 205703 230805 117419 117435 205715 
6 : 71540 56156 129305 56144 71528 56147 
6 : 153001 230808 230815 153003 153010 239828 
6 : 230811 230809 155189 242346 155196 155192 
6 : 230813 230818 230817 257278 257277 264189 
6 : 57569 230865 7990 57577 7972 7999 
6 : 220720 230868 84219 220724 84217 84232 
6 : 176938 8770 145385 8768 145382 8766 
6 : 87194 138997 196142 87184 87189 138994 
6 : 141735 230964 117474 141740 117461 117479 
6 : 230966 205672 230961 205682 231728 205673 
6 : 149201 230969 99155 149203 99143 99158 
6 : 230973 230977 186899 263888 186910 186914 
6 : 160207 164105 230986 160202 160213 164112 
6 : 34614 231037 231034 34624 34616 240887 
6 : 109921 152051 148101 109909 109908 148082 
6 : 112903 231071 161169 112904 112895 161170 
6 : 231082 168401 140404 168406 140413 140398 
6 : 36444 35007 231095 34985 36454 35016 
6 : 132129 231094 231092 132143 132140 254627 
6 : 19451 223357 19091 19448 19073 19088 
6 : 30156 115538 132415 30147 30148 115522 
6 : 71941 225507 119457 71939 71931 119456 
6 : 229511 231154 231159 229517 229525 250515 
6 : 231158 8771 90522 8776 90531 8757 
6 : 157862 213894 231162 157861 157868 213901 
6 : 231166 231165 231168 260270 263129 260271 
6 : 231169 131965 156649 131974 156665 131956 
6 : 9186 186968 208284 9174 9180 186964 
6 : 231208 231206 228206 261324 228219 228217 
6 : 121460 231252 202367 121471 121454 202378 
6 : 202310 69425 86537 69416 86528 69412 
6 : 217792 122557 231254 122551 217794 122560 
6 : 71541 166409 150922 71534 71530 150915 
6 : 231310 178000 112736 178015 112747 112726 
6 : 231312 231311 230468 264622 230486 230485 
6 : 118299 69054 231330 69037 118311 69065 
6 : 151017 231362 231366 151021 151023 240822 
6 : 231363 231360 231365 238070 245446 238072 
6 : 231370 231364 231367 247405 261367 247402 
6 : 185304 231374 231371 185311 185305 244585 
6 : 223753 152490 59476 152488 59474 59462 
6 : 102389 198233 180822 102386 102384 180819 
6 : 143961 152609 160232 143951 143952 152597 
6 : 231429 74701 231427 74713 264418 74712 
6 : 222646 69845 114410 69842 114405 69828 
6 : 223418 109827 198341 109824 198339 109816 
6 : 231482 198952 231484 198954 238083 198956 
6 : 67640 170585 231542 67637 67643 170587 
6 : 120754 229014 231547 120753 120765 229019 
6 : 231544 202731 231543 202736 244839 202735 
6 : 9696 231559 199199 9707 9695 199215 
6 : 147653 82866 181109 82851 147645 82859 
6 : 62610 231597 231596 62618 62616 252617 
6 : 40317 231649 231648 40325 40324 251764 
6 : 41721 156352 178456 41716 41719 156344 
6 : 111884 145462 102846 111868 102822 102828 
6 : 150637 53434 231700 53423 150642 53440 
6 : 162552 231706 161343 162556 161331 161349 
6 : 193331 119959 231707 119952 193342 119968 
6 : 231702 140248 220490 140249 220491 140246 
6 : 134618 200155 196224 134614 134613 196217 
6 : 188395 167612 55097 167606 55091 55086 
6 : 34002 124017 231797 33992 34011 124034 
6 : 48448 193804 114007 48444 48438 114002 
6 : 231806 231807 154400 259502 154409 154411 
6 : 210139 209762 146746 209761 146743 146742 
6 : 91446 231826 231821 91458 91449 237132 
6 : 79801 49519 231840 49505 79806 49525 
6 : 123857 163526 90398 123851 90386 90391 
6 : 231906 231902 165778 245525 165788 165781 
6 : 174526 231908 84063 174529 84053 84066 
6 : 212748 231911 39949 212751 39946 39955 
6 : 93867 52329 231960 52315 93872 52332 
6 : 39883 231965 191840 39884 39877 191841 
6 : 147700 25460 203820 25446 147696 25453 
6 : 35236 113457 153554 35227 35230 113444 
6 : 210502 231999 212691 210505 210498 212695 
6 : 56987 232007 50316 56997 50301 50332 
6 : 232003 108304 232008 108307 240986 108316 
6 : 168870 30640 104169 30631 104162 30626 
6 : 232051 45902 232053 45903 246931 45908 
6 : 67559 221808 232067 67556 67561 221813 
6 : 232102 230820 151343 230827 151352 151342 
6 : 129572 232103 201710 129573 129567 201711 
6 : 47216 186748 232149 47204 47221 186760 
6 : 195418 194470 133137 194463 133131 133130 
6 : 34466 52233 219555 34447 34464 52231 
6 : 232160 151323 147567 151325 147574 147557 
6 : 156960 232265 192753 156970 156955 192762 
6 : 227301 81359 12642 81356 12638 12618 
6 : 148718 134753 115257 134745 115246 115243 
6 : 66184 197407 72653 66178 66172 72647 
6 : 223739 232393 232392 223752 223751 264834 
6 : 49180 78402 178481 49165 49177 78396 
6 : 232408 232405 185098 255974 185108 185103 
6 : 129796 120165 129190 120144 129171 120143 
6 : 37974 195726 35579 37971 35550 35568 
6 : 232436 232440 36358 244619 36364 36375 
6 : 229578 47344 93018 47341 93017 47324 
6 : 119818 232461 213912 119829 119817 213924 
6 : 162587 232500 229631 162591 162586 229638 
6 : 224976 82086 149857 82084 149854 82071 
6 : 83112 232545 205724 83118 83109 205737 
6 : 67355 232551 232550 67365 67362 259070 
6 : 232563 116188 100539 116198 100546 100524 
6 : 118114 232576 149368 118122 118103 149384 
6 : 186749 232581 218937 186761 186746 218943 
6 : 58520 146014 99529 58512 58510 99519 
6 : 232607 892 177726 894 177727 881 
6 : 159269 213086 127934 159263 127924 127931 
6 : 17195 232656 91709 17203 17187 91716 
6 : 232659 208413 225944 208422 225952 208409 
6 : 115744 19092 232666 19079 115747 19098 
6 : 93487 12316 207290 12299 93483 12311 
6 : 232706 232703 232701 256841 235959 235948 
6 : 59260 8911 232710 8898 59268 8919 
6 : 65471 232712 84586 65479 65464 84597 
6 : 199015 184624 232714 184616 199021 184633 
6 : 232711 232708 161475 250377 161485 161480 
6 : 219826 39512 39066 39509 39063 39041 
6 : 173915 232756 151149 173921 151138 151159 
6 : 1725 164036 232758 1718 1729 164041 
6 : 3658 232760 232759 3665 3662 257894 
6 : 117306 182090 131989 117300 117295 131983 
6 : 3951 139249 141778 3943 3944 139236 
6 : 232769 232772 232771 254115 254114 259125 
6 : 232774 131748 232770 131757 255687 131753 
6 : 232818 232812 55751 256067 55760 55757 
6 : 44900 210961 40536 44897 40512 40533 
6 : 93727 232867 166514 93733 93721 166528 
6 : 147654 232874 232869 147659 147656 245279 
6 : 7930 108651 111426 7921 7922 108630 
6 : 232881 96269 138420 96276 138430 96262 
6 : 10179 99392 109587 10168 10169 99382 
6 : 118545 221019 158666 118541 118531 158664 
6 : 34891 218471 200293 34887 34884 200291 
6 : 148349 230316 232979 148348 148351 230319 
6 : 200447 232991 232990 200457 200456 263811 
6 : 233034 94196 152292 94205 152300 94191 
6 : 176782 121639 62669 121630 62662 62654 
6 : 233037 233042 128819 242973 128821 128834 
6 : 233091 167481 81232 167492 81243 81218 
6 : 172448 27946 211418 27937 172445 27943 
6 : 233094 233093 196124 241160 196130 196126 
6 : 233107 37332 61298 37334 61300 37313 
6 : 141836 23132 233136 23125 141840 23134 
6 : 233141 43317 186561 43322 186570 43308 
6 : 130443 205271 233147 130439 130447 205277 
6 : 195532 233150 100429 195533 100425 100432 
6 : 233154 233149 228828 237034 228844 228830 
6 : 130356 233191 233194 130359 130363 238721 
6 : 233192 96420 52828 96425 52836 52811 
6 : 182407 152386 229769 152375 182405 152384 
6 : 204093 49127 165367 49123 165361 49121 
6 : 233198 84096 209209 84105 209218 84094 
6 : 168385 111738 233205 111729 168389 111744 
6 : 232177 233215 29243 232182 29242 29248 
6 : 12733 192992 166167 12731 12728 166160 
6 : 166308 233255 233256 166311 166313 248184 
6 : 97427 216356 222720 97423 97425 216354 
6 : 151397 193940 67062 151393 67045 67055 
6 : 233259 233263 34813 259935 34819 34822 
6 : 233280 106638 154166 106649 154180 106625 
6 : 30961 110326 200156 30949 30957 110320 
6 : 210328 196225 223714 196219 210324 196221 
6 : 193405 83608 233310 83602 193413 83614 
6 : 233308 172395 54254 172396 54257 54238 
6 : 9188 73021 233319 9169 9194 73027 
6 : 233318 217772 233313 217784 243388 217776 
6 : 53025 233357 186506 53029 53021 186513 
6 : 143560 233366 194273 143563 143555 194279 
6 : 192265 233417 14683 192269 14678 14693 
6 : 233413 129405 17770 129409 17774 17756 
6 : 134736 149092 22718 134726 22708 22709 
6 : 233468 18282 220809 18285 220815 18278 
6 : 231713 233474 37626 231717 37625 37629 
6 : 233471 69156 180788 69160 180791 69147 
6 : 233481 199928 233479 199938 246174 199931 
6 : 160552 173852 233485 160543 160553 173854 
6 : 108845 233526 118187 108847 108832 118190 
6 : 85930 233534 233538 85933 85941 242453 
6 : 24038 233543 233541 24046 24042 251701 
6 : 216612 4998 127906 4994 127902 4983 
6 : 135966 128008 189387 127997 135961 128004 
6 : 155892 166980 166515 155884 155883 166508 
6 : 233585 233588 233586 246775 246770 248274 
6 : 33541 230054 196525 33540 33535 196522 
6 : 233590 233595 166516 250070 166521 166524 
6 : 233593 158351 233591 158354 252216 158353 
6 : 233594 155893 233597 155899 255340 155901 
6 : 144500 216373 111316 144498 111305 111309 
6 : 233639 90523 233638 90536 262720 90532 
6 : 117347 233699 207351 117348 117344 207352 
6 : 97926 98711 233710 97914 97930 98715 
6 : 158314 233713 212824 158319 158308 212832 
6 : 37890 160950 230186 37886 37889 160949 
6 : 152539 28489 233764 28481 152540 28490 
6 : 19654 167968 226057 19642 19652 167967 
6 : 159173 198065 105935 159168 105920 105927 
6 : 233772 170822 159469 170823 159471 159460 
6 : 217793 233780 202311 217798 202307 202317 
6 : 76347 89221 233809 76341 76350 89224 
6 : 94481 58428 233813 58413 94495 58436 
6 : 200217 112930 30549 112928 30546 30537 
6 : 233825 219059 221137 219069 221143 219057 
6 : 88725 233868 220402 88734 88723 220413 
6 : 150673 233871 233878 150676 150680 241823 
6 : 195342 233875 232311 195347 195340 232320 
6 : 230368 233933 181427 230378 181426 181443 
6 : 233477 40319 233934 40318 233483 40331 
6 : 233935 233929 28616 241883 28627 28619 
6 : 233944 128402 14062 128412 14074 14046 
6 : 193863 55720 134558 55714 134547 55707 
6 : 213646 139771 234001 139765 213649 139781 
6 : 233994 95503 234000 95509 245087 95516 
6 : 234009 234008 118330 252142 118333 118332 
6 : 234041 196105 158099 196112 158111 158096 
6 : 42114 4287 219937 4270 42111 4285 
6 : 234048 234043 152175 237325 152188 152176 
6 : 234052 139772 183864 139776 183867 139761 
6 : 234053 234057 234051 251721 239937 239943 
6 : 164972 113936 157810 113927 157795 113926 
6 : 123405 234099 209921 123410 123400 209926 
6 : 153665 229632 200705 153664 153663 200702 
6 : 164845 234109 234106 164853 164849 249662 
6 : 209621 172014 196635 172010 196630 172007 
6 : 144040 241 40356 233 40344 225 
6 : 216125 136209 56608 136207 56605 56592 
6 : 234151 197174 234149 197182 248279 197177 
6 : 229910 233387 168331 229909 168329 168330 
6 : 234154 220573 234156 220576 246337 220587 
6 : 156926 145387 234172 145380 156929 145391 
6 : 200594 150561 234174 150557 200599 150570 
6 : 137475 180202 20965 137472 20953 20958 
6 : 164551 28767 234201 28755 164556 28776 
6 : 181709 227196 221996 181708 181707 221995 
6 : 234197 233945 175984 233948 175987 175983 
6 : 59803 52653 234231 52635 59804 52654 
6 : 15348 165234 199382 15342 15345 165231 
6 : 234239 207364 156539 207374 156547 156530 
6 : 21664 234252 109093 21666 21647 109098 
6 : 114857 234257 127704 114866 114847 127710 
6 : 234281 108975 199676 108976 199680 108971 
6 : 234283 169756 60794 169761 60804 60791 
6 : 234286 234284 233653 263319 233670 233667 
6 : 80489 98658 234288 80474 80493 98661 
6 : 203884 150125 177363 150121 177358 150118 
6 : 32247 234292 120813 32250 32235 120819 
6 : 70519 234302 234301 70528 70526 243437 
6 : 196684 166616 215106 166607 196681 166612 
6 : 19936 234341 26111 19942 19923 26118 
6 : 234342 31999 184001 32000 184002 31992 
6 : 234353 90715 234355 90716 234971 90720 
6 : 115745 234391 229227 115746 115741 229228 
6 : 234392 19093 147259 19100 147264 19082 
6 : 57100 234399 234402 57104 57108 252809 
6 : 17677 211285 98806 17673 17660 98801 
6 : 184403 232114 226180 184402 184398 226178 
6 : 10957 145718 234450 10946 10958 145723 
6 : 158728 234456 234454 158733 158729 244854 
6 : 234471 205798 234473 205799 236540 205800 
6 : 170654 234512 234513 170661 170663 261178 
6 : 234514 22417 234509 22424 240781 22418 
6 : 224660 145141 139716 145139 139714 139696 
6 : 24039 185832 180789 24036 24035 180778 
6 : 231714 30340 73592 30338 73590 30323 
6 : 234519 115612 234521 115617 258915 115622 
6 : 234559 48533 181550 48538 181554 48521 
6 : 234561 55610 216650 55617 216658 55602 
6 : 8244 2459 106180 2430 8233 2441 
6 : 196143 234663 119791 196148 119786 119796 
6 : 66230 135890 171545 66221 66222 135877 
6 : 216419 234679 15757 216431 15754 15770 
6 : 176838 219285 234723 176836 176842 219293 
6 : 234718 170271 73824 170272 73825 73814 
6 : 234726 192666 179011 192670 179013 179003 
6 : 140482 234741 212535 140483 140476 212536 
6 : 234762 213625 234765 213630 248752 213633 
6 : 183659 175466 234768 175459 183661 175467 
6 : 79035 225568 234780 79034 79043 225571 
6 : 131274 99506 161268 99493 131268 99494 
6 : 43612 234787 66814 43616 43599 66823 
6 : 234784 201372 114445 201377 114453 114431 
6 : 94905 47177 234790 47163 94908 47179 
6 : 85004 20818 78938 20800 78918 20798 
6 : 234812 213666 212590 213671 212593 212586 
6 : 234813 221214 180697 221225 180708 180693 
6 : 219190 219783 234816 219187 219191 219784 
6 : 71324 234852 234864 71326 71335 236346 
6 : 101659 90578 234867 90566 101666 90584 
6 : 185424 234881 90400 185426 90394 90402 
6 : 234880 208961 228626 208962 228628 208960 
6 : 209048 193551 154285 193547 154282 154280 
6 : 210715 120031 234932 120027 210726 120040 
6 : 234929 234927 178458 257425 178471 178468 
6 : 199593 234940 124369 199598 124363 124377 
6 : 101299 190928 203501 101294 101296 190920 
6 : 140110 234981 199949 140115 140104 199956 
6 : 234984 130116 197684 130117 197687 130112 
6 : 234986 223587 129192 223590 129200 129189 
6 : 198220 121750 235054 121745 198225 121756 
6 : 57604 235062 235057 57609 57605 235950 
6 : 28103 190286 108369 28101 28093 108360 
6 : 176244 106214 151460 106208 151448 106207 
6 : 235090 83477 219002 83479 219004 83472 
6 : 228879 226509 218001 226508 218000 217999 
6 : 2556 39296 235096 2542 2563 39305 
6 : 151958 84097 215390 84088 151955 84095 
6 : 214198 159344 209210 159342 209204 159341 
6 : 82958 235131 102715 82961 82947 102729 
6 : 233771 189546 13831 189545 13830 13824 
6 : 235130 159470 89247 159482 89261 89235 
6 : 235167 172497 235165 172511 263224 172509 
6 : 189712 168883 74902 168878 74893 74889 
6 : 197651 114279 84877 114269 84866 84855 
6 : 235202 215540 235199 215550 237229 215541 
6 : 69248 188189 235210 69245 69251 188198 
6 : 235205 229707 168425 229711 168428 168424 
6 : 235211 235208 235206 261544 252085 252083 
6 : 12937 173024 180412 12929 12932 173018 
6 : 71298 104244 46788 71291 46768 46769 
6 : 235223 164973 213100 164978 213106 164968 
6 : 151959 200834 133762 151953 133752 133756 
6 : 183676 77986 17296 77977 17292 17280 
6 : 9731 235322 151481 9732 9719 151485 
6 : 214733 235332 196957 214734 196956 196966 
6 : 230181 220916 37819 220913 37814 37811 
6 : 39004 235358 235357 39014 39009 263969 
6 : 219549 212796 81233 212794 81228 81226 
6 : 207913 235414 235409 207920 207916 255046 
6 : 222174 105018 192107 105016 192105 105010 
6 : 47345 173403 161146 47334 47332 161142 
6 : 235415 235421 175159 235526 175160 175174 
6 : 132574 122619 235427 122610 132581 122627 
6 : 197323 235425 105051 197329 105043 105057 
6 : 14891 235476 83262 14897 14880 83273 
6 : 130829 148350 224097 130819 130827 148347 
6 : 232978 235481 95610 232982 95609 95619 
6 : 21368 231883 235523 21366 21370 231885 
6 : 169257 66487 137064 66480 137054 66477 
6 : 132903 235585 107520 132909 107506 107526 
6 : 197726 235587 9118 197737 9110 9128 
6 : 235594 119403 35309 119410 35315 35299 
6 : 233157 28803 235634 28802 233159 28806 
6 : 184716 76334 219003 76327 184713 76331 
6 : 235647 231290 35429 231296 35436 35427 
6 : 106850 29071 234482 29060 106849 29070 
6 : 30825 78507 235702 30813 30831 78514 
6 : 39234 235703 216150 39237 39232 216162 
6 : 99372 186319 235705 99366 99378 186333 
6 : 186490 186547 193332 186483 186486 186543 
6 : 232663 213142 7837 213141 7835 7828 
6 : 235793 235790 216070 245803 216081 216072 
6 : 235803 229863 82528 229875 82537 82527 
6 : 120134 83990 235857 83978 120137 83995 
6 : 235859 160114 208604 160122 208612 160107 
6 : 187033 235864 235860 187038 187034 236828 
6 : 235861 125860 232312 125861 232314 125859 
6 : 20576 235869 180240 20584 20571 180251 
6 : 235866 235868 55389 263838 55398 55401 
6 : 235910 58041 235911 58048 256797 58050 
6 : 160309 139569 83406 139561 83396 83392 
6 : 98501 212895 160209 98497 98492 160205 
6 : 170655 210159 23682 170650 23673 23679 
6 : 205898 235918 18307 205907 18298 18313 
6 : 65509 49381 146665 49364 65499 49370 
6 : 32659 235961 134116 32660 32651 134117 
6 : 187581 22264 152666 22261 152659 22258 
6 : 104735 236030 80548 104746 80532 80561 
6 : 236021 24068 236026 24070 240139 24075 
6 : 202259 236034 167899 202262 167897 167906 
6 : 236046 236053 124282 259291 124291 124298 
6 : 236065 236064 127468 262117 127482 127481 
6 : 95724 222569 236069 95720 95728 222571 
6 : 17858 190253 77726 17852 17846 77716 
6 : 236085 180241 236083 180245 244729 180243 
6 : 217520 236099 186508 217529 186502 186521 
6 : 121913 236112 34527 121916 34508 34530 
6 : 78112 163125 66127 78099 66104 66114 
6 : 200926 62509 236126 62498 200927 62511 
6 : 192247 231975 201143 192244 192235 201141 
6 : 91169 107734 142929 91160 91161 107725 
6 : 236171 236168 236165 263505 243127 243125 
6 : 236172 236166 168813 246718 168828 168817 
6 : 236189 236181 107138 247594 107146 107140 
6 : 196106 54340 226615 54334 196104 54339 
6 : 236224 130507 178548 130512 178555 130498 
6 : 236279 236281 141673 240817 141676 141678 
6 : 236285 149625 57056 149635 57060 57041 
6 : 236286 236280 59315 245448 59323 59319 
6 : 192932 145251 236310 145248 192938 145255 
6 : 65858 45587 201778 45575 65855 45581 
6 : 95704 211358 236313 95701 95708 211364 
6 : 236326 214974 220141 214984 220151 214969 
6 : 236329 162989 167589 162992 167594 162983 
6 : 41081 236355 166168 41089 41072 166176 
6 : 236358 52773 144328 52777 144342 52765 
6 : 155218 236377 21124 155222 21110 21127 
6 : 13474 214600 236412 13471 13478 214606 
6 : 236411 50354 165673 50365 165685 50346 
6 : 150843 3540 136211 3529 136200 3526 
6 : 40584 70131 142930 40569 40575 70121 
6 : 84814 172077 233389 84801 84812 172075 
6 : 148496 187922 106181 148486 106164 106171 
6 : 234153 32414 196705 32413 196702 32407 
6 : 227058 161439 204504 161438 204502 161432 
6 : 56871 210859 108305 56867 56861 108300 
6 : 133496 166777 11660 133487 11649 11651 
6 : 236527 235152 236517 235166 249699 235158 
6 : 806 96900 236565 797 811 96908 
6 : 151111 227675 67063 151108 67044 67061 
6 : 236564 133351 210314 133355 210317 133348 
6 : 150038 80796 153646 80785 150030 80786 
6 : 232450 123814 236568 123812 232453 123818 
6 : 218241 153024 203215 153021 203206 153017 
6 : 153101 2927 236580 2917 153104 2933 
6 : 214199 110795 80385 110792 80383 80374 
6 : 227870 199475 175446 199472 175440 175436 
6 : 186464 213521 128062 186459 128052 128058 
6 : 20855 61394 146768 20842 20848 61387 
6 : 100640 148828 224933 100635 100639 148826 
6 : 33148 236681 236683 33153 33156 259860 
6 : 123216 236705 236706 123222 123226 256370 
6 : 145544 22334 236596 22321 145543 22333 
6 : 236716 230997 155 231001 162 153 
6 : 236723 181922 226112 181933 226126 181917 
6 : 14517 129731 210248 14494 14510 129724 
6 : 215691 236746 147681 215693 147674 147683 
6 : 58847 236749 62358 58848 58832 62359 
6 : 118950 236793 236797 118952 118956 244364 
6 : 236795 197665 236796 197668 248412 197669 
6 : 85005 93946 223383 84988 85003 93943 
6 : 186177 109560 236809 109551 186186 109568 
6 : 236804 157364 236806 157366 242911 157372 
6 : 33746 143150 13124 33738 13099 13113 
6 : 236844 236351 236848 236356 260133 236359 
6 : 236859 158235 111885 158237 111887 111872 
6 : 105312 204654 236896 105308 105319 204662 
6 : 157383 91833 98092 91821 98083 91816 
6 : 118420 214553 207439 118417 118414 207435 
6 : 236993 220558 207293 220564 207301 207289 
6 : 69130 231622 223495 69129 69128 223494 
6 : 226482 72104 137296 72102 137294 72089 
6 : 202418 91346 196061 91339 196053 91338 
6 : 202514 20750 77874 20746 77871 20733 
6 : 220099 170704 237105 170697 220107 170712 
6 : 20632 221314 20782 20627 20610 20779 
6 : 138295 204119 117234 138287 117218 117225 
6 : 52204 230269 237116 52203 52208 230271 
6 : 237141 224572 237139 224587 259137 224582 
6 : 122043 237147 237145 122050 122048 255249 
6 : 237154 237150 44085 244013 44093 44086 
6 : 55844 195109 43920 55838 43902 43912 
6 : 120902 85489 56784 85470 56762 56757 
6 : 79710 119571 176713 79697 79700 119562 
6 : 6846 51667 142387 6827 6835 51652 
6 : 58377 237230 198484 58378 58371 198486 
6 : 187717 140950 178650 140944 178644 140942 
6 : 172562 237234 6926 172563 6914 6927 
6 : 237235 225073 98313 225075 98315 98310 
6 : 117770 88726 151783 88711 117761 88715 
6 : 168859 237246 237245 168862 168861 248608 
6 : 237252 46498 212692 46503 212704 46492 
6 : 107758 237283 98209 107766 98188 98215 
6 : 173808 237282 205140 173812 173805 205145 
6 : 237285 219852 222189 219853 222192 219849 
6 : 209378 237296 217608 209383 209375 217622 
6 : 114503 237316 115286 114509 114489 115294 
6 : 38727 168404 104056 38719 38712 104050 
6 : 237332 146356 237334 146357 240600 146359 
6 : 154965 197603 150151 154960 150134 150137 
6 : 210936 9590 145932 9585 145924 9576 
6 : 189793 157185 237379 157177 189798 157187 
6 : 231987 78302 184642 78300 184640 78293 
6 : 237380 11837 60512 11842 60519 11820 
6 : 237388 233213 237386 233225 264527 233224 
6 : 237405 237408 237402 256043 245662 245667 
6 : 237431 237433 141674 252209 141681 141686 
6 : 131258 17411 216850 17399 131255 17410 
6 : 237436 44509 32569 44510 32573 32550 
6 : 72767 224934 88751 72763 72750 88750 
6 : 237482 235153 112029 235156 112035 112027 
6 : 237483 237490 111017 240257 111018 111025 
6 : 165200 237505 178204 165206 165192 178209 
6 : 17052 57755 237537 17041 17057 57761 
6 : 206656 237547 121641 206666 121633 121651 
6 : 237540 237543 237541 243246 243243 243519 
6 : 131422 237558 158992 131428 131417 159011 
6 : 181710 79580 175986 79571 175973 79570 
6 : 237559 49383 237566 49385 241426 49393 
6 : 237561 184178 4837 184188 4843 4829 
6 : 237602 146852 139025 146858 139035 139010 
6 : 119185 237624 113677 119188 113661 113687 
6 : 78903 237646 118189 78916 78891 118204 
6 : 204467 7647 196043 7642 196037 7641 
6 : 26674 237653 237649 26682 26676 252334 
6 : 237654 214535 237651 214547 261839 214543 
6 : 134278 165653 237658 134271 134283 165660 
6 : 13020 138520 235272 13009 13019 138519 
6 : 92825 237695 216151 92827 92822 216152 
6 : 234396 177516 237697 177515 234400 177521 
6 : 186378 122723 80283 122714 80273 80269 
6 : 107714 220186 237708 107711 107721 220196 
6 : 237702 235310 204817 235311 204819 204815 
6 : 237705 201617 237709 201619 248036 201626 
6 : 237707 237706 173494 253300 173503 173500 
6 : 197868 237742 148323 197875 148317 148338 
6 : 55899 237756 237750 55909 55903 252842 
6 : 164975 25118 218444 25108 164969 25115 
6 : 237799 111118 215635 111122 215643 111114 
6 : 237800 234731 125295 234738 125306 125294 
6 : 237847 222657 182266 222658 182268 182263 
6 : 47009 237853 7548 47014 7525 7556 
6 : 237859 237861 232344 247269 232351 232354 
6 : 237889 237892 237897 238980 238987 246118 
6 : 200587 167101 157211 167096 157203 157201 
6 : 237905 237904 214803 261485 214811 214809 
6 : 136484 56378 100921 56373 100911 56371 
6 : 237950 209500 59040 209508 59050 59032 
6 : 164577 237952 170976 164578 164571 170978 
6 : 170855 237954 237955 170859 170860 249724 
6 : 225614 237966 227302 225616 225609 227307 
6 : 63122 238005 118331 63128 63114 118343 
6 : 237999 238002 238003 243732 243733 258243 
6 : 221736 238006 235455 221739 221733 235460 
6 : 238007 238009 238011 261289 261290 264243 
6 : 87526 238056 238058 87528 87533 248493 
6 : 224053 129281 238065 129278 224057 129285 
6 : 238068 226558 220945 226561 220948 220942 
6 : 40320 87039 111158 40310 40312 87029 
6 : 238106 63897 238103 63911 239797 63898 
6 : 198372 238114 138790 198379 138787 138796 
6 : 77131 29650 238118 29636 77134 29656 
6 : 238116 31700 238122 31702 248303 31710 
6 : 55043 91191 238163 55031 55047 91194 
6 : 94626 159795 238164 94615 94628 159796 
6 : 238221 238222 220946 261708 220954 220957 
6 : 234168 230906 238274 230905 234175 230914 
6 : 238276 182313 238277 182316 262383 182317 
6 : 238278 212169 39367 212179 39376 39361 
6 : 163803 196044 238308 163796 163811 196052 
6 : 238314 140160 122765 140162 122767 122750 
6 : 7071 238319 228024 7075 7067 228030 
6 : 94281 185932 61032 94277 61016 61022 
6 : 139026 158751 227199 139012 139021 158747 
6 : 87240 121642 238340 87225 87253 121654 
6 : 119101 238338 238334 119110 119103 243525 
6 : 238339 154770 105908 154780 105917 105894 
6 : 238372 238371 206291 250907 206298 206297 
6 : 19352 149675 201144 19346 19348 149666 
6 : 158829 238381 128908 158836 128899 128916 
6 : 238383 227711 97452 227726 97462 97448 
6 : 238385 11016 9275 11023 9285 9255 
6 : 83629 238425 189224 83632 83625 189225 
6 : 238464 238462 196455 254032 196461 196459 
6 : 5130 238470 237779 5134 5129 237786 
6 : 50989 3857 238475 3844 50998 3867 
6 : 111983 20311 179857 20298 111976 20302 
6 : 238474 186900 153849 186911 153857 153841 
6 : 238476 161476 19127 161477 19130 19115 
6 : 163398 238291 238510 163397 163400 238296 
6 : 237509 238512 188445 237515 188444 188449 
6 : 194694 14297 238520 14290 194702 14304 
6 : 238528 111159 238529 111168 263604 111169 
6 : 203822 60863 200010 60859 200007 60857 
6 : 156281 171209 238569 156279 156283 171212 
6 : 238572 123360 179230 123367 179235 123353 
6 : 193453 235994 191952 193451 191941 191951 
6 : 37167 224517 238622 37166 37173 224521 
6 : 11475 58521 211818 11461 11470 58516 
6 : 26916 208486 157186 26908 26905 157178 
6 : 229942 35163 2190 35161 2186 2165 
6 : 193958 171599 238659 171592 193959 171600 
6 : 195551 237620 77089 195550 77084 77088 
6 : 225383 114036 238707 114035 225392 114042 
6 : 238702 164783 238704 164787 244331 164791 
6 : 105748 238713 98055 105758 98040 98073 
6 : 238748 63706 238752 63708 240731 63716 
6 : 238750 205943 238751 205955 258427 205956 
6 : 238767 238765 73982 255903 73992 73988 
6 : 57426 81319 111788 57413 57416 81311 
6 : 238816 238818 55214 243290 55217 55223 
6 : 238820 238817 176345 253362 176355 176350 
6 : 198083 96131 238842 96124 198092 96144 
6 : 238860 126623 70101 126624 70102 70082 
6 : 238866 228792 238863 228804 257231 228799 
6 : 238874 238867 238871 245590 257714 245586 
6 : 49099 236340 181181 49098 49093 181180 
6 : 238922 213320 192010 213327 192017 192006 
6 : 238924 238921 218769 256094 218779 218774 
6 : 20902 238729 238925 20901 20905 238733 
6 : 238927 232345 158588 232355 158594 158584 
6 : 101914 153770 238933 101905 101920 153776 
6 : 213321 142209 238931 142203 213323 142210 
6 : 179652 87017 238960 87014 179653 87018 
6 : 183267 218318 238961 183265 183268 218323 
6 : 74089 71874 238968 71857 74093 71878 
6 : 116190 124920 1884 116179 1863 1866 
6 : 32731 100794 6120 32715 6091 6098 
6 : 218607 171809 239004 171808 218616 171818 
6 : 177309 26185 239014 26181 177316 26196 
6 : 182994 105909 239058 105901 182995 105910 
6 : 186346 100795 154495 100788 154487 100783 
6 : 239103 239109 239102 251313 246579 246586 
6 : 239111 65571 38202 65572 38204 38183 
6 : 239121 239122 239129 242076 242084 243885 
6 : 221923 189692 218784 189691 218781 189689 
6 : 239190 228127 66510 228132 66519 66508 
6 : 239192 239188 239196 255547 262970 255555 
6 : 203444 239237 53574 203450 53568 53584 
6 : 179617 41923 52922 41919 52915 41912 
6 : 231716 180559 237264 180557 231715 180558 
6 : 97359 239289 105559 97369 97352 105575 
6 : 165181 50944 211589 50933 165179 50940 
6 : 228716 15224 239294 15220 228722 15234 
6 : 190541 74521 73459 74512 73452 73442 
6 : 196046 221767 135209 196041 135199 135205 
6 : 97115 131730 198485 97107 97112 131722 
6 : 194208 239346 239347 194212 194213 249078 
6 : 239373 193263 226302 193266 226303 193259 
6 : 228057 122533 39174 122530 39167 39150 
6 : 110769 103158 151039 103142 110764 103147 
6 : 145438 234789 93414 145436 93404 93413 
6 : 239407 239409 170949 246799 170950 170955 
6 : 114812 239448 105099 114815 105084 105101 
6 : 158007 114640 125500 114629 125494 114625 
6 : 239454 187441 239453 187444 258739 187443 
6 : 239466 215173 239461 215184 248353 215177 
6 : 239480 239481 239484 244966 244968 253984 
6 : 233380 153868 197927 153867 197925 153861 
6 : 190204 219842 239493 190200 190206 219844 
6 : 239502 190762 205367 190769 205378 190756 
6 : 48658 239538 178107 48663 48646 178118 
6 : 145783 158438 239545 145775 145788 158446 
6 : 186944 172859 239542 172853 186949 172864 
6 : 6633 239564 209038 6639 6628 209044 
6 : 239559 127650 40178 127654 40183 40166 
6 : 160358 239593 239596 160363 160364 262492 
6 : 140774 231391 24959 140772 24947 24958 
6 : 239601 30641 46065 30642 46072 30622 
6 : 95504 239661 239654 95513 95505 240750 
6 : 239655 239663 239664 243430 243431 262678 
6 : 2869 166877 51881 2864 2856 51872 
6 : 98465 177927 55782 98455 55764 55772 
6 : 198043 239670 235553 198055 198042 235566 
6 : 226536 204918 22781 204913 22776 22771 
6 : 188642 79352 12647 79343 12628 12616 
6 : 5739 17412 143663 5720 5731 17402 
6 : 231472 239715 124019 231476 124016 124030 
6 : 173378 206593 223148 173374 173377 206589 
6 : 216331 206009 239742 206003 216334 206016 
6 : 211297 239746 204919 211299 204911 204922 
6 : 36765 239760 239752 36774 36766 241834 
6 : 111616 239758 108338 111626 108319 108350 
6 : 239759 239753 239755 246949 253598 246943 
6 : 139753 239804 94532 139755 94520 94540 
6 : 146164 141972 239809 141963 146171 141978 
6 : 38753 239819 237578 38762 38750 237591 
6 : 48981 239811 239818 48984 48988 241085 
6 : 239842 103553 226231 103554 226232 103550 
6 : 239846 140054 105021 140062 105028 105005 
6 : 239850 35874 60012 35881 60022 35855 
6 : 111668 239896 147455 111671 111658 147459 
6 : 6680 239914 226441 6689 6678 226456 
6 : 239912 126645 239908 126653 249051 126650 
6 : 122941 150326 239950 122937 122943 150329 
6 : 28426 79458 239955 28409 28431 79465 
6 : 154747 239988 112952 154752 112941 112957 
6 : 158540 44961 229353 44948 158538 44958 
6 : 219867 198266 91867 198260 91857 91854 
6 : 239998 143790 233851 143791 233852 143787 
6 : 55044 152127 231779 55038 55042 152124 
6 : 19675 240034 240033 19677 19676 246689 
6 : 187442 170977 230248 170964 187438 170974 
6 : 157635 48164 240098 48159 157642 48173 
6 : 209175 240107 240103 209178 209176 251637 
6 : 240147 197325 116915 197330 116920 116911 
6 : 62285 240150 148830 62292 62280 148837 
6 : 226843 215636 213697 215632 213696 213694 
6 : 58401 83772 108703 58385 58388 83759 
6 : 237881 173781 170882 173779 170881 170869 
6 : 17704 64445 216298 17685 17698 64441 
6 : 981 38042 131883 968 974 38030 
6 : 130337 240199 240205 130339 130348 246463 
6 : 24370 240227 149860 24373 24357 149868 
6 : 240224 240225 173238 255530 173246 173247 
6 : 176676 240246 83538 176683 83526 83546 
6 : 188411 240244 240245 188414 188418 259448 
6 : 57728 129797 240251 57716 57739 129806 
6 : 160653 240248 202007 160654 160642 202011 
6 : 207249 240256 240258 207251 207258 248027 
6 : 37445 214928 216299 37441 37442 214925 
6 : 240290 177611 63742 177621 63752 63731 
6 : 31428 238530 220748 31427 31426 220747 
6 : 240293 207645 208435 207649 208441 207638 
6 : 205976 189446 240340 189442 205985 189455 
6 : 76250 37628 240348 37612 76259 37640 
6 : 132136 92080 240344 92068 132142 92085 
6 : 182765 166331 85519 166322 85511 85506 
6 : 193535 118439 89912 118435 89902 89894 
6 : 240379 149900 240380 149902 245402 149903 
6 : 240382 240385 33364 259504 33372 33373 
6 : 240383 150233 154402 150238 154410 150229 
6 : 68257 70649 155428 68239 68247 70638 
6 : 200539 54074 31737 54069 31730 31713 
6 : 35720 240397 169470 35725 35712 169472 
6 : 212651 150878 208073 150875 208068 150873 
6 : 240436 79132 9451 79138 9460 9432 
6 : 150507 169383 32922 150497 32914 32915 
6 : 240439 240442 38785 253046 38790 38797 
6 : 119478 171728 208289 119468 119473 171721 
6 : 130465 46559 192758 46544 130456 46549 
6 : 240486 234075 69989 234078 69994 69987 
6 : 12503 81893 240489 12491 12504 81894 
6 : 152321 240492 3697 152325 3686 3702 
6 : 240525 240354 240528 240356 250955 240365 
6 : 184093 222377 35164 184088 35153 35158 
6 : 240534 240532 181376 253312 181389 181385 
6 : 47561 240537 240536 47569 47563 253865 
6 : 240535 238627 105022 238629 105024 105019 
6 : 240461 37071 240548 37070 240464 37073 
6 : 240571 158562 45389 158566 45398 45371 
6 : 240573 240572 25151 260077 25160 25156 
6 : 204177 127532 170671 127527 170666 127526 
6 : 2155 240578 220187 2156 2152 220190 
6 : 240598 46036 240588 46047 246025 46038 
6 : 135774 166675 215796 135767 135769 166668 
6 : 240625 240623 240621 262490 248161 248156 
6 : 112469 102014 84447 102002 84430 84429 
6 : 158867 134280 240628 134269 158873 134285 
6 : 152965 152983 42932 152961 42922 42923 
6 : 240660 101682 90975 101684 90976 90957 
6 : 218429 240670 126415 218434 126410 126426 
6 : 227879 22299 154260 22295 154258 22284 
6 : 174109 240715 240717 174110 174113 242526 
6 : 204799 169800 240723 169796 204809 169807 
6 : 240738 64446 29973 64451 29985 29955 
6 : 172252 48983 166237 48972 166226 48970 
6 : 29042 117588 172781 29028 29035 117576 
6 : 238074 124836 194328 124835 194327 124825 
6 : 192962 100490 240807 100485 192968 100496 
6 : 158620 169184 43044 158613 43033 43034 
6 : 187398 126489 145969 126482 145961 126480 
6 : 240815 130037 240816 130043 261202 130044 
6 : 118586 220869 67927 118584 67905 67921 
6 : 240850 100285 89772 100287 89776 89750 
6 : 181778 29482 224987 29474 181776 29480 
6 : 101515 48313 231918 48299 101513 48312 
6 : 190212 154123 88967 154116 88960 88956 
6 : 147324 196029 240944 147318 147330 196035 
6 : 51323 236475 113763 51321 51315 113760 
6 : 190566 240982 240474 190570 190565 240479 
6 : 151287 240133 241040 151286 151296 240143 
6 : 241038 241039 170487 259288 170493 170495 
6 : 241045 229633 175251 229636 175254 175249 
6 : 109048 170739 100187 109039 100165 100174 
6 : 137749 75877 241072 75856 137750 75880 
6 : 136761 30265 232022 30250 136757 30262 
6 : 166480 132276 241092 132266 166488 132282 
6 : 209884 241094 60575 209894 60571 60591 
6 : 241099 155993 241097 156005 258892 155998 
6 : 241105 120784 241101 120790 254537 120787 
6 : 40796 241112 58767 40803 40780 58774 
6 : 128274 90579 241138 90569 128275 90581 
6 : 195254 241139 42462 195256 42456 42466 
6 : 235251 19386 85999 19384 85996 19367 
6 : 239603 27586 236915 27585 236914 27584 
6 : 39032 241188 241189 39035 39037 254031 
6 : 106537 241190 182692 106545 106531 182701 
6 : 116301 241191 6282 116307 6269 6292 
6 : 241201 229354 208202 229357 208205 208198 
6 : 213746 192593 241235 192586 213748 192594 
6 : 241238 241236 241239 249030 253106 249036 
6 : 227689 43921 241247 43917 227695 43930 
6 : 125963 87723 89773 87706 89754 87702 
6 : 67026 241274 139465 67032 67007 139472 
6 : 220438 241292 112615 220445 112612 112626 
6 : 241294 210769 241289 210779 247666 210770 
6 : 85062 241298 37952 85067 37934 37958 
6 : 160116 241299 220269 160123 160110 220279 
6 : 204956 219357 225332 204952 204953 219353 
6 : 241297 135565 150610 135570 150615 135549 
6 : 241304 34203 20663 34213 20672 20640 
6 : 104660 52512 159472 52490 104650 52499 
6 : 59362 4639 241346 4626 59363 4647 
6 : 212155 161031 241357 161026 212162 161041 
6 : 241356 241353 4040 252050 4057 4047 
6 : 8608 150445 188040 8601 8604 150441 
6 : 65259 143260 33057 65247 33043 33045 
6 : 241392 229943 241394 229946 245838 229948 
6 : 2773 1069 241411 1044 2780 1076 
6 : 211661 60172 57489 60170 57484 57468 
6 : 219453 148127 241412 148125 219454 148128 
6 : 227821 203372 210290 203370 210289 203367 
6 : 69905 232300 241435 69903 69908 232302 
6 : 216978 241436 210654 216984 210650 210659 
6 : 958 17002 9384 944 942 9356 
6 : 69131 199318 188900 69124 69122 188888 
6 : 241452 151238 241450 151245 256131 151243 
6 : 39681 153119 241484 39672 39689 153130 
6 : 241481 229513 241483 229523 261154 229526 
6 : 241500 241498 241493 260505 243126 243124 
6 : 197856 207767 241524 197852 197861 207773 
6 : 159682 228833 215936 159678 159675 215930 
6 : 174722 223017 87077 174718 87059 87068 
6 : 241528 128934 237935 128937 237939 128932 
6 : 140865 241534 216634 140869 140862 216638 
6 : 178853 241537 241535 178861 178856 255519 
6 : 212224 11838 241546 11830 212225 11840 
6 : 74751 241568 146453 74757 74744 146458 
6 : 37754 217597 216449 37748 37747 216443 
6 : 227703 241614 130628 227706 130624 130637 
6 : 44511 126534 195990 44497 44505 126525 
6 : 49156 94651 94404 49148 49147 94387 
6 : 241672 238845 241671 238855 262521 238854 
6 : 196175 241674 199560 196176 196171 199561 
6 : 195343 241714 241715 195346 195349 256959 
6 : 191549 20603 233049 20595 191548 20600 
6 : 241719 241720 137270 262923 137276 137277 
6 : 129014 129383 233899 128999 129013 129382 
6 : 205047 101053 241723 101047 205052 101060 
6 : 7294 193264 169101 7288 7285 169088 
6 : 228709 177226 241759 177223 228712 177228 
6 : 205188 70523 22445 70513 22437 22427 
6 : 241764 168667 166617 168672 166626 166600 
6 : 241765 235837 241761 235850 243443 235840 
6 : 166570 241771 1070 166572 1058 1071 
6 : 156842 189693 241796 156837 156846 189696 
6 : 73557 87694 241804 73541 73567 87701 
6 : 213460 170720 68001 170717 67995 67990 
6 : 70759 84664 131670 70749 70751 84654 
6 : 241809 214321 241806 214326 247300 214322 
6 : 33495 241846 162832 33496 33482 162833 
6 : 111244 85724 71824 85711 71808 71802 
6 : 241849 136621 183210 136627 183218 136612 
6 : 224314 96863 109066 96860 109062 96849 
6 : 224379 19254 126953 19250 126949 19240 
6 : 241856 179325 205070 179328 205074 179316 
6 : 241858 241855 9969 244596 9975 9970 
6 : 241860 241861 234749 262066 234755 234756 
6 : 224387 241873 182267 224394 182264 182273 
6 : 69378 161643 141781 69371 69370 141769 
6 : 34493 85624 33366 34473 33338 33341 
6 : 193596 241907 3698 193602 3688 3705 
6 : 241950 138402 467 138409 478 453 
6 : 241988 241991 173050 245355 173052 173058 
6 : 200659 218430 131671 200655 131660 131665 
6 : 221616 84665 42048 84662 42041 42032 
6 : 218760 241999 105561 218762 105555 105564 
6 : 242043 226356 217598 226358 217600 217593 
6 : 74604 92659 231780 74592 74602 92656 
6 : 82815 242053 233124 82820 82813 233130 
6 : 233144 242095 242100 233146 233148 252560 
6 : 242097 165538 224278 165543 224284 165534 
6 : 242098 242096 188708 254463 188720 188716 
6 : 236196 100517 161751 100514 161750 100505 
6 : 233183 187572 227181 187571 227178 187569 
6 : 242203 112818 113544 112827 113552 112802 
6 : 16750 169953 214101 16740 16744 169947 
6 : 193826 242240 14063 193830 14054 14066 
6 : 242245 242244 226233 253862 226238 226237 
6 : 201822 242257 190230 201826 190224 190236 
6 : 240306 80413 107276 80412 107275 80400 
6 : 127074 231008 145620 127071 127061 145617 
6 : 163566 135514 60576 135502 60564 60561 
6 : 242313 144392 211002 144404 211014 144387 
6 : 179383 185059 133434 179377 133416 133419 
6 : 176256 96737 219685 96727 176252 96733 
6 : 97652 125946 242344 97641 97660 125954 
6 : 242343 96738 235169 96742 235175 96736 
6 : 57779 24867 31135 24847 31111 24844 
6 : 182913 146526 235996 146517 182910 146525 
6 : 201132 105192 191953 105181 191944 105178 
6 : 19334 141973 201900 19327 19332 141970 
6 : 78799 163540 242437 78790 78806 163545 
6 : 79959 178276 203457 79950 79954 178267 
6 : 192175 220790 242443 192169 192179 220795 
6 : 63307 215438 29400 63302 29381 29397 
6 : 224593 238989 168907 224590 168901 168905 
6 : 242478 228490 9769 228492 9770 9764 
6 : 242480 220457 201547 220464 201558 201540 
6 : 191598 75034 29247 75029 29238 29222 
6 : 117309 90263 198084 90249 117302 90254 
6 : 207874 230472 242520 207869 207883 230483 
6 : 242557 242555 221998 252274 222004 222001 
6 : 242577 196796 204843 196801 204848 196789 
6 : 171681 235170 84839 171680 84827 84837 
6 : 232403 135631 188682 135630 188677 135626 
6 : 242640 242646 242639 250184 249481 249487 
6 : 242644 226575 189140 226583 189148 189135 
6 : 242651 167282 181843 167283 181844 167273 
6 : 166571 146908 195766 146896 166563 146901 
6 : 125164 242665 195767 125169 125155 195772 
6 : 241401 242667 205582 241410 205580 205588 
6 : 150860 164750 174062 150850 150853 164741 
6 : 93128 242711 195284 93137 93122 195293 
6 : 217185 242750 78830 217195 78824 78843 
6 : 186245 223084 158 186241 146 149 
6 : 231613 20523 183778 20522 183775 20517 
6 : 242800 62671 128820 62673 128826 62657 
6 : 242814 99912 242811 99919 250524 99915 
6 : 231314 203031 70557 203029 70555 70545 
6 : 6635 242845 33646 6636 6619 33649 
6 : 141515 176370 130071 141506 130051 130055 
6 : 64145 181904 86000 64141 64131 85991 
6 : 206279 138536 242857 138531 206284 138541 
6 : 218114 76924 199240 76921 199236 76919 
6 : 242864 61682 242862 61688 247207 61685 
6 : 120757 86022 170589 86012 120749 86015 
6 : 138584 15688 67645 15677 67634 15670 
6 : 167869 218255 242902 167863 167876 218264 
6 : 205478 183566 242900 183557 205485 183575 
6 : 201967 242940 242939 201969 201968 247026 
6 : 231485 190643 149862 190640 149856 149848 
6 : 227422 242962 242955 227430 227423 244903 
6 : 87242 44225 242968 44208 87244 44229 
6 : 214128 242989 44678 214134 44674 44682 
6 : 242990 88944 116541 88948 116544 88931 
6 : 193682 243000 242997 193689 193687 258726 
6 : 154863 227139 243008 154859 154871 227148 
6 : 243005 243007 127936 254581 127940 127944 
6 : 181698 82649 243010 82643 181699 82652 
6 : 234870 37040 20968 37038 20966 20943 
6 : 95588 55489 36799 55478 36782 36778 
6 : 5920 173855 243079 5909 5921 173859 
6 : 192793 220127 22927 192789 22916 22921 
6 : 228598 217138 243081 217136 228603 217145 
6 : 239361 243084 41550 239371 41549 41558 
6 : 161054 170721 80934 161045 80923 80925 
6 : 243087 27251 243088 27254 250253 27259 
6 : 80715 83481 10726 80706 10704 10705 
6 : 242391 225317 213233 225315 213231 213228 
6 : 243134 243131 243132 255904 261277 255902 
6 : 24802 17232 243138 17209 24808 17237 
6 : 89032 243136 158261 89035 89027 158268 
6 : 243139 243140 8638 264745 8650 8651 
6 : 243144 178597 99681 178601 99685 99672 
6 : 243182 221967 243176 221978 259386 221973 
6 : 130559 53437 230749 53421 130554 53433 
6 : 134837 140798 102318 134828 102305 102306 
6 : 155158 220791 195671 155154 155149 195666 
6 : 202617 243223 27832 202619 27828 27834 
6 : 30857 243228 225644 30865 30854 225650 
6 : 33942 243227 215261 33944 33935 215264 
6 : 243229 215408 226513 215417 226519 215404 
6 : 196825 243231 195963 196828 195955 195967 
6 : 243233 35847 240368 35851 240374 35846 
6 : 133225 157046 98950 133218 98935 98939 
6 : 121103 243308 17470 121107 17453 17477 
6 : 227450 143651 219868 143648 219864 143646 
6 : 93071 36183 235339 36163 93069 36179 
6 : 243315 243317 157948 255894 157952 157956 
6 : 243318 203285 230981 203293 230994 203282 
6 : 88499 87166 166170 87149 88491 87160 
6 : 240216 170137 86644 170136 86643 86635 
6 : 92439 144489 78376 92424 78359 78361 
6 : 86153 140316 173497 86141 86144 140308 
6 : 32002 230508 77602 31998 31980 77596 
6 : 243371 90769 96954 90773 96962 90754 
6 : 209729 53256 238448 53249 209728 53254 
6 : 220043 243456 135989 220047 135985 135996 
6 : 240576 204821 243452 204818 240579 204823 
6 : 49992 221327 243494 49988 49994 221333 
6 : 188617 128471 127441 128461 127431 127425 
6 : 58548 236635 66924 58544 58532 66920 
6 : 94606 84143 133972 84132 94600 84133 
6 : 24778 142722 229026 24763 24776 142719 
6 : 184242 222918 137429 184238 137410 137423 
6 : 243506 232035 203537 232042 203547 203534 
6 : 243533 243534 225810 264589 225817 225818 
6 : 167394 6878 223385 6865 167390 6874 
6 : 23233 86815 109094 23214 23215 86796 
6 : 145030 221798 243578 145026 145033 221804 
6 : 243576 243579 47948 254519 47953 47963 
6 : 243580 174111 61987 174116 61999 61976 
6 : 49521 243584 115288 49528 49508 115291 
6 : 96043 243603 195126 96044 96033 195130 
6 : 239292 243624 163017 239295 163015 163023 
6 : 243634 205648 243630 205658 256747 205655 
6 : 218642 243640 243641 218647 218648 255485 
6 : 2611 155406 243678 2603 2616 155410 
6 : 92168 105638 86541 92160 86516 86518 
6 : 207264 224535 206820 207261 206813 206817 
6 : 146435 145680 241787 145669 146433 145679 
6 : 243684 199720 243682 199726 261474 199724 
6 : 61111 243727 27833 61118 27813 27842 
6 : 84941 186321 243734 84933 84951 186331 
6 : 192963 182853 243770 182848 192969 182863 
6 : 243771 243767 20057 260966 20066 20060 
6 : 200972 13644 63334 13639 63326 13631 
6 : 98280 208097 180519 98274 98270 180507 
6 : 243809 186902 218538 186909 218550 186896 
6 : 153955 221129 204899 153950 153946 204895 
6 : 34617 212362 243858 34613 34620 212366 
6 : 23285 194521 12973 23279 12946 12965 
6 : 150943 230740 32311 150941 32295 32307 
6 : 40941 11839 243865 11819 40943 11841 
6 : 143175 157471 187516 143166 143169 157465 
6 : 243896 138522 201456 138523 201459 138513 
6 : 164341 49892 179776 49879 164337 49883 
6 : 182854 233214 243923 182852 182861 233221 
6 : 141495 230530 1886 141492 1867 1882 
6 : 162307 243942 122312 162313 122298 122318 
6 : 177708 228665 188759 177704 177701 188755 
6 : 234728 243879 244003 234727 234729 243881 
6 : 159292 244012 230531 159299 159291 230542 
6 : 244009 141496 234910 141500 234914 141493 
6 : 170346 198596 127793 170342 127782 127787 
6 : 244019 157472 68991 157475 68997 68978 
6 : 37995 80613 87527 37981 37982 80602 
6 : 244059 179717 243952 179724 243960 179716 
6 : 244100 219287 244099 219290 246356 219288 
6 : 244108 157901 230341 157911 230350 157898 
6 : 167003 121644 131401 121628 131387 121626 
6 : 10681 244148 244153 10683 10695 246226 
6 : 178173 182246 213433 178163 178169 182241 
6 : 177412 240745 57643 177410 57633 57641 
6 : 244272 244275 79094 259187 79098 79101 
6 : 15226 213685 203695 15218 15216 203688 
6 : 195188 206613 214237 195181 195183 206606 
6 : 126851 244315 244318 126853 126856 251871 
6 : 193153 211833 237630 193146 193150 211829 
6 : 244316 86685 244320 86688 254799 86694 
6 : 235599 128909 97454 128907 97451 97439 
6 : 244325 244322 89140 254804 89148 89145 
6 : 82005 244381 244380 82011 82010 258704 
6 : 94017 244377 203696 94020 94011 203698 
6 : 244378 197804 15227 197808 15233 15215 
6 : 45327 235155 244386 45324 45328 235161 
6 : 174528 197088 112033 174521 112019 112022 
6 : 244389 134412 223004 134419 223011 134407 
6 : 98659 177366 224453 98650 98655 177361 
6 : 183883 150126 80490 150119 80484 80478 
6 : 78644 244426 244425 78647 78645 244631 
6 : 227561 70684 130601 70680 130595 70670 
6 : 241252 163824 243886 163821 241251 163823 
6 : 244427 106969 244428 106973 260202 106975 
6 : 244435 244430 102554 249358 102563 102555 
6 : 168600 229075 195285 168595 168593 195279 
6 : 227079 176152 51917 176150 51910 51902 
6 : 244464 244465 244469 253642 253646 257856 
6 : 226791 244473 244471 226800 226795 258219 
6 : 93361 191861 97085 93354 93344 97077 
6 : 192158 218655 244493 192152 192164 218659 
6 : 244511 244509 244510 245833 248994 245831 
6 : 41023 244518 239335 41026 41022 239338 
6 : 176399 68873 64498 68865 64486 64477 
6 : 138963 244558 229307 138966 138957 229313 
6 : 203032 100662 36224 100654 36218 36202 
6 : 244562 109291 70558 109300 70570 70536 
6 : 130483 226963 222505 130482 130480 222502 
6 : 126823 8301 40322 8288 40313 8282 
6 : 214739 244613 244610 214750 214747 261994 
6 : 244616 158058 207941 158062 207950 158053 
6 : 244628 244625 126900 256352 126903 126902 
6 : 82792 238255 241024 82790 82791 238251 
6 : 116740 197821 242227 116732 116738 197818 
6 : 65107 227952 217581 65103 65102 217578 
6 : 227992 244655 225518 227996 225515 225527 
6 : 243600 122077 135806 122076 135805 122058 
6 : 13021 67865 73957 13004 13005 67843 
6 : 126510 96865 142011 96850 126496 96853 
6 : 164280 185241 235274 164276 164279 185238 
6 : 204094 5321 140544 5313 140537 5306 
6 : 124584 235808 244704 124583 124585 235809 
6 : 79438 244719 232023 79443 79434 232031 
6 : 233331 11343 168988 11339 168980 11328 
6 : 191087 244780 89913 191090 89901 89919 
6 : 146166 76349 244782 76344 146170 76352 
6 : 88826 244792 209354 88831 88822 209358 
6 : 27665 146973 244815 27658 27675 146984 
6 : 17382 18190 244819 17366 17385 18196 
6 : 241685 218343 209780 218340 209778 209772 
6 : 244866 43135 81480 43141 81493 43115 
6 : 195205 148623 110477 148612 110467 110463 
6 : 244906 105313 185768 105316 185772 105306 
6 : 196177 244918 122163 196181 122154 122170 
6 : 244920 82980 238190 82987 238200 82978 
6 : 33270 119461 235514 33258 33267 119458 
6 : 141938 215751 97086 141932 97071 97082 
6 : 155065 195749 197759 155056 155057 195741 
6 : 117171 157575 87927 117162 87917 87920 
6 : 130324 240643 41426 130323 41404 41422 
6 : 128104 245011 245012 128113 128116 263361 
6 : 228656 228048 18000 228046 17998 17997 
6 : 235926 35397 245043 35394 235931 35404 
6 : 245045 79068 217856 79070 217858 79065 
6 : 110758 148309 128065 110748 110745 128048 
6 : 234680 245078 245080 234682 234683 251679 
6 : 239905 245085 244304 239911 239904 244307 
6 : 243208 245089 245088 243219 243218 263851 
6 : 171682 245128 178485 171690 171675 178494 
6 : 245130 141082 235171 141090 235180 141079 
6 : 201584 217512 202064 201578 201574 202058 
6 : 245168 242178 166620 242187 166629 166618 
6 : 119282 97405 49819 97392 49798 49797 
6 : 189449 55638 138101 55629 138092 55625 
6 : 244677 245173 245172 244684 244681 253004 
6 : 238180 115236 46009 115234 46006 45993 
6 : 81762 173950 245207 81749 81769 173958 
6 : 115865 230458 185346 115863 115853 185342 
6 : 225750 68298 159497 68295 159493 68287 
6 : 245243 89879 241554 89880 241555 89878 
6 : 83630 245253 245252 83641 83639 263307 
6 : 126871 245258 137067 126876 126859 137076 
6 : 222283 74523 245264 74519 222291 74533 
6 : 245282 158104 30962 158105 30963 30954 
6 : 245284 245286 240836 254262 240838 240839 
6 : 245292 245291 109590 255048 109597 109591 
6 : 50895 199477 245294 50885 50896 199481 
6 : 5998 245323 89914 6005 5984 89922 
6 : 28867 143452 148234 28855 28856 143443 
6 : 140587 122289 239577 122272 140585 122288 
6 : 163106 245361 47950 163110 47934 47961 
6 : 245359 67204 234700 67206 234704 67202 
6 : 195014 58402 190091 58395 190078 58394 
6 : 245367 147354 245366 147362 260243 147360 
6 : 83993 245373 245013 83996 83992 245017 
6 : 98779 208605 220271 98775 98777 208600 
6 : 225972 102165 162813 102158 162808 102153 
6 : 228853 245386 161752 228860 161749 161760 
6 : 194874 233558 208204 194871 194864 208200 
6 : 245404 134299 245405 134300 245565 134301 
6 : 113884 114797 96134 113873 96117 96118 
6 : 103189 36634 210803 36614 103181 36625 
6 : 245444 184442 245445 184444 251060 184446 
6 : 22664 245474 245475 22669 22670 257801 
6 : 242588 245481 212032 242591 212031 212035 
6 : 116324 245512 129308 116327 116310 129311 
6 : 29862 2494 245518 2467 29863 2495 
6 : 94652 245519 51668 94653 51647 51673 
6 : 215711 197992 156439 197985 156434 156432 
6 : 203659 245521 245529 203661 203667 246109 
6 : 245526 239775 214466 239784 214471 214462 
6 : 245542 123784 221896 123792 221911 123778 
6 : 135411 178372 245557 135402 135420 178379 
6 : 114708 204423 245602 114701 114710 204426 
6 : 136318 245605 63789 136324 63768 63798 
6 : 218031 78113 6284 78104 6279 6263 
6 : 174402 210599 127324 174397 127311 127319 
6 : 245635 91596 153558 91600 153562 91582 
6 : 87670 240857 234692 87669 87667 234690 
6 : 245649 245645 206295 255679 206305 206300 
6 : 42002 245695 245696 42005 42006 250565 
6 : 229727 75565 185705 75561 185702 75555 
6 : 2965 146671 245700 2953 2968 146673 
6 : 201193 242491 245702 201192 201197 242493 
6 : 228900 8640 190892 8636 190888 8627 
6 : 96523 66383 239383 66360 96518 66381 
6 : 32541 245735 216357 32547 32534 216368 
6 : 108308 169928 98595 108296 98572 98576 
6 : 198529 145370 65034 145366 65022 65017 
6 : 245773 245775 200686 262236 200692 200695 
6 : 155633 22026 245776 22011 155634 22027 
6 : 176867 153409 245777 153397 176870 153413 
6 : 219525 245780 245778 219532 219529 257267 
6 : 242637 13834 79876 13833 79875 13817 
6 : 238203 139720 161572 139717 161568 139698 
6 : 128762 150996 8802 128755 8789 8792 
6 : 127653 35165 245840 35145 127659 35171 
6 : 205784 206142 17736 205780 17728 17729 
6 : 162285 113789 245878 113780 162294 113796 
6 : 73263 245898 180723 73270 73251 180733 
6 : 182782 215953 107277 182776 107263 107267 
6 : 245900 98178 187518 98179 187519 98168 
6 : 144372 245910 245908 144379 144377 251583 
6 : 216718 204844 237922 204833 216716 204840 
6 : 245950 21503 245946 21511 250198 21505 
6 : 140707 209000 194968 140704 140703 194964 
6 : 113960 60638 74357 60623 74341 60621 
6 : 128448 188060 231830 128439 128446 188056 
6 : 245957 148211 236298 148214 236302 148209 
6 : 84194 228272 93417 84191 84178 93412 
6 : 37895 245996 240168 37902 37892 240178 
6 : 246002 12172 191199 12175 191206 12159 
6 : 246041 246043 63335 258837 63339 63340 
6 : 246047 80908 117559 80913 117566 80890 
6 : 166412 246086 230765 166419 166407 230774 
6 : 16111 246090 246087 16116 16112 249836 
6 : 76702 246092 145045 76709 76696 145059 
6 : 246137 246136 216698 264037 216707 216706 
6 : 2425 46943 88627 2400 2408 46921 
6 : 66875 64499 179232 64476 66864 64487 
6 : 246138 223953 75566 223955 75573 75558 
6 : 53048 81322 55218 53038 53034 55201 
6 : 246155 246153 12596 255787 12606 12602 
6 : 202249 180677 246182 180670 202253 180687 
6 : 11634 244255 164001 11633 11623 164000 
6 : 239657 237522 57645 237519 57640 57639 
6 : 246186 52625 64336 52630 64340 52608 
6 : 146200 14795 89251 14782 89233 14777 
6 : 170674 147968 231782 147956 170670 147964 
6 : 34444 180809 133973 34435 34430 133959 
6 : 226345 66925 132529 66917 132524 66908 
6 : 237014 58550 246231 58545 237017 58552 
6 : 126872 207876 246235 126868 126874 207879 
6 : 221799 94283 31136 94278 31134 31119 
6 : 246246 90135 93677 90141 93684 90118 
6 : 97610 126030 177461 97601 97605 126028 
6 : 155046 246270 191441 155047 155041 191445 
6 : 245736 72458 152700 72457 152699 72450 
6 : 30751 246283 246281 30756 30752 247690 
6 : 132241 9084 246282 9071 132242 9085 
6 : 234224 45200 208554 45197 208549 45194 
6 : 246321 191399 141294 191402 141300 141289 
6 : 246322 204588 109232 204594 109243 109220 
6 : 246329 246328 246326 260432 254932 254931 
6 : 246365 216375 87848 216377 87849 87842 
6 : 63532 228854 173241 63529 63525 173236 
6 : 246370 229125 95027 229128 95029 95023 
6 : 125399 246376 43220 125406 43200 43227 
6 : 184785 204673 215265 184773 184776 204667 
6 : 22083 246443 197036 22091 22076 197049 
6 : 136470 64423 207542 64413 136467 64419 
6 : 223362 237092 166701 223361 166696 166699 
6 : 75289 178003 246475 75280 75291 178008 
6 : 174899 246479 246474 174906 174900 252459 
6 : 246516 203949 120932 203953 120936 120923 
6 : 135300 238875 246606 135298 135302 238877 
6 : 147405 23778 242215 23766 147404 23777 
6 : 243541 109708 246605 109706 243543 109709 
6 : 43747 243197 179840 43746 43740 179839 
6 : 116136 206211 148557 116133 116128 148548 
6 : 229111 163542 246156 163539 229110 163541 
6 : 55985 68172 246635 55969 55986 68173 
6 : 246636 112153 190412 112160 190416 112145 
6 : 243972 208905 243589 208904 243588 208903 
6 : 146807 246678 246681 146808 146811 252189 
6 : 147326 238441 2930 147323 2916 2928 
6 : 246677 80798 184667 80799 184669 80789 
6 : 104546 80937 199721 80918 104539 80926 
6 : 246735 246731 203502 255291 203512 203505 
6 : 99881 35469 177122 35451 99875 35462 
6 : 116952 124805 129510 116940 116941 124792 
6 : 246761 229919 246763 229923 259499 229925 
6 : 72074 166520 57347 72063 57328 57336 
6 : 154659 240873 246781 154656 154665 240879 
6 : 217079 246803 223821 217083 217075 223828 
6 : 221825 246807 231526 221838 221823 231536 
6 : 231626 246800 109359 231627 109355 109360 
6 : 246806 246802 194329 251051 194342 194335 
6 : 41359 79606 240826 41350 41358 79604 
6 : 96793 41284 131777 41264 96781 41268 
6 : 238343 127116 117560 127114 117556 117545 
6 : 190528 4554 102069 4550 102063 4538 
6 : 56873 192342 50322 56865 50300 50314 
6 : 243728 246841 246848 243729 243737 249057 
6 : 246843 213422 165112 213423 165113 165099 
6 : 222194 246864 159605 222196 159599 159607 
6 : 197293 130244 246890 130238 197301 130249 
6 : 219110 119927 75427 119923 75422 75414 
6 : 92441 56009 193134 55994 92432 56002 
6 : 246924 8459 233853 8463 233857 8456 
6 : 246968 144628 185706 144638 185712 144619 
6 : 246969 62776 87243 62780 87247 62758 
6 : 61743 246998 167904 61748 61736 167911 
6 : 215241 229037 76686 215240 76678 76683 
6 : 183801 153004 56160 152997 56153 56149 
6 : 243802 121371 161074 121370 161073 121357 
6 : 247044 75319 247045 75326 263567 75327 
6 : 190111 247053 235459 190113 190109 235466 
6 : 247052 237438 166826 237442 166831 166824 
6 : 42186 8490 156776 8472 42175 8480 
6 : 93598 11503 247077 11487 93605 11509 
6 : 152668 62458 225113 62449 152665 62455 
6 : 177398 184629 202966 177389 177392 184619 
6 : 234535 197367 242464 197364 234534 197365 
6 : 247079 247081 75428 250376 75429 75435 
6 : 1164 18067 131885 1141 1151 18057 
6 : 136637 71179 247127 71167 136639 71181 
6 : 203287 247134 247132 203292 203288 247398 
6 : 9678 159113 247166 9669 9681 159115 
6 : 63409 247172 247174 63411 63412 257627 
6 : 197427 247171 7994 197431 7980 7995 
6 : 247176 222229 247173 222232 259419 222231 
6 : 242893 184167 207723 184164 207721 184158 
6 : 247215 73110 247214 73117 253780 73111 
6 : 247217 26188 107523 26192 107524 26174 
6 : 242269 35584 39179 35581 39176 35551 
6 : 247232 51069 196856 51078 196866 51063 
6 : 247233 123009 217345 123010 217346 123000 
6 : 40612 111291 156141 40596 40604 111283 
6 : 247263 70685 247267 70688 254385 70695 
6 : 247277 247278 73826 252233 73827 73828 
6 : 226603 238022 239578 226601 226602 238021 
6 : 100925 247310 149863 100926 100912 149865 
6 : 224817 247317 247316 224821 224820 259392 
6 : 246148 214979 245151 214978 245149 214977 
6 : 219312 232278 243069 219307 219310 232276 
6 : 235653 148994 130508 148993 130506 130493 
6 : 234629 68961 92987 68959 92984 68948 
6 : 172271 201532 25626 172263 25611 25616 
6 : 63609 212966 80659 63602 63591 80655 
6 : 204270 112384 196961 112377 196954 112374 
6 : 227384 219377 231529 219374 227383 219375 
6 : 49496 247407 208343 49497 49489 208348 
6 : 34064 48565 221449 34046 34058 48562 
6 : 241043 247419 244398 241055 241041 244410 
6 : 82248 114038 182247 82230 82239 114026 
6 : 101998 225386 246648 101992 101997 225385 
6 : 247450 222648 247447 222652 253209 222651 
6 : 21996 205491 188602 21991 21989 188598 
6 : 47725 65008 40975 47707 40951 40953 
6 : 221957 221318 247511 221310 221960 221321 
6 : 247515 110239 240747 110244 240753 110233 
6 : 195640 247525 237622 195643 195637 237625 
6 : 39276 55508 17303 39261 17275 17279 
6 : 70173 247537 247536 70180 70178 254874 
6 : 247531 132953 247534 132954 249079 132956 
6 : 231750 226617 107941 226613 107938 107936 
6 : 210991 215149 247573 210988 210994 215150 
6 : 67398 112240 247581 67389 67401 112247 
6 : 247584 247577 247578 250034 250743 250020 
6 : 17679 247587 235762 17683 17678 235768 
6 : 50786 208712 228740 50773 50781 208706 
6 : 169524 175310 226182 169515 169520 175301 
6 : 247623 247626 247622 263356 253147 253148 
6 : 247625 110549 247624 110555 264452 110554 
6 : 103249 107602 184815 103238 103243 107593 
6 : 59807 214589 170138 59801 59799 170134 
6 : 247683 247682 247681 254872 250232 250231 
6 : 247684 10857 247685 10864 262696 10865 
6 : 44579 171252 8335 44571 8312 8320 
6 : 247706 203611 247061 203617 247070 203610 
6 : 171431 168092 247712 168079 171435 168098 
6 : 188282 112002 236119 111995 188279 112000 
6 : 245625 51885 55785 51883 55784 51865 
6 : 46701 49456 139960 46688 46693 49447 
6 : 247751 133551 247745 133559 248394 133552 
6 : 72487 247767 247760 72498 72490 251359 
6 : 86087 215723 194307 86082 86080 194300 
6 : 208871 230448 247296 208868 208870 230447 
6 : 208621 247790 247793 208624 208627 255384 
6 : 200238 93652 246306 93643 200237 93651 
6 : 206010 156543 206759 156528 206002 156529 
6 : 233940 103679 193829 103676 193824 103672 
6 : 247829 13874 35912 13877 35915 13851 
6 : 212939 97953 186428 97949 186417 97947 
6 : 29073 247884 247888 29077 29079 260246 
6 : 247887 245610 221076 245616 221085 221075 
6 : 105752 48832 222866 48813 105747 48825 
6 : 246194 142552 145483 142551 145482 142539 
6 : 611 247942 247940 619 616 263953 
6 : 192073 24397 231174 24392 192070 24395 
6 : 209231 247937 6285 209232 6277 6288 
6 : 208248 57319 247956 57312 208251 57322 
6 : 68582 246120 247972 68581 68586 246125 
6 : 233776 211036 248018 211034 233779 211040 
6 : 102785 99631 248029 99618 102793 99641 
6 : 244526 224204 34978 224201 34975 34973 
6 : 170359 121842 93949 121833 93936 93927 
6 : 248059 164317 248063 164321 256688 164323 
6 : 121591 245844 248091 121589 121595 245850 
6 : 248132 214301 124119 214309 124124 124109 
6 : 244399 246501 141437 244396 141432 141435 
6 : 221257 151267 191998 151264 191993 151257 
6 : 60043 30753 248175 30733 60044 30754 
6 : 226719 8641 245468 8635 226717 8639 
6 : 235986 79199 248176 79197 235987 79201 
6 : 96355 85522 52100 85502 52078 52074 
6 : 169723 87020 246850 87012 169721 87019 
6 : 248178 15563 200464 15565 200468 15556 
6 : 103162 127010 178298 103144 103149 127002 
6 : 6847 120785 169012 6831 6837 120772 
6 : 144606 204589 248205 144603 144610 204591 
6 : 238172 149474 248215 149472 238175 149479 
6 : 220441 248249 41120 220446 41116 41129 
6 : 9893 24653 248261 9878 9897 24657 
6 : 19585 11176 223824 11149 19578 11170 
6 : 194697 248259 4933 194701 4926 4936 
6 : 248258 125422 171080 125423 171081 125412 
6 : 227887 238497 164237 227886 164231 164235 
6 : 248273 36743 196530 36745 196535 36727 
6 : 115113 90433 197689 90411 115104 90419 
6 : 225795 55639 154564 55635 154560 55626 
6 : 248285 195946 222686 195951 222687 195941 
6 : 76621 186092 248293 76609 76628 186100 
6 : 224301 232260 152388 224300 152381 152385 
6 : 207101 248323 246976 207104 207100 246980 
6 : 184905 173521 248324 173511 184908 173529 
6 : 248335 248334 248330 262509 250699 250698 
6 : 134225 247867 248359 134222 134230 247869 
6 : 174456 231110 26424 174448 26408 26415 
6 : 160079 248369 248370 160087 160089 263114 
6 : 194783 158485 248368 158476 194785 158489 
6 : 190929 142363 25660 142353 25646 25639 
6 : 245014 220272 225335 220270 225333 220266 
6 : 98564 127655 181384 98547 98556 127641 
6 : 248432 222867 150072 222872 150074 150060 
6 : 38932 248436 23199 38936 23170 23204 
6 : 217652 53083 248437 53075 217658 53090 
6 : 125699 227490 1239 125695 1219 1234 
6 : 80365 248489 147684 80371 80354 147689 
6 : 135938 130072 71364 130050 71344 71342 
6 : 195344 167215 225949 167203 195339 167208 
6 : 248519 248522 248520 260417 260414 261357 
6 : 248521 248517 248523 253863 262116 253866 
6 : 248529 175121 86001 175130 86008 85990 
6 : 116265 121027 114414 116258 114392 114394 
6 : 229579 223702 129310 223696 129304 129303 
6 : 43668 79169 158128 43650 43656 79154 
6 : 76815 116103 248583 76805 76820 116106 
6 : 248135 248584 248588 248139 248141 259120 
6 : 227401 71997 27700 71992 27695 27679 
6 : 201009 101686 183212 101679 183201 101677 
6 : 245351 168093 150182 168091 150179 150166 
6 : 185144 143985 107644 143979 107637 107634 
6 : 21964 196779 248629 21954 21970 196784 
6 : 100542 124922 70104 100526 70078 70081 
6 : 220120 156021 248657 156018 220124 156026 
6 : 248661 248664 242118 257720 242120 242124 
6 : 192062 234959 205949 192060 192054 205941 
6 : 150846 248707 102428 150848 102409 102430 
6 : 228657 248723 248724 228659 228661 264661 
6 : 215219 141403 248729 141399 215222 141407 
6 : 114168 246532 120169 114167 114149 120168 
6 : 166984 248748 248269 166992 166983 248276 
6 : 245293 222703 237129 222702 237127 222700 
6 : 248777 248780 248779 259117 259116 261368 
6 : 147237 216866 248789 147230 147241 216871 
6 : 248787 248786 75843 257496 75846 75845 
6 : 76180 190071 248817 76170 76187 190076 
6 : 98640 219387 248823 98635 98645 219391 
6 : 21031 248830 100029 21036 21017 100037 
6 : 166042 248834 185371 166047 166039 185374 
6 : 248872 248869 248870 256576 261303 256574 
6 : 14597 248903 90816 14601 14587 90821 
6 : 210862 248901 218869 210865 210857 218878 
6 : 236476 83295 248902 83291 236481 83300 
6 : 244720 243653 50323 243649 50320 50319 
6 : 215764 216699 157814 215759 157804 157805 
6 : 222589 174492 213104 174485 213099 174483 
6 : 141952 238666 212660 141950 141948 212657 
6 : 217174 182915 139030 182908 139019 139013 
6 : 101450 125891 152904 101436 101438 125874 
6 : 101301 248985 113938 101308 101287 113946 
6 : 227155 231175 160141 227154 160134 160136 
6 : 248987 72348 155016 72351 155024 72333 
6 : 26352 248990 239089 26355 26349 239096 
6 : 200527 190232 61432 190223 61421 61418 
6 : 211246 249021 238595 211253 211242 238602 
6 : 222388 94019 81092 94013 81083 81074 
6 : 246520 249024 4616 246521 4615 4618 
6 : 249029 114281 148624 114287 148628 114265 
6 : 164892 23653 200177 23637 164880 23643 
6 : 45712 241703 89516 45709 45700 89514 
6 : 153624 249062 249067 153625 153631 252715 
6 : 183479 16680 249068 16665 183480 16681 
6 : 236785 249071 83946 236788 83945 83952 
6 : 42403 201244 249093 42396 42404 201245 
6 : 93599 16481 243685 16468 93596 16479 
6 : 249096 249095 249094 257447 257297 257296 
6 : 249101 246054 180625 246056 180626 180624 
6 : 61465 138726 142171 61457 61459 138714 
6 : 101916 249126 139377 101921 101904 139382 
6 : 192227 249127 56496 192233 56485 56505 
6 : 70497 155977 215094 70481 70490 155971 
6 : 122830 113212 233800 113190 122825 113205 
6 : 249135 186265 249130 186272 250937 186267 
6 : 249174 134169 196964 134171 196969 134162 
6 : 249213 170980 249211 170985 252916 170981 
6 : 230569 116567 249215 116562 230577 116574 
6 : 249216 249217 176804 254270 176807 176808 
6 : 180061 134530 14950 134519 14938 14931 
6 : 242482 136342 144120 136339 144116 136328 
6 : 10206 210369 85393 10200 10191 85381 
6 : 155141 144189 110575 144176 110562 110559 
6 : 150488 249315 218693 150492 150484 218700 
6 : 166897 249329 249327 166900 166898 256712 
6 : 111619 151240 241826 111608 111617 151239 
6 : 249337 249343 249338 250501 250499 251053 
6 : 249347 249349 72488 254620 72493 72494 
6 : 195111 95200 50602 95186 50591 50583 
6 : 249392 249396 112494 258651 112498 112503 
6 : 226276 222506 249418 222501 226277 222509 
6 : 244587 249419 152828 244592 152826 152838 
6 : 236552 5949 179132 5945 179127 5939 
6 : 249430 182931 46210 182942 46223 46202 
6 : 249441 232689 249445 232690 252952 232694 
6 : 249457 28652 216942 28656 216950 28648 
6 : 249458 249454 249456 252483 262195 252481 
6 : 58930 52603 122623 52584 58918 52591 
6 : 102485 114746 238716 102476 102483 114743 
6 : 249461 249460 24432 255728 24436 24435 
6 : 207239 249496 7240 207242 7226 7243 
6 : 189261 223297 249500 189256 189263 223301 
6 : 63267 249506 249504 63276 63273 259598 
6 : 47218 249534 249536 47223 47224 261593 
6 : 170825 43018 249543 43005 170830 43022 
6 : 224279 249558 249559 224287 224288 264537 
6 : 248632 28956 188712 28955 188709 28945 
6 : 7589 249564 111072 7593 7579 111075 
6 : 249572 100800 171813 100803 171817 100786 
6 : 210331 200930 110330 200921 110322 110321 
6 : 25591 162793 34037 25582 25572 34025 
6 : 56287 179423 165403 56274 56271 165385 
6 : 228129 226498 249629 226495 228137 226503 
6 : 249635 249636 6441 258817 6447 6452 
6 : 70337 128298 201386 70324 70331 128291 
6 : 95589 118257 121870 95578 95579 118240 
6 : 249671 249670 212019 255172 212023 212021 
6 : 222255 249678 234434 222258 222251 234437 
6 : 249704 217260 233914 217267 233922 217257 
6 : 118040 230591 223718 118035 118034 223712 
6 : 170640 249711 17265 170647 17247 17272 
6 : 231751 168795 200931 168792 200925 168787 
6 : 30828 249714 45392 30829 30812 45394 
6 : 224807 129576 240562 129571 224805 129574 
6 : 249702 230920 7685 230919 7684 7681 
6 : 249768 249766 51629 257346 51636 51633 
6 : 227228 249772 160 227232 151 171 
6 : 242766 211758 113685 211756 113681 113672 
6 : 244328 190292 241317 190290 241314 190288 
6 : 6883 158976 243070 6862 6877 158970 
6 : 249796 206725 64906 206726 64907 64897 
6 : 196762 249802 249801 196765 196764 256245 
6 : 248622 83091 248693 83089 248621 83090 
6 : 146747 222966 127910 146744 127889 127903 
6 : 191323 249856 209116 191325 191316 209123 
6 : 4580 202703 72370 4573 4565 72360 
6 : 208124 249860 249862 208125 208128 253018 
6 : 19836 249882 208842 19837 19829 208845 
6 : 193781 182717 79237 182707 79220 79218 
6 : 85725 86510 249920 85708 85727 86513 
6 : 249919 15376 153850 15377 153852 15365 
6 : 185899 202232 148237 185891 148222 148224 
6 : 237804 249783 108400 237803 108396 108399 
6 : 249922 159154 242131 159156 242132 159151 
6 : 88033 197076 249929 88030 88034 197077 
6 : 243142 214302 249962 214300 243143 214303 
6 : 249967 249966 7875 258424 7882 7878 
6 : 103628 61963 171548 61949 103620 61957 
6 : 90480 115541 171832 90465 90469 115526 
6 : 240490 234619 181757 234618 181755 181754 
6 : 222119 133620 193176 133617 193169 133610 
6 : 19769 250010 146570 19771 19764 146571 
6 : 230878 218190 107465 218186 107460 107458 
6 : 250049 161371 179043 161375 179048 161354 
6 : 239213 141324 73465 141319 73458 73446 
6 : 190205 64600 236100 64590 190203 64599 
6 : 218312 230695 233017 218308 218309 230692 
6 : 250091 143338 71566 143345 71571 71552 
6 : 250093 173145 188997 173152 189005 173136 
6 : 221220 222329 114066 221211 114058 114059 
6 : 91562 55722 176550 55704 91555 55709 
6 : 218722 8889 250116 8886 218725 8892 
6 : 225852 64468 214555 64465 214550 64463 
6 : 250123 207443 156678 207448 156681 156670 
6 : 147015 250125 51522 147016 51509 51524 
6 : 250127 147589 250129 147593 262630 147595 
6 : 250128 117367 79637 117370 79646 79617 
6 : 223053 122290 67205 122285 67199 67181 
6 : 250137 229533 167416 229539 167427 167410 
6 : 243475 223087 250165 223085 243481 223094 
6 : 250168 185665 61272 185668 61277 61263 
6 : 250172 250176 126050 255359 126053 126057 
6 : 156715 241781 206761 156713 156709 206756 
6 : 50510 243245 250200 50509 50512 243247 
6 : 217124 230933 167004 217121 166997 166999 
6 : 201841 160312 64601 160305 64591 64587 
6 : 210131 238667 38075 210130 38067 38073 
6 : 158409 250241 146251 158412 146232 146258 
6 : 233404 250239 239225 233405 233400 239227 
6 : 2559 136726 226695 2549 2555 136723 
6 : 200836 169188 142613 169178 142603 142601 
6 : 214200 250243 250244 214202 214205 259991 
6 : 142224 162490 232888 142217 142222 162487 
6 : 210477 111600 218580 111590 210475 111594 
6 : 5131 250254 250250 5135 5133 258967 
6 : 142125 250252 250249 142130 142128 258727 
6 : 243050 80938 38901 80933 38896 38880 
6 : 243059 40697 250261 40696 243063 40702 
6 : 250263 217466 250258 217477 255398 217469 
6 : 214980 217876 9927 214968 9917 9918 
6 : 24343 73672 160782 24327 24334 73661 
6 : 250285 12902 250290 12905 251421 12910 
6 : 167005 125741 250311 125726 167014 125754 
6 : 242399 131992 250313 131991 242407 131995 
6 : 123392 97027 250320 97012 123394 97031 
6 : 3508 250322 154565 3510 3499 154567 
6 : 227004 205978 197761 205975 197757 197753 
6 : 250321 195750 138103 195751 138104 138093 
6 : 250323 250328 120817 254978 120820 120826 
6 : 189346 105775 241631 105762 189345 105772 
6 : 201518 250332 21438 201523 21430 21442 
6 : 44617 70073 213497 44600 44612 70068 
6 : 250366 34206 132198 34212 132204 34192 
6 : 41474 186491 78833 41468 41463 78818 
6 : 222069 247815 250403 222068 222072 247816 
6 : 77662 206012 135808 77655 77651 135794 
6 : 235824 227954 207369 227951 207366 207363 
6 : 144760 103533 77240 103518 77219 77214 
6 : 250447 153530 250448 153535 259001 153536 
6 : 35242 250453 245062 35245 35240 245064 
6 : 193794 250465 19422 193797 19410 19430 
6 : 250464 144846 70250 144849 70255 70231 
6 : 219855 14481 180930 14471 180918 14467 
6 : 250492 117773 250493 117775 260969 117776 
6 : 109277 223499 199321 109274 109270 199313 
6 : 250503 222904 223512 222905 223513 222900 
6 : 48407 162632 194333 48388 48394 162621 
6 : 158936 197117 19586 158929 19565 19574 
6 : 26945 87671 36668 26930 26926 36647 
6 : 57294 179555 221023 57286 57292 179552 
6 : 134170 78442 41121 78425 41103 41096 
6 : 158318 146913 189489 146895 158305 146899 
6 : 225824 241405 177230 225821 177221 177225 
6 : 54134 250337 220015 54133 54128 220014 
6 : 233951 49787 159880 49784 159878 49773 
6 : 250558 152797 191955 152807 191956 152782 
6 : 250561 250562 128473 258767 128474 128475 
6 : 77293 190855 222800 77283 77287 190852 
6 : 230330 230226 160235 230223 160231 160229 
6 : 250618 204590 235777 204593 235782 204585 
6 : 250623 250621 78803 261448 78810 78809 
6 : 144190 232479 250653 144185 144196 232489 
6 : 154542 250651 176767 154546 154533 176771 
6 : 148516 215315 139468 148509 139445 139456 
6 : 80492 207426 158439 80486 80481 158433 
6 : 181958 26353 61433 26345 61417 26333 
6 : 250372 47811 250707 47810 250381 47817 
6 : 250706 161481 207000 161488 207014 161473 
6 : 53932 192599 212831 53920 53922 192585 
6 : 250749 155536 14193 155539 14196 14179 
6 : 163588 250766 194334 163592 163579 194344 
6 : 201099 6410 191999 6400 191989 6398 
6 : 8914 75430 250789 8901 8922 75440 
6 : 250788 164422 72256 164430 72259 72245 
6 : 94862 231333 92929 94858 92909 92928 
6 : 1686 188005 223623 1674 1682 187998 
6 : 105482 224831 173219 105476 105468 173212 
6 : 147152 228194 204153 147146 147143 204148 
6 : 250838 250840 209422 258006 209428 209429 
6 : 149129 250853 240790 149131 149125 240800 
6 : 190002 68619 250852 68610 190008 68626 
6 : 26799 250870 140409 26800 26789 140410 
6 : 186042 250873 105406 186043 105395 105407 
6 : 250909 41087 246578 41090 246581 41086 
6 : 250912 22337 250913 22341 264133 22344 
6 : 53956 250939 250938 53961 53959 262055 
6 : 191844 15433 133398 15423 133385 15417 
6 : 250958 240237 250550 240239 250552 240236 
6 : 250976 250978 238905 253815 238907 238911 
6 : 250984 35370 207182 35380 207194 35362 
6 : 38684 201082 239272 38678 38680 201079 
6 : 224749 247246 235500 224748 224745 235499 
6 : 22929 228504 159937 22924 22912 159929 
6 : 101948 155432 66274 101924 66245 66254 
6 : 119210 110956 145705 110940 119196 110942 
6 : 251055 101055 40977 101059 40981 40956 
6 : 101749 114837 58329 101730 58306 58308 
6 : 248709 251059 137654 248715 137653 137659 
6 : 132837 38789 251065 38774 132843 38794 
6 : 204958 120136 196425 120130 196418 120128 
6 : 70631 191400 154911 70622 70620 154898 
6 : 77680 46149 248965 46131 77679 46147 
6 : 129536 4559 251119 4542 129541 4562 
6 : 134781 164423 157704 134767 134766 157689 
6 : 32855 226767 148328 32847 32842 148320 
6 : 167558 51213 251190 51197 167560 51215 
6 : 251192 169804 147063 169805 147064 147052 
6 : 81523 239638 99295 81520 81508 99291 
6 : 238192 251198 235896 238197 235891 235901 
6 : 251195 251199 168013 253169 168014 168019 
6 : 29654 233788 231281 29649 29648 231278 
6 : 240395 198164 87462 198162 87459 87448 
6 : 15806 141955 250390 15794 15804 141953 
6 : 215500 31246 61247 31241 61239 31228 
6 : 251222 251220 38076 255533 38084 38080 
6 : 183754 194161 251227 183741 183758 194164 
6 : 195173 251225 219728 195175 195166 219730 
6 : 251264 204412 77493 204415 77499 77478 
6 : 76817 230085 200711 76812 76810 200703 
6 : 120097 247414 222935 120096 120093 222934 
6 : 170543 80002 251266 79991 170547 80008 
6 : 229805 251302 251301 229812 229811 263325 
6 : 251298 167756 143037 167757 143038 143022 
6 : 141739 33152 142211 33137 141728 33138 
6 : 74657 230650 251306 74650 74658 230652 
6 : 251310 251307 191442 262192 191452 191448 
6 : 10456 48755 251317 10440 10459 48760 
6 : 151288 49205 124285 49193 124269 49189 
6 : 225101 55471 199298 55466 199292 55463 
6 : 221390 224435 47745 221385 47738 47739 
6 : 100288 99791 220873 99769 100282 99783 
6 : 9559 109711 234498 9539 9556 109704 
6 : 171059 179308 250071 171046 171058 179307 
6 : 121513 251404 213105 121519 121507 213110 
6 : 197 18803 233383 183 196 18799 
6 : 251414 66620 251415 66622 258477 66623 
6 : 235147 238740 19587 235144 19582 19584 
6 : 71543 251433 79733 71544 71525 79738 
6 : 109316 211653 205864 109310 109309 205854 
6 : 183915 251447 181989 183918 181975 181991 
6 : 251460 251465 231407 256358 231410 231420 
6 : 80739 166350 251484 80725 80749 166358 
6 : 114728 65542 251482 65522 114733 65549 
6 : 228532 251480 198642 228534 198636 198643 
6 : 251483 193626 111376 193634 111381 111364 
6 : 215364 193897 132531 193889 132520 132515 
6 : 210992 11807 67171 11806 67164 11785 
6 : 175143 251492 143794 175144 143780 143796 
6 : 223207 220202 115163 220199 115159 115158 
6 : 251519 251521 207943 252689 207944 207945 
6 : 66024 226204 251525 66021 66025 226206 
6 : 155093 81430 121538 81420 121526 81418 
6 : 251529 251527 140546 259782 140554 140550 
6 : 67835 46501 251535 46473 67842 46506 
6 : 213617 247393 235344 213616 213611 235343 
6 : 225031 93281 251553 93274 225036 93284 
6 : 42732 129680 198770 42721 42725 129672 
6 : 245919 250770 31562 245918 31558 31561 
6 : 251593 251591 189143 260382 189152 189150 
6 : 209408 48922 193079 48914 193072 48912 
6 : 35096 222936 237924 35085 35091 222932 
6 : 118697 214158 86542 118692 86521 86531 
6 : 236464 186677 251616 186670 236466 186680 
6 : 200310 251625 244537 200315 200308 244544 
6 : 244588 173702 251621 173700 244589 173703 
6 : 209504 251631 75749 209507 75741 75753 
6 : 251634 251635 251630 264479 260373 260375 
6 : 95984 251667 135326 95989 95976 135336 
6 : 162712 212093 231176 162707 162709 212088 
6 : 251669 251672 222485 255194 222487 222488 
6 : 53516 231676 167811 53513 53505 167805 
6 : 204694 111888 162990 111878 162986 111873 
6 : 209959 107430 237193 107422 209956 107427 
6 : 16482 251736 225114 16483 16478 225120 
6 : 245566 66516 251735 66513 245567 66517 
6 : 187140 251741 222089 187143 187134 222091 
6 : 197022 251742 242772 197024 197020 242777 
6 : 219771 195206 154174 195202 154163 154161 
6 : 120366 182932 209140 120352 120360 182920 
6 : 57575 251818 26559 57581 26534 26569 
6 : 251817 251816 244137 260423 244140 244139 
6 : 251820 251821 247689 259848 247691 247692 
6 : 251824 247998 77494 248003 77500 77490 
6 : 251853 153671 251854 153673 257064 153679 
6 : 37429 73924 248277 37409 37428 73922 
6 : 41651 9051 40667 9030 40645 9029 
6 : 251877 211835 210449 211842 210455 210437 
6 : 170861 83806 218938 83794 170852 83802 
6 : 2257 190516 166240 2250 2247 166228 
6 : 115001 97000 251906 96985 115003 97005 
6 : 102138 163039 160237 102127 102125 160224 
6 : 176258 232404 63939 176254 63927 63934 
6 : 185666 251921 144934 185667 144919 144935 
6 : 246895 19517 188979 19516 188977 19511 
6 : 251928 168888 251925 168893 254944 168889 
6 : 197993 130980 172693 130968 172684 130964 
6 : 248673 251951 251952 248676 248678 260384 
6 : 21842 97682 251956 21831 21845 97685 
6 : 251984 251982 251986 257819 259556 257824 
6 : 206889 209193 252016 206884 206890 209197 
6 : 252027 149223 252022 149230 253271 149224 
6 : 142050 230634 40394 142047 40370 40384 
6 : 252032 252028 27391 253282 27404 27392 
6 : 252038 252037 95615 258186 95621 95620 
6 : 20059 104608 225404 20042 20053 104601 
6 : 252062 88455 252057 88462 255749 88456 
6 : 113885 241687 252067 113883 113886 241688 
6 : 126873 16142 146773 16128 126860 16131 
6 : 252072 79638 252076 79640 253729 79645 
6 : 135866 4131 243071 4116 135862 4129 
6 : 232280 225699 10805 225694 10802 10800 
6 : 252094 252096 252099 260333 260335 263743 
6 : 251567 109439 146460 109438 146459 109420 
6 : 218462 163019 157421 163012 157411 157398 
6 : 66097 239778 225321 66094 66091 225314 
6 : 10990 102394 49387 10974 10972 49365 
6 : 226205 44060 181924 44054 181918 44049 
6 : 15198 252194 194571 15202 15190 194574 
6 : 138267 224022 40509 138262 40489 40502 
6 : 148926 97178 252222 97169 148931 97183 
6 : 189042 120367 205125 120353 189034 120356 
6 : 218369 252227 182933 218375 182923 182941 
6 : 249421 252225 252224 249424 249422 255140 
6 : 22690 138133 252232 22680 22693 138137 
6 : 129977 239927 252230 129976 129979 239930 
6 : 213526 252231 252228 213532 213527 254126 
6 : 243655 154077 151488 154074 151483 151471 
6 : 252253 221650 120198 221660 120200 120187 
6 : 236091 110279 252257 110276 236093 110281 
6 : 93749 200529 252300 93743 93757 200535 
6 : 226421 252296 252298 226425 226428 261471 
6 : 79585 222002 159000 79577 79566 158991 
6 : 252304 250393 252301 250396 254150 250394 
6 : 113057 252311 179959 113062 113048 179964 
6 : 252322 186844 229310 186847 229316 186839 
6 : 199934 71090 182272 71082 182258 71076 
6 : 82586 135016 247962 82572 82583 135014 
6 : 252342 168965 147460 168970 147461 147443 
6 : 221784 150185 206534 150173 206520 150171 
6 : 179631 227715 178006 179626 177994 177999 
6 : 240951 252382 75139 240954 75135 75147 
6 : 252414 112738 252412 112743 257895 112741 
6 : 175532 252418 223319 175534 175528 223320 
6 : 78354 189552 195895 78345 78346 189542 
6 : 146924 153411 52515 146916 52495 52496 
6 : 72440 252469 199048 72444 72434 199051 
6 : 252466 213700 118074 213702 118075 118060 
6 : 37555 210294 148133 37551 37543 148122 
6 : 214159 252474 57494 214164 57485 57497 
6 : 252506 248966 154913 248971 154918 154910 
6 : 27157 192028 228383 27145 27154 192024 
6 : 64448 196275 63085 64440 63064 63077 
6 : 189983 248734 24969 189980 24954 24965 
6 : 113914 252552 173524 113920 113902 173534 
6 : 252551 242836 252548 242841 256475 242840 
6 : 252559 252553 248766 252572 248772 248767 
6 : 2739 119575 248306 2726 2738 119574 
6 : 153734 252589 239041 153740 153731 239049 
6 : 252594 252598 216218 255504 216219 216221 
6 : 252604 163544 148559 163546 148566 148545 
6 : 168467 157887 215954 157875 168460 157884 
6 : 3204 252630 50357 3209 3181 50363 
6 : 100131 30807 53294 30788 53272 30780 
6 : 214602 31673 235734 31665 214599 31669 
6 : 251989 251678 249833 251677 249832 249831 
6 : 202431 107345 252667 107336 202432 107346 
6 : 116033 252678 197445 116036 116029 197453 
6 : 252714 249742 14024 249750 14032 14023 
6 : 252742 33945 244264 33946 244265 33943 
6 : 69380 252748 236143 69382 69376 236148 
6 : 83485 220323 158160 83473 83466 158153 
6 : 195431 159295 17003 159286 16994 16989 
6 : 247796 252778 122677 247800 122675 122680 
6 : 116266 114039 198347 114021 116260 114029 
6 : 19518 65573 252815 19501 19521 65578 
6 : 239320 252813 252812 239323 239321 253403 
6 : 81178 151764 63714 81163 63689 63697 
6 : 209688 219398 215180 209683 209682 215171 
6 : 252853 27739 220812 27743 220817 27732 
6 : 252854 106370 73598 106376 73607 73573 
6 : 252858 35313 235503 35316 235509 35308 
6 : 191306 252870 252867 191315 191312 263878 
6 : 68024 252887 107858 68028 68013 107861 
6 : 222637 139596 44647 139586 44638 44633 
6 : 17201 252928 166779 17208 17192 166788 
6 : 197090 223006 134330 197084 134310 134315 
6 : 224880 25463 252934 25455 224887 25469 
6 : 231966 33060 58465 33055 58461 33042 
6 : 93488 163853 84747 93478 84719 84727 
6 : 252972 125184 252975 125188 257211 125192 
6 : 189043 5952 252978 5941 189044 5956 
6 : 252981 251791 252977 251796 255145 251792 
6 : 28251 199367 76142 28245 28236 76131 
6 : 103044 215879 182521 103038 103034 182514 
6 : 108919 106542 253006 106522 108920 106544 
6 : 23041 253009 131778 23045 23028 131779 
6 : 145753 253012 246259 145756 145750 246267 
6 : 253011 102667 173659 102672 173666 102659 
6 : 75119 196310 122625 75109 75097 122612 
6 : 253014 234138 163448 234146 163454 163442 
6 : 241547 33061 25962 33058 25956 25929 
6 : 253072 134757 253071 134762 260349 134761 
6 : 158720 209195 195446 158713 158712 195436 
6 : 253076 253079 133195 258764 133199 133204 
6 : 83994 51993 133793 51976 83979 51982 
6 : 202882 59416 253096 59408 202885 59419 
6 : 79040 80103 107123 79024 79027 80092 
6 : 240602 81042 215096 81038 215090 81034 
6 : 23751 191808 60867 23742 23733 60852 
6 : 158869 70282 133399 70267 133383 70265 
6 : 253118 253119 253120 257000 257003 259717 
6 : 130662 200531 59573 130654 59559 59564 
6 : 139652 145048 200870 139640 139643 145039 
6 : 188271 253160 253159 188273 188272 260722 
6 : 190039 112127 245230 112120 190038 112126 
6 : 124099 122167 253164 122149 124100 122169 
6 : 38577 253187 34107 38580 34072 34109 
6 : 235826 156544 253199 156540 235828 156545 
6 : 207240 15082 178743 15077 178736 15073 
6 : 237993 230087 85259 230082 85255 85252 
6 : 99267 253220 253217 99270 99268 257484 
6 : 92192 253225 178062 92196 92183 178070 
6 : 252960 141683 196532 141682 196531 141664 
6 : 15633 218984 222257 15627 15628 218976 
6 : 95729 253250 131646 95730 95716 131647 
6 : 253285 200669 253288 200671 257323 200674 
6 : 204109 136089 253112 136080 204108 136088 
6 : 211948 241580 1244 211943 1231 1237 
6 : 253290 13907 234426 13910 234429 13904 
6 : 198112 253361 98952 198115 98944 98961 
6 : 122727 106613 212679 106596 122717 106602 
6 : 228761 186382 204847 186377 204837 186375 
6 : 52626 253391 57648 52632 52607 57656 
6 : 183643 224510 71713 183638 71701 71706 
6 : 226471 253412 253413 226472 226473 254773 
6 : 251990 104146 253415 104145 251994 104152 
6 : 83635 253453 252638 83640 83634 252644 
6 : 253452 86913 120441 86920 120448 86896 
6 : 132594 20156 253459 20140 132601 20161 
6 : 165640 253464 100155 165645 100144 100163 
6 : 253483 226219 228362 226224 228368 226212 
6 : 225168 23498 235236 23490 225166 23492 
6 : 239852 93679 61034 93675 61033 61015 
6 : 253493 134992 41821 135002 41832 41802 
6 : 29655 91083 771 29638 740 748 
6 : 221681 238345 234327 221679 221677 234323 
6 : 127535 217486 253505 127529 127540 217490 
6 : 204180 115490 98064 115478 98049 98043 
6 : 160700 197731 249898 160695 160699 197730 
6 : 208543 85227 98159 85217 98148 85212 
6 : 187739 210737 253539 187734 187741 210739 
6 : 253578 114642 6591 114643 6592 6572 
6 : 95275 253586 141879 95283 95263 141887 
6 : 224882 107944 252844 107935 224879 107943 
6 : 253593 131175 253589 131181 260614 131179 
6 : 27045 199741 143439 27041 27034 143431 
6 : 110209 237979 54109 110205 54086 54103 
6 : 48802 253619 37480 48810 37456 37485 
6 : 74358 214045 155017 74353 74344 155007 
6 : 253626 246158 148560 246168 148570 148556 
6 : 163826 212122 245926 163819 163825 212120 
6 : 241462 253444 58199 241461 58194 58198 
6 : 237720 183050 253640 183047 237726 183056 
6 : 216685 228195 253641 216680 216686 228196 
6 : 51277 253649 214805 51279 51271 214810 
6 : 67416 58276 210426 58255 67410 58268 
6 : 31826 253680 115165 31829 31813 115173 
6 : 194524 38685 253686 38677 194526 38687 
6 : 180983 32771 251251 32751 180982 32769 
6 : 240551 253714 200331 240556 200327 200337 
6 : 202598 14370 75466 14361 75454 14344 
6 : 253718 85366 104886 85370 104893 85348 
6 : 121128 233714 222215 121122 121119 222207 
6 : 208063 220505 196533 208056 196517 196519 
6 : 117077 238679 236402 117074 117073 236399 
6 : 253749 1311 253746 1317 254973 1312 
6 : 66878 190471 62547 66865 62520 62530 
6 : 162289 92716 13556 92699 13539 13530 
6 : 54316 252039 127475 54315 54300 127472 
6 : 147030 253769 87560 147034 87542 87565 
6 : 151113 127681 154889 127669 151102 127671 
6 : 70499 225570 242982 70492 70494 225569 
6 : 79042 187865 248191 79032 79038 187861 
6 : 84195 94912 100693 84179 84180 94894 
6 : 238181 202911 222140 202908 222136 202905 
6 : 32065 28252 253817 28231 32067 28254 
6 : 63849 108877 65168 63831 63828 65143 
6 : 125485 123478 127229 123456 125472 123458 
6 : 66994 232429 228919 66992 66991 228915 
6 : 242958 165641 226991 165638 226988 165633 
6 : 241998 133114 250776 133107 241995 133111 
6 : 253873 252391 128190 252398 128195 128188 
6 : 239910 204122 253874 204120 239913 204124 
6 : 228995 253877 39520 228999 39511 39524 
6 : 37897 90158 8034 37883 8009 8013 
6 : 247630 176893 176806 176887 176801 176794 
6 : 253909 122361 222080 122362 222081 122354 
6 : 92662 115491 195913 92645 92652 115476 
6 : 128805 98095 253943 98079 128806 98096 
6 : 18002 190003 90291 17993 17985 90279 
6 : 123732 253965 253964 123739 123738 264354 
6 : 253968 244022 253969 244023 258201 244024 
6 : 253992 121754 242732 121759 242735 121752 
6 : 225776 213632 235102 213623 225773 213626 
6 : 234763 254003 169958 234766 169951 169964 
6 : 177640 223556 50090 177632 50078 50080 
6 : 254028 160212 93282 160220 93290 93266 
6 : 117926 83746 242741 83726 117923 83741 
6 : 143177 211442 53257 143171 53239 53250 
6 : 192220 169671 136558 169663 136546 136544 
6 : 14917 64228 87595 14901 14903 64204 
6 : 142868 194115 55589 142862 55576 55577 
6 : 11808 197197 193426 11803 11801 193417 
6 : 90345 208623 185531 90342 90340 185523 
6 : 26677 158214 229544 26661 26671 158211 
6 : 68026 161817 240269 68016 68022 161815 
6 : 229186 251845 155940 229185 155935 155938 
6 : 254093 88755 221752 88760 221759 88748 
6 : 204272 247660 254103 204271 204281 247668 
6 : 210773 254102 80662 210777 80654 80666 
6 : 11778 254108 9123 11783 9091 9127 
6 : 216411 142302 228245 142297 216407 142299 
6 : 254111 81681 198468 81682 198469 81676 
6 : 165541 120662 181479 120647 165529 120650 
6 : 254133 20340 254134 20342 258093 20344 
6 : 231099 125080 254139 125077 231102 125082 
6 : 150545 189985 140779 150540 140762 140768 
6 : 236470 170039 205443 170034 205436 170025 
6 : 239849 225764 80910 225761 80906 80900 
6 : 78804 162993 176910 78789 78792 162984 
6 : 129135 113404 225933 113385 129129 113398 
6 : 245847 13841 123340 13835 123336 13821 
6 : 109801 254223 254226 109802 109807 254691 
6 : 254224 243374 254225 243377 260263 243379 
6 : 237614 254232 87562 237618 87557 87567 
6 : 157087 254238 122047 157090 122033 122055 
6 : 210717 254236 254237 210723 210724 261052 
6 : 165571 58331 178836 58311 165559 58313 
6 : 202206 204123 254259 202195 202208 204126 
6 : 188042 111294 254265 111284 188045 111299 
6 : 4415 79440 58045 4403 4399 58029 
6 : 254268 32173 19424 32176 19432 19395 
6 : 237393 254293 248683 237395 237390 248687 
6 : 167986 184185 123251 167978 123233 123235 
6 : 173560 218926 8645 173554 8626 8634 
6 : 102019 254301 254300 102026 102022 258515 
6 : 112473 158871 240358 112460 112468 158866 
6 : 170594 47786 66135 47769 66115 47757 
6 : 254307 234377 254308 234378 256435 234380 
6 : 158463 249011 175163 158461 158453 175162 
6 : 246730 254321 254322 246736 246738 261797 
6 : 139494 247118 194337 139490 139482 194330 
6 : 254323 117592 254326 117593 254437 117599 
6 : 37924 145486 115492 37911 37907 115474 
6 : 230176 108374 115516 108368 115510 108353 
6 : 254329 240518 248641 240519 248642 240516 
6 : 79265 143726 132199 79257 79255 132178 
6 : 175407 254341 111435 175409 111414 111437 
6 : 217300 189282 218646 189275 217298 189276 
6 : 242708 254366 229087 242709 229085 229092 
6 : 246079 254372 254368 246084 246081 259487 
6 : 254370 48166 254369 48170 260164 48169 
6 : 60482 146775 137068 60471 60470 137051 
6 : 237814 216868 139435 216862 139431 139428 
6 : 163827 254387 100900 163837 100883 100908 
6 : 211799 184463 12034 184453 12022 12018 
6 : 15853 238896 11714 15849 11674 11710 
6 : 254398 235434 17474 235435 17475 17468 
6 : 40027 254425 254428 40033 40036 263954 
6 : 99634 221881 247651 99625 99630 221878 
6 : 247497 248022 84623 247493 84618 84620 
6 : 146625 8120 220932 8108 146619 8113 
6 : 254432 136126 41124 136135 41136 41104 
6 : 254436 93101 254433 93106 256130 93102 
6 : 96445 244760 164602 96441 96435 164598 
6 : 142034 249113 167908 142033 142022 167905 
6 : 236035 240332 165085 236032 165081 165082 
6 : 246817 7353 254456 7350 246818 7356 
6 : 228352 129681 164401 129675 164394 129667 
6 : 58705 233805 248771 58697 58702 233799 
6 : 190504 85103 254481 85095 190509 85110 
6 : 207109 210237 254479 207105 207111 210239 
6 : 250559 130156 254478 130154 250560 130157 
6 : 61093 234114 254490 61088 61096 234120 
6 : 58277 209506 254512 58267 58280 209510 
6 : 228311 55679 254277 55675 228310 55678 
6 : 215459 61989 254520 61982 215462 61998 
6 : 254518 154771 254516 154777 259266 154775 
6 : 139112 188194 101211 139101 101186 101192 
6 : 244432 252340 111674 244431 111670 111672 
6 : 254544 131947 254542 131954 254845 131948 
6 : 254546 241916 254545 241926 264735 241924 
6 : 243699 184991 140412 184985 140407 140399 
6 : 21237 254559 43077 21240 21217 43079 
6 : 144914 211423 225974 144905 144906 211415 
6 : 155354 207633 238500 155343 155349 207631 
6 : 239355 159273 254585 159270 239359 159277 
6 : 254595 214887 196231 214894 196235 196220 
6 : 219247 254612 92194 219248 92188 92195 
6 : 253221 198129 170953 198128 170952 170943 
6 : 131478 136300 35281 131465 35256 35258 
6 : 141880 254637 200159 141884 141870 200163 
6 : 223185 246777 136026 223183 136013 136020 
6 : 136173 101918 138729 101902 136163 101903 
6 : 215380 107737 239970 107732 215378 107736 
6 : 249175 254671 254669 249181 249180 262013 
6 : 199646 250149 254672 199644 199648 250150 
6 : 243509 220687 200691 220683 200685 200683 
6 : 83138 20341 254684 20321 83142 20345 
6 : 212159 250266 252049 212157 212158 250265 
6 : 177959 207254 133438 177954 133415 133422 
6 : 77440 213528 236487 77431 77436 213520 
6 : 155262 105104 235516 105088 155258 105097 
6 : 239928 192160 225510 192157 225508 192154 
6 : 254710 244761 150276 244767 150287 150274 
6 : 136344 254716 254717 136349 136350 263094 
6 : 254714 132957 173501 132960 173506 132939 
6 : 106878 223488 137272 106870 106864 137264 
6 : 172931 169867 36366 169848 36353 36352 
6 : 156627 146874 254729 146861 156629 146877 
6 : 193137 237367 200332 193130 193122 200326 
6 : 254757 254754 130291 260596 130304 130296 
6 : 223208 193912 215596 193909 215593 193908 
6 : 56698 231283 9974 56695 9945 9968 
6 : 234413 224330 254786 224325 234418 224334 
6 : 128237 231872 249278 128233 128236 231871 
6 : 252266 201150 733 201148 732 715 
6 : 156186 254816 46914 156187 46892 46915 
6 : 216776 174389 201011 174383 201001 174379 
6 : 230686 30462 254847 30454 230689 30465 
6 : 254850 165371 209213 165375 209216 165363 
6 : 97138 231395 194797 97133 97130 194792 
6 : 174937 45622 135462 45611 135447 45602 
6 : 250875 128036 238300 128035 238298 128032 
6 : 218447 237212 231238 218443 218442 231236 
6 : 254885 45623 220735 45624 220736 45618 
6 : 254910 6372 100694 6376 100697 6356 
6 : 213514 115493 254914 115480 213515 115494 
6 : 254916 48836 165704 48842 165708 48820 
6 : 242683 254955 63468 242691 63461 63473 
6 : 246334 206160 233392 206155 233390 206154 
6 : 254954 104997 32107 104999 32112 32089 
6 : 93339 113741 32928 93320 32907 32910 
6 : 130402 35169 33652 35146 33631 33622 
6 : 231271 233393 222038 231265 222029 222030 
6 : 205981 251726 254976 205979 205984 251730 
6 : 193537 181811 255004 181801 193544 181815 
6 : 224281 28958 77759 28951 77748 28938 
6 : 61920 197010 158565 61911 61907 158555 
6 : 176183 238487 246160 176179 176181 238485 
6 : 187057 245585 221753 187054 187051 221748 
6 : 255032 76286 148562 76287 148563 76265 
6 : 234178 10829 245414 10825 234177 10827 
6 : 100951 241598 226119 100949 100944 226114 
6 : 233490 120257 255039 120256 233491 120258 
6 : 255061 2808 255058 2820 260146 2813 
6 : 33210 163943 34818 33194 33184 34804 
6 : 174265 13739 212297 13727 174259 13733 
6 : 237615 255067 255066 237617 237616 260193 
6 : 254227 131149 124376 131148 124375 124359 
6 : 34008 186062 163325 33998 33996 163315 
6 : 134503 255089 29976 134504 29962 29977 
6 : 203491 255114 63745 203494 63734 63751 
6 : 255112 177617 142481 177618 142483 142467 
6 : 255128 98664 255126 98667 263812 98665 
6 : 10776 179191 79332 10764 10755 79321 
6 : 110182 83165 189908 83148 110174 83154 
6 : 223209 255129 12810 223210 12804 12811 
6 : 219388 255151 22491 219390 22484 22495 
6 : 43438 157612 238558 43425 43431 157607 
6 : 121010 252532 216586 121009 121002 216585 
6 : 144527 189302 223778 144517 144521 189295 
6 : 197573 255156 255157 197575 197576 261001 
6 : 127706 86817 138219 86799 127690 86800 
6 : 255159 165061 85492 165068 85500 85473 
6 : 255160 187505 175746 187512 175754 175732 
6 : 162963 230499 222536 162959 162957 222530 
6 : 31946 177325 118858 31939 31932 118846 
6 : 217755 137374 241790 137366 217753 137370 
6 : 202433 65808 69685 65799 69678 65788 
6 : 241372 186931 90856 186925 90850 90838 
6 : 255204 66677 12174 66683 12178 12146 
6 : 255205 123786 142341 123788 142343 123767 
6 : 57133 73387 245750 57111 57131 73385 
6 : 255216 32315 100157 32317 100159 32291 
6 : 185308 251503 255234 185307 185309 251505 
6 : 199892 255242 105565 199897 105552 105572 
6 : 95672 252287 252768 95669 95670 252285 
6 : 250257 255267 241709 250262 241704 241711 
6 : 181716 159881 152798 159867 152780 152777 
6 : 217175 233021 207857 217169 207846 207849 
6 : 249934 255277 105196 249936 105194 105199 
6 : 255302 231324 255298 231329 260617 231326 
6 : 28738 253107 117142 28736 28719 117139 
6 : 185324 15564 98685 15554 98674 15546 
6 : 255335 18615 1073 18620 1075 1046 
6 : 255336 18831 205586 18839 205589 18820 
6 : 254057 52662 232904 52661 232903 52652 
6 : 255352 255345 60998 259463 61009 61001 
6 : 58133 255357 131404 58135 58115 131410 
6 : 119772 88949 188286 88932 119766 88937 
6 : 169806 247777 72629 169801 72614 72626 
6 : 252104 248101 24839 248100 24838 24835 
6 : 124670 134843 74207 124656 74195 74196 
6 : 181727 65661 254991 65653 181726 65660 
6 : 248095 255402 169837 248096 169833 169838 
6 : 104272 91663 255411 91642 104274 91665 
6 : 255410 255409 255412 259993 260857 259996 
6 : 48803 49103 236252 48785 48800 49097 
6 : 255417 225864 104031 225871 104037 104024 
6 : 246904 141519 181386 141516 181383 141507 
6 : 255429 177124 2345 177126 2347 2331 
6 : 126715 248278 56612 126713 56590 56611 
6 : 239112 12435 85775 12432 85773 12416 
6 : 165170 255444 216161 165173 165161 216167 
6 : 100770 235004 137395 100763 100754 137390 
6 : 138045 255465 246693 138051 138043 246701 
6 : 218763 214450 221701 214444 218757 214445 
6 : 255499 67328 74389 67330 74392 67302 
6 : 255522 117431 150372 117438 150382 117415 
6 : 23730 123314 216657 23718 23725 123307 
6 : 181556 215941 237940 181541 181553 215934 
6 : 219917 255557 255556 219920 219919 261811 
6 : 211582 255560 188095 211585 188086 188100 
6 : 239712 247135 184292 239710 184287 184289 
6 : 110163 49130 215393 49115 110158 49124 
6 : 159347 110797 18649 110790 18636 18630 
6 : 255587 115930 255588 115932 261227 115938 
6 : 145009 32108 255593 32091 145017 32115 
6 : 211994 150404 175829 150393 175821 150386 
6 : 237504 246624 223256 237498 223252 223254 
6 : 251908 246384 178117 246382 178114 178111 
6 : 18675 141299 109240 18659 18657 109214 
6 : 253557 255611 214827 253561 214826 214831 
6 : 202724 247288 181345 202721 181333 181342 
6 : 255613 180190 182442 180194 182449 180183 
6 : 255614 196640 233082 196641 233083 196634 
6 : 255620 255618 93548 262633 93557 93553 
6 : 251841 251072 255629 251071 251844 251075 
6 : 242907 237633 190339 237629 190334 190332 
6 : 246740 210882 251868 210879 246739 210880 
6 : 135779 255647 247912 135781 135775 247918 
6 : 248358 255648 62548 248361 62544 62550 
6 : 15979 194055 247943 15972 15975 194052 
6 : 188368 242168 255655 188362 188370 242172 
6 : 124671 72137 255705 72118 124673 72141 
6 : 138065 255702 244498 138066 138062 244499 
6 : 116153 227676 134122 116149 116139 134115 
6 : 155594 85905 92464 85891 92454 85882 
6 : 255711 157867 156655 157872 156663 156633 
6 : 2874 211513 119002 2866 2861 118992 
6 : 255735 51887 223578 51892 223584 51877 
6 : 196294 249085 217614 196291 196286 217611 
6 : 180984 255776 130073 180989 130057 130080 
6 : 155080 255789 255793 155081 155084 256336 
6 : 255795 232167 230295 232175 230304 230292 
6 : 201423 255799 192347 201427 192330 192353 
6 : 253427 169932 255796 169931 253428 169933 
6 : 223136 182179 29689 182170 29680 29676 
6 : 35472 124807 113058 35454 35452 113044 
6 : 167053 174674 229371 167044 167048 174669 
6 : 253222 161179 144553 161177 144551 144535 
6 : 255829 255830 255828 260008 259762 259768 
6 : 241676 189681 222967 189680 222965 189672 
6 : 251196 132141 232639 132138 232636 132131 
6 : 38578 12319 156680 12292 38567 12305 
6 : 99884 255899 100058 99886 99864 100063 
6 : 217050 88990 228548 88984 217048 88986 
6 : 52012 255926 174017 52013 52005 174021 
6 : 130786 208334 130860 130781 130776 130845 
6 : 255010 255927 128069 255013 128068 128074 
6 : 40753 150466 255953 40740 40755 150469 
6 : 64259 23163 188021 23143 64252 23154 
6 : 215200 86133 255952 86128 215201 86136 
6 : 77826 4646 228493 4628 77818 4635 
6 : 148075 238992 18832 148068 18815 18824 
6 : 256022 95096 17922 95103 17931 17895 
6 : 198745 256025 79496 198747 79485 79501 
6 : 223811 210752 232920 210746 223807 210749 
6 : 100622 148860 243565 100607 100619 148856 
6 : 227580 82118 139286 82116 139283 82101 
6 : 78909 256087 158487 78915 78894 158494 
6 : 160081 256085 256084 160084 160083 258825 
6 : 256092 186888 252522 186891 252529 186887 
6 : 173614 256095 220019 173618 173606 220022 
6 : 254306 31742 219812 31740 219811 31732 
6 : 256109 236447 96141 236449 96145 96129 
6 : 234655 215881 256113 215874 234658 215887 
6 : 244248 29940 172672 29937 172669 29925 
6 : 193038 51920 252241 51905 193037 51919 
6 : 55987 167107 190414 55976 55978 167093 
6 : 256153 29050 90403 29053 90408 29021 
6 : 256180 38280 256183 38283 261584 38285 
6 : 33596 221186 153436 33591 33584 153431 
6 : 170932 54883 256186 54872 170934 54886 
6 : 193220 75816 52663 75805 52647 52636 
6 : 216974 214591 236603 214585 216967 214587 
6 : 96741 84840 178489 84821 96728 84829 
6 : 256206 71599 246250 71602 246252 71596 
6 : 227691 167487 249364 167479 227690 167484 
6 : 18536 145413 53142 18517 18506 53127 
6 : 4260 248265 207634 4259 4253 207632 
6 : 167953 255220 32577 167952 32564 32575 
6 : 137707 250095 239981 137703 137700 239978 
6 : 253502 225787 256269 225784 253504 225789 
6 : 196109 256274 256270 196111 196110 257215 
6 : 203106 206175 255376 203093 203105 206174 
6 : 50149 256278 149550 50151 50137 149551 
6 : 145273 16341 184890 16319 145265 16326 
6 : 256280 123758 127942 123759 127945 123741 
6 : 28462 128164 256296 28442 28464 128166 
6 : 256298 220324 244834 220330 244838 220322 
6 : 10633 138084 215151 10621 10626 138078 
6 : 199285 182443 256305 182434 199291 182451 
6 : 256323 137544 213439 137548 213442 137536 
6 : 67836 256326 246588 67841 67834 246593 
6 : 75931 143238 20668 75921 20644 20651 
6 : 233884 147620 236588 147614 233880 147615 
6 : 176579 143547 253526 143534 176578 143545 
6 : 195952 254065 251727 195950 195948 251725 
6 : 41790 256351 218006 41794 41781 218013 
6 : 255666 75142 256359 75141 255667 75144 
6 : 242495 61801 250196 61797 242492 61800 
6 : 51495 242839 147912 51490 51477 147904 
6 : 163700 255913 256428 163699 163702 255915 
6 : 240998 199649 150407 199641 150400 150389 
6 : 87652 125143 188784 87635 87638 125134 
6 : 118807 58872 221094 58856 118798 58867 
6 : 193039 5102 132422 5087 132407 5078 
6 : 64199 36333 107812 36310 64184 36318 
6 : 190437 105380 256458 105367 190438 105381 
6 : 111622 109365 221834 109341 111612 109353 
6 : 204027 256460 177538 204029 177530 177543 
6 : 160767 253750 134996 160766 134974 134993 
6 : 174901 207880 256466 174888 174903 207881 
6 : 151862 132736 248838 132719 151860 132731 
6 : 236186 42870 30555 42868 30550 30531 
6 : 242008 229654 95911 229651 95908 95904 
6 : 256484 256482 90292 261641 90303 90298 
6 : 80006 153672 79172 79988 79149 79153 
6 : 254521 151842 242017 151841 242015 151839 
6 : 217004 253706 40840 217003 40828 40839 
6 : 242485 256509 254711 242490 242484 254718 
6 : 149818 203506 256512 149812 149821 203511 
6 : 256514 211640 222507 211644 222512 211635 
6 : 103868 255838 236016 103867 103865 236015 
6 : 208116 5607 169105 5597 169092 5593 
6 : 256528 256525 187351 257137 187359 187352 
6 : 128912 89146 68995 89124 68976 68970 
6 : 244199 154040 218996 154035 218992 154033 
6 : 256533 153873 140635 153877 140639 140615 
6 : 109928 193080 222426 109913 109919 193075 
6 : 256572 26113 116429 26119 116432 26088 
6 : 206960 26080 238361 26069 206954 26073 
6 : 255446 256583 147991 255449 147989 147995 
6 : 47031 217534 255042 47025 47029 217533 
6 : 111526 167704 96960 111506 96936 96940 
6 : 44685 254735 256632 44684 44688 254743 
6 : 120231 256636 256634 120239 120238 264272 
6 : 138658 212683 231501 138643 138647 212670 
6 : 245896 188622 245663 188619 245660 188618 
6 : 224636 92376 204077 92367 204070 92361 
6 : 246096 126755 236437 126749 236434 126746 
6 : 41345 37603 63058 37580 41331 37583 
6 : 192505 192558 255043 192499 192504 192557 
6 : 234693 256674 115417 234695 115412 115420 
6 : 256586 26947 256673 26946 256587 26948 
6 : 123616 176590 256677 123607 123620 176592 
6 : 220061 124203 74466 124195 74460 74450 
6 : 207745 97581 108401 97569 108387 97560 
6 : 161226 256697 246067 161227 161224 246069 
6 : 51994 240124 219360 51992 51989 219356 
6 : 186075 120079 141328 120070 141312 120065 
6 : 256727 256728 240422 261930 240425 240426 
6 : 250997 218478 85367 218476 85365 85358 
6 : 250330 90328 256753 90325 250331 90329 
6 : 49661 247369 227247 49659 49656 227246 
6 : 217126 171908 6126 171900 6117 6111 
6 : 256776 43081 256775 43083 258850 43082 
6 : 193539 47220 253565 47206 193536 47219 
6 : 229360 120173 128630 120164 128619 120142 
6 : 8806 32418 256779 8782 8807 32420 
6 : 225033 256796 139722 225040 139715 139726 
6 : 173269 167456 97340 167449 97326 97325 
6 : 224512 145050 183502 145041 183493 145037 
6 : 256837 256840 145205 262868 145209 145213 
6 : 166577 185325 205587 166562 166565 185316 
6 : 242663 171584 212834 171577 212827 171572 
6 : 165734 194959 184749 165728 165727 184734 
6 : 218133 228922 249158 218122 218128 228918 
6 : 154380 85751 204924 85735 154371 85743 
6 : 248572 256880 249399 248574 248570 249403 
6 : 59507 35547 14991 35529 14966 14963 
6 : 187637 106158 221079 106147 187633 106152 
6 : 256904 125743 128831 125748 128837 125722 
6 : 174097 232692 256912 174093 174101 232696 
6 : 48013 18193 256913 18169 48014 18194 
6 : 233065 256925 187766 233070 187758 187770 
6 : 214904 254656 250731 214901 214899 250729 
6 : 228417 249643 198881 228414 198873 198878 
6 : 34300 256929 189491 34304 34292 189493 
6 : 133018 98419 225825 98404 133013 98413 
6 : 153804 109987 217337 109962 153796 109971 
6 : 90108 256888 256930 90107 90110 256889 
6 : 219267 246522 81097 219263 81082 81091 
6 : 254827 176719 255255 176716 254826 176717 
6 : 7042 42440 76689 7017 7020 42416 
6 : 203636 68589 248390 68576 203633 68583 
6 : 200068 252108 256971 200067 200069 252109 
6 : 4938 256579 10138 4937 4909 10137 
6 : 162311 256976 1891 162312 1870 1893 
6 : 213837 180246 102456 180235 102446 102441 
6 : 256978 86580 209357 86585 209359 86575 
6 : 253182 139824 256991 139822 253184 139831 
6 : 191899 232238 924 191892 916 918 
6 : 67119 145238 256997 67108 67121 145240 
6 : 189967 222275 226567 189957 189959 222266 
6 : 239748 255955 231874 239747 231869 231873 
6 : 105133 256102 116461 105132 105108 116460 
6 : 257013 182052 120523 182056 120526 120509 
6 : 204643 203275 242301 203258 204638 203270 
6 : 16209 95031 152908 16183 16189 95012 
6 : 234884 248684 251661 234882 234883 248681 
6 : 246915 215665 123569 215663 123565 123557 
6 : 250642 141543 257057 141539 250647 141547 
6 : 257062 96248 158130 96250 158133 96229 
6 : 162291 4293 199242 4277 162280 4282 
6 : 181531 245874 241893 181530 181528 241885 
6 : 184921 257082 153437 184926 153424 153441 
6 : 250708 235689 224700 235686 224698 224695 
6 : 121846 257094 217488 121852 121838 217493 
6 : 215356 160921 195877 160917 195870 160911 
6 : 257107 231929 200479 231936 200483 200476 
6 : 107738 130187 120315 107724 107723 120291 
6 : 189322 219500 139825 189311 139810 139813 
6 : 257134 257136 236300 261319 236304 236306 
6 : 55068 26229 41252 26204 41221 26202 
6 : 256249 257142 257138 256253 256251 260237 
6 : 257141 12603 103216 12604 103218 12579 
6 : 205803 246711 87819 205801 87804 87817 
6 : 220793 178282 229998 178269 220788 178273 
6 : 251793 257163 60722 251798 60716 60731 
6 : 57781 94286 24545 57772 24522 24526 
6 : 79980 257165 185934 79983 79974 185940 
6 : 236883 87727 154693 87720 154688 87710 
6 : 17860 257189 227551 17862 17856 227556 
6 : 85976 257193 252595 85978 85975 252599 
6 : 247454 178011 734 178004 730 710 
6 : 257200 257194 257195 260967 262317 260963 
6 : 245875 184922 243757 184920 243751 184919 
6 : 236590 177345 20669 177337 20662 20654 
6 : 19681 192371 211598 19670 19672 192362 
6 : 217051 125056 222661 125041 217047 125043 
6 : 121847 257224 178467 121849 121834 178469 
6 : 151556 93951 114071 93931 114047 93926 
6 : 215517 235690 73060 215509 73049 73054 
6 : 257236 129826 182506 129829 182511 129813 
6 : 257248 257249 257251 258233 258235 259040 
6 : 236175 105266 257255 105261 236178 105272 
6 : 248367 81239 223517 81234 223509 81230 
6 : 257284 247086 231128 247088 231132 231124 
6 : 180207 257310 215882 180209 180200 215888 
6 : 250014 257312 257313 250016 250017 264374 
6 : 256682 257314 243845 256683 243844 243846 
6 : 256226 213223 236658 213220 236655 213216 
6 : 257350 250716 15923 250726 15933 15919 
6 : 255716 249837 23352 249835 23351 23348 
6 : 257359 183646 225919 183650 225922 183639 
6 : 148723 251035 257363 148721 148725 251037 
6 : 247256 33065 257364 33059 247258 33070 
6 : 166060 221682 235489 166052 166054 221678 
6 : 183009 132840 233630 132828 183001 132833 
6 : 138938 257387 215784 138939 138929 215786 
6 : 243550 62892 237378 62886 237374 62885 
6 : 94977 160685 171228 94964 94965 160672 
6 : 78095 257175 201153 78094 78086 201151 
6 : 65476 257412 8917 65477 8899 8918 
6 : 144418 125057 110934 125035 110916 110914 
6 : 257443 18650 133766 18655 133776 18632 
6 : 257468 188430 242218 188431 242219 188426 
6 : 245452 257474 228687 245456 228684 228694 
6 : 257475 167108 189063 167114 189067 167092 
6 : 98995 252186 52957 98994 52933 52954 
6 : 130577 2935 205005 2915 130572 2921 
6 : 213502 219613 247066 213493 213496 219609 
6 : 257495 181849 257492 181857 258847 181851 
6 : 239854 23501 92743 23493 92740 23480 
6 : 70469 257517 60291 70473 60267 60297 
6 : 212941 41390 151891 41379 151879 41373 
6 : 247849 211250 179211 211245 179206 179195 
6 : 192229 120080 142172 120071 142164 120066 
6 : 215867 257521 29787 215870 29781 29789 
6 : 221307 180191 237723 180188 221304 180189 
6 : 235750 182444 229933 182438 229928 182437 
6 : 144703 76210 248544 76194 144701 76209 
6 : 83243 257560 108127 83247 83226 108132 
6 : 181784 147708 257559 147694 181785 147709 
6 : 45329 257565 257562 45334 45331 261995 
6 : 105155 256196 251937 105154 105153 251935 
6 : 136106 232629 225465 136103 136100 225459 
6 : 201608 184485 15298 184474 15285 15282 
6 : 121804 257597 314 121805 294 315 
6 : 145123 127422 57353 127410 57334 57332 
6 : 170724 257598 157501 170725 157483 157503 
6 : 257623 257621 229314 264255 229323 229319 
6 : 62198 216439 42654 62188 42625 42641 
6 : 165466 43671 203063 43657 165453 43662 
6 : 255535 156049 237929 156048 237928 156040 
6 : 125354 190719 130634 125342 125340 130615 
6 : 233778 225265 122563 225262 122559 122556 
6 : 119408 257629 92002 119413 91981 92016 
6 : 187071 130158 227069 130147 187062 130150 
6 : 117596 257646 223832 117597 117585 223833 
6 : 253719 257645 228975 253720 228973 228976 
6 : 52301 217666 198802 52293 52291 198790 
6 : 93602 228133 257648 93594 93604 228135 
6 : 257652 257656 39521 260064 39522 39526 
6 : 257664 179862 257661 179871 263512 179867 
6 : 14109 93603 22270 14099 14096 22255 
6 : 168652 149946 257674 149934 168655 149952 
6 : 243689 257298 198803 243687 198795 198801 
6 : 257673 39590 156783 39593 156786 39577 
6 : 36715 257677 257675 36717 36716 261276 
6 : 33107 76794 151669 33089 33094 76778 
6 : 200777 228904 79203 200771 79191 79194 
6 : 82654 201635 257691 82644 82657 201641 
6 : 212909 97088 138106 97081 138097 97068 
6 : 245073 201892 196133 201888 196129 196117 
6 : 219066 153125 243932 153114 219061 153120 
6 : 26001 257745 251469 26005 25997 251475 
6 : 91567 257742 255939 91569 91566 255941 
6 : 101257 27975 100293 27957 100272 27956 
6 : 206413 257749 170983 206417 170971 170987 
6 : 227006 91601 138107 91593 138099 91581 
6 : 243052 166523 44125 166519 44117 44105 
6 : 254704 257775 121274 254705 121271 121275 
6 : 1821 155118 209284 1809 1817 155106 
6 : 24208 194251 233806 24194 24201 194240 
6 : 63437 216554 213182 63425 63424 213168 
6 : 257794 254460 205565 254466 205570 205562 
6 : 240162 132618 257795 132610 240165 132619 
6 : 257796 83004 120566 83008 120572 82990 
6 : 73513 143178 169674 73505 73507 143168 
6 : 171960 44621 180376 44607 171952 44609 
6 : 178509 20312 257828 20301 178510 20315 
6 : 113768 92344 218876 92328 113757 92334 
6 : 5924 104643 173615 5903 5908 104626 
6 : 72107 203756 257860 72098 72112 203760 
6 : 109636 99794 192195 99770 109624 99780 
6 : 89552 248594 204221 89550 89547 204219 
6 : 257865 256560 28497 256562 28502 28496 
6 : 257866 123 250695 125 250700 120 
6 : 48540 247946 195601 48537 48522 195595 
6 : 237495 181557 234033 181552 234026 181549 
6 : 184154 18893 110958 18886 110947 18879 
6 : 248527 19390 250963 19387 248525 19388 
6 : 257890 189699 164216 189706 164223 164194 
6 : 14992 241067 257908 14988 14996 241069 
6 : 200919 62228 219692 62216 200912 62220 
6 : 257925 253507 257922 253511 262722 253510 
6 : 83094 183274 226770 83081 83085 183266 
6 : 239816 123666 248696 123657 239814 123660 
6 : 214960 133557 257941 133543 214963 133561 
6 : 257940 218385 172024 218387 172026 172011 
6 : 132928 29941 182527 29921 132920 29928 
6 : 137479 257959 60293 137482 60274 60296 
6 : 29404 115167 257969 29384 29409 115171 
6 : 196193 257965 207946 196194 196186 207947 
6 : 194116 227128 78279 194107 78260 78267 
6 : 57950 144396 257991 57937 57952 144400 
6 : 242308 257997 179288 242312 179285 179293 
6 : 257989 196296 257762 196297 257764 196295 
6 : 105267 258021 258020 105274 105273 263571 
6 : 258026 258024 219361 260275 219364 219362 
6 : 52776 82713 166178 52752 52767 82701 
6 : 40447 180397 249549 40433 40446 180396 
6 : 235260 72933 258043 72928 235262 72936 
6 : 63272 252602 161844 63268 63261 161839 
6 : 109543 215858 247643 109532 109537 215855 
6 : 155408 39801 231187 39783 155402 39794 
6 : 216363 107996 200628 107988 200618 107987 
6 : 258091 253972 248009 253980 248014 248006 
6 : 226634 258094 258092 226638 226636 262196 
6 : 258096 258095 258098 263966 264785 263968 
6 : 242367 225814 195288 225809 195283 195278 
6 : 235811 61570 27429 61565 27425 27409 
6 : 215765 128692 191575 128682 191567 128678 
6 : 230165 237214 170318 230162 170309 170311 
6 : 256486 43672 96249 43670 96247 43651 
6 : 258154 258153 158131 262711 158137 158136 
6 : 215302 257613 209785 215301 209771 209784 
6 : 242079 52244 132535 52239 132527 52222 
6 : 258178 165339 238094 165340 238095 165337 
6 : 38642 183870 239940 38629 38638 183866 
6 : 258184 3055 151766 3058 151768 3038 
6 : 131951 16781 257118 16763 131950 16780 
6 : 114619 240963 124612 114616 114602 124610 
6 : 237606 207371 223153 207367 223146 207362 
6 : 82062 53825 119075 53806 82049 53809 
6 : 205840 211039 138912 205835 138902 138904 
6 : 8714 65035 258209 8694 8717 65043 
6 : 258208 205635 226750 205641 226758 205628 
6 : 221381 79609 79097 79600 79092 79077 
6 : 257614 66931 52245 66929 52243 52215 
6 : 160922 73435 184206 73419 160910 73421 
6 : 248565 76144 140299 76140 140296 76124 
6 : 166377 127330 166912 127309 166368 127310 
6 : 245629 98469 252648 98467 245627 98468 
6 : 258275 258274 256660 262405 256668 256662 
6 : 86581 50552 254013 50529 86579 50551 
6 : 38847 258279 232593 38850 38841 232598 
6 : 55448 166402 107997 55439 55434 107984 
6 : 257393 188624 33331 188623 33329 33315 
6 : 258299 160272 258298 160275 262603 160274 
6 : 113724 255428 196386 113722 113714 196383 
6 : 258302 67783 118444 67789 118448 67766 
6 : 70785 233448 206090 70777 70775 206081 
6 : 258307 111164 127356 111170 127362 111147 
6 : 173009 258331 83033 173011 83016 83039 
6 : 91296 258333 192115 91301 91284 192121 
6 : 237104 248297 236267 237102 236262 236264 
6 : 258364 249365 233066 249369 233069 233060 
6 : 236759 187072 163305 187065 163300 163297 
6 : 223187 43139 240875 43129 223182 43134 
6 : 67263 258392 238258 67269 67259 238267 
6 : 258389 132841 243115 132844 243117 132835 
6 : 25242 93681 203840 25229 25235 93668 
6 : 75497 57782 258401 57770 75500 57785 
6 : 155355 39769 231693 39751 155348 39761 
6 : 194784 90048 258425 90037 194787 90053 
6 : 28015 182082 221900 27997 28002 182069 
6 : 222755 210346 177754 210340 177747 177743 
6 : 108072 6446 251610 6418 108069 6444 
6 : 56579 110114 258451 56556 56581 110121 
6 : 179476 223966 131890 179469 131872 131880 
6 : 27288 258466 245111 27293 27286 245117 
6 : 219518 239686 98720 219513 98706 98712 
6 : 258470 250215 253101 250219 253104 250214 
6 : 115664 253743 149633 115662 115655 149632 
6 : 258473 258474 167423 259339 167425 167426 
6 : 84793 222981 65702 84786 65673 65693 
6 : 169262 91352 1730 91336 1719 1702 
6 : 243385 249270 220520 243381 220516 220517 
6 : 258530 257982 42619 257984 42620 42618 
6 : 184801 206025 246878 184791 184798 206021 
6 : 214286 258536 227718 214290 214283 227719 
6 : 248883 74468 75145 74465 75138 74445 
6 : 232503 258555 246506 232505 232499 246510 
6 : 159800 258562 126422 159803 126401 126425 
6 : 235445 30996 258586 30989 235450 30999 
6 : 240901 254175 8189 240900 8184 8188 
6 : 170458 258598 182445 170461 170448 182448 
6 : 236570 191004 73388 190999 73382 73377 
6 : 181812 258635 33371 181817 33355 33375 
6 : 30238 235765 149352 30233 30220 149346 
6 : 191757 162116 55222 162107 55211 55209 
6 : 249466 57431 242828 57429 242823 57427 
6 : 258643 246140 107882 246144 107885 107880 
6 : 43926 233067 258652 43918 43933 233072 
6 : 258661 36936 77852 36937 77853 36914 
6 : 158241 258664 246909 158242 158239 246910 
6 : 106014 84015 258670 83999 106016 84017 
6 : 170363 107243 200959 107228 170354 107230 
6 : 208260 258673 143482 208261 143476 143483 
6 : 258568 193478 157653 193477 157652 157645 
6 : 248325 113917 53087 113913 53082 53069 
6 : 222122 1530 155542 1519 155527 1508 
6 : 147155 258694 188006 147159 147141 188008 
6 : 73137 124693 87464 73123 73122 87440 
6 : 80912 74907 227043 74881 80901 74900 
6 : 222092 84882 117564 84873 117554 84856 
6 : 258714 166061 240831 166064 240833 166057 
6 : 239216 149974 100437 149969 100430 100414 
6 : 28282 135215 118198 28268 28264 118172 
6 : 246452 240921 95382 240916 95378 95376 
6 : 213869 258738 56454 213871 56451 56462 
6 : 258737 58908 180629 58910 180632 58893 
6 : 118140 60690 103712 60671 103688 60669 
6 : 206892 257229 240186 206891 206888 240184 
6 : 30437 163495 227413 30426 30431 163490 
6 : 44721 54138 219814 44710 44717 54127 
6 : 198711 223687 250342 198704 198706 223685 
6 : 258786 255414 258785 255421 264653 255420 
6 : 64805 258801 170889 64806 64796 170890 
6 : 176068 258802 213308 176072 176062 213311 
6 : 258807 13989 258811 13992 263288 13995 
6 : 73023 225226 204496 73019 73016 204486 
6 : 258183 188945 142513 188943 142511 142495 
6 : 165985 176894 1245 165973 1225 1228 
6 : 127559 120038 191207 120019 127548 120025 
6 : 258832 258833 193561 261054 193562 193566 
6 : 169789 108958 251380 108944 169786 108954 
6 : 179389 237302 257955 179382 179387 237301 
6 : 150590 175726 24279 150575 24260 24263 
6 : 43687 150814 243486 43681 43685 150810 
6 : 182181 246300 165597 182175 165579 165590 
6 : 251711 193066 11060 193060 11055 11045 
6 : 212280 258877 140201 212281 140187 140202 
6 : 153757 200480 53993 153747 53969 53977 
6 : 180662 37277 122294 37267 122281 37259 
6 : 130666 258766 135110 130665 130651 135109 
6 : 258934 255685 141788 255689 141790 141786 
6 : 258953 121467 258951 121470 259313 121468 
6 : 3809 245924 236676 3803 3802 236671 
6 : 46011 76090 30411 45990 30385 30387 
6 : 117175 110777 161036 110761 117163 110766 
6 : 254548 55791 233246 55788 233244 55779 
6 : 212641 67361 259002 67351 212642 67363 
6 : 235707 5608 216737 5603 216731 5600 
6 : 221852 43504 61037 43495 61028 43474 
6 : 216784 192560 256943 192552 216781 192559 
6 : 255452 191405 53723 191401 53719 53704 
6 : 98836 232594 60294 98825 60269 60283 
6 : 243967 94206 253494 94199 243963 94202 
6 : 141761 2346 196387 2326 141754 2335 
6 : 259106 93813 198274 93816 198275 93797 
6 : 134845 110697 178819 110679 134831 110687 
6 : 254993 169587 83034 169585 83028 83015 
6 : 98765 170470 229235 98757 98762 170465 
6 : 221308 254864 125085 221305 125072 125081 
6 : 66879 47638 26428 47615 26395 26393 
6 : 166683 242302 64503 166676 64485 64497 
6 : 183928 113742 259144 113732 183929 113743 
6 : 200514 169387 23690 169375 23677 23671 
6 : 240441 206074 233632 206067 233618 206066 
6 : 11450 71619 213374 11440 11447 71613 
6 : 55696 259154 217071 55698 55689 217073 
6 : 108829 251533 83749 108825 83725 83744 
6 : 235261 67837 202533 67830 202526 67827 
6 : 230673 169491 249515 169482 230669 169486 
6 : 14765 173956 57652 14751 14742 57631 
6 : 81768 258794 110580 81767 81745 110579 
6 : 244261 148015 200406 148010 200398 148003 
6 : 185430 253783 71851 185429 71840 71848 
6 : 258604 208972 248686 208971 248685 208964 
6 : 216890 259185 11383 216893 11373 11390 
6 : 242486 139741 127587 139735 127580 127568 
6 : 243174 188851 96795 188848 96791 96786 
6 : 78055 181258 259207 78046 78056 181259 
6 : 47566 37607 191694 37581 47554 37596 
6 : 240861 91297 259209 91294 240863 91298 
6 : 259213 259211 94431 260057 94434 94432 
6 : 66210 100564 212684 66192 66201 100553 
6 : 77365 54139 234379 54117 77357 54130 
6 : 179597 235006 149253 179592 149234 149242 
6 : 84453 258512 259258 84452 84456 258519 
6 : 179907 95278 207705 95267 179898 95269 
6 : 170596 72350 185756 72336 170579 72338 
6 : 186414 228508 48700 186407 48682 48690 
6 : 259277 249991 171838 249997 171843 171833 
6 : 11451 46267 127163 11437 11443 46252 
6 : 259279 51468 172095 51470 172096 51457 
6 : 211777 121013 24437 121001 24424 24411 
6 : 24076 252995 251211 24074 24072 251210 
6 : 259300 177561 168235 177566 168240 168217 
6 : 212596 243075 223390 212592 212588 223384 
6 : 72319 97029 64504 72307 64478 64481 
6 : 123393 199709 179236 123384 123382 179220 
6 : 204644 224222 57029 204633 57013 57017 
6 : 177961 111023 259318 111007 177964 111027 
6 : 202122 80555 159612 80545 159595 80537 
6 : 94494 126055 238027 94473 94482 126048 
6 : 180663 259343 47959 180668 47936 47965 
6 : 189605 255993 239583 189602 189599 239579 
6 : 259365 189194 208695 189200 208702 189184 
6 : 205624 259370 216287 205625 205617 216293 
6 : 11021 259388 181892 11022 11009 181893 
6 : 247755 71434 4163 71431 4160 4143 
6 : 232059 41682 217862 41672 217849 41668 
6 : 240494 232963 258191 232956 240493 232962 
6 : 209042 177643 233575 177630 209037 177634 
6 : 239563 223416 253311 223409 239560 223413 
6 : 255425 212242 229952 212239 229950 212231 
6 : 165228 62595 98099 62585 98085 62579 
6 : 259430 253547 157392 253551 157394 157388 
6 : 110629 259432 91481 110633 91461 91489 
6 : 258952 223289 62111 223287 62109 62100 
6 : 98470 259435 127332 98472 98449 127334 
6 : 254549 51889 259436 51886 254552 51890 
6 : 259451 82275 206908 82278 206910 82262 
6 : 218035 254033 223726 218034 218027 223722 
6 : 224595 208570 9773 208563 9763 9761 
6 : 240976 228496 231131 228489 231123 228486 
6 : 126608 252757 247335 126607 126605 247331 
6 : 145374 143344 187607 143326 145363 143329 
6 : 240676 212369 231412 212361 231402 212359 
6 : 256250 249624 198072 249621 198069 198068 
6 : 100771 259474 237635 100773 100764 237637 
6 : 259015 248842 34592 248841 34591 34588 
6 : 125355 94000 201013 93984 125344 93992 
6 : 259494 233335 249086 233337 249087 233333 
6 : 199916 156442 194079 156433 194065 156431 
6 : 222061 219282 175810 219277 175802 175801 
6 : 140145 243510 91975 140140 91956 91971 
6 : 200837 126304 259517 126297 200844 126313 
6 : 250796 19552 259536 19550 250797 19553 
6 : 185256 219754 252727 185248 185251 219752 
6 : 236524 259542 39959 236528 39951 39963 
6 : 111648 238039 72807 111644 72780 72802 
6 : 233435 226706 6930 226700 6925 6922 
6 : 256615 211907 221757 211905 221754 211897 
6 : 132690 85140 82535 85121 82516 82511 
6 : 68733 120261 94943 68716 68711 94920 
6 : 136765 217616 259580 136755 136766 217621 
6 : 212664 116084 159883 116072 159874 116064 
6 : 250419 240020 105200 240014 105195 105191 
6 : 219673 213503 8340 213494 8327 8326 
6 : 259600 252187 247068 252191 247072 247064 
6 : 25091 12537 160976 12515 25080 12526 
6 : 82224 111045 112112 82204 82205 111029 
6 : 259605 235400 168728 235402 168730 168716 
6 : 162117 111796 259621 111781 162121 111798 
6 : 242829 72525 98958 72518 98949 72503 
6 : 249672 196695 259624 196689 249676 196696 
6 : 82063 113634 259633 82048 82065 113635 
6 : 251691 107244 258210 107238 251690 107241 
6 : 190041 122201 235033 122181 190035 122190 
6 : 243511 2045 250152 2037 243507 2038 
6 : 259644 239177 168342 239179 168345 168333 
6 : 121542 259664 41126 121545 41102 41135 
6 : 37518 259607 212051 37517 37503 212049 
6 : 81181 259636 162153 81180 81165 162152 
6 : 130467 199701 12651 130457 12622 12630 
6 : 186657 227552 174068 186651 174050 174058 
6 : 255012 202817 201717 202814 201714 201705 
6 : 259690 259689 86652 264132 86656 86655 
6 : 3208 23503 53298 3178 3182 23476 
6 : 182159 16376 61038 16364 61019 16352 
6 : 84537 18479 130077 18458 84523 18460 
6 : 259706 97686 257051 97689 257054 97684 
6 : 15152 259709 134446 15155 15130 134452 
6 : 259732 259731 223212 260956 223215 223214 
6 : 259734 254767 83167 254772 83169 83164 
6 : 130892 247644 179846 130888 130882 179841 
6 : 140759 259595 6536 140758 6514 6535 
6 : 163547 225937 259736 163538 163548 225938 
6 : 109397 141545 259697 109383 109396 141544 
6 : 117541 124904 259737 117523 117543 124906 
6 : 252939 259738 218670 252940 218667 218671 
6 : 243796 259750 222405 243797 222399 222406 
6 : 251922 167489 118306 167485 118303 118290 
6 : 53547 60837 72630 53523 53526 60813 
6 : 117682 259757 242073 117683 117671 242075 
6 : 68386 259773 148763 68387 68381 148764 
6 : 245145 43049 256518 43045 245144 43048 
6 : 94181 259774 240964 94182 94179 240966 
6 : 127560 259779 157089 127563 127543 157091 
6 : 39302 259781 259785 39304 39307 261226 
6 : 190150 118278 200839 118267 190142 118269 
6 : 84172 193467 230988 84157 84163 193460 
6 : 217162 259799 239527 217164 217158 239529 
6 : 233665 258578 259803 233664 233666 258580 
6 : 259804 75434 240922 75439 240925 75425 
6 : 259548 259807 62261 259552 62260 62264 
6 : 259809 259716 200016 259724 200026 200015 
6 : 111024 254034 259810 111021 111026 254035 
6 : 185417 49288 49421 49274 49403 49264 
6 : 223898 254063 93814 223896 93802 93810 
6 : 253518 256446 159586 253516 159581 159583 
6 : 254413 243410 121382 243405 121375 121369 
6 : 110214 148818 259847 110194 110216 148821 
6 : 237085 144493 210587 144488 210580 144483 
6 : 259857 81454 47102 81463 47107 47068 
6 : 259871 259873 98445 259957 98446 98448 
6 : 259872 95849 230521 95850 230522 95842 
6 : 226529 226207 220936 226201 220929 220928 
6 : 160512 224995 166597 160503 160492 166591 
6 : 206133 245268 33918 206130 33901 33913 
6 : 195954 205986 241375 195940 195944 205977 
6 : 225803 222691 20760 222684 20749 20748 
6 : 218116 116171 59871 116166 59865 59850 
6 : 128498 195365 228018 128489 128495 195358 
6 : 4009 257176 255878 4006 4005 255875 
6 : 218182 234441 35763 218177 35751 35756 
6 : 99714 228924 184649 99708 99704 184639 
6 : 7480 236833 87563 7476 7463 87556 
6 : 259933 259937 212299 261889 212302 212307 
6 : 55476 255477 237175 55473 55467 237172 
6 : 122747 171215 9458 122736 9436 9439 
6 : 128345 239376 227035 128340 128338 227027 
6 : 134194 94318 259893 94292 134193 94317 
6 : 139656 255717 178572 139654 139641 178571 
6 : 140169 259962 232798 140170 140156 232799 
6 : 244724 240692 227766 240688 227762 227761 
6 : 236699 125190 69821 125181 69813 69799 
6 : 255415 244351 187353 244345 187350 187347 
6 : 196587 198240 240793 196577 196582 198235 
6 : 181969 252277 191657 181968 181963 191655 
6 : 260000 60259 240021 60262 240024 60253 
6 : 127301 214306 149320 127288 127284 149305 
6 : 64962 260015 195382 64964 64954 195384 
6 : 119131 260014 224268 119133 119124 224271 
6 : 50404 51775 214161 50388 50399 51768 
6 : 260016 105641 155409 105645 155412 105627 
6 : 103884 242009 239817 103882 103880 239812 
6 : 258335 159504 256006 159503 256004 159501 
6 : 260070 192198 189235 192200 189236 189215 
6 : 8251 148502 246385 8236 8248 148498 
6 : 164766 246694 260090 164762 164768 246699 
6 : 174360 47640 119607 47627 119590 47619 
6 : 250004 235007 260091 235001 250007 235012 
6 : 182678 59751 61040 59734 61020 59726 
6 : 45972 245752 1201 45970 1171 1198 
6 : 99735 72496 252914 72469 99730 72492 
6 : 200143 260116 260112 200149 200145 261968 
6 : 243799 249729 260084 243790 243798 249728 
6 : 7425 130721 37373 7415 7409 37352 
6 : 68515 251863 196373 68510 68504 196365 
6 : 87753 88322 260039 87744 87752 88321 
6 : 206414 255752 260150 206411 206415 255754 
6 : 260162 17441 219349 17444 219352 17437 
6 : 91744 172508 39960 91730 39933 39939 
6 : 127778 260198 149377 127779 127765 149381 
6 : 97634 243455 220195 97632 97629 220188 
6 : 173934 198150 240657 173925 173931 198143 
6 : 260220 253496 74532 253497 74535 74526 
6 : 231164 260223 246019 231170 231161 246026 
6 : 260229 260230 8156 264728 8161 8162 
6 : 14165 218481 223276 14155 14156 218469 
6 : 51445 245598 260142 51438 51444 245597 
6 : 238183 220612 242870 220608 238179 220609 
6 : 260239 194891 213554 194894 213558 194886 
6 : 244802 256764 221457 244799 221448 221455 
6 : 832 170014 260250 820 833 170019 
6 : 260249 253802 247436 253803 247437 247434 
6 : 41927 27741 259310 27713 41925 27740 
6 : 96905 260256 67069 96906 67038 67071 
6 : 156297 55359 71093 55346 71073 55338 
6 : 150799 240888 259575 150795 150798 240886 
6 : 251463 187609 189000 187603 188998 187590 
6 : 229091 114194 242369 114183 229084 114187 
6 : 115465 257839 257820 115464 115463 257818 
6 : 210145 184034 167792 184025 167784 167779 
6 : 260284 47526 257588 47528 257590 47524 
6 : 260286 247249 258110 247252 258113 247248 
6 : 221223 241865 78944 221215 78936 78941 
6 : 232159 70252 17614 70247 17608 17590 
6 : 246768 258917 124265 246767 124261 124264 
6 : 89587 247432 162037 89583 89578 162032 
6 : 103583 19755 25665 19732 25635 19725 
6 : 188663 173028 238646 173020 188660 173025 
6 : 111624 142994 188908 111607 111609 142983 
6 : 236999 239757 199325 236996 199315 199317 
6 : 118279 165373 105432 118266 105415 105422 
6 : 148944 75469 223913 75448 148940 75459 
6 : 194476 218942 253567 194466 194474 218939 
6 : 232580 220388 89918 220380 89910 89906 
6 : 179477 54457 105159 54442 105143 54437 
6 : 257569 929 258187 925 257567 926 
6 : 260356 232240 110116 232241 110117 110103 
6 : 255868 102817 89648 102816 89644 89622 
6 : 30093 203757 155437 30083 30072 155422 
6 : 250370 201771 239839 201768 239833 201765 
6 : 94269 260378 260377 94273 94272 263059 
6 : 197274 252837 250784 197269 197267 250775 
6 : 233449 99297 127357 99288 127351 99275 
6 : 7135 222593 260381 7130 7138 222598 
6 : 130248 152414 213108 130232 130239 152401 
6 : 252490 256344 123346 252488 123338 123342 
6 : 14583 210229 184843 14574 14571 184824 
6 : 4395 60691 39078 4381 4378 39045 
6 : 260399 145150 161579 145151 161581 145128 
6 : 28740 260404 36486 28742 28715 36489 
6 : 200998 19392 175126 19380 175113 19375 
6 : 24045 260413 237272 24047 24040 237279 
6 : 260415 247138 256037 247139 256039 247136 
6 : 142075 202755 260420 142066 142079 202759 
6 : 95311 183033 206540 95292 95297 183015 
6 : 247632 155514 145313 155507 145309 145295 
6 : 98352 136919 245183 98327 98342 136912 
6 : 76652 252041 255325 76649 76651 252040 
6 : 57843 253973 87564 57841 57824 87561 
6 : 131151 13742 154891 13723 131136 13725 
6 : 196031 1202 153650 1189 153635 1184 
6 : 150679 193211 260487 150669 150682 193214 
6 : 197093 32774 230403 32754 197086 32759 
6 : 180475 221583 98447 180463 98430 98438 
6 : 258919 226925 257632 226924 257631 226922 
6 : 25499 239783 254451 25486 25496 239780 
6 : 250301 240481 123571 240478 123566 123560 
6 : 259555 169937 206827 169935 206825 169923 
6 : 253548 260521 177840 253552 177837 177843 
6 : 260529 154696 194418 154697 194419 154683 
6 : 260532 159992 87731 159995 87733 87712 
6 : 258159 8495 198807 8494 198805 8481 
6 : 138429 224015 258165 138418 138427 224013 
6 : 121108 242922 97717 121102 97695 97712 
6 : 260556 8341 247069 8346 247074 8334 
6 : 260557 171255 260555 171258 261696 171256 
6 : 260564 174924 246205 174926 246209 174919 
6 : 228006 226635 260578 226624 228008 226642 
6 : 249501 53441 260575 53438 249502 53442 
6 : 180228 256891 21278 180224 21261 21275 
6 : 234202 139034 256606 139023 234200 139032 
6 : 144634 260587 210452 144637 144621 210453 
6 : 19282 260597 221609 19285 19274 221610 
6 : 255130 219469 56201 219467 56199 56186 
6 : 181059 221525 258013 181048 181057 221523 
6 : 260606 245102 222042 245105 222043 222033 
6 : 99658 86870 260621 86849 99660 86873 
6 : 222971 239646 5008 222964 4995 5002 
6 : 182213 260643 15299 182216 15281 15303 
6 : 250593 54544 218602 54539 218597 54532 
6 : 34283 86389 260645 34268 34286 86395 
6 : 49923 54788 135239 49900 49908 54771 
6 : 61303 123080 117803 61282 61281 117781 
6 : 260261 241591 233128 241590 233127 233123 
6 : 260579 2745 230641 2744 230640 2734 
6 : 260665 260666 253277 262570 253280 253281 
6 : 253431 207270 90585 207267 90583 90575 
6 : 260668 128277 42468 128279 42470 42454 
6 : 253805 222290 239870 222286 239867 222281 
6 : 244442 145730 260687 145722 244446 145731 
6 : 253757 100547 1894 100544 1890 1862 
6 : 160734 256421 159119 160733 159101 159117 
6 : 47751 231680 11716 47742 11680 11708 
6 : 51181 53520 143772 51160 51165 53502 
6 : 108730 227836 257482 108717 108727 227835 
6 : 228182 250633 243259 228179 228176 243255 
6 : 149297 149477 207949 149284 149289 149470 
6 : 213398 214711 260729 213391 213399 214712 
6 : 194757 171686 63946 171677 63929 63926 
6 : 256367 154547 254407 154545 254406 154544 
6 : 260757 14843 164403 14845 164406 14820 
6 : 21481 37125 227768 21466 21477 37120 
6 : 138573 260770 260768 138575 138574 261158 
6 : 241442 260771 144968 241445 144962 144973 
6 : 226726 182987 222219 182978 222206 182975 
6 : 65356 197105 61002 65348 60967 60985 
6 : 73326 249956 240794 73322 73320 240789 
6 : 189303 252261 234501 189301 189299 234499 
6 : 99021 55907 257128 55882 99020 55904 
6 : 199668 260823 260825 199669 199670 263898 
6 : 241397 84538 228249 84532 228243 84528 
6 : 260846 176376 71370 176377 71371 71350 
6 : 157052 260849 20385 157055 20364 20388 
6 : 22986 215695 252956 22978 22984 215694 
6 : 257250 250109 153984 250105 153979 153974 
6 : 174925 167816 257483 167795 174922 167813 
6 : 173471 247645 251584 173465 173469 247640 
6 : 260883 144380 260882 144383 262539 144381 
6 : 55908 181439 206091 55889 55893 181424 
6 : 76576 260888 253139 76580 76574 253141 
6 : 69785 237164 224141 69777 69773 224140 
6 : 239530 173834 234274 173827 234270 173825 
6 : 260020 230837 231189 230836 231188 230830 
6 : 35879 169473 87465 35863 35858 87446 
6 : 51384 78568 65169 51363 51360 65140 
6 : 99941 37013 203981 36997 99931 37005 
6 : 256306 255190 227044 255189 227042 227041 
6 : 136713 260919 187280 136715 136705 187282 
6 : 221741 234588 9221 221732 9208 9212 
6 : 230105 260921 260920 230111 230110 263992 
6 : 179069 235255 108259 179067 108244 108253 
6 : 257883 128766 94782 128764 94781 94763 
6 : 260948 208949 88890 208950 88891 88881 
6 : 168407 235559 260952 168402 168410 235564 
6 : 188062 210004 236303 188050 188058 209999 
6 : 257133 214048 46437 214046 46435 46427 
6 : 260973 258655 94813 258659 94823 94811 
6 : 116546 147067 209715 116529 116536 147054 
6 : 115823 173920 48074 115812 48046 48054 
6 : 199355 260993 243342 199356 199352 243347 
6 : 166504 200144 188513 166492 166491 188495 
6 : 217236 84282 260085 84270 217235 84281 
6 : 111199 241832 188910 111189 111179 188901 
6 : 168570 36770 261028 36759 168571 36772 
6 : 213504 261032 255959 213506 213501 255961 
6 : 146627 261036 257075 146632 146626 257076 
6 : 149804 207625 226123 149795 149797 207612 
6 : 29979 159399 34860 29963 29950 34841 
6 : 261049 255872 19135 255874 19141 19133 
6 : 111528 251136 219400 111524 111513 219397 
6 : 256782 261051 60295 256785 60289 60299 
6 : 195821 248427 256201 195817 195819 248424 
6 : 143842 108593 261067 108575 143843 108595 
6 : 199838 253066 36528 199833 36506 36519 
6 : 251345 27981 159993 27970 159982 27960 
6 : 55849 253590 83670 55847 55832 83667 
6 : 161718 261073 261074 161724 161725 264762 
6 : 261069 243343 261072 243345 261524 243349 
6 : 198131 252944 261075 198127 198132 252945 
6 : 229168 261077 87081 229172 87071 87084 
6 : 72463 261089 66652 72467 66628 66656 
6 : 213001 15660 261088 15656 213003 15661 
6 : 65357 243185 174564 65353 65346 174560 
6 : 249177 33719 237829 33717 237824 33716 
6 : 178243 190780 237638 178233 178239 190774 
6 : 250566 81825 193158 81823 193154 81814 
6 : 93713 234633 261093 93711 93715 234634 
6 : 220981 261092 261097 220982 220987 261532 
6 : 250625 261095 122505 250628 122501 122509 
6 : 257679 119966 161348 119965 161346 119947 
6 : 138068 45947 261105 45927 138069 45948 
6 : 198601 214289 260433 198593 198599 214287 
6 : 73990 231298 249490 73981 73984 231293 
6 : 121597 224523 14806 121583 14781 14788 
6 : 46466 19429 209844 19396 46457 19413 
6 : 250463 32174 71094 32171 71089 32152 
6 : 184171 173787 261147 173767 184172 173788 
6 : 244074 240156 227852 240152 227845 227843 
6 : 181880 44181 244155 44174 181876 44178 
6 : 84148 195225 35765 84136 35733 35747 
6 : 103510 261155 42355 103513 42338 42360 
6 : 261159 175728 17006 175729 17008 16990 
6 : 188873 254465 155983 188869 155967 155980 
6 : 201661 261172 260102 201662 201659 260107 
6 : 192313 256252 16970 192311 16958 16964 
6 : 230502 181280 241936 181271 230497 181275 
6 : 53801 235386 261200 53791 53803 235389 
6 : 227531 257332 193748 227528 193738 193746 
6 : 227779 6933 99441 6924 99430 6903 
6 : 259727 256545 189914 256543 189912 189909 
6 : 165987 250932 19904 165982 19880 19898 
6 : 257233 224690 243029 224689 243026 224683 
6 : 15636 261219 161380 15638 15624 161384 
6 : 218184 144721 179051 144712 179030 144706 
6 : 150882 261224 249589 150886 150881 249590 
6 : 181971 220740 260678 181964 181970 220738 
6 : 200387 191658 155720 191645 155708 155706 
6 : 219168 10940 194801 10930 194789 10926 
6 : 102115 139918 87732 102102 87705 87709 
6 : 170662 238261 36188 170656 36170 36181 
6 : 261241 181205 259381 181210 259384 181203 
6 : 249523 248980 247862 248975 247856 247855 
6 : 184328 158797 248311 158786 184325 158794 
6 : 261259 27397 261261 27399 262569 27402 
6 : 249179 58826 224763 58823 224759 58817 
6 : 155452 226051 89264 155443 89234 89243 
6 : 261281 50627 261282 50629 261963 50632 
6 : 146229 231466 251367 146221 146226 231462 
6 : 239326 163809 261286 163804 239327 163810 
6 : 128598 67173 197201 67147 128584 67159 
6 : 72320 238575 170125 72316 72310 170119 
6 : 218517 223956 88634 218508 88619 88621 
6 : 259476 257534 144635 257533 144632 144630 
6 : 208188 261313 261314 208191 208192 263493 
6 : 224436 242080 17616 224433 17606 17611 
6 : 54486 95754 102075 54467 54469 95734 
6 : 49107 71333 110725 49086 49090 71313 
6 : 257701 261318 158042 257702 158039 158043 
6 : 185257 125604 254498 125589 185252 125601 
6 : 261331 33721 187820 33723 187825 33709 
6 : 78210 261225 215397 78209 78205 215396 
6 : 146944 84104 118280 84087 118264 84085 
6 : 18006 244040 156462 17999 17988 156455 
6 : 153758 222773 242331 153749 153754 222763 
6 : 258880 65240 261351 65238 258885 65243 
6 : 249053 226455 259095 226449 249050 226453 
6 : 166809 91690 261370 91671 166810 91691 
6 : 261372 164022 261371 164027 264377 164026 
6 : 155900 231827 254020 155891 155898 231825 
6 : 245827 100901 12038 100898 12031 12004 
6 : 255565 143858 261420 143854 255568 143863 
6 : 261421 84560 234502 84561 234504 84554 
6 : 19993 64871 235951 19972 19985 64865 
6 : 260769 246314 145520 246312 145518 145509 
6 : 58675 68734 117483 58657 58661 68714 
6 : 120262 203758 152301 120250 120243 152286 
6 : 233035 104359 103955 104355 103946 103930 
6 : 74821 82768 95100 74810 74811 82743 
6 : 252383 45113 257897 45104 252379 45108 
6 : 96745 221346 134876 96734 96724 134866 
6 : 261495 212126 155322 212127 155324 155307 
6 : 68704 72464 162330 68687 68693 72451 
6 : 152705 247200 233905 152701 152695 233902 
6 : 9563 258683 40482 9561 9536 40479 
6 : 75039 164425 228575 75023 75033 164417 
6 : 80594 248039 18349 80592 18327 18347 
6 : 258069 238885 261522 238884 258071 238888 
6 : 260612 197533 217021 197531 217020 197518 
6 : 244332 139003 113689 138998 113682 113663 
6 : 61469 238934 261533 61463 61472 238936 
6 : 59791 261535 182083 59792 59781 182084 
6 : 261552 261550 259445 263828 259449 259447 
6 : 207112 201828 3395 201816 3378 3377 
6 : 185838 239420 259312 185834 185836 239416 
6 : 228288 209716 240075 209705 228286 209709 
6 : 240544 18835 9775 18825 9768 9741 
6 : 91355 261245 137073 91354 91334 137072 
6 : 113616 255692 167516 113613 113606 167513 
6 : 247042 261582 237475 247046 237469 237479 
6 : 261583 225668 182575 225669 182576 182564 
6 : 201182 255016 194977 201179 194963 194972 
6 : 239313 39892 96305 39885 96296 39869 
6 : 254745 133670 11315 133666 11311 11289 
6 : 218755 258648 98926 218754 98913 98924 
6 : 261597 191510 261595 191516 262123 191512 
6 : 124519 231786 195917 124508 124500 195906 
6 : 151947 98184 72937 98165 72919 72914 
6 : 220066 75150 17144 75131 17133 17113 
6 : 255839 103634 236660 103630 236654 103625 
6 : 238819 158648 261625 158644 238821 158649 
6 : 246142 191759 259088 191755 246141 191758 
6 : 63030 154802 120444 63014 63013 120424 
6 : 252421 183832 250115 183828 250113 183826 
6 : 174656 181852 151892 174644 151870 151873 
6 : 261646 253279 22457 253283 22463 22451 
6 : 194892 86391 50663 86377 50649 50639 
6 : 220613 54789 213569 54780 213563 54779 
6 : 210083 203360 213363 203349 210075 203350 
6 : 193630 86653 261663 86638 193632 86654 
6 : 254875 253926 261664 253923 254879 253929 
6 : 217165 255891 247020 217161 217159 247017 
6 : 261667 193469 115775 193470 115778 115761 
6 : 21816 101150 261670 21800 21821 101152 
6 : 180874 251268 251942 180869 180870 251267 
6 : 7395 255852 223727 7392 7381 223724 
6 : 261683 56934 107949 56939 107951 56913 
6 : 46288 109487 90586 46274 46271 90567 
6 : 218158 27534 261699 27525 218159 27538 
6 : 258031 253550 46322 253544 46317 46315 
6 : 63611 23816 205508 23792 63601 23806 
6 : 221471 260449 261710 221470 221473 260456 
6 : 226868 227884 201860 226861 201849 201850 
6 : 254444 261721 258820 254447 254442 258822 
6 : 167574 182142 236923 167565 167573 182137 
6 : 249080 261728 173507 249083 173498 173508 
6 : 212743 213557 261023 212737 212742 213555 
6 : 212929 119241 30414 119226 30404 30395 
6 : 235150 112499 210683 112490 210673 112486 
6 : 2617 50405 261744 2595 2619 50407 
6 : 63586 143970 84846 63572 63566 84824 
6 : 261758 81413 48320 81416 48323 48296 
6 : 217042 225213 256288 217034 217040 225211 
6 : 224159 107529 260649 107518 224158 107527 
6 : 261759 188432 261761 188434 262153 188437 
6 : 260051 229299 121158 229297 121156 121141 
6 : 261775 123668 237588 123669 237590 123656 
6 : 161720 55851 217023 55834 161709 55841 
6 : 203601 260613 261778 203600 203603 260620 
6 : 261776 43929 50607 43931 50608 43901 
6 : 238199 199569 232643 199558 232634 199557 
6 : 241678 101583 235194 101578 235183 101576 
6 : 175182 125489 184752 125474 175176 125476 
6 : 166418 47352 175168 47333 166406 47335 
6 : 59450 253396 261803 59447 59452 253399 
6 : 66624 109207 16343 66605 16314 16316 
6 : 254582 261805 160295 254586 160292 160300 
6 : 261807 244142 26566 244144 26570 26557 
6 : 258325 222692 259695 222689 258324 222690 
6 : 164557 238673 222010 164552 164549 221997 
6 : 248956 31252 260012 31245 248953 31249 
6 : 257936 146292 127015 146291 127013 126996 
6 : 15855 215368 217422 15844 15845 215359 
6 : 59248 219930 249653 59237 59246 219927 
6 : 92814 228803 254017 92804 92810 228797 
6 : 54791 59613 117806 54764 54767 59585 
6 : 231201 227243 162154 227235 162143 162138 
6 : 54638 9087 205375 9063 54631 9075 
6 : 151596 52808 147068 52792 147051 52791 
6 : 134785 228577 29255 134773 29230 29241 
6 : 261858 261859 225407 263043 225409 225410 
6 : 193884 261867 210045 193886 193876 210048 
6 : 146628 184257 221026 146617 146620 184252 
6 : 261632 236440 257464 236439 257463 236438 
6 : 261884 235937 183594 235939 183597 183589 
6 : 222654 111921 34664 111912 34654 34633 
6 : 86953 203224 65960 86940 65929 65948 
6 : 36156 61830 86514 36133 36137 61809 
6 : 117654 133796 183782 117639 117642 133783 
6 : 50293 30645 44794 30623 44767 30621 
6 : 261896 261894 252280 264383 252283 252282 
6 : 195433 144971 250818 144950 195430 144964 
6 : 54203 166664 101783 54192 54186 101763 
6 : 102374 146652 204989 102356 102361 146639 
6 : 226370 175748 43540 175738 43535 43520 
6 : 104227 10420 91840 10397 91817 10396 
6 : 29176 252574 215101 29168 29163 215095 
6 : 260303 256335 238133 256334 238131 238129 
6 : 261933 89742 261932 89748 264800 89747 
6 : 210930 144020 158492 144008 158481 143996 
6 : 250676 189786 102201 189780 102197 102183 
6 : 144508 259920 261954 144506 144511 259922 
6 : 261959 175372 260347 175374 260348 175371 
6 : 2618 118700 109489 2601 2599 109474 
6 : 41906 50406 90587 41888 41891 50391 
6 : 189558 155638 257265 155623 189556 155637 
6 : 219530 256793 256345 219528 219527 256341 
6 : 223378 13846 52519 13826 52509 13815 
6 : 143457 29372 42504 29352 42487 29343 
6 : 166388 184994 235560 166381 166384 184984 
6 : 168408 142911 166915 142901 166902 142900 
6 : 260930 261975 208922 260937 208921 208929 
6 : 140636 197935 238538 140620 140630 197926 
6 : 142305 198473 29823 142296 29806 29810 
6 : 188176 35996 35285 35980 35265 35250 
6 : 257884 201623 11386 201621 11382 11371 
6 : 137929 261987 199162 137930 137919 199164 
6 : 255430 142150 68067 142147 68063 68046 
6 : 207103 54368 49824 54357 49813 49793 
6 : 216347 69278 261998 69268 216350 69279 
6 : 260947 246291 8194 246290 8192 8185 
6 : 112717 255601 74133 112714 74105 74129 
6 : 180330 96622 62946 96611 62935 62921 
6 : 58409 234127 36805 58398 36779 36796 
6 : 106278 80777 232922 80751 106273 80767 
6 : 262010 113307 184486 113313 184492 113294 
6 : 254054 115116 202001 115114 201998 115105 
6 : 262034 113580 195289 113586 195296 113560 
6 : 11961 139438 137074 11950 11949 137049 
6 : 136071 258479 106305 136069 106284 106304 
6 : 169266 222540 179676 169254 169248 179663 
6 : 220086 66496 196069 66485 196057 66482 
6 : 107582 186251 239082 107571 107576 186243 
6 : 255709 122344 261875 122342 255708 122343 
6 : 259977 190521 252498 190518 252496 190517 
6 : 75716 232905 22339 75705 22312 22331 
6 : 258320 235832 223156 235830 223154 223145 
6 : 214485 219471 212112 214477 212101 212102 
6 : 215452 262070 165487 215453 165480 165489 
6 : 252139 31888 76006 31881 76003 31860 
6 : 112341 73993 248644 73971 112337 73983 
6 : 176248 102508 182802 102496 176239 102497 
6 : 255308 193580 68341 193578 68338 68325 
6 : 262083 126758 249005 126760 249007 126751 
6 : 197107 231617 224638 197099 197097 224631 
6 : 34 256007 259895 30 33 256005 
6 : 88702 244120 164219 88693 88685 164209 
6 : 214964 239033 243995 214954 214956 239025 
6 : 133850 73729 131893 73713 131869 73712 
6 : 260893 190317 211078 190315 211076 190308 
6 : 262109 231134 168916 231138 168922 168904 
6 : 162902 208765 29407 162893 29389 29395 
6 : 42356 262126 262125 42359 42357 263116 
6 : 85230 223646 224037 85221 85222 223636 
6 : 113746 241029 181207 113737 113731 181198 
6 : 226295 128945 94818 128929 94808 94791 
6 : 113380 250954 152689 113374 113365 152684 
6 : 252234 76417 180314 76414 180313 76402 
6 : 187848 260650 253709 187846 187843 253707 
6 : 41523 89091 180050 41501 41507 89079 
6 : 259880 225577 156788 225573 156785 156774 
6 : 196929 262164 245030 196932 196924 245033 
6 : 61400 262167 122445 61401 61385 122446 
6 : 78244 199163 157116 78234 78227 157100 
6 : 206573 262181 57061 206574 57052 57062 
6 : 58304 167990 241423 58289 58296 167983 
6 : 136302 104863 146676 104851 136288 104852 
6 : 65760 256232 256044 65758 65755 256042 
6 : 93753 130513 127448 93738 93736 127427 
6 : 248992 80420 88378 80415 88371 80398 
6 : 210214 262208 246643 210218 210208 246646 
6 : 209182 239717 262226 209174 209183 239718 
6 : 198941 262230 261251 198944 198939 261253 
6 : 188769 124491 261513 124470 188768 124489 
6 : 198151 258086 262232 198148 198153 258087 
6 : 128017 170514 253673 128001 128011 170511 
6 : 258406 132740 15930 132737 15924 15901 
6 : 254106 176946 100314 176944 100312 100303 
6 : 200744 195721 194082 195714 194066 194062 
6 : 171257 8466 91879 8448 91851 8439 
6 : 50516 233043 178088 50506 50500 178077 
6 : 262257 227145 128835 227149 128839 128817 
6 : 124879 146978 149654 124869 124870 146964 
6 : 10965 220134 171840 10954 10949 171829 
6 : 202053 176159 195290 176145 195274 176142 
6 : 256142 262258 249994 256143 249989 249995 
6 : 29314 19259 56700 19231 29295 19236 
6 : 71718 104150 200877 71692 71702 104137 
6 : 85315 253318 87991 85310 85299 87987 
6 : 167545 145601 181931 145589 167536 145590 
6 : 84539 47158 35173 47143 35142 35141 
6 : 82384 169080 116790 82369 82365 116770 
6 : 189049 243934 209144 189039 189036 209136 
6 : 213345 211801 262282 211792 213349 211808 
6 : 80448 170957 191672 80441 80442 170941 
6 : 262285 161231 261917 161234 261921 161230 
6 : 154529 217618 244938 154523 154525 217610 
6 : 229273 250432 257526 229267 229270 250429 
6 : 233111 194893 119243 194888 119230 119222 
6 : 85754 190631 55111 85740 55075 55092 
6 : 262302 259198 144657 259201 144660 144656 
6 : 234530 16307 173687 16300 173678 16294 
6 : 262305 42738 153394 42740 153395 42722 
6 : 255773 30273 18041 30268 18034 18012 
6 : 185432 262312 108753 185435 108741 108755 
6 : 129100 262323 39595 129101 39575 39596 
6 : 64702 230538 244731 64688 64690 230533 
6 : 151326 55360 208923 55345 151321 55353 
6 : 103066 255292 262327 103062 103068 255294 
6 : 173861 213974 66276 173846 66257 66264 
6 : 198866 235716 262338 198860 198868 235722 
6 : 232252 236971 187610 232247 187595 187598 
6 : 187075 262340 92008 187077 91989 92012 
6 : 260380 174496 222550 174495 222548 174484 
6 : 157732 236004 3593 157726 3568 3586 
6 : 186077 239871 78946 186073 78931 78940 
6 : 153215 143798 219872 143777 153204 143785 
6 : 258478 15727 247104 15722 247102 15718 
6 : 180195 174475 262372 174460 180196 174479 
6 : 149178 131022 224207 131006 149172 131012 
6 : 262382 33008 260103 33012 260108 33007 
6 : 136854 5292 216948 5273 136849 5283 
6 : 18896 170576 145708 18884 18883 145693 
6 : 225052 262390 252619 225057 225047 252625 
6 : 246143 257921 56723 246139 56719 56722 
6 : 156762 250077 129069 156757 129049 129062 
6 : 203120 258684 184211 203118 184195 184207 
6 : 209864 179310 203773 179300 203761 179299 
6 : 208645 129848 262402 129840 208646 129849 
6 : 262414 262415 256964 262841 256966 256969 
6 : 225556 159199 198910 159188 198893 159182 
6 : 103742 262426 226978 103745 103737 226983 
6 : 231207 92688 245490 92682 231205 92685 
6 : 3231 101178 165662 3214 3218 101158 
6 : 13767 15442 262173 13746 13766 15441 
6 : 39736 43673 262441 39719 39739 43674 
6 : 193617 229190 35137 193613 35119 35129 
6 : 232582 138817 262459 138811 232583 138818 
6 : 116649 90407 172121 90383 116631 90392 
6 : 39619 215443 163654 39614 39608 163641 
6 : 160770 51076 251409 51058 160764 51071 
6 : 215165 193918 29408 193907 29396 29393 
6 : 79422 252606 167600 79418 79408 167591 
6 : 247835 145471 163549 145465 163543 145456 
6 : 187334 204125 233232 187324 187329 204118 
6 : 250812 101584 99299 101579 99294 99271 
6 : 143219 83515 225082 83496 143208 83506 
6 : 214653 262517 79466 214655 79453 79469 
6 : 203461 50064 134533 50050 134521 50045 
6 : 228704 198647 132961 198637 132947 132942 
6 : 41629 260385 245688 41627 41623 245683 
6 : 262528 245426 261514 245430 261518 245425 
6 : 202622 15662 213768 15653 202613 15657 
6 : 48229 229587 249404 48219 48224 229581 
6 : 129316 132766 259167 129291 129314 132764 
6 : 129353 260978 150933 129351 129340 150930 
6 : 123431 88459 238791 88436 123424 88449 
6 : 190605 194619 262545 190598 190610 194622 
6 : 69934 154441 137981 69920 69917 137957 
6 : 201739 181030 204345 181020 201730 181022 
6 : 262561 259532 162430 259535 162433 162428 
6 : 96503 137502 243281 96484 96499 137497 
6 : 210020 49953 117720 49945 117707 49933 
6 : 123549 185445 179052 123536 123535 179025 
6 : 260365 161381 63795 161378 63792 63771 
6 : 68121 262580 222186 68123 68114 222187 
6 : 237000 222084 188912 222077 188897 188894 
6 : 10967 84360 195291 10944 10950 84340 
6 : 262596 243745 255385 243749 255388 243741 
6 : 44451 262600 99187 44453 44439 99193 
6 : 143320 196713 248580 143310 143317 196709 
6 : 240778 212901 230990 212896 230980 212894 
6 : 196622 183849 146575 183838 146558 146554 
6 : 150449 182040 33069 150440 33047 33052 
6 : 102913 228278 259439 102903 102911 228276 
6 : 197513 262624 256663 197515 197509 256667 
6 : 250999 251512 250028 250995 250021 250022 
6 : 262404 249209 157533 249208 157532 157522 
6 : 153615 244532 137886 153610 137870 137878 
6 : 222641 176054 200455 176045 200444 176043 
6 : 262629 251175 155921 251177 155923 155913 
6 : 163078 259393 151050 163077 151028 151048 
6 : 219531 176874 231773 176862 219523 176865 
6 : 96450 46654 259335 46625 96448 46652 
6 : 145856 246821 5651 145850 5621 5643 
6 : 212993 249618 150283 212989 150270 150275 
6 : 248410 70867 231878 70862 231870 70856 
6 : 239206 211691 24439 211678 24430 24423 
6 : 262642 262643 40252 263197 40254 40255 
6 : 43863 261851 219502 43862 43857 219501 
6 : 95546 234475 61373 95540 61358 61369 
6 : 223747 239501 139828 223741 139814 139817 
6 : 239065 215384 70142 215376 70133 70129 
6 : 207935 210215 257878 207924 207932 210212 
6 : 251289 241638 87599 241633 87594 87591 
6 : 262671 113284 259968 113287 259971 113282 
6 : 47061 214034 96624 47051 47039 96615 
6 : 186789 160395 256548 160384 186784 160393 
6 : 77684 262684 154055 77687 77669 154058 
6 : 136403 179333 262067 136392 136401 179330 
6 : 145056 252444 152089 145047 145034 152081 
6 : 164559 226860 251542 164550 164554 226854 
6 : 37930 259946 239985 37927 37920 239984 
6 : 243599 1139 261642 1131 243597 1138 
6 : 243978 17584 167707 17576 167699 17561 
6 : 261399 217358 78151 217355 78149 78139 
6 : 53224 259788 213635 53222 53215 213634 
6 : 26083 239181 258792 26074 26082 239176 
6 : 258958 168346 189399 168341 189393 168324 
6 : 113309 166967 124960 113291 113288 124937 
6 : 194447 11607 262706 11596 194449 11611 
6 : 262162 261119 60125 261118 60124 60122 
6 : 42119 262709 262708 42121 42120 263703 
6 : 262710 166686 248157 166687 248163 166680 
6 : 56879 169941 240483 56863 56872 169927 
6 : 142655 262718 20499 142656 20474 20500 
6 : 261883 249006 212620 249004 212619 212608 
6 : 217912 209745 248124 209738 217909 209740 
6 : 237972 215154 31404 215148 31393 31391 
6 : 254231 128303 51250 128299 51248 51225 
6 : 195633 259609 255663 195632 195630 255661 
6 : 191250 225053 259090 191238 191246 225048 
6 : 111838 127761 77463 111822 77446 77448 
6 : 73515 136562 261044 73503 73514 136561 
6 : 85206 52995 242744 52967 85203 52990 
6 : 60842 179517 248652 60822 60832 179510 
6 : 183814 109470 262766 109453 183815 109472 
6 : 194758 262765 188688 194759 188674 188691 
6 : 99335 262767 256389 99337 99332 256392 
6 : 262772 204139 195210 204141 195214 195200 
6 : 21848 262784 29824 21852 21825 29827 
6 : 104864 248421 35286 104861 35254 35279 
6 : 253949 260589 226928 253947 226919 226926 
6 : 216545 245427 22157 216534 22146 22151 
6 : 115724 262807 14240 115727 14218 14242 
6 : 212902 225038 259011 212893 212899 225034 
6 : 237754 257129 262810 237753 237755 257130 
6 : 262812 64230 241639 64233 241640 64225 
6 : 146367 81047 216557 81023 146351 81035 
6 : 164095 140685 228449 140664 164088 140672 
6 : 181895 254219 251652 181889 181888 251648 
6 : 262163 176071 49792 176070 49790 49775 
6 : 34757 233614 180400 34752 34748 180395 
6 : 158851 210374 220693 158843 158848 210365 
6 : 199194 157840 260983 157825 199193 157836 
6 : 30526 128280 109490 30513 30511 109475 
6 : 134934 173578 86547 134924 86523 86527 
6 : 207273 51778 261508 51765 207272 51777 
6 : 252904 172606 262827 172600 252907 172609 
6 : 21184 20316 212768 20293 21177 20308 
6 : 231801 183216 162838 183207 162829 162823 
6 : 230050 262831 186332 230052 186318 186335 
6 : 249721 258977 180501 249717 180494 180498 
6 : 219503 262842 120319 219505 120302 120323 
6 : 16147 131996 262843 16129 16148 131999 
6 : 256497 127098 144533 127096 144528 127081 
6 : 86872 17836 222973 17812 86860 17828 
6 : 138749 99300 205738 99276 138737 99284 
6 : 72984 125253 97412 72969 72965 97394 
6 : 21062 10692 241752 10666 21052 10680 
6 : 65383 131212 212484 65365 65375 131196 
6 : 190703 49925 123081 49913 123062 49906 
6 : 143200 58022 200104 57999 143190 58004 
6 : 262886 143240 246301 143241 246303 143234 
6 : 262894 101754 178841 101757 178843 101737 
6 : 230107 220073 198492 220067 198482 198479 
6 : 78075 231327 169457 78068 78063 169446 
6 : 250508 262445 33882 250507 33874 33881 
6 : 260869 262898 144021 260870 144019 144022 
6 : 32113 256079 258849 32109 32111 256078 
6 : 262910 48667 150411 48671 150414 48641 
6 : 146599 30527 90589 30515 90573 30507 
6 : 260021 173579 241433 173577 241431 173575 
6 : 261509 39804 230840 39802 230838 39793 
6 : 246446 152062 66422 152057 66417 66394 
6 : 243360 261687 262927 243359 243361 261689 
6 : 174233 257333 11997 174230 11978 11993 
6 : 247520 226390 133903 226381 133894 133890 
6 : 203334 141087 185107 141075 185094 141072 
6 : 36336 245158 4054 36331 4020 4042 
6 : 104126 184191 2974 104118 2947 2957 
6 : 242582 231503 262960 231493 242584 231505 
6 : 262963 166065 238349 166066 238350 166056 
6 : 262965 224765 262966 224766 264241 224767 
6 : 184008 230512 258601 184000 184006 230511 
6 : 115030 211447 132202 115017 115009 132189 
6 : 62040 259980 71572 62039 62022 71569 
6 : 173082 232253 147462 173074 147444 147453 
6 : 11998 98324 99442 11968 11969 98289 
6 : 229410 146551 251613 146541 229405 146545 
6 : 244102 158699 180315 158692 180311 158685 
6 : 263013 252235 20531 252236 20532 20528 
6 : 60393 4481 156127 4448 60375 4457 
6 : 139742 136348 137887 136327 137868 136326 
6 : 261727 204829 135999 204827 135997 135983 
6 : 112779 144399 244940 112768 112776 144394 
6 : 209825 135517 208190 135506 208178 135505 
6 : 26949 263034 263031 26951 26950 263176 
6 : 79857 190632 147287 79849 79843 147273 
6 : 179251 207665 256396 179246 179249 207664 
6 : 49425 263052 231504 49427 49414 231509 
6 : 256641 263051 54975 256644 54970 54977 
6 : 260004 263062 261515 260005 260003 261516 
6 : 180380 242924 219675 180372 180369 219667 
6 : 229510 252396 247737 229507 229505 247732 
6 : 140711 3232 259805 3217 140708 3229 
6 : 263083 4682 92612 4686 92620 4660 
6 : 176610 162100 6757 162081 6741 6737 
6 : 256740 262140 20387 256738 20380 20386 
6 : 183110 53687 260408 53672 183108 53684 
6 : 210836 53058 259091 53044 210833 53054 
6 : 259855 81327 72531 81325 72526 72500 
6 : 235616 255548 198810 235612 198793 198800 
6 : 262593 39598 236155 39597 236154 39588 
6 : 195030 263110 62114 195034 62095 62117 
6 : 233005 229999 231015 229993 231006 229992 
6 : 117047 231983 259577 117040 117045 231980 
6 : 67421 187242 262099 67408 67419 187240 
6 : 255785 214985 4055 214983 4052 4034 
6 : 263155 263156 262042 264584 262044 262045 
6 : 27650 262133 7847 27648 7811 7845 
6 : 57863 174477 50668 57853 50637 50646 
6 : 236332 131844 102857 131836 102847 102825 
6 : 133262 54205 256693 54187 133261 54202 
6 : 148948 202757 263181 148935 148950 202760 
6 : 254851 244699 259783 244694 254849 244695 
6 : 27867 259446 228267 27865 27862 228263 
6 : 92888 136448 247563 92872 92886 136443 
6 : 262235 193416 210375 193414 210372 193399 
6 : 70662 223691 94573 70648 70637 94562 
6 : 250371 244447 77372 244438 77361 77359 
6 : 58230 261296 134304 58229 58221 134302 
6 : 220794 105883 76483 105872 76473 76459 
6 : 111750 125032 41432 111726 41401 41402 
6 : 233896 234977 74135 233888 74116 74117 
6 : 238309 78914 38209 78904 38201 38184 
6 : 263207 163812 65577 163813 65579 65557 
6 : 142077 103093 75474 103074 75446 75443 
6 : 157684 75687 235021 75667 157675 75675 
6 : 211656 14201 261216 14186 211655 14198 
6 : 19682 256539 149256 19680 19666 149252 
6 : 101458 252661 41433 101454 41399 41429 
6 : 25571 64450 71624 25549 25550 64431 
6 : 263225 216305 261040 216306 261041 216302 
6 : 127150 167708 154977 127135 127133 154957 
6 : 32497 122880 93259 32485 32483 93243 
6 : 258988 261186 263227 258987 258989 261187 
6 : 111167 206092 239796 111152 111160 206084 
6 : 68518 178749 237996 68502 68509 178739 
6 : 245864 230090 114559 230084 114552 114546 
6 : 252204 22645 177734 22641 177730 22630 
6 : 65220 230117 110283 65213 65203 110274 
6 : 198450 107625 248382 107615 198448 107623 
6 : 226801 256365 224338 226794 224321 224332 
6 : 263255 141305 258288 141306 258290 141301 
6 : 12539 146207 256319 12525 12535 146204 
6 : 238626 121598 228152 121588 228142 121586 
6 : 254162 13847 102730 13840 102725 13819 
6 : 239250 256040 226245 239245 226229 226239 
6 : 41188 228061 215445 41180 41178 215436 
6 : 44035 42442 587 42413 554 553 
6 : 1468 263275 158493 1470 1453 158497 
6 : 90050 263274 7880 90051 7851 7881 
6 : 258449 201443 232242 201442 232239 201433 
6 : 181365 230938 186021 181358 181348 186012 
6 : 261427 258407 199548 258404 199546 199542 
6 : 128669 27009 68625 26991 68600 26986 
6 : 231937 53996 107036 53982 107022 53963 
6 : 259526 263297 90299 259529 90296 90302 
6 : 49463 257979 248395 49460 49457 248392 
6 : 204811 253020 243996 204808 204801 243987 
6 : 263301 263302 134195 263626 134197 134198 
6 : 86820 190969 43542 86807 43509 43524 
6 : 194573 120446 223323 120433 194567 120438 
6 : 167993 263315 263314 167996 167994 264640 
6 : 1799 130954 173413 1778 1783 130937 
6 : 238437 260798 244175 238436 238433 244174 
6 : 235151 224652 187768 224644 187759 187754 
6 : 135196 172770 248354 135181 135190 172766 
6 : 263347 157600 191593 157601 191594 157586 
6 : 23471 102671 130382 23452 23455 102651 
6 : 204706 174658 229704 174647 204700 174651 
6 : 261931 108831 203904 108830 203902 108821 
6 : 262183 210494 248616 210493 248614 210492 
6 : 162477 205776 223425 162467 162469 205768 
6 : 200070 86114 232080 86103 200064 86107 
6 : 263365 249736 125774 249740 125779 125770 
6 : 109717 262701 263366 109716 109718 262702 
6 : 224248 84564 189307 84552 189296 84547 
6 : 148981 262533 230301 148980 148974 230300 
6 : 239455 114387 21579 114382 21570 21552 
6 : 260043 230255 230235 230251 230231 230222 
6 : 55026 243889 263379 55017 55028 243893 
6 : 222921 230286 232038 222915 222917 230277 
6 : 263378 218399 39653 218404 39654 39643 
6 : 234255 175749 251144 175741 234251 175744 
6 : 143800 17480 263185 17458 143799 17479 
6 : 241948 251234 150189 241946 150178 150184 
6 : 245527 163249 197616 163242 197609 163232 
6 : 157010 258137 263408 157008 157011 258138 
6 : 205325 32114 176428 32099 176417 32095 
6 : 222842 1203 44273 1193 44258 1170 
6 : 245754 252351 263428 245749 245755 252352 
6 : 263429 196032 196806 196034 196808 196023 
6 : 263430 27433 244941 27437 244943 27426 
6 : 234157 73704 259995 73697 234155 73703 
6 : 245816 94784 235629 94778 235621 94776 
6 : 247551 181910 127283 181905 127278 127270 
6 : 261554 196513 225159 196512 225158 196504 
6 : 129471 199329 256133 129457 129469 199324 
6 : 196428 135573 151697 135558 151677 135550 
6 : 235640 259252 87824 235639 87811 87821 
6 : 222759 214069 224705 214061 222753 214062 
6 : 263480 242787 188817 242788 188819 188806 
6 : 191234 191345 187689 191226 187674 187675 
6 : 260799 34070 25336 34069 25334 25303 
6 : 166855 221743 166830 166850 166812 166818 
6 : 226360 249 149042 239 149034 234 
6 : 123529 259541 140303 123527 123513 140300 
6 : 200213 235630 260106 200203 200210 235628 
6 : 231373 205510 262506 205500 231372 205509 
6 : 58437 87250 178090 58412 58425 87235 
6 : 154872 237548 125750 154862 125724 125734 
6 : 180271 262781 121652 180270 121632 121650 
6 : 258122 43811 128838 43808 128832 43789 
6 : 63315 130047 62950 63295 62920 62927 
6 : 124695 108880 234332 108856 124686 108873 
6 : 233599 214018 60394 214011 60384 60380 
6 : 24325 8920 233668 8896 24318 8912 
6 : 263532 202972 242471 202973 242472 202964 
6 : 228420 143458 242137 143447 228412 143450 
6 : 70788 40329 263552 40309 70789 40330 
6 : 224081 4805 228579 4794 224073 4795 
6 : 163571 219933 193902 163562 163559 193891 
6 : 13810 244020 247928 13802 13803 244017 
6 : 123622 260997 165818 123618 123605 165813 
6 : 258538 263562 124208 258539 124204 124209 
6 : 145292 95102 164049 95080 145279 95084 
6 : 21246 48669 175835 21218 21228 48644 
6 : 171149 168702 263564 168680 171150 168703 
6 : 261782 73297 234092 73294 234089 73287 
6 : 263568 83752 20670 83754 20673 20645 
6 : 260113 259866 251355 259863 251352 251350 
6 : 169416 254446 250387 169413 169411 250382 
6 : 228138 257045 217671 228131 217661 217665 
6 : 263580 239193 120417 239197 120423 120409 
6 : 263587 258889 47419 258893 47421 47415 
6 : 217994 133673 252917 133659 217991 133664 
6 : 254415 156878 14334 156871 14331 14315 
6 : 262211 243413 248857 243412 248855 243404 
6 : 145743 235376 262681 145739 145742 235375 
6 : 187243 145733 5431 145713 5417 5409 
6 : 259161 51047 253528 51044 253527 51040 
6 : 41392 29946 158780 29912 41374 29924 
6 : 214646 212945 263602 212933 214647 212946 
6 : 263603 9423 181855 9426 181856 9410 
6 : 147785 243419 161382 147779 147774 161369 
6 : 204195 250608 246706 204190 204188 246704 
6 : 257058 120640 143156 120637 143155 120626 
6 : 257962 263614 193496 257963 193493 193498 
6 : 69788 238289 165508 69779 69770 165501 
6 : 227466 263616 188123 227468 188114 188125 
6 : 260889 200373 85498 200371 85493 85480 
6 : 175428 224478 222430 175416 175415 222417 
6 : 232143 152063 216239 152052 216228 152046 
6 : 130488 103586 223451 103566 130481 103577 
6 : 134724 59723 168996 59701 134707 59704 
6 : 220262 171911 227252 171902 220254 171903 
6 : 256060 216804 159827 216797 159822 159814 
6 : 246200 259947 244219 246199 244210 244217 
6 : 263637 165707 241985 165710 241987 165696 
6 : 205909 254831 180230 205906 180215 180222 
6 : 186454 261620 166706 186453 166688 166704 
6 : 247509 218987 250092 218980 247505 218981 
6 : 185225 245711 148339 185218 148315 148324 
6 : 202535 242745 263654 202529 202536 242746 
6 : 234746 47420 231949 47408 231942 47405 
6 : 81741 183468 160865 81722 81718 160843 
6 : 214487 62736 241699 62729 214480 62732 
6 : 242205 58530 262573 58522 242201 58527 
6 : 99118 91428 199289 91408 99105 91418 
6 : 213410 118410 242282 118399 213405 118404 
6 : 64728 89589 53851 64708 53831 53833 
6 : 144659 173032 162040 144645 144644 162018 
6 : 162276 236731 95070 162273 95049 95060 
6 : 165938 258328 116899 165936 116879 116895 
6 : 187995 262014 53585 187993 53563 53582 
6 : 255187 20762 154572 20757 154568 20743 
6 : 10227 49109 89889 10215 10216 49087 
6 : 88703 258059 263677 88700 88704 258060 
6 : 260959 65832 64605 65831 64604 64577 
6 : 129354 123822 143906 123795 129339 123798 
6 : 98690 262661 215415 98689 98677 215414 
6 : 217147 38347 64646 38337 64630 38319 
6 : 152130 200182 233132 152119 152126 200173 
6 : 112434 50366 235739 50340 112427 50353 
6 : 258609 165687 182681 165680 182675 165665 
6 : 251682 257115 263710 251680 251683 257116 
6 : 261545 246362 263713 246361 261548 246364 
6 : 194119 207148 197697 194106 194102 197678 
6 : 263723 260138 20027 260141 20031 20025 
6 : 92691 211547 226157 92678 92681 211534 
6 : 261085 3397 245671 3394 245668 3386 
6 : 116974 260212 111799 116971 111776 111797 
6 : 176612 237918 263167 176602 176611 237917 
6 : 258644 241012 158650 241010 158647 158645 
6 : 131300 160687 43194 131288 43168 43174 
6 : 5539 174459 219949 5520 5524 174443 
6 : 132158 263751 245236 132159 132153 245237 
6 : 244357 236305 235037 236297 235026 235025 
6 : 110552 263754 219874 110557 110543 219877 
6 : 125490 62230 134879 62205 125473 62208 
6 : 176263 235178 188692 176255 176251 188679 
6 : 221348 215246 219695 215237 219681 215236 
6 : 36306 263759 36193 36307 36159 36194 
6 : 82452 263760 160218 82453 82441 160219 
6 : 197912 15444 200022 15425 197896 15426 
6 : 135075 169350 174216 135062 135063 169333 
6 : 233264 137250 263771 137243 233265 137252 
6 : 248600 227771 215670 227764 215664 215660 
6 : 67477 12777 263260 12748 67476 12776 
6 : 241106 179478 201171 179473 201165 179465 
6 : 65833 263784 48703 65834 48673 48704 
6 : 256433 22902 113583 22898 113575 22875 
6 : 243782 228885 215268 228881 215262 215253 
6 : 11608 256167 157909 11605 11592 157905 
6 : 60126 191659 220741 60111 60113 191647 
6 : 84426 59018 211614 58998 84415 59010 
6 : 245483 12258 245599 12255 245479 12256 
6 : 231221 257477 253268 231217 231216 253263 
6 : 262608 224499 223655 224498 223652 223649 
6 : 71308 262568 251964 71306 71301 251960 
6 : 140278 263825 238583 140279 140267 238584 
6 : 181731 252680 178824 181725 178809 178816 
6 : 259203 263779 149657 259202 149651 149656 
6 : 106350 259838 206392 106347 106343 206391 
6 : 138576 175730 122681 138559 122649 122653 
6 : 229766 242937 249410 229759 229761 242929 
6 : 174764 253341 114842 174760 114823 114838 
6 : 257324 101755 219089 101752 219087 101743 
6 : 245647 252482 201297 245643 201288 201294 
6 : 252475 190794 251506 190791 251502 190790 
6 : 175792 27537 262813 27519 175790 27536 
6 : 249940 188102 240027 188092 240013 188088 
6 : 181643 259989 1656 181641 1640 1653 
6 : 110582 232487 248083 110569 110574 232478 
6 : 136108 263870 13276 136109 13250 13278 
6 : 189440 184489 245548 184471 189435 184480 
6 : 211517 182355 58776 182340 58760 58754 
6 : 69662 170194 153508 69646 69644 153492 
6 : 248731 242260 237844 242252 237836 237834 
6 : 22672 171508 247073 22660 22665 171499 
6 : 261463 194061 259765 194060 259763 194059 
6 : 122115 209382 148656 122111 122102 148644 
6 : 31435 260812 173194 31432 31415 173191 
6 : 178690 263508 248504 178688 178683 248502 
6 : 101285 81209 245021 81183 101276 81202 
6 : 234023 256600 68910 234021 68898 68905 
6 : 147137 236049 262019 147129 147136 236047 
6 : 229011 239307 250357 229003 229005 239298 
6 : 216689 258695 1691 216687 1679 1689 
6 : 262855 168997 262932 168994 262853 168995 
6 : 11147 165046 240060 11135 11143 165037 
6 : 82632 248858 262477 82626 82631 248856 
6 : 90822 259558 113771 90819 90800 113769 
6 : 124459 96927 178211 96911 124446 96917 
6 : 263449 260592 262657 260590 262656 260588 
6 : 247376 259903 261577 247372 247374 259900 
6 : 263918 252052 105062 252054 105064 105056 
6 : 258754 248345 45529 248341 45523 45520 
6 : 55852 61278 69064 55830 55831 61252 
6 : 111946 65444 203923 65421 111938 65432 
6 : 238411 223452 205698 223443 205690 205688 
6 : 205806 172000 9641 171985 9624 9621 
6 : 160088 90052 196951 90030 160071 90038 
6 : 255121 30242 263934 30237 255123 30243 
6 : 53828 263935 257030 53830 53824 257031 
6 : 113750 238265 242236 113736 113738 238252 
6 : 209461 183183 239874 183169 209454 183172 
6 : 47869 253773 259049 47864 47866 253771 
6 : 194895 259747 199036 194890 194881 199033 
6 : 233113 202915 263943 202906 233115 202917 
6 : 216788 258680 192120 216783 192103 192116 
6 : 107864 78152 118341 78122 107838 78125 
6 : 263959 68031 261836 68032 261838 68030 
6 : 7077 260117 235244 7076 7069 235242 
6 : 263970 23505 228033 23507 228035 23491 
6 : 261161 263938 246319 261160 246313 246318 
6 : 26504 32546 229492 26483 26498 32537 
6 : 169351 112937 261923 112926 169348 112936 
6 : 206794 156832 34598 156823 34585 34579 
6 : 45229 212389 221361 45219 45222 212374 
6 : 81870 22789 249283 22757 81863 22785 
6 : 217394 60395 232848 60381 217386 60382 
6 : 250442 203515 230775 203504 230767 203499 
6 : 261590 230287 263981 230285 261591 230288 
6 : 97998 224932 200767 97992 97989 200756 
6 : 209324 258546 124617 209319 124602 124613 
6 : 257004 191816 93171 191810 93163 93147 
6 : 259806 101181 197913 101176 197909 101162 
6 : 55051 251171 226158 55046 55041 226150 
6 : 232717 162478 164897 162471 164889 162463 
6 : 263419 226981 200183 226979 200181 200171 
6 : 86238 245313 212769 86233 86229 212763 
6 : 149206 24578 162840 24559 149192 24561 
6 : 263989 173813 235326 173814 235329 173807 
6 : 239207 238562 216592 238549 216582 216580 
6 : 250851 222774 198242 222766 198237 198231 
6 : 137562 263994 226053 137563 137556 226054 
6 : 229686 118702 230843 118693 229677 118694 
6 : 42766 59845 248973 42742 42756 59838 
6 : 46154 257850 191410 46151 46138 191404 
6 : 248211 109245 214838 109233 214823 109223 
6 : 57434 162123 257377 57422 57430 162115 
6 : 187902 246145 153294 187896 153281 153290 
6 : 95547 9089 130190 9068 95536 9070 
6 : 183759 219732 120320 183745 120295 120303 
6 : 264011 39894 258521 39896 258525 39889 
6 : 252210 136837 22790 136832 22787 22760 
6 : 230565 243160 210532 230560 210520 210526 
6 : 240011 219836 145152 219828 145143 145138 
6 : 251393 245788 232746 245782 232740 232739 
6 : 261322 39525 142840 39523 142837 39498 
6 : 261293 116676 260319 116673 260314 116672 
6 : 262673 264022 251370 262674 251368 251373 
6 : 253978 260822 34826 253974 34817 34820 
6 : 197956 170960 237035 170942 197951 170948 
6 : 160961 204225 8041 160948 8021 8025 
6 : 118510 58738 90984 58718 90958 58714 
6 : 152973 246918 75192 152968 75163 75182 
6 : 163518 165067 263522 163500 163517 165066 
6 : 253940 211158 188124 211152 188118 188109 
6 : 133647 22253 5011 22230 4984 4975 
6 : 251116 160888 256203 160881 251114 160883 
6 : 28527 181282 240787 28516 28523 181274 
6 : 183377 261813 139859 183375 139837 139856 
6 : 211369 241938 264060 211363 211371 241941 
6 : 259940 264067 24079 259942 24077 24080 
6 : 22511 196732 263046 22505 22510 196731 
6 : 191065 253463 246941 191061 191059 246938 
6 : 217838 232528 100162 217827 100148 100151 
6 : 242961 196351 232432 196344 232426 196342 
6 : 253441 237330 248162 237324 248150 237323 
6 : 213805 260044 262946 213802 213804 260042 
6 : 4325 264081 255882 4326 4317 255883 
6 : 69663 256066 182426 69659 69647 182420 
6 : 9424 167290 258845 9406 9419 167288 
6 : 27744 251702 73606 27738 27716 73597 
6 : 200201 180797 237277 180781 200192 180790 
6 : 231816 30346 185840 30339 185830 30329 
6 : 205494 183239 50235 183228 50224 50218 
6 : 194200 237832 31530 194198 31512 31524 
6 : 260790 258027 255351 258025 255346 255344 
6 : 256338 262865 248617 256337 248611 248615 
6 : 384 256260 256391 380 381 256255 
6 : 132508 264097 155841 132509 132491 155844 
6 : 158854 217455 160670 158846 158838 160667 
6 : 262076 175970 220695 175967 220691 175959 
6 : 98286 9738 263070 9714 98283 9736 
6 : 55027 45262 119313 45236 55008 45241 
6 : 240099 182235 250443 182224 240095 182227 
6 : 250991 234602 256384 234597 250989 234598 
6 : 264109 262732 112986 262734 112989 112982 
6 : 123696 212254 51251 123684 51223 51237 
6 : 129118 237619 128304 129110 128284 128295 
6 : 259571 182356 260320 182351 259568 182352 
6 : 125210 231558 243171 125201 125203 231553 
6 : 229696 243553 55595 229690 55582 55585 
6 : 245721 225525 264127 225519 245722 225529 
6 : 264128 225201 118832 225202 118834 118823 
6 : 255495 91550 250378 91548 250373 91546 
6 : 156314 78246 139056 78226 139038 78224 
6 : 161194 59324 57064 59302 57046 57035 
6 : 262551 80559 99691 80557 99687 80531 
6 : 260288 259422 92013 259415 92005 92004 
6 : 204416 250110 125870 204411 125854 125862 
6 : 62737 178447 263355 62724 62735 178446 
6 : 144744 189621 70224 144732 70200 70207 
6 : 224192 101408 189004 101396 188990 101390 
6 : 212757 259042 192452 212752 192436 192449 
6 : 69561 72143 256741 69540 69556 72138 
6 : 79306 226437 264177 79296 79309 226438 
6 : 218903 148442 193837 148427 193821 148423 
6 : 158361 18166 232850 18146 158349 18158 
6 : 65447 264052 203517 65446 65431 203516 
6 : 263377 110831 255295 110827 255293 110824 
6 : 263165 148443 108205 148440 108204 108181 
6 : 166948 262332 204678 166946 166938 204677 
6 : 42305 171436 194741 42291 42294 171423 
6 : 81803 232071 264002 81794 81802 232070 
6 : 221509 57138 264193 57126 221511 57139 
6 : 140417 264200 253374 140418 140411 253376 
6 : 84457 259723 133408 84454 84431 133403 
6 : 259808 207708 39895 207706 39891 39882 
6 : 264205 244949 98691 244950 98692 98680 
6 : 240229 205958 101340 205944 101328 101322 
6 : 120418 204679 104302 120403 104277 104282 
6 : 140172 41685 206851 41661 140151 41667 
6 : 205201 241078 199132 205187 199111 199118 
6 : 207981 226211 221029 207973 207971 221017 
6 : 218847 71336 145084 71321 145068 71315 
6 : 40034 247656 233926 40023 40021 233913 
6 : 93200 221888 264230 93191 93202 221891 
6 : 99639 125195 217269 99620 99624 125177 
6 : 237661 101183 264061 101168 237660 101182 
6 : 250146 237080 200024 237070 200011 200009 
6 : 69562 264232 180423 69564 69548 180424 
6 : 244157 19286 219139 19276 219131 19272 
6 : 224801 8690 209979 8684 209966 8680 
6 : 109779 255670 112750 109772 109760 112740 
6 : 175098 261451 178017 175094 175080 178013 
6 : 6026 80692 64913 6015 6014 64882 
6 : 51589 206731 59486 51579 51569 59469 
6 : 261651 231068 123929 231066 123927 123918 
6 : 75975 246882 263186 75971 75974 246880 
6 : 180382 219617 171509 180368 171489 171494 
6 : 150551 252281 260683 150544 150548 252278 
6 : 254145 191477 158378 191473 158373 158364 
6 : 262072 45914 3123 45911 3121 3095 
6 : 151200 232671 61177 151191 61154 61168 
6 : 30677 177992 80667 30662 30653 80648 
6 : 55257 253321 112630 55253 55235 112619 
6 : 119655 47641 155617 47620 119640 47625 
6 : 17415 126541 137789 17398 17401 126519 
6 : 264256 257478 160688 257479 160690 160686 
6 : 239370 144341 37676 144329 37665 37653 
6 : 199037 261025 117807 199034 117792 117804 
6 : 260971 18390 182962 18387 182957 18367 
6 : 247427 18045 60589 18033 60578 18013 
6 : 260632 217624 183398 217617 183391 183383 
6 : 220910 262988 199246 220907 199237 199244 
6 : 163923 258581 158447 163920 158426 158445 
6 : 231850 58852 120288 58846 120277 58834 
6 : 250678 211065 255080 211058 250675 211059 
6 : 108596 141261 171347 108574 108581 141244 
6 : 149463 202451 256294 149449 149458 202445 
6 : 203336 253261 264270 203330 203337 253262 
6 : 217382 143844 253068 143832 217377 143838 
6 : 125973 258412 176630 125968 125958 176627 
6 : 182118 251473 99800 182114 99778 99792 
6 : 128600 264278 92470 128601 92447 92471 
6 : 153335 202167 64382 153321 64359 64370 
6 : 185459 67176 189643 67154 185449 67157 
6 : 105842 98139 261787 98124 105841 98137 
6 : 195542 263104 264279 195540 195544 263105 
6 : 171894 261978 218553 171893 171888 218549 
6 : 69301 182162 185939 69286 69288 182149 
6 : 263744 247523 253575 247521 253572 247517 
6 : 154042 143801 246883 143778 154037 143793 
6 : 252477 163388 263950 163382 252476 163387 
6 : 260023 258048 86548 258045 86545 86543 
6 : 156053 58203 245934 58176 156044 58195 
6 : 241261 232618 155326 232613 155314 155313 
6 : 264027 264291 253450 264030 253449 253451 
6 : 194576 175539 43545 175522 43526 43519 
6 : 217811 164697 102332 164687 102315 102310 
6 : 256125 162102 249764 162095 249757 162090 
6 : 236277 149954 52305 149940 52295 52287 
6 : 262334 264286 104304 262333 104300 104303 
6 : 60077 259129 196446 60074 60068 196441 
6 : 174375 2135 181489 2122 174364 2125 
6 : 211731 162407 260935 162395 211727 162404 
6 : 29890 25782 226186 25746 29880 25771 
6 : 232409 235077 84850 232402 84835 84836 
6 : 264313 251713 29693 251716 29695 29686 
6 : 71244 200484 156463 71230 71224 156451 
6 : 223563 12140 174415 12132 174398 12128 
6 : 264299 153311 261637 153310 261636 153308 
6 : 264319 133287 155122 133288 155123 133266 
6 : 214729 239728 86297 214721 86279 86286 
6 : 244282 54915 259686 54906 244279 54911 
6 : 50555 102462 171643 50532 50540 102440 
6 : 66354 207221 229378 66343 66345 207211 
6 : 264197 124814 118451 124813 118449 118428 
6 : 236963 232032 183399 232021 183387 183386 
6 : 263903 30276 192923 30274 192920 30253 
6 : 98928 225587 162639 98916 98903 162626 
6 : 115824 264327 217024 115826 115817 217026 
6 : 175952 254600 187769 175950 175941 187765 
6 : 248168 255231 151162 248166 151153 151156 
6 : 141657 263144 259442 141656 141654 259440 
6 : 47608 257024 235125 47605 47601 235123 
6 : 135055 142514 258272 135037 135054 142512 
6 : 264338 110215 181662 110217 181663 110196 
6 : 112915 120529 263893 112891 112914 120528 
6 : 212437 162738 147536 162728 147519 147514 
6 : 22343 168319 147916 22323 22322 147891 
6 : 15503 178844 219090 15488 15491 178830 
6 : 264349 173707 203924 173708 203925 173697 
6 : 70747 88832 253838 70727 70743 88828 
6 : 178193 261337 44092 178192 44077 44090 
6 : 173485 259890 210901 173481 173474 210896 
6 : 240280 257638 263912 240271 240279 257637 
6 : 67571 150192 250528 67549 67566 150183 
6 : 250175 256907 243526 250173 243518 243522 
6 : 258241 167011 261167 167007 258237 167008 
6 : 192167 125254 211459 125240 192151 125242 
6 : 225431 239933 254900 225425 225428 239929 
6 : 237207 177352 11063 177338 11054 11042 
6 : 165469 218529 264380 165456 165470 218530 
6 : 249517 19907 243033 19896 243021 19894 
6 : 211412 79918 196887 79903 196872 79897 
6 : 76355 19340 264393 19321 76356 19341 
6 : 122646 414 251883 394 122641 407 
6 : 262914 217812 176613 217809 176609 176601 
6 : 228174 123762 190075 123752 190064 123747 
6 : 248680 222295 73477 222284 73463 73455 
6 : 92064 158572 227972 92050 92057 158559 
6 : 238833 255963 203621 238828 203608 203615 
6 : 84287 133146 264400 84266 84288 133147 
6 : 146733 148632 207013 146711 146718 148616 
6 : 244959 262316 263765 244954 244956 262314 
6 : 263772 80916 84885 80915 84883 80886 
6 : 50037 238186 86394 50033 50014 86385 
6 : 118977 234797 202916 118969 118963 202907 
6 : 167457 239521 87994 167454 87973 87983 
6 : 118494 129267 130269 118482 118483 129248 
6 : 118978 263440 242423 118974 118970 242421 
6 : 190834 264408 188566 190836 188551 188567 
6 : 31054 161059 128896 31044 31040 128878 
6 : 59528 96801 79104 59513 59512 79078 
6 : 233281 244878 102592 233277 102581 102584 
6 : 259190 197027 127122 197023 127118 127103 
6 : 4649 248913 246225 4645 4641 246216 
6 : 172256 71188 237593 71170 172249 71176 
6 : 257286 185228 76970 185222 76960 76944 
6 : 251238 165794 206544 165785 206532 165773 
6 : 241014 250519 176283 241006 176273 176274 
6 : 102673 255332 262994 102668 102670 255329 
6 : 254494 187008 39081 187004 39074 39057 
6 : 33574 257854 180606 33568 33557 180603 
6 : 254051 170936 248461 170931 248454 170929 
6 : 255181 157196 263656 157191 255180 157195 
6 : 262889 22556 208493 22553 208492 22545 
6 : 146423 199850 229223 146410 146417 199844 
6 : 14116 264434 103844 14117 14100 103845 
6 : 120421 264409 214796 120420 120404 214795 
6 : 218119 206285 184928 206278 184917 184916 
6 : 12739 88505 254836 12723 12737 88501 
6 : 263947 206307 193006 206304 193004 192988 
6 : 130166 210240 260430 130149 130161 210238 
6 : 164769 258703 260234 164765 164767 258698 
6 : 258789 97264 179116 97260 179113 97250 
6 : 236690 139560 44973 139553 44960 44947 
6 : 245465 7733 236661 7722 236649 7721 
6 : 28900 135419 264091 28878 28899 135418 
6 : 249351 264442 113825 249352 113818 113826 
6 : 122607 5236 67761 5221 67744 5214 
6 : 241491 248148 67511 241486 67502 67504 
6 : 23166 55500 201394 23142 23155 55484 
6 : 49054 125407 229320 49033 49046 125395 
6 : 234478 264446 194167 234480 194153 194169 
6 : 85856 188200 68912 85841 68882 68890 
6 : 179763 261874 241335 179759 179753 241331 
6 : 241730 107000 264083 106994 241729 106999 
6 : 263618 264226 169570 263617 169568 169569 
6 : 53060 56906 53689 53035 53033 53664 
6 : 258614 199687 263318 199683 258612 199685 
6 : 92568 23049 247399 23024 92560 23040 
6 : 253606 125753 243527 125742 243520 125739 
6 : 210943 95231 180154 95216 180141 95210 
6 : 86625 263003 88860 86624 86605 88857 
6 : 52458 66655 235582 52432 52451 66648 
6 : 185049 213426 186658 185040 185035 186646 
6 : 106883 173112 73298 106868 73273 73281 
6 : 175431 197256 242273 175414 175421 197251 
6 : 264475 169870 252368 169871 252369 169865 
6 : 3962 174376 7964 3946 3938 7946 
6 : 216558 113221 248775 113202 216550 113211 
6 : 230883 255607 38050 230880 38040 38044 
6 : 154325 137170 159096 137152 154316 137153 
6 : 263278 245658 82122 245657 82121 82117 
6 : 262297 86267 2941 86265 2939 2914 
6 : 61900 263044 262996 61898 61897 262992 
6 : 254524 264484 262200 254523 254522 262199 
6 : 204972 227077 8002 204963 7982 7988 
6 : 263702 260431 264229 260428 263701 260429 
6 : 114911 244163 124724 114904 114892 124716 
6 : 253888 256566 244246 253885 244239 244241 
6 : 89071 37825 17781 37796 17751 17748 
6 : 61223 135748 248188 61205 61215 135740 
6 : 167938 59019 99514 59005 99495 59000 
6 : 35823 193143 260759 35808 35821 193140 
6 : 57230 171119 247695 57218 57225 171118 
6 : 88417 186832 78153 88399 78120 78132 
6 : 117242 171534 220525 117221 117228 171519 
6 : 200859 39489 223328 39478 200850 39483 
6 : 223476 188080 154805 188071 154797 154788 
6 : 98140 136888 250360 98127 98131 136881 
6 : 179909 141883 252850 141869 179903 141878 
6 : 7015 262276 263736 7012 7014 262274 
6 : 177317 193649 163456 177305 163435 163436 
6 : 85013 241869 199466 85006 85001 199459 
6 : 81415 260045 114649 81411 81394 114644 
6 : 226812 169369 156267 169360 156251 156242 
6 : 187405 262999 259834 187404 187401 259833 
6 : 231223 235833 15890 231213 15876 15878 
6 : 223750 264481 120322 223749 120304 120321 
6 : 261173 122148 120642 122145 120638 120623 
6 : 76418 158703 58740 76399 58711 58721 
6 : 261847 82409 168437 82406 168432 82393 
6 : 29316 99944 115895 29300 29301 99923 
6 : 191902 86762 111080 86751 111065 86743 
6 : 105539 152278 72407 105520 72376 72382 
6 : 97509 4771 199247 4748 97499 4757 
6 : 248475 218120 1692 218115 1685 1680 
6 : 261128 76929 138548 76928 138543 76909 
6 : 151949 206030 69001 151936 68977 68985 
6 : 257228 222341 152524 222334 152517 152510 
6 : 248355 61866 180155 61858 180147 61844 
6 : 251138 154980 215187 154971 215179 154962 
6 : 71337 104041 187357 71312 71320 104019 
6 : 264513 160186 28355 160185 28354 28333 
6 : 264514 250238 8962 250236 8961 8950 
6 : 190608 264581 238795 190609 190602 238796 
6 : 264582 263643 17624 263645 17626 17622 
6 : 51158 47753 217426 47728 51150 47737 
6 : 56725 225055 53690 56715 53663 53675 
6 : 198331 264587 20029 198334 20012 20033 
6 : 75978 255505 91882 75973 75959 91874 
6 : 126159 223068 230393 126150 126152 223060 
6 : 263394 169905 143604 169903 143600 143577 
6 : 260672 186000 263341 185996 260671 185998 
6 : 92302 257985 249274 92299 92297 249269 
6 : 159058 165510 264593 159038 159060 165511 
6 : 22089 89862 198775 22069 22077 89846 
6 : 168972 264594 231416 168973 168961 231417 
6 : 37759 42336 166835 37731 37743 42319 
6 : 236414 195580 149044 195575 149036 149028 
6 : 32116 102960 220589 32088 32103 102948 
6 : 187931 262038 210124 187929 187917 210119 
6 : 36029 109473 249918 36004 36021 109462 
6 : 257594 108235 167794 108228 167790 108211 
6 : 259067 263140 264603 259064 259068 263141 
6 : 215771 264036 179849 215770 179837 179848 
6 : 93493 259761 259702 93492 93490 259698 
6 : 150286 261196 231881 150282 150272 231875 
6 : 250648 18167 264606 18163 250649 18168 
6 : 242650 245856 255572 242638 242645 245849 
6 : 243926 175918 164431 175912 164420 164412 
6 : 258072 261565 228582 258070 228574 228576 
6 : 42506 106909 104062 42482 42480 104042 
6 : 231851 201230 139602 201222 139588 139583 
6 : 139140 213111 237217 139124 139131 213101 
6 : 24938 249119 43506 24931 24916 43501 
6 : 100138 259177 50367 100134 50339 50361 
6 : 184876 6717 1568 6705 1550 1535 
6 : 222511 264456 223456 222510 222500 223453 
6 : 84300 8306 209848 8286 84292 8296 
6 : 263230 127361 149772 127359 149768 127340 
6 : 232894 143461 243852 143448 232885 143451 
6 : 105165 264366 144833 105164 105138 144832 
6 : 213517 74614 48844 74600 48824 48812 
6 : 217984 60127 80168 60112 80158 60099 
6 : 257473 195977 213788 195969 213783 195960 
6 : 183296 234490 223393 183289 183285 223381 
6 : 232284 115399 251139 115389 232279 115391 
6 : 51159 215372 257486 51149 51155 215366 
6 : 106136 221874 247558 106125 106127 221868 
6 : 188277 617 122207 602 122180 597 
6 : 212100 264617 251761 212099 212094 251760 
6 : 263768 257705 160147 257703 160145 160143 
6 : 258590 44546 245673 44544 245666 44539 
6 : 208195 211013 264145 208180 208193 211010 
6 : 120488 263556 224273 120487 120479 224272 
6 : 262547 234808 151447 234804 151445 151438 
6 : 121682 58830 234479 58809 121679 58820 
6 : 241501 246717 142941 241494 142931 142932 
6 : 131716 240881 118080 131708 118049 118068 
6 : 153312 244042 264638 153302 153314 244044 
6 : 126733 2905 264642 2885 126734 2907 
6 : 239256 264644 179053 239257 179035 179055 
6 : 188201 226641 239888 188186 188192 226629 
6 : 259787 80395 142626 80389 142615 80380 
6 : 106377 177473 263499 106358 106375 177471 
6 : 260516 166270 45116 166261 45110 45095 
6 : 183739 246132 24843 183732 24826 24834 
6 : 246492 140395 157933 140382 157924 140378 
6 : 247095 264652 264364 247096 247092 264365 
6 : 257288 117685 246228 117679 246218 117673 
6 : 75688 14202 193186 14174 75671 14183 
6 : 191498 258437 155748 191491 155726 155742 
6 : 149482 252370 73300 149475 73277 73291 
6 : 238178 47065 62953 47055 62942 47037 
6 : 253900 260756 80978 253898 80972 80976 
6 : 261065 111655 260877 111651 260872 111650 
6 : 33619 255317 40101 33615 33601 40096 
6 : 156337 215321 135468 156326 135445 135453 
6 : 220725 28743 128479 28729 128466 28720 
6 : 263266 4327 225146 4323 225142 4310 
6 : 136242 249324 182726 136234 136228 182716 
6 : 233836 240981 264473 233827 233835 240979 
6 : 116549 109686 9776 109667 9753 9752 
6 : 159365 23080 220467 23059 159356 23069 
6 : 10483 208820 100067 10477 10466 100054 
6 : 51017 141219 217206 51008 51011 141208 
6 : 245368 172836 259073 172832 245365 172835 
6 : 261794 27808 244572 27805 244570 27796 
6 : 245830 216066 259123 216059 245826 216063 
6 : 64283 145602 234849 64268 64275 145596 
6 : 44184 146983 82910 44170 44166 82886 
6 : 65670 6057 264673 6034 65671 6058 
6 : 215926 225692 137436 215918 137418 137425 
6 : 66355 228096 196394 66344 66340 196380 
6 : 77467 264492 214910 77465 77454 214909 
6 : 252566 91326 264367 91321 252565 91325 
6 : 213205 229825 155842 213198 155831 155833 
6 : 246577 233616 45666 233612 45659 45657 
6 : 260522 27539 256263 27532 256257 27531 
6 : 150413 264422 251087 150412 150401 251086 
6 : 263565 32464 258854 32463 258851 32461 
6 : 207752 40806 259573 40789 207747 40801 
6 : 235820 124791 179294 124784 179283 124776 
6 : 264445 227907 165288 227906 165286 165265 
6 : 243636 253520 79742 243628 79731 79734 
6 : 25542 217690 25967 25530 25518 25954 
6 : 225489 11845 214716 11835 214705 11832 
6 : 216067 264686 117116 216068 117102 117117 
6 : 251607 92592 12476 92587 12468 12446 
6 : 2564 133773 140560 2548 2550 133749 
6 : 142084 221016 183484 142067 142065 183476 
6 : 190397 176207 251410 176188 190393 176201 
6 : 255674 243396 7246 243393 7242 7235 
6 : 76726 119969 169111 76710 76713 119948 
6 : 244614 264166 207193 244612 207180 207191 
6 : 195114 112502 187771 112484 187750 112481 
6 : 228981 131184 217025 131168 217011 131167 
6 : 53032 109567 50830 53015 50793 50798 
6 : 90025 241279 198697 90016 90011 198688 
6 : 232827 192005 247036 191994 232821 191997 
6 : 82738 245494 239575 82732 82731 239566 
6 : 175149 203622 227322 175136 175138 203606 
6 : 180383 247076 261697 180373 180378 247071 
6 : 251497 198392 91883 198387 91871 91855 
6 : 96599 106042 75755 96581 75723 75726 
6 : 235378 264714 262101 235379 235374 262102 
6 : 219170 263173 248738 219169 219164 248737 
6 : 263414 228969 161086 228966 161082 161067 
6 : 143263 256425 58476 143262 58448 58468 
6 : 231817 260293 73608 231812 73591 73601 
6 : 259315 108236 251703 108229 251696 108226 
6 : 264722 134072 155639 134075 155640 134056 
6 : 174660 126762 68344 126737 68322 68314 
6 : 258341 236259 218795 236253 218788 218782 
6 : 58439 253607 251885 58434 58433 251878 
6 : 176793 43815 161552 43794 161530 43791 
6 : 261102 258125 251814 258120 251812 251808 
6 : 257682 264706 259360 257681 257678 259359 
6 : 206587 101006 129495 100995 129483 100986 
6 : 263983 144106 262649 144105 262648 144104 
6 : 264696 43232 264216 43230 264215 43228 
6 : 263601 241813 34357 241811 34354 34350 
6 : 160491 113798 13564 113779 13538 13532 
6 : 51388 35884 234549 35853 51382 35873 
6 : 135601 80917 87468 80892 87442 80887 
6 : 242765 263628 778 242763 770 777 
6 : 40921 245178 119337 40915 40903 119328 
6 : 100035 151581 208573 100017 100023 151567 
6 : 264585 255433 264738 255432 264586 255434 
6 : 29219 148820 237985 29206 29211 148815 
6 : 256239 56857 259050 56853 256238 56854 
6 : 82717 61547 254839 61519 82712 61542 
6 : 85880 213637 138325 85872 85863 138313 
6 : 252033 248756 145522 248750 145513 145511 
6 : 64781 93659 82508 64753 64751 82476 
6 : 250482 174193 168215 174190 168204 168192 
6 : 171383 159690 100447 159669 100421 100417 
6 : 61806 261692 158272 61803 61782 158269 
6 : 199757 146678 256962 146662 199755 146674 
6 : 256032 167995 2977 167988 2969 2956 
6 : 264192 251239 221821 251236 221819 221815 
6 : 175332 242155 19230 175323 19217 19225 
6 : 2715 148729 263600 2702 2713 148728 
6 : 134764 107952 141888 107929 134743 107930 
6 : 111723 260761 77502 111721 77469 77497 
6 : 204045 248005 264687 204038 204044 248004 
6 : 173486 264210 253000 173484 173477 252999 
6 : 196996 219605 177667 196988 177650 177655 
6 : 257726 211883 162820 211880 162818 162802 
6 : 244068 258872 238268 244063 238254 238259 
6 : 28593 90246 263980 28568 28590 90244 
6 : 232256 242451 235719 232248 232246 235711 
6 : 136947 260763 94090 136943 94059 94088 
6 : 185910 231234 108407 185895 108383 108392 
6 : 190556 250361 245692 190547 190545 245677 
6 : 145603 236422 149807 145597 145587 149800 
6 : 167548 245300 226128 167542 167540 226115 
6 : 254242 178073 191213 178063 191201 178053 
6 : 192181 140737 264353 140721 192180 140735 
6 : 156301 244288 32178 156294 32159 32168 
6 : 253022 246133 133564 246123 133554 133550 
6 : 255171 241755 261892 241746 255170 241750 
6 : 237626 225395 241324 225382 237621 225384 
6 : 152655 260797 180834 152653 152645 180830 
6 : 90511 227255 264626 90501 90510 227254 
6 : 175239 159099 216808 159081 175227 159088 
6 : 263279 109663 140210 109660 140206 109643 
6 : 172920 177235 115058 172905 115037 115038 
6 : 220682 244951 195775 220677 195758 195769 
6 : 242661 241780 185330 241770 185322 185321 
6 : 119939 182864 68769 119921 68742 68747 
6 : 263016 39282 2162 39280 2161 2138 
6 : 180765 260306 244647 180759 180755 244643 
6 : 264771 34214 219679 34215 219680 34200 
6 : 153176 249226 119248 153170 119220 119237 
6 : 261658 261027 264552 261022 261657 261026 
6 : 262373 193329 50670 193326 50666 50648 
6 : 251180 158450 264654 158440 251179 158449 
6 : 45432 264382 251544 45431 45428 251543 
6 : 250424 260684 125541 250421 125532 125538 
6 : 247231 66213 118614 66207 118608 66196 
6 : 264759 264783 215168 264760 215167 215169 
6 : 8691 243187 168829 8685 8676 168815 
6 : 174570 259464 195506 174563 174556 195498 
6 : 203969 144128 34984 144114 34970 34962 
6 : 145772 258380 260855 145766 145768 258378 
6 : 220986 235565 166919 220978 166907 166908 
6 : 247504 99640 618 99629 610 594 
6 : 51403 254222 240378 51401 51398 240371 
6 : 260027 138086 9290 138085 9284 9268 
6 : 237627 253512 119805 237623 119792 119799 
6 : 240522 242553 35440 240515 35431 35433 
6 : 259661 63757 263676 63748 259659 63754 
6 : 262680 186833 261841 186828 261835 186827 
6 : 262692 158223 259104 158220 259100 158216 
6 : 240315 257397 245674 240310 240307 245664 
6 : 138431 28356 76545 28330 76515 28326 
6 : 152330 81900 208369 81878 152320 81886 
6 : 157255 190597 258174 157243 157250 190593 
6 : 97776 261042 262322 97771 97772 261039 
6 : 224679 196283 159405 196268 159393 159389 
6 : 23357 241737 209549 23346 23338 209535 
6 : 25381 245858 250191 25375 25377 245846 
6 : 204708 27506 255382 27496 204705 27502 
6 : 218650 229706 76546 218639 76528 76532 
6 : 145773 262571 239052 145769 145765 239047 
6 : 237189 123905 263345 123890 237187 123903 
6 : 48259 184931 230421 48243 48252 184918 
6 : 257557 209062 66688 209056 66679 66669 
6 : 34562 117412 258774 34550 34559 117408 
6 : 11148 243800 252920 11144 11145 243792 
6 : 24349 114389 230305 24329 24340 114380 
6 : 179949 194148 80563 179933 80541 80542 
6 : 264807 264772 227961 264773 227962 227960 
6 : 255501 263621 132990 255500 132984 132987 
6 : 1852 62622 232083 1829 1843 62611 
6 : 90000 254571 125778 89996 89981 125772 
6 : 246975 119444 256266 119434 246972 119437 
6 : 258034 34762 155845 34755 155837 34741 
6 : 8551 49142 229778 8523 8540 49126 
6 : 54518 252185 168100 54511 54497 168094 
6 : 242461 194384 218817 194376 218808 194368 
6 : 181327 210286 210663 181321 181322 210276 
6 : 120671 139262 255390 120644 120663 139254 
6 : 79984 69302 185382 69281 79973 69287 
6 : 214219 259411 15121 214212 15103 15117 
6 : 260517 262424 254906 260513 254902 254904 
6 : 202082 141064 156466 141055 156452 141050 
6 : 254814 244043 155124 244037 155116 155111 
6 : 157583 103169 242028 103148 157574 103160 
6 : 83120 133648 263271 83103 83119 133646 
6 : 232646 254632 205742 232638 205725 205735 
6 : 258483 13236 264788 13232 258482 13235 
6 : 220509 262366 252970 220508 220503 252965 
6 : 152256 153960 11846 152242 11823 11824 
6 : 169767 68770 51534 68746 51513 51503 
6 : 245632 184997 155125 184988 155112 155103 
6 : 247766 201217 203185 201209 203175 201201 
6 : 256075 208495 72668 208490 72659 72648 
6 : 19179 261063 37489 19175 19157 37483 
6 : 94323 172030 233090 94293 94306 172013 
6 : 220629 213165 110730 213151 110711 110709 
6 : 195647 195556 119806 195545 119785 119784 
6 : 237209 264424 143243 237208 143233 143242 
6 : 251866 252775 261678 251859 251864 252771 
6 : 159567 58778 243855 58750 159560 58768 
6 : 249927 131215 263670 131206 249925 131213 
6 : 259262 186355 171819 186349 171816 171804 
6 : 94496 244134 58137 94486 58109 58128 
6 : 258814 102301 106680 102297 106675 102274 
6 : 165246 235834 172218 165236 165229 172205 
6 : 253205 203685 15891 203677 15883 15870 
6 : 261064 48811 181192 48808 181190 48794 
6 : 47727 193248 188610 47721 47719 188595 
6 : 199746 59130 96179 59118 96163 59109 
6 : 242950 129389 40983 129384 40974 40958 
6 : 203382 232309 247560 203371 203373 232301 
6 : 263458 210297 209275 210296 209272 209262 
6 : 111681 264549 264736 111678 111679 264547 
6 : 129688 239154 249361 129676 129679 239142 
6 : 227025 205487 147465 205471 147452 147448 
6 : 241115 185911 97589 185896 97576 97566 
6 : 264023 218591 237811 218586 237809 218579 
6 : 264049 231838 62824 231835 62823 62813 
6 : 174131 132872 205512 132852 174121 132856 
6 : 206428 142134 258968 142116 206422 142129 
6 : 164359 121420 239343 121391 164352 121408 
6 : 56169 264190 259170 56168 56167 259169 
6 : 57274 153011 205659 57258 57263 152999 
6 : 75940 256448 29694 75932 29666 29690 
6 : 258540 128918 247931 128913 247926 128910 
6 : 258918 170105 179023 170098 179017 170087 
6 : 97284 157819 237218 97270 97276 157811 
6 : 101309 25125 264568 25102 101307 25124 
6 : 180482 217287 257904 180462 180472 217280 
6 : 217459 192329 264694 192315 217457 192327 
6 : 137251 174218 262377 137236 137249 174215 
6 : 13074 228124 103659 13068 13059 103648 
6 : 155392 219367 150621 155381 150601 150606 
6 : 239619 16687 31286 16678 31277 16654 
6 : 239281 28053 258554 28041 239275 28048 
6 : 213907 22309 148869 22291 148851 22283 
6 : 245309 201930 154273 201918 154262 154254 
6 : 102171 227739 207060 102161 102157 207048 
6 : 42052 258567 131678 42050 42035 131676 
6 : 51568 61946 215731 51556 51561 61938 
6 : 239360 227150 127950 227138 127935 127933 
6 : 242115 52308 179430 52296 179422 52290 
6 : 228554 146152 199944 146140 199927 146137 
6 : 172772 178561 61867 172755 61842 61843 
6 : 247348 226429 262411 226420 247347 226427 
6 : 182360 243856 148249 182346 148220 148233 
6 : 189214 202242 108409 189203 108384 108385 
6 : 142154 2351 174681 2327 142137 2330 
6 : 264820 261969 246994 261967 246993 246988 
6 : 30037 254411 181034 30031 30020 181027 
6 : 137147 64346 137988 64316 137120 64317 
6 : 191328 52634 119828 52618 119814 52611 
6 : 242759 106727 142897 106720 142893 106711 
6 : 107584 142280 35441 107567 35412 35415 
6 : 79966 140331 258386 79947 79963 140323 
6 : 233957 238332 260080 233947 233953 238328 
6 : 173306 148870 204524 148845 173290 148848 
6 : 213908 131977 231593 131963 213895 131966 
6 : 39741 178750 17745 39728 17714 17726 
6 : 46766 220708 37376 46758 37343 37362 
6 : 80011 229649 255400 79997 80005 229640 
6 : 12743 264701 82718 12741 12720 82716 
6 : 72113 215964 264009 72099 72111 215961 
6 : 159771 4442 22937 4426 22911 4419 
6 : 54889 149020 153444 54866 54867 148998 
6 : 161018 220911 263179 161004 161013 220908 
6 : 264733 116178 243765 116176 243764 116169 
6 : 181464 226440 69469 181454 69449 69458 
6 : 187421 13600 250825 13580 187414 13592 
6 : 34735 34289 242877 34263 34728 34281 
6 : 232274 208054 46017 208046 46004 45999 
6 : 196678 264794 10143 196676 10125 10142 
6 : 247758 261189 216432 247757 216420 216428 
6 : 68856 20829 142177 20797 68841 20805 
6 : 202285 170421 5177 170404 5155 5151 
6 : 245196 240892 194000 240883 193991 193990 
6 : 244253 180212 264375 180204 244252 180211 
6 : 97857 186641 90862 97844 90827 90837 
6 : 160022 232373 120827 160008 120797 120811 
6 : 258035 175793 122800 175789 122796 122782 
6 : 260412 194651 251734 194647 251731 194644 
6 : 250222 112011 56756 112006 56751 56732 
6 : 165472 79178 229650 79156 165459 79165 
6 : 144835 110122 223971 110093 144821 110102 
6 : 264840 250291 254663 250292 254664 250287 
6 : 248304 113751 38798 113740 38787 38773 
6 : 1043 152709 263500 1024 1042 152707 
6 : 80980 174789 164409 80952 80951 164384 
6 : 225999 264550 260878 225995 225993 260876 
6 : 257373 16378 259843 16375 257371 16377 
6 : 141962 45916 159012 45895 141944 45897 
6 : 126018 234481 264421 126007 126017 234477 
6 : 264331 184127 199875 184124 199871 184105 
6 : 155882 240994 204993 155875 155873 204981 
6 : 97142 156338 233354 97125 97134 156327 
6 : 245457 167113 230352 167104 230343 167100 
6 : 263183 251444 135470 251441 135467 135461 
6 : 119112 154784 264763 119086 119111 154781 
6 : 228239 20197 171260 20184 171246 20176 
6 : 203592 251361 264162 203582 203588 251357 
6 : 220395 67792 253577 67776 220384 67782 
6 : 158943 262716 262905 158940 158941 262713 
6 : 136966 243661 246919 136960 136961 243651 
6 : 264301 223567 44384 223562 44380 44367 
6 : 259530 35999 29828 35993 29822 29795 
6 : 259282 184072 242499 184069 242496 184067 
6 : 214893 25003 17273 24991 17255 17239 
6 : 237491 197156 257012 197151 237487 197155 
6 : 245620 168362 264781 168357 245619 168361 
6 : 247723 254037 243714 247717 243706 243709 
6 : 21884 63639 253870 21858 21880 63634 
6 : 214815 262438 210434 214812 210421 210432 
6 : 42587 264045 211094 42586 42578 211092 
6 : 160594 247739 76153 160585 76126 76139 
6 : 191160 262220 219760 191156 191148 219755 
6 : 47611 16215 258950 16180 47606 16211 
6 : 261810 194149 140090 194146 140085 140070 
6 : 229224 260526 211983 229220 211963 211973 
6 : 245723 17365 190880 17357 190871 17347 
6 : 261828 257232 1897 257230 1895 1892 
6 : 118048 163759 114938 118026 114912 114917 
6 : 248988 212450 253921 212445 248986 212446 
6 : 216877 241379 194652 216863 194638 194642 
6 : 255165 262016 169268 255162 169261 169265 
6 : 71417 199195 172401 71404 71401 172386 
6 : 168782 175972 256267 168768 168777 175964 
6 : 177646 252656 253379 177638 177639 252645 
6 : 246417 177939 262880 177929 246413 177938 
6 : 168413 157076 263296 157057 168409 157074 
6 : 264356 12142 230024 12141 230020 12133 
6 : 812 174219 229495 802 804 174205 
6 : 35802 219982 264816 35794 35801 219981 
6 : 233266 156835 261927 156826 233262 156829 
6 : 251003 148362 264112 148353 251001 148359 
6 : 76801 264217 227611 76798 76785 227606 
6 : 138972 43233 243130 43201 138962 43218 
6 : 149229 195140 258417 149213 149225 195135 
6 : 146008 51254 200634 51227 145994 51235 
6 : 246640 108006 232601 107994 232588 107991 
6 : 129336 161884 42165 129328 42147 42150 
6 : 228774 100195 205513 100184 205499 100179 
6 : 262937 61354 231578 61353 231574 61345 
6 : 139095 163814 202974 139082 139087 163798 
6 : 263251 238591 261254 238590 261252 238588 
6 : 5744 241911 65835 5741 5724 65827 
6 : 259380 213758 220470 213753 220461 213742 
6 : 264351 184414 114846 184413 114844 114826 
6 : 216676 264749 261235 216675 216672 261234 
6 : 254533 196215 245693 196210 245680 196207 
6 : 160278 125383 205084 125361 160267 125366 
6 : 223477 190263 259594 190249 223472 190256 
6 : 5072 157687 34926 5058 5052 34904 
6 : 40333 190821 239801 40315 40321 190811 
6 : 95259 21091 261255 21067 95256 21088 
6 : 17391 264623 257900 17390 17384 257898 
6 : 215447 244676 96631 215439 96616 96617 
6 : 31929 181523 264530 31916 31928 181522 
6 : 187010 252047 165919 187002 165899 165911 
6 : 264838 225414 79649 225413 79648 79631 
6 : 170198 182431 222811 170179 170183 182414 
6 : 215233 258974 262412 215223 215225 258970 
10 : 22 19 23 21 134179 218377 202861 134180 134176 202862 
10 : 36 29 25 26 254741 243998 248396 243988 248387 243983 
10 : 57 43 60 50 40695 241706 136017 40699 40682 136025 
10 : 188 185 189 199 84777 122630 122643 84778 84795 126562 
10 : 220 216 211 210 216854 139572 137785 139566 137776 137762 
10 : 627 625 630 622 186879 191256 42343 186882 42342 42348 
10 : 636 633 624 621 262275 100316 9129 100315 9125 9102 
10 : 973 971 975 972 107449 119610 111055 107452 107446 111059 
10 : 983 977 898 979 190312 920 218188 915 190309 917 
10 : 1096 1094 1105 1085 150712 190488 14677 150729 14666 14692 
10 : 1101 1097 1092 1086 193479 138915 17777 138901 17765 17757 
10 : 1255 1261 1263 1262 102763 102766 102765 221966 221964 233619 
10 : 1272 1283 1278 1282 166472 166465 166471 224147 263523 224144 
10 : 1341 1325 1322 1335 79176 41961 237997 41938 79166 41952 
10 : 1444 1442 1431 1441 225326 4205 214475 4191 214458 4187 
10 : 1581 1580 1579 1582 227424 218132 255217 218121 227428 218136 
10 : 1619 1617 1622 1605 218721 248796 49560 218726 49552 49565 
10 : 1975 1979 1969 1980 208174 136439 208175 136441 245143 136442 
10 : 2078 2085 2065 2082 187910 27999 187907 28014 242783 28009 
10 : 2131 2113 2112 2126 42191 39592 205567 39570 42183 39582 
10 : 2204 2218 2212 2217 44657 44642 44654 233761 264529 233757 
10 : 2375 2368 2374 2369 121458 220806 145615 121457 121449 145613 
10 : 2561 2543 2552 2546 49133 200840 105431 49122 49114 105423 
10 : 2688 2684 2677 2678 171793 18001 27005 17991 26998 17981 
10 : 2825 2826 2832 2827 174246 174256 174250 180331 180323 207951 
10 : 2860 2870 2876 2873 85598 85603 85602 243701 243698 253372 
10 : 3020 3023 3021 3025 190532 190527 190533 244759 250915 244762 
10 : 3026 3010 3005 3015 64473 4164 118425 4141 64457 4149 
10 : 3154 3151 3147 3146 225837 200251 198904 200247 198894 198888 
10 : 3292 3304 3291 3302 47015 36643 47012 36673 256945 36669 
10 : 3319 3316 3314 3320 181821 160675 187564 160674 181822 160676 
10 : 3604 3600 3603 3598 115383 191582 61849 115381 61837 61846 
10 : 3764 3775 3773 3776 152566 152565 152567 249319 253192 249320 
10 : 3819 3834 3836 3823 143111 143112 143097 256331 187866 187868 
10 : 4069 4068 4064 4066 237711 161917 205504 161916 205503 161910 
10 : 4211 4207 4212 4206 57420 153278 55207 57421 55199 55208 
10 : 4220 4209 4214 4210 107888 218053 111801 107875 107867 111786 
10 : 4233 4238 4237 4240 250764 250763 250765 256922 260309 256924 
10 : 4248 4258 4264 4256 142575 142582 142572 238506 229418 229426 
10 : 4392 4388 4379 4384 213613 39515 139719 39506 139710 39497 
10 : 4553 4543 4533 4532 135013 46647 5642 46631 5619 5613 
10 : 4718 3402 4714 4736 3412 80502 143544 3406 3431 80521 
10 : 5054 5069 5067 5061 109318 109314 109306 249203 193180 193175 
10 : 5203 5196 5209 5197 66809 201374 96759 66817 66799 96773 
10 : 5517 5523 5511 5538 97016 13531 97030 13542 215806 13558 
10 : 5536 5519 5526 5532 155614 224221 247868 155605 155612 224218 
10 : 5602 5601 5591 5609 217720 161342 220498 161341 217732 161350 
10 : 5835 5844 5839 5828 179598 179589 39197 229836 39218 39207 
10 : 5852 5871 5869 5850 101431 101427 62366 253003 62398 62394 
10 : 5980 6003 6000 6006 13404 13400 13405 253571 262958 253573 
10 : 6149 6150 6136 6142 256998 124518 201325 124520 201328 124502 
10 : 6173 6176 6184 6180 72170 72185 72175 91079 91068 169469 
10 : 6213 6215 6202 6219 232647 123127 232651 123129 237731 123133 
10 : 6475 6476 6482 6477 232765 232773 232766 235615 235607 236150 
10 : 6997 7003 7007 7008 83047 83057 83060 152747 152749 226729 
10 : 7101 7109 7097 7100 96524 67872 83360 67896 83380 67869 
10 : 7253 7255 7250 7260 168191 122967 168205 122969 173684 122984 
10 : 7410 7414 7427 7424 45133 45149 45148 96652 96649 260036 
10 : 7440 7444 7439 7449 167662 146845 167663 146848 190201 146851 
10 : 7573 7569 7565 7566 248564 181659 214185 181654 214179 181647 
10 : 7638 7635 7652 7631 121603 163807 38189 121617 38186 38206 
10 : 7648 7643 7649 7644 215137 238304 221764 215138 215135 221765 
10 : 7786 7803 7793 7806 30827 30820 30830 186322 248045 186325 
10 : 8086 8096 8089 8091 213477 213465 213469 243065 252292 243060 
10 : 8119 8124 8109 8117 253319 149631 248603 149637 248606 149628 
10 : 8505 8510 8509 8517 55055 55053 55066 132802 150345 132818 
10 : 8533 8536 8529 8539 165360 133753 165366 133755 200608 133760 
10 : 8587 8579 8573 8576 221344 181680 195602 181674 195585 181666 
10 : 8682 8681 8673 8669 212517 124142 60990 124139 60988 60976 
10 : 8820 8819 8823 8824 170113 199704 199706 170114 170116 221476 
10 : 8831 8835 8841 8838 22259 22275 22263 159074 159064 211613 
10 : 9017 9011 9015 9026 195858 220334 235921 195856 195865 220343 
10 : 9036 9035 9037 9033 134630 136197 84722 134631 84721 84723 
10 : 9306 9301 9303 9296 208004 215299 146774 207999 146764 146765 
10 : 9492 9490 9479 9499 115123 29231 147585 29226 115132 29244 
10 : 9687 9705 9694 9685 55593 55579 16381 197696 16412 16394 
10 : 9838 9847 9845 9843 102528 102525 102522 243111 233627 233622 
10 : 9881 9886 9894 9888 93619 93626 93622 206363 206357 213219 
10 : 9890 9892 9884 9891 236014 132259 236010 132262 236650 132261 
10 : 10020 10035 10037 10024 153483 153489 153471 258566 194310 194318 
10 : 10193 10199 10209 10187 147229 147239 22471 202517 22478 22492 
10 : 10328 10329 10336 10326 115584 115595 98523 138399 98525 98538 
10 : 10471 10469 10468 10476 118429 113046 142141 113043 118436 113052 
10 : 10473 10463 10470 10479 34481 141199 150234 34480 34494 141211 
10 : 10611 10594 10609 10596 13520 260056 77766 13518 13501 77762 
10 : 11109 11103 11112 11118 100393 166954 166958 100397 100402 204735 
10 : 11121 11122 11115 11116 240401 210877 211831 210878 211832 210872 
10 : 11241 11249 11242 5435 130374 130366 5445 157947 5464 5450 
10 : 11260 11272 11267 11257 138788 138785 43941 183477 43956 43948 
10 : 11402 11408 11399 11410 218929 140646 218931 140658 259254 140660 
10 : 11418 11417 11415 11431 173940 95498 177420 95496 173960 95519 
10 : 11560 11557 11559 11554 218991 235429 114308 218990 114300 114307 
10 : 11630 11620 11628 11617 148005 196542 64333 148002 64320 64330 
10 : 11720 11729 11727 11730 110630 110627 110631 230001 263245 230002 
10 : 11892 11899 11902 11900 100357 100362 100358 202893 202889 208285 
10 : 11929 11938 11927 11936 82401 42907 82392 42930 148670 42921 
10 : 12056 12060 12063 12062 64933 64937 64936 113696 113695 199853 
10 : 12109 12107 12103 12096 259399 251663 125995 251662 125991 125989 
10 : 12228 12220 12205 12218 171327 12322 141546 12307 141528 12304 
10 : 12709 12692 12694 12712 115864 140628 233381 115849 115867 140633 
10 : 12866 12881 12877 12861 123898 123895 40369 248308 40398 40393 
10 : 13047 13053 13050 13041 260793 260791 203770 262704 203778 203774 
10 : 13163 13176 13161 13169 38018 14037 38008 14053 122660 14045 
10 : 13189 13205 13194 13191 164933 164924 164921 200571 181586 181566 
10 : 13222 13231 13228 13213 216869 216867 122429 254066 122441 122438 
10 : 13449 13456 13452 13453 101145 101134 101136 121969 157307 121961 
10 : 13517 13514 7173 13509 252557 7200 233299 7197 233296 7191 
10 : 13747 13750 13759 13751 39866 39881 39868 70275 70263 93153 
10 : 14080 14087 14084 14086 28704 28699 28703 123462 164121 123461 
10 : 14259 14252 14253 14250 187139 197654 131072 187131 131054 131056 
10 : 14270 14280 14275 14271 180182 180175 180170 244776 184213 184201 
10 : 14282 14298 14294 14292 95197 95191 95189 224646 210675 210668 
10 : 14578 14567 14576 14580 32979 219477 235651 32975 32981 219478 
10 : 14717 14709 14711 14712 155510 165981 176805 155497 155498 165972 
10 : 14738 14734 14730 14728 178746 158595 85261 158581 85244 85238 
10 : 14740 14724 14739 14725 35103 259352 41828 35101 35069 41826 
10 : 14752 14745 14766 14768 110564 177418 177421 110581 110584 263464 
10 : 14866 14860 14877 14869 21871 213492 213480 21885 21878 236110 
10 : 15466 15477 15467 9564 157598 157584 9578 167705 9602 9580 
10 : 15494 15489 15483 15493 199097 107495 238407 107484 199096 107494 
10 : 15774 15782 15781 15788 170858 170857 170865 246982 247522 246990 
10 : 15780 15772 15783 15787 84274 237060 237063 84276 84283 249730 
10 : 15811 15800 15793 15795 212666 125539 152805 125522 152785 125514 
10 : 16174 16176 16177 16154 261812 261814 153567 263434 153569 153572 
10 : 16262 16253 7174 16252 94436 7204 92615 7180 92594 7179 
10 : 16583 16579 16587 16584 193653 225003 224998 193660 193654 225156 
10 : 16695 16700 16698 16697 162891 162890 162889 193905 174309 174307 
10 : 16707 16708 16690 16701 264510 62951 207953 62954 207955 62940 
10 : 16775 16761 16766 16769 116564 159704 197033 116556 116558 159695 
10 : 16893 16887 16886 16888 181339 178392 183046 178381 181330 178382 
10 : 17045 17039 17046 17056 24983 189268 189283 24985 24999 191341 
10 : 17073 17072 17077 17075 209608 215909 215907 209616 209614 245621 
10 : 17085 17103 17107 17087 111859 111862 111844 259014 157423 157427 
10 : 17210 17236 17233 17225 30122 30119 30107 245470 190895 190891 
10 : 17319 17330 17318 17323 125193 104011 125179 104038 233086 104025 
10 : 17642 17652 17644 17643 150945 150938 150937 165643 156143 156131 
10 : 17807 17803 17801 17804 184871 51750 195833 51742 184866 51744 
10 : 17954 17943 17955 17951 30848 200458 165389 30849 30844 165390 
10 : 17957 17952 17948 17960 169722 121320 247841 121309 169727 121326 
10 : 18117 18114 98 18116 37882 105 88323 102 37881 104 
10 : 18259 18253 18262 18260 125156 213960 213952 125166 125157 215409 
10 : 18286 18281 16595 18284 230000 16620 255195 16612 229996 16616 
10 : 18394 18406 7484 18391 65239 7489 40451 7512 40480 7487 
10 : 18407 18410 18393 18396 259694 58992 175811 58996 175814 58978 
10 : 18429 18416 18428 18427 133861 239730 233840 133860 133859 233839 
10 : 18557 18554 18563 18561 73308 164496 164491 73316 73313 216578 
10 : 18698 18699 18695 18693 255122 240171 230197 240176 230205 230190 
10 : 18722 18730 18723 18740 79403 79396 79421 82138 145469 82156 
10 : 19021 19014 19026 19025 53892 160411 160407 53907 53903 260918 
10 : 19029 19028 19035 19040 55558 106940 106946 55564 55567 203446 
10 : 19143 19154 19151 19149 109414 109412 109409 218599 210252 210246 
10 : 19331 19328 19336 19325 163334 176790 131391 163346 131386 131406 
10 : 19350 19343 19360 705 110054 231982 725 110062 707 737 
10 : 19608 19605 19593 19597 245133 26190 163450 26186 163445 26179 
10 : 19626 19625 19629 19615 245756 249141 140319 245760 140318 140325 
10 : 19768 19772 19767 19760 248147 218189 27895 218196 27900 27893 
10 : 19789 19785 19784 19788 229532 218611 243517 218606 229530 218608 
10 : 19805 19808 19814 19810 176653 176661 176656 210736 210731 226304 
10 : 19966 19958 19964 19949 245841 255779 112042 245839 112034 112040 
10 : 12091 20546 20547 20545 12106 12108 12105 258607 253782 253784 
10 : 20551 11614 20563 20560 11621 154442 154440 11637 11636 258270 
10 : 20681 20692 20691 20684 145808 145805 145796 232428 184646 184641 
10 : 20702 20715 20699 20711 129247 108180 129241 108207 234917 108198 
10 : 20908 20898 20894 20900 226146 175430 237047 175417 226140 175419 
10 : 21084 21076 21069 21068 175032 126668 118855 126659 118845 118836 
10 : 21186 21175 21174 21182 201126 197980 260126 197967 201124 197976 
10 : 21193 21197 21214 21189 90225 90242 59880 121328 59886 59905 
10 : 21201 21187 21208 21191 48971 166330 83366 48982 48962 83376 
10 : 21338 21335 21341 9606 195170 236456 9631 195174 9623 9634 
10 : 21584 21583 21598 21596 104955 112549 112547 104974 104973 262169 
10 : 21619 21623 21627 21616 170748 170754 40819 226163 40830 40836 
10 : 21632 21635 21620 21625 256495 187844 234142 187845 234144 187839 
10 : 21789 21797 21794 21781 243003 242995 80932 250690 80946 80939 
10 : 21833 21851 21850 21826 180833 180832 35264 264639 35289 35288 
10 : 22043 22048 22049 22051 152966 152967 152970 240687 240691 243656 
10 : 22053 22064 22066 22057 113887 113889 113878 255746 198088 198090 
10 : 22205 22199 22195 22192 158379 119362 24975 119342 24949 24945 
10 : 22371 22359 22367 22361 74500 205954 129620 74490 74480 129607 
10 : 22408 22412 22404 22402 195854 116797 93270 116799 93271 93265 
10 : 22679 22678 22689 22686 99773 125964 125961 99789 99781 194412 
10 : 22683 22681 22682 22685 139902 154679 156802 139900 139903 154681 
10 : 22793 22796 22801 22797 113254 113262 113255 170217 170211 172113 
10 : 22825 22822 22838 22834 51646 94411 94402 51674 51664 224781 
10 : 22952 22953 22964 22960 55663 55677 55669 76179 76169 180518 
10 : 22971 22981 22969 22977 79131 67424 79128 67440 210734 67434 
10 : 23098 23101 23093 23091 252764 208713 177087 208715 177091 177077 
10 : 23106 23107 23114 23110 57769 57784 57776 69299 69291 203845 
10 : 16287 23121 1212 23135 16291 1210 16301 1218 118881 1238 
10 : 23282 23276 23284 23281 136660 234594 210379 136662 136657 210380 
10 : 23307 23303 23308 23292 139905 191854 63231 139906 63225 63232 
10 : 23403 23401 23398 23396 198142 177706 103948 177702 103938 103936 
10 : 23423 23424 23441 8613 44690 44702 8615 76791 8619 8643 
10 : 23434 23440 23429 23432 198781 165296 186834 165300 186841 165293 
10 : 23537 23525 23528 23524 228500 246229 201564 228491 201542 201548 
10 : 23576 23580 23586 23577 41613 41622 41612 124480 74507 74522 
10 : 23729 23717 23722 23726 120906 211153 217210 120896 120897 211146 
10 : 23743 23745 23734 23755 191836 62246 191848 62248 203827 62259 
10 : 23772 23773 23768 23771 216993 198978 216276 198979 216278 198977 
10 : 23879 23884 23882 23875 261242 261239 199769 263664 199775 199773 
10 : 17809 24011 24000 24001 17838 17820 17821 173226 175477 173207 
10 : 8521 24087 24090 24095 8531 8534 8538 148934 148936 170385 
10 : 24363 24365 24358 24372 199777 168222 199784 168224 205953 168232 
10 : 24483 24480 24471 24489 192699 73952 237669 73946 192701 73961 
10 : 24606 24610 24603 24611 207685 145192 207686 145194 224565 145198 
10 : 24627 24622 24629 24621 102968 196749 101539 102969 101527 101543 
10 : 24740 24755 24753 24744 31053 31051 31037 256958 99539 99536 
10 : 24760 24782 24779 24770 76064 76059 76050 243894 185016 185008 
10 : 24884 24880 24882 24883 95463 118145 132287 95460 95462 118144 
10 : 24914 24899 24909 24900 91202 243380 112961 91192 91179 112954 
10 : 25045 25049 25055 25043 104354 104361 59025 231729 59036 59049 
10 : 25077 25075 25090 25083 89304 121593 121585 89320 89313 226581 
10 : 25260 25256 25263 25251 206387 232722 138836 206388 138831 138839 
10 : 25391 25387 25400 25393 196303 214273 214265 196315 196306 233525 
10 : 25593 25581 25595 25583 140082 258079 168233 140084 140066 168234 
10 : 25699 25690 25687 25693 216704 137433 231242 137420 216697 137426 
10 : 25704 25709 25710 25718 62327 62328 62337 189543 189554 198070 
10 : 25712 25720 25711 25722 223375 219207 223377 219218 257783 219220 
10 : 25872 25855 25856 25857 48042 87993 112629 48020 48022 87970 
10 : 25886 25890 25891 25878 175928 175931 89500 217462 89504 89509 
10 : 26295 26306 26294 26305 108752 90381 108751 90406 259397 90405 
10 : 26318 26328 26327 26329 215287 215284 215288 253710 262881 253711 
10 : 26581 26577 26575 26578 140312 77983 166343 77972 140307 77973 
10 : 26724 26719 26732 26726 87899 180584 180568 87914 87901 183596 
10 : 26883 26881 26898 26899 30543 180538 180539 30563 30564 264811 
10 : 27175 22399 27182 27181 22405 127983 127981 22414 22413 216083 
10 : 27191 27199 27202 27198 97924 97925 97923 217327 212819 212821 
10 : 27306 27308 27299 27302 182760 104281 162410 104283 162414 104279 
10 : 27323 27327 27324 27316 235914 235913 106387 250055 106395 106391 
10 : 27474 27464 27478 27457 155610 240949 64496 155616 64484 64506 
10 : 27604 27597 27599 27606 55216 83026 242831 55202 55227 83042 
10 : 27621 27617 27610 27624 205123 46209 249190 46203 205128 46215 
10 : 27748 27745 27751 27747 56437 84706 79045 56447 56436 79057 
10 : 28068 28062 28054 28056 225815 48701 113579 48689 113563 48675 
10 : 28089 28069 28075 28076 31854 186188 186520 31838 31839 186172 
10 : 23760 28531 28538 9093 23762 23769 9092 42344 9096 9111 
10 : 28545 28530 28539 28547 39708 216285 254107 39701 39715 216290 
10 : 28678 28693 28687 28682 85654 85647 85644 192519 150568 150555 
10 : 28896 28877 28882 28876 114533 170680 109805 114518 109782 109790 
10 : 23445 29125 29122 29123 23470 23465 23466 247022 247397 247015 
10 : 29184 29183 29177 29189 183890 51031 202200 51029 183897 51034 
10 : 29212 29205 29210 29204 130262 232853 128184 130259 128169 128183 
10 : 29268 29270 29261 29269 206631 92314 206627 92320 208201 92315 
10 : 29288 29278 7938 29282 131752 7955 196440 7942 131743 7947 
10 : 29294 29293 29299 29305 36990 51364 51372 36996 37002 93248 
10 : 29439 29442 2317 29434 252312 2343 161175 2350 161183 2328 
10 : 29499 29504 29508 29513 184808 184811 184818 208616 208625 216513 
10 : 29726 29734 29740 29725 131926 131932 113442 229346 113456 113463 
10 : 30145 30157 30153 30143 86618 86615 64611 227090 64642 64637 
10 : 30301 30290 30289 30294 110698 74209 162096 74191 110683 74197 
10 : 30457 30445 30450 30455 108701 190085 232462 108694 108700 190084 
10 : 30500 30492 30485 30499 185923 88855 258190 88843 185922 88854 
10 : 30572 30567 30576 30570 121038 198784 158249 121045 121033 158265 
10 : 30590 30587 30586 30585 230822 205348 201146 205345 201140 201139 
10 : 30895 30883 30898 30888 100095 257343 172791 100097 100089 172796 
10 : 30950 30946 30947 30965 54325 71721 114906 54322 54342 71742 
10 : 31160 31161 31166 31171 103239 103245 103248 116142 116147 186301 
10 : 31176 31158 31174 31172 33470 249236 216515 33466 33461 216511 
10 : 31229 31248 31244 31227 63635 63629 38053 233020 38079 38071 
10 : 31305 31307 31309 31319 61751 61753 61772 64433 64447 88078 
10 : 31320 29949 31306 31321 29978 63087 260832 29954 29981 63089 
10 : 31440 31457 31446 9904 45572 45559 9905 132825 9936 9912 
10 : 31444 31455 31453 31448 109004 109000 108992 245153 198187 198182 
10 : 31445 31451 26201 31449 128101 26209 128098 26222 206310 26219 
10 : 31473 31468 31471 31467 238290 253529 229438 238284 229430 229434 
10 : 31626 31625 31621 31620 199041 118061 117101 118056 117095 117083 
10 : 31808 31806 31787 31804 261784 47066 250585 47060 250579 47057 
10 : 31814 31824 29377 31817 117632 29385 117623 29402 174316 29390 
10 : 31902 31900 31897 31907 206905 154468 248463 154459 206913 154477 
10 : 31925 31912 31908 31927 115137 44650 262118 44630 115140 44652 
10 : 32043 27077 10918 32044 27087 10924 185126 10917 27088 10925 
10 : 32069 32066 32070 32053 259043 264238 84078 259044 84074 84080 
10 : 32197 32195 32186 32194 257924 139006 255518 139002 255514 139000 
10 : 32237 32256 32248 32232 139440 139432 77863 241377 77887 77875 
10 : 32255 32238 32249 32231 147242 247194 75848 147236 75824 75842 
10 : 18249 32352 32364 32355 18256 18266 18257 167173 167155 185328 
10 : 32391 32381 32376 32388 234250 220394 264096 220381 234246 220390 
10 : 32476 32471 32478 32473 170275 247283 185735 170279 170266 185742 
10 : 32477 32472 20504 32466 180316 20533 73830 20516 73816 20508 
10 : 32494 32484 32480 32481 99937 51383 59158 51365 59140 51359 
10 : 32633 32630 32628 32631 207585 192750 208282 192740 207581 192741 
10 : 32707 32712 32711 32686 248202 248201 58326 262760 58338 58334 
10 : 32802 32798 32799 32796 182335 189064 155719 182322 155703 155705 
10 : 32948 32941 32947 32939 162309 244726 102453 162308 102438 102452 
10 : 32949 32955 32957 32962 63405 63407 63415 214245 214257 227076 
10 : 10783 32986 32978 32973 10809 10803 10797 234491 212817 212809 
10 : 33000 8783 32988 32997 8803 59388 224202 8784 8798 59384 
10 : 19636 33029 33025 33033 19653 19649 19659 219210 232951 219217 
10 : 33124 33113 33129 33115 52872 234180 119960 52877 52860 119970 
10 : 9330 33247 33251 33250 9347 9354 9352 244177 244173 260175 
10 : 33661 33671 33667 33670 82119 82110 82115 190480 226313 190479 
10 : 33796 33805 33794 33792 165484 118149 103077 118165 103086 103070 
10 : 33833 33811 33831 33817 58440 263694 131412 58438 58418 131409 
10 : 33967 33958 33959 33962 185255 199370 214743 185244 185246 199361 
10 : 34262 34250 34257 34249 140808 249763 116230 140800 116202 116218 
10 : 34282 34273 34279 34287 147376 227888 253774 147371 147382 227891 
10 : 34426 10039 15087 34436 10044 15095 90253 10038 10050 15101 
10 : 34885 34893 34889 34878 201373 201370 101541 228372 101553 101552 
10 : 35027 35031 35021 35023 245308 148857 156651 148866 156664 148841 
10 : 35182 35174 35176 35178 74910 110483 154179 74884 74887 110464 
10 : 35183 35193 35195 35200 80873 80876 80884 240160 240166 247255 
10 : 35216 35221 35210 35222 243432 200397 243434 200409 263869 200411 
10 : 35502 35488 35499 35503 100625 246020 260269 100621 100628 246023 
10 : 35531 35528 35543 35546 48930 95218 95223 48947 48951 221077 
10 : 6541 35628 35639 35632 6543 6562 6548 79100 79085 166085 
10 : 35644 35648 19558 35642 175947 19568 117248 19580 117259 19561 
10 : 35688 35693 35690 35687 81952 81950 60697 149641 60706 60701 
10 : 35795 35799 35797 35793 237679 237673 200623 254603 200633 200627 
10 : 35818 35819 35812 35804 250101 232316 134328 232317 134329 134318 
10 : 35822 35820 35806 35815 254752 156997 241123 156992 241118 156984 
10 : 16571 35923 35921 35924 16576 16574 16578 137616 179314 137618 
10 : 35927 35920 35919 23323 130806 71710 23347 71695 23330 23327 
10 : 35951 35969 11030 35952 85210 11034 85194 11065 120703 11036 
10 : 36024 36018 20200 21548 230250 20232 21574 20221 21566 20198 
10 : 36069 36066 36072 36068 71868 162208 133182 71872 71866 133187 
10 : 36100 36086 36099 36091 119694 234753 161941 119689 119680 161937 
10 : 36281 36271 36286 36276 174842 239412 191664 174849 174836 191675 
10 : 36533 36534 36532 36531 177965 114895 79481 114898 79484 79473 
10 : 36551 36559 36558 36542 207693 207692 57597 262869 57618 57613 
10 : 36707 36708 36711 36710 184264 184268 184266 199059 199058 213225 
10 : 17393 36876 36873 3550 17409 17405 3549 176686 3581 3571 
10 : 37127 37111 37128 37126 51330 264721 262223 51331 51327 262224 
10 : 37148 37147 37141 11676 227829 174914 11707 174913 11706 11692 
10 : 37157 37161 37170 14773 42450 42465 14774 101662 14778 14799 
10 : 37232 37234 37243 37241 124755 124766 124764 191261 191258 231737 
10 : 37236 37242 37239 37246 198836 198833 198842 224032 235387 224039 
10 : 37536 37522 37523 37521 116900 154573 113468 116877 113439 113445 
10 : 20882 37561 37562 37576 20883 20887 20904 61693 61711 114551 
10 : 37573 37560 37578 37564 46759 234006 158585 46763 46749 158593 
10 : 37703 37702 37700 37704 247883 243367 252821 243365 247886 243369 
10 : 37840 37829 4655 37833 205280 4683 233301 4667 205272 4674 
10 : 37844 37838 37842 37836 260991 264345 258550 260988 258543 258547 
10 : 37851 37855 10394 37853 238777 10409 238774 10417 257945 10416 
10 : 37869 37864 37877 37865 143119 190792 148119 143131 143116 148135 
10 : 38025 38006 38019 38026 103684 217587 263666 103673 103685 217590 
10 : 38263 38259 38252 13240 250065 210259 13279 210250 13269 13266 
10 : 38355 38357 38369 6062 141631 141640 6070 179193 6076 6089 
10 : 20272 38404 38391 38397 20288 20276 20283 116701 211819 116693 
10 : 38666 38655 38657 38660 203364 216223 246886 203351 203355 216216 
10 : 38711 38732 38721 38710 89975 89960 42479 200039 42505 42491 
10 : 38819 38826 38825 38822 164021 164019 164015 245391 211231 211225 
10 : 38849 26688 38835 38844 26714 108002 248011 26694 26710 107995 
10 : 38873 38857 38860 38859 162611 187263 181125 162597 162595 181105 
10 : 38947 38948 38955 38962 116039 116044 116054 118873 118885 176891 
10 : 26952 39012 38992 38994 26981 26956 26957 92382 113437 92353 
10 : 39390 39386 39394 39389 142359 214222 211374 142361 142358 211379 
10 : 39397 39384 39385 39398 112204 130486 260669 112185 112205 130487 
10 : 39538 39528 39540 39532 87023 259650 168914 87026 87011 168919 
10 : 39568 39562 39556 39552 198449 68004 54823 67993 54809 54794 
10 : 39838 39836 39827 1983 188361 58040 2008 58038 2001 1985 
10 : 39841 39839 39833 39840 242166 168990 244086 168985 242163 168987 
10 : 40144 40148 40158 40143 176271 176278 175045 218048 175052 175064 
10 : 40269 40282 40287 40273 53217 53221 53213 235106 172204 172214 
10 : 40404 40406 40412 40405 101418 101428 101413 189126 162224 162237 
10 : 40586 40579 40589 40578 171993 239971 168814 171998 168801 168821 
10 : 40710 40708 40716 40714 62491 117329 117322 62510 62504 223715 
10 : 40746 40736 40747 40750 121863 204258 204259 121864 121867 212247 
10 : 6799 40769 40760 40778 6815 6805 6822 119324 228620 119333 
10 : 40887 40894 17080 40898 62910 17083 62915 17095 209815 17104 
10 : 40908 40914 28630 40919 182312 28642 182318 28649 233271 28654 
10 : 41149 41140 41141 41143 90698 111555 166183 90671 90676 111535 
10 : 41323 20035 18323 41322 20051 18339 175905 18321 20050 18337 
10 : 41364 41353 41360 38763 181170 249588 38795 181167 38779 38788 
10 : 41472 41478 41476 41469 245417 245415 193334 257582 193345 193337 
10 : 41511 41524 41521 41518 188874 188871 188864 260265 242985 242983 
10 : 41647 41644 41646 41649 228111 238946 240865 228110 228114 238948 
10 : 41695 41702 41703 41700 53792 53795 53789 236944 182927 182930 
10 : 41724 41728 41730 41729 243904 243908 243906 254234 254233 255250 
10 : 41841 41848 41835 41842 162662 102938 162652 102956 168344 102939 
10 : 41872 41876 41871 41869 178695 177548 140068 177550 140072 140067 
10 : 30322 41933 41930 41932 30348 30345 30347 262748 264600 262746 
10 : 41969 41965 41966 41964 145762 158790 58898 145759 58888 58891 
10 : 42092 13164 42102 42094 13172 172240 172229 13184 13174 180250 
10 : 42098 42097 42099 42089 219735 236086 55390 219741 55383 55395 
10 : 42110 42113 42109 42104 174449 166666 62529 166672 62537 62528 
10 : 42125 42131 42134 11678 71921 71925 11684 219926 11705 11712 
10 : 42251 42245 5927 42258 149648 5947 244158 5937 149659 5961 
10 : 42287 42304 42306 42292 134970 134971 134959 263520 177278 177280 
10 : 42522 42521 42517 42523 248220 218598 252509 218596 248222 218601 
10 : 42550 42557 42548 42538 205474 193732 56183 193741 56193 56182 
10 : 42676 42677 42664 42680 263209 126310 263213 126311 263310 126315 
10 : 42704 42718 42703 42716 106219 101648 106217 101664 249483 101661 
10 : 42801 42799 42813 42809 60061 105976 105968 60078 60069 236156 
10 : 42827 42817 42824 42828 102789 251379 258345 102786 102791 251382 
10 : 42950 42952 42946 23325 240048 200866 23345 200875 23354 23337 
10 : 43288 43289 43291 43286 250132 250135 238023 255996 238025 238028 
10 : 43318 43307 43306 43304 186263 176886 174777 176877 174767 174766 
10 : 7769 12206 43409 43412 7768 7775 7777 12214 12221 97172 
10 : 43439 43442 43437 43429 260792 252536 223781 252539 223784 223777 
10 : 43718 43727 1290 43726 136900 1298 136899 1316 256713 1313 
10 : 44134 44131 44133 44139 52675 92114 200254 52668 52692 92128 
10 : 44284 44279 44289 44278 65261 252932 62254 65266 62231 62263 
10 : 44346 44341 44349 44350 214930 255566 255567 214934 214937 263160 
10 : 44424 44435 44427 44428 48148 48138 48143 141567 209783 141552 
10 : 44555 44557 44551 44553 147023 66369 92451 66376 92458 66359 
10 : 44577 44569 44567 44566 130574 81575 80797 81559 80784 80780 
10 : 44619 44606 44387 44610 171502 44417 184671 44399 171490 44402 
10 : 8982 44705 44709 44697 9003 9005 8995 256989 205374 205377 
10 : 44746 37491 44762 44750 37495 152328 152316 37514 37499 196693 
10 : 44747 44756 44743 32551 164672 93497 32561 93514 32572 32555 
10 : 44863 44861 44847 44856 263945 97461 246884 97460 246881 97455 
10 : 36989 44865 44868 44886 36993 36999 37018 61497 61516 115894 
10 : 44986 44982 44976 44983 222713 103296 223388 103288 222708 103289 
10 : 19817 45212 45221 45211 19823 19833 19822 120362 116767 116780 
10 : 45494 45485 45483 45480 200454 155920 139600 155905 139582 139578 
10 : 45537 45531 45538 45541 81475 210028 210032 81476 81483 212541 
10 : 45743 45740 10836 45723 254838 10869 86658 10861 86648 10839 
10 : 18781 45890 45889 45867 18806 18805 18782 260638 87313 87312 
10 : 45870 45873 45871 45874 145260 145259 145261 147512 160279 147513 
10 : 46106 46094 46103 46095 200256 253811 211824 200252 200245 211820 
10 : 46115 46121 46111 46116 171901 139041 171897 139048 186009 139043 
10 : 46123 46125 46120 46112 227583 216794 154494 216802 154500 154491 
10 : 46513 46517 46519 34073 206359 206362 34094 220559 34097 34103 
10 : 46518 46508 12293 46507 61961 12317 57907 12296 57886 12294 
10 : 46528 46533 46536 46534 155767 155770 155768 248292 248287 248808 
10 : 46673 46678 742 46676 63836 743 63832 754 117548 750 
10 : 46813 26311 46820 46821 26317 202780 202781 26330 26331 264439 
10 : 46824 46155 34792 46823 46163 34798 87541 34791 46158 34797 
10 : 46828 46837 46834 46832 199596 199594 199592 248008 229489 229485 
10 : 46875 46880 46864 46878 178352 55922 178351 55929 221475 55928 
10 : 46962 46961 46956 46963 223804 152360 223991 152359 223805 152361 
10 : 41330 47008 46998 46999 41344 41336 41337 106763 109586 106751 
10 : 5898 47263 31712 47271 5901 5897 5916 31718 94934 31733 
10 : 47279 47289 47284 47285 175710 175701 175702 225754 225869 225745 
10 : 47466 47461 47467 47464 161462 249472 203768 161463 161455 203769 
10 : 47480 47493 8405 47498 156415 8417 156422 8428 245147 8433 
10 : 47533 47537 25162 47544 96390 25168 96399 25177 184800 25186 
10 : 47567 47550 47564 47565 103563 257708 258677 103558 103560 257706 
10 : 47582 47578 47583 47577 210790 262310 170222 210792 170214 170223 
10 : 47599 47589 47595 47592 95021 173235 129609 95015 95011 129604 
10 : 47712 47716 47711 47718 126965 119195 126966 119201 170283 119202 
10 : 34264 47846 47859 47862 34265 34276 34280 50025 50030 213550 
10 : 47855 47857 47852 47848 188552 143024 100681 143026 100684 100676 
10 : 48268 48275 40222 48267 197574 40232 164485 40250 164501 40228 
10 : 48279 48277 48278 48280 49622 79314 141815 49619 49623 79315 
10 : 48431 48432 48424 48421 259629 226568 154599 226569 154600 154586 
10 : 48437 48436 48443 48447 100038 102686 102690 100048 100056 191195 
10 : 48714 48724 48710 48707 186142 132633 80815 132654 80840 80804 
10 : 48781 48767 48780 48774 188342 262020 245690 188339 188331 245686 
10 : 28781 43196 49030 49043 28780 28787 28798 43198 43208 87805 
10 : 49040 49049 49036 49044 200774 140644 200770 140651 227591 140648 
10 : 49089 49085 49094 49101 68283 106481 106485 68291 68297 213154 
10 : 49328 49337 49334 49336 100246 100244 100245 241307 253171 241306 
10 : 49440 49436 49428 49441 212173 92866 251476 92856 212176 92868 
10 : 49442 49443 13102 49434 263871 13131 182017 13132 182019 13118 
10 : 49713 49720 49714 49722 90447 90442 90450 104481 186376 104489 
10 : 49743 49749 49748 49731 247160 247158 57646 263462 57654 57653 
10 : 49766 49756 49752 49755 192674 66930 184573 66912 184555 66911 
10 : 49997 49996 21251 49998 81993 21258 119560 21256 81995 21260 
10 : 50003 50007 50004 50012 215680 215676 215685 216023 246524 216030 
10 : 50271 50262 50278 50264 54331 192816 79483 54341 54323 79494 
10 : 50410 50412 50421 50418 114103 114114 114112 126846 126840 204733 
10 : 50456 50430 50444 50443 65915 187089 185100 65904 65903 185091 
10 : 50530 50553 50534 50538 92813 92789 92797 122317 163429 122299 
10 : 50609 50599 11151 50595 233071 11187 210686 11174 210672 11169 
10 : 50674 50684 50677 24692 215995 215991 24704 249870 24726 24717 
10 : 50724 50715 50726 50709 157368 246741 86686 157370 86669 86690 
10 : 50874 50871 50862 50865 260295 206113 224477 206111 224474 206104 
10 : 50966 50965 50971 50967 206007 227817 227808 206017 206008 227959 
10 : 51297 51304 51301 51302 218504 218500 218501 235756 237221 235754 
10 : 51408 51420 51404 51406 102113 63218 97063 63244 97091 63217 
10 : 3059 51546 51540 51539 3075 3070 3068 157803 146111 146103 
10 : 51563 51564 51554 51566 241807 56067 241812 56070 254981 56073 
10 : 51704 51699 51697 51710 146521 133073 201134 133065 146527 133078 
10 : 51717 51724 51722 51727 183174 183171 183175 239212 248674 239214 
10 : 51720 51721 51713 51726 196200 124474 196208 124475 214088 124483 
10 : 51743 51740 51739 51751 156408 140520 195269 140515 156417 140528 
10 : 51859 51860 29662 51861 224784 29681 224787 29683 236584 29685 
10 : 52008 51999 52015 52002 67533 212343 126187 67544 67525 126198 
10 : 52036 52038 52016 52030 263277 69465 250820 69467 250823 69461 
10 : 52139 52137 52132 52120 247945 219691 63942 219688 63938 63931 
10 : 52267 52265 52271 52275 147755 164162 164165 147758 147763 207197 
10 : 52407 52411 14308 52408 183800 14319 183794 14330 205649 14322 
10 : 52696 47293 52707 52705 47294 64426 64424 47315 47314 246828 
10 : 8382 52854 15508 52845 8396 8380 8385 15533 129702 15518 
10 : 52843 52848 52851 52855 57080 57082 57088 185041 185046 223765 
10 : 52916 52926 52906 52921 189683 73586 189677 73602 237274 73593 
10 : 53182 53170 53172 53179 172363 208276 254972 172352 172362 208272 
10 : 53200 53193 53201 53204 184745 246051 246053 184748 184755 255975 
10 : 24811 53370 53373 53366 24837 24841 24830 249257 240069 240077 
10 : 53491 53485 44912 53495 209812 44933 244685 44925 209817 44939 
10 : 53609 53614 53618 53265 214149 214152 53285 239853 53291 53295 
10 : 53610 53617 53616 53602 214603 214601 59736 251659 59746 59744 
10 : 53650 53645 53649 53655 94030 157077 160537 94029 94040 157084 
10 : 53744 42166 53745 53746 42167 80090 80091 42170 42171 89073 
10 : 53774 53770 53767 53762 230057 175451 77603 175441 77595 77589 
10 : 54183 54177 54171 54182 234652 184042 264751 184028 234651 184040 
10 : 54280 54291 54277 54279 99638 69793 84600 69822 84626 69792 
10 : 54550 54553 54549 11353 153607 99171 11365 99175 11372 11357 
10 : 54574 54573 54562 54559 259223 148358 105160 148357 105158 105139 
10 : 54854 54855 54850 13567 214235 199137 13586 199139 13588 13581 
10 : 54989 54982 54978 49111 151961 78211 49136 78201 49119 49112 
10 : 55143 55137 55144 55146 173296 236469 236471 173299 173301 252387 
10 : 55172 55164 55167 55153 219794 235936 139473 219785 139458 139462 
10 : 55182 55196 9612 55180 162870 9620 120294 9636 120316 9618 
10 : 55230 55232 55256 55246 61631 61653 61641 86418 86408 196970 
10 : 55265 28168 55271 55266 28178 169636 169632 28191 28181 177266 
10 : 55284 55289 55282 55293 149541 123799 149548 123807 205394 123817 
10 : 55321 55325 55322 55333 179747 179744 179754 186499 204322 186511 
10 : 55403 55416 55404 55402 89570 89560 85233 114556 85260 85234 
10 : 55428 55420 55429 55430 204663 264150 264151 204664 204665 264271 
10 : 55451 26691 55444 55440 26715 232600 190419 26708 26701 190410 
10 : 55541 55545 53412 55544 72688 53415 72687 53426 168802 53425 
10 : 3845 24552 55664 55667 3841 3846 3848 24554 24558 99142 
10 : 55690 55692 23051 55688 224969 23071 209704 23076 209711 23067 
10 : 55796 55803 28782 55797 176413 28795 176405 28814 186850 28797 
10 : 55935 55930 55924 55912 228871 193159 86693 193147 86681 86673 
10 : 56086 56093 56088 56083 136617 136610 58719 180306 58730 58725 
10 : 30040 56226 56230 56231 30054 30060 30061 221451 221456 254971 
10 : 56258 56251 56259 56254 245507 263476 256967 245510 245505 256970 
10 : 56680 56687 56682 56676 74771 74763 59135 93247 59150 59138 
10 : 56811 56810 56796 56802 263547 66793 196646 66791 196644 66775 
10 : 56966 56963 56959 56960 141051 65229 71228 65224 71222 65222 
10 : 57076 8869 57078 57079 8872 68483 68484 8877 8879 126177 
10 : 57077 17843 15509 57084 17847 15516 122244 15506 17857 15530 
10 : 57097 57098 57107 57105 185640 185651 185646 227406 227403 254696 
10 : 57127 57119 57123 57136 133372 204838 234836 133368 133378 204853 
10 : 17212 57217 57231 57219 17220 17238 17224 146679 146660 183960 
10 : 57248 57235 57244 57237 90659 205692 125656 90655 90643 125647 
10 : 57376 57381 57394 57389 185138 185151 185149 215627 215623 255638 
10 : 57384 57383 57379 57395 230917 199537 236898 199536 230927 199549 
10 : 57503 57502 57508 57518 82456 96455 96467 82459 82473 169844 
10 : 57514 57512 57513 23172 206131 233675 23198 206128 23186 23194 
10 : 57871 57884 57881 57875 165257 165255 165251 262080 225144 225140 
10 : 58067 58069 58079 58074 76606 76623 76611 120036 120026 193559 
10 : 58110 58114 58125 58136 103329 103334 103352 126043 126058 178095 
10 : 58241 19366 58246 58251 19377 182135 182140 19383 19391 213766 
10 : 58358 58356 14340 58366 152374 14356 180888 14352 152390 14372 
10 : 58674 58658 58660 58669 93236 104640 192016 93220 93231 104633 
10 : 58785 58786 58779 58787 228907 116862 228909 116863 229856 116869 
10 : 59097 59090 59092 15989 135128 145797 16002 135119 15993 15995 
10 : 36611 59200 36719 59194 36622 36610 36617 36729 141665 36723 
10 : 59195 59206 59207 22754 153910 153911 22763 245443 22783 22784 
10 : 59348 59344 59332 59327 254472 134450 81634 134444 81628 81604 
10 : 59621 59624 59625 59616 149894 149899 67770 190133 67772 67778 
10 : 59767 59772 59770 59771 236762 236760 236761 259418 260425 259417 
10 : 33527 59934 59931 59937 33536 33531 33542 166511 207616 166517 
10 : 59944 59946 59948 59943 253658 253662 252215 259512 252218 252220 
10 : 59956 59966 59957 59960 185133 185127 185129 226108 248739 226100 
10 : 60040 60042 60030 60048 231859 140650 231866 140654 245509 140661 
10 : 60326 60311 41260 60316 75035 41285 157703 41262 75022 41271 
10 : 60327 60312 60329 60320 96796 262371 201701 96799 96787 201703 
10 : 60341 60336 60339 60335 167205 183940 130062 167201 130053 130058 
10 : 60441 60436 60433 60443 125959 97399 180357 97395 125962 97403 
10 : 60456 60451 60455 60457 172169 231152 247001 172168 172170 231155 
10 : 60552 60542 60548 60551 215727 247299 255817 215722 215725 247298 
10 : 60764 60776 60765 60769 185824 185811 185814 203064 218527 203056 
10 : 60767 60759 60766 60772 78638 209916 215002 78637 78646 209924 
10 : 60910 60902 60899 60897 175418 169559 122531 169552 122518 122517 
10 : 60918 60915 60903 39146 260296 193088 39184 193083 39181 39159 
10 : 25073 51332 60930 60934 25072 25084 25087 51349 51353 228145 
10 : 60922 60935 60936 60938 82222 82223 82225 250161 250164 252359 
10 : 61086 61091 61097 61080 225747 225755 156893 236347 156897 156907 
10 : 61129 18928 61133 61125 18942 199692 171716 18946 18939 171720 
10 : 61180 26953 61179 10262 26970 212519 10279 26966 10259 10275 
10 : 61203 61207 61218 61221 111362 111377 111380 179091 179094 252881 
10 : 61315 61316 61310 61313 257085 75596 196726 75598 196728 75584 
10 : 61339 61344 61336 61349 169817 97192 169823 97198 230184 97207 
10 : 61613 61614 61619 61626 121331 121340 121345 122306 122314 209353 
10 : 61704 61701 61715 37345 183086 206146 37358 183095 37357 37375 
10 : 61724 61728 42057 61717 244633 42075 93020 42081 93028 42060 
10 : 41308 61882 61880 42768 41311 41309 41307 71954 42770 42769 
10 : 61991 61986 61970 47924 239581 72401 47956 72392 47945 47926 
10 : 62063 62070 62081 62076 77303 77316 77308 200872 200865 224898 
10 : 62134 62126 62120 3555 181831 80036 3591 80023 3572 3558 
10 : 62153 290 44097 57326 316 44127 57355 287 289 44096 
10 : 989 62279 12441 62290 998 987 1010 12454 146961 12470 
10 : 62304 62299 54488 62318 143403 54503 210707 54496 143419 54513 
10 : 58951 62403 28784 62416 58956 28783 58970 28791 109299 28813 
10 : 62474 62481 46711 62468 176052 46721 79625 46733 79639 46712 
10 : 62484 9485 44626 62469 9503 44651 96018 9480 9488 44628 
10 : 62573 62567 62574 62561 216429 262311 71854 216430 71842 71855 
10 : 62612 57436 62620 62619 57457 245489 245488 57465 57463 261323 
10 : 62717 62706 62710 53269 165688 235741 53301 165672 53278 53290 
10 : 10370 62753 62756 22464 10386 10391 10368 258511 22493 22499 
10 : 62853 62860 15126 62865 226088 15144 226095 15149 254043 15154 
10 : 46973 62917 62918 18965 46995 46996 18963 263897 18997 18998 
10 : 62911 62899 62903 62912 115717 171698 210543 115710 115720 171700 
10 : 63166 63162 63169 63176 143886 183130 183141 143890 143899 205003 
10 : 63275 63263 63259 33747 206219 134677 33786 134663 33771 33755 
10 : 63375 63374 63373 56318 79839 73934 56324 73929 56321 56320 
10 : 63663 63661 63668 63655 240971 247090 179508 240977 179506 179515 
10 : 63965 63963 63958 63955 252610 173318 139966 173317 139964 139946 
10 : 33550 64009 64019 64006 33565 33575 33563 234650 223618 223634 
10 : 25225 64119 16353 64126 25230 16346 25238 16357 94280 16371 
10 : 64124 64129 64130 64122 225169 225170 185366 259840 185377 185380 
10 : 64522 64521 39928 64515 247733 39954 149373 39952 149370 39937 
10 : 64532 64526 64530 64538 117532 174574 212991 117529 117539 174582 
10 : 64543 64550 64552 64547 124568 124571 124563 251378 215878 215884 
10 : 30443 42879 64804 25308 30442 30463 25302 42899 25305 25332 
10 : 64958 64963 64966 51927 229020 229021 51950 262289 51960 51963 
10 : 64975 64976 48018 64981 197304 48027 197311 48030 208061 48037 
10 : 65112 65113 65110 65090 261207 253202 82506 253203 82507 82502 
10 : 65456 65462 46443 65461 156300 46450 156299 46468 263558 46467 
10 : 65731 65726 65737 65722 165944 232222 108117 165950 108101 108128 
10 : 65733 65732 53062 65738 233671 53080 234571 53079 233683 53092 
10 : 66002 61656 66000 65998 61676 160457 99675 61667 61659 99668 
10 : 66191 66181 66186 66174 227542 240615 119335 227536 119323 119327 
10 : 66302 66306 66298 66307 182485 165561 182487 165563 217986 165565 
10 : 13715 66454 66465 66459 13718 13740 13731 123692 123683 201387 
10 : 66596 66592 66598 66594 199996 246788 219143 200000 199990 219149 
10 : 66746 66757 66750 66748 213163 213156 213153 252121 236258 236251 
10 : 66756 66736 66741 66735 89890 172028 66792 89869 66763 66770 
10 : 67111 67113 67107 67123 213070 144206 213078 144212 231879 144227 
10 : 67135 67126 67130 5543 90713 125884 5566 90702 5546 5552 
10 : 67691 67672 67673 67675 159587 161081 167518 159568 159569 161060 
10 : 68141 68132 68150 68146 126743 219793 219790 126756 126750 248537 
10 : 68236 68232 24942 68235 245383 24971 250570 24962 245382 24968 
10 : 68349 68355 68348 68354 194540 184821 194536 184832 223386 184828 
10 : 68517 68500 68516 68498 171022 261746 134448 171021 134427 134447 
10 : 68783 68787 68784 68781 236369 236367 215405 241129 215410 215407 
10 : 68819 68826 68827 68834 168559 168562 168569 222076 222079 223501 
10 : 26144 68852 68854 68838 26169 26171 26146 260584 78945 78947 
10 : 68855 68839 68840 68836 120086 131626 70955 120063 70928 70929 
10 : 68964 68946 68960 1383 88483 246911 1409 88476 1386 1404 
10 : 69099 69093 69104 69098 90520 220373 216371 90530 90518 216382 
10 : 69168 69143 69150 69141 108231 202377 73603 108218 73574 73587 
10 : 69235 69227 69228 69222 170847 184653 72665 170835 72644 72646 
10 : 69513 44143 69512 69516 44153 184913 189053 44151 44158 184925 
10 : 69604 69597 69602 69601 81595 246623 194558 81593 81590 194553 
10 : 69619 69631 69628 69621 100376 100370 100367 188922 135434 135427 
10 : 69626 69632 69634 63758 174185 174192 63773 228609 63785 63796 
10 : 69729 69719 68880 69727 147812 68913 262202 68886 147810 68907 
10 : 69927 69918 69929 69922 146241 226903 185174 146244 146236 185176 
10 : 69935 69928 69916 69932 228408 137146 237532 137133 228399 137138 
10 : 70049 70052 25165 70048 248884 25183 247922 25190 247929 25182 
10 : 70313 70301 36197 70305 107970 36225 186843 36206 107959 36215 
10 : 70443 26692 70444 70446 26702 199589 199591 26703 26705 200620 
10 : 70587 70591 70590 70586 129438 129437 91091 169283 91094 91093 
10 : 70595 70589 70585 21097 168086 87342 21122 87327 21112 21100 
10 : 70344 70607 70599 70601 70363 70348 70358 119825 201027 119815 
10 : 70725 70713 56726 70721 161996 56754 240287 56736 161990 56745 
10 : 61925 70760 70752 56621 61941 61930 56620 153480 56643 56630 
10 : 70776 70783 70772 70771 224253 190804 149755 190812 149761 149751 
10 : 70919 70903 70911 70907 131094 235122 162150 131087 131081 162145 
10 : 70963 48485 70965 69436 48490 128564 69441 48500 48484 69455 
10 : 29297 20110 71111 59133 20104 29307 29296 20123 20107 59154 
10 : 71128 71134 71117 71125 215081 112815 183303 112819 183312 112812 
10 : 71272 71289 18626 71278 110165 18629 110154 18654 195662 18638 
10 : 71299 71311 71305 71307 250616 250614 250615 262541 263594 262540 
10 : 71441 71447 71462 71459 129296 129315 129312 162934 162931 256746 
10 : 71650 71665 71666 63913 97658 97659 63916 263620 63949 63951 
10 : 71681 71671 71683 71672 105804 247322 134899 105805 105790 134901 
10 : 71772 71777 71781 71778 149720 149727 149721 232611 232606 235510 
10 : 71906 71902 71909 71899 227356 253154 183500 227362 183496 183504 
10 : 71907 71910 71901 71898 259081 225005 179329 225008 179331 179320 
10 : 52880 71928 71914 71923 52902 52885 52894 174927 231682 174915 
10 : 71947 45502 71950 71937 45522 253549 212316 45527 45514 212324 
10 : 71973 71970 71956 71969 261562 103716 255330 103715 255328 103711 
10 : 72015 72010 72007 72008 144865 112823 116702 112808 116685 112803 
10 : 69111 72147 72145 72154 69119 69114 69135 93082 151242 93099 
10 : 29491 67144 72164 72166 29490 29503 29509 67161 67167 202158 
10 : 5515 72315 72317 57003 5527 5530 5512 224403 57018 57021 
10 : 72371 72365 72352 72366 229986 84624 233921 84614 229981 84616 
10 : 72412 72414 72418 72417 179732 179743 179738 238396 238392 258707 
10 : 72426 36995 59992 72425 37010 60015 234543 36992 37008 60011 
10 : 72586 72594 72596 46294 134252 134253 46301 258101 46318 46320 
10 : 72731 72741 72735 72728 161322 161315 134853 178486 134872 134858 
10 : 63589 69388 72820 72816 63588 63605 63599 69404 69394 161913 
10 : 72840 72837 72834 72829 262463 258627 152621 258624 152619 152616 
10 : 72956 72953 72949 72957 185038 134549 209525 134543 185043 134556 
10 : 73069 73076 73068 32902 118234 89440 32912 89452 32927 32906 
10 : 54116 73090 5403 59021 54129 5399 54114 5422 59034 5400 
10 : 73101 73104 73105 73098 195039 195040 170873 227841 170878 170880 
10 : 73218 73212 73224 73221 92676 177036 177034 92690 92683 233131 
10 : 73220 73217 73213 73214 132045 102042 109821 102032 109810 102029 
10 : 73336 73334 73343 73333 116909 176406 84472 116914 84461 84482 
10 : 73651 73648 73645 4022 246152 217881 4050 217875 4043 4035 
10 : 73656 26205 73636 21708 26236 103222 21745 26207 21705 21711 
10 : 73681 73679 73693 26243 91641 94773 26247 91651 26245 26260 
10 : 73769 73764 63008 73757 207757 63027 109097 63021 109088 63011 
10 : 73794 47356 73799 73788 47381 253243 226452 47389 47371 226459 
10 : 73872 73863 71465 73864 199103 71495 203514 71478 199091 71480 
10 : 73999 73998 13569 74005 181446 13579 184732 13578 181462 13595 
10 : 74000 73994 73996 74004 112581 148451 198569 112574 112592 148465 
10 : 74066 74048 74056 41095 95784 196968 41130 95769 41098 41113 
10 : 74174 74186 74187 74180 77011 77014 77000 258344 182528 182530 
10 : 74202 74201 74204 74211 176265 176599 176608 176269 176277 206516 
10 : 74404 74402 74399 74407 124944 110922 199889 110913 124953 110929 
10 : 74540 74538 74549 74546 88586 114346 114342 88605 88598 222608 
10 : 74575 67521 74586 74588 67527 165966 165969 67538 67540 241309 
10 : 74601 74605 74594 74598 225783 114523 165693 114528 165697 114517 
10 : 74743 44661 74752 74756 44667 139329 139332 44677 44680 242067 
10 : 74800 74794 74795 74804 157885 160550 220316 157874 157888 160554 
10 : 74808 74813 74816 45083 75284 75292 45084 220060 45099 45106 
10 : 74851 35353 74843 74850 35375 163627 254496 35360 35373 163626 
10 : 74856 74858 74854 74840 264169 262453 140304 262454 140305 140301 
10 : 74872 74878 74877 74863 234020 234019 125397 254118 125402 125401 
10 : 74958 74952 74957 7973 210236 244135 7993 210235 7985 7992 
10 : 75197 75213 75205 75215 88632 88617 88636 210451 260218 210454 
10 : 75210 75200 75199 39188 152363 144624 39209 144615 39195 39194 
10 : 53327 75248 75241 75233 53345 53336 53328 225528 92616 92603 
10 : 75342 75340 75336 28937 260060 230716 28966 230712 28961 28952 
10 : 75520 75515 75517 75505 245385 247859 129619 245380 129613 129615 
10 : 75599 75601 75589 75581 261873 235692 122987 235693 122989 122979 
10 : 75614 75610 75607 75619 206643 106126 227395 106124 206650 106131 
10 : 75634 75630 75625 75635 223952 150904 244521 150896 223954 150906 
10 : 75936 75927 75930 75939 237476 255694 262214 237474 237480 255700 
10 : 33814 76343 62757 44206 33819 33813 33810 62762 44215 44204 
10 : 76704 76701 76706 76697 227359 259079 152085 227361 152078 152087 
10 : 23119 76734 13888 76730 23130 13883 23123 13901 132703 13893 
10 : 76759 76751 76762 76760 155107 223554 223553 155109 155108 230005 
10 : 76835 76836 76832 76838 230126 159208 230128 159215 258379 159222 
10 : 76859 76862 76870 76868 100476 100486 100482 121296 121292 175906 
10 : 77104 77115 77117 77111 173392 173394 173390 259503 245112 245116 
10 : 77113 77102 77114 77105 114010 248291 193557 114012 114001 193560 
10 : 77142 77152 77151 77143 162795 162789 162777 238086 168231 168226 
10 : 77148 13321 74474 77141 13337 74491 149853 13320 13329 74483 
10 : 77281 77294 77282 77279 161737 161727 153491 182421 153506 153493 
10 : 77387 77381 77378 77379 243090 179495 199725 179490 199719 179485 
10 : 77401 77392 77405 77389 175260 262281 155323 175264 155301 155328 
10 : 77460 77461 77451 77464 251417 164297 251420 164298 252564 164302 
10 : 77531 77533 77530 77525 251377 247949 211169 247950 211170 211168 
10 : 77534 77520 77523 77524 96825 172675 182525 96813 96816 172658 
10 : 24897 77551 77542 77544 24913 24901 24905 147971 186093 147959 
10 : 77557 77565 54489 77571 129444 54493 129449 54505 221810 54507 
10 : 77568 77558 77556 77575 140053 121406 238632 121389 140061 121416 
10 : 77652 77654 77645 77659 160623 111255 160630 111259 188586 111266 
10 : 77804 77801 77803 77807 139793 212452 216042 139791 139798 212454 
10 : 77829 77817 77821 77823 218335 240980 246227 218319 218324 240969 
10 : 63348 77906 77904 77920 63353 63350 63372 104590 119940 104616 
10 : 78119 78118 78116 78110 260546 254097 230598 254096 230596 230593 
10 : 78328 1293 9262 25310 1294 9263 25311 1285 1288 9256 
10 : 78468 78475 78470 78477 212189 212183 212190 232026 257766 232030 
10 : 78492 78489 78485 78486 253440 215810 219950 215802 219946 215790 
10 : 78723 78718 78722 78716 193323 259745 182447 193320 182433 182446 
10 : 78751 78752 78757 9098 186878 186886 9108 188425 9109 9121 
10 : 78985 79003 78988 78987 112532 112516 112515 128808 127825 127800 
10 : 78996 56290 78990 79000 56306 155828 199192 56298 56308 155836 
10 : 79008 79012 79020 79013 140495 140507 140497 183374 183363 196605 
10 : 79108 79119 79106 79109 174747 137639 174732 137663 178846 137640 
10 : 35950 34190 79256 79264 34187 35955 35962 34193 34205 143235 
10 : 79364 79378 79370 21709 85342 85328 21710 178301 21740 21719 
10 : 79533 79526 79531 79523 143891 204282 129154 143889 129143 129152 
10 : 79557 79539 79551 79554 148215 243559 257553 148210 148213 243556 
10 : 60741 56883 79651 32590 56882 60744 32589 56885 32587 32592 
10 : 79668 79658 79661 79663 107768 183219 212771 107749 107755 183205 
10 : 79693 79688 79672 79690 247994 119827 253894 119820 247988 119823 
10 : 79815 79819 79822 79824 173926 173928 173929 209496 209497 231722 
10 : 79932 79935 79938 79943 91415 91424 91430 181986 181995 242284 
10 : 80044 80041 80043 80048 87503 116162 154426 87499 87508 116164 
10 : 80182 80184 80179 80178 256148 213850 195968 213853 195975 195961 
10 : 80212 80206 80219 80210 144653 223551 208772 144661 144650 208784 
10 : 80224 80222 80230 15411 88187 113369 15416 88197 15413 15422 
10 : 80408 28292 80422 65272 28304 190240 65290 28316 28290 65309 
10 : 78601 80447 80437 80439 78620 78605 78608 112912 129515 112892 
10 : 75016 80579 20040 80599 75021 20039 75044 20043 106646 20064 
10 : 80629 80636 80625 80623 183806 114631 88959 114638 88964 88952 
10 : 80703 80705 80697 80700 257164 174146 235237 174149 235241 174141 
10 : 80869 80874 80881 80866 214249 214253 116694 241649 116698 116703 
10 : 81135 81124 81133 81130 214397 264268 263427 214394 214391 263422 
10 : 81379 81386 49536 81383 92056 49537 92054 49555 201709 49548 
10 : 81506 81524 81521 81516 87044 87040 87034 239791 205733 205729 
10 : 81651 23819 81645 81648 23850 235767 245276 23844 23846 235760 
10 : 81832 81830 81840 81841 107447 113865 113866 107461 107462 241210 
10 : 81846 81838 81836 81833 184710 154057 117113 154046 117092 117090 
10 : 47123 81909 81903 81901 47138 47130 47125 172502 95653 95636 
10 : 81923 81925 81919 81914 255892 235345 166082 235350 166087 166078 
10 : 82015 82007 81992 82013 256893 117957 260940 117952 256892 117955 
10 : 82023 82028 52072 82021 166327 52085 112833 52091 112846 52079 
10 : 82163 82172 64479 82170 203277 64488 203271 64507 247870 64500 
10 : 82173 82179 82188 82177 125922 125933 125919 174680 161160 161185 
10 : 82289 82296 82292 82297 174452 174442 174454 215797 242298 215799 
10 : 64432 82314 82319 82315 64434 64439 64435 104388 104385 107385 
10 : 82359 82358 82354 9361 257510 246315 9391 246310 9388 9385 
10 : 59328 82558 82565 82559 59334 59343 59335 171020 171006 176679 
10 : 82607 82605 82595 82600 252570 190951 213181 190948 213177 190937 
10 : 12551 34769 82686 82683 12546 12559 12554 34779 34773 130622 
10 : 82709 82698 82705 82711 136341 219142 243323 136336 136343 219148 
10 : 82784 82796 82793 82786 113748 113744 113730 259382 166088 166084 
10 : 82805 82809 82811 82817 106243 106245 106254 184263 184273 195911 
10 : 82935 82937 82944 82928 247007 247013 129196 252114 129198 129204 
10 : 26808 82959 82951 82963 26826 26815 26831 150563 239677 150571 
10 : 82971 28596 82966 82985 28606 99279 181440 28600 28622 99301 
10 : 83188 37286 83187 83185 37297 172177 110893 37296 37287 110891 
10 : 83319 83323 83325 83321 113014 113015 113009 209463 174952 174953 
10 : 83425 83418 83423 83422 94880 169945 160028 94876 94875 160023 
10 : 83681 45600 40076 83677 45627 40099 213786 40072 45617 40089 
10 : 83691 83699 83695 83688 237349 237344 167186 249298 167197 167189 
10 : 83714 83723 83722 83717 254565 254564 254560 264693 256265 256264 
10 : 83972 83968 83973 83970 197324 238717 221531 197328 197321 221536 
10 : 84117 58108 84126 84121 58118 141976 141968 58132 58124 167420 
10 : 84167 84161 84156 39494 225030 164109 39516 164104 39510 39500 
10 : 84373 84366 84364 16056 107811 100664 16079 100646 16063 16059 
10 : 84383 84387 84393 84376 156925 156931 110592 230872 110603 110613 
10 : 84508 84497 84502 40453 173911 195884 40484 173902 40461 40467 
10 : 84750 84757 47232 84753 132067 47237 132058 47252 193743 47245 
10 : 84761 84762 73003 84765 130452 73007 130453 73009 156953 73011 
10 : 52374 84792 84797 84791 52391 52396 52390 258123 251880 251882 
10 : 84802 84806 84807 84819 175206 175208 175218 191350 191360 196711 
10 : 84909 84916 84922 80497 124745 124750 80501 238235 80516 80523 
10 : 85042 85039 26060 79889 245921 26079 79912 26075 79909 26059 
10 : 85164 85155 85158 85157 138263 147044 146957 138256 138255 146945 
10 : 85411 85403 85402 85412 127200 124616 263041 124595 127205 124619 
10 : 48150 85467 85456 85458 48167 48161 48163 199952 230769 199948 
10 : 85679 85673 85688 85675 114872 199388 122064 114884 114868 122081 
10 : 85784 84177 56021 85791 84183 56026 118491 56020 84198 56046 
10 : 85826 85829 85822 85811 248373 223445 125657 223450 125664 125652 
10 : 85848 85850 85854 85855 239553 239555 239556 254182 254184 263788 
10 : 85862 85877 85865 85864 135651 135639 135638 146647 145507 145493 
10 : 33988 86164 86166 34833 33995 33999 33987 153077 34840 34846 
10 : 86202 86206 86205 77468 240552 240547 77488 250104 77495 77492 
10 : 86208 86213 86201 86196 260760 230404 200335 230406 200340 200322 
10 : 86315 38991 74859 86318 38996 74865 144465 38990 39005 74874 
10 : 86431 86425 86429 86432 128516 232856 259321 128512 128517 232858 
10 : 86436 86443 86449 71978 130783 130791 71981 224814 71991 72006 
10 : 83782 86476 86486 86482 83800 83812 83808 215788 215783 256845 
10 : 86563 86566 86559 86552 258962 242869 119240 242874 119245 119233 
10 : 86833 86836 86837 86834 165878 165880 165876 195353 180137 180138 
10 : 86881 86883 86879 86892 174177 136180 174194 136182 189376 136193 
10 : 87042 87041 87049 87045 242165 248072 248065 242174 242167 254631 
10 : 87108 87105 87099 87097 254284 147537 127949 147532 127939 127923 
10 : 87119 87114 87123 87117 143203 184532 170764 143212 143202 170775 
10 : 13852 87375 87377 87368 13870 13871 13855 223419 114407 114412 
10 : 87381 87379 87388 87382 122150 138743 138733 122159 122152 168008 
10 : 87655 87651 87633 87649 256307 92130 254945 92129 254941 92126 
10 : 87771 12578 4023 87763 12608 4059 198197 4018 12583 4031 
10 : 27216 61521 88031 88026 27213 27225 27217 61532 61523 127575 
10 : 88059 88057 88050 88053 254576 225526 230541 225523 230537 225516 
10 : 88126 35827 88129 88132 35838 196922 196926 35843 35850 228685 
10 : 73095 88162 88159 88164 73112 73108 73116 240154 255063 240157 
10 : 68858 88169 88173 88180 68861 68864 68875 123350 123364 166678 
10 : 88265 88275 88278 88261 173202 173206 131529 254733 131544 131551 
10 : 88272 88277 88267 88259 232945 212456 93806 212467 93819 93798 
10 : 88395 88383 73802 88396 150620 73833 264534 73810 150622 73836 
10 : 88531 20443 88529 88534 20449 129249 134699 20448 20455 129256 
10 : 88651 88662 32007 88656 186138 32018 186133 32034 228330 32026 
10 : 8696 71549 88669 88676 8695 8705 8708 71557 71562 191029 
10 : 77274 88897 88898 65274 77276 77278 65271 141395 65280 65283 
10 : 88907 88910 88901 88911 253880 178553 253882 178556 261470 178557 
10 : 89068 89054 34367 64883 152495 34390 64910 34372 64890 34363 
10 : 89178 89171 50796 89179 217527 50828 263248 50811 217528 50829 
10 : 89180 89166 89169 89176 142323 188820 263025 142311 142320 188814 
10 : 89281 89292 89291 89301 116982 116981 116992 199133 201310 199148 
10 : 89352 89361 27565 89354 207123 27580 207120 27588 213763 27582 
10 : 89387 89375 89369 60558 182591 134378 60581 134365 60567 60560 
10 : 89418 89409 89411 89407 191828 232095 152191 191820 152165 152173 
10 : 89450 89438 89449 89445 93337 248300 206069 93336 93330 206068 
10 : 26363 89531 89533 89527 26376 26377 26370 211794 155306 155310 
10 : 89524 89529 89532 12003 144428 144430 12009 185001 12019 12023 
10 : 89562 89573 89561 89567 178640 158580 178634 158597 243394 158590 
10 : 63155 89790 52932 89792 63159 52929 63161 52936 129909 52939 
10 : 89941 89952 3989 89953 180473 3993 180477 4008 259407 4010 
10 : 52042 90114 90101 90104 52066 52053 52059 203704 239436 203694 
10 : 90200 90195 90202 90199 229145 261866 259611 229146 229143 259614 
10 : 90747 90742 90740 90753 199293 179939 237180 179934 199307 179947 
10 : 90776 90795 90777 87317 104799 104778 87321 112984 87349 87322 
10 : 90885 90881 90889 90874 170765 186577 99421 170771 99419 99429 
10 : 91044 91053 83388 91060 108885 83389 108897 83403 216857 83415 
10 : 91123 91117 91125 82126 165999 247836 82152 166006 82143 82159 
10 : 91242 91243 48379 91240 236995 48403 231521 48404 231522 48401 
10 : 91250 36752 91239 32119 36775 202650 32148 36760 32117 32129 
10 : 25706 91407 91393 91406 25721 25707 25719 105942 256792 105939 
10 : 91498 9067 91496 9615 9082 219724 9632 9077 9058 9626 
10 : 91545 91552 47795 91535 245094 47809 107622 47818 107629 47797 
10 : 91564 91558 91553 91560 202278 129955 216923 129942 202269 129947 
10 : 91771 91787 91778 91773 165954 165943 165941 227628 194984 194965 
10 : 91915 91921 91928 91931 148346 148355 148356 205711 205712 256197 
10 : 91929 91920 91919 91932 197510 193764 256730 193752 197511 193765 
10 : 92024 92022 92023 92018 158204 164506 118323 158199 118317 118319 
10 : 19850 92045 44044 63067 19867 19844 19847 44065 63090 44041 
10 : 92170 92171 92169 57469 250204 244579 57492 244580 57493 57490 
10 : 92265 92267 92262 51083 242102 215779 51101 215782 51105 51094 
10 : 92563 92553 92558 69967 169213 211401 69996 169200 69974 69984 
10 : 92593 92580 92572 92585 211080 125307 244232 125293 211071 125297 
10 : 92643 92651 92658 92653 105114 105126 105118 184272 184265 201319 
10 : 92774 92776 92769 92770 159772 92795 126613 92798 126615 92791 
10 : 92877 27850 43029 31260 27856 43037 31267 27844 27843 31255 
10 : 93180 93182 93176 93175 240202 166310 166169 166314 166177 166159 
10 : 30067 93219 93227 93224 30069 30074 30071 94929 94924 152282 
10 : 93453 93466 93460 93452 115211 115205 109666 217070 109683 109677 
10 : 93572 93564 93571 93561 237880 264755 190346 237879 190333 190345 
10 : 72889 93724 65966 93731 72899 65964 72908 65981 222705 65988 
10 : 93823 93825 82879 93824 172056 82888 172054 82896 209129 82893 
10 : 93878 93879 93884 93881 105787 105795 105792 117666 117662 146444 
10 : 93885 68568 93882 93893 68573 157915 183736 68572 68585 157929 
10 : 93889 72212 93896 93892 72230 247325 247323 72235 72233 252612 
10 : 93966 93964 87792 93967 233161 87816 246377 87810 233168 87825 
10 : 50905 71859 94092 94101 50903 50907 50924 71861 71875 113208 
10 : 46384 94221 94226 94225 46388 46395 46394 171056 171055 234493 
10 : 94355 94352 94366 94362 171571 199612 199608 171586 171578 242882 
10 : 11759 94373 94374 94383 11768 11769 11780 145379 145393 154195 
10 : 94500 94498 94509 94515 149961 171376 171381 149972 149978 247440 
10 : 94591 94595 40678 83927 256099 40700 83951 40707 83957 40676 
10 : 94608 94605 94598 94604 236779 114798 198089 114793 198082 114789 
10 : 34333 94629 94621 94617 34351 34344 34341 201854 191773 191762 
10 : 94709 94708 94717 94713 167383 170360 170355 167396 167388 213670 
10 : 94740 77945 94729 94741 77963 201069 262739 77949 77964 201070 
10 : 94828 94830 94825 94829 237493 216651 237492 216654 237936 216652 
10 : 16288 94844 94840 94837 16302 16299 16298 234423 224685 224681 
10 : 94870 94883 94874 9363 118822 118815 9367 159287 9381 9372 
10 : 95117 95131 95128 95127 133748 133744 133741 248430 238041 238036 
10 : 90538 95144 95146 95142 90553 90555 90547 212950 178198 178201 
10 : 95176 95168 95160 95177 235638 194162 257146 194154 235642 194170 
10 : 95242 95253 63183 95245 107621 63185 107611 63203 126672 63191 
10 : 95250 95251 95254 95243 234533 234536 118188 238585 118191 118195 
10 : 95409 95396 95399 95408 109206 212431 258118 109200 109205 212430 
10 : 95423 95418 95431 75854 199114 226412 75873 199124 75866 75882 
10 : 95694 95696 46477 95693 168854 46483 160840 46484 160841 46480 
10 : 95798 95801 95802 95800 247293 247294 247290 264683 258438 258439 
10 : 95929 95920 95919 95928 145809 106070 249157 106049 145807 106068 
10 : 96064 96063 96071 96062 113318 140706 96284 113328 96279 96297 
10 : 96106 96114 96104 96105 191603 175904 178793 175916 178806 175903 
10 : 96194 19440 96197 7816 19445 213384 7829 19450 7810 7832 
10 : 96209 96218 96221 96208 197410 197411 166710 247390 166720 166728 
10 : 96224 96219 96217 96210 253482 240617 212959 240609 212957 212953 
10 : 43575 96271 96266 96264 43591 43583 43582 167284 158776 158761 
10 : 21195 96353 96346 96342 21205 21200 21196 165396 112848 112832 
10 : 96689 96699 96698 96690 132463 132461 132450 236333 139849 139848 
10 : 96837 96839 96836 20471 218867 192334 20482 192340 20486 20479 
10 : 96866 96854 96858 96856 142705 187943 167616 142696 142694 167605 
10 : 96888 96879 96887 96872 209397 257050 130076 209394 130063 130074 
10 : 96890 96895 96892 92444 107594 107589 92445 134107 92456 92449 
10 : 97002 67273 97001 96998 67295 252495 248695 67294 67293 248694 
10 : 97099 97100 44045 97102 229569 44055 229571 44056 236416 44057 
10 : 97114 97117 69255 97118 222618 69269 222619 69272 246286 69273 
10 : 97158 97163 97149 97155 247996 196548 227409 196560 227418 196546 
10 : 97225 97213 97215 97217 130723 154666 217475 130704 130711 154651 
10 : 85636 97231 87944 97226 85651 85635 85639 87959 105934 87946 
10 : 97372 97386 97378 97380 149744 149734 149736 229032 243892 229027 
10 : 97650 62201 97648 97654 62221 194953 224374 62215 62225 194957 
10 : 97739 97740 97752 97749 114970 114987 114983 156051 156045 246396 
10 : 97743 97753 57115 97754 186385 57121 186386 57135 262961 57137 
10 : 97785 97784 62790 97792 155001 62799 158034 62798 155014 62815 
10 : 10235 97862 97863 97865 10239 10240 10244 139621 139624 146635 
10 : 97963 97973 97979 97978 110778 110784 110783 259914 259913 264832 
10 : 98016 98001 98002 98007 122247 125630 190258 122236 122241 125615 
10 : 98018 98005 98012 98015 185047 229180 233233 185042 185044 229175 
10 : 98272 98277 98288 24553 197972 197981 24566 233554 24572 24581 
10 : 98276 98287 98265 98271 223228 99151 195513 99166 195523 99147 
10 : 98393 98384 98395 98383 175800 218906 175651 175807 175636 175654 
10 : 39444 98420 98414 98415 39465 39456 39457 233720 240288 233708 
10 : 98502 98493 93263 13419 164107 93279 13435 93267 13425 13418 
10 : 98846 98844 75442 98843 153016 75453 114430 75450 114423 75444 
10 : 98991 1176 98986 98989 1196 184664 204998 1187 1191 184657 
10 : 99222 19528 99229 99228 19532 144268 144267 19545 19544 231059 
10 : 99309 99308 99307 99310 217231 201206 237953 201202 217232 201208 
10 : 80643 74049 99383 78420 74044 80644 78418 74050 74043 78423 
10 : 99479 99480 6355 99473 189849 6363 128173 6365 128174 6360 
10 : 99697 99696 99692 99695 259886 219860 259139 219858 259138 219857 
10 : 99838 99831 19401 99835 199941 19434 259361 19412 199936 19427 
10 : 99840 99844 99849 65676 108565 108569 65677 247105 65697 65706 
10 : 94371 99857 73179 135 94376 73178 134 73191 144 130 
10 : 39018 99982 99985 99980 39023 39027 39021 163116 160124 160129 
10 : 100074 74987 100069 100077 75000 103522 195041 74988 75007 103530 
10 : 100118 100115 36034 100101 249401 36059 133529 36055 133527 36039 
10 : 100197 100205 100199 100204 150508 150499 150505 180620 233620 180617 
10 : 100212 100215 100221 100210 190689 190694 131192 200898 131193 131200 
10 : 100224 59583 100223 100208 59606 238495 123074 59605 59588 123073 
10 : 100257 10842 100266 8928 10848 193628 8940 10859 8923 8953 
10 : 100474 9715 100465 100466 9739 154086 162843 9720 9722 154062 
10 : 100495 100475 100478 100487 105683 137951 207009 105667 105675 137941 
10 : 100584 100585 100576 100572 234565 166593 108119 166595 108121 108103 
10 : 96361 100588 100601 100592 96363 96377 96366 106721 106712 146250 
10 : 100591 100594 68418 76360 141182 68421 76363 68429 76372 68417 
10 : 100618 89459 100629 100614 89472 237262 204505 89486 89467 204522 
10 : 81829 100631 100636 100641 81834 81837 81844 119613 119619 154914 
10 : 100643 100632 100642 12447 125304 258289 12473 125301 12450 12471 
10 : 100703 100705 84696 100702 145764 84700 123877 84711 123892 84699 
10 : 100708 27375 40366 100704 27393 40396 235846 27372 27387 40386 
10 : 100719 100730 100726 100731 191643 191638 191644 250636 264341 250637 
10 : 100723 100732 100729 100716 229278 229275 165267 264142 165290 165282 
10 : 101027 101026 70504 101024 241071 70525 235839 70522 235836 70520 
10 : 101231 6357 101221 101229 6378 130268 263235 6361 6377 130267 
10 : 101344 101347 101351 101346 107820 107832 107819 146018 132604 132614 
10 : 101370 101368 101360 101365 262862 205358 256357 205357 256353 205353 
10 : 101475 101473 25170 101469 245582 25189 206028 25181 206020 25179 
10 : 38413 101493 101490 101495 38422 38415 38425 154687 220871 154692 
10 : 101496 101494 101492 89752 239158 176625 89777 176623 89771 89761 
10 : 71014 101603 101598 89593 71030 71020 71013 165884 89612 89599 
10 : 101630 101646 101640 101641 112012 112003 112004 247784 248654 247773 
10 : 2545 101712 101725 101711 2551 2562 2547 151960 126294 126307 
10 : 101841 101850 101844 3560 119912 119904 3563 160683 3588 3569 
10 : 101862 101863 101864 15896 236182 236184 15916 248836 15917 15920 
10 : 101889 101894 101883 101888 217064 195904 213428 195916 213438 195903 
10 : 101963 101970 101973 101977 120273 120276 120289 207423 207431 223521 
10 : 101990 101996 101982 101995 211757 164778 211754 164788 241315 164784 
10 : 101993 101987 101991 92472 196144 216632 92491 196138 92484 92487 
10 : 102086 102081 102083 102085 185148 241745 249808 185141 185146 241742 
10 : 102089 102093 102096 102090 126483 126491 126479 193911 130031 130040 
10 : 102226 102218 102229 102222 221258 250430 233688 221262 221253 233696 
10 : 102237 102234 96805 102243 108080 96808 124564 96806 108086 96818 
10 : 102342 72017 22702 102334 72025 22725 151155 22699 72019 22710 
10 : 102617 102622 102623 102614 235300 235301 189977 264247 189989 189990 
10 : 80328 102746 95991 102753 80340 80327 80347 96007 222642 96019 
10 : 49506 102872 102868 102863 49531 49524 49517 251147 218816 218811 
10 : 102862 102861 102858 102866 192081 115274 202202 115273 192089 115284 
10 : 102878 102880 102890 102882 158083 158091 158089 186128 186121 231470 
10 : 10877 18811 103023 103012 10870 10895 10882 18830 18818 168910 
10 : 57398 29201 103115 89623 29199 57405 57396 29209 29200 89636 
10 : 103388 103385 103380 103394 218441 124070 230170 124067 218454 124083 
10 : 103749 103757 103752 103761 174802 174796 174807 183677 237710 183689 
10 : 103863 103857 103871 57889 118415 212994 57900 118426 57892 57918 
10 : 34334 103963 103960 79445 34352 34338 34330 170040 79462 79449 
10 : 104064 104067 74103 5548 111734 74104 5549 74111 5564 5545 
10 : 104230 104210 104212 104213 157396 165208 194563 157377 157381 165194 
10 : 104377 1052 104371 104379 1072 213749 245340 1063 1074 213754 
10 : 104431 104425 104421 104433 223810 210881 254796 210875 223812 210883 
10 : 104436 42883 104442 104440 42884 117072 117070 42893 42891 216562 
10 : 87516 104586 27376 22431 87538 27374 22429 27403 22462 22425 
10 : 104587 104584 16736 104579 252034 16757 150599 16752 150586 16739 
10 : 55179 104930 87794 104935 55184 55177 55192 87801 194159 87814 
10 : 95155 104929 104932 104928 95158 95163 95156 140645 120293 120301 
10 : 104953 104944 104940 104951 156027 120450 256627 120425 156025 120443 
10 : 83332 32809 105078 105079 32805 83342 83344 32825 32828 234586 
10 : 105219 105224 105225 105230 203431 203433 203436 242797 242803 247103 
10 : 105241 105244 105235 105245 194627 130255 194631 130260 234792 130265 
10 : 105277 105295 105282 105280 163195 163180 163179 218793 196647 196631 
10 : 105470 105479 105481 105486 188002 188003 188007 235181 235197 236738 
10 : 105612 105620 105621 105605 232243 232245 131881 264624 131895 131896 
10 : 105711 105698 105709 105697 140391 261113 139972 140389 139944 139970 
10 : 105838 105837 105830 105831 239300 131043 196209 131038 196205 131032 
10 : 105974 105978 105966 105972 263337 218144 257292 218149 257295 218142 
10 : 106080 106088 44391 106087 203423 44403 203417 44414 231888 44411 
10 : 106244 106246 106257 106253 187422 187432 187429 199070 199067 244833 
10 : 106434 106441 106431 106442 199351 161706 199353 161712 241241 161713 
10 : 106465 104154 106466 106469 104164 182323 182330 104165 104171 191653 
10 : 106556 106549 106551 106548 156961 199698 150487 156956 150473 150477 
10 : 1479 94545 106578 66246 1476 1498 1474 94572 66244 66277 
10 : 106570 106568 64614 106562 186405 64631 132412 64621 132406 64615 
10 : 106699 106691 53378 106705 132146 53390 190036 53381 132151 53398 
10 : 106703 106702 106695 106704 214041 158030 218096 158029 214044 158033 
10 : 107043 107048 107040 82069 178344 121743 82075 121757 82091 82070 
10 : 107075 107072 107073 107071 227777 238034 226703 227775 226699 226701 
10 : 107090 107086 104617 107081 207196 104638 133306 104634 133300 104621 
10 : 104687 107180 107172 85349 104694 104690 85347 201371 85362 85356 
10 : 69733 107290 107289 107292 69738 69737 69742 193966 197315 193981 
10 : 107564 107568 107570 107572 111386 111387 111395 146190 146191 161239 
10 : 107583 107579 12520 107575 250166 12543 228154 12534 228146 12531 
10 : 107590 74717 107606 107600 74721 134303 134297 74739 74729 239388 
10 : 107792 107796 107793 107795 236953 236942 236952 236989 264440 236988 
10 : 107977 107966 16064 107964 233170 16086 229321 16075 229304 16073 
10 : 108012 108019 108007 108015 235088 112587 235080 112598 250822 112590 
10 : 108148 22378 108157 70927 22386 163890 70933 22397 22376 70953 
10 : 108169 108177 108163 108167 249065 201784 240418 201788 240428 201779 
10 : 108413 108419 108418 108411 157926 157922 134885 244112 134902 134897 
10 : 77924 108532 88089 108536 77932 77922 77941 88107 232906 88118 
10 : 108674 108671 108673 108670 154221 205285 130280 154220 130273 130279 
10 : 109014 109021 109015 109017 124979 124971 124973 131990 146769 131979 
10 : 109139 109144 109137 107130 260100 259016 107147 259020 107152 107145 
10 : 109271 109266 109278 109262 170213 207354 111180 170218 111176 111194 
10 : 109289 109292 109294 109297 239550 239552 239554 245806 245810 254122 
10 : 9034 109393 109389 109399 9052 9045 9057 218668 253469 218673 
10 : 109382 109385 109391 18142 137485 137496 18145 166147 18148 18161 
10 : 109404 109402 109407 109415 135421 166204 166213 135426 135438 182507 
10 : 109629 109633 108757 109635 217378 108773 217379 108781 253259 108783 
10 : 109729 109720 109721 109727 115027 136560 246590 115011 115024 136557 
10 : 3650 82745 109762 82512 3649 3651 3648 82750 82510 82520 
10 : 109992 109997 109994 109998 124761 124753 124762 187833 215278 187834 
10 : 110030 83461 97814 110035 83469 97826 195466 83460 83476 97833 
10 : 110136 110148 110146 95009 234967 234964 95024 259508 95038 95035 
10 : 110263 74219 110258 110260 74236 239215 245422 74231 74233 239211 
10 : 110294 110307 110296 110293 174534 174522 166768 199374 166785 166771 
10 : 110749 110756 110746 110757 150858 130838 150859 130852 232194 130854 
10 : 110856 110869 110860 110855 227024 227019 226739 244297 226757 226743 
10 : 110965 110969 110968 25789 206475 206473 25802 244598 25814 25808 
10 : 110989 111000 110997 111001 190126 190123 190127 262619 264429 262620 
10 : 991 111125 111108 111109 1014 994 997 125308 146579 125286 
10 : 111226 111227 111217 111231 229972 146564 229977 146565 230881 146573 
10 : 111358 111352 111354 111357 238712 247896 261643 238710 238711 247895 
10 : 71116 2627 111445 111442 2620 71126 71119 2638 2629 116691 
10 : 111465 111454 111455 61552 132284 196302 61576 132269 61554 61560 
10 : 111477 111478 111469 58307 249348 184360 58328 184364 58332 58314 
10 : 111571 111568 111583 82882 120350 169085 82887 120370 82884 82911 
10 : 111577 111572 111575 111580 182712 221351 230267 182710 182722 221359 
10 : 111683 111690 111688 111689 115751 115742 115748 229250 255950 229246 
10 : 111706 45183 111712 111722 45184 129273 129289 45191 45206 189326 
10 : 111811 111812 67341 111817 183622 67347 183632 67356 234128 67367 
10 : 111813 111814 111809 111816 247789 139251 247792 139253 254867 139257 
10 : 15484 111934 111936 111942 15485 15487 15499 173692 173704 176532 
10 : 112245 67454 1390 112237 67474 1408 221414 1382 67466 1399 
10 : 34174 94372 87948 112304 34171 34170 34184 87943 94384 87966 
10 : 112411 65117 112417 112412 65127 198863 198858 65135 65128 230075 
10 : 35226 112454 112445 112447 35247 35237 35239 238137 244646 238123 
10 : 112669 112668 64207 112670 210204 64221 225975 64218 210205 64222 
10 : 41992 112762 112764 112760 41998 42001 41993 199705 150892 150899 
10 : 22736 112995 112991 112992 22747 22741 22743 162031 180413 162020 
10 : 7058 71834 23481 59728 7054 7049 7053 23479 59727 23477 
10 : 113170 90700 38615 113182 90704 38621 151758 38613 90717 38637 
10 : 113275 113281 4749 113270 206282 4760 153428 4765 153438 4753 
10 : 59823 113407 113391 113390 59844 59831 59830 163000 161847 161825 
10 : 113480 113486 113490 113477 209177 209185 177605 252585 177615 177624 
10 : 113505 113515 113438 113513 124347 113440 124345 113450 175544 113447 
10 : 102892 113693 113698 113697 102895 102905 102904 184115 184114 235942 
10 : 113694 113700 64854 113706 190120 64859 190125 64867 256839 64878 
10 : 113836 92284 113839 113845 92286 149605 149613 92289 92298 178599 
10 : 73397 61611 113965 113968 61608 73403 73407 61617 61620 164267 
10 : 60896 114240 114237 114239 60916 60911 60912 234090 243489 234084 
10 : 114226 114235 114224 66388 148098 122513 66393 122528 66410 66389 
10 : 58637 114339 114347 21105 58639 58652 21095 169300 21113 21128 
10 : 63858 58033 114459 114457 58024 63867 63861 58039 58034 149754 
10 : 10082 74766 114565 114571 10077 10088 10100 74772 74786 163141 
10 : 114579 114577 114587 114578 205572 213756 212818 205590 205571 212839 
10 : 2883 114696 114692 114707 2887 2884 2900 116553 136186 116565 
10 : 114699 114712 114709 114700 189374 189371 189363 246833 197043 197037 
10 : 86139 114722 114718 17283 86147 86142 17282 166340 17294 17290 
10 : 27511 46297 114818 114808 27509 27533 27517 46321 46302 155838 
10 : 39472 63012 114849 114851 39467 39474 39476 63016 63019 175520 
10 : 18436 114939 114942 114946 18442 18444 18447 201077 201084 232482 
10 : 114971 114979 114977 114980 185815 185812 185816 216433 221499 216434 
10 : 115084 1054 115086 115087 1059 177216 177219 1061 1064 195756 
10 : 115298 115312 115303 115301 148513 148505 148503 183590 178939 178923 
10 : 115323 91409 115321 115329 91422 193317 213407 91417 91426 193322 
10 : 91024 115375 115370 115371 91042 91036 91039 244186 259560 244183 
10 : 115429 115422 115424 115428 140274 178822 259199 140260 140271 178820 
10 : 115439 115438 115436 115440 195021 164984 201805 164983 195022 164985 
10 : 115466 115469 115470 115468 260904 260906 260903 263099 262221 262225 
10 : 115666 50880 115658 112601 50900 220938 112627 50890 50879 112613 
10 : 101875 115685 115677 115679 101896 101884 101887 202391 207074 202380 
10 : 115672 69829 35890 115681 69834 35895 178171 35887 69844 35908 
10 : 115683 115668 115676 115680 116459 201323 213437 116447 116450 201315 
10 : 73398 115790 115788 115784 73410 73409 73402 236084 163426 163421 
10 : 115797 115807 99889 115799 122489 99890 122476 99917 181297 99896 
10 : 115809 115805 115808 115802 245633 260395 233580 245630 233569 233576 
10 : 116287 116278 116275 116285 162536 132713 235691 132695 162528 132709 
10 : 56815 116291 116293 116300 56818 56822 56828 168786 168791 196453 
10 : 116490 74073 116487 116479 74096 248899 133201 74092 74075 133194 
10 : 116608 116610 116606 116604 147316 133509 129144 133512 129147 129142 
10 : 116620 116622 116613 116605 260476 205396 130951 205398 130955 130941 
10 : 116965 72508 116973 116975 72517 237916 237919 72529 72534 262143 
10 : 110785 39288 84084 117052 39286 84082 110791 39285 39294 84091 
10 : 117153 113896 117151 23179 113906 184898 23189 113903 23178 23185 
10 : 117490 12726 87152 46331 12729 87161 46340 12722 12718 46326 
10 : 117515 117513 109547 117517 211565 109559 234825 109554 211570 109563 
10 : 78340 117752 117754 117749 78347 78349 78343 210947 153403 153406 
10 : 117779 117765 117767 117772 198137 226298 237945 198120 198125 226286 
10 : 117847 21862 64584 117848 21875 64594 229070 21859 21876 64596 
10 : 117879 117888 117886 117877 235067 235066 199857 264430 199874 199872 
10 : 117894 95133 117900 117904 95140 162673 162676 95149 95153 240614 
10 : 117985 117973 95577 117975 166901 95592 201392 95582 166892 95584 
10 : 103986 118113 118116 118109 103995 104000 103993 231451 214173 214178 
10 : 118460 118461 118465 5443 183922 183931 5456 193466 5458 5473 
10 : 118463 118456 118459 118457 157950 181200 166079 157939 157935 166068 
10 : 118519 118525 118517 118518 210055 170503 189381 170513 189396 170501 
10 : 118596 118599 118597 118609 162374 162371 162384 168513 197253 168526 
10 : 4246 119038 119028 119036 4261 4252 4257 194459 237983 194455 
10 : 119151 119147 54768 119154 199031 54783 233114 54773 199038 54792 
10 : 76605 119165 119170 119167 76618 76627 76625 237576 237571 257556 
10 : 22998 119253 119259 43939 23009 23013 22991 216010 43955 43960 
10 : 119368 119367 119374 119380 162801 201881 201891 162807 162817 223579 
10 : 119385 119386 119382 119393 199518 125851 199524 125857 224922 125868 
10 : 119498 119492 119497 119494 165756 217207 182950 165755 165751 182948 
10 : 119622 92571 119618 119620 92590 248970 258286 92586 92589 248969 
10 : 92694 119637 119646 119649 92695 92711 92715 134221 134224 243753 
10 : 119748 119739 119740 119745 173110 195736 243491 173099 173106 195729 
10 : 57714 119872 119877 119880 57725 57737 57738 227130 227132 259616 
10 : 119876 119879 119869 119874 258772 198326 249041 198327 249043 198324 
10 : 119977 119975 119972 44358 244038 133280 44376 133277 44371 44359 
10 : 119991 119997 9368 55368 247801 9386 55393 9394 55399 9360 
10 : 120015 120001 120009 103782 160121 245020 103810 160117 103789 103801 
10 : 120115 120119 48548 120121 194444 48555 194446 48563 244796 48567 
10 : 120120 25608 120118 120113 25627 244171 170886 25624 25610 170884 
10 : 96986 120214 120210 120209 96993 96991 96990 173308 148319 148313 
10 : 120219 120211 120218 120222 183273 257280 257505 183272 183278 257287 
10 : 120225 120230 30538 120227 183117 30544 183111 30551 210812 30548 
10 : 120454 56733 120458 120464 56737 171299 171306 56741 56748 217332 
10 : 120567 120568 49680 120561 260830 49694 241838 49695 241839 49692 
10 : 120726 120724 120720 120725 243652 190716 245977 190712 243650 190714 
10 : 120871 120876 120874 120880 122495 122494 122497 144814 164293 144822 
10 : 120959 120972 120963 120961 151557 151550 151549 213673 200957 200940 
10 : 120984 120992 120991 120993 236701 236700 236703 260723 261979 260724 
10 : 18881 27567 121083 121089 18872 18888 18894 27581 27591 210044 
10 : 121172 121178 117119 61407 205407 117132 61423 117144 61441 61406 
10 : 74691 121194 50764 121190 74704 50760 74700 50784 226181 50779 
10 : 3498 121564 120795 90831 3509 3497 3494 120818 90853 90830 
10 : 64136 91643 121706 31540 64132 64144 31536 91654 31538 31553 
10 : 121723 121733 121734 121728 232661 232662 232655 264237 251258 251259 
10 : 121821 121811 116434 121826 124507 116451 217059 116437 124513 116456 
10 : 121825 121824 121819 121813 239773 199066 150065 199065 150063 150055 
10 : 121893 121903 121894 78424 136132 136112 78426 144311 78445 78427 
10 : 122029 122026 79865 122023 252357 79883 249488 79881 249484 79879 
10 : 122127 27882 67482 75983 27902 67509 76009 27878 27880 67481 
10 : 22228 17814 101565 122225 17808 22227 22231 17813 17817 101567 
10 : 122591 103661 122588 122580 103686 230543 122683 103675 103662 122671 
10 : 122604 122600 122597 114420 235113 209490 114452 209483 114446 114436 
10 : 122728 122718 122720 122729 216723 231500 254005 216714 216725 231502 
10 : 122832 13353 122820 122831 13374 195452 253522 13364 13371 195448 
10 : 82316 122841 122839 99517 82328 82327 82313 242355 99534 99533 
10 : 122854 122852 122850 122865 146713 135900 187141 135897 146727 135916 
10 : 122916 93142 122908 122913 93162 133400 200014 93143 93151 133387 
10 : 64934 122927 122924 122931 64940 64938 64944 224564 235061 224568 
10 : 121792 80920 123021 57331 80919 121795 57330 80922 57329 57335 
10 : 123034 123043 123042 60699 175396 175395 60707 263829 60728 60727 
10 : 123136 123150 123149 123148 126515 126512 126511 252239 247470 247466 
10 : 123292 123294 123284 123289 249350 165568 228741 165576 228746 165566 
10 : 88170 97035 123385 26402 88166 88177 26397 97043 26400 26411 
10 : 123499 123493 123498 27568 182143 256807 27593 182139 27574 27590 
10 : 123523 35357 123531 123530 35372 252994 252993 35381 35379 264501 
10 : 123593 123588 123592 123599 125365 193650 196511 125363 125375 193661 
10 : 123754 123761 123750 123749 248503 220750 208436 220756 208442 208431 
10 : 123858 123863 123852 123861 232447 207350 232446 207357 261435 207356 
10 : 123942 123934 123941 123940 149951 258161 255549 149947 149944 255544 
10 : 123962 123966 63190 123970 204556 63198 204562 63201 234539 63207 
10 : 123982 119674 93244 123986 119691 93256 243277 93242 119699 93260 
10 : 124057 124061 35556 124058 234338 35580 234336 35587 243488 35582 
10 : 124339 124331 124325 100877 218405 142727 100907 142716 100893 100880 
10 : 124350 124352 55624 124358 212905 55634 212914 55636 227008 55649 
10 : 124416 124425 101673 42918 182559 101676 42926 101693 42939 42914 
10 : 124438 124428 124432 124434 143687 192372 207792 143673 143676 192360 
10 : 80188 124760 124752 124763 80194 80193 80195 186880 205621 186883 
10 : 53501 124789 124788 124777 53519 53518 53507 257481 181581 181580 
10 : 124896 102054 124890 124903 102068 167902 244763 102061 102074 167912 
10 : 124968 124961 91667 124969 126377 91692 264080 91668 126378 91693 
10 : 125145 125129 125128 125131 148627 137950 157707 137934 148610 137935 
10 : 9690 125207 125199 90412 9703 9693 9688 187261 90437 90418 
10 : 125221 125215 125213 125220 190301 144828 250730 144817 190300 144825 
10 : 125335 125337 125325 125324 246481 150812 149473 150815 149476 149464 
10 : 125351 12553 125350 59170 12563 225261 59182 12560 12549 59178 
10 : 125670 67276 125676 125671 67284 190522 190513 67300 67286 226771 
10 : 125675 125677 125668 76935 262787 173320 76966 173322 76969 76940 
10 : 125704 125703 125696 19874 258815 231057 19906 231056 19903 19891 
10 : 125782 125793 125792 125780 190208 190207 174948 264843 174965 174964 
10 : 53530 24820 125804 125798 24812 53545 53533 24836 24824 146457 
10 : 125905 117572 125900 124816 117594 171083 124846 117575 117571 124820 
10 : 125909 103636 77323 125913 103642 77334 206202 77319 103655 77344 
10 : 126161 38741 126166 126162 38742 129894 129892 38746 38743 166229 
10 : 116976 126235 126233 69440 116993 116990 69439 262421 69468 69464 
10 : 68157 126257 51224 126252 68169 51221 68163 51243 188016 51232 
10 : 126397 126390 48638 126396 245103 48666 258848 48659 245100 48664 
10 : 126456 126454 126460 126457 144425 177865 177862 144431 144429 203530 
10 : 126513 126506 126499 126514 208990 186352 264519 186340 208991 186353 
10 : 126640 126643 126638 126646 214431 178888 214435 178891 226032 178898 
10 : 126685 126682 52220 98421 171615 52234 98439 52228 98429 52219 
10 : 29584 126825 126829 126819 29602 29607 29597 248453 221154 221161 
10 : 126832 126831 126822 126815 263270 244094 149771 244092 149769 149758 
10 : 126916 126923 126926 126920 224244 224246 224243 252538 242329 242332 
10 : 95494 110219 110558 57626 95491 95492 57623 110218 57624 57625 
10 : 126934 126936 126931 126942 211916 176762 211924 176763 221001 176777 
10 : 127053 127056 127042 127059 254058 147910 254061 147913 262050 147917 
10 : 127154 127158 63072 127159 207766 63079 207768 63082 237780 63084 
10 : 10619 33190 127261 127262 10614 10632 10634 33211 33212 255070 
10 : 127381 88664 127375 127376 88677 144736 145369 88665 88666 144726 
10 : 127387 127384 126879 127379 261754 126909 231419 126905 231414 126893 
10 : 127496 127492 127485 127489 253732 139603 232193 139597 232185 139589 
10 : 127514 15393 118747 127512 15398 118759 142165 15389 15394 118750 
10 : 16882 127613 127609 127608 16895 16892 16891 205442 204510 204499 
10 : 127735 127739 127732 86665 237877 211830 86683 211840 86691 86676 
10 : 127791 82747 17124 17901 82760 17137 17918 17115 17893 17109 
10 : 99996 96344 127861 127865 96341 100001 100008 96350 96356 226499 
10 : 28852 127959 127957 105386 28865 28864 28851 232883 105399 105398 
10 : 128204 128205 128211 12006 227750 227756 12028 245935 12032 12041 
10 : 124641 128216 99546 128219 124649 99545 124651 99558 225046 99569 
10 : 128318 128330 128328 128331 192510 192507 192511 258678 263574 258679 
10 : 128454 128445 128452 128449 230586 262094 248895 230584 230580 248891 
10 : 53329 128528 128529 28941 53342 53346 28935 263081 28963 28967 
10 : 112647 128532 128534 128531 112650 112653 112649 155482 151771 151773 
10 : 128549 128545 50342 128554 147542 50348 204009 50344 147550 50355 
10 : 128553 128544 128546 128555 136598 165674 247752 136590 136599 165676 
10 : 128651 128654 128647 1220 186562 164387 1229 164398 1242 1224 
10 : 128667 128666 15248 128673 202078 15263 249111 15258 202083 15269 
10 : 72752 128695 128675 128686 72773 72755 72765 142726 231245 142721 
10 : 37413 123435 128773 128780 37412 37417 37424 123438 123443 156113 
10 : 128848 128849 128851 128852 243965 243969 243970 254528 254529 263485 
10 : 84378 128861 128856 137 84392 84386 131 211760 165 148 
10 : 128854 87182 128853 128863 87186 145381 158651 87185 87201 145394 
10 : 11572 128956 60673 128950 11576 11567 11574 60684 139712 60674 
10 : 129116 129102 129106 129105 131155 192900 188025 131139 131138 188011 
10 : 115903 129213 129207 4819 115914 115904 4818 138491 4846 4823 
10 : 129224 129219 129230 129220 166776 231917 182605 166789 166769 182618 
10 : 129373 129370 127338 129368 263272 127364 256721 127360 256718 127355 
10 : 29447 129430 129427 129431 29453 29451 29455 183382 211001 183385 
10 : 74946 28721 43620 129628 28718 43617 74955 28717 28731 43634 
10 : 129661 129654 29669 129652 193063 29688 165594 29678 165581 29673 
10 : 120605 68185 129865 12451 68183 120619 12449 68209 12442 12472 
10 : 129881 129885 129888 4783 192965 192967 4790 250375 4800 4803 
10 : 81690 129967 129965 129968 81705 81701 81708 229242 248803 229247 
10 : 129970 101244 129978 129971 101245 138134 138123 101255 101247 170253 
10 : 130104 121935 130101 130099 121952 229988 204660 121943 121941 204651 
10 : 57717 130109 130114 129172 57718 57722 57715 136741 129174 129185 
10 : 33165 130207 127426 61410 33174 33164 33159 127440 61430 61409 
10 : 130216 130228 127689 130217 187511 127694 187503 127711 213037 127698 
10 : 130416 130412 34083 7705 132264 34106 7724 34084 7706 7697 
10 : 130433 130418 130423 130426 161215 210171 242238 161203 161207 210161 
10 : 130540 93081 130534 130529 93104 223831 194340 93093 93088 194323 
10 : 73373 130582 130580 1180 73393 73391 1174 263544 1206 1204 
10 : 130672 119419 130681 130671 119424 186482 177829 119443 119422 177844 
10 : 130759 130760 130750 130753 262487 162999 204596 163001 204598 162985 
10 : 82190 5222 103071 130896 5217 82189 82193 5219 5225 103079 
10 : 6467 99492 8479 131000 6466 6464 6472 8477 99502 8486 
10 : 131076 102276 131088 131092 102277 142505 142509 102291 102293 235287 
10 : 131128 131120 131119 131127 154749 154405 245107 154385 154748 154404 
10 : 131252 131259 5728 83391 147635 5732 83395 5742 83410 5725 
10 : 69768 131317 131312 131309 69789 69781 69774 249272 226374 226366 
10 : 72827 131321 131328 131319 72833 72838 72830 230256 160230 160242 
10 : 12523 131433 131441 79866 12527 12541 12518 169282 79869 79886 
10 : 23581 131594 131587 131593 23596 23589 23595 250354 261512 250353 
10 : 131688 129269 131693 131690 129270 132233 132231 129277 129271 139812 
10 : 131692 86982 45185 131695 86985 45188 160834 45182 86997 45199 
10 : 131813 131811 131817 131818 158787 189566 189568 158796 158799 260853 
10 : 131858 131866 131851 131850 233177 160781 160233 160789 160240 160222 
10 : 131907 131901 131904 131903 204222 233981 230202 204216 204215 230187 
10 : 132005 132007 132010 65937 218243 218245 65950 250924 65955 65958 
10 : 132050 34639 132040 132043 34661 201324 207072 34648 34651 201313 
10 : 10977 120997 132168 84467 10975 10986 10973 121005 84462 84483 
10 : 132169 102380 132176 4820 102391 239205 4838 102397 4816 4847 
10 : 132208 20916 132215 132207 20921 183444 154577 20938 20918 154602 
10 : 132286 1997 11323 132274 2014 11349 227268 1982 2006 11337 
10 : 64137 132319 132328 132321 64139 64149 64143 170574 170569 192003 
10 : 132322 132327 132326 132324 215477 215472 215468 247030 238358 238353 
10 : 132335 132338 132332 132339 236619 230056 236620 230058 250066 230059 
10 : 47623 132363 132373 113774 47630 47639 47618 208352 113784 113795 
10 : 132387 16499 132396 132391 16510 237399 237398 16518 16515 261439 
10 : 51452 132431 132433 132430 51467 51471 51466 258965 250686 250688 
10 : 132466 132458 132470 116874 224443 259115 116896 224447 116888 116898 
10 : 132496 132495 25274 132492 168767 25281 157824 25280 157822 25277 
10 : 132558 34675 132554 2472 34687 217245 2493 34684 2468 2487 
10 : 96026 124596 132776 132770 96025 96048 96039 124615 124604 223157 
10 : 132882 132885 1394 132886 247361 1405 247362 1412 262524 1414 
10 : 131005 132890 132892 11362 131013 131015 11361 235623 11375 11378 
10 : 87893 97938 132923 132917 87892 87909 87896 97952 97943 167280 
10 : 133003 133006 133005 3102 226102 226101 3110 250392 3115 3113 
10 : 98788 133026 133042 133041 98798 98812 98809 192736 192734 262758 
10 : 133036 133034 133024 133032 232115 178834 226829 178833 226826 178831 
10 : 32691 133318 133321 133319 32694 32704 32702 174741 174739 219078 
10 : 31351 133344 133352 133354 31359 31368 31369 186307 186309 254868 
10 : 128720 133451 121739 129598 128732 121737 128719 121753 129616 121738 
10 : 133463 133462 133456 133471 212393 160852 219230 160851 212406 160866 
10 : 132053 133573 11974 133569 132069 11973 132060 11992 215598 11982 
10 : 133585 133580 11288 113801 192730 11308 113819 11297 113808 11286 
10 : 14178 133619 132623 133618 14191 14177 14189 132644 228324 132642 
10 : 133709 133705 133699 133698 243463 233409 230145 233403 230139 230133 
10 : 133725 133723 133727 133717 247421 257528 227899 247424 227898 227903 
10 : 133828 133825 133824 133831 143167 140424 164460 140421 143174 140429 
10 : 37615 133876 133870 133856 37638 37632 37619 254629 187195 187187 
10 : 106001 127524 133923 133915 106000 106010 106004 127534 127525 165699 
10 : 133919 133925 109784 133916 204182 109795 186081 109803 186096 109792 
10 : 133929 133936 133935 14219 195861 195859 14223 255575 14238 14237 
10 : 115572 40014 134014 7675 40012 115574 7672 40019 7659 7679 
10 : 134047 134050 134048 134041 255454 255453 176911 260311 176919 176916 
10 : 134135 134131 134141 131600 141398 190860 131615 141415 131602 131627 
10 : 34739 56296 134246 134251 34737 34749 34754 56305 56309 186478 
10 : 134259 134256 134258 134267 138927 173965 201962 138922 138940 173980 
10 : 134266 134257 134260 50765 141111 211473 50791 141098 50766 50775 
10 : 134298 134295 134293 40041 224574 201242 40060 201236 40056 40052 
10 : 134345 134343 134354 134353 144475 160836 160829 144491 144481 208555 
10 : 134401 134420 134403 84051 166786 166770 84052 192454 84079 84055 
10 : 134460 67579 84961 115625 67583 84971 115631 67574 67577 84957 
10 : 134491 38444 110883 93788 38464 110908 93818 38440 38438 93785 
10 : 71471 134572 134568 134580 71479 71472 71496 142355 199960 142371 
10 : 134581 134569 134574 25638 143374 223454 25667 143362 25640 25654 
10 : 134596 134602 134607 134597 203885 203889 203881 249691 207425 207432 
10 : 134710 63860 134711 63885 63868 231087 63895 63869 63853 63896 
10 : 134719 134721 134718 133853 255654 252826 133871 252828 133873 133868 
10 : 3525 134734 134733 132245 3538 3536 3524 216444 132256 132255 
10 : 134798 134795 90571 134797 251552 90591 263324 90582 251551 90590 
10 : 135053 135045 45748 135050 227241 45775 242510 45763 227239 45771 
10 : 127665 92450 135074 135061 92446 127686 127672 92467 92455 163949 
10 : 135059 135057 135066 135064 147020 151858 151855 147027 147022 197830 
10 : 101009 41660 135168 135167 41658 101023 101022 41674 41673 232791 
10 : 135172 135166 135169 135165 226411 242180 215113 226407 215105 215111 
10 : 135249 23457 131760 5447 23458 131761 5448 23456 5438 5446 
10 : 135481 135479 67607 91726 255870 67627 91746 67621 91742 67603 
10 : 135485 100388 135495 39193 100399 211342 39202 100411 39190 39219 
10 : 135707 135708 135713 135701 220535 220541 151977 238247 151979 151986 
10 : 135824 135834 135825 13387 229400 229392 13396 232585 13409 13397 
10 : 135833 135822 135823 89895 203590 218949 89925 203573 89904 89905 
10 : 111947 17559 135855 135859 17558 111953 111960 17560 17571 158967 
10 : 28835 135937 29804 135942 28841 28828 28848 29813 234319 29826 
10 : 135953 8763 135944 135948 8777 144509 251324 8765 8772 144503 
10 : 136156 115472 136153 136152 115488 231781 201321 115482 115477 201318 
10 : 136161 136162 136160 136158 256104 254189 246468 254191 246470 246466 
10 : 61456 136167 136166 136171 61461 61460 61462 153764 173997 153769 
10 : 136262 136265 136264 136256 244661 244659 210164 258868 210168 210166 
10 : 136295 136289 136294 136296 154356 234310 235924 154355 154357 234311 
10 : 136314 136322 136323 136306 230573 230575 161366 263928 161383 161385 
10 : 136316 136320 136317 136308 244626 244620 179038 244982 179047 179039 
10 : 116850 42599 61663 80534 42598 61661 80533 42590 42592 61657 
10 : 136463 6422 136472 19877 6423 146547 19878 6445 6416 19901 
10 : 136473 83898 102537 136465 83923 102560 174783 83896 83901 102541 
10 : 76192 109905 136568 136569 76188 76197 76202 109910 109920 169556 
10 : 136575 136574 136585 136578 198540 200085 200075 198555 198546 234506 
10 : 136588 136603 136606 59730 147555 147556 59731 260118 59752 59755 
10 : 136631 136629 136632 67277 172242 183264 67282 172245 67280 67283 
10 : 136646 121135 136636 136638 121160 237592 248699 121142 121147 237582 
10 : 136690 10790 136693 136694 10798 219303 219306 10799 10801 223380 
10 : 136707 87678 118838 136710 87688 118849 210095 87674 87693 118856 
10 : 136771 108859 136770 136772 108861 140874 150870 108860 108862 140877 
10 : 112999 136785 136787 136516 113001 113003 112998 155088 136520 136524 
10 : 59403 136855 111531 37652 59422 59401 37642 111551 37675 37647 
10 : 137082 137081 137091 137092 162480 184427 184429 162495 162498 264616 
10 : 137090 71197 105387 137080 71216 105410 148246 71193 71200 105389 
10 : 39425 137106 137109 73935 39431 39433 39420 170368 73942 73944 
10 : 137129 137130 137122 137145 204333 146238 204348 146239 209126 146256 
10 : 137225 137230 137232 137228 208274 208277 208271 256765 251931 251933 
10 : 137326 137336 53812 64888 205841 53818 64896 53826 64909 53804 
10 : 137356 75386 137354 66251 75405 227088 66270 75402 66242 66269 
10 : 35511 103122 137688 137685 35508 35523 35520 103134 103130 221024 
10 : 58117 137816 137828 137826 58122 58134 58130 163349 163344 251881 
10 : 119115 137852 137862 45795 119119 119129 45791 170590 45800 45813 
10 : 137921 67848 137924 137920 67858 201665 201446 67862 67857 201450 
10 : 138145 107414 6833 138151 107424 6842 216480 6830 107431 6849 
10 : 138184 129689 138192 138193 129699 226034 226035 129705 129706 249049 
10 : 90355 38445 138331 138333 38436 90367 90374 38455 38461 223895 
10 : 138353 138368 138365 138361 153484 153477 153472 228331 200796 200785 
10 : 138433 138442 138432 138434 181744 174220 181734 174231 205482 174222 
10 : 111867 138460 138459 130957 111875 111871 111864 156426 130961 130958 
10 : 138587 138588 138585 138590 250953 244841 250956 244848 261138 244851 
10 : 138613 138618 7819 138624 178385 7822 178390 7825 191925 7833 
10 : 138684 138687 74249 138689 188524 74253 188530 74257 203133 74267 
10 : 138752 46717 138754 138757 46719 147588 147594 46730 46738 249578 
10 : 138765 138762 138759 138764 218581 179107 237455 179102 218578 179104 
10 : 62847 50185 138789 89493 50178 62854 62844 50190 50180 89508 
10 : 138891 66887 138884 138885 66900 182156 185370 66892 66893 182148 
10 : 138948 49369 8624 123229 49390 8648 123255 8616 49367 8623 
10 : 42978 138978 138980 138984 42986 42988 42992 228950 228956 248844 
10 : 139079 139081 139094 118839 146425 146442 118841 160105 118843 118864 
10 : 139169 16602 139170 139168 16607 167845 162315 16608 16605 162317 
10 : 139189 139181 139184 21556 228567 233180 21581 228555 21565 21568 
10 : 12363 56710 139386 139389 12357 12364 12371 56711 56720 176346 
10 : 139391 139403 139397 70229 178882 178877 70237 214384 70249 70246 
10 : 137692 139522 139524 139514 137709 137711 137697 257092 222333 222338 
10 : 117891 139534 139540 139530 117898 117901 117895 221494 178200 178207 
10 : 88981 139616 88214 139617 88992 88207 88994 88240 257421 88241 
10 : 16526 130793 104132 139658 16525 16523 16543 104130 130814 104149 
10 : 114716 14932 139740 139737 14929 114730 114729 14954 14952 253924 
10 : 139872 139870 45604 139871 140665 45609 155701 45605 140663 45606 
10 : 139873 40082 139879 80143 40087 189062 80152 40094 40074 80165 
10 : 139943 45346 24055 139921 45363 24082 140089 24050 45347 24056 
10 : 140010 140007 140008 3252 234900 238037 3273 234897 3270 3271 
10 : 140019 140022 140026 75823 180386 180390 75828 201680 75833 75838 
10 : 135957 140136 140146 140142 135964 135971 135968 210153 210150 250153 
10 : 140349 125609 140347 140342 125620 194369 165101 125616 125611 165097 
10 : 140360 140345 140355 140352 188082 259593 231643 188076 188074 231638 
10 : 117912 140431 120673 140435 117924 117907 117927 120691 246591 120696 
10 : 140463 140461 140458 140466 238788 214387 260934 214381 238793 214393 
10 : 86054 140570 140575 140577 86059 86070 86072 198301 198302 246099 
10 : 106728 140816 74620 140818 106739 74617 106747 74629 243702 74636 
10 : 141014 2952 141019 141021 2961 209333 209334 2970 2975 256961 
10 : 87399 141035 11794 141047 87402 11788 87411 11795 153159 11810 
10 : 137218 83765 141042 141048 83764 137223 137233 83770 83780 202166 
10 : 141155 141168 141160 141162 174299 174290 174292 208362 212047 208355 
10 : 141221 141231 79751 86801 170533 79756 86803 79775 86825 79745 
10 : 141346 141342 141358 141340 147427 190304 142378 147440 142375 142399 
10 : 141353 141351 141345 131870 221050 185682 131884 185678 131879 131873 
10 : 141457 141455 82137 141461 197636 82149 216504 82146 197638 82153 
10 : 141458 141465 141453 141462 218415 187483 218412 187499 258928 187490 
10 : 130385 141514 112017 141521 130398 112015 130404 112031 238910 112041 
10 : 141578 141584 141589 48639 205320 205326 48652 246388 48660 48670 
10 : 44318 116313 141591 141607 44315 44321 44334 116317 116332 162937 
10 : 141638 139783 141641 104754 139803 258001 104771 139806 104753 104777 
10 : 141833 141832 141835 141841 169478 211939 211944 169483 169485 231050 
10 : 2701 111279 141998 142000 2699 2710 2712 111288 111296 240840 
10 : 142009 142012 55082 56327 237668 55099 56345 55107 56349 55072 
10 : 142031 142025 72378 142028 209698 72395 234701 72387 209695 72391 
10 : 142091 142100 142093 142094 191110 191100 191101 212048 215118 212038 
10 : 142110 71072 78815 142113 71092 78835 255034 71067 71095 78838 
10 : 142290 99004 133102 142286 99022 133121 228733 99003 99012 133106 
10 : 142308 142307 142294 71346 263991 167222 71374 167220 71373 71349 
10 : 142417 142410 142419 142416 148615 204131 201690 148617 148614 201693 
10 : 142536 142532 108692 142535 238682 108706 256710 108702 238681 108705 
10 : 142545 142557 105738 142540 210227 105746 167179 105754 167194 105742 
10 : 142791 142808 142802 119702 180604 180596 119706 236737 119729 119720 
10 : 114717 142966 142978 8935 114719 114732 8932 170145 8937 8958 
10 : 142964 142973 142968 142980 145823 145816 145829 180058 240222 180068 
10 : 142976 65524 142970 134512 65546 198646 134532 65530 65523 134520 
10 : 142997 142990 32122 142986 231633 32146 221840 32135 221824 32133 
10 : 52127 143084 143088 143081 52131 52136 52128 200758 178477 178482 
10 : 143162 76750 143164 143163 76767 260953 260951 76772 76769 263295 
10 : 90489 143195 143185 140174 90505 90495 90488 175231 140199 140181 
10 : 143218 72785 98294 143220 72809 98323 262239 72778 72811 98326 
10 : 143272 143269 140237 13253 201610 140255 13274 140241 13263 13251 
10 : 143288 76491 110313 143290 76495 110316 168785 76487 76497 110318 
10 : 143300 143293 118024 143298 200936 118045 252849 118032 200933 118041 
10 : 143490 143491 143495 143493 146813 146818 146815 162810 162803 212471 
10 : 143839 143831 143836 562 202444 245532 584 202442 572 582 
10 : 48880 143931 143928 143917 48899 48894 48885 259243 179785 179779 
10 : 143978 143982 139945 143984 183726 139948 183734 139957 239027 139961 
10 : 144044 3528 102406 144037 3548 102431 207302 3522 3535 102419 
10 : 144053 144059 144063 144055 224104 224110 224098 256665 244855 244859 
10 : 48024 144149 144153 144155 48028 48036 48038 202293 202298 241596 
10 : 136999 121858 144169 144168 121856 137013 137010 121873 121871 254217 
10 : 144230 89812 144234 144232 89815 160164 160160 89824 89819 223082 
10 : 144237 144229 144231 144235 150566 160973 242086 150553 150564 160971 
10 : 53461 144249 144247 118313 53473 53470 53460 214533 118328 118326 
10 : 144570 144563 144565 77078 182252 223422 77098 182243 77081 77086 
10 : 113128 111780 98937 144666 111775 98931 113130 98930 111782 98942 
10 : 144797 31506 144806 124130 31514 197235 124137 31525 31505 124153 
10 : 104978 145018 145000 145010 105003 104979 104998 168705 255920 168696 
10 : 145006 145016 145014 145012 211999 211998 211996 262036 258016 258014 
10 : 74 145096 145089 87057 91 84 69 215937 87078 87066 
10 : 145124 137360 145118 145126 137377 218738 260161 137367 137379 218740 
10 : 145221 24855 145222 145218 24872 259028 203842 24874 24861 203843 
10 : 145263 145266 145272 87283 164722 164730 87286 198250 87294 87308 
10 : 145288 145285 145278 117815 223071 162011 117831 162007 117824 117817 
10 : 145330 68246 145323 30070 68259 198708 30091 68253 30065 30081 
10 : 100989 145351 97697 145352 100991 97693 100994 97705 198380 97707 
10 : 145424 103330 145426 67186 103348 263076 67211 103350 67178 67212 
10 : 145592 5117 51455 136518 5124 51461 136526 5111 5115 51453 
10 : 74318 1637 145655 145664 1627 74322 74334 1639 1649 169187 
10 : 145661 145659 145665 145658 231443 239614 216009 231445 216008 216011 
10 : 145822 145827 80724 145817 227576 80732 183675 80746 183688 80728 
10 : 145949 145954 145952 145948 213485 213482 210420 256437 210431 210427 
10 : 10351 145978 38032 107451 10354 10345 10347 38037 107454 38029 
10 : 146060 146063 146057 146061 243502 227291 243500 227295 245968 227292 
10 : 146072 146070 28444 146078 164858 28449 195464 28446 164865 28453 
10 : 146075 146071 142260 146076 182794 142267 218226 142264 182795 142268 
10 : 60647 90121 92726 61018 60643 60644 60641 90117 61013 61014 
10 : 146269 146266 146263 120913 252009 207430 120944 207427 120937 120924 
10 : 146274 146275 146279 146276 216053 216065 216056 222026 222018 224940 
10 : 30168 146370 146372 146373 30179 30181 30184 240409 240412 257334 
10 : 48239 76910 146406 146419 48233 48241 48257 76915 76927 175473 
10 : 146500 146503 146509 146499 238543 238548 227612 245189 227614 227629 
10 : 146696 146695 90961 146689 231798 90974 148674 90973 148673 90962 
10 : 88137 71811 146703 146704 71804 88140 88141 71817 71821 185732 
10 : 124627 146701 146706 146705 124629 124639 124633 170277 170268 219291 
10 : 146831 146836 146841 146829 218315 218317 190163 261489 190172 190175 
10 : 73527 146923 85324 146919 73538 73521 73534 85337 210950 85331 
10 : 147014 147011 147010 139576 224454 208636 139593 208631 139587 139584 
10 : 147083 147082 139697 147072 260062 139724 195063 139723 195062 139705 
10 : 83206 41037 147221 147225 41034 83218 83225 41052 41059 240891 
10 : 147388 147389 147391 136404 248476 248479 136418 250163 136419 136422 
10 : 147406 147412 147400 147401 249476 224034 231736 224041 231746 224031 
10 : 147429 147428 120770 92974 201161 120779 92981 120775 92978 92969 
10 : 147503 147500 49541 128047 170405 49549 128055 49543 128050 49540 
10 : 73247 147764 147769 107257 73261 73266 73245 237407 107274 107281 
10 : 147778 147777 80245 144704 222250 80253 144715 80251 144713 80244 
10 : 147863 147865 138472 147850 260191 138492 216590 138500 216594 138481 
10 : 135836 147945 17818 147955 135841 17816 135851 17823 196183 17837 
10 : 148256 148263 100882 148264 203199 100889 203200 100902 262901 100906 
10 : 148275 139661 114628 148268 139676 114650 217747 114627 139668 114637 
10 : 148482 148493 143301 148487 172074 143303 172070 143312 193485 143309 
10 : 148511 148515 148507 148520 233344 197339 233345 197348 249593 197350 
10 : 35710 148705 9955 115876 35717 9941 35708 9967 115884 9954 
10 : 148774 148770 113776 119585 190474 113794 119606 113781 119593 113772 
10 : 148776 148769 87574 148771 160488 87598 230417 87578 160477 87590 
10 : 73890 119445 148886 148879 73885 73900 73892 119463 119448 173131 
10 : 97418 148896 107982 148894 97435 97415 97432 108005 261926 107998 
10 : 148899 127266 85988 148909 127271 85992 184152 85985 127280 86002 
10 : 30169 148965 72787 12795 30182 30164 12778 72808 12814 12782 
10 : 149008 149017 149004 92696 245880 230410 92712 230420 92723 92707 
10 : 149164 149156 149158 3721 198769 218258 3742 198765 3730 3733 
10 : 149175 8791 149170 149179 8804 175120 247552 8795 8811 175129 
10 : 149279 149280 88329 149273 256561 88348 153239 88351 153242 88331 
10 : 149387 149388 149390 149386 185881 185886 171916 219801 171919 171928 
10 : 149426 131606 149424 149428 131618 199456 222796 131616 131619 199457 
10 : 149595 149601 149594 149585 229066 223442 153233 223448 153241 153232 
10 : 149611 149603 149614 61665 165504 246865 61684 165507 61669 61689 
10 : 134054 149716 22009 149704 134071 22007 134055 22034 151053 22010 
10 : 67635 86014 149875 45796 67630 67639 45785 86017 45788 45809 
10 : 149885 149884 149890 149886 219231 223801 223796 219239 219232 241794 
10 : 149987 149990 139210 4455 230061 139224 4467 139232 4479 4453 
10 : 127872 150080 150083 150086 127877 127881 127886 200367 200374 237167 
10 : 150109 78225 137151 150117 78239 137166 223659 78222 78249 137174 
10 : 131266 150289 81024 150301 131267 81020 131278 81026 160571 81041 
10 : 150415 150420 150417 150425 227563 227560 227568 230283 258780 230291 
10 : 150436 150432 150435 150433 248636 260480 254573 248635 248633 254572 
10 : 150643 150634 60946 142915 213209 60964 142937 60953 142925 60945 
10 : 61079 150655 150651 150654 61089 61085 61087 209622 233074 209620 
10 : 24645 150734 64837 150731 24647 24639 24646 64843 171073 64839 
10 : 140907 150748 42066 150751 140916 42065 140919 42077 253630 42087 
10 : 136114 150764 112604 150754 136134 112602 136118 112631 196971 112609 
10 : 150955 150952 150962 40372 199117 238394 40387 199129 40379 40400 
10 : 150989 151001 143302 32399 181908 143305 32404 143318 32419 32398 
10 : 136220 145454 151089 94064 136218 136224 94058 145455 94061 94066 
10 : 151087 79405 113388 148542 79406 113389 148543 79399 79404 113387 
10 : 151116 151103 151107 151115 169347 198969 260818 169334 169346 198968 
10 : 151324 151322 151315 70232 213985 179018 70253 179008 70245 70238 
10 : 151403 151399 151401 151395 253979 262376 229494 253975 229488 229491 
10 : 151501 151504 151507 151499 240398 240400 231280 255815 231284 231286 
10 : 151563 151598 151588 151587 151583 151569 151568 211217 209719 209703 
10 : 109130 151617 30541 151612 109140 30536 109134 30557 248845 30552 
10 : 138973 105303 151615 15903 105302 138983 15902 105318 15897 15925 
10 : 348 151628 151623 151625 354 350 352 194630 213730 194623 
10 : 64712 151708 151710 151714 64714 64717 64721 164962 164974 174487 
10 : 151720 151716 151712 151711 251184 208787 180425 208776 180416 180409 
10 : 151732 151726 100648 70540 252325 100671 70569 100663 70560 70534 
10 : 151948 74452 151934 151945 74472 164665 257406 74454 74467 164659 
10 : 152138 23799 152132 152143 23812 174125 240862 23802 23815 174128 
10 : 152195 152199 152205 152200 184338 184349 184339 245712 245705 246223 
10 : 152208 152217 152215 152222 164184 164182 164189 231673 238898 231678 
10 : 152221 53503 152209 152218 53517 174921 243256 53506 53514 174917 
10 : 152244 152245 135120 41531 207396 135129 41541 135131 41542 41530 
10 : 130231 152332 152333 152338 130235 130237 130241 172571 172576 187550 
10 : 90074 152444 152442 152433 90089 90086 90076 251539 173248 173244 
10 : 152435 152434 152438 129602 189973 191468 129606 189976 129605 129610 
10 : 152476 152350 152468 152465 152368 210450 190338 152355 152353 190322 
10 : 152477 152464 152469 152479 155819 210751 255967 155811 155821 210757 
10 : 152529 65647 152526 152527 65666 176280 191123 65651 65655 176268 
10 : 152560 101066 152569 152557 101075 199917 172685 101087 101070 172698 
10 : 152624 102036 152625 57187 102043 215973 57196 102045 57179 57199 
10 : 83702 152631 152636 152633 83704 83709 83706 160663 160659 175817 
10 : 16292 152714 152719 152712 16297 16304 16293 219178 172946 172955 
10 : 131582 152860 152854 152858 131599 131588 131597 253501 264310 253499 
10 : 152941 75257 152944 152939 75266 230030 194640 75268 75262 194641 
10 : 152984 113753 83286 152980 113762 83292 215662 83280 113755 83288 
10 : 21357 153007 153005 152995 21373 21371 21358 249398 173408 173407 
10 : 153138 153141 153140 102831 226959 226957 102844 239679 102852 102849 
10 : 118960 153173 153169 143021 118975 118971 118959 244578 143043 143034 
10 : 153366 153364 153361 153356 251748 250227 211213 250225 211211 211208 
10 : 57094 153446 153447 153449 57095 57096 57101 177511 177517 180491 
10 : 79722 153588 153589 153603 79723 79725 79741 155185 155203 162935 
10 : 153689 93933 153683 153682 93955 222339 200961 93941 93939 200943 
10 : 153694 120398 153704 153695 120405 217668 217660 120414 120406 225648 
10 : 153732 153739 153737 153730 248314 248313 235842 262818 235854 235852 
10 : 153819 153814 153809 146758 236451 200569 146779 200560 146767 146762 
10 : 74321 153826 153827 153825 74332 74333 74331 231441 228252 228253 
10 : 153830 153831 153834 89495 249069 249075 89517 254042 89518 89520 
10 : 153886 153887 153883 52225 261151 235729 52247 235730 52248 52236 
10 : 153935 153939 153931 45797 259261 231832 45816 231837 45821 45812 
10 : 148592 128244 153997 153995 128243 148607 148603 128265 128261 257010 
10 : 154026 154016 47508 154014 239424 47531 184041 47523 184029 47513 
10 : 154200 154202 154207 154203 211933 211936 211934 239681 239678 246912 
10 : 154327 114655 5449 154326 114658 5455 166067 5442 114656 5452 
10 : 149083 154623 154620 48052 149096 149088 48050 196774 48067 48058 
10 : 129544 154637 154647 154638 129549 129562 129552 206075 206063 224901 
10 : 154645 31690 154643 154640 31706 249587 233629 31703 31699 233625 
10 : 154709 64028 154700 154707 64051 168527 237042 64030 64042 168521 
10 : 116379 154853 154835 132398 116400 116382 116378 171842 132427 132400 
10 : 155049 155040 66635 155045 186723 66653 230655 66639 186716 66647 
10 : 114370 155071 155068 126322 114375 114372 114367 160772 126327 126325 
10 : 70352 155142 147999 155144 70361 70350 70362 148012 250650 148013 
10 : 52438 49878 155150 155161 49871 52445 52455 49887 49896 203460 
10 : 140740 155229 134653 94065 140742 134650 94060 134656 94067 94057 
10 : 155232 155237 155239 136925 206215 206217 136933 256616 136940 136942 
10 : 155280 98699 109963 155271 98721 109990 222222 98695 98708 109973 
10 : 155448 155446 155451 123321 242642 254160 123339 242648 123335 123344 
10 : 12387 155457 155461 144945 12395 12408 12386 203701 144953 144970 
10 : 155480 155465 155476 155479 210220 263068 264730 210216 210219 263067 
10 : 140222 113144 155486 155485 113143 140229 140225 113156 113154 216647 
10 : 155554 155565 155559 102539 225187 225182 102548 239152 102566 102551 
10 : 155591 155599 155587 155583 227680 197194 163936 197202 163951 163931 
10 : 95265 115248 155657 62241 95261 95280 62232 115267 62235 62266 
10 : 113997 43884 155772 154386 43878 114015 113996 43898 43883 154413 
10 : 155818 155817 104898 155810 242905 104919 210446 104918 210444 104908 
10 : 155857 155868 155855 73037 204111 182067 73046 182087 73065 73042 
10 : 156167 156165 156170 156169 223480 232937 232935 223486 223483 243483 
10 : 7149 156288 156280 156285 7171 7158 7164 230529 257905 230519 
10 : 156383 7373 156386 156385 7386 248233 248231 7391 7388 252846 
10 : 156474 156475 156476 4987 210137 210140 4992 213537 4993 4997 
10 : 22102 156492 156495 156497 22103 22106 22111 172923 172927 206452 
10 : 156695 156694 156691 146102 259327 247810 146130 247807 146127 146120 
10 : 156923 154181 63484 156932 154186 63488 200601 63483 154196 63502 
10 : 157020 157019 132625 157023 213131 132640 222116 132639 213132 132643 
10 : 157122 119045 157128 157125 119048 215504 215499 119058 119054 250397 
10 : 111707 5787 157234 157235 5782 111715 111716 5793 5795 208548 
10 : 22385 157325 139364 131608 22387 22382 22379 139368 131613 131601 
10 : 157456 157454 58890 157451 232796 58905 217857 58901 217850 58900 
10 : 120047 136841 94664 144314 120042 94660 120043 94662 136839 94663 
10 : 157552 157553 5277 90675 264436 5295 90696 5296 90697 5268 
10 : 149046 157592 157585 145915 149057 149048 145911 180143 145927 145918 
10 : 157671 157670 157666 157667 195297 181332 181978 181331 181977 181328 
10 : 157784 157777 93373 157788 193151 93385 240404 93377 193156 93392 
10 : 157845 141965 157846 157853 141966 163099 163111 141967 141979 163350 
10 : 157871 157859 157863 157869 201928 231589 258821 201916 201924 231584 
10 : 154347 157976 2955 157983 154351 2954 154364 2959 198243 2976 
10 : 157988 157986 41272 42776 204132 41279 42786 41277 42784 41258 
10 : 157993 157996 106627 157688 261860 106643 157706 106647 157711 106626 
10 : 50564 158086 158088 158090 50570 50572 50577 202715 202727 229934 
10 : 158289 114894 158282 158283 114910 234604 238050 114902 114903 234593 
10 : 158386 158381 158384 113411 189812 226626 113424 189811 113415 113421 
10 : 158407 158405 76366 158402 236432 76382 233402 76379 233398 76375 
10 : 118921 119118 158527 158529 118917 118937 118940 119132 119135 262095 
10 : 48792 158602 71317 158610 48798 48788 48809 71322 220626 71334 
10 : 158611 74345 37466 158601 74366 37486 187356 37459 74349 37470 
10 : 158615 158614 101787 158625 188665 101796 198024 101790 188672 101802 
10 : 153742 158629 158632 107009 153752 153756 107008 239259 107025 107029 
10 : 156388 158918 51196 158919 156400 51195 156402 51210 244077 51212 
10 : 158930 158931 93083 158935 202635 93089 202643 93090 204360 93097 
10 : 159126 139267 159124 140177 139274 159810 140185 139268 139264 140178 
10 : 159127 159129 97321 159131 224493 97338 224496 97339 227582 97341 
10 : 159134 159143 159135 159142 232176 232161 232174 238139 262948 238134 
10 : 159227 159226 5557 41407 174499 5562 41414 5559 41411 5541 
10 : 159254 159258 159257 159249 242110 242109 215259 259531 215267 215266 
10 : 84089 159348 105421 140535 84103 84081 84086 105434 140553 105417 
10 : 159340 39292 115921 142600 39295 115923 142604 39287 39291 115918 
10 : 70978 159362 159360 159367 70989 70988 70994 240541 249897 240546 
10 : 15320 159415 159408 159409 15332 15324 15325 217883 220149 217869 
10 : 159438 159433 159440 67912 239160 257743 67933 239164 67925 67934 
10 : 159441 27959 159439 159437 27982 258266 255945 27977 27973 255940 
10 : 26635 159513 159514 159518 26636 26640 26652 176455 176467 197199 
10 : 159618 159627 159621 159617 179183 179172 175638 195879 175658 175642 
10 : 159747 159752 159751 159750 236200 236199 236198 252660 250572 250569 
10 : 38718 159849 14535 159838 38733 14525 38720 14552 197996 14538 
10 : 159905 159909 159915 159894 253065 253067 192193 258411 192196 192202 
10 : 71000 79567 160056 160058 70995 71004 71011 79579 79588 233022 
10 : 160068 160060 160063 160065 164581 230297 252912 164575 164579 230293 
10 : 160086 118288 160082 81217 118309 256899 81242 118305 81212 81238 
10 : 103891 160159 63485 160167 103892 63478 103904 63487 170206 63500 
10 : 88149 147342 160422 160420 88147 88153 88151 147345 147344 173770 
10 : 41772 160610 160612 160604 41783 41785 41774 225558 165391 165393 
10 : 160712 61668 160710 160706 61680 222466 170484 61678 61670 170482 
10 : 78164 3974 160901 160899 3966 78169 78166 3979 3976 187273 
10 : 160990 110682 160985 140786 110700 250516 140807 110695 110680 140801 
10 : 89686 160995 143139 92846 89690 89683 89679 143151 92863 92844 
10 : 161009 161005 26405 161007 241891 26426 247911 26419 241887 26421 
10 : 140362 161095 102057 161106 140363 102056 140375 102058 164605 102076 
10 : 161097 161105 161098 5625 166137 166126 5627 167914 5649 5628 
10 : 109450 152598 20212 161109 109447 20204 109457 20210 152604 20218 
10 : 161293 95834 161294 9438 95844 235724 9449 95846 9434 9452 
10 : 17125 161306 117816 82518 17142 17121 17114 117833 82534 82514 
10 : 161303 95082 1716 161311 95093 1727 242406 1703 95101 1731 
10 : 161402 161401 161406 161403 233539 234520 234517 233542 233540 237269 
10 : 161415 161421 161419 161410 237689 237687 213281 259655 213289 213286 
10 : 139142 161600 161603 161596 139163 139167 139150 263390 222804 222809 
10 : 88545 161623 161622 127428 88552 88550 88544 200521 127438 127434 
10 : 161628 161627 128460 151426 227165 128470 151439 128469 151436 128458 
10 : 161688 144898 161686 161687 144908 196992 229415 144904 144907 196990 
10 : 161697 161701 161698 161695 236375 236374 219408 262662 219419 219418 
10 : 161770 161768 161767 157821 216833 200694 157842 200681 157828 157826 
10 : 118922 161798 51939 161797 118935 51933 118934 51957 248889 51956 
10 : 131350 161794 72334 62801 131356 72327 62793 72344 62812 62787 
10 : 161879 161876 154183 161880 170200 154190 230869 154184 170201 154191 
10 : 161949 161958 161947 161959 194605 186743 194606 186753 246535 186756 
10 : 161998 98700 162000 161985 98722 264137 212838 98724 98704 212840 
10 : 47878 162057 136949 162055 47883 47875 47881 136953 190707 136950 
10 : 123206 41071 41533 162067 41066 41528 123209 41060 41076 41540 
10 : 162173 155166 162177 46778 155175 245909 46789 155181 46775 46796 
10 : 162175 7124 104234 162170 7134 104248 208778 7117 7129 104239 
10 : 162182 162191 162192 162186 220260 220264 220256 262778 238098 238101 
10 : 81541 144749 162198 139239 81539 81551 81538 144762 139237 139252 
10 : 162262 162263 162255 162254 246450 205211 202965 205213 202967 202958 
10 : 162342 162339 162337 162338 252320 182163 203846 182157 203839 182150 
10 : 147559 28148 134363 17596 28146 134362 17595 28143 17585 17593 
10 : 162457 162449 162452 162459 192250 234363 256364 192245 192253 234366 
10 : 162644 162651 92597 28942 211023 92602 28950 92613 28964 28939 
10 : 162657 162653 162659 63444 172371 223532 63457 172374 63446 63462 
10 : 162669 162674 41745 162679 221493 41751 221497 41757 243620 41765 
10 : 162844 162848 45753 162852 164368 45754 164377 45762 224347 45768 
10 : 162851 142492 38625 162855 142501 38633 228400 38618 142508 38639 
10 : 4080 112942 162886 162887 4078 4090 4091 112959 112960 262636 
10 : 84930 78499 162951 69311 78495 84954 69305 78517 69304 69332 
10 : 162940 162945 162938 162946 192492 165159 192493 165166 250681 165167 
10 : 162978 162973 10566 162976 197505 10574 218470 10569 197503 10573 
10 : 163053 163048 163063 163059 163868 211066 211062 163880 163875 258831 
10 : 163100 163108 152260 67191 189603 152263 67195 152272 67208 67188 
10 : 163271 79155 96231 163270 79160 96237 203054 79150 79159 96236 
10 : 163275 163274 141419 163269 256488 141442 200716 141441 200713 141425 
10 : 144384 163565 163567 163564 144391 144395 144389 236205 227894 227897 
10 : 34226 163674 163681 8318 34229 34236 8311 171496 8321 8329 
10 : 163695 163705 163697 163694 223537 223531 210107 245106 210122 210111 
10 : 163761 163766 163763 47768 230587 230578 47780 243560 47791 47782 
10 : 163771 163776 163772 163768 194124 194123 165901 228573 165910 165904 
10 : 29774 163892 20809 163883 29793 20794 29780 20828 199467 20814 
10 : 164151 131082 151750 125879 131085 151754 125882 131077 125872 125873 
10 : 162299 121334 44074 164270 121333 44073 162310 44070 121346 44089 
10 : 164346 164348 164353 164347 165771 165780 165769 194729 173037 173048 
10 : 164440 98529 164448 164443 98531 181324 181320 98541 98535 209265 
10 : 164456 164457 164454 164452 196600 183448 165800 183453 165803 165798 
10 : 163198 164558 79569 38060 163213 79568 38059 79589 38083 38054 
10 : 45065 164615 164617 57630 45076 45078 45057 254651 57649 57650 
10 : 21803 164624 108082 164625 21817 21801 21818 108095 263138 108096 
10 : 53211 44501 164675 137765 44492 53220 53208 44512 44498 137783 
10 : 59432 164822 146316 164813 59449 59427 59441 146333 220754 146321 
10 : 164820 164819 164821 164815 254278 254580 243666 254279 243665 243667 
10 : 164847 164848 59889 52084 246851 59900 52098 59901 52101 52070 
10 : 123414 164925 99251 164923 123420 99247 123419 99258 193888 99256 
10 : 7125 64715 139120 165008 7114 7121 7132 64709 64724 139134 
10 : 85738 138504 165020 73939 85733 85745 73930 138517 73936 73950 
10 : 165027 32723 165013 165016 32742 167730 201461 32724 32728 167715 
10 : 39322 138306 165239 26844 39319 39333 26833 138317 26842 26866 
10 : 95835 72875 165247 165259 72871 95836 95853 72876 72888 171622 
10 : 165323 165317 165320 165314 227147 254925 214503 227143 214490 214499 
10 : 165345 104758 165355 165349 104759 175150 175137 104776 104764 219876 
10 : 165411 165413 165410 69445 202173 168106 69453 168107 69454 69446 
10 : 165415 117929 165416 165421 117944 226430 226433 117948 117953 239428 
10 : 37766 165518 69042 165513 37784 37762 37771 69061 197530 69046 
10 : 15343 165823 165825 165820 15350 15353 15344 241782 172206 172210 
10 : 155871 165827 165826 32563 155881 155877 32559 255662 32581 32576 
10 : 89724 165931 165927 153542 89731 89726 89722 201776 153551 153547 
10 : 36249 166012 40202 38626 36255 36241 36240 40212 38640 38611 
10 : 166019 149445 166021 166015 149450 208948 180898 149455 149447 180905 
10 : 166031 166035 32015 166030 226810 32025 215323 32036 215335 32023 
10 : 83874 166097 166099 166093 83884 83892 83879 240978 201546 201559 
10 : 166102 163609 166100 76128 163618 182603 76134 163611 76127 76130 
10 : 148524 130004 166130 166129 130001 148532 148531 130013 130012 241146 
10 : 74226 166289 120069 56478 74237 74220 56467 120082 56500 56471 
10 : 166285 166280 70934 78927 180701 70948 78942 70937 78929 70924 
10 : 122869 166293 10089 112810 122872 10084 112805 10093 112813 10081 
10 : 166316 166304 166305 144317 201296 206303 144338 201283 144321 144322 
10 : 166450 166457 158574 166458 207241 158582 207243 158592 253751 158596 
10 : 166557 166548 130470 166543 248449 130490 178845 130484 178835 130473 
10 : 2305 15255 12125 156447 2291 2290 2304 12110 15253 12124 
10 : 166838 166841 166845 166839 184604 184608 184601 238401 209314 209322 
10 : 44461 19509 166854 166791 19500 44470 44459 19519 19508 166805 
10 : 123167 166899 153315 166890 123176 123165 123168 153331 189640 153318 
10 : 103308 11491 166940 103822 11488 103313 103303 11497 11489 103829 
10 : 7026 167128 167136 127209 7031 7041 7024 203331 127215 127230 
10 : 37827 167143 167151 167145 37831 37835 37832 216333 216330 230709 
10 : 167258 167257 167248 113557 262436 242376 113585 242373 113581 113570 
10 : 167332 138176 167340 167344 138177 177411 177414 138187 138191 243424 
10 : 167437 114603 167431 167439 114621 209323 263610 114607 114624 209326 
10 : 167441 167440 157481 167442 199713 157489 218736 157487 199722 157500 
10 : 50914 58688 167464 100533 50902 50922 50906 58694 58681 100538 
10 : 167471 167465 167472 17345 232566 264322 17363 232568 17353 17364 
10 : 167556 167551 6521 151967 215853 6529 151980 6523 151974 6517 
10 : 167640 167630 167633 167632 204366 224651 223835 204354 204353 223818 
10 : 87520 167940 167944 167941 87521 87524 87523 168663 168661 204974 
10 : 168156 168170 114540 168164 178261 114542 178256 114557 240705 114550 
10 : 157333 10567 168365 32016 10565 157335 32012 10570 10553 32021 
10 : 168376 168368 168377 158247 199750 245699 158263 199752 158250 158264 
10 : 168449 168448 168441 168442 261295 232893 237464 232890 237458 232882 
10 : 168461 101928 168463 168470 101941 226483 226491 101945 101951 237426 
10 : 168473 168474 115709 62372 195329 115715 62377 115716 62381 62368 
10 : 168480 168479 168485 168478 244679 251788 241603 244683 241602 241607 
10 : 168627 168625 168624 168630 187154 186750 240119 186740 187157 186762 
10 : 138975 132722 168639 34580 132717 138981 34577 132734 34576 34589 
10 : 168634 168635 15904 168636 199532 15910 199533 15911 204649 15913 
10 : 168750 109880 168746 47079 109899 233982 47101 109889 47070 47091 
10 : 168946 168952 168937 168944 244083 169076 226004 169081 226011 169075 
10 : 169082 169071 169079 138825 205426 262168 138844 205424 138830 138842 
10 : 169115 169116 169122 169123 223179 223190 223191 224026 224027 262455 
10 : 169120 155300 12013 169113 155320 12036 203541 12012 155305 12021 
10 : 169217 143734 169219 169216 143741 228818 175363 143744 143735 175365 
10 : 169309 9794 167294 169306 9813 167317 243524 9793 9806 167308 
10 : 169328 135578 161659 169322 135591 161665 183310 135576 135581 161661 
10 : 75669 169363 169354 169362 75682 75670 75678 179110 249202 179105 
10 : 169502 103175 169498 169499 103194 208989 211303 103180 103182 208978 
10 : 150202 169531 169529 149328 150217 150216 149326 260998 149354 149353 
10 : 169543 169538 169541 169535 206921 211662 187020 206918 187013 187014 
10 : 169607 169611 169613 169606 210355 210363 207763 250691 207770 207778 
10 : 77022 156596 169618 12961 77021 77028 12950 156603 12960 12968 
10 : 146298 169630 100173 169634 146300 100170 146304 100175 174120 100178 
10 : 169653 169657 102940 169658 242686 102952 242687 102958 260856 102959 
10 : 169683 54871 169682 169681 54877 206277 199235 54876 54875 199234 
10 : 16474 169710 169711 40046 16488 16489 16465 264221 40070 40071 
10 : 169739 169744 169746 169745 222522 222526 222523 256464 256462 259354 
10 : 169779 169771 169769 142563 207635 198404 142578 198395 142569 142565 
10 : 169815 169821 169825 17760 220917 220923 17767 256822 17772 17780 
10 : 169878 169877 15421 93146 259722 15446 93172 15438 93165 15414 
10 : 62182 169882 169885 35077 62189 62191 35070 216713 35083 35089 
10 : 169880 169879 169884 169886 203053 204836 204841 203058 203059 222933 
10 : 165136 170071 170072 170077 165137 165139 165149 171896 171904 181357 
10 : 170161 142902 14536 170167 142905 14543 215575 14531 142910 14550 
10 : 144514 170247 170246 170242 144534 144530 144525 260190 249880 249875 
10 : 83209 170426 170427 170423 83220 83221 83214 250088 205349 205350 
10 : 15070 170536 170540 85240 15075 15078 15066 183089 85246 85251 
10 : 167370 134956 97517 170620 134955 97516 167374 97515 134961 97521 
10 : 170623 170625 87328 170617 253996 87346 177272 87348 177274 87332 
10 : 170738 170743 34374 170730 237716 34384 191182 34392 191187 34375 
10 : 127084 118620 96414 170755 118617 96409 127091 96406 118635 96424 
10 : 170808 170802 83900 170812 205636 83921 260537 83907 205639 83925 
10 : 171060 171054 171064 107011 232289 252263 107030 232294 107023 107035 
10 : 171171 171172 171174 40047 186300 186304 40049 208617 40053 40055 
10 : 171276 171266 171270 171278 184005 228116 254023 183999 184010 228118 
10 : 171345 565 171348 171330 588 263993 185109 590 568 185111 
10 : 171441 73280 171453 35562 73283 191513 35567 73295 35554 35588 
10 : 171482 171472 171481 43945 181640 252400 43964 181639 43947 43962 
10 : 19669 171654 171653 113073 19674 19673 19664 222655 113085 113084 
10 : 74346 171746 171745 62802 74363 74362 62788 262093 62821 62820 
10 : 147470 64031 171754 152041 64025 147481 147467 64039 64027 152048 
10 : 171760 171756 171758 171757 231044 238734 237040 231041 231040 237037 
10 : 171770 171773 171781 168101 214236 214243 168111 239729 168114 168124 
10 : 171779 171772 171780 171775 226435 262418 251016 226436 226432 251017 
10 : 171787 49937 171800 171801 49942 196595 196596 49958 49959 264806 
10 : 95121 160380 171857 133156 95119 95126 95116 160389 133154 133165 
10 : 164361 171875 171873 171868 164380 164379 164373 242511 227671 227669 
10 : 171861 61126 81168 171865 61127 81169 188637 61120 61134 81170 
10 : 171909 171912 171898 154484 258239 200099 154498 200107 154503 154488 
10 : 171965 171955 171488 171963 219678 171510 263188 171495 219676 171507 
10 : 171970 17563 103281 171971 17566 103285 210221 17557 17567 103286 
10 : 172153 172157 43202 172152 231317 43215 229303 43222 229311 43213 
10 : 105141 172291 110095 172284 105157 105137 105151 110113 250734 110108 
10 : 172288 172281 172278 104869 224103 192716 104888 192709 104880 104874 
10 : 42688 79677 172331 48092 42684 42695 42682 79686 48083 48104 
10 : 60246 172346 172339 172341 60257 60247 60252 182333 228443 182328 
10 : 172654 172653 172656 80678 254720 261484 80690 254723 80687 80694 
10 : 97564 172709 58752 172704 97579 58745 97570 58770 212481 58761 
10 : 172748 172751 172740 172744 246351 176677 220700 176682 220707 176674 
10 : 172799 23608 105253 69943 23613 105257 69949 23602 23599 69938 
10 : 172824 172831 120648 153513 184166 120651 153516 120658 153528 120646 
10 : 127184 172987 172984 172981 127203 127197 127190 243104 227190 227182 
10 : 173157 107481 143351 173158 107482 143354 190918 107476 107483 143355 
10 : 173199 6074 173204 106410 6078 212888 106416 6088 6065 106428 
10 : 154731 173349 169849 26096 154732 154728 26091 169853 26098 26094 
10 : 156493 173354 173355 173357 156499 156500 156502 254388 254389 256570 
10 : 154649 118054 173366 173360 118053 154660 154654 118073 118066 232784 
10 : 173450 168297 173457 173446 168306 242843 173517 168318 168298 173533 
10 : 173468 173467 146106 173466 250611 146124 248240 146122 248239 146121 
10 : 51764 34513 155394 173573 34504 51762 51770 34510 34523 155400 
10 : 173661 21531 130370 173658 21542 130379 247395 21521 21540 130376 
10 : 110070 173750 173751 173753 110079 110081 110084 245486 245491 252112 
10 : 163083 118725 136735 173749 118724 136734 163092 118722 118734 136745 
10 : 151830 127001 173800 173796 126997 151845 151832 127016 127004 208510 
10 : 55243 30660 173992 95766 30651 55258 55233 30678 30655 95789 
10 : 173998 174002 174004 24231 243950 243951 24241 261712 24245 24246 
10 : 174103 174092 70801 174100 182061 70822 263894 70805 182059 70821 
10 : 174165 145889 174161 95356 145906 253410 95385 145898 95350 95379 
10 : 174243 174238 174245 103824 204675 256347 103836 204676 103828 103837 
10 : 174247 174254 174249 62934 186786 186780 62936 203999 62943 62939 
10 : 174279 174276 174282 29234 238880 252043 29250 238886 29246 29254 
10 : 174344 174343 174339 113412 256596 239883 113432 239881 113430 113425 
10 : 174504 46060 161745 24952 46071 161754 24966 46057 24940 24950 
10 : 45314 174524 174536 153962 45318 45333 45313 207192 153965 153989 
10 : 174525 174530 174520 174532 223005 192438 223008 192443 249695 192447 
10 : 174693 89078 174690 156767 89089 248198 156787 89085 89076 156777 
10 : 169551 168510 148086 174695 168508 148084 169555 148083 168515 148096 
10 : 174882 118105 174880 174884 118115 181652 246814 118106 118120 181661 
10 : 174994 174990 174999 174991 197604 239779 206524 197613 197598 206536 
10 : 175189 87897 67012 175186 87913 67031 226940 67003 87906 67022 
10 : 112700 175199 175193 175200 112713 112704 112715 231396 255313 231397 
10 : 136609 175382 175379 175384 136619 136615 136622 205138 233546 205142 
10 : 126434 175422 175424 124220 126447 126448 124212 244668 124235 124236 
10 : 175504 175518 175517 90834 180404 180403 90836 264194 90861 90860 
10 : 49018 175581 175578 175579 49027 49022 49023 219496 219726 219490 
10 : 175685 175687 175692 175695 213395 213397 213403 237357 237360 256372 
10 : 112117 175703 18757 104016 112125 18751 104010 18769 104026 18749 
10 : 154808 175771 175773 8939 154810 154812 8936 227573 8944 8954 
10 : 124445 175839 175842 175847 124448 124451 124456 214418 214424 243615 
10 : 175841 27112 120374 175840 27119 120385 230886 27106 27118 120384 
10 : 175927 130707 175932 40688 130708 188302 40689 130715 40681 40694 
10 : 142261 10717 176031 176030 10714 142275 142274 10727 10725 242597 
10 : 147583 176049 96001 129836 147587 95999 129834 96011 129845 95997 
10 : 176228 176231 135980 176232 220192 135986 220194 135992 253299 135993 
10 : 176249 82210 35419 176240 82227 35439 189154 35408 82214 35422 
10 : 176316 176321 176322 176323 251642 251645 251646 261358 261359 263273 
10 : 176380 154113 176383 176384 154114 183807 183808 154120 154121 230326 
10 : 162681 176822 117249 176821 162693 117247 162686 117264 217013 117255 
10 : 176929 68724 176924 152283 68731 192015 152299 68727 68720 152285 
10 : 38590 173174 177154 177157 38589 38600 38607 173185 173190 230463 
10 : 177188 177195 177192 177191 189526 189525 189523 239836 220017 220012 
10 : 177295 23609 177303 177299 23615 227445 227440 23625 23621 254476 
10 : 169812 61639 28916 150711 61638 28915 150710 28904 61633 28911 
10 : 177508 177504 61501 60006 241383 61513 60021 61507 60013 59989 
10 : 105495 177574 53562 106288 105498 53552 105489 53566 106292 53553 
10 : 64998 177671 177669 177670 65003 64999 65000 188599 197741 188596 
10 : 115944 177684 177679 111061 115957 115951 111054 241216 111078 111071 
10 : 177686 30361 177694 177689 30363 191423 191418 30375 30369 229546 
10 : 77561 62302 177777 173035 62295 77569 77560 62312 62301 173046 
10 : 177786 177784 163636 168511 226139 163645 168519 163643 168516 163635 
10 : 177787 177795 177793 177790 232141 232139 232135 243391 237041 237039 
10 : 177821 129812 153372 177819 129827 153392 253115 129808 129824 153390 
10 : 177870 177863 177864 177871 211800 212124 258712 211791 211805 212130 
10 : 148713 177947 177948 25452 148715 148716 25447 212222 25454 25456 
10 : 177945 177944 143251 175356 181774 143253 175358 143252 175357 143250 
10 : 178031 160965 178039 178043 160966 182656 182658 160977 160979 262026 
10 : 178244 55921 75554 88612 55936 75578 88635 55910 55913 75548 
10 : 169733 178249 134976 178259 169734 134975 169743 134977 178635 134989 
10 : 56891 178318 81446 125757 56905 56884 56889 81457 125775 81443 
10 : 79382 178314 178312 16390 79388 79387 16382 241513 16406 16404 
10 : 178317 53671 178315 32597 53686 252620 32616 53680 32584 32612 
10 : 43281 178330 56337 178321 43292 43272 43285 56353 234710 56343 
10 : 157774 178356 178358 178360 157785 157790 157792 246743 246744 263373 
10 : 24767 178416 178417 178426 24773 24774 24781 215915 215925 218406 
10 : 178519 177547 178514 178523 177553 194137 228910 177549 177560 194143 
10 : 178709 130006 164593 46640 130009 164595 46644 130002 46630 46635 
10 : 178714 148525 178706 7344 148536 202264 7355 148527 7337 7346 
10 : 178777 178775 14502 178781 205330 14512 213813 14509 205336 14516 
10 : 178851 178848 178850 178860 185506 211750 230916 185503 185514 211762 
10 : 178864 117578 111178 178868 117584 111183 220635 111171 117590 111191 
10 : 172533 19376 27573 179071 19374 27572 172549 19363 19393 27595 
10 : 140909 106960 179077 70676 106955 140917 70671 106972 70668 70690 
10 : 144426 130587 179073 100885 130584 144433 100881 130597 100878 100896 
10 : 45484 179148 179143 179151 45490 45486 45496 224455 251176 224460 
10 : 179150 115126 96002 179152 115134 96016 253731 95994 115141 96020 
10 : 179260 146212 179263 68455 146219 220855 68464 146220 68452 68466 
10 : 179262 179265 179264 179255 228300 228299 193170 231459 193172 193171 
10 : 179342 128703 179343 179338 128711 234725 219556 128712 128709 219557 
10 : 179353 172276 179356 179355 172286 252036 252035 172290 172289 256729 
10 : 168039 179371 179367 179365 168053 168050 168049 235174 229043 229034 
10 : 168684 179397 179394 179407 168692 168689 168700 210105 222040 210117 
10 : 179450 179449 179457 179461 200131 217234 217239 200142 200148 259867 
10 : 179472 179474 12758 179470 237192 12769 235774 12772 235778 12768 
10 : 118029 179528 179525 179529 118042 118038 118043 244844 254094 244845 
10 : 175081 179634 179633 166247 175097 175096 166246 261904 166268 166267 
10 : 95397 94477 52383 179646 94471 52377 95410 52376 94492 52392 
10 : 179685 179692 108188 16991 207327 108195 16999 108206 17009 16978 
10 : 179788 179789 70270 179793 236360 70277 236366 70279 239633 70293 
10 : 176966 179894 179886 18977 176984 176971 18976 218466 18996 18984 
10 : 179919 179927 179914 179917 234256 190961 223317 190970 223326 190960 
10 : 179924 115271 154787 179915 115292 154803 218814 115269 115279 154793 
10 : 180095 180098 180094 180093 234406 230354 228737 230363 228747 228736 
10 : 20303 180101 180102 98197 20305 20306 20296 201121 98202 98203 
10 : 180161 180165 180160 140182 231339 226311 140196 226318 140205 140192 
10 : 180179 180173 180177 118644 223642 250072 118660 223641 118652 118657 
10 : 180259 180256 180253 180254 258007 198809 225124 198804 225119 198792 
10 : 180265 178074 180268 180266 178082 250305 250304 178084 178083 251879 
10 : 180269 47655 180262 180264 47670 230935 243523 47660 47663 230931 
10 : 180295 180296 155928 180302 258920 155943 258924 155945 260595 155950 
10 : 180346 180347 123627 180349 197662 123631 197670 123632 208089 123638 
10 : 180436 180432 180430 180431 244242 235398 240172 235395 240167 235392 
10 : 180446 1026 16609 145608 1037 16617 145624 1017 1022 16603 
10 : 180449 6703 43035 180456 6706 43038 188669 6695 6715 43046 
10 : 180481 9440 180465 180461 9463 230526 195229 9447 9442 195217 
10 : 180546 180550 53387 122179 244891 53400 122192 53408 122204 53380 
10 : 38858 180656 180647 180655 38875 38862 38872 202470 262694 202468 
10 : 180654 180646 180648 46898 199208 204720 46916 199196 46902 46905 
10 : 180659 180665 105523 149138 223058 105526 149143 105536 149152 105519 
10 : 180763 140943 180754 153544 140961 227663 153571 140947 140940 153552 
10 : 138057 180856 32880 47082 138063 32875 47073 32892 47098 32867 
10 : 180939 180942 180940 180938 200583 200581 190400 204432 190404 190401 
10 : 90548 181049 181045 181053 90556 90550 90560 198719 221689 198725 
10 : 181060 181044 181056 181055 192324 256080 255917 192322 192321 255912 
10 : 181071 181068 176538 181070 236081 176559 262348 176548 236078 176555 
10 : 181141 181138 72065 91436 187726 72070 91442 72067 91438 72058 
10 : 9547 161451 181230 117698 9546 9548 9540 161453 117695 117699 
10 : 115589 91096 176093 87333 91089 115588 87323 91095 87318 87330 
10 : 181411 181415 181413 173036 232069 232066 173045 242502 173053 173051 
10 : 130547 181687 181689 168803 130556 130561 130546 234018 168811 168819 
10 : 181717 181711 181714 181722 238326 249935 256380 238322 238330 249939 
10 : 181759 181766 181756 181762 255175 246616 255174 246620 258195 246617 
10 : 181792 160578 181794 149360 160584 246811 149369 160587 149357 149372 
10 : 181864 181863 181861 181859 260676 231576 205511 231573 205507 205501 
10 : 160926 181881 181879 181873 160940 160937 160929 259837 208783 208782 
10 : 28641 170834 135124 94666 28640 28637 28635 135123 94665 94661 
10 : 181938 181940 90679 144318 245648 90689 144331 90695 144340 90673 
10 : 33167 181956 88548 123991 33173 33161 33163 88555 124000 88543 
10 : 172757 96540 57157 117129 96538 57154 117127 57149 96531 57150 
10 : 170248 100277 182111 36502 100276 170250 36501 100284 36495 36514 
10 : 35668 102180 7866 158471 35660 7848 35665 7853 102177 7860 
10 : 182207 182214 182062 182203 241728 182075 182503 182086 182510 182063 
10 : 83854 103058 182230 150918 83842 83867 83847 103064 103054 150929 
10 : 89871 181173 182296 156885 89870 89881 89867 181184 156884 156899 
10 : 147756 93228 182306 137282 93223 147773 137279 93240 93221 137307 
10 : 114352 182365 84609 182372 114360 84603 114363 84619 247654 84627 
10 : 95555 182538 28184 182535 95571 28171 95557 28198 191527 28186 
10 : 182555 152975 182560 75168 152986 248601 75184 152989 75164 75193 
10 : 182747 182757 132499 182750 206812 132502 206802 132510 220697 132504 
10 : 57831 182810 182804 182803 57845 57835 57832 208829 188022 188012 
10 : 182807 124362 123679 182808 124371 123688 237612 123672 124374 123691 
10 : 182883 2450 143144 181998 2461 143152 182010 2443 2449 143143 
10 : 183066 183060 183065 183067 191420 226916 238769 191416 191422 226918 
10 : 30606 183072 99812 183078 30608 30598 30612 99814 187567 99821 
10 : 183082 181818 43177 133067 181834 43195 133081 43175 133066 43169 
10 : 183107 124644 183106 183098 124653 259086 204721 124652 124647 204719 
10 : 93640 175712 183153 183150 93639 93650 93645 175721 175715 206757 
10 : 135291 183164 183162 183158 135301 135297 135292 235384 198984 198981 
10 : 183181 183170 183182 56481 222292 262791 56502 222293 56489 56504 
10 : 183196 96031 183186 183187 96049 203682 227187 96035 96040 203673 
10 : 77193 183323 142820 183326 77198 77185 77205 142827 225029 142830 
10 : 183347 183351 116210 183352 217804 116213 217805 116219 250510 116220 
10 : 183360 183356 183353 9107 261156 252531 9130 252525 9124 9122 
10 : 3822 131269 13361 183525 3818 3810 3832 13354 131277 13369 
10 : 183619 129584 56032 66540 129596 56050 66559 56028 66537 56018 
10 : 183667 183668 183654 119707 264277 211978 119731 211981 119732 119714 
10 : 183796 183799 183797 161062 226672 226671 161066 237467 161072 161070 
10 : 183965 81565 171238 183963 81574 171248 223431 81564 81571 171244 
10 : 92650 184061 142445 184060 92665 92646 92664 142461 254450 142459 
10 : 184128 158001 184132 184133 158002 213800 213806 158009 158015 255759 
10 : 76048 39637 100886 184237 39626 76042 76052 39628 39642 100891 
10 : 182236 111903 69836 184390 111902 69835 182248 69826 111918 69850 
10 : 184519 184513 184515 62804 185750 209993 62811 185746 62805 62808 
10 : 184546 159371 184552 57048 159380 260454 57059 159384 57045 57067 
10 : 121294 184598 184597 41274 121307 121306 41267 264015 41290 41289 
10 : 184594 142413 154159 184593 142423 154173 242770 142411 142422 154169 
10 : 45562 184682 184679 184684 45567 45564 45568 198061 223368 198062 
10 : 184705 184703 184702 50472 216057 215634 50483 215630 50481 50480 
10 : 184724 90095 38479 184731 90100 38483 201305 38473 90105 38493 
10 : 113807 137641 184759 184758 113802 113814 113812 137651 137648 230355 
10 : 184968 48911 83527 184974 48919 83536 233056 48903 48925 83543 
10 : 108149 185196 142161 24232 108154 108145 24218 142170 24240 24224 
10 : 185202 139145 185193 6867 139162 212600 6888 139147 6861 6870 
10 : 375 185287 43340 150387 379 363 368 43347 150406 43331 
10 : 185284 176415 185283 185289 176421 221519 251910 176419 176425 221524 
10 : 185410 38449 104760 131530 38457 104767 131537 38439 38442 104751 
10 : 66224 185420 53131 15750 66225 53119 15736 53132 15752 15733 
10 : 4303 149662 712 185437 4302 704 4312 709 149673 726 
10 : 185474 114993 38744 185472 115005 38761 241088 38740 114997 38754 
10 : 185488 185476 83733 185483 197595 83753 246592 83735 197586 83743 
10 : 89288 178182 186054 186050 89285 89297 89293 178190 178185 209356 
10 : 186052 186051 163413 186053 219737 163424 244006 163418 219738 163425 
10 : 159998 186115 186101 75829 160021 160000 75825 186640 75852 75831 
10 : 186106 186105 186108 22474 241369 247190 22488 241371 22485 22490 
10 : 107191 124941 186144 113074 107189 107195 107186 124947 113068 113081 
10 : 54158 146518 36924 186279 54155 36912 54164 36920 146529 36938 
10 : 159999 186358 22475 186362 160006 22472 160012 22482 216864 22486 
10 : 97497 46576 186436 186438 46572 97500 97503 46581 46586 206281 
10 : 105349 186445 115227 30401 105351 105344 30391 115229 30403 30392 
10 : 184470 186551 186548 13259 184490 184479 13258 236060 13277 13268 
10 : 186596 186597 49939 68609 264636 49955 68627 49956 68628 49930 
10 : 186684 186682 186688 53703 202186 251724 53716 202190 53705 53728 
10 : 186710 186707 186711 186704 251639 258136 226241 251647 226236 226247 
10 : 150649 186794 186805 93530 150652 150661 93523 221122 93539 93552 
10 : 186958 186961 177113 144540 255901 177125 144554 177131 144562 144538 
10 : 46853 138448 146949 154897 46846 46847 46850 138444 138446 146947 
10 : 5860 187115 157404 187114 5866 5855 5865 157414 234269 157413 
10 : 58291 187216 187215 84474 58303 58300 58282 256768 84492 84490 
10 : 187221 187218 187222 68981 197884 243872 68990 197888 68983 68993 
10 : 187227 96391 157464 17462 96403 157479 17481 96387 17451 17460 
10 : 36830 181349 187301 187295 36829 36840 36835 181362 181353 216801 
10 : 187316 68424 187310 74110 68442 236435 74126 68435 68416 74118 
10 : 54849 187420 38480 187415 54862 38469 54859 38502 251021 38494 
10 : 187534 187533 178362 187538 241585 178373 246197 178370 241589 178376 
10 : 187615 187616 26848 187614 207360 26853 206747 26855 206749 26852 
10 : 31011 55461 159593 187626 31005 31008 31015 55458 55470 159606 
10 : 187625 187624 187627 99673 199294 238234 99680 199299 99674 99683 
10 : 187715 187719 154552 186915 227005 154561 186922 154566 186929 154551 
10 : 187787 187780 187789 187786 206959 255448 253056 206961 206958 253059 
10 : 187799 187806 95499 187794 243433 95506 226443 95518 226458 95502 
10 : 187873 187878 187874 187875 217978 217973 217974 230347 240018 230340 
10 : 148901 181897 187887 26258 148898 148907 26251 181903 26256 26267 
10 : 187883 187889 187881 187891 206157 189379 206166 189388 250155 189398 
10 : 107871 187899 72514 187901 107883 72505 107886 72524 259092 72532 
10 : 180032 185071 188238 188242 180029 180035 180043 185078 185088 215098 
10 : 40299 66966 156346 188292 40290 40297 40305 66963 66973 156356 
10 : 51345 188315 188314 188316 51350 51348 51351 219000 230171 219001 
10 : 188379 188375 188374 11866 240889 230077 11882 230069 11875 11873 
10 : 188421 188435 188428 188423 199630 199626 199622 249904 235886 235882 
10 : 188547 110438 4789 188542 110452 4802 207004 4781 110443 4792 
10 : 188636 188644 188640 16192 202899 202892 16196 228856 16208 16199 
10 : 186741 188840 188835 128611 186758 186745 128609 202013 128629 128615 
10 : 188849 106634 41275 188842 106641 41281 201696 41266 106635 41276 
10 : 188863 185072 113198 188858 185083 113209 213172 113196 185077 113200 
10 : 188915 33859 188916 188920 33865 210920 210933 33866 33884 211239 
10 : 155483 81 123302 189160 75 123297 155489 71 89 123309 
10 : 99255 47734 189167 181563 47730 99262 99253 47740 47733 181576 
10 : 40787 189209 189206 131191 40800 40791 40783 218063 131209 131199 
10 : 16801 93768 162003 189239 16788 16797 16802 93763 93770 162004 
10 : 99346 174555 113414 124134 99345 99338 99340 113413 124133 113409 
10 : 189348 189347 189342 167997 250811 197275 168016 197268 168012 168000 
10 : 72221 189410 134888 146448 72229 72214 72217 134898 146455 134884 
10 : 189406 189404 189413 189414 189688 208127 208129 189697 189702 256008 
10 : 142244 119951 129721 13261 119943 129714 13252 119941 13247 13249 
10 : 29779 153765 131614 142163 29772 29768 29771 131607 142157 131603 
10 : 153182 189520 189527 189528 153185 153194 153197 203755 203759 255763 
10 : 189578 189577 136814 189583 228108 136825 238071 136823 228113 136828 
10 : 189582 189581 189585 144203 239130 240821 144219 239134 144217 144223 
10 : 68527 189592 163029 189591 68536 68526 68534 163042 249911 163038 
10 : 189657 189668 189664 189658 206125 206122 206119 242887 212841 212828 
10 : 189659 189666 189660 189663 219630 219621 219627 222218 242037 222208 
10 : 98250 189756 189758 189762 98257 98260 98263 250719 250725 259019 
10 : 189769 37298 49629 189768 37304 49637 241694 37284 37302 49636 
10 : 189856 129251 189850 93408 129263 213734 93422 129253 93401 93410 
10 : 189950 14289 50589 189941 14303 50605 197529 14281 14291 50593 
10 : 19979 190025 94902 190027 19990 19976 19992 94913 257718 94915 
10 : 190124 190121 190119 190118 257760 249827 242127 249822 242121 242119 
10 : 177114 99061 190129 68052 99060 177116 68049 99064 68038 68054 
10 : 190216 141074 48307 188673 141085 48318 188684 48301 141073 48306 
10 : 190265 53509 190266 190264 53511 208001 200550 53512 53510 200558 
10 : 34315 24391 190373 122182 24376 34324 34309 24400 24385 122199 
10 : 79545 46425 160127 190368 46411 79540 79550 46419 46432 160139 
10 : 189938 83652 112483 190441 83651 112482 189943 83643 83658 112487 
10 : 81424 165860 190497 190493 81421 81434 81428 165873 165867 221028 
10 : 190589 190592 5086 172588 234622 5095 172595 5103 172603 5082 
10 : 190595 186400 190596 190590 186413 258283 252901 186415 186412 252905 
10 : 190747 143429 59707 190749 143430 59708 193292 59702 143434 59715 
10 : 190777 46933 144620 179219 46945 144629 179233 46924 46930 144618 
10 : 190795 11205 100177 190787 11218 100194 232131 11198 11215 100186 
10 : 153928 190823 170580 190824 153929 153921 153934 170582 214047 170595 
10 : 112397 190828 47171 190835 112399 47165 112408 47175 228283 47191 
10 : 35538 190841 24673 190842 35544 24662 35545 24683 245611 24686 
10 : 190914 190915 190908 190911 242531 215921 230279 215922 230281 215919 
10 : 191068 191079 191069 191080 206600 206591 206601 227851 260986 227853 
10 : 191072 191073 191074 191082 238431 238432 238438 240960 240967 243105 
10 : 191224 21426 167998 191222 21444 168020 228734 21424 21437 168004 
10 : 191240 191247 191249 191239 235401 235403 233972 260406 233983 233985 
10 : 176829 191288 158687 191287 176831 158684 176830 158689 194482 158688 
10 : 174749 191300 191314 121359 174750 174765 121358 200676 121361 121385 
10 : 191366 174734 191369 176522 174737 207537 176523 174746 174731 176528 
10 : 191381 191376 191380 171626 213835 244727 171635 213834 171627 171634 
10 : 191388 191391 191395 191387 231338 231340 231058 259904 231065 231070 
10 : 191493 155676 191495 191481 155691 259925 204515 155693 155680 204519 
10 : 188225 191539 161908 191172 188233 161905 188224 161919 191184 161907 
10 : 191609 183084 15137 176664 183085 15139 176667 15136 176662 15135 
10 : 152536 191620 191625 8023 152538 152541 8019 206369 8026 8031 
10 : 6430 174769 191701 191698 6428 6443 6434 174779 174775 227494 
10 : 141204 191703 12160 191710 141205 12155 141217 12162 193565 12180 
10 : 181076 191796 191797 58179 181082 181083 58177 237920 58192 58193 
10 : 62431 192093 175733 192099 62439 62426 62444 175743 249277 175755 
10 : 192091 192090 192084 192086 237307 218691 220515 218690 220514 218686 
10 : 83353 87665 69400 106759 83347 69389 83348 69390 87657 69391 
10 : 192213 192208 145162 192214 224837 145176 258912 145169 224840 145178 
10 : 192306 43007 21720 192308 43011 21724 220176 21706 43015 21725 
10 : 192307 167957 26214 105924 167966 26224 105931 26211 105921 26208 
10 : 176416 192326 192316 127809 176431 176420 127806 223263 127824 127811 
10 : 16226 15909 192403 192404 15893 16246 16249 15929 15932 262006 
10 : 192415 192407 149237 88223 207785 149249 88237 149239 88225 88217 
10 : 93481 136206 171314 149027 93471 93479 93475 136202 136198 149025 
10 : 37498 192617 192614 93502 37516 37513 37494 255660 93518 93517 
10 : 73664 192624 192627 192634 73670 73671 73676 232163 232173 240057 
10 : 192650 192646 192659 192649 193595 235533 229082 193607 193594 229095 
10 : 185809 192694 192691 58180 185823 185820 58178 246395 58200 58196 
10 : 192795 140923 192790 192788 140938 222319 217143 140932 140930 217132 
10 : 192851 192847 188439 192850 219788 188447 241223 188441 219787 188446 
10 : 98389 192936 192939 192937 98398 98401 98399 252156 252155 258682 
10 : 179171 192935 192930 192940 179182 179176 179185 216489 238227 216494 
10 : 192948 192950 192953 192955 242673 242677 242681 248495 248497 261673 
10 : 193111 193112 193110 193118 239788 221149 239794 221152 244091 221157 
10 : 73351 193215 160498 193223 73352 73349 73364 160499 200440 160513 
10 : 101045 193240 193245 50220 101048 101057 50208 207124 50225 50233 
10 : 104788 43378 187012 177265 43362 104785 104784 43377 43374 177263 
10 : 193287 193283 130797 193284 225917 130809 252438 130802 225916 130808 
10 : 6977 23610 193356 193359 6969 6978 6982 23611 23616 198623 
10 : 193433 182684 193438 133420 182688 222168 133429 182703 133418 133443 
10 : 66177 193521 193528 193520 66185 66189 66182 233269 228612 228621 
10 : 193522 193519 193524 193530 225252 244191 244194 225254 225257 250489 
10 : 8575 193770 132973 78398 8584 8572 8570 132982 78406 78388 
10 : 193787 43888 99063 102688 43895 99070 102699 43874 43876 99052 
10 : 101073 156430 33769 193853 101067 33749 101085 33764 156441 33782 
10 : 193952 40653 193964 154579 40656 213892 154583 40670 40651 154605 
10 : 194044 132974 194049 194043 132977 209417 195583 132981 132975 195588 
10 : 64718 144647 194186 46782 64711 64723 46767 144655 46771 46790 
10 : 194189 164964 194185 194191 164979 222547 258054 164970 164980 222552 
10 : 43261 191987 145699 31549 43260 43254 31532 145697 31548 31543 
10 : 184146 19379 194266 50221 19378 184153 50219 19389 19365 50231 
10 : 120269 194356 81221 120918 120270 81213 120264 81223 120920 81214 
10 : 194431 194433 31871 67491 210031 31874 67496 31883 67507 31858 
10 : 194438 183837 107455 194434 183852 107472 258359 107453 183846 107466 
10 : 50743 194506 194499 194504 50756 50748 50755 221909 263024 221906 
10 : 178722 194610 179005 17603 178724 178719 17598 179007 17605 17600 
10 : 194761 63579 194752 178476 63587 205938 178496 63580 63577 178478 
10 : 122948 194824 67348 194829 122957 67342 122963 67358 251934 67366 
10 : 114759 194903 194911 126328 114762 114776 114753 230303 126333 126345 
10 : 148823 88745 68193 194934 88740 68189 148833 68181 88756 68205 
10 : 176174 194932 194929 154899 176180 176178 154896 211900 154909 154903 
10 : 194991 194986 194988 178099 198723 221516 178110 198718 178100 178104 
10 : 195029 195031 5759 177450 260290 5770 177467 5771 177469 5758 
10 : 195092 195091 195089 195087 264032 261840 259103 261837 259101 259097 
10 : 118363 141509 35154 195243 118361 35144 118369 35148 141517 35168 
10 : 195321 84658 159790 173869 84666 159798 173882 84655 84657 159787 
10 : 128983 86473 194597 195417 86469 128982 128985 86472 86475 194601 
10 : 195416 195420 126271 195423 201991 126273 201997 126277 237377 126283 
10 : 112328 128146 195463 158146 112322 112330 112325 128149 128143 158150 
10 : 195483 152661 195479 195481 152664 211607 214783 152662 152663 211606 
10 : 81882 191096 195625 195627 81881 81895 81896 191104 191106 242179 
10 : 10025 195701 195712 195708 10028 10036 10034 208880 208874 255823 
10 : 195710 56633 131658 195705 56646 131677 247304 56629 56642 131673 
10 : 133655 195779 170967 167497 133661 133654 133653 170979 167511 167495 
10 : 195806 15708 125729 62664 15725 125746 62678 15700 15696 62655 
10 : 196010 82241 137532 196006 82250 137545 225277 82235 82246 137539 
10 : 190450 193298 196082 25018 190449 190456 25016 193305 25017 25029 
10 : 188297 196252 196245 81616 188307 188300 81612 217476 81633 81620 
10 : 196316 89987 92485 114401 89990 92486 114404 89976 89978 92476 
10 : 117764 196654 87062 196655 117774 87052 117777 87080 258658 87082 
10 : 64841 196667 196668 18521 64842 64844 18510 206356 18522 18525 
10 : 111397 196814 97827 196815 111398 97815 111401 97834 240517 97835 
10 : 156321 196830 167095 196822 156334 156318 156324 167110 213784 167098 
10 : 196823 196826 196832 196820 213848 213854 204434 244418 204438 204447 
10 : 66505 196843 196835 196839 66528 66507 66514 224586 249241 224577 
10 : 97801 190634 196844 75736 97800 97802 75724 190635 75735 75739 
10 : 196915 108060 196913 196910 108075 249357 226753 108066 108064 226746 
10 : 176189 197055 197056 85248 176197 176198 85242 243389 85256 85257 
10 : 197051 138640 41807 197054 138644 41811 222348 41803 138650 41814 
10 : 33559 197070 197060 197062 33573 33560 33561 204158 211976 204145 
10 : 197072 65529 14939 197075 65537 14946 240219 14927 65540 14949 
10 : 197127 54530 197128 197126 54536 233322 228380 54541 54535 228384 
10 : 155289 197142 25285 45646 155297 25276 45640 25301 45668 25270 
10 : 189271 180011 197144 194807 180007 189272 189269 180013 180010 194809 
10 : 194579 19857 197213 197212 19856 194586 194585 19864 19862 260831 
10 : 197281 197282 197287 143580 235431 235437 143591 245195 143594 143602 
10 : 6522 121505 197300 197297 6512 6538 6533 121518 121514 251585 
10 : 144362 179834 151971 197295 144360 144358 144373 151969 179842 151981 
10 : 187791 197392 47367 197397 187800 47365 187803 47376 247239 47382 
10 : 36621 197482 197485 131494 36635 36637 36615 253246 131516 131520 
10 : 197476 197483 197486 197473 219572 219576 199469 253745 199483 199486 
10 : 21140 49547 5154 197545 21134 5137 21145 5140 49561 5171 
10 : 197551 65749 197548 137286 65754 207200 137299 65750 65742 137289 
10 : 197633 197623 197634 117094 207841 264635 117115 207844 117097 117118 
10 : 14469 149304 3347 197713 14464 3328 14487 3339 149321 3359 
10 : 197838 197833 197832 197835 241090 239389 252500 239380 241083 239385 
10 : 197865 49684 99527 104390 49699 99543 104410 49677 49678 99515 
10 : 197954 197950 128924 197955 229920 128938 253226 128930 229926 128946 
10 : 48887 172539 195663 198027 48882 48886 48888 172538 172543 195664 
10 : 198046 51875 25909 184978 51884 25921 184989 25897 51874 25906 
10 : 198101 198099 198103 198100 255285 263339 258827 255286 255280 258830 
10 : 198130 198136 128925 198133 259713 128942 259710 128947 261936 128944 
10 : 25481 163233 150054 198294 25477 25476 25482 150047 163235 150056 
10 : 198581 198576 95559 198579 247464 95576 263519 95565 247462 95573 
10 : 150872 198652 156222 87449 150874 150869 87444 156225 87451 87445 
10 : 193379 193710 94556 198664 193376 94554 193390 94555 193716 94565 
10 : 198820 198819 198823 198824 237090 237719 237722 237093 237095 248802 
10 : 198844 99899 58756 198849 99900 58757 200901 58746 99910 58765 
10 : 124995 198913 123806 175151 124999 123793 124991 123813 175158 123804 
10 : 192785 198993 64624 199001 192786 64622 192792 64625 201764 64640 
10 : 162565 67826 179562 199007 67821 162562 162570 67823 67832 179571 
10 : 50650 199029 199024 135227 50657 50651 50642 207049 135235 135229 
10 : 199087 163101 199082 399 163109 226609 411 163103 396 402 
10 : 46390 199185 73311 199184 46403 46383 46402 73325 252535 73324 
10 : 108036 199275 122973 172940 108054 108031 108034 122990 172962 122968 
10 : 199335 34514 69415 199332 34529 69428 231185 34505 34524 69424 
10 : 199347 199342 68194 154900 221751 68203 154912 68197 154904 68190 
10 : 55839 37772 171917 199359 37760 55835 55855 37768 37790 171938 
10 : 31484 180555 69149 199426 31481 31478 31493 69146 180561 69162 
10 : 199420 30331 76241 108217 30334 76244 108219 30324 30326 76235 
10 : 199662 36116 199656 102801 36130 223036 102821 36118 36110 102805 
10 : 199700 73014 69946 199690 73024 69961 202992 69936 73015 69947 
10 : 176707 199907 174027 81080 176722 174024 81078 174046 81103 81077 
10 : 199974 81884 199976 199977 81892 240263 240264 81897 81898 258036 
10 : 142527 152232 64369 200053 142524 64356 142538 64357 152241 64380 
10 : 200080 200077 53976 200086 240791 53991 252265 53985 240797 53998 
10 : 26515 55873 200121 80030 26508 26525 26509 55878 55857 80035 
10 : 36595 107485 200184 200187 36585 36600 36606 107491 107500 223449 
10 : 200207 120630 8796 200212 120636 8805 248035 8788 120639 8810 
10 : 200265 200261 200260 200264 247202 239737 262391 239731 247201 239736 
10 : 146214 200283 200281 200282 146225 146222 146224 235015 237450 235014 
10 : 200362 34029 200361 124277 34044 264211 124296 34042 34020 124294 
10 : 55874 200428 126526 3578 55880 55861 3554 126542 3596 3564 
10 : 200453 104599 129838 200448 104613 129847 233751 104591 104605 129844 
10 : 134163 8733 200495 80651 8730 134168 80647 8743 8724 80660 
10 : 200575 200573 200576 51514 257099 258613 51528 257104 51525 51531 
10 : 157450 158789 79059 200733 157448 79051 157459 79052 158798 79072 
10 : 19827 177039 200743 79223 19826 19838 19819 177050 79217 79242 
10 : 200736 200737 123118 200735 218904 123123 208835 123124 208836 123121 
10 : 173984 200802 134164 136119 173989 134157 136115 134166 136122 134154 
10 : 19034 200812 116882 53567 19042 19030 19027 116894 53576 53556 
10 : 200828 97706 200826 171242 97714 238825 171253 97711 97701 171249 
10 : 113596 200983 200988 32603 113598 113602 32594 249741 32611 32622 
10 : 200981 200984 130113 200982 247008 130120 247006 130124 249038 130121 
10 : 201173 201181 201175 201183 209003 208993 209006 227620 259719 227625 
10 : 121779 201266 201262 135793 121788 121784 121774 217584 135809 135796 
10 : 8882 201348 176541 201349 8891 8880 8893 176553 258485 176556 
10 : 197387 73786 201404 201401 73785 197398 197393 73796 73792 248082 
10 : 190677 90809 190706 201421 90804 190675 190684 90805 90815 190715 
10 : 17408 201495 32567 195981 17413 17392 17406 32578 195993 32566 
10 : 167716 201664 201668 73947 167717 167724 73941 208982 73949 73959 
10 : 201761 201757 101930 159922 211312 101940 159928 101932 159924 101925 
10 : 148178 1028 201809 162320 1023 148187 148176 1036 1025 162326 
10 : 201951 72068 139219 77591 72072 139226 77599 72061 72057 77581 
10 : 202101 107639 202106 76945 107643 241749 76950 107653 76932 76964 
10 : 200027 76757 140401 106894 76756 140400 106892 76749 76748 106885 
10 : 149832 83797 202169 202168 83790 149837 149834 83804 83799 211467 
10 : 79293 202174 48498 202175 79297 48487 79301 48503 228719 48506 
10 : 90499 202220 200089 202215 90508 90498 90503 200102 227791 200094 
10 : 200968 192622 202248 202252 192621 200971 200979 192625 192635 237253 
10 : 202355 153184 202357 202361 153187 212350 212354 153190 153193 228600 
10 : 43701 202414 202403 170299 43711 43704 43696 216708 170324 170301 
10 : 187548 128681 202412 202409 128677 187561 187553 128694 128689 238493 
10 : 202511 99032 122428 137059 99034 122431 137061 99026 99027 122421 
10 : 202767 16638 153945 25949 16642 153952 25955 16632 16625 25941 
10 : 83880 148065 28576 168898 83871 28566 83875 28571 148061 28574 
10 : 202786 202782 23065 187361 208565 23072 187365 23066 187362 23061 
10 : 151636 202801 164030 202802 151647 151634 151648 164044 257892 164045 
10 : 143816 202857 29358 1397 143822 29353 1395 29367 1406 1378 
10 : 202894 119472 106659 12631 119477 106667 12645 106650 12621 12620 
10 : 203016 8734 112376 7542 8738 112380 7546 8728 7519 7533 
10 : 195868 123119 7503 185845 123116 7501 185844 7492 123113 7499 
10 : 203226 202808 129944 5157 202811 129951 5164 129943 5156 5146 
10 : 203281 203289 114662 203283 225304 114665 225296 114675 235346 114667 
10 : 203318 6645 203326 165630 6650 224188 165632 6661 6641 165644 
10 : 176708 203402 159204 117938 176720 159201 117931 159217 117954 117928 
10 : 70065 86250 203415 203425 70054 70069 70075 86256 86264 219612 
10 : 203473 51236 203470 203472 51253 244420 264747 51245 51252 244419 
10 : 148284 202947 77593 156118 148283 77582 148277 77592 156117 77584 
10 : 148989 203625 203626 65291 148991 148995 65281 226424 65298 65305 
10 : 203631 203635 94300 203634 234116 94308 234115 94314 255632 94313 
10 : 175210 193483 59381 106176 175207 59378 106167 59380 106173 59373 
10 : 194765 192874 203720 43954 192873 194770 43950 192882 43949 43966 
10 : 203722 181631 169180 183474 181645 169196 183485 169174 181627 169175 
10 : 203791 203795 165631 32302 227420 165634 32306 165636 32308 32297 
10 : 148904 203862 196869 40530 148908 148903 40520 196878 40538 40528 
10 : 204022 129458 204025 188889 129462 222747 188895 129465 129456 188903 
10 : 204167 71589 81473 132295 71594 81479 132304 71577 71580 81466 
10 : 59382 99176 13120 204193 59371 13104 59396 13109 99189 13130 
10 : 196103 186391 132082 196218 186387 132078 196101 132074 186388 132079 
10 : 204316 42889 176457 204315 42900 176468 256711 42888 42898 176465 
10 : 121940 204384 204387 204385 121954 121959 121956 263585 263582 264274 
10 : 177054 156977 204407 204414 156975 177060 177069 156981 156996 237371 
10 : 55507 204461 166342 204462 55514 55502 55516 166354 261726 166355 
10 : 189775 204465 118180 95364 189776 118179 95358 118181 95365 95347 
10 : 204469 204466 204472 83257 221766 239113 83266 221769 83259 83270 
10 : 204479 202255 204480 167610 202265 260774 167623 202266 167609 167624 
10 : 80119 204527 204529 137288 80126 80129 80112 237404 137297 137301 
10 : 1922 37944 140621 204537 1913 1918 1930 37940 37953 140634 
10 : 107618 109111 204552 204564 107607 107619 107628 109113 109126 209572 
10 : 68111 186057 81062 204886 68109 68103 68119 81058 186061 81067 
10 : 204889 89107 191679 63735 89113 191691 63746 89104 63722 63733 
10 : 74950 128463 135343 36472 74945 74947 36461 128457 36464 36467 
10 : 6320 110157 153018 14363 6312 6316 6307 110152 14346 14353 
10 : 205159 142142 124801 74382 142148 124809 74391 124794 74373 74370 
10 : 205221 3793 205220 205222 3799 215465 229265 3797 3801 215467 
10 : 201834 205237 205236 3580 201837 201836 3579 216848 3585 3583 
10 : 186487 205315 205310 205313 186495 186488 186494 217194 259358 217191 
10 : 52595 185569 105044 205381 52593 52588 52599 105041 185572 105047 
10 : 205515 101545 74259 114433 101547 74262 114438 74245 101529 74248 
10 : 152451 157337 157517 205531 152447 152448 152461 157332 157350 157530 
10 : 196025 112354 205603 129920 112351 196030 129917 112363 112345 129926 
10 : 205605 205601 143892 93014 221561 143901 93029 143893 93015 93004 
10 : 178987 205612 205610 205613 178995 178992 178998 247964 253467 247965 
10 : 147398 176436 42345 205626 147394 42340 147413 42341 176449 42362 
10 : 205813 205811 135202 205816 253690 135216 261291 135213 253695 135221 
10 : 205842 59681 152012 172300 59692 152024 172322 59677 59678 152010 
10 : 51378 74776 9962 205879 51362 9944 51386 9948 74789 9978 
10 : 143956 133886 205926 205930 133877 143959 143964 133889 133897 214663 
10 : 84400 10027 53107 205970 10018 53097 84405 10014 10033 53114 
10 : 1840 188571 109820 200165 1838 1834 1839 109815 188569 109818 
10 : 84938 206274 206270 206271 84950 84945 84946 252331 258245 252327 
10 : 206341 206343 61529 8941 243320 61535 8946 61536 8947 8927 
10 : 206404 206403 143957 206405 258458 143969 259350 143968 258462 143974 
10 : 149405 30365 206437 130281 30359 149414 130271 30374 30358 130293 
10 : 177501 206472 168613 26553 177506 168611 26548 168616 26555 26547 
10 : 206490 163066 206480 178287 163081 210956 178308 163067 163064 178289 
10 : 82465 160500 206709 206716 82457 82469 82474 160508 160515 245271 
10 : 53819 172839 206724 172301 53815 53823 53814 172844 172297 172312 
10 : 206778 193250 91217 147669 193251 91218 147670 91214 147668 91210 
10 : 151856 169335 206796 95899 151851 151865 95892 169353 95895 95918 
10 : 206859 206855 206858 159086 227251 260861 159095 227249 159091 159094 
10 : 206864 206868 40532 26262 242685 40539 26268 40545 26276 26238 
10 : 22107 206881 206872 47050 22117 22110 22093 226889 47064 47052 
10 : 159649 206967 206970 206968 159651 159654 159652 218239 218236 223905 
10 : 184774 64739 207027 207032 64737 184780 184789 64743 64749 228886 
10 : 132676 43741 207037 207038 43733 132681 132683 43748 43750 248241 
10 : 123355 57014 207160 207164 57007 123356 123363 57015 57023 219942 
10 : 67752 64301 207174 202591 64286 67763 67750 64311 64300 202605 
10 : 207218 207210 118437 207219 228091 118445 261300 118438 228093 118447 
10 : 207319 207320 193818 122664 214359 193820 122665 193823 122670 122661 
10 : 207385 135768 207387 207384 135776 247979 232089 135778 135771 232091 
10 : 123210 51483 207398 207405 51475 123213 123225 51485 51496 222791 
10 : 206883 143004 163416 1878 143003 163415 1877 143000 1868 1871 
10 : 207420 207415 64683 102444 253760 64705 102464 64694 102454 64674 
10 : 173179 186893 207518 207505 173175 173186 173181 186903 186894 208437 
10 : 207514 207517 207512 207509 238531 230454 218535 230459 218540 218533 
10 : 207545 207550 159698 207547 250476 159707 250472 159717 260611 159711 
10 : 207546 207548 111664 207540 260535 111675 239146 111677 239149 111667 
10 : 138955 207562 207560 207563 138968 138964 138969 246712 259250 246713 
10 : 111366 207822 207824 207826 111369 111370 111375 232897 232901 236599 
10 : 130333 207819 8942 207829 130334 8933 130346 8943 212583 8959 
10 : 138887 24537 203834 31130 24528 138886 31120 24536 24518 31129 
10 : 207898 207897 182151 24862 215455 182154 24865 182153 24864 24858 
10 : 207982 37359 207991 207993 37361 213470 213472 37369 37371 252769 
10 : 207985 96638 207986 207983 96642 236782 217463 96643 96641 217464 
10 : 115592 208138 461 188343 115600 452 115590 473 188355 458 
10 : 161500 208159 98434 208154 161506 98426 161502 98441 219560 98437 
10 : 188666 8422 208171 83531 8419 188667 83528 8426 8409 83534 
10 : 208236 70379 29679 11047 70383 29682 11052 29664 11031 11029 
10 : 150323 208300 89108 208302 150331 89098 150333 89117 263253 89119 
10 : 7755 9245 208373 208375 7745 7764 7766 9251 9254 258033 
10 : 160646 118728 208390 129187 118723 160656 129177 118743 118720 129203 
10 : 208459 208453 67019 158765 235940 67035 158783 67025 158771 67009 
10 : 163897 58813 208598 142923 58811 163906 142917 58829 58810 142940 
10 : 21049 208738 133542 208740 21057 21043 21060 133556 255169 133560 
10 : 208736 16232 208739 139952 16237 228954 139955 16244 16222 139968 
10 : 207923 208744 208748 64217 207927 207929 64216 228941 64224 64226 
10 : 43889 208818 208811 208814 43897 43893 43894 217203 245115 217198 
10 : 208853 208854 204501 156643 260221 204516 156660 204518 156661 156642 
10 : 208931 57265 208934 70380 57266 230816 70382 57273 57254 70392 
10 : 92096 200267 123446 187269 92095 92090 92094 123445 187267 123441 
10 : 68805 168688 199636 48653 68801 68803 48636 168686 48642 48651 
10 : 71025 209173 209179 142468 71031 71032 71017 234801 142472 142484 
10 : 209222 209227 4503 78433 214736 4504 78436 4515 78450 4489 
10 : 95981 162706 209235 209233 95977 95990 95985 162717 162714 257011 
10 : 209236 209237 46304 128799 213590 46305 128801 46313 128802 46299 
10 : 209252 96084 209258 163032 96089 231389 163035 96097 96079 163046 
10 : 209433 209438 23188 209439 224992 23192 224993 23202 254210 23203 
10 : 5065 1516 205432 155731 1501 5063 5057 1514 1510 155730 
10 : 55895 111153 209520 209515 55884 55905 55897 111163 111156 233447 
10 : 209514 28611 206076 209513 28613 206079 209829 28610 28612 206077 
10 : 209581 209579 86379 209577 249222 86388 222142 86386 222139 86382 
10 : 87424 148121 100180 209591 87418 87415 87428 100171 148126 100185 
10 : 209666 103284 209665 184823 103300 256500 184841 103299 103282 184840 
10 : 111852 171697 163009 209811 111846 111845 111854 163003 171702 163016 
10 : 206504 209866 20369 175050 206508 20368 175049 20374 175055 20367 
10 : 174540 209873 209876 158480 174542 174547 158469 212800 158483 158486 
10 : 12706 207507 205247 209896 12703 12702 12713 205245 207521 205259 
10 : 35125 209906 202493 107850 35130 35123 35109 202495 107854 107848 
10 : 141349 31094 209964 209954 31089 141359 141352 31108 31097 223970 
10 : 135963 71405 210053 78769 71398 135967 78766 71411 71394 78779 
10 : 70042 210077 97445 68986 70043 70037 68967 97446 68987 68972 
10 : 210191 162726 43800 126552 162734 43809 126560 43792 126547 43787 
10 : 210395 210396 210397 105182 260581 260582 105203 260694 105204 105205 
10 : 46392 210411 210412 210404 46404 46406 46393 261002 211690 211692 
10 : 113649 97803 210417 210418 97796 113658 113659 97810 97812 262847 
10 : 210483 210478 210481 210474 251515 264111 215341 251513 215329 215338 
10 : 16160 210484 210485 210486 16162 16163 16164 211353 211354 212392 
10 : 210545 210546 62382 210549 244678 62389 244682 62391 246825 62395 
10 : 210568 210571 210569 210565 240907 240904 228010 241061 228013 228011 
10 : 150172 210706 210708 210709 150186 150190 150191 257459 257461 264003 
10 : 124648 111785 72516 20370 111777 72509 20359 72506 20356 20352 
10 : 153283 81318 210829 210835 81315 153289 153293 81321 81326 243292 
10 : 198106 210827 210837 210830 198108 198117 198109 238151 238142 244505 
10 : 210850 99754 171516 194367 99766 171528 194379 99745 99751 171512 
10 : 116387 210975 156201 66263 116393 116380 66249 156207 66268 66255 
10 : 210974 147173 210976 64626 147179 222315 64635 147181 64617 64639 
10 : 209693 210985 90127 185364 209699 90126 185363 90136 185372 90124 
10 : 211084 147518 211085 208429 147524 233379 208433 147525 147517 208434 
10 : 193045 51796 211113 211118 51794 193048 193053 51803 51809 255081 
10 : 211126 189344 21434 60411 189350 21443 60426 21425 60409 21412 
10 : 160284 43801 15710 127929 43790 15705 127925 15694 43788 15702 
10 : 211132 211135 59437 161532 258560 59448 161545 59453 161551 59429 
10 : 211141 201983 211136 211143 201994 211468 243549 201984 202000 211470 
10 : 211191 211187 211190 211192 217144 251244 260363 217140 217148 251246 
10 : 18584 91678 196769 211259 18573 18582 18588 91676 91684 196776 
10 : 104733 55464 179936 211266 55453 104731 104741 55460 55472 179943 
10 : 20152 211349 175590 168421 20157 20148 20146 175596 168430 168416 
10 : 70624 154049 211434 12460 70619 70629 12443 154053 12456 12466 
10 : 175320 100510 211476 41417 100509 175325 41413 100518 41398 41428 
10 : 211481 14941 211486 211490 14942 227574 227577 14953 14958 254316 
10 : 211574 211577 211578 105183 212654 212655 105184 227197 105187 105189 
10 : 211718 211719 211713 176670 256097 226089 176680 226090 176681 176675 
10 : 178725 183404 211730 70244 178721 178732 70236 183414 70240 70257 
10 : 174366 160563 196434 211784 160558 174365 174370 160560 160570 196438 
10 : 211863 40017 121964 211864 40026 121972 253195 40013 40031 121977 
10 : 211919 10537 211925 185171 10543 249858 185182 10550 10534 185188 
10 : 212055 126553 65691 161533 126555 65694 161535 65679 126546 65684 
10 : 182793 212068 97828 189130 182796 97823 182790 97831 189136 97825 
10 : 212086 212083 188498 212084 254624 188518 259868 188505 254621 188509 
10 : 176835 212140 204068 73821 176841 176833 73815 204080 73829 73819 
10 : 212209 169378 197815 180614 169388 197825 180630 169373 169371 180610 
10 : 212265 212262 42493 166905 215571 42498 166909 42494 166906 42490 
10 : 212332 110100 212330 131877 110115 251938 131891 110110 110091 131888 
10 : 1487 212346 212345 101933 1490 1489 1478 214608 101937 101936 
10 : 203025 212424 36327 212423 203035 36325 203034 36339 263789 36338 
10 : 212444 17254 212447 16838 17263 248234 16847 17268 16816 16853 
10 : 212510 61265 212507 144924 61270 245389 144933 61269 61257 144930 
10 : 212553 212549 154372 212548 248404 154379 240333 154378 240328 154377 
10 : 75085 81979 212559 212556 75075 75090 75086 81989 81980 222474 
10 : 212563 79294 212561 212566 79299 213686 244379 79295 79302 213688 
10 : 201577 209669 212709 212711 201575 201580 201585 209670 209678 223225 
10 : 191646 159875 212715 105185 159870 191650 105177 159877 105173 105188 
10 : 212714 68402 200376 212718 68403 200377 217975 68398 68409 200381 
10 : 35363 11657 212756 76132 11640 35377 35354 11671 11642 76148 
10 : 185245 212749 212760 163615 185250 185260 163612 248569 163621 163634 
10 : 194777 102192 120926 144010 102184 120919 144002 102173 102175 120912 
10 : 68507 61706 15141 17732 61691 15127 17718 15125 17717 15123 
10 : 155662 212853 212851 147478 155665 155664 147468 233050 147486 147483 
10 : 212921 212920 212915 211220 260867 216203 211235 216202 211233 211222 
10 : 142042 213017 150578 213012 142055 142036 142051 150591 253276 150587 
10 : 4429 213054 213048 213060 4436 4430 4440 217141 254365 217149 
10 : 213049 213051 173418 213053 222313 173420 222318 173424 227091 173427 
10 : 99149 180509 213084 213093 99145 99150 99165 180511 180524 220758 
10 : 213122 61914 180484 213115 61922 180502 232207 61910 61916 180490 
10 : 68167 212245 213187 213186 68166 68171 68170 212250 212249 240369 
10 : 213204 212310 122789 173118 212325 122799 173133 122788 173117 122781 
10 : 213242 91964 200679 85382 91966 200682 85386 91962 85371 85379 
10 : 213451 196435 181471 141776 196437 181474 141780 181467 141772 141771 
10 : 213463 89009 42216 19710 89024 42226 19724 42199 19693 19685 
10 : 213488 213484 106028 213486 261488 106043 262435 106038 261486 106039 
10 : 213507 213509 213510 211221 219802 219804 211224 262447 211236 211238 
10 : 142886 163995 202574 64334 142876 142881 64318 163992 64323 64331 
10 : 195530 182047 213662 213656 182046 195541 195534 182058 182049 247442 
10 : 208882 213792 183284 6872 208884 183281 6869 183286 6875 6866 
10 : 177815 204419 213825 213827 177813 177820 177822 204425 204428 256873 
10 : 141719 213872 213880 95474 141720 141727 95464 221012 95476 95487 
10 : 213940 192055 213943 213948 192056 226547 226552 192059 192065 229131 
10 : 213996 214001 21957 189460 246899 21962 189467 21971 189474 21953 
10 : 191907 214004 214007 119429 191909 191917 119425 248347 119435 119442 
10 : 192801 30052 49781 209065 30047 49778 192800 30039 30050 49780 
10 : 187904 142333 73048 172944 142330 73044 172938 73034 142327 73039 
10 : 94995 60826 211203 214130 60816 94994 95000 60825 60831 211206 
10 : 18374 214295 151775 21395 18379 18366 18357 151779 21399 21386 
10 : 214452 112259 214451 214454 112268 257532 258699 112267 112269 257535 
10 : 214479 70211 214481 214484 70214 232249 232251 70218 70221 243353 
10 : 214518 214516 171407 214520 254768 171419 260604 171417 254771 171420 
10 : 67679 156864 75310 121364 67671 67666 67668 75302 121355 75300 
10 : 214523 214527 214531 167500 226676 226679 167503 258206 167514 167524 
10 : 214566 214567 90971 42929 262502 90982 42936 90983 42938 42911 
10 : 17674 23943 177165 214570 17658 17669 17675 23941 23945 177166 
10 : 91804 82863 177079 214572 82848 91799 91810 82858 82871 177085 
10 : 214573 214568 149340 214569 222852 149350 226183 149341 222846 149342 
10 : 214635 26042 214636 45380 26049 250682 45393 26050 26028 45395 
10 : 214654 161434 214652 191766 161448 260879 191782 161446 161429 191780 
10 : 117167 172457 214782 101195 117164 117177 101185 172467 101191 101216 
10 : 214863 214859 214865 214860 215312 241272 217403 215314 215307 217405 
10 : 214876 191921 214877 155732 191928 247285 155737 191929 155727 155739 
10 : 214992 201430 73158 214993 201437 73164 249563 73154 201440 73167 
10 : 123401 214996 112355 58185 123402 112343 58173 112356 58186 58171 
10 : 194386 215016 215012 215010 194401 194395 194394 254781 247211 247205 
10 : 131471 97671 215059 130064 97662 131472 130049 97673 97661 130066 
10 : 215064 168579 208407 215065 168588 208418 254964 168577 168589 208420 
10 : 215078 215085 215079 131058 216842 216838 131060 234546 131073 131067 
10 : 78902 196040 205206 215139 78896 78899 78906 196038 196047 205210 
10 : 149452 215216 215213 88883 149462 149460 88870 263203 88895 88893 
10 : 215207 215208 215211 171333 236881 236882 171337 245531 171338 171340 
10 : 62218 210173 184738 127218 62217 62212 62207 184737 127217 127211 
10 : 85218 215279 118629 215282 85220 85213 85226 118630 216997 118632 
10 : 207464 215354 159309 215353 207468 159308 207467 159311 244768 159310 
10 : 132127 215433 180784 108220 132144 132125 108209 180796 108233 108213 
10 : 174838 215528 215522 70808 174848 174841 70802 237033 70819 70812 
10 : 2896 112064 197029 63781 2882 2893 2881 112060 63765 63776 
10 : 215612 65508 215610 184177 65514 248417 184186 65512 65503 184183 
10 : 51320 210856 92333 215675 51318 51313 51329 92332 210869 92350 
10 : 74028 215686 215687 215682 74039 74042 74036 263860 255259 255261 
10 : 100996 215733 49408 215732 101000 49398 100999 49412 224166 49411 
10 : 33141 215813 215817 215816 33144 33150 33147 228666 228664 233961 
10 : 215820 215825 215827 215826 246568 246571 246569 261714 261711 262803 
10 : 106505 215831 215828 215835 106509 106507 106519 229929 243959 229939 
10 : 118796 215895 215891 19119 118811 118797 19112 219351 19140 19120 
10 : 181151 215896 99904 215902 181152 99895 181156 99906 219604 99916 
10 : 78181 16673 215904 215912 16657 78182 78190 16674 16686 216015 
10 : 215967 188931 215969 198618 188933 227234 198622 188936 188929 198624 
10 : 47246 176988 170767 98309 47242 47241 47234 170763 98302 98299 
10 : 216043 90364 216040 198258 90370 224169 198265 90368 90361 198261 
10 : 197403 216108 154224 212948 197404 154218 197402 154225 212949 154223 
10 : 216118 216119 7064 92733 225165 7066 92735 7068 92737 7057 
10 : 216144 216142 172107 188891 262493 172123 188913 172122 188911 172105 
10 : 216192 34057 9273 213299 34071 9289 213312 9257 34056 9272 
10 : 129443 20096 84038 188346 20086 84024 129440 20081 20095 84034 
10 : 216320 216324 216317 216321 236712 220857 236707 220866 237810 220858 
10 : 187424 216460 125267 4188 187433 125263 4183 125281 4202 4177 
10 : 216466 45044 216472 216467 45047 222899 222890 45054 45048 224540 
10 : 31486 216619 76245 187176 31496 31479 31483 76254 187190 76240 
10 : 216683 82265 180592 216690 82272 180599 246647 82258 82281 180607 
10 : 59440 216746 216747 16330 59442 59445 16312 221264 16331 16333 
10 : 154857 216754 159265 128370 154870 154855 128366 159275 128385 128367 
10 : 216815 213650 216818 216819 213652 223243 223244 213654 213655 237239 
10 : 216830 210364 201679 54249 210373 201688 54262 201677 54246 54245 
10 : 43311 12280 80959 176797 12260 43296 43305 12264 12278 80953 
10 : 111998 110664 208562 116537 110654 111997 111991 110661 110655 116535 
10 : 32131 199311 217082 217078 32128 32139 32134 199323 199314 231532 
10 : 36980 143737 145801 217094 36972 36973 36981 143732 143738 145802 
10 : 217101 217111 217105 217110 228767 228763 228765 254009 263262 254008 
10 : 217129 217130 217131 167302 261166 261168 167316 264333 167318 167320 
10 : 217152 175622 21535 217151 175633 21545 259383 21532 175629 21541 
10 : 175981 217177 105186 158990 175993 105175 158984 105201 159005 105172 
10 : 217214 125391 147794 70550 125393 147797 70551 125384 70537 70539 
10 : 217233 29878 217237 51095 29884 247762 51102 29888 29865 51109 
10 : 217303 217304 76527 217299 257954 76540 243304 76541 243305 76534 
10 : 25209 217310 137262 66408 25218 25205 25201 137274 66420 66391 
10 : 217325 165162 129698 174054 165175 129712 174072 129690 165155 129692 
10 : 217372 217373 186556 174771 264317 186566 174785 186568 174787 174768 
10 : 203442 217430 169252 196055 203443 169251 196054 169256 196059 169250 
10 : 181803 217439 138807 128617 181813 138800 128608 138816 128634 128603 
10 : 55328 217442 10497 7316 55329 10486 7305 10498 7317 7299 
10 : 58093 217516 154070 217515 58101 58089 58099 154083 256106 154078 
10 : 104423 27151 217522 217524 27135 104432 104434 27158 27159 256938 
10 : 217626 109533 43743 6524 109534 43744 6525 43731 6511 6509 
10 : 38550 167803 11704 181572 38545 11677 38546 11691 167796 11694 
10 : 58939 217693 217694 102711 58942 58943 58933 233733 102714 102717 
10 : 45045 163375 155398 217748 45042 45041 45052 155393 163379 155405 
10 : 198442 87690 52357 121262 87687 52355 121260 52340 87675 52343 
10 : 126600 217760 168491 179029 126601 126592 126594 168494 179032 168487 
10 : 142680 9182 217813 217814 9171 142681 142683 9183 9185 225218 
10 : 217897 217903 63626 217898 229081 63628 229073 63638 236107 63630 
10 : 97524 217910 464 87339 97532 450 87319 469 87345 449 
10 : 161003 217969 191819 153429 161006 161001 153420 191823 153435 153426 
10 : 66019 218025 213369 218019 66027 66017 66020 213376 221027 213370 
10 : 103129 186058 179551 118540 103125 103124 103120 179549 118535 118533 
10 : 164566 143833 171334 108774 143828 164561 108765 143829 108762 108766 
10 : 218157 93358 46307 218155 93362 46312 235515 46295 93360 46310 
10 : 114703 104515 218164 63782 104503 114706 63766 104519 63763 63787 
10 : 218221 130335 218224 88106 130338 241456 88109 130345 88094 88117 
10 : 218282 157279 218289 127347 157281 224256 127348 157292 127341 127354 
10 : 218296 218295 132808 218292 246111 132816 220145 132815 220144 132809 
10 : 218297 218300 218301 218298 246497 246498 246494 256285 251572 251573 
10 : 126793 218428 203129 194301 126796 126791 126789 203132 194304 194297 
10 : 52543 218467 216082 139349 52552 52542 52530 216101 139362 139348 
10 : 102842 194070 172689 167588 102838 102836 102833 172682 167581 167579 
10 : 138276 169203 21536 157944 138274 21524 138270 21530 157936 21527 
10 : 185914 218716 66266 218070 185925 66259 185913 66278 218084 66265 
10 : 218727 176544 218718 126188 176558 227555 126196 176546 126180 126189 
10 : 162687 218752 218751 197520 162692 162691 162684 235143 197526 197525 
10 : 218824 180014 124711 187681 180025 124723 187691 124701 180006 124703 
10 : 218844 218846 181177 37474 260369 181189 37482 181191 37484 37468 
10 : 218845 112121 218848 156890 112129 261062 156904 112135 112116 156910 
10 : 208449 218882 108646 218884 208451 108644 208455 108649 229699 108655 
10 : 218892 135408 91189 218894 135412 91193 251170 91180 135417 91198 
10 : 25559 218968 49687 29969 25560 25547 25543 49688 29971 29952 
10 : 123539 218983 137998 218985 123545 123533 123546 138005 252756 138007 
10 : 64861 219026 219024 199852 64873 64868 64860 257757 199868 199865 
10 : 174634 129883 18341 72250 129877 18336 72246 18331 72242 18325 
10 : 204894 219157 184899 33905 204903 184895 33900 184907 33917 33898 
10 : 219240 170944 69188 120512 170945 69189 120513 69182 120504 69177 
10 : 94241 219251 186628 219253 94242 94234 94244 186630 232362 186633 
10 : 219320 219028 219319 219314 219038 260570 232127 219037 219033 232126 
10 : 187632 210934 219371 219369 187631 187640 187635 210940 210935 228020 
10 : 10769 49632 83157 219461 10754 10756 10770 49620 49633 83158 
10 : 219506 219507 36731 4465 227868 36733 4466 36735 4468 4445 
10 : 219538 136503 126436 35572 136505 126439 35574 126428 35559 35558 
10 : 219543 197245 214020 163642 197257 214038 163659 197244 163638 163640 
10 : 17524 219584 219581 219583 17533 17529 17530 258117 262575 258112 
10 : 219579 219582 219578 104394 251800 242356 104402 242357 104405 104401 
10 : 167159 219586 195757 219589 167161 167156 167166 195760 225450 195764 
10 : 186460 219633 161127 219636 186461 161121 186470 161129 225512 161139 
10 : 219650 219640 219638 219649 234368 224337 262078 224324 234367 224336 
10 : 74163 195201 201691 157699 74161 74162 74159 195199 157696 157698 
10 : 202438 219664 192185 187085 202449 192183 187081 192201 187092 187079 
10 : 45000 176863 22023 214676 44996 22002 44998 22015 176860 22021 
10 : 77455 102635 219718 116661 77445 77466 77447 102646 102625 116680 
10 : 159148 219711 219715 148226 159149 159153 148218 232887 148230 148236 
10 : 219825 115533 219821 218071 115549 228512 218085 115536 115532 218073 
10 : 194851 150580 219892 219888 150577 194859 194853 150593 150582 239430 
10 : 25291 201681 220031 220035 25286 25292 25297 201682 201687 220690 
10 : 220032 220033 220038 157829 238014 238020 157832 243514 157833 157844 
10 : 16135 91342 220078 220090 16121 16137 16149 91344 91357 236454 
10 : 79769 199830 190959 109091 79763 79761 79747 190958 109086 109084 
10 : 87878 125042 220219 220225 87872 87879 87886 125046 125055 233446 
10 : 124978 220237 31590 137062 124987 31576 124972 31605 137077 31577 
10 : 150018 155909 220296 220305 150013 150019 150026 155911 155922 232189 
10 : 218632 209984 91076 140882 209983 91075 140881 91074 140880 91066 
10 : 168940 220533 219127 220538 168943 168939 168948 219129 221605 219132 
10 : 199218 220546 220551 14787 199220 199230 14786 233740 14792 14804 
10 : 170789 192087 220716 220717 170785 170796 170797 192095 192097 259159 
10 : 200849 220713 154795 220714 200852 154790 200853 154798 226363 154799 
10 : 188612 44532 220728 36474 44528 188628 36469 44550 36458 36492 
10 : 91077 35870 108871 175892 35859 91062 91069 35861 35864 108863 
10 : 220732 198160 156229 65161 198167 156238 65171 156221 65154 65148 
10 : 19273 220763 220765 220766 19275 19279 19280 238241 238242 250612 
10 : 218717 220773 77721 174057 218724 77720 174055 77729 174067 77711 
10 : 176162 220780 220781 19747 176165 176167 19739 251110 19753 19754 
10 : 110420 220827 5093 220826 110430 5076 110427 5108 258193 5104 
10 : 220844 124996 45251 42071 124997 45253 42073 45243 42063 42053 
10 : 121485 220860 220861 220864 121489 121490 121491 249784 249785 251366 
10 : 220884 220888 199112 220885 242678 199120 242672 199128 248312 199122 
10 : 220973 201819 88365 220975 201825 88375 256648 88364 201830 88379 
10 : 210845 159048 117230 221036 159043 117226 210847 117220 159050 117233 
10 : 221063 3078 221070 221064 3080 234066 234059 3087 3081 237216 
10 : 221177 221172 101819 173419 225925 101833 173436 101820 173422 101814 
10 : 81698 221309 147253 25021 81709 81692 25005 147267 25041 25011 
10 : 199390 195491 221426 168808 195489 199404 168805 195501 168804 168822 
10 : 154255 221547 221549 148853 154259 154263 148839 231579 148855 148858 
10 : 221675 10771 110179 221673 10777 110185 254770 10757 10775 110181 
10 : 100511 151755 221713 221714 100503 100513 100516 151757 151760 235119 
10 : 183017 221778 221785 221786 183022 183035 183037 239785 239786 263816 
10 : 115046 30853 221792 221791 30840 115053 115052 30860 30859 244263 
10 : 190107 164017 91681 166819 164014 91675 166815 91670 164011 91672 
10 : 60653 30800 23489 221849 30783 23478 60660 23473 30805 23496 
10 : 194387 165056 221861 56780 165052 194400 56776 165065 56767 56791 
10 : 221860 221856 85483 221863 236136 85495 261912 85488 236138 85497 
10 : 210488 203894 160853 52985 203892 160849 52984 160847 52983 52975 
10 : 88289 26968 221982 204069 26955 88296 88287 26977 26964 204079 
10 : 222112 123634 222113 177656 123642 257026 177664 123643 123626 177665 
10 : 199381 203872 203672 222155 199377 199376 199386 203668 203877 203678 
10 : 192170 222159 52446 164945 192173 52444 164938 52450 164950 52440 
10 : 76223 43633 222245 36477 43618 76228 36462 43643 36457 36487 
10 : 222435 59682 52325 222440 59685 52331 242574 52311 59691 52336 
10 : 111350 90767 212807 167183 90756 111348 111345 90765 90758 167180 
10 : 32275 212453 172183 222458 32272 32271 32283 172181 212459 172191 
10 : 222498 148921 222497 147546 148929 258605 147554 148927 147539 147552 
10 : 21024 56744 98709 222556 21013 21016 21027 56730 56747 98714 
10 : 196139 222559 164780 113673 196146 164776 113670 164785 113680 113666 
10 : 222625 208945 198480 222624 208953 198495 263202 198477 208951 198493 
10 : 154539 148007 202575 222676 147998 154538 154549 148004 148020 202589 
10 : 163525 207349 222075 222752 163521 163524 163533 207347 207358 222085 
10 : 69865 221428 222820 111424 69864 69874 69860 221436 111423 111438 
10 : 184089 222889 91707 222886 184103 91702 184099 91721 256524 91718 
10 : 126206 137538 202383 35905 126199 126204 35892 137533 35893 35899 
10 : 222991 38748 222992 222994 38755 245724 245726 38756 38760 252497 
10 : 222996 222999 159900 65911 229336 159902 65913 159908 65919 65899 
10 : 130220 223048 223047 43532 130226 130224 43515 251143 43539 43537 
10 : 159538 142045 223102 214097 142037 159545 159535 142060 142043 214113 
10 : 206482 223104 223106 151036 206484 206486 151033 238977 151038 151040 
10 : 85359 96764 200784 223269 85345 85355 85363 96758 96771 200788 
10 : 50701 194952 108777 76681 50696 50690 50687 108770 76674 76658 
10 : 74870 174558 126771 60989 74867 74864 60971 126766 60982 60977 
10 : 215506 123779 223344 122978 123776 215511 122976 123783 122964 122982 
10 : 124351 131924 223351 91592 124342 124353 91579 131925 91580 91594 
10 : 127645 223407 223410 223408 127646 127652 127647 229945 229941 233568 
10 : 223462 161412 125712 63738 161414 125715 63739 125709 63728 63723 
10 : 118730 129793 44956 223586 118721 44942 118731 44945 129794 44957 
10 : 223608 21234 223607 223602 21249 264423 258855 21247 21241 258853 
10 : 33414 215349 223609 223614 33413 33415 33418 215351 215358 236856 
10 : 223855 223852 154765 223850 257611 154776 234709 154773 234705 154768 
10 : 104190 214941 105725 170770 104188 104182 104186 105723 170766 105718 
10 : 223927 72483 222394 223932 72485 222398 237958 72482 72495 222408 
10 : 223931 201203 223928 223929 201214 243795 251349 201207 201211 243791 
10 : 223947 159701 223938 191028 159715 244986 191042 159706 159694 191031 
10 : 68868 97020 62534 26413 68859 62521 26396 62524 26399 26394 
10 : 223977 223976 223981 203531 247478 262456 203544 247481 203540 203549 
10 : 161611 224051 168423 198411 161616 161604 161608 168438 198427 168419 
10 : 224054 86990 224058 9079 86996 243237 9083 87003 9066 9086 
10 : 224132 193652 179319 224136 193656 179326 242320 179315 193663 179332 
10 : 204201 224179 43184 126530 204204 43182 126527 43189 126535 43167 
10 : 128351 32304 224181 224185 32293 128352 128356 32305 32312 226989 
10 : 166250 224322 224331 224333 166252 166258 166260 230477 230479 255668 
10 : 51380 198161 203975 175893 51376 51377 51375 198155 175885 175887 
10 : 136099 15290 27153 218592 15276 27138 136098 15271 15288 27152 
10 : 224423 224425 224424 224429 248221 248219 248227 250060 255463 250064 
10 : 224432 224434 224437 224438 239124 239126 239127 249656 249658 263641 
10 : 224481 166796 224479 166820 166807 235462 166828 166798 166790 166822 
10 : 135965 2035 224542 63459 2026 135969 63442 2040 2018 63467 
10 : 6651 224726 224736 205288 6652 6662 6648 227164 205289 205303 
10 : 167062 224742 221695 179227 167070 167061 167056 221707 179239 179226 
10 : 102260 224760 209965 224756 102267 102258 102262 209972 230751 209968 
10 : 176480 197584 165586 132192 176478 165578 132182 165582 132184 132180 
10 : 221718 224818 224828 4037 221723 221730 4036 250274 4045 4060 
10 : 56924 224883 152680 62249 56931 56917 56909 152687 62256 62240 
10 : 224913 224912 163120 114924 260545 163128 114936 163127 114935 114916 
10 : 72739 74383 224927 144544 72724 72740 72730 74384 74374 144546 
10 : 153357 224970 88941 224968 153362 88935 153360 88947 248647 88945 
10 : 224981 198949 74492 224982 198959 74498 257618 74488 198960 74502 
10 : 147218 213351 225020 143587 147214 147226 143571 213367 143583 143605 
10 : 225175 225178 225177 148408 256275 256272 148415 260339 148420 148417 
10 : 31961 183559 225186 225180 31958 31972 31963 183572 183562 226752 
10 : 225236 154766 67200 167408 154783 67213 167429 67189 154759 67192 
10 : 92148 225294 225295 222418 92156 92158 92147 263113 222429 222431 
10 : 225312 109202 222975 225308 109210 222984 246546 109201 109204 222978 
10 : 212725 225368 207424 181002 212732 207421 181001 207428 181005 180998 
10 : 216196 225369 120930 223505 216201 120927 216195 120938 223515 120929 
10 : 225417 21400 80513 225422 21405 80518 242867 21380 21409 80529 
10 : 29335 105094 225429 5163 29322 29340 5138 105105 5145 5174 
10 : 118477 225432 95090 117825 118478 95076 117810 95091 117826 95075 
10 : 164473 225504 225503 73823 164481 164479 73813 264018 73834 73831 
10 : 225542 225544 225540 200945 257090 246068 200956 246070 200958 200949 
10 : 9184 204487 225612 12636 9177 9187 9167 204492 12632 12643 
10 : 225628 225625 51798 158435 252012 51804 158444 51802 158441 51786 
10 : 56716 57452 20016 125763 56703 20001 56709 20002 57445 20010 
10 : 225697 225695 225696 225693 234484 243068 231347 234483 231342 231345 
10 : 225890 225892 114251 79229 232720 114255 79232 114257 79234 79210 
10 : 225894 225891 225895 225893 235548 259482 249321 235550 235545 249322 
10 : 225956 225957 225958 121366 242350 242354 121368 258733 121381 121386 
10 : 198621 156563 202981 226019 156556 198617 198627 156557 156569 202987 
10 : 214071 226071 211871 226068 214080 211866 214072 211882 227483 211872 
10 : 220119 141254 123477 108778 141253 123474 108775 123460 108761 108758 
10 : 226133 223356 226136 25023 223359 232668 25028 223365 25022 25036 
10 : 226189 155590 154884 67060 155593 154888 67065 154874 67047 67046 
10 : 226282 107492 226281 211376 107503 264457 211389 107502 107488 211387 
10 : 226346 226344 226343 96128 241689 236777 96140 236773 96132 96130 
10 : 200621 87553 212290 226520 87548 200617 200625 87549 87559 212293 
10 : 93864 138906 226599 64902 93858 93876 64884 138918 64889 64914 
10 : 78206 190143 226694 142607 78202 78207 78200 190149 142602 142611 
10 : 60038 226721 123245 158257 60045 60028 60031 123257 158271 123232 
10 : 227002 44640 226999 79632 44655 249581 79647 44646 44627 79636 
10 : 227105 119569 123888 174033 119581 123904 174045 119558 119561 123881 
10 : 194206 206235 140313 132945 194204 140309 132941 140311 132943 132936 
10 : 2103 196287 30259 227209 2100 2090 2104 30254 196288 30260 
10 : 103897 223081 227227 113675 103896 103901 103887 223086 113674 113683 
10 : 227223 227230 89820 73194 234173 89823 73197 89829 73201 73177 
10 : 139768 164371 142499 227236 139760 139757 139774 142493 164378 142507 
10 : 95148 120382 198720 32450 95134 95143 32426 120379 32430 32443 
10 : 227349 216124 84739 227347 216132 84749 246758 84736 216127 84743 
10 : 227386 29040 227387 124832 29048 254596 124844 29049 29030 124845 
10 : 162911 51035 77339 227444 51027 77326 162918 51020 51046 77347 
10 : 53487 62385 157412 227503 53478 53481 53490 62371 62388 157415 
10 : 38863 227517 199197 227513 38869 38861 38864 199206 230196 199198 
10 : 227516 227519 227514 99559 248596 241512 99567 241517 99570 99563 
10 : 227630 161710 61266 43916 161719 61276 43928 61258 43909 43903 
10 : 227681 227683 225986 160874 249218 225991 160879 225992 160885 160873 
10 : 120480 163123 227745 155010 120475 120481 120473 163124 155002 155011 
10 : 227747 46429 145071 227746 46436 145078 235031 46415 46431 145073 
10 : 63170 149544 173588 227858 63163 63165 63175 149537 149547 173592 
10 : 56376 106030 210422 59035 56372 56375 56368 106027 59026 59033 
10 : 160193 227917 20332 227911 160201 20326 160196 20346 252053 20339 
10 : 228003 199393 70552 227998 199401 70562 229312 70544 199394 70554 
10 : 37699 60230 29068 9589 37689 29055 9570 29056 9572 9568 
10 : 129488 225442 32280 49282 129487 32265 49270 32278 49280 32259 
10 : 43459 228285 228287 201541 43462 43467 43456 238993 201544 201553 
10 : 228294 228292 209187 228293 228794 209192 240180 209188 228793 209191 
10 : 16041 49946 228336 71236 16023 16042 16026 49947 49931 71237 
10 : 144266 220255 228347 140194 144263 144274 140175 220265 140189 140209 
10 : 179823 96766 203209 114443 96752 179818 114427 96760 96749 114432 
10 : 34782 227700 120192 151477 34781 34772 34775 120191 151476 120179 
10 : 228516 91807 23841 228515 91813 23849 253632 23822 91812 23848 
10 : 172899 45020 86150 228535 45018 86143 172902 45013 45027 86156 
10 : 228559 228563 20220 133891 256788 20230 133900 20235 133902 20206 
10 : 198848 228594 97573 227471 198852 97568 198847 97580 227480 97572 
10 : 228674 228670 74520 22147 259861 74537 22160 74531 22155 22128 
10 : 208396 228698 215633 185610 208406 208395 185603 215642 185622 185605 
10 : 180057 228702 206237 134089 180062 180053 134084 206245 134097 134086 
10 : 177595 125161 228707 228708 125152 177597 177598 125162 125163 240497 
10 : 228779 145577 43497 50352 145583 43503 50360 43481 50343 43472 
10 : 81149 123780 228877 172948 81139 81156 81141 123791 123769 172961 
10 : 178272 228895 179773 222477 178284 178265 178270 179782 222491 179772 
10 : 180081 201515 64223 154465 180076 64212 154456 64215 154458 64209 
10 : 225976 228935 228937 228933 225980 225982 225978 248456 241630 241636 
10 : 105676 229060 4796 19125 105685 4780 19110 4806 19138 4773 
10 : 204269 229099 229101 229100 204274 204279 204277 260916 260914 263453 
10 : 229107 435 229114 148551 436 229121 148552 442 424 148564 
10 : 27944 98561 229163 229160 27935 27951 27947 98569 98562 244366 
10 : 18381 220399 229170 229169 18376 18389 18388 220411 220410 261621 
10 : 229202 229206 229200 73315 239266 238550 73319 238561 73330 73317 
10 : 207570 179420 229279 229283 179414 207571 207575 179421 179424 233284 
10 : 224439 229350 229349 212690 224449 224448 212689 264532 212707 212706 
10 : 229381 207212 124804 68059 207214 124806 68062 124802 68055 68044 
10 : 229384 229383 42217 229390 244029 42220 245093 42219 244036 42225 
10 : 22178 165777 197601 229455 22168 22171 22184 165772 165783 197611 
10 : 139770 229474 229476 202578 139773 139778 139764 237529 202582 202587 
10 : 185207 229500 120383 166715 185209 120377 166709 120387 166719 120373 
10 : 229509 229503 6370 89635 242209 6373 89645 6371 89639 6354 
10 : 103338 87238 154767 229536 87224 103332 103349 87230 87251 154778 
10 : 104681 55982 128294 229559 55971 104675 104686 55973 55990 128305 
10 : 204954 160111 135563 86506 160106 135559 86501 135552 86494 86489 
10 : 229611 209554 229614 225327 209556 245374 225334 209559 209553 225340 
10 : 27066 176525 229630 152824 27060 27075 27055 176534 152813 152837 
10 : 71539 116321 119845 229629 71526 71527 71546 116309 116329 119850 
10 : 229664 214551 229666 57905 214554 249973 57909 214561 57902 57916 
10 : 229694 229697 16400 32605 261268 16410 32615 16415 32620 16379 
10 : 229725 103420 222323 229717 103435 222340 246073 103419 103425 222326 
10 : 218509 229730 150901 46939 218514 150895 46936 150908 46949 46925 
10 : 198140 135534 229753 229744 135529 198152 198141 135547 135535 231731 
10 : 229751 229752 103943 117473 257542 103952 117481 103956 117484 103931 
10 : 46308 177834 229819 229820 46303 46314 46316 177836 177838 249547 
10 : 229840 229843 229069 113566 235916 229072 113567 229079 113582 113564 
10 : 193021 137369 52360 229852 137364 52353 193025 52345 137376 52366 
10 : 229850 229848 229853 44111 253656 257599 44124 253660 44122 44129 
10 : 229208 163900 229960 60994 163899 229214 60992 163903 60980 61006 
10 : 19064 147147 229971 229966 19057 19072 19067 147161 147157 260525 
10 : 216682 229216 95331 223617 216681 95325 216678 95330 223616 95328 
10 : 215746 230036 230032 120810 215755 215750 120808 244185 120824 120815 
10 : 230047 230039 230045 230051 248048 253240 261354 248046 248050 253242 
10 : 211140 195688 173972 215778 195685 173968 211137 173963 195687 173970 
10 : 37149 47741 123094 230097 37131 37136 37150 47731 47743 123097 
10 : 59240 52893 230101 217414 52879 59250 59236 52901 52890 217425 
10 : 196991 230152 194711 230150 196994 194705 196993 194717 244363 194714 
10 : 106847 183287 230154 230157 106843 106852 106855 183290 183293 239462 
10 : 128570 206610 230208 218455 128563 128571 128565 206612 206607 218458 
10 : 111016 212867 185057 230272 111012 111008 111022 185053 212872 185064 
10 : 220217 224386 230372 230375 220216 220222 220227 224391 224397 252839 
10 : 230443 102974 230446 203210 102975 232397 203211 102979 102970 203217 
10 : 230548 154354 188168 180821 154362 188174 180829 154350 154348 180818 
10 : 230550 45516 230555 128061 45517 239450 128063 45524 45506 128070 
10 : 230610 230607 39208 230608 262806 39223 263437 39220 262805 39222 
10 : 230619 84529 176366 2188 84530 176367 2189 84525 2173 2181 
10 : 184162 27791 230685 77230 27786 184168 77224 27800 27780 77241 
10 : 185412 230719 227311 91863 185413 185411 91853 227313 91865 91862 
10 : 191015 1369 175803 123126 1357 175796 123114 1354 1347 123110 
10 : 224554 230792 230791 230787 224562 224561 224559 261795 260166 260165 
10 : 73790 230038 187796 230860 73789 73783 73798 187795 230049 187804 
10 : 84940 230862 230854 230857 84955 84944 84947 251206 259102 251200 
10 : 230858 69318 123003 230848 69329 123015 232484 69309 69319 123004 
10 : 201821 43635 230863 230867 43628 201823 201829 43636 43645 244143 
10 : 230904 180514 146323 195515 180522 146334 195521 146318 180505 146319 
10 : 230972 230970 230976 230975 260811 263511 263509 260815 260814 264326 
10 : 170947 228827 231078 231077 170946 170961 170959 228846 228845 263892 
10 : 231090 69153 231096 69582 69161 247203 69585 69171 69140 69596 
10 : 231143 41671 172594 122761 41681 172604 122772 41663 41659 122752 
10 : 171870 228120 12641 192752 171869 12625 171863 12639 192749 12629 
10 : 231198 70910 231202 106665 70913 239702 106668 70922 70902 106679 
10 : 231303 61297 128511 231304 61308 128522 264739 61283 61309 128523 
10 : 107965 231320 125396 87809 107974 107953 87796 125405 87823 87798 
10 : 192263 97200 129404 191179 97195 129398 191173 97186 97194 129397 
10 : 135936 190613 167209 35272 135933 135931 35257 167202 35266 35263 
10 : 228047 231378 231376 35987 228052 228049 35983 251957 35995 35990 
10 : 105124 125271 199063 231431 105110 105117 105129 125265 125276 199069 
10 : 231432 25484 222860 197602 25491 222869 197612 25483 25480 197600 
10 : 231438 126209 231436 34656 126218 253212 34663 126214 34638 34660 
10 : 207743 231603 231601 131203 207746 207744 131195 251364 131210 131208 
10 : 196015 231709 82729 227125 196021 82723 196014 82739 227136 82728 
10 : 60089 118036 7384 17258 60080 7365 17242 7369 17245 7362 
10 : 97767 231796 216296 196270 97773 97764 97762 216304 196279 196266 
10 : 121461 167785 127905 231810 121450 121448 121463 127891 167786 127908 
10 : 98657 231849 46725 208633 98663 46713 98653 46734 208641 46723 
10 : 119532 58248 188150 220184 58236 119526 119531 58242 58247 188149 
10 : 89063 231958 231959 59477 89065 89066 59459 237712 59478 59479 
10 : 228654 228241 35988 90288 228240 35985 90285 35984 90284 35973 
10 : 193973 220930 87981 232046 193969 87974 193978 87978 220931 87986 
10 : 154947 150542 13697 3111 150537 13688 3107 13686 3104 3090 
10 : 130424 232055 79066 180616 130428 79049 130421 79067 180622 79054 
10 : 232104 174013 232107 134557 174015 236079 134559 174022 134540 134564 
10 : 84787 89220 44222 232110 84776 44207 84794 44209 89229 44232 
10 : 232113 52386 43805 232111 52398 43814 260640 43782 52393 43810 
10 : 232148 114162 138810 202005 114170 138814 202014 114150 114157 138805 
10 : 107694 232154 130504 65299 107699 107684 65276 130511 65304 65278 
10 : 232169 114763 187440 232171 114770 187445 260040 114757 114772 187447 
10 : 178764 232209 232214 181548 178766 178772 178758 237243 181551 181562 
10 : 133950 97255 194225 214897 97246 133943 133947 97251 97254 194223 
10 : 232229 232230 218577 189725 264562 218588 189740 218589 189741 189723 
10 : 232273 184111 232272 24710 184126 264483 24728 184125 24697 24727 
10 : 65258 232330 25461 232328 65268 25440 65265 25470 260353 25467 
10 : 106943 232338 183455 17917 106947 106938 17898 183458 17921 17909 
10 : 232390 232389 205364 232391 253180 205372 256114 205371 253181 205373 
10 : 232442 66229 108745 232444 66231 108746 237391 66217 66233 108748 
10 : 129345 232456 153643 204287 129355 129341 129343 153655 204300 153637 
10 : 183137 205388 129922 173589 183131 129915 173581 129919 173585 129914 
10 : 232509 209468 93917 225706 209470 93920 225709 93910 209467 93916 
10 : 206080 232543 149756 232544 206088 149752 206089 149764 254625 149766 
10 : 153155 192570 208619 232546 153146 153150 153156 192564 192573 208622 
10 : 232547 176461 232552 193423 176463 251489 193425 176470 176452 193430 
10 : 39649 229023 185005 203535 39647 39639 39640 185004 203533 184999 
10 : 115697 76057 130598 232621 76044 115688 115705 76045 76063 130610 
10 : 112786 232652 232653 161537 112793 112795 112783 254280 161543 161546 
10 : 168584 32760 200324 134319 32750 168576 134307 32755 32748 134312 
10 : 232675 232676 196359 232674 256098 196371 254467 196375 254470 196368 
10 : 3539 141536 156673 232683 3527 3530 3545 141527 141538 156676 
10 : 19984 232704 57603 232702 19994 19971 19986 57612 242125 57606 
10 : 154937 228782 232748 232749 154936 154942 154943 228785 228787 257687 
10 : 18669 232807 232805 214818 18680 18677 18667 257846 214834 214829 
10 : 129130 232808 145463 232809 129138 129123 129139 145470 261977 145473 
10 : 216270 176903 232806 148553 176901 216274 148549 176917 148547 148568 
10 : 232816 232819 149566 232815 262982 149574 262407 149576 262410 149573 
10 : 148286 232861 232860 232864 148288 148287 148290 237128 246772 237130 
10 : 232865 214010 175443 139225 214017 175454 139231 175437 139221 139214 
10 : 175305 232872 51098 232871 175315 51088 175313 51108 253633 51106 
10 : 171287 172635 33146 117475 171279 33139 117465 33140 117466 33133 
10 : 188556 147373 233106 222135 147364 188559 188554 147374 147370 222137 
10 : 7474 32538 174207 54934 7457 7468 7462 32532 32525 54929 
10 : 227534 233272 233268 37664 227544 227540 37662 261457 37678 37670 
10 : 233303 76504 233302 17259 76509 243711 17270 76505 17243 17261 
10 : 202564 195574 216447 34099 195571 202562 34092 195572 34091 34096 
10 : 1747 92078 233475 187180 1737 1752 1740 92086 92071 187189 
10 : 42556 233533 230066 126894 42559 42554 42542 230068 126896 126892 
10 : 68808 2036 102950 21235 2019 68792 21220 2023 2015 21222 
10 : 233645 75005 233648 153523 75006 234125 153524 75011 74996 153532 
10 : 206498 64170 231511 135688 64162 206496 135678 64169 64156 135686 
10 : 233723 233727 152053 169561 238737 152055 169564 152060 169566 152040 
10 : 138979 174208 233817 95905 138976 138985 95889 174214 95896 95914 
10 : 187487 233821 205415 209134 187488 187479 187481 205418 209135 205410 
10 : 233826 212376 233820 179126 212387 236987 179138 212377 179123 179129 
10 : 28579 233837 233832 231119 28592 28586 28578 259308 231139 231130 
10 : 148067 43460 233830 233833 43449 148072 148079 43465 43468 247091 
10 : 183550 60144 233874 233869 60134 183556 183551 60148 60145 236823 
10 : 68406 233950 152789 228437 68410 68393 68405 152796 228440 152788 
10 : 151126 233721 61708 85254 151125 61694 85235 61707 85253 61692 
10 : 127244 234110 234108 52094 127250 127245 52080 254286 52107 52104 
10 : 218663 150696 84740 207291 150693 84737 207288 84725 150691 84734 
10 : 169741 222345 231490 80281 169738 169740 80271 222344 80277 80280 
10 : 187973 215555 92961 234176 187970 92953 187974 92959 215556 92962 
10 : 70463 234194 96820 234191 70472 70455 70467 96830 248937 96821 
10 : 234235 234238 203674 195122 237607 203675 195124 203680 195134 195116 
10 : 223482 206453 234339 234340 206447 223490 223491 206459 206460 262121 
10 : 40661 230507 214371 18159 40659 40657 18136 214369 18157 18156 
10 : 234352 193486 2458 234347 193500 2465 247059 2452 193491 2462 
10 : 193304 223360 125078 61169 193302 125067 61157 125073 61164 61149 
10 : 182491 222850 51099 208707 182486 51089 182481 51096 208704 51092 
10 : 117424 10575 234455 215325 10560 117426 117422 10576 10572 215326 
10 : 195095 234518 62102 127907 195096 62096 127897 62104 127909 62090 
10 : 174721 198123 215932 195591 174716 174717 174714 198119 195581 195584 
10 : 234562 234560 228829 161171 252717 228841 161181 228837 161176 161167 
10 : 234606 187921 193487 234607 187923 193488 240081 187913 187924 193489 
10 : 234612 183020 234614 150062 183027 245522 150069 183029 150049 150071 
10 : 234613 203654 150176 194728 203662 150180 194733 150170 194722 150168 
10 : 106458 49919 207630 207051 49903 106453 106452 49916 49915 207046 
10 : 234670 234668 234669 227475 245377 249889 227479 245376 227477 227478 
10 : 234671 30802 71845 234675 30804 71846 247756 30787 30809 71852 
10 : 139649 102523 234687 234689 102512 139657 139659 102529 102531 260477 
10 : 234734 148827 234739 234736 148832 251608 251603 148838 148835 258291 
10 : 135649 64770 172203 206753 64758 135640 135645 64762 64766 172200 
10 : 234771 76923 1683 234773 76925 1688 253233 1663 76926 1690 
10 : 195934 70493 180039 77060 70489 180034 77056 70483 70475 77049 
10 : 234811 6876 93945 234815 6882 93950 249000 6858 6891 93957 
10 : 234874 234875 98826 234871 256781 98832 248929 98834 248933 98830 
10 : 80795 57128 196792 44259 57113 80792 44239 57122 44238 44253 
10 : 234923 158333 177364 62357 158340 177372 62363 158324 62343 62345 
10 : 116504 25117 97275 234980 25103 97266 116507 25101 25121 97278 
10 : 234997 228960 234991 167505 228967 237478 167522 228961 167504 167506 
10 : 230675 172189 146872 93808 172187 146871 93805 146863 93793 93792 
10 : 235094 190144 126301 5316 190145 126302 5317 126296 5310 5305 
10 : 152155 40771 235135 235136 40763 152156 152157 40774 40775 250483 
10 : 235140 6817 235132 92860 6823 240089 92870 6818 6802 92861 
10 : 207179 235164 192441 39950 207190 192435 39945 192450 39961 39943 
10 : 235216 46309 122791 235218 46311 122793 246576 46298 46323 122797 
10 : 44676 211204 72621 146451 44673 44660 44668 72619 146449 72610 
10 : 81199 235271 208603 183776 81210 81196 81192 208613 183786 183769 
10 : 80384 235304 235305 140543 80392 80394 80379 263308 140556 140557 
10 : 235309 203455 235316 166346 203456 235665 166347 203459 166341 166352 
10 : 235331 28924 235330 235338 28929 256817 260786 28925 28932 256823 
10 : 235368 216198 167482 235369 216204 167491 262446 167477 216205 167493 
10 : 19514 115992 235477 235453 19505 19523 19513 115999 115991 235467 
10 : 114962 149094 188974 166823 114950 114956 114954 149087 149085 166813 
10 : 235678 78697 136414 235682 78706 136421 260697 78685 78709 136425 
10 : 202291 235745 235744 220944 202299 202295 202288 245729 220952 220950 
10 : 235748 90425 82868 235747 90441 82878 253635 82847 90435 82874 
10 : 235804 82759 45102 117827 82767 45112 117835 45085 82746 45088 
10 : 235927 97678 167211 29814 97680 167214 29817 97664 29799 29809 
10 : 179471 185681 56573 235977 179463 56563 179475 56564 185685 56576 
10 : 234298 217852 75876 236009 217851 75874 234308 75871 217865 75888 
10 : 154098 3350 236024 124281 3341 154102 124270 3354 3337 124288 
10 : 67537 193864 15532 227548 67531 15511 67535 15525 193859 15529 
10 : 7320 106991 236098 236089 7307 7329 7322 107001 106995 242700 
10 : 157343 218474 236117 233457 157339 157348 157342 218479 218472 233464 
10 : 4000 236160 149674 236163 4011 3992 4015 149680 261907 149683 
10 : 214211 224326 727 236159 214208 718 214216 721 224335 736 
10 : 236173 51037 236180 69958 51039 250805 69959 51049 51019 69965 
10 : 236324 193640 132812 236323 193644 132821 255784 132805 193643 132820 
10 : 30856 236376 218002 112850 30866 30850 30839 218015 112860 112842 
10 : 22719 220556 102425 84741 22717 22703 22700 102423 84738 84720 
10 : 17830 236431 236423 223621 17839 17831 17829 236745 223635 223622 
10 : 236455 236458 194155 227592 236545 194156 227593 194163 227602 194152 
10 : 236477 231769 195890 20485 231771 195896 20488 195889 20484 20480 
10 : 231033 212360 38172 188994 212358 38171 188992 38168 188989 38164 
10 : 152235 154885 163938 236563 152227 152228 152236 154876 154886 163939 
10 : 236566 236571 133523 204996 236581 133524 204997 133530 205006 133517 
10 : 195655 14368 65953 74268 14358 65946 74254 14342 14343 65927 
10 : 236576 236577 75463 86948 263446 75475 86954 75476 86955 75441 
10 : 236614 105428 5319 236615 105439 5330 263866 5302 105440 5331 
10 : 58988 157068 236626 185852 58975 58991 58981 157071 157060 185856 
10 : 121487 202090 146223 205861 121481 121476 121482 146215 202085 146216 
10 : 17703 177609 213280 236770 17693 17696 17712 177606 177623 213295 
10 : 236768 153080 236766 142473 153084 240927 142478 153081 142466 142475 
10 : 50722 155816 236807 211828 50714 50727 50719 155823 155814 211841 
10 : 236850 187253 202454 230189 187255 202456 230192 187246 187248 202453 
10 : 236851 236849 236852 235390 243165 255118 235397 243167 235394 235399 
10 : 213449 146355 213170 236877 146350 213167 213456 146349 146362 213180 
10 : 217448 150398 37206 236934 150394 37204 217449 37193 150405 37212 
10 : 156182 235391 204714 146041 156181 156179 146027 204712 146040 146035 
10 : 207199 80125 237048 215951 80120 207203 207195 80131 80121 215957 
10 : 67978 237054 179012 237055 67981 67974 67984 179016 249985 179022 
10 : 170854 200136 237058 72484 170851 170856 72475 200137 72478 72486 
10 : 221954 233226 237113 165108 221952 221961 165103 233234 165107 165115 
10 : 237184 197802 174034 117947 197805 174038 117950 174026 117936 117930 
10 : 47250 11987 111643 189905 11965 47235 47244 11970 11980 111638 
10 : 110180 171413 203994 12807 110173 110177 12788 171404 12797 12801 
10 : 162512 233329 212186 192914 162509 162505 162502 212184 192911 192906 
10 : 237336 237337 7192 207718 259212 7199 207728 7202 207730 7188 
10 : 150022 237383 237384 127469 150024 150025 127456 252071 127473 127474 
10 : 237385 208635 232179 44644 208648 232191 44653 208634 44637 44641 
10 : 237397 237394 30803 59742 258608 30810 59753 30808 59748 30782 
10 : 237435 234218 221395 195988 234219 221396 195989 221394 195987 195985 
10 : 166469 52745 120903 228319 52735 120890 166467 52731 52743 120901 
10 : 237552 119053 237603 28769 119052 237557 28768 119059 28751 28777 
10 : 26616 121611 135207 83263 26611 26612 26609 121601 83250 83252 
10 : 195084 237652 158212 237648 195090 158205 195086 158222 252151 158213 
10 : 237655 194681 113327 60862 194684 113329 60866 113321 60854 60846 
10 : 109064 237663 187939 201453 109065 109059 109061 187940 201454 187936 
10 : 237678 54756 222723 87558 54761 222736 87568 54754 54737 87552 
10 : 237741 237737 229288 197831 256248 229301 197837 229294 197836 197829 
10 : 190391 136506 208758 215157 136497 190387 190388 136500 136502 208755 
10 : 237795 70411 237794 237791 70420 259744 238649 70417 70412 238645 
10 : 237857 237860 8144 54962 240300 8146 54963 8153 54968 8129 
10 : 237864 114549 237858 7233 114560 246425 7244 114553 7214 7237 
10 : 166498 237962 11306 237956 166507 11293 166502 11316 252922 11309 
10 : 91969 4965 175961 238017 4950 91959 91976 4958 4972 175966 
10 : 238060 238057 230632 238059 253284 230647 260945 230635 253278 230642 
10 : 238067 238062 238064 139816 243241 256117 139830 243235 139819 139823 
10 : 108933 166055 127113 140889 108927 108924 108926 127101 140876 127099 
10 : 219118 238171 238167 238170 219126 219123 219125 258565 264666 258564 
10 : 238211 238215 238213 229883 243286 243282 229885 263835 229898 229893 
10 : 168066 238217 238220 149626 168068 168072 149620 239517 149627 149630 
10 : 170842 231988 238275 208485 170840 170844 170838 231989 208482 208487 
10 : 185493 175347 107369 149347 175337 107361 149335 107357 149330 107352 
10 : 211287 30234 177083 181112 30231 177078 181107 30223 30225 177074 
10 : 238422 238420 238423 222190 256705 259329 222199 256707 222198 222202 
10 : 138129 238429 236880 89770 138139 138128 89757 236884 89786 89769 
10 : 210329 224708 238461 16843 210325 210332 16837 224713 16840 16849 
10 : 238481 146724 137944 168884 146732 137953 168894 137933 146712 137936 
10 : 95196 125420 117263 187760 95181 95180 95185 117245 125415 117251 
10 : 238565 71408 238564 85390 71415 262449 85399 71414 71396 85398 
10 : 238614 65536 238611 238613 65550 253930 263747 65544 65548 253928 
10 : 182911 77846 43186 3587 77841 43176 3573 43164 3557 3552 
10 : 81861 228109 144214 154592 81859 81852 81853 144211 154587 144198 
10 : 238757 235456 196775 144929 235463 196783 144939 196773 144928 144923 
10 : 238761 238754 238756 238759 255232 260619 263685 255226 255229 260616 
10 : 109757 105726 195816 160876 105712 109754 109750 105720 105717 160869 
10 : 238814 238811 232464 153526 255624 232473 153539 232471 153534 153522 
10 : 145557 238853 238849 233237 145563 145558 145555 250296 233248 233241 
10 : 202628 238483 211899 238873 202627 202624 202632 211898 238490 211909 
10 : 117364 18343 134776 238891 18329 117356 117374 18332 18356 134791 
10 : 138774 238917 104027 238919 138778 104012 138782 104034 258504 104039 
10 : 217113 20601 239007 109923 20597 217114 109916 20605 20588 109927 
10 : 138042 239286 239288 221697 138047 138049 138040 260233 221705 221708 
10 : 44930 54904 216088 86284 44913 44927 44915 54902 54892 86280 
10 : 239311 133392 194967 239314 133397 194970 250144 133386 133405 194978 
10 : 45022 70171 173495 239352 45011 45019 45031 70167 70183 173509 
10 : 50054 132950 239350 17298 50043 50059 17277 132958 17284 17308 
10 : 76205 124233 216231 237038 76190 76200 76204 124225 124232 216229 
10 : 151129 238730 239390 239392 151128 151130 151135 238731 238735 242270 
10 : 169058 157573 151838 229708 157568 151829 169057 151826 157572 151836 
10 : 224815 239446 12592 239442 224827 12588 224819 12609 250901 12599 
10 : 134395 208330 197008 5168 134390 134387 5148 197000 5158 5153 
10 : 176974 54905 15225 239471 54899 15213 176981 15205 54909 15231 
10 : 239474 239477 86285 239470 261902 86294 251015 86298 251020 86290 
10 : 171430 155219 108615 4196 155206 108606 4182 108602 4178 4175 
10 : 211057 169757 239544 95375 169753 211060 95368 169760 95354 95381 
10 : 188152 131014 239605 239609 131009 188156 188159 131018 131025 256809 
10 : 133244 74033 13590 213684 74022 13574 133239 13570 74026 13585 
10 : 239650 38491 69459 139351 38492 69460 139352 38472 38474 69443 
10 : 239667 209278 127321 50085 209279 127323 50088 127318 50079 50072 
10 : 238069 36633 29106 222270 36630 29102 222267 29080 36627 29100 
10 : 221877 239765 7683 239764 221880 7680 221879 7688 250714 7686 
10 : 144863 113543 78563 131069 113531 78551 131050 78547 113529 78548 
10 : 162306 239967 209352 163422 162314 162300 162298 209360 163432 163417 
10 : 239963 121344 239964 239961 121348 259583 254015 121349 121347 254016 
10 : 239965 206887 122311 102451 206894 122319 102459 122304 102443 102434 
10 : 235755 67733 221090 198900 67731 221088 198898 67728 67725 198891 
10 : 104143 121233 145043 240045 104128 104133 104147 121220 121240 145049 
10 : 231653 240097 203914 230763 231658 203912 230762 203921 230772 203911 
10 : 51068 29399 106419 240302 29379 51054 51074 29383 29406 106426 
10 : 240389 145720 54132 240393 145727 54135 254310 54120 145732 54143 
10 : 216000 186581 238033 240413 186575 215999 216006 186580 186589 238042 
10 : 233433 227776 189906 56194 227774 189904 56192 189903 56191 56181 
10 : 240435 232530 72881 66922 232533 72883 66928 72880 66918 66904 
10 : 203268 190467 26418 240444 190462 26410 203272 26409 190470 26423 
10 : 133497 240463 32763 217544 133500 32747 133492 32768 217549 32758 
10 : 62314 140055 236263 222177 62298 62310 62306 140052 140047 222175 
10 : 240631 177084 149348 228738 177088 149351 228742 149331 177081 149345 
10 : 223016 232686 128933 195593 223013 128928 195586 128931 195589 128923 
10 : 219194 101773 163399 240645 101766 163395 219200 101762 101781 163404 
10 : 219119 56066 201917 79459 56065 201913 79454 56062 56054 79452 
10 : 240675 187663 138001 191030 187668 138009 191037 137993 187657 137994 
10 : 125802 188280 139328 240719 125801 125796 125803 139324 188283 139330 
10 : 192061 79354 240730 101329 79344 192067 101318 79358 79338 101338 
10 : 240771 240764 8147 240769 242583 8157 259353 8148 242580 8155 
10 : 240774 104494 204842 240766 104501 204854 246397 104485 104497 204845 
10 : 240808 20056 4798 157700 20067 4808 157712 4774 20047 4786 
10 : 130737 240818 240824 238687 130739 130744 130736 246955 238689 238696 
10 : 240858 240864 187019 219428 253998 187021 219430 187024 219435 187015 
10 : 240253 148600 211167 133431 148599 211166 133430 148595 133410 133423 
10 : 31223 101398 189886 240882 31207 31216 31222 101391 101397 189885 
10 : 238439 240940 240943 52950 238440 238446 52949 245753 52951 52958 
10 : 152322 57316 240988 240989 57304 152326 152329 57321 57323 255222 
10 : 179400 241003 240997 175825 179411 179405 175815 256083 175838 175831 
10 : 241002 104993 43075 127813 105001 43084 127821 43056 104977 43057 
10 : 241005 173004 237906 55215 173006 237909 55219 173002 55210 55213 
10 : 241075 206837 241074 215110 206845 254983 215117 206844 206832 215116 
10 : 46144 73162 109230 53711 46130 46133 46126 73145 53694 53696 
10 : 241114 241111 202228 241108 259572 202238 242139 202235 242133 202229 
10 : 113501 185919 38344 122766 113496 38326 113492 38334 122755 38328 
10 : 160443 241195 209050 241198 160448 160437 160449 209055 257446 209059 
10 : 170672 241196 86779 241199 170678 86771 170683 86786 258214 86795 
10 : 92322 139554 241209 129194 92309 92326 92306 139558 129175 129202 
10 : 91943 2772 187368 241240 2754 91937 91952 2764 2781 187381 
10 : 139202 131169 241242 241250 131159 139203 139208 131176 131185 255233 
10 : 241254 115698 241262 203536 115700 247268 203539 115706 115692 203550 
10 : 100286 194409 192190 241269 100280 100279 100294 192182 194417 192197 
10 : 212964 177981 78440 196959 177979 78435 196955 78430 177977 78432 
10 : 241296 241293 241295 7550 264174 264813 7560 264173 7558 7559 
10 : 131221 241303 241300 132194 131224 131222 131216 246302 132203 132196 
10 : 241344 241349 241347 241343 247327 247324 246215 259305 246224 246219 
10 : 134755 181779 241363 58463 134748 134758 58447 181783 58454 58467 
10 : 45051 50403 118695 39798 45032 45039 39772 50396 39774 39780 
10 : 231253 241413 214157 224533 231257 214156 224531 214160 224536 214155 
10 : 241443 94887 198566 24274 94892 198572 24282 94879 24252 24267 
10 : 90525 9120 87847 216282 9101 87828 90517 9100 9112 87841 
10 : 241496 183751 241502 227594 183757 256118 227600 183762 183746 227610 
10 : 209093 241506 145404 236648 209095 145399 209092 145408 236651 145403 
10 : 241527 226288 241531 195594 226291 252721 195597 226296 195587 195605 
10 : 241533 182566 241532 125767 182568 246650 125769 182567 125758 125768 
10 : 241542 180467 133969 35758 180480 133982 35769 133958 35745 35739 
10 : 109430 241571 241552 241567 109441 109429 109432 241560 243992 241553 
10 : 60147 180981 92438 183949 60133 60129 60135 92429 180972 92430 
10 : 241767 233497 27388 241768 233507 27400 262735 27386 233508 27401 
10 : 192462 241200 241904 128623 192461 192464 128612 241204 128622 128626 
10 : 241958 70650 241953 84350 70657 250343 84358 70652 70636 84352 
10 : 136383 243 187275 242044 231 136378 136384 237 245 187277 
10 : 242048 12433 242042 242046 12439 246760 262840 12434 12437 246757 
10 : 113134 134836 242056 83025 113126 113136 83011 134844 83014 83032 
10 : 153287 242058 237907 20376 153292 153285 20363 237914 20384 20372 
10 : 242055 238141 242061 122407 238145 256743 122410 238153 122406 122420 
10 : 175348 175308 23845 208710 175293 23834 175340 23833 175299 23837 
10 : 42614 222468 207588 81361 42610 42607 42593 207584 81354 81350 
10 : 242249 30202 242243 142476 30211 252582 142486 30204 30192 142479 
10 : 194754 235168 242342 78404 194753 194760 78399 235179 78403 78415 
10 : 242337 229035 188680 63935 229036 188681 63936 188676 63933 63928 
10 : 212056 242390 44224 242383 212065 44221 212059 44235 247106 44226 
10 : 242434 242432 242427 142610 263309 247567 142623 247565 142620 142612 
10 : 109536 225929 134668 148555 109535 109527 109529 134666 148550 134652 
10 : 242436 129131 136936 176904 129136 136941 176912 129121 129126 136930 
10 : 242452 241912 242450 56196 241925 264548 56205 241922 56195 56204 
10 : 137588 242497 221534 236867 137592 137582 137585 221542 236873 221530 
10 : 238835 242518 141564 15110 238837 141562 15108 141565 15113 15097 
10 : 164991 242566 16614 231009 164996 16606 164988 16621 231016 16613 
10 : 26382 184460 70682 144435 26373 26359 26368 70677 144427 70672 
10 : 70465 77007 242656 215875 70454 70474 70461 77017 77001 215889 
10 : 242655 179204 238592 182518 179215 238603 182531 179203 179194 182517 
10 : 109924 189871 216232 66416 109911 109915 66387 189863 66404 66407 
10 : 216839 135592 135914 78564 135588 135907 78561 135575 78549 78550 
10 : 194262 242849 94777 242850 194263 94772 194264 94779 248524 94780 
10 : 242866 242861 238231 242868 246866 238236 259960 238233 246867 238238 
10 : 174228 242903 147457 242904 174235 147445 174236 147464 264765 147466 
10 : 242897 205630 65031 14837 205631 65032 14838 65023 14827 14811 
10 : 122263 207279 242945 233900 122259 122264 122261 207280 207277 233901 
10 : 145405 171547 10131 172782 145396 10119 145397 10123 171535 10124 
10 : 157610 149126 243040 53987 149113 157618 53971 149133 53967 54000 
10 : 171792 68618 242326 107027 68607 171791 107012 68617 68598 107026 
10 : 6145 243048 145480 98058 6151 6138 6135 145489 98071 98047 
10 : 105127 183025 243045 195909 105112 105131 105115 183031 183014 195915 
10 : 243056 179489 243055 57345 179497 259884 57358 179494 57340 57356 
10 : 197101 243184 126776 124151 197103 126768 124136 126780 124154 124128 
10 : 243195 217803 243190 169579 217810 259923 169594 217806 169577 169588 
10 : 243249 243253 62672 131399 256909 62676 131405 62686 131411 62658 
10 : 84166 243312 243314 5465 84168 84169 5441 246258 5467 5470 
10 : 215174 243368 167187 9593 215181 167181 9586 167192 9599 9579 
10 : 134091 80736 127582 243454 80721 127565 134095 80720 80740 127586 
10 : 237012 243497 243498 184565 237018 237021 184561 255748 184572 184575 
10 : 193389 147184 48695 218077 147171 48685 193382 48679 147176 48688 
10 : 243536 221216 20820 243540 221218 20821 245836 20816 221228 20827 
10 : 84556 118655 203766 184200 84544 84550 84546 118649 118646 184196 
10 : 62438 243583 226365 243582 62441 62435 62440 226368 251141 226367 
10 : 192092 223318 218809 43536 192088 192085 43525 218802 43533 43530 
10 : 243639 28348 111430 48107 28349 111436 48110 28329 28324 48086 
10 : 105375 243723 243721 243724 105382 105379 105383 252698 264088 252701 
10 : 193880 229141 96172 236916 193877 96160 193879 96169 229138 96170 
10 : 167341 243207 123008 226444 167339 122993 167337 123007 226442 123002 
10 : 243736 47374 243731 217344 47387 253175 217359 47380 47370 217349 
10 : 74956 33323 243815 243813 33304 74962 74959 33334 33324 245669 
10 : 210234 44537 135350 84221 44531 135345 84216 44525 44520 84208 
10 : 243824 228542 144411 243820 228551 144420 250783 144408 228546 144413 
10 : 57988 243857 230070 188995 57989 57984 57981 230073 188996 188991 
10 : 96864 235273 73955 55102 96861 73932 55078 73951 55098 55074 
10 : 243910 243900 243909 154288 246005 261920 154301 246003 154289 154295 
10 : 243943 190868 163423 243940 190878 163431 254018 163414 190875 163428 
10 : 215863 139374 243949 233960 139370 215868 215861 139380 139372 233966 
10 : 122313 190869 1887 171633 122303 1865 122300 1876 171625 1872 
10 : 244097 112152 244098 107993 112159 263698 108001 112161 107980 108004 
10 : 227637 244147 244150 76951 227638 227640 76947 245706 76953 76955 
10 : 167770 184783 244235 103832 167763 167775 103823 184787 103826 103838 
10 : 244256 244259 156570 244260 247156 156573 247157 156580 258268 156581 
10 : 235486 244273 32923 244274 235490 32921 235491 32930 259271 32931 
10 : 181458 239721 18989 244277 181457 18978 181460 18988 239723 18992 
10 : 58156 178727 213977 244289 58147 58153 58163 178726 178733 213991 
10 : 100765 93387 39210 210445 93368 39191 100759 39189 93378 39200 
10 : 125840 157367 244319 190335 125833 125843 125834 157371 157355 190340 
10 : 168648 152667 11502 244372 152658 11492 168654 11490 152671 11507 
10 : 244437 31968 205479 239140 31977 205486 239153 31960 31964 205475 
10 : 20417 235408 191685 226234 20415 20411 20413 191682 226227 191681 
10 : 242816 28807 16078 244561 28805 16077 242820 16050 28812 16083 
10 : 27361 244606 244608 244609 27363 27364 27365 250036 250038 252723 
10 : 244615 150811 47056 73289 150816 47058 73293 47042 73278 47038 
10 : 88054 244656 92607 111269 88060 88037 88039 92617 111275 92595 
10 : 244665 244664 206681 197822 264041 206689 197828 206687 197826 197814 
10 : 244698 115927 244696 244701 115933 259986 262298 115931 115937 259990 
10 : 244705 233687 238351 165270 233694 238359 165272 233684 165268 165269 
10 : 2009 201063 244714 244718 2003 2011 2013 201065 201071 249088 
10 : 100028 244743 242878 242032 100036 100027 100026 242886 242041 242031 
10 : 140726 110352 244824 235568 110339 140730 140725 110354 110350 235571 
10 : 143127 244870 60173 191521 143132 60158 143120 60178 191526 60165 
10 : 244917 169165 22246 199562 169167 22248 199565 22232 169157 22238 
10 : 244925 178801 103707 244931 178802 103708 252046 103695 178808 103717 
10 : 125140 244874 228571 154172 125139 125137 125130 228570 154171 154164 
10 : 165761 244998 188116 56786 165768 165752 56768 188126 56794 56775 
10 : 3831 29165 77062 245001 3813 3815 3833 29149 29171 77065 
10 : 245000 216549 215092 233798 216553 215097 233803 215087 216548 215088 
10 : 245046 140161 58904 245048 140167 58907 255863 58887 140171 58909 
10 : 77701 17440 245092 198902 17422 77702 77695 17442 17430 198909 
10 : 160760 245120 106420 245123 160765 106407 160771 106424 253492 106429 
10 : 245119 106608 245122 240697 106610 247270 240700 106617 106607 240707 
10 : 212003 227660 245171 175559 212002 212010 175551 227664 175556 175568 
10 : 136555 238450 120689 242738 136553 120672 136554 120687 238447 120688 
10 : 190023 102908 143035 242410 102896 143025 190022 102893 102906 143033 
10 : 245206 237521 148011 245208 237527 148014 255724 148008 237531 148019 
10 : 214494 205252 245212 220749 205249 214496 214488 205255 205250 220752 
10 : 83774 245363 120659 77239 83777 83762 77210 120661 77242 77217 
10 : 244491 141939 235972 245476 141937 235971 244492 141935 141940 235973 
10 : 278 96772 86949 101555 259 258 260 86923 96748 86924 
10 : 228607 239251 116566 161370 228606 116561 161364 116563 161368 116557 
10 : 207534 7621 245515 245514 7617 207538 207536 7626 7624 256745 
10 : 245524 95306 225319 199068 95310 225323 199071 95300 95296 199062 
10 : 31969 245562 47253 145308 31973 31951 31955 47259 145318 47239 
10 : 245604 89855 244979 197035 89859 244984 197044 89854 89845 197034 
10 : 227661 178652 14021 240416 178648 14017 227659 14010 178651 14019 
10 : 188589 226818 180244 1889 188585 180233 1875 180236 1881 1874 
10 : 190683 245742 92341 50321 190686 92331 50313 92345 50328 50305 
10 : 216773 245740 192341 245743 216775 192333 216777 192344 250303 192355 
10 : 160391 172565 203995 207942 160381 160386 160387 172555 172556 203988 
10 : 245821 132068 234898 98316 132070 234903 98322 132065 98290 98312 
10 : 40507 222021 185613 245824 40500 40492 40508 185606 222022 185615 
10 : 245860 46761 245863 237988 46762 251862 237992 46764 46760 237995 
10 : 245867 118275 49129 245869 118281 49137 262299 49117 118284 49141 
10 : 245985 245991 199861 242411 249830 199863 242412 199873 242424 199859 
10 : 245989 94909 229803 221285 94917 229809 221290 94904 94903 221281 
10 : 245993 90432 181118 245272 90436 181122 245274 90417 90431 181117 
10 : 127555 161223 245999 178459 127544 127557 127545 161225 161218 178466 
10 : 234357 68440 246098 243459 68433 234360 234356 68445 68439 243465 
10 : 246112 12595 245148 21732 12598 245152 21735 12594 12573 21731 
10 : 70359 144188 246187 196547 70349 70365 70357 144195 144180 196556 
10 : 89318 246188 228144 246191 89319 89314 89323 228148 252358 228150 
10 : 246241 24868 246245 174144 24869 252318 174145 24875 24857 174150 
10 : 246279 246278 93546 243981 263546 93556 243999 93554 243997 93545 
10 : 151940 184797 246330 124197 151935 151946 124187 184802 124191 124205 
10 : 202360 173856 22928 217139 173842 22917 202356 22914 173847 22920 
10 : 58488 197409 27121 240607 58483 27100 58486 27114 197408 27120 
10 : 111371 246456 199995 88110 111374 111365 88092 199997 88113 88098 
10 : 246485 173312 246487 246490 173313 247083 247094 173315 173323 248700 
10 : 122622 246496 52834 105055 122626 52815 105037 52837 105060 52812 
10 : 70496 188865 187860 107121 70487 70485 70478 187853 107111 107109 
10 : 128357 111289 232522 246597 111277 128354 128361 111286 111298 232526 
10 : 63847 225762 208074 135593 63844 63842 63834 208071 135589 135585 
10 : 99938 35876 183313 246729 35860 99929 99943 35865 35882 183318 
10 : 2342 229367 179957 68060 2339 2332 2318 179955 68058 68050 
10 : 246765 213980 216073 246769 213981 216074 247818 213976 213988 216079 
10 : 174843 246797 178061 154290 174845 174833 154277 178065 154292 154278 
10 : 246819 130014 240326 167903 130019 240335 167913 130011 130005 167900 
10 : 227763 113765 240476 246839 113758 227760 227769 113761 113770 240482 
10 : 222588 246888 222544 146119 222595 222541 146115 222551 146129 146114 
10 : 246892 63363 68756 164421 63368 68764 164429 63346 63355 68745 
10 : 153210 238823 8333 246925 153207 8316 153214 8330 238831 8343 
10 : 21504 235985 246962 49386 21501 21510 21487 235991 49382 49389 
10 : 208310 219687 184746 234029 208306 184736 208309 184739 219684 184742 
10 : 247004 102319 216376 247003 102331 216386 262719 102314 102329 216385 
10 : 42332 149040 40359 246752 42316 40334 42331 40345 149039 40358 
10 : 147080 245781 203252 219831 147078 147073 147074 203251 219830 203244 
10 : 247149 115133 232181 79635 115139 232188 79644 115130 79616 79633 
10 : 63308 196189 174314 115162 63299 63298 63293 174308 115154 115151 
10 : 232350 163649 247229 247228 163646 232361 232360 163658 163655 263018 
10 : 243210 247243 247235 247234 243220 243212 243211 249056 248084 248078 
10 : 182035 115259 247259 247257 115255 182042 182039 115265 115263 260350 
10 : 94999 236118 247326 117674 94996 95006 94987 236124 117670 117684 
10 : 247341 247342 247339 7194 255681 250657 7198 250660 7201 7196 
10 : 172375 247356 220577 247349 172385 172370 172376 220590 250159 220578 
10 : 242157 201533 247412 244170 201530 242161 242156 201537 201531 244176 
10 : 139132 174491 12940 95062 139122 12921 95044 12931 95051 12917 
10 : 247459 110059 89141 247455 110064 89149 259578 89122 110061 89147 
10 : 244867 247463 247461 177271 244872 244871 177270 262589 177279 177275 
10 : 246784 247485 247484 247487 246789 246787 246793 253034 254878 253037 
10 : 188268 247502 135324 247500 188276 135316 188274 135335 263951 135334 
10 : 154720 124373 236831 222724 124361 154719 154717 124370 124366 222722 
10 : 247574 247575 192890 31394 260472 192893 31399 192895 31401 31387 
10 : 247357 34691 91318 94407 34690 91317 94406 34669 34671 91303 
10 : 247583 222127 224773 142390 222132 224782 142400 222125 142385 142386 
10 : 166437 23847 50787 82873 23830 50770 82855 23818 23820 50761 
10 : 247669 242918 151218 247060 242920 151220 247065 151215 242917 151217 
10 : 76112 33465 247674 174863 33450 76116 76101 33469 33459 174867 
10 : 239509 242503 247709 241063 239506 239511 239505 242504 241060 241066 
10 : 51602 247715 110668 209710 51603 51592 51598 110670 209712 110662 
10 : 179826 223270 188533 247785 179821 179814 179827 188528 223272 188534 
10 : 64772 247797 247795 247798 64776 64774 64778 249405 253089 249407 
10 : 110931 149245 113090 105563 110918 110912 105542 113070 105545 105543 
10 : 235544 101083 226005 79235 101082 226002 79233 101080 79206 79230 
10 : 74091 225520 226819 233292 74085 74086 74087 225513 225517 226815 
10 : 227993 247936 135807 171636 227997 135801 171629 135814 171644 135789 
10 : 240260 247958 247957 177251 240266 240265 177248 258532 177256 177255 
10 : 95198 197116 98918 48406 95187 95179 48380 98909 48395 48381 
10 : 186819 248051 248043 248047 186831 186820 186824 248085 258249 248080 
10 : 53658 69025 114065 200950 53643 53647 53652 69006 69018 114053 
10 : 128497 165885 48950 219395 128484 48932 128494 48936 165882 48946 
10 : 127052 139894 232900 248098 127040 127049 127058 139888 139898 232908 
10 : 152767 248179 90237 165402 152773 90227 152758 90245 165408 90229 
10 : 248199 165567 137652 219080 165570 137657 219084 137638 165564 137647 
10 : 248208 73163 248212 248209 73170 260313 260312 73174 73172 262602 
10 : 39765 54784 227730 123076 39742 39759 39748 54781 54769 123070 
10 : 248282 55587 243163 47096 55590 243168 47100 55584 47067 47094 
10 : 129778 69274 35618 192192 69257 35600 129768 35592 69262 35607 
10 : 248327 169834 248326 248329 169842 260459 263221 169840 169846 260462 
10 : 29013 248331 248333 28493 29015 29016 28466 251111 28494 28499 
10 : 196424 248377 61828 248376 196427 61820 196426 61831 260891 61829 
10 : 248378 219359 86509 151687 219366 86515 151699 86502 151680 86492 
10 : 174997 145484 248433 248434 145476 175003 175004 145491 145492 263978 
10 : 42729 202655 248471 6438 42726 42731 6417 202657 6432 6442 
10 : 234770 138537 188004 119724 138535 188001 119719 138528 119701 119710 
10 : 225664 248548 140868 248549 225665 140863 225667 140870 254763 140871 
10 : 205392 153648 133525 93021 153639 133518 93013 133511 93005 93003 
10 : 202568 21965 248164 248708 21955 202567 202572 21963 21972 248169 
10 : 248710 234461 248716 58327 234462 253342 58330 234469 58325 58337 
10 : 186594 168179 190000 248725 168172 186590 186600 168173 168189 190010 
10 : 124392 248727 248728 190730 124393 124394 124387 256062 190732 190733 
10 : 87407 248764 153326 248765 87412 87403 87413 153332 262003 153333 
10 : 44760 137752 246612 212045 44744 44758 44752 137751 137743 212044 
10 : 147529 243663 248815 248816 147526 147534 147538 243670 243672 263606 
10 : 236033 248835 43500 235733 236039 43499 235732 43505 235737 43498 
10 : 199751 79200 190893 123249 79190 190881 123240 79188 79182 123237 
10 : 248880 248875 215028 248878 254335 215041 263876 215031 254333 215039 
10 : 248983 205059 248984 25661 205060 259567 25663 205061 25647 25664 
10 : 79553 195379 114930 248886 79546 79537 79552 114921 195378 114929 
10 : 221594 234326 117561 242771 221590 117553 221592 117555 234325 117558 
10 : 69849 202385 34659 203307 69839 34628 69840 34649 202379 34650 
10 : 131733 235443 244639 217738 131729 131732 131727 235441 217733 217736 
10 : 68337 151887 158777 226935 68317 68318 68329 151866 151881 158769 
10 : 144119 80737 17305 249145 80723 17289 144126 17281 80748 17314 
10 : 249167 185683 249169 249168 185686 257572 257571 185690 185689 264000 
10 : 36020 152613 150259 133895 36010 36009 36008 150243 133879 133878 
10 : 167665 176696 249293 249291 167660 167669 167666 176701 176698 256607 
10 : 249333 249336 180679 226255 255794 180681 226257 180686 226263 180673 
10 : 235146 233061 186165 117265 233058 186163 117262 186162 117261 117250 
10 : 249423 249425 60714 249426 256120 60721 256122 60723 261384 60725 
10 : 187582 249433 11504 249439 187583 11494 187587 11506 258011 11512 
10 : 243288 249465 175058 249470 243289 175057 243295 175061 257376 175066 
10 : 236902 242589 67505 185270 236900 67501 185265 67503 185267 67488 
10 : 59839 78802 136937 225932 59822 59826 59836 78786 78798 136935 
10 : 29625 16962 249545 198067 16946 29631 29619 16969 16959 198074 
10 : 249598 134622 7387 159114 134627 7393 159118 7370 134611 7374 
10 : 202829 249715 249722 216156 202833 202842 202823 253174 216158 216169 
10 : 12567 25428 249797 172314 12544 12571 12556 25431 25414 172319 
10 : 218821 206173 148412 249804 206169 148407 218822 148406 206176 148416 
10 : 249846 184030 249845 249844 184039 263733 262920 184038 184037 262918 
10 : 249849 10542 249850 239936 10545 256921 239939 10546 10541 239941 
10 : 237363 241116 77491 208557 237361 77486 208550 77489 208552 77480 
10 : 203952 249965 120281 249968 203954 120272 203956 120283 252011 120290 
10 : 229086 51918 225811 218078 51911 225806 218074 51909 51908 218072 
10 : 250001 226805 250000 14192 226809 254919 14197 226807 14188 14195 
10 : 189515 187104 216537 56497 187096 189511 56484 187099 56482 56487 
10 : 250083 242721 250085 250082 242726 261213 258867 242729 242724 258871 
10 : 212511 81235 250167 211228 81225 212512 211219 81237 81224 211232 
10 : 64775 203876 128404 250179 64765 64757 64777 128395 203878 128406 
10 : 250180 235823 122078 26864 235831 122082 26869 122074 26861 26840 
10 : 246272 250280 250278 218786 246277 246276 218785 258056 218789 218787 
10 : 81407 109463 143965 231919 81393 81398 81405 109446 109458 143962 
10 : 250315 203273 208345 231111 203274 208346 231112 203260 203266 208341 
10 : 157264 250364 239866 73466 157268 157262 73447 239873 73476 73460 
10 : 250407 250408 128405 206762 258319 128408 206765 128409 206766 128397 
10 : 112675 154469 21439 87593 112663 21418 87571 21422 87576 21414 
10 : 250491 250490 245678 250494 258654 245682 260002 245681 258657 245684 
10 : 151241 221828 188905 108342 151233 151227 108324 188893 108333 108328 
10 : 4935 187763 223826 124841 4925 4928 4916 187753 124823 124831 
10 : 98920 250534 250532 210677 98925 98921 98911 252798 210682 210678 
10 : 39460 221944 109985 250542 39454 39445 39464 109972 221951 109991 
10 : 68258 203752 239834 31738 68254 68256 31714 203749 31731 31736 
10 : 187235 54076 250556 219808 54067 187239 187231 54077 54070 219815 
10 : 194922 104429 192368 225463 104419 192357 194919 104418 104426 192364 
10 : 250622 176906 53714 214824 176920 53727 214836 53702 176900 53708 
10 : 68963 91320 198879 224775 68947 68954 68957 91311 91313 198872 
10 : 16445 65216 209601 250666 16433 16441 16447 65210 65218 209604 
10 : 250669 180278 234823 106787 180283 234827 106793 180276 106776 106784 
10 : 250680 163871 163919 70888 163881 163926 70898 163866 70873 70874 
10 : 230042 167346 47378 249048 167338 47372 230041 47363 167345 47377 
10 : 250793 227080 75407 222317 227084 75409 222320 75401 222312 75400 
10 : 250800 204399 231514 250799 204402 231519 261576 204395 204401 231518 
10 : 114504 250803 105264 218694 114507 105249 114499 105270 218699 105259 
10 : 197953 228835 174671 144550 197949 174666 144542 174668 144545 144537 
10 : 10360 115954 922 131887 10349 901 10350 910 115942 911 
10 : 250869 196191 96619 250867 196198 96629 263019 96613 196196 96625 
10 : 250876 217406 248533 250877 217407 248535 255599 217404 217408 248536 
10 : 232514 95847 217277 250942 95843 217274 232515 95841 95848 217279 
10 : 250948 207699 102016 203824 207700 102017 203825 102011 203819 102010 
10 : 221433 170641 205847 191338 170635 205843 191337 170631 170629 191335 
10 : 94200 231723 103950 5427 94195 94187 5406 103945 5423 5407 
10 : 213888 220502 141679 131514 213882 141669 131498 141671 131500 131485 
10 : 92081 251101 251104 251103 92083 92089 92088 252831 252829 262392 
10 : 190214 109464 251122 160236 109454 190215 160225 109466 109448 160239 
10 : 251126 154124 6590 230227 154129 6599 230234 6577 154118 6586 
10 : 244528 250605 251150 251151 244527 244531 244533 250606 250607 260105 
10 : 10340 103773 209267 248120 10327 10333 10339 103770 103772 209266 
10 : 209741 58649 203375 251154 58643 203365 209746 58642 58654 203378 
10 : 98780 185737 135568 78671 98774 98771 78654 135556 78662 78658 
10 : 219497 30702 9633 251230 30695 9625 219504 9607 30708 9643 
10 : 246528 67567 251233 228016 67564 246530 228014 67570 67557 228017 
10 : 247997 56012 237365 5804 56011 237362 5801 56007 5777 5797 
10 : 251304 101917 215865 218773 101919 215869 218775 101910 101911 215860 
10 : 140728 251309 105878 179777 140733 105864 140719 105884 179780 105868 
10 : 38556 251334 251330 143768 38560 38557 38543 253137 143775 143769 
10 : 135303 22583 251386 118658 22565 135306 118641 22584 22563 118661 
10 : 107213 138999 119798 251412 107206 107205 107218 119777 139005 119803 
10 : 10577 251418 251416 2805 10582 10578 2782 251509 2810 2806 
10 : 251427 112495 186166 11179 112500 186171 11185 112480 11156 11166 
10 : 29109 136831 238691 220951 29086 29104 29099 136826 136820 220947 
10 : 184445 103192 226566 144222 103176 184437 144201 103185 103172 144210 
10 : 240819 222274 210805 131515 222271 210802 131511 210795 131502 131497 
10 : 251530 1651 202752 251532 1655 202758 263212 1644 1657 202761 
10 : 251555 164111 247016 181201 164115 247021 181208 164110 164098 181199 
10 : 206957 221260 215476 165271 206952 206951 165260 215464 165264 165263 
10 : 25378 14800 102722 249482 14772 25361 25376 14779 14798 102720 
10 : 62197 79170 246503 200712 62175 62196 62185 79168 79158 200708 
10 : 251600 103774 203376 60174 103777 203379 60180 103769 60153 60167 
10 : 112201 248439 203917 152829 112200 112193 112186 203915 152827 152817 
10 : 171391 138600 251628 251636 138594 171392 171400 138601 138608 251944 
10 : 84009 251687 251689 114067 84011 84012 84000 257089 114070 114072 
10 : 81153 106998 241328 221897 81136 81151 81147 106993 106986 221893 
10 : 249608 182079 242781 50820 182078 242780 50819 182076 50804 50818 
10 : 71456 197587 143236 177341 71450 71445 71448 143227 177333 143222 
10 : 17101 246822 202135 218461 17100 17094 17096 202134 218460 202127 
10 : 195332 183328 251786 157420 183321 195333 157407 183329 157403 157422 
10 : 232625 204739 192369 210750 204736 192365 210748 192359 204729 192361 
10 : 224487 141107 251348 251900 141102 224486 224490 141106 141113 251358 
10 : 234243 11536 246984 64086 11531 234242 64079 11532 11514 64082 
10 : 92191 69197 161174 195596 69175 92180 92185 69181 69185 161163 
10 : 213998 169451 166804 245390 169443 166795 213995 166792 169449 166800 
10 : 216505 218410 166001 101084 216499 165995 101076 165996 101077 101068 
10 : 251948 251949 52953 205001 256279 52956 205004 52960 205008 52946 
10 : 141858 53848 197444 180417 53838 141854 141852 53843 53841 180408 
10 : 252005 251997 3353 170490 255483 3362 170500 3355 170492 3344 
10 : 126627 252020 252019 71877 126634 126633 71864 264486 71886 71885 
10 : 85339 242618 109005 127011 85336 85319 85320 108999 127009 108984 
10 : 104833 117310 96139 209781 104820 96116 104829 96119 117303 96125 
10 : 232153 115392 178550 234487 115388 178546 232152 115380 115390 178547 
10 : 247286 252128 138627 252129 247287 138626 247289 138628 254862 138629 
10 : 85445 125279 108622 247610 85431 85429 85443 108599 125277 108620 
10 : 238556 40244 24433 252160 40238 24429 238557 24405 40246 24434 
10 : 217485 252174 239979 200952 217487 217481 200941 239980 200953 200948 
10 : 156022 141258 109096 189226 141242 109078 156010 109077 141247 109083 
10 : 252254 201010 245310 75185 201018 245315 75195 201006 75172 75180 
10 : 252299 88372 57168 127443 88380 57174 127450 57146 88357 57151 
10 : 239143 218259 180123 14841 218253 180116 14834 180115 14830 14824 
10 : 226792 192249 178007 252415 192242 177998 226798 177995 192252 178014 
10 : 223470 186656 77727 176551 186649 77722 176545 77715 176539 77712 
10 : 176957 84622 245228 233078 84608 176955 176951 84617 84615 233076 
10 : 125718 61773 237684 29975 61759 125716 29961 61770 29953 29972 
10 : 231793 137689 88079 71617 137686 88075 71614 88066 71609 71605 
10 : 175613 209409 206107 216234 175605 175603 175606 206098 209403 206099 
10 : 237414 252591 116645 188906 237415 116641 188898 116646 188907 116632 
10 : 80128 55756 232419 107278 55732 80124 80109 55750 55734 107272 
10 : 210357 185593 172094 252672 185587 172088 210359 172084 185595 172098 
10 : 166986 252685 179492 44121 166990 166972 44106 179493 44128 44109 
10 : 85827 189192 252705 238409 85818 85831 85825 189199 189189 238412 
10 : 252710 252711 212699 153561 259112 212702 153564 212703 153565 153550 
10 : 55614 181679 234032 237938 55599 55609 55612 181676 181677 234027 
10 : 252780 77092 23654 225273 77095 23655 225276 23630 77087 23648 
10 : 108849 7651 135211 252814 7634 108835 108851 7636 7656 135217 
10 : 252824 251135 248350 167191 251140 248356 167199 248349 167190 167188 
10 : 200196 209763 167787 62107 200188 167781 62097 167783 62099 62093 
10 : 225626 1952 224456 62360 1950 224451 62354 1949 1938 62353 
10 : 252896 245744 230581 170593 245745 230583 170597 230579 170591 170584 
10 : 249755 252979 252980 205126 249760 249762 205124 261385 205130 205132 
10 : 93338 183008 150512 243113 93328 93324 93334 150500 183005 150509 
10 : 160118 155386 101278 209558 155374 101267 160108 101266 155379 101270 
10 : 253080 245371 36153 151688 245372 36154 151689 36150 151686 36140 
10 : 163368 40776 143154 174598 40764 143140 163361 40762 40765 143141 
10 : 77064 185087 187864 242980 77051 77052 77061 185070 185084 187859 
10 : 253123 239624 240357 197905 239632 240367 197914 239620 197900 197901 
10 : 24206 13370 155979 107124 13345 24190 24187 13357 13352 107104 
10 : 233117 130510 61860 117140 130505 61856 117138 61839 117122 61838 
10 : 244886 614 253161 231178 609 244890 231173 615 606 231179 
10 : 253165 253168 241675 239639 257259 241677 239643 241680 239649 239634 
10 : 120850 220562 207446 236652 120846 120843 120848 207436 220557 207438 
10 : 241507 161514 18534 57911 161511 18530 57908 18519 57894 18507 
10 : 223940 205351 253247 179045 205344 223941 179033 205352 179027 179046 
10 : 92193 120520 215940 128939 92177 92187 92178 120511 120502 128926 
10 : 253322 253208 225275 203310 253211 225278 203314 225274 203309 203302 
10 : 21322 81323 191756 242824 21305 21314 21318 81317 81320 191753 
10 : 252346 196800 237926 253385 196799 237925 252350 196794 196805 237931 
10 : 253386 245937 138654 8152 245944 138662 8160 138651 8150 8134 
10 : 200285 253418 179109 193178 200287 179098 193162 179115 193185 179097 
10 : 253424 236185 253421 210814 236191 259018 210822 236188 210811 210818 
10 : 53439 195495 113428 60996 53428 53419 53413 113416 60984 60974 
10 : 73134 240828 233789 140891 73132 73130 73124 233785 140890 140887 
10 : 253538 23780 231739 253537 23784 231745 263117 23774 23783 231744 
10 : 50604 112496 117266 253594 50584 50585 50610 112477 112504 117272 
10 : 181795 242207 18223 214181 181791 18209 181789 18219 214176 18214 
10 : 253614 53402 145076 62817 53405 145079 62819 53382 53375 62794 
10 : 186783 196192 158060 130041 186779 158050 130029 158052 130032 130024 
10 : 138710 241587 204757 165702 138706 138702 138698 204754 165695 165691 
10 : 11749 217834 71741 210383 11742 11733 11741 71734 210376 71733 
10 : 188535 280 65956 114451 268 65944 114428 255 262 65933 
10 : 213333 24104 228376 212034 24098 213328 212025 24102 24097 212028 
10 : 234934 193369 13738 163942 193368 13736 163937 13730 163929 13726 
10 : 199125 233505 253795 253790 199115 199131 199126 233510 233506 254987 
10 : 253792 242674 22452 253794 242675 22456 260852 22446 242679 22460 
10 : 207663 135595 203980 234544 135584 203971 207657 135582 135590 203976 
10 : 253852 253848 253851 60421 256541 263364 60429 256540 60423 60427 
10 : 104719 117236 152590 253875 104705 104706 104724 117219 117241 152594 
10 : 221319 125628 242454 226036 125621 221315 221312 125626 125625 226031 
10 : 189654 232741 142833 161573 189650 142822 161559 142828 161566 142814 
10 : 80416 239092 57169 253878 80411 57145 80417 57165 239093 57170 
10 : 217532 253906 253901 253907 217539 217536 217540 259657 263252 259658 
10 : 117350 170219 253910 125990 117341 117351 117338 170221 125976 125993 
10 : 242050 253935 138711 226151 242052 138707 226148 138712 226153 138703 
10 : 222110 245069 208087 181656 222109 208082 181650 208086 181651 181646 
10 : 231334 138909 253967 172315 138907 231335 172309 138910 138899 172317 
10 : 10251 215654 138318 204985 10247 10238 10245 138315 204976 138312 
10 : 4133 243975 219484 212816 4130 4123 4121 219480 212812 212806 
10 : 155470 245052 254049 254048 155468 155474 155472 245056 245055 257877 
10 : 189715 215545 113548 242774 189709 113533 189714 113536 215544 113545 
10 : 239996 229796 65410 198906 229795 65407 198901 65405 198897 65400 
10 : 241194 28894 178375 186094 28892 178369 186088 28883 28884 178361 
10 : 219048 101751 254244 184363 101742 219053 184356 101753 101739 184366 
10 : 104720 171526 105265 254258 104708 104703 104722 105252 171529 105271 
10 : 217835 247603 194278 28047 217832 194270 28034 194276 28045 28030 
10 : 254302 191809 84451 254303 191814 84455 262148 84439 191817 84458 
10 : 241449 239756 231629 93100 239751 231624 93096 231623 93095 93094 
10 : 247893 254327 249295 98066 247894 247890 98062 249297 98069 98063 
10 : 180955 176247 142277 231294 176238 142263 180950 142262 176243 142272 
10 : 254338 86262 246296 44415 86263 246297 44416 86258 44390 44412 
10 : 117292 205848 224010 243301 117286 117287 117289 205844 205845 224007 
10 : 233489 226485 214620 251240 226481 214615 233487 214612 226484 214619 
10 : 248820 61397 254376 31597 61396 248822 31595 61399 31568 31602 
10 : 223487 169866 116428 234087 169861 116422 223481 116406 169863 116426 
10 : 249172 220443 247661 99399 220442 247658 99397 220440 99391 99396 
10 : 254484 121844 254483 246064 121853 261918 246074 121850 121841 246071 
10 : 254594 243833 170642 57758 243836 170644 57762 170639 57756 57743 
10 : 116398 176155 228506 252240 116383 116394 116397 176151 176154 228505 
10 : 236554 249756 46212 254680 236553 46207 236559 46211 249761 46220 
10 : 238984 246746 9929 245155 238981 9923 238979 9926 245150 9925 
10 : 41958 178745 116108 230088 41944 41941 41950 116095 178738 116101 
10 : 210645 254726 17740 220703 210647 17731 210638 17744 220706 17733 
10 : 222459 254730 224173 93811 222462 222454 93801 224175 93817 93803 
10 : 200313 14332 203392 121376 14320 200301 121360 14321 14314 121362 
10 : 253515 75323 177343 205654 75321 177342 205652 75306 75309 177334 
10 : 117311 18191 230475 254784 18175 117305 117312 18185 18192 230476 
10 : 254789 81865 254793 254790 81866 258750 258745 81872 81867 259701 
10 : 254792 166152 238950 154597 166155 238956 154604 166146 154574 154593 
10 : 142869 16407 254817 47099 16389 142871 47074 16411 16380 47104 
10 : 22616 254818 101687 123567 22617 22601 22603 101688 123568 101672 
10 : 231990 254822 215050 39371 231996 215045 39365 215053 39375 39362 
10 : 254823 254825 71060 205296 264455 71062 205302 71066 205304 71048 
10 : 15230 48507 81094 159214 15204 15209 15212 48488 48491 81076 
10 : 80388 1652 105429 133764 1628 80373 80378 1629 1632 105416 
10 : 167040 60119 157904 240017 60107 157891 167039 60106 60114 157899 
10 : 34730 188560 37335 254908 34723 34717 34731 37323 188562 37336 
10 : 247351 206161 199647 168339 206156 199643 168335 199635 168327 168325 
10 : 23320 97407 158895 138105 23297 23304 23302 97397 97396 138088 
10 : 55962 232577 126284 202012 55960 55949 55957 126276 202006 126274 
10 : 108704 216570 221452 170888 108698 108699 108693 216559 170875 170876 
10 : 255082 255085 255087 255086 260629 260635 260633 263497 263495 264267 
10 : 185981 240008 224093 195061 185977 185973 185971 224089 195056 195052 
10 : 244391 203254 255096 39075 203250 244393 39072 203256 39060 39080 
10 : 10385 247192 13229 255154 10382 10365 10389 13226 247195 13234 
10 : 185563 164188 10208 54259 164177 10195 54240 10194 54237 10188 
10 : 10992 222768 40247 240792 10985 10970 10987 40235 222762 40240 
10 : 65889 250846 255155 211686 65888 65890 65878 250848 211683 211688 
10 : 255178 255183 231991 130292 258295 231993 130295 231998 130302 130288 
10 : 225798 205982 255186 253797 205974 225804 225797 205988 205980 253800 
10 : 239070 75595 255209 242782 75590 239076 239069 75602 75591 242789 
10 : 104498 255214 255210 196802 104502 104499 104483 255539 196809 196803 
10 : 255211 42653 237927 80290 42657 237930 80294 42647 42626 80284 
10 : 190051 255236 148134 132866 190055 148118 132855 148136 132871 132848 
10 : 251109 95067 250693 8035 95064 250692 8033 95063 8014 8032 
10 : 255262 62315 103557 224953 62317 103559 224954 62297 62307 103549 
10 : 114361 185063 135330 182698 114354 114349 114353 135315 182683 135314 
10 : 212719 244785 211581 159002 212717 211575 158989 211579 158996 158987 
10 : 246896 131177 144936 255301 131171 144932 246898 131160 131182 144942 
10 : 221329 190235 209644 36482 190227 209633 36475 190225 36470 36473 
10 : 89714 255309 254405 232381 89715 89713 89709 254408 232385 232380 
10 : 255321 126419 200792 194308 126421 200794 194309 126406 126405 194296 
10 : 244128 250306 255355 128829 244126 244130 128822 250308 128824 128836 
10 : 40153 255369 206511 83029 40156 40146 40132 206514 83036 83021 
10 : 1820 174408 159728 44375 1813 1811 1803 159719 44365 44364 
10 : 92221 201100 168340 40543 92211 92202 40515 168326 40529 40523 
10 : 46613 110717 89882 255419 46598 46595 46619 89866 110727 89887 
10 : 172272 230244 221453 244172 172267 172266 172270 221439 230242 221447 
10 : 106490 159500 255490 255493 106479 106496 106497 159506 159508 263908 
10 : 50172 162964 93777 53578 50162 50156 50154 93764 53561 53550 
10 : 206973 180887 229773 209214 180881 206971 206966 180885 180882 209208 
10 : 168051 200760 255650 195599 168043 168054 168042 200763 195582 195603 
10 : 252309 209427 112911 255652 209424 112909 252314 112899 209431 112917 
10 : 155460 13594 168118 251011 13575 155453 155459 13577 13593 168117 
10 : 224621 201307 214239 69462 201303 214234 69457 201302 69452 69456 
10 : 66209 215442 176203 255675 66202 66197 66212 176194 215446 176208 
10 : 173007 255707 98953 255706 173016 98941 173014 98963 263169 98962 
10 : 255710 89477 1527 246016 89478 1528 246017 1506 89474 1523 
10 : 255712 22301 231581 155688 22308 231591 155696 22297 22285 155683 
10 : 247155 110241 202586 200405 110238 202584 200401 110229 110228 200391 
10 : 78052 255732 255731 255734 78054 78053 78057 256982 257725 256985 
10 : 202490 147990 250427 238360 147978 202488 202487 147987 147984 238355 
10 : 255775 255778 249694 134332 259061 249696 134335 249700 134338 134327 
10 : 19627 50058 208021 255834 19613 19619 19631 50051 50065 208025 
10 : 14621 208273 236405 25331 14616 14617 14603 208269 25323 25327 
10 : 249307 55493 34066 255859 55491 34065 249308 34048 55495 34067 
10 : 141759 124808 255898 229372 124793 141763 141756 124812 124803 229375 
10 : 204326 219330 157369 255934 204319 157357 204330 157361 219333 157373 
10 : 244337 181255 177933 181296 181252 177928 181293 177921 181243 177922 
10 : 255954 243843 119003 233245 243853 119010 233252 119000 233239 118996 
10 : 124901 241153 164603 150277 124895 124889 124888 164597 150273 150268 
10 : 242908 255966 93390 251869 242910 93386 242906 93393 251872 93389 
10 : 230389 189890 114312 143598 189883 114306 143589 114297 143579 114292 
10 : 255981 169725 231127 201552 169730 231136 201560 169719 169716 201543 
10 : 256017 256021 223074 256020 259564 223076 259563 223078 262240 223077 
10 : 233004 164994 256028 177464 164989 233007 177458 164999 164981 177472 
10 : 251836 80774 251870 256050 80770 251833 251838 80771 80776 251873 
10 : 161442 154267 256055 156656 154252 161444 156634 154268 154251 156659 
10 : 34945 197732 224036 87853 34936 34941 34932 197721 87838 87844 
10 : 245255 98642 256111 146776 98639 245259 146770 98646 98631 146780 
10 : 211102 256127 82904 255138 211110 82894 211101 82912 255148 82903 
10 : 241906 93134 229088 113574 93126 229083 113568 93125 93113 113565 
10 : 256141 156212 218081 132421 156215 218083 132424 156203 132399 132411 
10 : 125950 229041 219690 255970 125945 125943 125949 219683 229040 219689 
10 : 256195 256194 171684 78410 263622 171691 78417 171688 78414 78394 
10 : 69725 161035 198420 256209 69720 69721 69730 161024 161044 198429 
10 : 186803 204059 256218 256221 186792 186804 186806 204060 204062 257347 
10 : 108750 208969 171550 256228 108742 108738 108754 171538 208976 171553 
10 : 108552 1795 100116 249014 1776 100098 108548 1775 1792 100114 
10 : 142895 204343 233406 185184 142882 142890 142878 204338 185168 185177 
10 : 56253 218927 230950 218209 56245 56246 56244 218919 218200 218203 
10 : 7653 239325 256378 83271 7650 7658 7633 239331 83267 83277 
10 : 145900 172863 256376 205216 145888 145905 145893 172867 172855 205217 
10 : 94266 101581 168015 235900 94254 94257 94263 101570 101577 168006 
10 : 255835 238195 242629 235190 238194 242628 235189 238189 235182 235184 
10 : 235060 229806 249820 66549 229801 235059 66545 229804 66544 66547 
10 : 220639 249150 256410 29051 220636 220644 29039 249156 29045 29052 
10 : 254434 246946 111198 108346 246944 111196 108345 111190 108340 108318 
10 : 115543 256434 156213 48699 115550 115525 48676 156217 48705 48680 
10 : 256491 256485 229641 256490 257067 229648 264496 229642 257065 229647 
10 : 76415 82405 194492 90978 76389 76404 76390 82397 82385 90968 
10 : 51845 226966 256511 143369 51841 51849 51832 226967 143363 143372 
10 : 247183 256552 90663 203507 247185 90660 203503 90665 203509 90654 
10 : 27071 243804 56164 155197 27069 27050 27056 56159 155193 56150 
10 : 159584 121377 256612 256610 121356 159589 159585 121384 121378 256748 
10 : 178920 241019 111749 113188 178918 111732 113173 111745 113185 111725 
10 : 253854 226911 256672 204344 226910 253860 204342 226914 204336 204349 
10 : 216481 256686 256687 223962 216482 216484 216475 258105 223964 223967 
10 : 187819 101279 220274 183780 101269 187814 183765 101272 101268 183774 
10 : 188645 256703 251291 171731 188646 188643 171713 251294 171733 171730 
10 : 187107 54729 73468 22154 54722 73449 22141 54714 22122 22126 
10 : 172916 236372 225565 244266 172911 172909 172914 225560 236368 225562 
10 : 208751 99018 105777 21441 99009 105766 21432 99002 21415 21417 
10 : 245652 256759 186017 159823 245655 186015 159821 186019 159825 159808 
10 : 256761 256760 256762 175233 261164 262883 175235 261165 175234 175236 
10 : 256826 72907 207622 237131 72909 207626 237134 72897 72903 207618 
10 : 32738 256829 139051 159093 32743 32720 32722 139057 159100 139039 
10 : 183645 242317 84325 256830 183641 84313 183647 84321 242319 84329 
10 : 222968 95340 126107 256854 95327 126101 222974 95315 95343 126112 
10 : 155238 136238 256886 33781 136221 155240 33763 136239 33756 33784 
10 : 238156 222538 85139 117832 222532 85135 117828 85131 117823 85119 
10 : 246237 242403 182094 223075 242398 182092 223072 182091 223070 182089 
10 : 256920 123641 192448 33655 123644 192457 33660 123630 33630 33637 
10 : 221121 172023 164215 243990 172012 164202 221119 164191 172019 164208 
10 : 255871 254942 221095 207003 254940 221093 207002 221092 207001 206995 
10 : 252479 46350 254833 144335 46347 252478 144332 46349 46334 144333 
10 : 257001 96300 133401 227617 96304 133404 227621 96282 96292 133389 
10 : 195656 257068 223910 101559 195657 195653 101538 223911 101560 101548 
10 : 92782 160374 257081 209198 92775 92786 92780 160378 160368 209203 
10 : 26501 206790 54758 257112 26495 26487 26502 54753 206792 54759 
10 : 200220 251773 107144 257113 200219 107136 200227 107141 251780 107153 
10 : 257110 216362 54937 210815 216364 54938 210816 54932 210809 54931 
10 : 112128 257135 110719 235030 112130 110702 112124 110726 235036 110713 
10 : 195028 251671 231011 257149 195027 195025 195032 231010 251675 231017 
10 : 257162 5955 205129 82905 5958 205131 82907 5942 5931 82892 
10 : 257166 166763 88239 232921 166765 88243 232923 88219 166759 88232 
10 : 99793 159986 257170 36522 99776 99795 36494 159989 36499 36525 
10 : 174018 180497 174065 45397 174007 174006 45374 174049 45376 45375 
10 : 222715 213672 257225 180702 213664 222717 180694 213675 180692 180704 
10 : 127837 257252 214742 76143 127838 127832 76122 214748 76147 76133 
10 : 169169 133642 58584 232641 133630 58567 169160 58565 133637 58576 
10 : 139635 241785 214111 160049 139631 139626 139622 214100 160043 160033 
10 : 169961 150588 242931 145517 150573 169954 145497 150584 145494 145508 
10 : 227922 35680 181008 257270 35675 181003 227923 35667 35681 181009 
10 : 257309 77009 98833 20970 77013 98837 20973 76997 20947 20949 
10 : 257318 257317 108402 257315 262672 108405 260317 108404 260315 108403 
10 : 249971 211528 145414 7729 211523 145409 7725 145401 7717 7709 
10 : 144289 18225 160590 255866 18206 144276 144288 18208 18224 160589 
10 : 223032 128192 217945 247734 128179 217936 223027 128178 128186 217941 
10 : 203238 219517 27208 257388 203233 27197 203240 27200 219520 27211 
10 : 206049 257409 234364 149677 206054 206042 149668 234369 149682 149671 
10 : 254802 4319 257408 257410 4316 254803 254805 4321 4324 262079 
10 : 228550 247824 21701 252836 228545 21693 228547 21696 247821 21697 
10 : 257441 39300 8543 257442 39301 8544 257717 8522 39308 8549 
10 : 79981 61036 235238 228028 61012 79977 79976 61030 61029 228022 
10 : 247952 234656 257518 182526 234654 247955 182520 234661 182516 182533 
10 : 197555 73267 182784 245665 73255 182774 197550 73252 73262 182781 
10 : 257549 201827 33330 257551 201831 33335 264741 33318 201833 33337 
10 : 198470 188171 18476 159730 188164 18466 159721 18465 159720 18464 
10 : 52481 19589 186169 162636 19559 52466 52464 19570 19566 162619 
10 : 38846 166401 37043 248932 38837 37019 38845 37029 166398 37041 
10 : 246973 215754 236910 186637 215753 236908 186635 215749 186626 186632 
10 : 94758 115025 72932 169673 94743 72912 94749 72915 115015 72922 
10 : 253329 257699 257402 238453 253331 253328 238451 257407 238455 238452 
10 : 257710 140059 191690 192114 140064 191697 192119 140043 140044 191678 
10 : 250925 229774 215394 223912 229772 215392 223909 215388 223906 215387 
10 : 91038 158896 257772 90858 91029 91040 90825 158898 90833 90859 
10 : 2312 244039 257778 230013 2309 2314 2308 244041 230007 230018 
10 : 254810 223558 106904 127329 223557 106903 127328 106898 127320 106884 
10 : 252856 192981 234577 104404 192980 234576 104403 192976 104389 104398 
10 : 234950 257832 159987 257834 234951 159979 234952 159988 258264 159990 
10 : 253429 257838 108311 20493 253430 108310 20489 108312 20495 20472 
10 : 234117 236696 18776 66787 234111 18766 66780 18770 66783 18745 
10 : 257906 257907 246104 206538 258496 246105 206539 246107 206541 206529 
10 : 182878 42162 185512 139001 42152 182865 138992 42153 42148 138993 
10 : 257915 257917 257919 195970 259673 259676 195971 264515 195976 195979 
10 : 184345 251157 257930 76961 184343 184347 76943 251160 76957 76963 
10 : 248595 38871 257933 233980 38868 248598 233976 38876 38865 233989 
10 : 134191 257944 239030 256003 134199 134182 134190 239036 256012 239029 
10 : 151000 33006 235627 257964 32992 150995 151003 32998 33013 235632 
10 : 136764 257993 60582 257994 136767 60562 136768 60587 263494 60588 
10 : 258042 257022 229132 24973 257025 229136 24976 229130 24972 24957 
10 : 136559 179574 139854 258065 136545 136541 136564 139836 179579 139860 
10 : 153805 244739 219629 98719 153801 153797 98698 219628 98716 98707 
10 : 233217 134782 72258 225406 134774 72252 225398 72244 134772 72251 
10 : 258075 250027 2811 258074 250031 2816 264110 2804 250029 2815 
10 : 189821 218855 258099 68906 189806 189827 68891 218862 68894 68915 
10 : 197221 258126 258129 114191 197223 197226 114179 261433 114196 114200 
10 : 124587 79914 258130 165274 79892 124588 124579 79915 79895 165275 
10 : 193476 152492 28926 97205 152485 28919 97196 28912 97189 28907 
10 : 206598 96045 243097 237885 96036 206594 206592 96042 96041 237882 
10 : 85939 214346 168968 235714 85927 85924 85931 168958 214339 168962 
10 : 110863 239897 193701 14842 110858 110853 14814 193697 14835 14825 
10 : 256902 178086 121647 167315 178085 121646 167314 121631 167296 121629 
10 : 237084 193138 230402 232321 193129 230397 232313 193126 193127 230395 
10 : 184993 209285 253367 230014 184980 184990 184983 209282 209276 230009 
10 : 96718 126629 258276 228800 96705 96719 96714 126631 126620 228802 
10 : 193540 258304 13401 220385 193546 13390 193533 13408 220393 13392 
10 : 241874 251765 181437 209843 241871 181430 209835 181433 209839 181425 
10 : 227957 253090 255473 160050 227955 227956 160040 253088 160046 160047 
10 : 60344 258368 198471 71367 60345 60340 60331 198472 71369 71352 
10 : 250884 50201 252288 258373 50198 250881 250886 50199 50202 252290 
10 : 199823 70892 223518 158488 70880 199813 158478 70886 70872 158484 
10 : 179757 230115 196727 50822 179752 179746 50803 196720 50815 50808 
10 : 169489 118886 227496 19902 118872 169481 19882 118876 19873 19888 
10 : 64983 8122 258471 65989 8101 64987 64967 8125 8102 65994 
10 : 85314 239519 252964 112623 85307 85309 85301 239516 112614 112618 
10 : 241243 169452 178618 171929 169448 178611 171922 169439 169438 171915 
10 : 25498 244216 241984 254190 25488 25487 25494 241979 244215 241981 
10 : 204382 256219 233923 258637 204381 204378 204386 233920 256223 233927 
10 : 222305 250717 84625 258638 222303 84613 222308 84621 250727 84629 
10 : 63060 255045 191692 256942 63056 63049 63059 191686 255044 191689 
10 : 258690 178153 243567 204514 178159 243572 204521 178148 178146 204507 
10 : 153719 229219 184033 126108 153715 153709 126090 184027 126102 126096 
10 : 246507 175257 218526 258713 175252 218525 246512 175246 175266 218531 
10 : 258717 69027 180703 239868 69029 180705 239869 69014 69024 180698 
10 : 234684 222576 131649 232797 222568 131640 232793 131637 222567 131639 
10 : 258771 227129 197694 32613 227131 197695 32614 197681 32604 32601 
10 : 19173 225753 89885 236255 19168 19161 19169 89876 225746 89877 
10 : 220622 258784 244349 258498 220625 220619 220621 244355 258502 244348 
10 : 180534 258804 251774 210817 180535 180533 180529 251775 210819 210813 
10 : 45777 162151 232970 227670 45752 45767 45764 162144 162140 227665 
10 : 214528 228965 226259 255691 214524 214522 214526 226248 228964 226256 
10 : 964 248754 169962 249408 960 951 961 169955 248749 169956 
10 : 258229 145254 231931 117716 145253 231930 117714 145250 117688 117710 
10 : 258881 22585 232291 258884 22587 232293 261506 22578 22590 232297 
10 : 19101 229248 61173 25039 19090 19076 19074 61165 25026 25004 
10 : 258898 213902 254863 191933 213904 254865 191936 213899 191920 191931 
10 : 209766 185835 121466 91478 185828 121455 91471 121451 91469 91463 
10 : 79137 128716 227032 52246 79122 79130 52217 128710 52221 52232 
10 : 51325 82841 215666 50327 51310 51319 50299 82836 50303 50315 
10 : 118973 220611 135237 258963 118966 118958 118979 135233 220617 135247 
10 : 258985 109007 178300 151047 109012 178307 151056 108991 108986 151031 
10 : 230438 244568 139256 259004 230435 139247 230440 139250 244571 139260 
10 : 174637 119933 243921 134784 119919 174635 134768 119926 119918 134778 
10 : 259008 161483 197371 259009 161487 197376 264657 161471 161489 197377 
10 : 95569 181099 236268 81069 95554 95563 81048 181095 81057 81065 
10 : 152142 115419 192117 219433 115401 152135 152136 115406 115410 192104 
10 : 112157 225883 259065 37044 112148 112158 37026 225884 37035 37048 
10 : 190137 113059 259082 100060 113049 190140 100047 113064 100039 100064 
10 : 185416 198390 175148 171254 185406 175132 171240 175135 171241 171237 
10 : 259146 259151 213285 63747 261060 213288 63750 213294 63753 63736 
10 : 8564 238427 99796 259173 8562 8556 8565 99786 238428 99797 
10 : 245250 199837 259174 255942 199832 245251 245249 199839 199834 255946 
10 : 259186 242541 136346 183685 242544 136353 183691 136340 183679 136334 
10 : 188883 254462 181485 77761 188881 181465 77744 181480 77758 77742 
10 : 212887 49420 254062 54971 49407 212885 54955 49419 49396 54969 
10 : 200542 259233 259231 59045 200544 200543 59030 260372 59048 59046 
10 : 243557 158040 51958 210002 158035 51955 210000 51938 158027 51946 
10 : 246966 170123 46948 75572 170120 46944 75567 46927 75552 46920 
10 : 259341 410 201908 259340 415 201912 264390 400 413 201910 
10 : 184022 193934 127423 253657 184011 127414 184019 127415 193933 127421 
10 : 242999 250251 51469 317 242994 51464 309 51465 311 288 
10 : 255246 161137 159991 67935 161134 159984 67932 159974 67914 67913 
10 : 259404 140387 107651 257974 140392 107656 257978 107633 140386 107650 
10 : 147782 259429 255877 259427 147786 147780 147784 255884 261719 255880 
10 : 252268 217282 230520 161376 217278 230517 161373 217273 161361 161365 
10 : 60094 170645 168799 16855 60084 60083 16819 168784 16831 16829 
10 : 243152 167975 22030 256791 167970 22025 243151 22013 167974 22028 
10 : 101086 219281 187491 259483 101078 101072 101088 187485 219284 187495 
10 : 257624 155800 259490 75189 155799 257625 75188 155802 75166 75190 
10 : 249781 83613 4971 220689 83612 4967 220686 4946 83607 4963 
10 : 78208 142074 259516 5323 78199 78213 5299 142078 5307 5328 
10 : 172567 186584 189911 98321 172552 172553 98300 186573 98304 98305 
10 : 113249 126875 182095 179674 113238 113244 113243 126866 126865 179659 
10 : 80133 72108 173616 126084 72082 80115 80111 72092 72088 126065 
10 : 172641 259566 93237 31745 172642 93226 31726 93239 31746 31717 
10 : 207417 228801 17362 70112 207412 17349 70094 17351 70098 17333 
10 : 228431 115547 252902 258192 115535 228428 228430 115542 115545 252900 
10 : 34162 52333 259635 172318 34145 34166 34152 52337 52320 172321 
10 : 12512 150983 70533 242186 12494 12489 12505 70506 150977 70524 
10 : 191743 226416 177257 235848 191729 177238 191732 177245 226404 177247 
10 : 162916 73025 81362 192760 73010 81337 162905 73002 73013 81344 
10 : 252480 246792 10863 166179 246786 10858 166175 10855 166172 10846 
10 : 205920 209756 216492 259693 205911 205913 205923 209747 209760 216496 
10 : 94288 31675 259705 228029 31657 94289 94279 31676 31667 228032 
10 : 13672 213076 150280 5647 13665 13658 5611 150271 5638 5623 
10 : 138250 144937 171930 259754 138240 138242 138251 144918 144938 171931 
10 : 53683 246664 259853 99571 53679 53685 53666 246667 99566 99573 
10 : 96400 259870 187524 75146 96402 96392 75125 187527 75152 75130 
10 : 127795 72935 74469 53259 72916 74451 53236 72911 53228 53230 
10 : 65785 184256 118553 213375 65773 65769 65777 118534 184250 118539 
10 : 136107 259908 54543 192032 136110 54524 136096 54547 192035 54529 
10 : 179700 259932 259931 244900 179704 179703 179699 264821 244905 244904 
10 : 124122 219859 18386 80527 124110 18365 80500 18375 80510 18361 
10 : 172994 94537 259974 42935 94522 172996 42924 94542 42913 42940 
10 : 245725 96904 241972 77632 96903 241968 77629 96902 77614 77628 
10 : 84407 86089 232261 56644 84394 84404 56623 86084 56624 56640 
10 : 233230 260032 190257 129708 233235 190252 129701 190260 129711 129694 
10 : 185649 72002 158568 240563 71987 158554 185642 71984 71995 158561 
10 : 201135 116085 260079 236001 116069 201137 201130 116088 116077 236005 
10 : 12406 15235 256890 251013 12377 12404 12402 15232 15229 251012 
10 : 255029 51635 250720 260099 51631 250715 255030 51630 51639 250724 
10 : 20636 233231 226037 152592 20631 20629 20615 226030 152588 152585 
10 : 60368 144081 255458 91230 60350 60364 60348 144079 91209 91229 
10 : 216345 220072 259217 8191 216337 216343 8179 220070 8182 8190 
10 : 257541 246565 188767 258084 246563 188765 257539 188761 246564 188766 
10 : 191494 46045 258819 148863 46033 191492 148846 46043 46024 148861 
10 : 224810 260073 260224 232203 224809 224811 224804 260074 232202 232204 
10 : 244458 26053 254693 216164 26047 244456 216155 26052 26043 216159 
10 : 208907 1136 219485 96961 1122 208897 96944 1126 1115 96947 
10 : 127076 115620 91482 73600 115602 91464 73577 91462 73575 73570 
10 : 260285 147156 239418 126109 147158 239421 126111 147150 126089 126104 
10 : 250454 260305 257180 240424 250458 250452 240420 257183 240431 240423 
10 : 260368 68302 110722 218790 68303 110724 218791 68284 68292 110710 
10 : 194543 90772 171981 219486 90762 171967 194534 90760 90766 171972 
10 : 260401 228997 246261 114676 229001 246266 114680 228993 114666 114671 
10 : 71603 171167 246431 185274 71584 71597 71586 171163 171151 185269 
10 : 260468 229471 229858 207590 229472 229859 207591 229462 207586 207587 
10 : 149552 260475 129930 255107 149555 129911 149549 129931 255109 129927 
10 : 260486 177067 260484 125866 177070 260758 125869 177068 125849 125867 
10 : 66100 214470 150076 246469 66088 66081 66096 150057 214467 150070 
10 : 201424 260508 108313 136963 201426 108299 136952 108315 136964 108295 
10 : 253832 246360 204078 252082 246358 204076 252081 204072 246355 204074 
10 : 259145 260527 237688 158675 259147 237686 158672 237690 158676 158667 
10 : 15035 245534 260531 89784 15032 15036 15021 245535 89774 89787 
10 : 238830 143797 34244 91877 143789 34237 91866 34222 91846 34219 
10 : 251911 24139 175833 251082 24135 175828 251078 24122 24134 175827 
10 : 13024 142707 147285 55110 13010 13012 13002 142691 55084 55085 
10 : 147974 254687 226154 260648 147972 147963 147975 226152 254690 226159 
10 : 214228 149820 257322 107499 149815 214226 107489 149819 107478 107498 
10 : 259057 260693 96683 159008 259058 96681 159004 96686 159010 96662 
10 : 213274 16015 217688 249161 16003 213267 213271 16007 16014 217684 
10 : 260733 11751 260732 238799 11755 264688 238804 11754 11744 238803 
10 : 260734 260736 188686 84844 261616 188687 84845 188694 84851 84830 
10 : 232078 126216 69853 198350 126210 69846 198342 69831 126202 69837 
10 : 260750 229189 191425 234013 229194 191429 234015 191417 229183 191419 
10 : 132595 260765 242021 168431 132597 132592 132587 242023 168433 168427 
10 : 210866 257822 260807 123572 210863 210871 123556 257826 123570 123577 
10 : 132280 183392 18039 260827 132267 18021 132283 18026 183397 18044 
10 : 178788 80370 75546 67599 80356 75527 67582 75522 67573 67572 
10 : 257503 23535 28587 246855 23533 28585 246853 23509 23529 28583 
10 : 259648 164854 260929 260927 164852 259653 259652 164857 164856 264474 
10 : 202051 114195 113578 252245 114180 113562 202046 113554 114189 113573 
10 : 259641 244353 110723 145081 244350 110721 145080 110715 145075 110703 
10 : 237291 151788 220408 259140 151784 220404 237289 151777 151787 220407 
10 : 260242 58408 238684 25335 58407 238683 25333 58400 25307 25328 
10 : 248627 91689 189470 23391 91685 189468 23386 91674 23361 23371 
10 : 138173 106373 251699 202376 106353 138172 138167 106369 106363 202374 
10 : 242923 261034 8464 8342 242926 8457 8331 8469 8347 8309 
10 : 145600 155097 220937 65991 145588 145594 65972 155089 65975 65980 
10 : 253025 173222 261082 223627 173220 253028 223624 173224 173211 223630 
10 : 259475 261091 228870 104925 259477 228868 104923 228872 104926 104914 
10 : 199211 99572 168731 233984 99556 168709 199201 99553 99560 168715 
10 : 253235 199848 4768 59874 199845 4764 59869 4758 59864 4746 
10 : 76768 252650 209287 44824 76764 76758 44804 209281 44821 44817 
10 : 187652 36453 254667 69593 36439 187651 69577 36451 36432 69589 
10 : 207579 96526 240240 228078 96514 207572 207568 96519 96516 228066 
10 : 229284 226501 85527 67898 226496 85516 67887 85514 67885 67870 
10 : 169280 219221 150569 87964 169272 150554 87955 150558 87958 87952 
10 : 105508 162014 261185 17927 105494 105511 17897 162015 17906 17929 
10 : 261198 179136 205423 243933 179140 205429 243937 179120 179130 205419 
10 : 254957 108937 235493 221975 108936 235487 221970 108932 108931 221965 
10 : 79360 63717 161761 95036 63688 79341 79337 63698 63690 95013 
10 : 119535 245759 135995 261257 119534 119523 119536 135990 245763 136000 
10 : 170460 225246 179720 176021 170455 170447 170446 179713 176012 175999 
10 : 229409 177823 47319 241285 177816 47311 229401 47304 177817 47312 
10 : 185458 184819 227678 127684 184804 185454 127675 184814 127674 127679 
10 : 221854 90140 235738 228031 90128 221848 221845 90132 90130 228023 
10 : 71716 261333 252441 205078 71717 71711 71703 252442 205080 205073 
10 : 261334 224135 261335 183503 224137 263444 183507 224138 183492 183508 
10 : 110799 261347 133768 142617 110801 110786 110788 133771 142621 133750 
10 : 126376 189472 188982 144940 126369 126368 126365 188964 144921 144920 
10 : 53780 36746 158356 261378 36718 53765 53781 36724 36747 158357 
10 : 199485 245730 196536 131518 199478 196516 131495 196529 131513 131493 
10 : 261395 130606 261398 212125 130609 264471 212131 130611 130591 212132 
10 : 107862 164525 214542 259096 107841 107851 107860 164512 164522 214541 
10 : 9562 73439 22586 250075 9537 9535 9558 22560 73432 22582 
10 : 193394 261432 229093 171839 193397 193386 171823 229096 171844 171831 
10 : 699 236557 261445 257732 692 702 698 236562 236555 257737 
10 : 211104 146977 103461 46219 146970 103453 46205 103441 46197 46191 
10 : 261460 226620 7394 110333 226622 7396 110336 7383 110325 7368 
10 : 119895 81683 177644 174412 81671 119884 119883 81675 81673 174395 
10 : 255373 81942 153307 50097 81940 153304 50092 81931 50069 50074 
10 : 153627 30998 8193 217744 30980 8173 153620 8163 30988 8181 
10 : 216346 260041 88971 6597 216344 88962 6584 88970 6595 6571 
10 : 153677 158135 247476 261496 153657 153669 153680 158127 158139 247479 
10 : 191602 211399 255326 261501 191595 191600 191605 211396 211404 255331 
10 : 209863 198553 118663 117717 198542 118651 117706 118648 117701 117686 
10 : 228355 247633 249355 80977 228349 228350 80966 247629 80970 80971 
10 : 194126 261520 211400 261521 194127 194121 194128 211402 261857 211403 
10 : 75958 62083 102530 246060 62062 75943 75951 62064 62078 102526 
10 : 180457 140529 31282 261551 140516 31266 180459 31263 140530 31284 
10 : 249072 136446 43967 81630 136444 43961 81626 43940 81605 43935 
10 : 237409 33333 84231 180731 33321 84220 180719 33305 33314 84211 
10 : 68735 80134 190736 261572 68709 68726 68736 80118 80135 190737 
10 : 66582 121031 249735 20026 66574 66581 20004 121028 20009 20022 
10 : 250143 245184 93167 248116 245180 93161 248106 93158 245179 93160 
10 : 106881 252364 234088 250578 106877 106873 106876 234086 250576 234085 
10 : 217066 142462 97310 201327 142451 97304 201316 97290 142449 97302 
10 : 224920 261599 182611 153985 224923 182604 153967 182613 153987 153963 
10 : 206743 69962 254475 204497 69950 206740 204482 69960 69948 204494 
10 : 123621 45114 112745 260435 45091 112719 123617 45087 45109 112742 
10 : 261613 253735 211530 57917 253738 211531 57919 211524 57912 57899 
10 : 257913 161898 134877 63947 161895 134873 63943 134854 63924 63920 
10 : 53057 173010 162120 243291 53041 53040 53046 162104 173005 162112 
10 : 261647 229597 30412 143040 229599 30415 143041 30408 143031 30398 
10 : 19475 223065 122388 246879 19468 19461 19471 122377 223062 122381 
10 : 135544 216543 258085 259858 135532 135542 135543 216540 216541 258083 
10 : 209243 155839 261700 45663 155830 209246 45649 155843 45641 45667 
10 : 129412 260571 261701 59483 129410 129413 59461 260572 59482 59484 
10 : 162699 19591 261742 260567 19567 162701 162698 19592 19590 260569 
10 : 156332 189066 45626 194802 156319 45607 156320 45613 189056 45614 
10 : 256246 249817 148337 261111 249810 148330 256244 148327 249815 148336 
10 : 37785 243346 131180 178621 37777 37764 37769 131170 178612 131162 
10 : 154152 83488 238942 222610 83465 154143 154140 83478 83474 222601 
10 : 261809 238088 74503 261808 238090 74505 263096 74495 238089 74504 
10 : 232565 126632 143016 253758 126621 143009 232560 126612 126628 143011 
10 : 172866 240923 253408 118200 172860 172862 118178 240918 118193 118197 
10 : 252818 185968 45778 239942 185967 45773 239938 45757 185963 45769 
10 : 245010 193648 26231 260236 193641 26227 245008 26215 193645 26230 
10 : 153027 261887 257641 74274 153029 153026 74250 257643 74277 74272 
10 : 120014 259917 208611 150616 120010 120004 120000 208608 150614 150604 
10 : 261897 261898 112593 239433 262061 112594 239434 112595 239435 112588 
10 : 165064 261403 211155 261915 165063 165053 165070 211154 261409 211160 
10 : 39145 165205 27709 216168 39133 27676 39135 27687 165197 27692 
10 : 244460 258976 261928 241182 244457 244462 241173 258978 241179 241183 
10 : 170043 214327 228332 194312 170028 170032 170024 214317 194299 194303 
10 : 58876 261951 261947 207007 58878 58877 58864 262315 207011 207008 
10 : 105681 195208 261952 261949 105673 105687 105684 195213 195211 263085 
10 : 118808 261950 137949 110455 118810 118791 110433 137952 110457 110434 
10 : 144848 89388 28163 261973 89371 28145 144851 28141 89391 28166 
10 : 86739 206560 176447 236986 86730 86728 86733 176437 206552 176442 
10 : 18895 182144 207127 108261 18885 18887 18878 182134 108245 108249 
10 : 212282 82120 139053 261990 82113 139047 212286 82100 82125 139059 
10 : 262000 188452 125031 256692 188455 125034 256696 125017 188450 125030 
10 : 257967 262001 63311 256546 257968 63310 256542 63313 256549 63309 
10 : 8567 257835 83637 91572 8563 8554 8555 83636 91568 83619 
10 : 247825 166966 225468 207791 166960 225462 207784 166957 166955 207779 
10 : 209689 48953 14994 180151 48944 14982 180140 14965 48939 14977 
10 : 260244 111529 154976 191591 111527 154975 191589 111505 111507 154959 
10 : 254961 260696 242550 223092 254960 242547 223088 242549 223091 223083 
10 : 256015 151470 115520 231299 151467 115518 231297 115499 151459 115511 
10 : 262089 159381 157115 238695 159385 157120 238701 157093 159378 157109 
10 : 183738 252613 60841 134908 183735 60823 134887 60835 134905 60819 
10 : 162387 39618 136510 262111 39607 136491 162388 39606 39622 136512 
10 : 221562 42085 123821 173596 42072 123809 173587 42062 42067 123803 
10 : 26116 216238 122538 222428 26104 26089 26106 122526 216225 122527 
10 : 109339 92934 257809 231067 92910 109336 109332 92930 92927 231063 
10 : 188248 81046 255688 205568 81030 188244 188237 81043 81033 205563 
10 : 260416 143859 262227 240932 143857 260418 240930 143861 143852 240934 
10 : 262229 232016 73563 247769 232017 73566 247771 73555 232013 73559 
10 : 78783 262237 85397 54261 78784 78763 54229 85400 54264 54230 
10 : 83616 245965 91977 157838 83611 83594 83597 91972 157834 91957 
10 : 101870 261426 54941 95915 101868 54918 95883 54939 95913 54917 
10 : 153060 169919 253914 156443 153046 153056 153043 169914 156427 156440 
10 : 101004 32286 223899 223437 32263 100998 100997 32277 32276 223426 
10 : 235680 258902 245884 262263 235677 235675 235683 245881 258904 245887 
10 : 42851 218374 211107 257733 42842 42840 42849 211095 218372 211103 
10 : 130745 259630 136835 204930 130742 130724 130730 136833 204925 136817 
10 : 61572 183393 262290 262292 61558 61574 61577 183394 183400 263151 
10 : 262294 249223 220614 262295 249224 220615 264403 220610 249225 220616 
10 : 169997 58159 260931 262324 58146 169996 169998 58158 58161 260933 
10 : 3085 222594 104251 262351 3079 3063 3088 104242 222596 104253 
10 : 134489 217843 262357 262360 134484 134490 134493 217844 217847 262651 
10 : 262368 228824 243867 249162 228826 243868 249165 228819 228820 243864 
10 : 262384 94680 262385 37672 94685 264814 37679 94686 37645 37680 
10 : 159315 262398 262399 117719 159319 159320 117693 264250 117721 117722 
10 : 260974 2652 255192 183317 2651 255191 183316 2648 2637 183315 
10 : 105646 241432 231191 98600 105637 105634 98571 231184 98592 98589 
10 : 21344 261850 139827 120318 21343 21332 21330 139826 120317 120292 
10 : 32683 23164 237971 128302 23140 32680 32670 23160 23150 128296 
10 : 63977 1850 252111 262251 1830 63975 63976 1845 1849 252110 
10 : 124694 31708 208078 91086 31686 124681 91063 31695 31684 91073 
10 : 218637 129561 233792 156237 129551 218634 156227 129555 129545 156232 
10 : 254381 141444 96252 245932 141440 96246 245927 96226 141434 96242 
10 : 230116 241332 188813 262483 230112 188802 230118 188804 241334 188818 
10 : 124102 197276 221207 235902 124089 124091 124093 197261 197264 221198 
10 : 54224 100627 22307 191781 54208 22279 54214 22280 100612 22288 
10 : 253304 261685 77993 262518 253301 77988 253305 77992 261686 77994 
10 : 251270 239306 135546 188770 239299 135539 188762 135536 188758 135527 
10 : 262543 192675 250971 219566 192676 250972 219567 192673 192664 219562 
10 : 262549 144398 228183 165279 144403 228188 165287 144390 144385 165266 
10 : 254081 22273 262560 262562 22267 254084 254087 22277 22278 264410 
10 : 200545 262591 262590 234383 200549 200546 200537 262683 234389 234384 
10 : 21937 48201 190485 262610 21915 21926 21940 48187 48207 190489 
10 : 115264 25468 257686 58473 25443 115262 58445 25466 25438 58471 
10 : 133627 254920 156265 215336 133621 133607 133615 156259 215331 156250 
10 : 211778 258998 52839 164502 211776 52824 164488 52838 164499 52818 
10 : 187403 149480 180332 130045 149468 180319 130030 149467 130023 130028 
10 : 176594 214291 45115 165817 176584 45096 165796 45097 165802 45094 
10 : 243217 47386 69330 251202 47373 69320 243214 47355 47379 69323 
10 : 243370 208910 111530 105756 208902 111520 105750 111510 105745 105735 
10 : 73564 177328 160104 52368 73548 73546 52339 160091 52351 52348 
10 : 212634 262707 251651 240025 212635 212630 212628 251656 240028 240015 
10 : 211254 197354 183595 226942 197333 183581 211241 183580 197338 183587 
10 : 128894 80945 320 254393 80921 295 128891 292 80940 313 
10 : 262737 56904 260407 251891 56907 260410 251895 56902 56900 251888 
10 : 262786 238779 258294 262785 238783 258297 264833 238775 238782 258296 
10 : 167399 241867 262792 70952 167393 167401 70935 241870 70946 70956 
10 : 243837 224017 255487 76543 224008 243835 76535 224011 76531 76539 
10 : 202140 255579 262808 234276 202138 202142 202128 255581 234272 234277 
10 : 262832 241312 202841 45401 241313 202845 45403 202828 45390 45378 
10 : 65892 189305 233523 249879 65875 65880 65886 189298 189300 233517 
10 : 262873 252948 262871 215944 252951 262989 215946 252949 215939 215945 
10 : 254977 212912 88810 220803 212908 88807 220800 88804 212904 88805 
10 : 258599 174476 259746 207058 174471 258594 207055 174472 174465 207056 
10 : 251712 34211 70391 236592 34207 70387 236586 34189 34202 70384 
10 : 50630 118701 251550 207274 50615 50623 50616 118696 118690 207266 
10 : 69410 220922 191188 232130 69403 69399 69406 191176 220915 191180 
10 : 262962 102588 222096 127119 102589 222097 127120 102580 102569 127110 
10 : 159073 243692 66523 214792 159069 66502 159066 66511 214786 66506 
10 : 232079 182254 23658 114418 182245 23650 114411 23640 114398 23634 
10 : 228979 178622 255228 11184 178607 228974 11173 178616 11165 11181 
10 : 249133 241582 263012 6449 241576 249136 6439 241584 6437 6453 
10 : 180664 218613 54408 105912 180658 54392 105900 54396 105906 54384 
10 : 222355 245942 254007 135000 222350 222353 134983 245938 134988 134994 
10 : 263066 256452 236739 211975 256454 236743 211980 236736 211971 211968 
10 : 262136 242235 241031 23693 242234 241030 23692 241023 23684 23683 
10 : 118121 160592 67625 219756 118104 67605 118110 67611 160581 67617 
10 : 232574 18228 104008 128194 18218 103996 128182 18203 18205 103988 
10 : 263075 60873 262174 263074 60875 262176 263119 60871 60874 262175 
10 : 226093 263090 252403 263089 226096 226087 226094 252408 264074 252405 
10 : 262427 188417 83956 81632 188416 83954 81631 83934 81613 81602 
10 : 199825 256900 33883 120943 199822 33862 120921 33877 120940 33856 
10 : 101522 158013 263125 88975 101506 101523 88951 158014 88957 88976 
10 : 240597 245307 191496 131972 240587 191484 131967 191485 131969 131959 
10 : 143929 263136 230656 191449 143930 143923 143918 230657 191450 191439 
10 : 18480 234317 35287 71372 18470 18451 18457 35274 71360 35253 
10 : 131481 180988 236827 257053 131468 131474 131479 180979 180985 236824 
10 : 73653 221728 251577 12605 73646 73650 12577 221725 12587 12600 
10 : 111140 246253 132313 185278 111133 111127 111129 132307 185268 132291 
10 : 219204 233351 238302 241233 219189 219193 219195 233341 233342 238293 
10 : 37636 69170 257683 221162 37611 37634 37624 69165 69152 221159 
10 : 250194 241933 239230 248542 241930 239224 248531 239221 241929 239223 
10 : 226105 231399 46078 119360 226097 46063 119350 46064 119351 46053 
10 : 17711 218975 196280 242359 17699 17694 17705 196267 218971 196274 
10 : 177622 259656 124033 34862 177619 124012 34843 124027 34858 34838 
10 : 252863 226878 56701 234757 226874 56697 234752 56693 226871 56696 
10 : 52580 176519 123102 236450 52570 52569 52574 123086 176512 123096 
10 : 205062 236730 12943 19758 205057 12935 19744 12938 19749 12912 
10 : 198943 146441 262052 63210 146429 198940 63196 146439 63193 63208 
10 : 263256 26680 209913 164529 26684 209915 164531 26669 26663 164511 
10 : 252492 104671 260909 89265 104663 252491 89255 104669 89230 89263 
10 : 143420 248299 253864 105030 143415 143416 105006 248295 105025 105026 
10 : 231548 112476 86030 261137 112466 86018 231546 86010 112474 86028 
10 : 102700 66684 263280 154296 66659 102701 102681 66685 66664 154297 
10 : 108786 187091 263286 127236 108768 108787 108760 187095 127213 127238 
10 : 218111 217381 210184 138224 217374 210175 138213 210174 138212 138207 
10 : 237564 35403 29825 258945 35395 29815 237562 29794 35399 29821 
10 : 263322 15301 228387 129739 15302 228388 129741 15293 15275 129729 
10 : 211642 205697 25666 153243 205686 25651 153231 25648 153229 25641 
10 : 45595 263357 81739 46504 45596 45576 45573 81740 46505 46475 
10 : 207472 118667 129072 107037 118650 129055 107018 118640 107003 107004 
10 : 121109 235436 122390 213364 121100 121092 121099 122379 213355 122375 
10 : 230728 263412 106790 263411 230731 106783 230730 106796 264742 106794 
10 : 167891 193664 137632 25817 167878 137613 25795 137619 25799 25792 
10 : 263452 243617 30378 257948 243621 30382 257953 30371 243613 30376 
10 : 19228 236202 125895 41434 19220 19209 19205 125887 41420 41403 
10 : 69202 70820 191673 261935 69172 69184 69199 70806 70818 191670 
10 : 215038 263472 123103 200568 215040 123090 200551 123104 200570 123088 
10 : 253254 263489 188121 138226 253255 188117 138217 188122 138227 138203 
10 : 18229 248567 89649 217949 18222 18201 18215 89641 217942 89632 
10 : 37520 83416 208367 258172 37493 37502 37515 83402 83413 208363 
10 : 194018 247701 34981 262793 194011 34969 194017 34977 247700 34980 
10 : 190054 260675 100193 57500 190052 100176 57478 100191 57496 57471 
10 : 242621 103167 241659 208512 103161 241654 208503 103159 103152 208501 
10 : 253397 214504 263507 230464 214498 253398 230461 214505 214492 230465 
10 : 57953 211009 179290 27434 57941 57939 27408 179278 27422 27421 
10 : 182099 162016 1733 137075 162002 1721 137057 1717 137053 1713 
10 : 246406 250486 186679 240088 246404 186674 240083 186676 240085 186671 
10 : 262032 77373 256442 250349 77368 256436 250347 77364 77360 250340 
10 : 58587 242634 221208 122176 58581 58574 58563 221201 122161 122157 
10 : 253021 157932 241753 252614 157928 241744 252609 157921 157927 241743 
10 : 209989 208079 119698 175901 208067 119686 175889 119685 175888 119682 
10 : 22646 235758 227296 227376 22637 22635 22636 227288 227365 227285 
10 : 71139 263611 144872 256399 71138 71122 71137 144871 256398 144867 
10 : 17888 124079 90667 231243 17873 17869 17882 90642 124071 90657 
10 : 222922 225688 263638 110828 222914 222924 110815 225690 110817 110832 
10 : 232271 259522 203052 61176 232268 203042 61167 203049 61174 61160 
10 : 80263 252760 143346 191040 80259 80243 80249 143340 191035 143331 
10 : 156106 14405 169677 261046 14386 156094 156104 14388 14403 169676 
10 : 231767 198602 98185 53263 198595 98176 53252 98171 53247 53233 
10 : 259013 162239 238208 142839 162236 238206 142835 162231 142815 142829 
10 : 247141 263688 214936 34865 247143 214929 34857 214939 34866 34847 
10 : 41170 194293 254453 246471 41158 41167 41166 194290 194287 246467 
10 : 231440 111923 207075 203316 111916 207067 203303 111908 111907 203294 
10 : 88299 197238 263712 252086 88286 88300 88292 197240 197234 252088 
10 : 235232 82737 81458 252622 82730 81452 235228 81440 82734 81453 
10 : 208393 236689 194880 228220 208387 194865 208385 194872 228208 194868 
10 : 263728 66525 258162 257303 66526 258163 257304 66520 66518 257299 
10 : 231220 249451 204208 227188 231214 204203 227177 204205 227183 204202 
10 : 151420 101407 245194 213365 101388 151416 151410 101400 101394 213357 
10 : 19229 252662 253094 5580 19226 19227 5540 252657 5576 5577 
10 : 36260 178921 76387 235290 36251 36242 36254 76369 178915 76378 
10 : 168395 3057 174507 40219 3042 168380 40203 3043 3028 40204 
10 : 89745 128136 210514 113467 89721 89728 89720 128126 113441 113452 
10 : 145490 170681 204764 48841 145475 145477 48819 170667 48821 48822 
10 : 221059 105161 263781 223968 105146 221060 221047 105162 105147 223969 
10 : 242506 245352 194737 263786 242501 194731 242508 194732 245357 194742 
10 : 213961 167172 240503 225567 167157 213958 213954 167165 167162 225561 
10 : 14651 37339 128518 164243 14626 14634 14637 37317 37322 128505 
10 : 34898 232400 255596 104891 34890 34896 34879 232398 104882 104887 
10 : 230323 192721 95624 260143 192710 95608 230322 95602 192719 95622 
10 : 208263 256819 262776 150727 208259 208262 150718 256818 150722 150726 
10 : 108439 263163 193836 24285 108438 108430 24253 193835 24284 24265 
10 : 179722 199290 68476 242283 179709 68456 179715 68458 199282 68469 
10 : 238387 11609 137015 240026 11601 137008 238384 11590 11602 137009 
10 : 256657 261546 253701 61007 256654 253697 61000 253699 61005 60997 
10 : 215703 160019 201689 194650 160004 201678 194637 160002 160001 194635 
10 : 244913 228622 212177 2464 228615 212171 2460 212167 2457 2455 
10 : 140984 133314 256233 126087 133290 140982 126062 133313 126060 126083 
10 : 218351 184382 198093 132537 184374 198079 132521 184372 132514 132516 
10 : 240459 201072 59724 197750 201062 59716 197746 59711 197739 59710 
10 : 229348 128137 92255 14031 128129 92245 14018 92230 14006 14003 
10 : 118915 263886 185356 208443 118916 118901 118905 185358 208445 185336 
10 : 217055 259357 182280 78840 217053 182260 78823 182276 78836 78817 
10 : 146615 234647 173225 236741 146609 146602 146610 173214 234642 173217 
10 : 169626 92905 239278 210385 92893 169622 169617 92901 92897 210381 
10 : 259626 164587 203183 133674 164582 203179 133668 164574 133652 133657 
10 : 214000 263684 48078 151161 213999 48063 151145 48077 151160 48051 
10 : 211291 184410 175316 226834 184396 175300 211283 175295 184399 175302 
10 : 219041 52335 59485 64911 52324 59471 64899 52310 52312 59455 
10 : 78739 74240 222294 78948 74217 78732 78727 74230 74218 78937 
10 : 163831 96253 155325 263957 96232 155299 163836 96228 96256 155329 
10 : 244384 219273 142061 260943 219262 142049 244382 142044 219270 142056 
10 : 263719 246032 116792 257735 246031 116791 257734 116785 246029 116789 
10 : 209259 161329 171689 67332 161321 171679 67321 161312 67312 67315 
10 : 134286 240366 15445 258520 134279 15418 134282 15431 240360 15435 
10 : 157616 211693 138497 240798 157605 138473 157608 138479 211680 138485 
10 : 80576 63342 262478 167521 63317 80575 80566 63341 63323 167519 
10 : 255093 59816 252882 253038 59812 252878 253035 59809 59810 252877 
10 : 14520 264012 250062 169109 14521 14518 14499 250063 169110 169104 
10 : 59654 246545 197936 260639 59645 59638 59650 197928 246542 197933 
10 : 109209 233386 126564 87314 109203 109193 87277 126556 87303 87280 
10 : 169173 124103 238201 205741 124086 169164 169158 124094 124090 205726 
10 : 264050 68765 72260 233754 68767 72262 233756 68737 68753 72253 
10 : 159458 83516 233439 186588 83497 159451 159447 83507 83502 186579 
10 : 204647 190475 13561 247919 190463 13541 204640 13540 190469 13554 
10 : 241021 76388 239232 125897 76381 239220 125890 76380 76362 125888 
10 : 28872 249646 71213 264092 28868 28850 28874 71210 249648 71219 
10 : 182755 213597 43356 256261 182748 43339 182752 43344 213591 43348 
10 : 58102 223227 241471 263069 58094 58097 58100 223221 223226 241470 
10 : 119081 225267 221659 227709 119068 119067 119070 221644 225259 221645 
10 : 112072 263927 144723 264105 112071 112054 112075 144722 263929 144725 
10 : 260366 136191 257122 197045 136189 257119 197042 136188 136184 197040 
10 : 32684 151543 208831 157220 32674 32678 32675 151529 151524 157207 
10 : 36028 256790 126346 260744 36023 36006 36025 126339 256787 126341 
10 : 260482 226823 141503 171642 226822 141499 171637 141491 171628 141484 
10 : 199986 229860 81365 171734 199983 81346 171717 81358 171725 81339 
10 : 187078 236537 262975 257243 187064 187076 187070 236536 236532 257240 
10 : 65139 247728 11883 151353 65133 11850 65119 11878 151348 11861 
10 : 247501 251759 245239 122205 247495 245224 122194 245227 122196 122193 
10 : 157054 204226 238152 175067 157041 157043 157038 204217 175048 175054 
10 : 249452 203684 172216 26871 203676 172207 26863 172198 26851 26846 
10 : 14115 84427 260543 214794 14098 14111 14105 84422 84416 214791 
10 : 234838 112369 263542 237933 112358 234837 234830 112368 112360 237932 
10 : 158877 202744 264203 258522 158862 158878 158872 202745 202740 258524 
10 : 255020 102028 15447 263121 102020 15434 255018 15415 102027 15443 
10 : 246749 264134 109010 21744 246748 109001 21733 109009 21743 21713 
10 : 158377 44796 229135 226656 44779 158367 158365 44788 44786 226643 
10 : 186609 203088 264139 167819 186603 186608 167797 203087 167800 167818 
10 : 235817 228185 264208 246210 228175 235818 235810 228187 228177 246211 
10 : 244709 133729 264209 79917 133721 244712 79908 133731 79893 79920 
10 : 77178 210778 264218 263454 77169 77179 77175 210780 210776 263456 
10 : 264106 204280 61654 74068 204278 61652 74067 61642 74057 61629 
10 : 256871 136539 181934 65995 136532 181926 65987 136522 65970 65976 
10 : 38286 264231 245187 262179 38287 38278 38284 245188 262180 245185 
10 : 264107 264253 212973 112391 264108 212971 112390 212974 112393 112379 
10 : 102488 221543 165309 264254 102481 102477 102489 165299 221544 165310 
10 : 150781 252699 246011 52841 150780 150777 52817 246007 52835 52833 
10 : 62551 247873 13562 152193 62543 13528 62526 13553 152182 13537 
10 : 224411 204648 66882 97059 204634 66870 97045 66866 97041 66858 
10 : 97060 57033 152194 247920 57006 97037 97053 57008 57024 152183 
10 : 186738 261655 213559 213573 186736 186729 186730 213556 213570 213546 
10 : 224376 182831 44038 88896 182823 44026 88886 44020 88875 44014 
10 : 74214 256742 175068 83044 74208 74200 74190 175060 83031 83017 
10 : 259110 69563 206518 191125 69557 206512 191117 69550 69549 191112 
10 : 195196 261901 203706 117958 195193 195180 117935 203702 117956 117939 
10 : 214242 4622 38500 18999 4608 38487 18982 4589 4587 18962 
10 : 82280 175475 260465 223631 82257 82276 82267 175472 175463 223626 
10 : 14898 239119 264280 9226 14892 14899 9195 239120 9215 9227 
10 : 220392 47226 264158 64094 47212 220391 64072 47225 47195 64093 
10 : 184467 130608 243890 203545 130588 184461 184452 130600 130589 203538 
10 : 171421 243357 220209 79336 171414 171410 79320 220201 79330 79326 
10 : 181624 254409 209125 137984 181618 181609 137961 209118 137979 137968 
10 : 263844 184412 98814 184369 184408 98811 184368 98795 184351 98794 
10 : 240042 252841 113099 88245 240037 113089 88234 113092 88236 88210 
10 : 254178 160333 160244 214674 160328 160238 214666 160221 160323 160228 
10 : 256407 129594 47188 263438 129590 47182 256406 47168 129593 47187 
10 : 188946 235292 240510 239944 188938 188940 188939 235285 235284 239934 
10 : 256283 76186 160299 264324 76182 160293 256282 76168 76185 160298 
10 : 135747 75717 252883 236608 75697 135742 135738 75712 75706 236601 
10 : 132621 264358 99541 159403 132622 99518 132605 99542 159404 99522 
10 : 106162 244978 195368 48956 106156 106148 48931 195363 48949 48942 
10 : 196463 118047 248237 110335 118031 196458 110319 118039 110309 110329 
10 : 249895 43470 264362 187379 43466 249894 187371 43469 43455 187378 
10 : 202661 169494 162537 236239 169476 162523 202654 162520 169484 162529 
10 : 203439 66626 133062 258124 66614 133049 203435 66607 66621 133057 
10 : 159278 214506 264394 146337 159264 159279 146315 214508 146320 146339 
10 : 109191 253951 143883 262658 109186 109173 109190 143880 253948 143882 
10 : 214427 41764 257950 178212 41750 214423 178199 41762 41747 178208 
10 : 26358 80424 149575 153510 26334 26338 26339 80402 80403 149556 
10 : 67716 245714 32862 249665 67709 32833 67711 32852 245707 32854 
10 : 22191 163254 150164 264004 22166 22165 22190 150135 163251 150162 
10 : 142810 48258 228202 223632 48238 142799 142797 48251 48250 223615 
10 : 25926 181263 210608 233579 25905 25912 25918 181248 181249 210595 
10 : 264425 244340 262878 119008 244342 262879 119009 244338 119001 119005 
10 : 214908 256666 150379 215339 214903 150362 214895 150373 215333 150363 
10 : 173922 248077 22727 216455 173917 22712 173913 22723 216450 22715 
10 : 167893 242324 252449 225162 167884 167885 167882 242315 225150 225153 
10 : 226493 263693 173435 255765 226490 173423 226486 173433 255762 173429 
10 : 260900 163026 216103 14244 163024 216098 14239 163011 14220 14226 
10 : 236905 156004 171168 95488 155992 171161 95480 155985 95466 95467 
10 : 264420 172003 246716 227608 172002 246715 227607 171994 171988 227597 
10 : 264449 261943 264451 262198 261944 264647 262201 261946 261940 262204 
10 : 263240 27263 264453 245974 27261 263241 245971 27264 27253 245975 
10 : 126451 242272 168530 66424 126445 126432 66390 168522 66415 66395 
10 : 1956 163924 264458 51532 1944 1957 1935 163925 51512 51533 
10 : 49668 90509 217929 139294 49643 49654 49645 90500 90487 139280 
10 : 202223 227253 226321 159828 202214 202213 159811 226310 159819 159818 
10 : 236582 81578 52962 44276 81573 52948 44261 52931 44240 44237 
10 : 264460 138283 71976 130384 138282 71975 130383 71960 130365 71959 
10 : 137848 27505 174659 158782 27485 137835 137831 27491 27486 158762 
10 : 264518 260452 103195 238699 260453 103196 238700 103193 238693 103187 
10 : 111502 236051 149324 259143 111494 111485 111500 149312 236045 149317 
10 : 95279 254636 256422 107950 95276 95277 95260 254633 107945 107946 
10 : 66601 27235 149534 87173 27214 66589 66584 27222 27215 87157 
10 : 19260 262092 156240 161944 19258 19245 19247 156236 161943 156218 
10 : 20133 119700 169474 65172 20116 20121 20109 119681 65146 65153 
10 : 122128 230884 211079 31890 122123 122121 31864 211069 31877 31875 
10 : 204796 260894 218199 146577 204792 204786 146561 218195 146574 146563 
10 : 247636 80472 183576 225996 80466 183568 225989 80458 80465 183560 
10 : 162494 164304 254661 237463 162479 162491 162488 164299 164295 237456 
10 : 139526 151561 248999 260300 139509 139519 139523 151555 151559 248996 
10 : 129997 46740 129853 264526 46716 129832 129996 46715 46739 129852 
10 : 196627 255608 81491 258890 196618 81472 196619 81481 255602 81484 
10 : 260895 230885 183850 111081 230882 183847 111077 183843 111069 111062 
10 : 106238 180026 191346 255379 106228 106230 106236 180009 180021 191340 
10 : 264574 177146 111439 244809 177147 111440 244810 111415 177141 111432 
10 : 240131 155391 212529 183787 155384 212521 183777 155380 155375 183771 
10 : 259741 92226 26279 262056 92223 26275 259740 26246 92225 26278 
10 : 248558 154085 205146 75194 154076 205143 75183 154069 75165 75173 
10 : 248602 94543 256416 58741 94535 248599 58731 94536 58715 58733 
10 : 230131 239478 259967 180232 230122 230127 180219 239473 180221 180227 
10 : 37180 121599 255511 89266 37162 37174 37159 121594 89231 89259 
10 : 224525 146209 250189 264607 146195 224519 224526 146201 146210 250190 
10 : 45499 9505 62362 46742 9481 45477 45476 9484 9482 46710 
10 : 145586 250921 263801 259337 145581 145585 145584 250920 250917 259336 
10 : 219074 252158 246034 237874 219064 219062 219060 246027 237867 237866 
10 : 260493 155949 35139 164530 155944 35135 164523 35114 155926 35116 
10 : 260515 255671 229878 164050 255669 229873 164046 229870 164042 164034 
10 : 112224 41911 227828 209274 41895 112219 112215 41905 41902 209264 
10 : 226690 245899 3399 225163 226683 3381 225147 3387 225151 3380 
10 : 95550 239068 107741 194168 95542 95534 95537 107735 194157 107728 
10 : 257400 264567 134009 142373 257399 134005 142366 134008 142372 133985 
10 : 263231 233454 190820 209849 233451 190818 209845 190807 209831 190803 
10 : 166157 136838 263834 249285 136812 166154 166149 136836 136829 249282 
10 : 227725 229879 75155 112751 227710 75132 112733 75133 112735 75126 
10 : 84694 170209 243482 242091 84686 84690 84689 170203 170202 242085 
10 : 98039 240686 262277 263387 98030 98037 98038 240681 240682 262273 
10 : 164261 234809 96556 89621 164256 96537 89598 96551 89614 89592 
10 : 131846 82160 172702 258929 82135 131827 131839 82144 82154 172694 
10 : 237081 259554 248119 60878 237073 237069 60861 248113 60869 60865 
10 : 20583 253839 219744 234916 20578 20574 20575 219740 234913 219734 
10 : 261056 258262 257429 86794 258260 257426 86790 257424 86787 86783 
10 : 231233 97588 218068 260322 97574 218059 231228 97571 97584 218065 
10 : 39863 241551 172484 33922 39859 39850 33885 172478 33911 33897 
10 : 222527 253491 212687 240712 222519 212669 222516 212680 240702 212673 
10 : 247024 173668 246268 235353 173657 246256 235341 173656 173655 235340 
10 : 87174 61546 137889 254318 61520 87155 87170 61525 61541 137882 
10 : 248189 246795 201299 193007 246785 201291 192997 201289 192995 192987 
10 : 117411 260140 207151 261326 117409 117403 117410 207145 260137 207147 
10 : 263481 149929 260594 243619 149927 260591 243618 149924 149919 243614 
10 : 193767 150380 2817 244861 150358 2795 193758 2789 150367 2803 
10 : 251002 32039 256669 157534 32030 250996 157523 32033 32013 157526 
10 : 160962 240177 109903 168734 160952 109877 160944 109892 168719 109879 
10 : 233105 157092 178473 222342 157082 178457 222324 157079 157080 178455 
10 : 259375 173888 132653 194317 173884 132649 194311 132631 173868 132635 
10 : 213164 89891 18778 263550 89874 18761 213161 18746 89888 18777 
10 : 257891 68596 256013 241565 68590 256002 241559 68587 68579 241558 
10 : 87252 255102 262838 62685 87245 87249 62650 255100 62674 62681 
10 : 172893 264731 214332 200799 172894 172883 172881 214333 200800 200782 
10 : 264315 262890 59425 72667 262888 59423 72664 59420 72662 59398 
10 : 239688 250221 171311 187380 239683 171303 187366 171308 187372 171295 
10 : 257420 248940 261419 20979 248930 257417 20971 248936 20969 20974 
10 : 197558 188625 80425 180735 188611 80409 180715 80407 180712 80405 
10 : 197082 145832 87175 127590 145819 87164 127574 87156 127569 87154 
10 : 146655 138326 214114 255586 138304 146641 146649 138314 138320 214109 
10 : 64429 250475 241287 197047 64427 64422 64417 241281 197038 197032 
10 : 129830 173690 256877 246835 129810 129825 129822 173685 173682 246830 
10 : 233368 247606 79503 240847 233364 79490 233363 79495 240837 79493 
10 : 120600 242509 91112 21133 120594 91090 21106 91104 21126 21102 
10 : 177902 235127 250574 152911 177892 177895 152894 235121 152900 152905 
10 : 189722 146734 197660 105688 146715 189708 105672 146716 105668 105674 
10 : 144745 212371 247730 71573 144734 144740 71553 212365 71560 71565 
10 : 259981 173151 187612 151355 173149 187608 151349 173134 151335 151338 
10 : 260936 260634 249268 263425 260627 249262 260932 249261 260628 249264 
10 : 264758 261364 253178 254698 261365 253179 254699 253173 254695 253172 
10 : 82845 83306 42941 123576 82823 42908 82828 42909 83282 42917 
10 : 185806 249987 245801 263559 185801 185799 185804 245793 249984 245798 
10 : 213990 147581 183415 208927 147566 183405 208913 147563 147565 183403 
10 : 49326 82124 186023 6131 49308 49320 6092 82109 6095 6112 
10 : 236240 249794 251615 1251 236233 236234 1236 249788 1241 1243 
10 : 261478 167692 235452 140963 167686 235448 140959 167679 140941 140949 
10 : 254171 253193 252608 94091 253191 252601 94084 252600 94082 94081 
10 : 147624 251715 246594 165601 147618 147617 147606 246587 165592 165591 
10 : 264778 262343 250400 222014 262344 250401 222016 250398 222011 222000 
10 : 257396 28319 44547 88381 28313 44543 88376 28287 28294 44522 
10 : 210649 211721 206149 83959 210635 206138 83939 206139 83940 83938 
10 : 264782 208768 242275 163660 208769 242276 163661 208759 163639 163648 
10 : 264784 79718 159224 230645 79719 159225 230646 79699 79709 159209 
10 : 248028 251762 260742 263952 248021 248025 248026 251757 251758 260740 
10 : 28111 256016 23993 164797 28109 23959 28097 23989 164792 23966 
10 : 260136 252515 260801 210260 252510 260135 210254 252511 210251 210256 
10 : 13026 218617 190633 100804 13018 13016 13007 190625 100793 100789 
10 : 262364 88085 260837 107404 88082 260833 107401 88081 88064 107399 
10 : 246193 79888 104673 102734 79878 104661 102719 79862 79861 102702 
10 : 254165 254895 256322 255513 254157 254159 254158 254892 254891 255507 
10 : 264801 81461 20030 32619 81462 20032 32621 20005 32591 19999 
10 : 151963 8550 115939 80397 8532 115920 80381 8527 8525 80375 
10 : 259328 151989 221611 251587 151983 221608 251582 151978 151982 221607 
10 : 161330 78416 259767 251974 78391 161328 161323 78413 78407 251968 
10 : 259992 126317 140563 142628 126305 140551 142616 126290 126293 140533 
10 : 264628 103780 30529 132488 103779 30528 132487 30509 103767 30514 
10 : 153277 72056 256000 258866 72037 153272 153274 72051 72052 255991 
10 : 93784 223080 179679 137079 93773 93766 93762 179664 137063 137056 
10 : 87632 233609 256371 262082 87624 87630 87631 233603 233604 256369 
10 : 264768 246178 71100 209851 246177 71099 209850 71087 209838 71083 
10 : 203591 11547 21582 222415 11525 21560 203574 11513 11528 21562 
10 : 163196 18779 252123 93558 18756 163187 93525 18772 18747 93547 
10 : 221124 68310 196649 156911 68294 196632 156892 68290 68286 156887 
10 : 264312 85209 20675 165602 85207 20671 165599 20646 85197 20653 
10 : 39740 76828 96654 255399 39720 39722 39735 76804 76822 96648 
10 : 145243 239137 262250 204931 145233 145239 145227 239135 204917 204929 
10 : 238403 26531 264823 227192 26524 238406 227180 26533 26521 227194 
10 : 133954 102647 202241 237465 102627 133945 133951 102632 102638 202227 
10 : 92840 261356 78519 47390 92835 78496 47358 78515 47384 47357 
10 : 172051 148217 155026 51964 148199 155004 51941 148194 51936 51937 
10 : 264826 190056 161924 232132 190057 161925 232133 161906 190049 161915 
10 : 231620 133800 103814 264829 133790 103799 231621 103785 133801 103815 
10 : 178161 191939 264795 155699 178145 178160 155675 191938 155678 155698 
10 : 244069 176091 264184 58915 176082 244065 58903 176089 58892 58911 
10 : 191006 81579 153107 205009 81567 153096 190994 81561 81570 153098 
10 : 64179 121655 227796 125755 64153 64167 64154 121638 121623 125732 
10 : 240351 228140 233290 104307 228128 233282 104291 228126 104286 104289 
10 : 257651 262971 149956 224588 257650 149945 224581 149949 224584 149939 
10 : 234122 214967 258342 259899 214953 234118 234119 214961 214962 258334 
10 : 171782 224626 38503 261619 171771 38477 171777 38490 224623 38497 
10 : 226439 148469 168125 250824 148459 168112 226431 148445 148464 168116 
10 : 256427 264559 33074 260355 256423 33063 256420 33072 260352 33066 
10 : 186725 76484 191453 222492 76466 186712 186715 76467 76474 191438 
10 : 188103 191660 250425 227208 188083 188093 188087 191654 191649 227202 
10 : 228605 5926 101952 255766 5917 101943 228601 5902 5922 101949 
10 : 248134 147119 191833 134233 147111 191824 134223 147105 134201 134211 
10 : 128140 257188 244649 212708 128134 128131 128127 244642 212701 212694 
10 : 190861 263391 24249 199468 190858 24234 190848 24247 199463 24237 
10 : 200508 158142 175268 200720 158117 175241 200497 158115 158118 175242 
10 : 25246 264402 92747 235742 25245 25228 25239 92746 235740 92739 
10 : 61378 107742 183763 70145 61359 61364 61355 107727 70118 70124 
10 : 154635 253724 202573 23395 154628 154621 23367 202569 23387 23374 
10 : 161490 109127 110460 221101 109107 110435 161474 109104 109115 110445 
10 : 246927 240005 151226 223440 239999 151216 223435 151214 223432 151211 
10 : 85531 260346 262663 112861 85526 85529 85503 260343 112857 112858 
10 : 79670 245984 256417 75196 79665 79666 75156 245978 75181 75187 
10 : 228251 257604 50101 44385 228246 50081 44368 50093 44377 44353 
10 : 256981 156006 207344 246433 155996 207337 246428 155988 155994 207335 
10 : 26200 108529 226174 260655 26175 26182 26194 108516 108527 226171 
10 : 260047 224165 263737 249908 224157 260046 249902 224163 224153 249906 
10 : 159785 50556 74100 100549 50536 74078 100531 50528 50531 74071 
10 : 2750 52069 21283 117959 2721 2718 2725 21252 52044 21257 
10 : 220009 139443 257501 196071 139429 220003 196056 139436 139425 196066 
10 : 240316 209650 44549 256048 209637 44536 240308 44530 209645 44542 
10 : 181036 227419 213925 249124 181024 181023 181025 213910 227410 213913 
10 : 245511 236548 218933 235643 236541 218924 235635 218923 235633 218921 
10 : 170849 78311 157198 215058 78291 157175 170839 78288 78298 157179 
10 : 8400 264602 77734 231644 8399 8383 8395 77732 231641 77725 
10 : 263850 243961 261218 258440 243958 261217 258436 243957 243956 258434 
10 : 264646 263555 251771 206096 263554 251769 206095 251767 206093 206086 
10 : 175457 262367 234851 237136 175455 175445 175447 234847 237133 234841 
10 : 160906 9229 221773 261413 9204 160900 160902 9209 9222 221771 
10 : 223870 261381 252464 258221 223864 223861 223863 252457 258217 252453 
10 : 107098 55762 190739 237846 55733 107084 107093 55746 55754 190729 
10 : 124399 264525 149444 264824 124397 124384 124398 149439 264524 149443 
15 : 247 230 242 236 248 123454 234587 172417 255471 123450 123440 123455 172412 234589 172418 
15 : 530 532 540 539 537 52172 52181 52178 52176 61367 61362 61361 171987 130172 130168 
15 : 647 644 642 649 641 182324 140668 200379 80155 140666 182329 80150 140675 80144 80163 
15 : 674 666 677 670 667 150039 236579 201937 184663 150040 150036 150033 201939 184666 184655 
15 : 1099 1095 1093 1103 1104 152493 143481 258569 258571 143464 152497 152498 143486 143487 262777 
15 : 1793 1786 1781 1798 1780 201752 161149 253475 150925 161143 201755 150919 161158 150914 150935 
15 : 1812 1819 1825 1818 1810 168182 168188 168178 156448 254815 230011 156459 230022 156467 156454 
15 : 2154 2144 2143 2137 2148 134525 134090 17297 173493 134077 17286 134516 17285 134083 17291 
15 : 2221 2234 2219 2228 2224 44198 27810 44190 44188 27836 191443 96174 27826 27815 96158 
15 : 2411 2420 2409 2403 2421 123357 97034 64483 123359 97044 64493 224214 64482 97048 64494 
15 : 2584 2580 2566 2589 2579 176491 14983 210705 173040 14976 176501 173034 14990 14974 173056 
15 : 3326 3311 3315 3313 3322 131302 171234 149228 227191 131290 131286 131293 149210 171223 149219 
15 : 3483 3471 3481 3480 3470 67756 212026 209480 67498 67755 67753 67480 209477 67497 67494 
15 : 4227 4221 4223 4232 4234 4335 48385 130533 130538 4329 4343 4351 48399 48409 221830 
15 : 5967 5979 5970 5973 5975 133852 133839 133844 133845 205718 224114 250744 205702 205707 224099 
15 : 6344 6341 6339 6332 6347 210864 169934 20494 258931 169924 20481 210867 20476 169940 20498 
15 : 7594 7597 7586 7577 7587 257870 223845 53722 235783 223847 53726 235785 53709 223837 53710 
15 : 8081 8085 8078 8098 8094 136271 116090 136287 136285 116098 207997 207996 116114 116112 261676 
15 : 8275 8274 8261 8281 8268 217923 137189 224503 159817 137188 217933 159815 137197 137180 159830 
15 : 9500 9506 9487 9483 9491 249583 72255 51521 129846 72266 51535 129855 51504 72241 51507 
15 : 9852 9864 9855 3672 9854 22884 22872 3673 22871 51907 3692 48687 3676 48672 3675 
15 : 10156 10151 10146 10160 10152 185441 110060 249684 201147 110047 185447 185436 110065 110050 201156 
15 : 10319 10306 10315 10317 10311 58272 198955 225707 149859 58264 58269 58262 198950 149851 149855 
15 : 10439 10460 10449 10443 10454 48346 48329 48327 48338 179948 140088 251217 140069 179941 140081 
15 : 10901 10908 10910 10909 10903 16355 16365 16363 16347 90125 90122 31117 174135 31128 31126 
15 : 10942 10922 10921 10929 10919 157913 155721 213789 80170 155700 157896 80146 155712 80145 80157 
15 : 11223 11233 11220 11228 11235 121930 83494 121926 121934 83512 170776 250860 83499 83517 170782 
15 : 12086 12071 12077 12083 12080 33941 204672 225642 218003 33932 33937 33936 204670 204669 217998 
15 : 13209 13210 13217 13206 13211 75820 75832 22465 75821 77868 22466 77858 22476 90839 22467 
15 : 13765 13758 13755 13762 13764 197908 165659 227619 258513 165648 197899 197907 165652 165658 227618 
15 : 13786 13783 13773 13776 13779 238348 102587 110481 201702 102583 110476 201695 102568 102575 110469 
15 : 13936 13930 13928 13934 13937 178900 173952 240746 247154 173941 178897 178902 173948 173953 240748 
15 : 14425 14431 1140 14419 14422 191167 1156 64297 104872 1162 64305 104883 1145 1149 64292 
15 : 14438 14444 14437 14442 14445 82238 77069 82231 82243 77080 114397 178166 77071 77085 114402 
15 : 14585 14602 14598 14591 14600 56880 56875 56868 56878 252875 218881 262222 218872 252874 218880 
15 : 14870 14867 14873 14868 14872 218311 242952 225708 242951 218314 218307 218313 225713 253868 225712 
15 : 15977 15982 15956 15974 15962 252315 67327 229369 129512 67334 229379 129519 67323 67307 129508 
15 : 17183 17196 17191 17206 17184 31075 31061 31079 31055 134409 235162 33641 134417 33632 33654 
15 : 18105 18109 18102 18103 18097 217225 193074 206100 116419 193082 206110 116430 193071 116412 116414 
15 : 18854 18841 18851 18847 18846 86239 260127 162842 151494 86236 86220 86218 162836 151490 151472 
15 : 19303 19318 19310 19312 19307 21326 21316 21320 21309 225056 246672 146051 225044 146037 146044 
15 : 19939 19940 19938 19925 19941 256802 252362 36367 256803 252365 36369 261781 36365 252366 36370 
15 : 20866 19842 20862 20874 20867 19851 49676 98893 98888 19845 19860 19853 49690 49679 107394 
15 : 20996 20987 21000 21006 21007 28150 182585 182594 182595 28156 28165 28167 236213 236215 263421 
15 : 21313 21325 21304 21321 21319 191251 72515 191245 191244 72533 251892 244506 72522 72520 244496 
15 : 21925 21927 21932 21917 14656 177875 177881 123911 14675 193475 123915 14679 123921 14684 14663 
15 : 23464 23450 23448 21513 23469 92559 71967 21538 244928 71953 21517 92565 21515 71972 21544 
15 : 23522 23513 23530 23510 23536 48976 185221 32846 185226 48986 32830 48990 32853 248912 32861 
15 : 24481 24477 24482 24474 24468 167611 224311 147276 56342 167613 147271 56334 147279 56344 56330 
15 : 24676 24669 24674 24679 9567 149055 191583 209684 9584 149051 149058 9577 191585 9582 9588 
15 : 24788 24804 24803 24792 24806 78380 78377 78362 78382 245469 151666 249229 151664 245471 151668 
15 : 24924 24920 24932 24936 24917 95737 166044 166048 53279 95748 95753 53271 250918 53293 53299 
15 : 26026 26015 26012 26010 867 227297 200257 159200 897 200248 159190 890 159183 884 878 
15 : 26077 26061 26072 26076 26057 91662 236675 247027 40541 91658 91661 40514 236673 40537 40540 
15 : 26153 26154 26147 26168 26152 157257 84993 157266 152501 84996 167397 152502 85012 84992 152519 
15 : 26340 26346 26354 26337 26344 163216 163223 127429 163214 190233 127432 180713 127444 180727 127430 
15 : 26388 26372 26374 26389 26390 163832 185013 264028 264029 163817 163833 163835 185014 185015 264334 
15 : 26604 26596 26595 26589 26602 206180 201032 48114 249121 201021 48100 206172 48096 201025 48109 
15 : 26625 26638 26644 26639 26651 29500 29505 29502 29514 185453 185450 185457 193420 210316 193429 
15 : 27347 27349 27359 27367 27352 67604 67615 67624 67610 102802 102819 102797 214749 149362 149380 
15 : 27481 27498 27479 27483 27494 43588 28323 43577 43584 28345 108645 186418 28328 28338 108639 
15 : 27859 27868 27855 27851 27853 197498 183473 136438 148752 183483 136449 148765 136433 148750 136430 
15 : 28238 28250 28237 28243 28241 125599 102795 125588 125585 102811 182607 140297 102800 102796 140284 
15 : 28381 28384 28383 28372 28369 235876 235874 83373 52095 249661 83382 52103 83379 52102 52073 
15 : 30030 30034 30017 30024 30025 253857 142894 208681 209117 142896 208683 209122 142883 142884 208670 
15 : 30307 30315 30319 30310 30321 141372 141376 141365 141377 254869 185532 254870 185536 262851 185537 
15 : 31441 31456 31450 31443 31452 55071 55060 55052 55063 214986 103219 226066 103210 214973 103212 
15 : 31639 31632 31638 31646 31650 87778 162220 165621 165624 87777 87787 87791 162233 162240 241609 
15 : 32202 32208 32212 32210 32201 123959 123967 123963 95348 196045 196039 95361 209565 95374 95367 
15 : 32647 32643 32661 32654 32662 66358 85902 85892 85906 66382 66370 66385 166238 241087 166244 
15 : 15240 33417 33407 33406 7486 15265 15254 15244 7482 159316 71243 7514 71226 7497 7490 
15 : 33441 33438 33421 33440 33444 258454 66495 260147 261575 66492 258452 258457 66493 66498 260149 
15 : 33973 24520 24845 33981 33980 24525 24850 75491 75490 24517 24535 24534 24860 24859 185359 
15 : 34133 34124 34137 34132 34125 71175 229293 226760 76948 71182 71174 71159 226769 76958 76946 
15 : 11189 34148 34149 34143 34146 11194 11195 11190 11192 69411 34364 59457 34365 59458 34362 
15 : 34667 34689 34681 34670 34676 67470 67464 67450 67458 198875 92986 142389 92977 142380 92972 
15 : 34704 34715 34706 34700 34698 161228 161217 120503 70799 178067 120524 70817 120507 70803 70795 
15 : 35201 35204 35207 12947 35213 38669 38674 12948 38679 92894 12952 92899 12962 173946 12970 
15 : 35781 35779 35780 16216 35777 215628 239034 16247 185782 215618 16235 185766 16238 185767 16224 
15 : 36236 36234 36230 36239 36238 211563 50749 222760 222754 50746 211573 211566 50757 50751 235695 
15 : 36550 36557 19075 36548 36545 190461 19085 166689 125066 19103 166703 125086 19083 19080 125065 
15 : 36605 36599 36588 36604 36592 222508 142369 238647 191282 142360 222504 191273 142362 142354 191277 
15 : 36852 36856 36858 36851 36847 240776 240777 239523 216091 259964 239528 216097 239531 216099 216090 
15 : 37541 37557 37539 37548 37545 134968 112965 134960 134958 112981 187023 176108 112971 112969 176094 
15 : 37989 37986 37987 37997 37994 168660 177240 195628 195626 168658 168671 168668 177254 177249 243440 
15 : 38224 38213 38221 38222 6724 65657 164685 169576 6744 65648 65649 6726 164680 6738 6739 
15 : 38242 38250 38241 38253 38245 92957 66044 92958 92949 66060 205329 169090 66061 66052 169094 
15 : 38362 38358 38359 38352 38363 211953 212103 79327 221670 211951 79324 211956 79325 212104 79329 
15 : 38419 38409 38408 552 38411 69265 65907 573 88880 65893 557 69254 556 65894 559 
15 : 38521 38533 38524 38535 38518 87938 87922 87940 68883 161040 263630 68908 161042 68888 68911 
15 : 38703 38694 38705 38697 38704 144410 238526 181429 238525 144417 144406 144416 181436 257124 181435 
15 : 39127 39136 25127 39138 39137 62588 25128 62591 62589 25148 227400 227399 25152 25150 240560 
15 : 40000 39991 14458 40002 39995 124117 14479 241167 220405 14462 124120 124111 14483 14472 220406 
15 : 40149 40151 40154 40157 40155 237908 237911 237915 237912 242826 242830 242827 256737 256733 257375 
15 : 40853 40849 40852 40856 40851 128372 190063 227140 135683 128369 128379 128364 190070 135675 135692 
15 : 22535 40905 5266 40912 37641 22539 5264 22546 22533 5272 130917 37650 5282 5265 37660 
15 : 41197 41198 41196 41200 41199 109639 97314 109641 109640 97315 137149 137148 97317 97316 137175 
15 : 41314 41325 41328 41317 41318 121302 121305 121288 121289 260965 148626 154175 148629 154178 148609 
15 : 41458 41456 41450 41454 41460 221265 59644 184884 228172 59643 184882 221276 59636 59655 184893 
15 : 41506 41505 13346 41516 41509 161259 13360 174688 174684 13359 161267 161262 13366 13363 187858 
15 : 41584 41588 41583 41570 39342 255184 251042 72658 39372 251049 72669 39380 72657 39368 39345 
15 : 41868 41866 41867 41884 41883 45343 74479 128735 128733 45337 45361 45360 74501 74499 257792 
15 : 42015 42012 42021 42023 42008 116182 167466 167468 70086 116195 116197 70079 253754 70108 70110 
15 : 42261 42259 42264 42279 42267 67004 97941 97954 97945 67008 67028 67013 151886 151872 178941 
15 : 42297 42303 42296 42302 42289 236381 232299 236379 169293 232305 252182 169299 232303 169291 169297 
15 : 42834 42841 42844 42837 42846 141615 141619 141608 141623 212379 182922 212384 182929 243931 182936 
15 : 43421 43436 40221 43420 43433 84558 40224 73303 84555 40245 73323 242328 40223 40241 73321 
15 : 43991 43990 43989 44003 44011 111656 65015 115340 115348 65014 111666 111676 65028 65037 235715 
15 : 44887 44893 44890 44906 44902 53948 53939 53957 53955 92207 181909 181907 92224 92218 248578 
15 : 45955 45958 39897 45960 45952 224605 39915 224606 178567 39925 264467 178577 39927 39909 178580 
15 : 46601 46604 18743 46612 46605 159489 18755 159494 159490 18759 181179 181174 18768 18760 196637 
15 : 47148 47156 40160 2168 47147 209039 40171 2184 181369 40182 2193 181382 2166 40168 2183 
15 : 47822 47820 47825 47836 47824 60780 63352 63371 63347 60786 60809 60782 117371 72240 72264 
15 : 48010 47999 48005 1697 47998 124981 184378 1728 96136 124976 1709 96120 1722 96123 1704 
15 : 48617 48630 48616 48633 48619 110548 101385 110551 110537 101401 246874 151347 101406 101387 151351 
15 : 48747 48749 48741 48754 48759 139927 80535 139935 139940 80540 177558 177563 80551 80558 251214 
15 : 49010 48997 49011 48996 49008 137393 249507 104920 237632 137401 104896 137391 104924 237636 104916 
15 : 49031 49037 49052 49047 49050 95159 95175 95167 95171 183756 183747 183752 230949 243122 230947 
15 : 49227 49231 49212 49226 49213 250005 50947 246690 60418 50951 246695 60425 50946 50930 60417 
15 : 49837 49829 49830 49827 2169 133286 159733 50098 2201 133268 50073 2175 50076 2178 2170 
15 : 50436 50450 50461 50458 50431 123471 123483 123480 76660 210185 210182 76676 256295 76692 76688 
15 : 50547 50543 50550 50548 50527 190864 226820 226814 70097 190872 190865 70091 230536 70105 70099 
15 : 50576 34900 50575 50569 50566 34923 247365 195307 178399 34921 34910 34907 195304 178393 178386 
15 : 50936 50953 50937 50938 50931 179600 179583 179584 105548 204747 207795 105571 204728 105553 105554 
15 : 52475 52474 52460 11152 52484 224642 117258 11172 225586 117257 11171 224649 11158 117269 11183 
15 : 20841 52575 16119 52568 52579 20856 16117 20844 20858 16140 99039 237818 16124 16145 99045 
15 : 52592 52601 52602 52587 52596 137586 137589 84468 137581 238715 84484 216581 84486 216584 84480 
15 : 53621 53603 53615 53606 53611 71853 248688 165684 228638 71847 71838 71844 165675 228630 165671 
15 : 18625 54991 54984 54983 54981 18653 18642 18640 18633 215400 209220 140561 209205 140540 140538 
15 : 54993 55002 55000 55004 55003 73510 73509 73512 73511 211438 235258 235256 211441 211440 242739 
15 : 55160 55152 55163 55168 55156 128026 198684 198687 178927 128031 128033 128023 217402 178932 178938 
15 : 55178 55193 55186 55181 55188 95172 95164 95157 95165 219727 130183 227596 130175 219722 130176 
15 : 55504 55505 55512 55503 55519 194202 194214 173487 194221 198644 173488 198649 173502 256313 173510 
15 : 56208 56217 56219 56216 56211 163514 163515 163511 163502 236137 228318 182955 228321 182959 182953 
15 : 56973 56964 6198 7488 56961 142914 6221 7517 104063 6203 7496 104045 6193 6201 7491 
15 : 57307 57320 57309 57301 57300 174297 174288 137735 93498 196692 137756 93516 137738 93504 93494 
15 : 57804 57805 57806 57803 57819 142981 142984 109343 142996 151229 109344 151246 109349 199328 109368 
15 : 47792 58854 58875 58855 58860 47796 47814 47798 47801 105680 105665 105671 110454 168892 110436 
15 : 58935 58938 58944 58948 58934 153401 153412 153416 104648 195898 195901 104655 255573 104667 104672 
15 : 59787 59789 59780 59782 59773 245538 173681 182504 73057 173686 182508 73061 173670 73040 73043 
15 : 60626 15667 60625 60637 60632 15676 119114 131357 131352 15673 15684 15682 119127 119123 209998 
15 : 60636 60634 60620 60635 45781 214043 72345 224263 45810 72340 214042 45805 72342 45786 45807 
15 : 61322 61328 61318 61329 61332 93620 61948 93621 93630 61959 209090 209098 61960 61968 211529 
15 : 61478 30041 61476 61482 61474 30046 164081 176061 73844 30044 30049 30042 164084 73840 73848 
15 : 62785 62766 62772 62764 62784 163352 238032 154782 264391 163341 154758 163351 154769 238031 154779 
15 : 62869 62878 62894 62897 62891 126269 126287 126288 126286 194477 194478 194475 261592 256842 256844 
15 : 64247 64251 64250 64249 64258 70327 70326 70325 70338 150454 138072 151535 138071 150465 138082 
15 : 64826 64813 64814 64823 64815 186988 196559 253893 213920 186979 186986 186980 196551 196544 213914 
15 : 65595 65594 65597 65592 34830 216294 218969 104393 34849 216300 104392 34848 104399 34856 34836 
15 : 35826 66453 66455 66458 66461 35830 35834 35837 35841 118243 118251 118253 128290 128293 192887 
15 : 67216 67215 67224 67220 67231 75250 88802 88792 88808 75263 75253 75272 120803 195752 120822 
15 : 67266 67257 13416 67248 23663 206685 13445 115777 23694 13431 115762 23678 13420 13412 23666 
15 : 67696 67695 67706 67702 67697 71160 77625 77616 77611 71177 71169 71162 166234 83375 83365 
15 : 67796 67795 67802 67799 67794 87704 97410 97398 67901 87730 87713 67900 176628 67936 67916 
15 : 65623 67940 67947 67944 67946 65626 65644 65637 65643 154383 154376 154382 231877 261366 231876 
15 : 68088 53805 34767 68095 68099 53811 34774 131367 131378 34765 53820 53827 34780 34788 225266 
15 : 68557 68545 68556 68564 68554 132062 215997 227533 207940 132061 132071 132059 216005 207939 207952 
15 : 68560 68562 68555 56170 12781 252690 215595 56198 12809 215599 56200 12812 56185 12802 12780 
15 : 68942 68943 68928 68944 68929 261540 119851 261542 150931 119852 261733 150932 119853 119833 150934 
15 : 69762 69763 69751 69752 69761 254517 122292 147283 254419 122295 147286 254421 122276 122291 147282 
15 : 70014 70027 70020 70022 70031 103040 103035 103037 103047 185056 211164 224012 185051 185065 211172 
15 : 70169 70170 70161 70160 70182 198634 80729 77979 198648 80730 77982 206248 77966 80747 77995 
15 : 71142 71143 7664 71145 71140 102233 7670 102236 84601 7671 102777 84602 7674 7665 84606 
15 : 71515 71519 71513 71523 71524 203194 185602 203201 203202 185612 244406 244408 185621 185623 264494 
15 : 71644 71636 71639 71640 71646 127596 202937 204262 243042 127593 127594 127599 202933 202939 204264 
15 : 71757 71759 71762 71754 71760 209854 209858 184197 209855 232288 184198 232285 184202 234497 184199 
15 : 72029 21944 72030 23360 48045 21968 261124 23392 48075 21969 21941 21943 23394 48076 23359 
15 : 72181 20111 72183 72188 72174 20126 224378 224383 161934 20128 20131 20119 226877 161935 161942 
15 : 72202 72192 72205 72191 33624 91708 223003 84061 33640 91712 84047 33627 84065 33643 33625 
15 : 72574 72565 72570 72572 72569 197728 223640 231735 216283 197720 197724 197719 223638 216277 216280 
15 : 73483 73479 73484 73488 73482 82076 185156 185165 174947 82079 82090 82074 198958 174950 174962 
15 : 74967 74978 74964 74965 74969 154996 116061 125515 154983 116079 125530 158997 116058 116063 125516 
15 : 75068 75063 25605 75067 75059 209316 25623 240959 127196 25618 209315 127188 25622 25609 127195 
15 : 75350 75367 75346 75351 75361 211345 152356 211333 211340 152373 221710 260219 152358 152370 221704 
15 : 75354 75365 75349 75353 75366 240407 185704 237628 240408 185711 237639 263436 185703 185713 237640 
15 : 16520 75904 75900 75893 75903 16546 16540 16524 16544 249840 121245 262826 121237 249838 121241 
15 : 76226 76232 25787 76220 76231 244489 25807 205072 244487 25818 205082 262604 25801 25816 205081 
15 : 79019 79006 79011 79004 52964 117925 179572 81738 52993 117917 81713 52970 81721 52979 52965 
15 : 79818 79825 79813 79829 79831 205676 103939 205678 205681 103949 240654 240656 103951 103954 253495 
15 : 81028 81025 81031 81032 81040 155965 185074 185075 185086 155968 155969 155976 194236 194244 195443 
15 : 81179 40193 81159 81164 81174 40216 102296 152907 232969 40196 40199 40207 102279 102290 152899 
15 : 81652 81649 81637 81650 81641 252765 107380 253634 181126 107372 252762 181119 107373 107360 181120 
15 : 82554 82546 82555 82543 82550 212602 264090 158980 231355 212603 158964 212589 158981 231356 158968 
15 : 83567 83570 83568 83574 83562 166219 166215 166225 92848 174590 202886 92854 174601 92850 92871 
15 : 84265 84271 84279 11516 84275 96085 96094 11517 96092 220386 11527 220382 11537 247518 11533 
15 : 85535 67272 85533 85548 85544 67287 148321 227644 227641 67278 67301 67298 148341 148335 260728 
15 : 85550 85549 85552 85551 85559 122275 145417 145416 145419 122278 122277 122286 149135 152267 149145 
15 : 85565 85557 85561 85564 85560 223057 257610 262300 239585 223055 223056 223052 257609 239580 239584 
15 : 85961 11586 85958 85956 85952 11610 261121 245032 228451 11606 11603 11599 245029 228447 228439 
15 : 86992 87004 86991 86989 87002 231865 228897 218920 231863 228905 218930 256965 218918 228903 218928 
15 : 59088 40926 87615 33889 25934 40924 59089 33888 25932 40928 33886 25931 33892 25936 25930 
15 : 87894 87908 87900 87895 87902 138421 138413 138411 138414 181840 158770 186423 158763 181836 158764 
15 : 88009 88014 56585 88015 88019 88425 56586 88426 88433 56598 187266 187281 56600 56614 188217 
15 : 88596 88607 88609 4172 21101 216987 216989 4189 21118 261342 4203 21129 4204 21132 4168 
15 : 33422 88927 88924 88915 88926 33443 33435 33423 33442 236453 99050 264289 99037 236452 99049 
15 : 90594 90598 90600 49235 90603 124687 124689 49238 124692 235484 49252 235488 49253 240829 49259 
15 : 90884 90892 90888 90875 6901 183570 183558 111636 6917 225078 111647 6928 111641 6921 6905 
15 : 28510 90895 90900 85114 90904 28511 28518 28509 28525 98169 85116 98181 85127 196606 85141 
15 : 91163 91170 40572 91174 91167 163901 40577 163905 163898 40585 239066 209971 40591 40582 209978 
15 : 91946 91944 18596 91934 91945 245339 18616 98687 249944 18612 98681 245336 18597 18614 98683 
15 : 92033 92025 92028 92026 78121 209911 234010 214539 78144 209907 209902 78137 214534 78141 78138 
15 : 92097 14882 92103 92098 85757 14889 227351 227345 85771 14900 14890 14881 234592 85781 85772 
15 : 14744 92898 92892 92891 92896 14757 14749 14748 14755 144184 136658 201075 136649 144181 136655 
15 : 52341 93295 63182 93299 19694 52350 52338 52362 19686 63194 175033 19704 63202 19688 19712 
15 : 93853 93848 54295 93846 93847 232992 54321 187009 211405 54310 186998 211392 54305 54307 186994 
15 : 94951 94946 94949 94956 94958 111900 124497 177029 177032 111896 111906 111909 124503 124506 202381 
15 : 95115 95125 72777 3242 95114 132064 72781 3249 99410 72800 3269 99431 3239 72779 3244 
15 : 95288 95287 95304 95289 95294 125257 142456 142443 142448 125273 125258 125264 150064 195908 150052 
15 : 78858 95823 95830 77859 95826 78870 78878 77857 78872 232372 77872 232364 77888 251733 77878 
15 : 96206 96214 96220 96223 96205 149916 149922 149930 130272 226923 226930 130286 257951 130294 130303 
15 : 96461 96460 96452 23177 96459 244203 147906 23197 222785 147905 23196 222784 23182 147899 23191 
15 : 97481 97490 97492 90926 97486 147077 147085 90930 147075 244394 90949 234076 90954 234083 90945 
15 : 97777 97790 97787 97793 97791 118931 118927 118933 118932 185751 229016 229015 185754 185752 231829 
15 : 98022 30922 98034 98023 87945 30928 159174 159163 87953 30938 30929 30919 160975 87963 87954 
15 : 98617 98620 98627 98615 98626 162956 162969 117818 162968 219922 117821 219921 117838 262241 117836 
15 : 98636 10375 66472 98637 98644 10379 66486 220229 220235 10371 10380 10388 66488 66494 236448 
15 : 99333 99331 99329 99325 99330 248340 186479 157390 246626 186474 157387 246622 157380 186473 157386 
15 : 99933 99930 99928 9952 99926 198156 169463 9963 161930 169462 9960 161928 9958 161927 9956 
15 : 99950 99957 99959 99952 99954 136079 136082 136074 136076 202652 153373 172941 153378 172947 153371 
15 : 10876 100019 100025 100033 100024 10883 10888 10898 10886 171300 171310 171298 219632 212820 212837 
15 : 100087 100094 100084 15739 100093 171669 135878 15748 171666 135891 15758 228629 15745 135887 15755 
15 : 100360 95007 100352 100363 100365 95022 119474 228855 228859 95010 95030 95034 119484 119486 251292 
15 : 100740 100751 34475 100735 100741 208821 34487 138806 208813 34501 138820 229364 34478 34490 138809 
15 : 100855 100846 100853 100845 100852 182397 254362 173432 225160 182393 173414 182388 173428 225154 173421 
15 : 57279 37587 100964 81049 100972 37582 57289 57277 57298 37600 37584 37609 81064 216787 81071 
15 : 101222 101228 66534 101230 101227 167759 66538 167761 167758 66554 263091 262156 66555 66552 262158 
15 : 101518 101503 101512 101524 101520 125507 230230 259221 259218 125498 125512 125509 230236 230232 260743 
15 : 101765 101782 74102 101761 101774 197351 74112 139453 197345 74131 139471 241230 74107 74123 139464 
15 : 103268 103267 103259 103255 103273 237977 164236 117798 241163 164234 117796 237986 117787 164245 117808 
15 : 93612 103629 103631 10113 7700 93627 93629 10112 7699 253733 10135 7726 10136 7727 7695 
15 : 104465 104463 104472 104462 104464 148733 184255 144299 158656 148745 144294 148731 144307 158669 144295 
15 : 104639 104632 104619 104635 104622 190728 126077 215950 137295 126069 190724 137284 126074 126061 137290 
15 : 105357 105356 105362 105346 105355 229594 248667 119236 222138 229600 119229 222134 119246 222148 119228 
15 : 105460 105454 105458 105459 105455 129012 205044 205490 148647 129009 129010 129001 205041 148641 148642 
15 : 106869 106867 106880 26087 106875 172921 191508 26097 191507 172933 26095 172928 26114 243487 26112 
15 : 106971 106956 106968 106974 106958 144440 243888 254384 155319 144436 144443 144424 243891 155315 155327 
15 : 17661 107053 30217 107062 107057 17671 17659 17682 17672 30226 185499 185489 30236 30230 208714 
15 : 107240 107237 107247 107246 107229 250094 255989 255988 184838 250100 250098 184837 261644 184845 184844 
15 : 108359 108377 108366 108355 108357 186250 186239 119782 164773 216643 119801 164793 119789 164779 119779 
15 : 105647 99803 109608 80016 109614 99802 105650 80015 105655 99804 80013 99816 80018 133069 80026 
15 : 27990 109936 109944 109947 109950 27994 28004 28007 28012 142336 142338 142340 224682 224687 235688 
15 : 110026 110033 110041 10707 110027 115838 115843 10710 115831 222609 10723 158154 10733 158163 10715 
15 : 110144 110145 101433 110135 110132 249521 101451 226647 117015 101457 226651 117016 101446 101434 117009 
15 : 110303 110289 37053 110297 110291 125864 37077 217551 134331 37055 125856 125846 37067 37058 134313 
15 : 94723 110520 110523 110530 110528 94725 94728 94737 94734 151298 151306 151305 188365 188363 244087 
15 : 67576 110842 110848 110839 110846 67588 67594 67584 67591 211742 193253 211740 193267 236056 193262 
15 : 110864 110854 110859 110866 102534 205483 241918 260534 102558 205477 205484 102544 241919 102552 102561 
15 : 110976 34770 110986 110978 59167 34776 152022 152011 59172 34789 34777 34766 172848 59191 59174 
15 : 16926 111213 107927 111207 16822 16942 16924 16934 16815 107947 200161 16854 107933 16820 16835 
15 : 111703 111694 59141 59996 111705 163143 59161 60020 260975 59151 60004 163146 59131 59163 60024 
15 : 111847 111858 111860 86268 111843 176980 176982 86275 139341 253002 86291 139358 86293 139360 86272 
15 : 112279 112289 112285 112291 112282 188202 188193 188203 188182 242027 264786 198428 242030 198416 198430 
15 : 112303 112295 85641 107504 112299 194028 85655 107530 242087 85648 107515 194026 85640 85653 107521 
15 : 113005 113004 113006 5113 113000 222698 236415 5127 142121 222699 5125 142118 5128 142122 5116 
15 : 114100 38584 114088 114099 114090 38609 153875 248501 185353 38587 38603 38591 153871 153859 185347 
15 : 15514 114148 114133 114128 114135 15536 15524 15521 15526 186659 152595 194383 152577 186643 152579 
15 : 115334 115338 115333 115335 115351 168957 126883 168954 168975 126888 173139 198538 126885 126910 173153 
15 : 115856 115869 115851 115852 115871 198252 162722 184877 198254 162733 184887 253395 162721 162735 184891 
15 : 69545 74193 116037 116032 6732 69541 69560 69553 6727 74213 74206 6728 238582 6759 6746 
15 : 116585 71980 116577 116583 116584 72001 202837 252804 254692 71988 71998 71999 202831 202835 252803 
15 : 116812 116795 18293 115753 116800 160216 18316 115773 216028 18296 115756 160206 18292 18300 115763 
15 : 74991 117076 117067 25312 117066 75010 74999 25309 74997 190092 25330 170885 25320 170872 25316 
15 : 117850 117842 117843 117855 117852 190167 207850 236108 236101 190161 190173 190170 207863 207855 253869 
15 : 117869 117867 117871 117866 117865 238881 252074 232183 225405 238887 232180 225401 232187 225408 225397 
15 : 71420 117990 30789 117989 117993 71429 30786 71428 71432 30799 208959 216421 30796 30806 208965 
15 : 118500 9716 22602 33478 75159 9723 22607 33484 75167 9708 9710 9711 22591 22596 33474 
15 : 118718 118712 118711 118709 118710 251569 249256 244117 248651 249253 244113 248648 244111 248645 244110 
15 : 118779 49400 118771 41800 80268 49422 212685 41827 80293 49406 41797 49397 41808 80276 41799 
15 : 56123 119278 119285 119275 97064 56129 56142 56128 56120 184315 158880 97075 158900 97095 97074 
15 : 51979 120011 120007 31503 120006 51997 51991 31500 51990 231616 31529 225339 31523 225328 31519 
15 : 120977 120986 69797 120983 120982 204056 69806 204051 204050 69818 233916 233079 69811 69810 233073 
15 : 21981 121088 121084 40957 50210 21997 21993 21974 21976 213764 40978 50229 40972 50226 40952 
15 : 121547 121553 121550 54648 46629 183446 183441 54660 46642 261197 54678 46659 54672 46653 46622 
15 : 101609 56124 121559 121556 121566 56121 101615 101614 101626 56132 56130 56141 186916 197766 186938 
15 : 122021 122028 122027 102704 122018 238624 238620 102716 189138 252487 102728 189149 102724 189146 102708 
15 : 122350 122348 122359 122363 122351 163519 171668 171671 171661 163527 163530 163520 237418 172112 172119 
15 : 122357 122353 90385 122347 15741 210785 90399 125984 15756 90396 125981 15753 90387 15738 15743 
15 : 42419 123194 123188 123198 123181 42435 42429 42439 42422 194955 229042 127224 194958 127214 127231 
15 : 124463 124453 124444 41741 124449 253955 165209 41766 230896 165202 41759 230893 41746 165199 41754 
15 : 65205 124547 124556 124554 50799 65207 65219 65214 50794 142321 142316 50801 241333 50827 50816 
15 : 107412 125223 125218 125217 51651 107434 107420 107419 51648 201172 198884 51675 198869 51658 51657 
15 : 125233 125225 125235 12268 125231 163732 260447 12287 254271 163735 12276 163728 12290 254275 12285 
15 : 125315 125312 37909 125314 125321 194535 37916 208898 222443 37913 194530 194542 37914 37926 208906 
15 : 125466 94146 125464 125458 125461 94159 254216 204443 230348 94157 94152 94156 204441 230346 204435 
15 : 126240 126247 126245 126248 126246 253652 253650 253655 253651 262100 263965 262434 262103 262098 262439 
15 : 126700 126714 126705 126712 126706 136216 136203 136213 136205 172416 246753 188215 172413 172402 188213 
15 : 127393 127390 122881 127392 4599 176706 122888 180213 4605 122885 176704 4603 122886 4598 4604 
15 : 128088 110169 128096 128090 115144 110172 166123 166113 115150 110183 110175 110166 193915 115168 115153 
15 : 128203 128202 128208 128206 128200 203190 213344 213342 175244 203197 203196 175243 247475 175258 175253 
15 : 128427 128426 128434 128431 1543 151360 180455 180450 1549 151372 151364 1546 195832 1560 1553 
15 : 128869 14635 128870 117783 128874 14639 194450 117789 194460 14640 14633 14649 117791 198405 117802 
15 : 128962 128969 128968 128966 3876 147133 147132 147127 3879 251941 210894 3897 210893 3896 3890 
15 : 129535 97166 129540 129529 129538 97174 225858 135009 225855 97182 97168 97180 135020 259334 135018 
15 : 8598 129758 40597 129756 129762 8602 8592 8599 8607 40603 143246 156085 40598 40611 143259 
15 : 129869 110941 19371 129875 108238 110945 19373 170577 108242 19369 110959 108237 19394 19368 108265 
15 : 106822 117355 129986 129990 29229 106821 106825 106829 29225 117358 117360 29227 164416 29232 29240 
15 : 130136 46980 130137 52529 130138 46989 251785 52547 251787 46990 46972 46993 52548 252134 52550 
15 : 130466 18936 130461 106651 130460 18961 225227 106677 208291 18950 18935 18947 106662 208279 106660 
15 : 131140 131147 34799 131142 67041 198964 34807 198962 67057 34814 212291 67064 34809 34795 67059 
15 : 131226 131230 45157 131225 131236 171125 45160 138527 171130 45167 138532 218118 45158 45174 138544 
15 : 129086 131250 131244 131242 131238 129099 129096 129094 129088 248197 236151 141789 236141 141782 141779 
15 : 131463 131462 131460 131452 131448 253394 238535 205257 185349 238534 205256 185348 205251 185344 185334 
15 : 95659 131710 131701 131706 131714 95667 95660 95666 95675 136019 232782 245219 136015 136028 232788 
15 : 39111 112919 54922 107132 34575 39109 39106 39108 34565 54920 107131 34573 54919 34568 34572 
15 : 132216 132224 67005 132218 132221 137842 67006 137833 137836 67023 167278 186422 67010 67016 167274 
15 : 97937 132542 132549 29920 132547 97946 97960 29917 97950 179216 29927 179200 29945 226943 29934 
15 : 105493 132687 132685 132686 95078 105506 105497 105501 95073 181276 222535 95094 181268 95086 95089 
15 : 133023 114820 133040 133031 133033 114824 175352 175343 175344 114841 114830 114831 226184 228744 226176 
15 : 133475 50737 133473 133476 133481 50742 142328 178973 178977 50739 50744 50750 142331 142337 196719 
15 : 133706 133700 125007 133702 5554 233894 125025 239222 5573 125020 233892 5567 125023 5551 5571 
15 : 134057 134062 134068 134064 21715 167961 167972 167962 21718 206316 206308 21721 214682 21734 21722 
15 : 134240 17428 134241 126656 19698 17438 243683 126671 19713 17443 17427 17417 126677 19723 19697 
15 : 134385 134399 134386 126176 134398 148312 148294 126178 148311 170419 126194 254127 126179 170418 126193 
15 : 134801 134812 134800 50465 134805 154060 146946 50468 154047 146963 50493 199054 50467 146951 50474 
15 : 96851 79840 135089 135078 135082 79836 96862 96852 96857 79853 79841 79846 138521 171810 138507 
15 : 135091 58116 119083 105890 135081 58129 119107 105911 167310 58113 58112 58123 105888 119088 105896 
15 : 26903 135725 135724 135717 135722 26923 26922 26907 26918 256070 205299 244898 205298 244897 205293 
15 : 136355 136359 136357 81715 136354 140502 140500 81717 139832 202527 81732 139847 81725 139840 81716 
15 : 136910 136904 96283 136913 62239 165654 96295 238544 62251 96285 165655 62243 96298 62233 62253 
15 : 137451 137450 51190 137437 79212 264578 51218 138847 79246 51217 138846 79245 51191 51186 79213 
15 : 48180 137602 137609 123907 137600 48198 48206 48178 48196 257812 123922 238093 123932 238102 123920 
15 : 137677 137676 137672 137666 137669 248995 221222 158978 184842 221219 158975 184836 158966 184826 158963 
15 : 137809 137803 137804 137806 137807 174936 189061 204439 213778 174929 174930 174931 189057 189058 204433 
15 : 94872 138565 138558 16984 55369 94885 94873 16977 55363 148429 17000 55385 16987 55372 16975 
15 : 18905 140128 125256 140123 140126 18925 18904 18917 18921 125282 225324 244836 125268 125275 225318 
15 : 129999 140377 56413 140370 140372 130021 56412 130017 130018 56435 257074 259338 56431 56432 257069 
15 : 140457 140459 140462 140468 140467 209882 209886 209893 209892 236954 236962 236960 249267 249266 264143 
15 : 141592 83846 141598 141604 141603 83851 166413 166415 166414 83864 83868 83866 253474 253471 259166 
15 : 141750 35456 74372 129497 141752 35460 74375 129499 161316 35447 35455 35463 74371 74380 129504 
15 : 9857 142092 142090 142101 142099 9862 9859 9877 9874 181749 193603 193601 181763 181761 258039 
15 : 142287 142293 142284 142281 142288 240043 211590 149243 240036 211603 149259 250786 149240 211593 149247 
15 : 63696 142686 142688 142689 106652 63704 63707 63710 63691 232967 232968 106666 240506 106670 106671 
15 : 64677 143013 143012 143010 124910 64698 64695 64693 64676 254012 248897 124928 248896 124925 124923 
15 : 83104 28604 143048 127339 143050 28597 83108 83102 83114 28607 28602 28617 127344 190808 127353 
15 : 143714 143711 143710 143709 143705 258061 257929 247782 146468 257926 247779 146464 247778 146463 146456 
15 : 130818 144064 144051 144056 144046 130837 130824 130833 130820 197516 251518 150381 197508 150359 150370 
15 : 111753 144159 144152 57040 144146 111773 111764 57039 111755 239522 57066 157118 57057 157111 57044 
15 : 144598 144612 56559 144608 144601 147437 56560 147434 147425 56580 250888 169018 56575 56562 169013 
15 : 105651 55863 144673 144678 144681 55860 105652 105653 105658 55864 55870 55876 146516 146522 181825 
15 : 145220 66888 57542 93662 31122 66902 57553 93680 31137 57537 66886 31114 57540 31110 31118 
15 : 145359 145353 20171 145349 145360 203612 20189 171500 251456 20180 171492 203618 20177 20194 171505 
15 : 146393 146391 146392 146397 146396 201513 206899 208746 208743 201512 201517 201514 206904 206901 228728 
15 : 50910 143094 24189 146484 146487 50909 24184 50919 50925 24188 143101 143106 24198 24203 215091 
15 : 142002 100782 9789 105892 146790 100780 9788 105891 142016 9782 100777 100802 9784 9814 105915 
15 : 146824 146812 129019 146823 146827 159563 129043 250521 255804 129021 159562 159566 129041 129044 250523 
15 : 5883 146894 146889 146885 76264 5894 5890 5886 5877 245588 191579 76293 191571 76279 76270 
15 : 147313 147314 133357 147328 44245 150029 133358 150045 44246 133359 153106 44247 133377 44244 44270 
15 : 147640 147650 23827 147651 147652 150209 23828 150210 150211 23839 222847 222848 23840 23842 226825 
15 : 49857 148154 148152 148155 148151 49869 49865 49870 49864 250711 263758 243032 250713 243023 243035 
15 : 7466 148893 46166 148891 148892 7477 7459 7471 7472 46182 222726 229486 46177 46179 222719 
15 : 150003 88838 38330 150005 150000 88859 38348 264165 262395 38323 88861 88856 38350 38346 262396 
15 : 150201 150199 127637 150197 150195 255426 127661 253313 238912 127657 253308 238908 127656 127649 238906 
15 : 150827 103305 150825 150824 150822 103320 226514 225645 162424 103317 103316 103307 225638 162418 162417 
15 : 81877 150988 150973 150971 75859 81899 81887 81885 75853 212054 206852 75891 206831 75870 75868 
15 : 151008 151007 59300 151010 151014 184430 59306 189571 189574 59304 184433 184436 59307 59310 204912 
15 : 151376 151382 151380 151379 39052 167083 167079 167078 39055 210522 195055 39067 195050 39061 39059 
15 : 139191 151739 151737 151748 83647 139198 139193 139207 83646 195104 217711 83659 195115 83653 83672 
15 : 151806 17541 151807 151804 151805 17546 180345 172488 177647 17547 17543 17545 172489 177648 172487 
15 : 14144 152454 152450 152456 80807 14158 14152 14160 14141 200786 233459 80826 200789 80820 80828 
15 : 153073 153071 153065 34578 95893 258408 200225 34597 95916 200221 34590 95912 34583 95898 34570 
15 : 153174 115224 153172 57591 153168 115241 263328 57616 242875 115239 57587 115235 57614 242872 57607 
15 : 153196 153180 153186 153195 153192 173863 211320 262393 237425 173845 173862 173853 211319 211315 237424 
15 : 16713 153339 153336 153338 153345 16718 16715 16716 16730 183859 202576 224356 183857 183872 202590 
15 : 67670 153461 79721 153460 153467 67688 67667 67684 67692 79735 242347 254418 79730 79743 242353 
15 : 27110 154219 154229 154231 154217 27115 27126 27128 27111 198727 198729 166711 257946 166725 166727 
15 : 155254 125236 155263 155264 155260 125239 186465 186466 186463 125249 125250 125246 254896 236488 236489 
15 : 156079 156071 156078 135339 7976 222237 264437 135360 8003 222235 135348 7986 135359 8001 7975 
15 : 156739 156732 156738 65425 156725 250440 261732 65442 199958 250439 65437 199951 65441 199957 65430 
15 : 157163 157170 157167 130052 35261 222384 222375 130065 35269 236825 130075 35284 130069 35276 35255 
15 : 158955 59560 128459 158956 117125 59577 128477 262546 117147 59557 59578 59556 128478 117121 117148 
15 : 159162 159145 58749 159157 159160 185908 58777 260321 263669 58755 185903 185905 58773 58775 260316 
15 : 29617 62325 159169 159176 159170 29611 29620 29630 29622 62330 62339 62332 219219 219208 226063 
15 : 159635 159640 159644 159634 159636 245436 245441 239038 245434 260854 239045 248310 239050 248316 239039 
15 : 159776 58686 159781 159777 133180 58695 232561 232556 133189 58706 58696 58682 233297 133197 133190 
15 : 36437 159861 159865 159851 159863 36450 36455 36438 36452 252832 187185 252827 187196 256719 187188 
15 : 159954 159944 146029 99551 47077 202469 146049 99576 47105 146034 99557 47088 99549 47075 47069 
15 : 160259 160264 160265 160254 160261 211787 211789 161638 211781 259414 161650 236149 161653 236153 161642 
15 : 61636 160405 157643 160410 14671 61649 61635 61651 14660 157647 223654 14681 157657 14670 14689 
15 : 160720 160711 42602 160451 159592 237178 42621 160472 159614 42613 160462 159603 42601 42600 159591 
15 : 160912 156741 160918 160920 40460 156749 203112 203114 40468 156753 156756 40458 231928 40473 40477 
15 : 161850 161852 161853 161020 161863 218850 218853 161027 218858 229709 161030 229713 161032 242024 161038 
15 : 89579 162278 141849 8022 28484 89591 89576 8012 28474 141861 8043 28505 8018 28480 8008 
15 : 162356 162366 46481 162364 162354 203899 46488 203898 201774 46500 248607 201785 46499 46487 201783 
15 : 144067 92948 162771 142239 162776 92944 144072 142236 144078 92960 92943 92964 142251 217726 142255 
15 : 140492 162965 162967 162962 162961 140506 140508 140505 140504 256470 241935 240783 241937 240785 240782 
15 : 10401 163175 163169 27686 163168 10419 10411 10393 10410 252808 27708 241181 27701 241176 27698 
15 : 130526 163582 109346 163593 163590 130532 109342 130543 130539 109352 217087 217085 109369 109364 256134 
15 : 163960 125567 163969 163971 163961 125573 227882 227883 227877 125580 125581 125574 257017 231583 231587 
15 : 163982 163981 163987 163977 109215 253558 255739 223844 109241 253563 223842 109237 223848 109246 109225 
15 : 137000 164093 164082 1300 164086 137014 137002 1299 137007 181894 1315 213310 1301 181886 1303 
15 : 9516 164818 164816 164811 87287 9530 9527 9521 9510 246540 207648 87309 207646 87305 87297 
15 : 143659 44502 165554 165547 83397 44499 143667 143661 83394 44513 44507 44493 221401 83412 83404 
15 : 165949 113320 165942 136905 93145 113333 209004 136918 93166 113322 113317 93141 136907 93154 93144 
15 : 108579 159889 166017 166022 88872 108577 108584 108592 88863 159893 159907 88871 187090 88877 88889 
15 : 166324 166334 166336 166326 59890 200465 200466 200460 59894 254285 219414 59902 219417 59903 59896 
15 : 166385 166386 166389 166390 105391 244335 244339 244343 105403 250298 250299 105405 264186 105409 105412 
15 : 145990 82642 112142 157200 166399 82636 112139 145989 146002 82634 82639 82653 112140 112155 157215 
15 : 20993 166484 166481 18024 166489 21002 21001 18010 21010 244936 18037 257770 18032 244945 18047 
15 : 167265 167260 59405 119315 39353 170841 59413 119326 39366 59406 119316 39354 59402 39343 39349 
15 : 167361 167359 167354 46895 167362 246661 202460 46912 251274 202458 46910 246662 46903 202461 46913 
15 : 84135 167658 167652 52227 167654 84150 84145 52218 84146 247165 52249 250973 52241 247162 52242 
15 : 36042 130936 168038 143885 168034 36037 36060 36040 36053 130952 130933 130947 143903 231891 143894 
15 : 69942 18938 168147 168148 168142 18930 69954 69956 69944 18951 18952 18941 227299 192747 192748 
15 : 163737 168356 168354 16828 168348 163748 163744 16827 163740 230588 16844 196227 16842 196223 16834 
15 : 168758 101414 168756 168762 168766 101419 173818 195330 195337 101416 101424 101432 173826 173838 238209 
15 : 86855 138734 169166 169159 169161 86852 86864 86859 86861 138746 138738 138742 221203 235186 221197 
15 : 169331 169325 37004 163130 65152 216844 37016 163144 65170 37006 163134 65159 37003 36994 65151 
15 : 169700 158048 169691 96609 169695 158065 195737 96627 250583 158051 96607 158059 96612 195731 96618 
15 : 170050 170051 170052 170053 170046 241042 241048 241050 185611 246778 246779 185614 257063 185618 185619 
15 : 133046 170553 170563 170558 65687 133051 133063 133055 65680 242807 242799 65696 251884 65709 65700 
15 : 170708 170710 170698 121392 170701 248296 222178 121411 226235 222180 121415 226240 121399 222172 121401 
15 : 132563 75108 108507 170756 170751 75101 108504 132578 132573 75095 75117 75116 108521 108517 234137 
15 : 170814 155620 170818 52500 123324 155621 176858 52501 123325 155625 52498 123322 52505 123328 52491 
15 : 91279 170922 170920 170910 170908 91300 91299 91289 91283 263518 219437 191532 219436 191530 191517 
15 : 171028 171040 171042 171033 118320 196348 196349 196341 118324 258922 229547 118336 229549 118338 118329 
15 : 171463 171457 171468 171470 171455 206920 227823 227825 176102 206924 206927 176099 258941 176107 176110 
15 : 72337 171739 145062 51940 171741 72346 72329 51929 72347 145072 51952 231828 51935 145074 51954 
15 : 172449 172440 144899 172450 172441 188486 144909 236792 194712 144901 188487 188481 144911 144902 194713 
15 : 172732 91434 77588 4460 172734 91452 77604 4474 248270 77580 4450 91453 4449 77606 4476 
15 : 172813 137734 6233 166601 172822 137736 6236 166603 191109 6229 137733 137755 6232 6251 166624 
15 : 173456 173449 139884 173454 22325 217657 139897 262065 22342 139886 217655 22329 139896 22320 22340 
15 : 173633 173631 173626 13427 36171 258314 199771 13443 36190 199767 13439 36186 13430 36175 13414 
15 : 172259 73843 48551 173712 173711 73841 48550 172265 172264 48546 73850 73849 48560 48559 209064 
15 : 173901 173905 173900 173904 173897 195717 191007 195715 175641 191014 208834 175650 191011 175640 175647 
15 : 174440 174431 140989 113929 133990 174497 141007 113947 134010 140990 113930 133991 113924 133984 113922 
15 : 169642 174828 174821 174824 174831 169654 169643 169651 169661 175213 231267 246338 175211 175219 231275 
15 : 177024 177016 177021 119176 92480 225393 253508 119191 92498 225388 119184 92489 119187 92495 92477 
15 : 177479 132919 9408 177484 177483 132925 9416 247852 247851 9404 132932 132931 9421 9420 261414 
15 : 111034 178038 178034 161236 178035 111047 111038 111032 111040 226587 161255 249489 161243 226577 161249 
15 : 73230 178141 178131 178138 25760 73240 73233 73239 25750 192731 244538 25777 192728 25765 25774 
15 : 178357 178347 170108 88613 178346 190778 170122 88629 185708 170111 88616 185692 88610 170110 88615 
15 : 178412 149000 178408 178414 87579 149011 206907 256185 87596 149001 149015 87575 206909 87583 87597 
15 : 179641 89216 179638 62769 179644 89222 201901 62774 242523 89218 62759 89226 62770 201906 62777 
15 : 121312 179655 179656 67882 179651 121321 121322 67876 121317 248907 67894 228068 67895 228069 67886 
15 : 171047 156744 22570 180172 117697 156743 22568 171051 117696 22567 156750 117692 22577 22562 117704 
15 : 126044 180267 167297 131393 167403 126052 126041 126034 126042 167312 131403 167419 131388 167293 131389 
15 : 180576 180580 180581 178922 180571 235934 235935 178937 212606 257462 178945 212616 178947 212618 178929 
15 : 180772 95183 180770 19569 180771 95195 225581 19583 233059 95192 19560 95194 19579 225579 19581 
15 : 180853 180847 180859 168706 180855 204715 241518 168720 241510 204722 168712 204716 168729 244502 168723 
15 : 87134 181403 121502 152397 181404 87141 87128 87130 87142 121511 152408 247638 121498 121512 152409 
15 : 54873 147104 181534 181535 181529 54865 54887 54888 54880 147115 147116 147110 262984 243759 243760 
15 : 7345 181589 181588 5631 181591 7352 7349 5610 7357 241151 5644 249616 5641 241155 5646 
15 : 181713 141946 181718 125520 181719 141951 244787 125529 244788 141958 125513 141959 125536 259055 125537 
15 : 67991 182545 89001 182549 182544 68002 67985 68005 67998 89015 244033 221091 89019 89012 221098 
15 : 156009 182820 50442 108767 164124 156012 50437 108763 156007 50448 108771 164130 50435 50438 108764 
15 : 28272 145672 182896 182898 182897 28269 28281 28284 28283 145684 145686 145685 255908 255906 261249 
15 : 183071 161804 158200 183062 78130 161818 158218 202506 78148 158198 161809 78128 158207 78127 78136 
15 : 183902 20773 99748 183899 183896 20787 99765 232732 218813 20766 20781 20777 99761 99756 218806 
15 : 183991 146407 183984 183992 183983 146421 228201 263902 211977 146416 146424 146412 228205 211962 211982 
15 : 70329 184085 184073 184082 184078 70343 70330 70341 70339 192901 261773 260197 192896 192892 260195 
15 : 178527 113293 66054 161335 184305 113292 66053 161334 178538 66045 113290 113311 66049 66072 161351 
15 : 184628 84574 184627 54807 184631 84590 242463 54820 246454 84589 54797 84595 54819 242467 54824 
15 : 106359 27727 185829 62094 185833 27719 106366 62087 106368 27734 27715 27736 62101 231007 62103 
15 : 74559 61785 173548 185878 79187 61776 74558 74570 74553 61783 61805 61777 173566 79186 79205 
15 : 3045 185962 76370 90711 41416 3047 3031 3032 3029 76376 90714 41419 76357 41396 41397 
15 : 185978 185976 40627 69977 39056 239916 40636 69990 39070 40635 69988 39068 40619 39042 39046 
15 : 138718 29778 186078 186072 22140 29770 138731 138722 22131 29792 29782 22120 233970 22159 22148 
15 : 95443 187328 187330 187333 165095 95445 95448 95456 95440 221316 221322 165102 244309 165111 165114 
15 : 66086 187428 187435 184260 158145 66093 66101 66085 66082 238944 184270 158156 184277 158164 158143 
15 : 187462 76888 187458 11369 187463 76901 196712 11385 261171 76891 11354 76902 11370 196714 11389 
15 : 188258 21655 188250 188249 164125 21665 194569 190962 164138 21657 21656 21652 190957 164127 164126 
15 : 188392 3788 188384 188387 188382 3807 210969 247032 196884 3795 3804 3790 210965 196871 196881 
15 : 88400 188739 12964 188738 188748 88409 12951 88405 88415 12969 210378 230746 12967 12977 210384 
15 : 188926 188924 188927 168489 63774 230567 245497 168500 63788 230570 168496 63786 168505 63791 63772 
15 : 189250 189245 173768 189244 189241 230687 173785 227849 190094 173776 227839 190083 173775 173769 190082 
15 : 142586 189538 103671 141487 55379 142595 103665 141481 55371 103681 141497 55394 103664 55364 55370 
15 : 189929 175586 76403 189933 148664 175589 76406 205038 148669 76400 175598 148663 76416 76397 148680 
15 : 189942 189951 189949 189947 189946 203598 203597 203596 203595 253588 249366 238743 249362 238741 238739 
15 : 17092 52538 190193 190188 190196 17081 17102 17097 17108 52549 52544 52553 234271 253005 234279 
15 : 26939 134160 190490 144301 109580 26935 26940 26936 26932 134161 134155 109572 144302 109581 109574 
15 : 8993 190760 173330 190765 139811 8998 8990 9000 8988 173336 234225 139815 173340 139807 139820 
15 : 190926 190922 71477 190921 125644 211636 71488 211377 125653 71485 211373 125650 71484 71470 125649 
15 : 157039 45934 191242 146033 46900 45929 157044 146028 46893 45940 45928 45917 146042 46908 46891 
15 : 182375 191296 133540 185761 139950 182382 133538 182374 139947 133553 185770 139963 133539 133535 139949 
15 : 76640 102661 169199 60680 114659 76629 76635 60665 76630 102658 60668 102649 60676 114657 60670 
15 : 191622 191627 72127 191619 122399 227521 72132 204214 122404 72140 204223 122415 72129 72117 122402 
15 : 191726 191740 191734 191746 191735 205193 205189 205198 205190 242183 252985 243438 242188 242177 243445 
15 : 192206 153710 192207 192212 127896 153712 203338 203341 127900 153713 153718 127890 209765 127901 127913 
15 : 192391 192387 183362 183447 85126 236290 183373 183461 85138 183370 183456 85134 183361 85124 85125 
15 : 192546 192549 192545 32441 192540 237502 230887 32452 194550 230892 32457 194557 32451 194548 32442 
15 : 192687 62184 192688 156033 192689 62190 221501 156038 221502 62192 62180 62193 156039 234831 156041 
15 : 193029 110416 193042 193036 193031 110417 202055 202045 202041 110432 110423 110419 249998 218087 218079 
15 : 193132 193144 5791 193141 193136 241124 5800 241122 241117 5811 262107 251260 5809 5803 251256 
15 : 193375 64366 189623 193364 67053 64383 189644 193432 67074 64365 64367 64347 189624 67052 67054 
15 : 19645 193447 52504 193445 193443 19660 19638 19658 19648 52518 256342 214685 52516 52507 214684 
15 : 193675 125364 193670 193677 193676 125374 225001 253351 253349 125369 125382 125376 225011 225009 262605 
15 : 63549 86613 194005 178562 122756 63540 63562 63545 63541 86623 86611 86608 178573 122773 122753 
15 : 38302 194092 85479 194093 188106 38306 38290 38307 38301 85485 224139 188111 85486 85478 188112 
15 : 194179 177526 93087 194183 194174 177539 93105 260310 221835 93086 177544 177532 93109 93092 221841 
15 : 187145 62879 78261 194598 120154 62876 78259 187146 120153 62867 62882 62868 78264 78251 120157 
15 : 194762 101793 8420 136436 43039 101794 8421 136437 43040 8410 101785 43030 8413 8404 43032 
15 : 20869 195079 44051 71611 195076 20879 20861 20864 20875 44061 71621 241837 44043 44059 71615 
15 : 30744 56003 78370 195161 195156 30731 30736 30758 30746 55992 56015 56005 78383 78371 210589 
15 : 195253 195257 14785 104654 195252 238621 14793 104659 226573 14802 104664 226582 14780 14791 104657 
15 : 178674 195402 195411 185332 195403 178679 178689 178672 178680 213092 185338 213083 185355 218551 185339 
15 : 182561 114028 119179 114400 195549 114027 119177 114399 182562 114022 114019 114034 114393 119183 114408 
15 : 196098 196090 196094 15102 35748 221585 255881 15119 35767 221579 15104 35752 15114 35760 15088 
15 : 86857 58571 196337 196330 196335 58558 86869 86858 86863 58583 58572 58578 199566 239642 199559 
15 : 168575 197094 197089 197085 197087 168590 168587 168581 168583 249698 225954 232324 225950 232315 225943 
15 : 85096 33317 88363 197552 3376 33306 85090 85104 3367 33307 33327 3364 88374 3368 3390 
15 : 197793 197784 197787 59175 197795 211041 244026 59189 263936 211035 59177 211042 59185 244027 59192 
15 : 198216 161694 198213 18605 59893 161703 263404 18622 59911 161699 18601 59888 18619 59906 18593 
15 : 22388 142202 198284 24236 22144 22384 22389 22372 22118 142204 24225 22133 24238 22145 22119 
15 : 117644 22854 198604 198606 103793 22848 117646 117647 103781 22856 22858 22847 208599 103794 103797 
15 : 198663 198661 198668 198662 198665 241952 244448 242364 244439 241961 241951 241956 242375 252247 242365 
15 : 198751 198758 198757 198752 141551 226797 226796 226789 141557 261018 230482 141572 230481 141571 141558 
15 : 26768 199010 199005 183450 199011 26776 26773 26767 26777 236335 183466 263435 183457 236339 183470 
15 : 199084 199088 199085 152265 47938 258476 258472 152271 47955 259270 152279 47964 152274 47958 47931 
15 : 199384 199380 82486 199383 199387 215649 82497 235100 241784 82490 215647 215655 82495 82504 235104 
15 : 6673 199410 178887 199417 199414 6676 6672 6690 6686 178890 221963 221958 178907 178904 251204 
15 : 200110 200115 200118 29594 63890 239861 239863 29599 63899 255657 29605 63907 29608 63910 29579 
15 : 201041 171695 52541 18980 86278 171705 52546 18991 86289 52532 18974 86274 18964 52524 18967 
15 : 201261 201263 128394 122066 160029 206005 128396 122068 160031 128400 122071 160038 122057 128390 122059 
15 : 118131 114661 69981 201334 201333 114651 69970 118143 118142 69969 114679 114678 69998 69997 262993 
15 : 198830 201415 187832 198974 201408 198841 187829 198829 198835 187849 198989 231743 187830 187838 198980 
15 : 56275 201593 201596 201591 201592 56280 56283 56278 56279 226497 219404 225637 219406 225640 219403 
15 : 126838 10494 201607 192020 201604 10488 126855 126836 126841 10508 10493 10496 192030 210753 192021 
15 : 201803 49812 201804 201802 154684 49818 240353 220799 154690 49826 49815 49808 220804 154699 154686 
15 : 201894 201879 201887 95640 177652 208091 244367 95658 177666 208085 95641 177653 95649 177660 95637 
15 : 201965 201971 6401 201970 31550 232825 6405 232823 31555 6413 253057 31564 6412 6381 31563 
15 : 202037 40654 20926 202034 202038 40665 20932 232838 243278 20910 40660 40666 20929 20933 232839 
15 : 202193 109219 202183 169002 202187 109247 235789 169025 254541 109228 109217 109238 169009 235780 169015 
15 : 202325 202324 173819 161561 202323 255576 173833 161580 241606 173830 161574 241604 161556 173828 161571 
15 : 139427 66484 202521 31587 106294 66478 139441 31578 106285 66497 31570 66474 31604 106308 31574 
15 : 177529 4341 202647 202644 194319 4338 177541 177536 177527 4357 4352 4340 252799 194343 194336 
15 : 202688 114270 202692 202689 202691 114274 221595 221589 221591 114284 114276 114280 227040 237223 227038 
15 : 109766 202793 202805 202796 202795 109767 109775 109770 109769 214288 214285 214284 238157 229874 229864 
15 : 203006 203005 203004 203002 173232 247857 229129 205952 173245 229126 205948 173242 205940 173237 173233 
15 : 193398 108715 203086 203083 203081 108714 193411 193407 193404 108728 108722 108718 243258 231679 231674 
15 : 20621 203559 99752 105255 203564 20622 20611 20612 20626 99753 105256 204115 99740 99757 105260 
15 : 150838 12428 73918 150690 172407 12422 73911 150683 150833 12415 12421 12424 73910 73913 150686 
15 : 204775 204767 204769 204766 204770 238563 240801 223786 242334 238552 223771 238553 223774 240788 223775 
15 : 135102 204971 204966 204964 204969 135115 135111 135104 135114 259424 227175 262976 227171 259420 227173 
15 : 201416 59538 190558 205017 205030 59537 190557 201417 201428 59535 59539 59551 190559 190576 206828 
15 : 205098 205093 91072 127106 87450 240834 91087 127121 87467 91080 127115 87460 91064 87437 87441 
15 : 205101 205102 205100 147793 101194 228000 218849 147798 101200 218851 147801 101203 147795 101196 101187 
15 : 164669 205232 205234 205231 204973 164678 164679 164677 164668 259789 258533 204988 258534 204990 204987 
15 : 171136 150390 205318 205323 205324 150385 171140 171145 171146 150395 150408 150409 223258 223259 258012 
15 : 205535 205542 205539 153548 205537 229347 229342 153553 229340 245065 153568 240427 153557 240415 153556 
15 : 133595 189476 206120 15588 109969 133593 133596 15577 109960 189484 15585 109967 15594 109979 15573 
15 : 206258 206268 206266 206265 206262 211029 211027 211024 211020 264658 264347 250665 264344 250664 250662 
15 : 34515 206337 122548 86529 98581 34533 34509 34506 34507 122565 86546 98599 86522 98573 86517 
15 : 141614 206565 5943 206559 46204 141627 5935 141624 46195 5962 261389 46224 5957 5929 46218 
15 : 206630 206626 206637 120158 206638 207138 233565 120166 233567 207144 120159 207150 120174 259617 120175 
15 : 206648 164859 206639 10718 128147 164870 210657 10728 128160 164861 10716 128144 10719 128148 10712 
15 : 206649 154134 206642 206651 206646 154147 219009 252754 242599 154139 154151 154144 219011 219005 242603 
15 : 206655 87237 206665 125731 131395 87239 233045 125733 131396 87248 87226 87228 125747 131407 125723 
15 : 206775 190624 201448 206773 206771 190630 201460 247468 235280 190622 190629 190627 201457 201452 235276 
15 : 108062 47308 102545 3731 14828 47297 102533 3719 14813 47296 3716 14809 3718 14812 3712 
15 : 100655 207961 207959 186836 207960 100670 100666 100652 100669 255364 186849 264214 186845 255363 186848 
15 : 208119 208118 164198 208126 93535 214951 164200 218384 93537 164199 214959 93536 164214 93526 93549 
15 : 163319 88073 208294 208301 34845 88069 163323 163330 34842 88076 88083 34834 237693 34853 34864 
15 : 208454 208460 68328 167275 208456 242296 68332 167281 242290 68345 167292 249009 68320 68336 167285 
15 : 88570 208545 208540 208539 40825 88583 88575 88574 40812 234143 233519 40841 233513 40833 40832 
15 : 150482 77335 204484 202978 208580 77325 150479 150478 150486 77333 77332 77340 202976 204489 202984 
15 : 194849 208803 188950 82000 208806 194850 188948 81998 194855 188951 82001 213015 81997 188955 82009 
15 : 52649 209105 209110 100811 209103 52659 52665 52639 52658 252884 100825 250230 100832 250237 100823 
15 : 209253 150252 20216 209250 209255 150256 20224 226379 233173 20209 150253 150260 20219 20228 226384 
15 : 94502 209452 209451 209455 209458 94506 94504 94510 94513 214082 220838 220842 214089 214091 253806 
15 : 18794 178677 210086 197919 210090 18790 18795 18792 18802 178678 178675 178684 197920 211087 197930 
15 : 137718 36928 210132 210128 207845 36916 137725 137719 137717 36934 36932 36927 230698 207856 207848 
15 : 211714 15140 211712 211717 31270 15146 218267 233052 31276 15143 15150 15124 218271 31274 31280 
15 : 208992 211886 211895 108112 211891 208997 209007 108109 209001 238547 108120 238545 108130 256476 108126 
15 : 205317 179395 32446 211993 211995 179393 32444 205321 205322 32440 179403 179404 32455 32459 251079 
15 : 176709 52054 48499 212565 212562 52048 48493 176718 176712 48481 52062 52058 48509 48504 230637 
15 : 124311 88593 212859 212858 212857 88588 124318 124315 124313 88601 88597 88595 220321 214461 214456 
15 : 208042 212927 212930 212923 143028 208049 208050 208044 143027 257722 222141 143039 222146 143042 143030 
15 : 195163 30693 70128 213207 130171 30691 70126 195172 130170 30681 30701 30685 70136 70120 130184 
15 : 213268 213269 130916 135130 106055 233600 130920 135134 106062 130921 135135 106063 130907 106045 106046 
15 : 213275 145799 213277 60500 213265 145812 263058 60522 215052 145813 60495 145800 60524 215057 60501 
15 : 213332 213330 18064 27892 209478 242590 18072 27897 209488 18066 27894 209485 18048 18062 27889 
15 : 213519 213522 213524 213525 67920 234945 234946 234947 67923 241263 241264 67928 251336 67929 67930 
15 : 213929 213926 213931 143761 167801 238893 250632 143767 167810 238899 143764 167807 143771 167814 143754 
15 : 214310 214294 3422 180917 214308 222203 3439 180936 261623 3425 180922 222201 3417 3438 180933 
15 : 214510 214509 203989 72795 189899 215591 203991 72797 189901 203990 72796 189900 72793 189898 72791 
15 : 214947 83503 214943 176987 99426 83513 234901 177001 99437 83508 83500 83491 176994 99432 99420 
15 : 162749 215346 215343 215342 139278 162757 162752 162750 139269 226319 216803 139292 216793 139282 139279 
15 : 16907 216174 59309 216171 216173 16917 16899 16911 16916 59317 222269 238685 59312 59316 222268 
15 : 136934 163537 161832 33773 167586 136927 136926 33757 136928 161826 33766 163534 33765 161827 33768 
15 : 204199 216311 203671 171220 216312 204206 203669 171219 204207 203679 171229 257476 171218 203681 171230 
15 : 216757 2641 216765 144858 135906 2642 221597 144860 135908 2649 2633 2632 144866 135917 135896 
15 : 113246 217432 162005 217434 106296 113247 113241 113252 106280 162010 242408 106301 162017 106287 106307 
15 : 218107 218108 185096 76679 127220 246050 185101 76685 127226 185102 76687 127228 76673 127212 76663 
15 : 76030 218280 218278 215144 212288 76037 76035 76029 76028 261539 215155 212308 215152 212301 212287 
15 : 218568 158887 197755 63235 218575 158888 197756 63236 220801 158884 63229 158897 63233 197764 63243 
15 : 48797 153930 62810 187344 218839 48790 48787 48795 48799 62797 153926 153932 62806 62814 187346 
15 : 16746 213007 218901 218899 218897 16743 16755 16754 16749 213020 213014 213011 257508 239431 239427 
15 : 137029 219159 219160 219158 23190 137047 137048 137046 23180 264708 264308 23206 264309 23208 23205 
15 : 146539 219177 219186 3734 153376 146544 146553 3720 146530 249795 3741 153388 3748 153396 3722 
15 : 219775 219779 54308 167080 219780 236244 54312 167084 236248 54314 167087 243158 54304 54317 167088 
15 : 61240 21873 28764 38070 219845 21857 28748 38052 61249 21853 21855 21882 28746 28775 38081 
15 : 86149 194205 220048 220046 220049 86146 86159 86157 86160 194218 194215 194220 258384 262621 258385 
15 : 220096 220105 220104 220102 220101 224950 224949 224948 224946 244973 240908 239337 240906 239336 239334 
15 : 220299 220307 220304 220294 220302 247150 247148 222636 247145 262403 222643 253730 222640 253728 222638 
15 : 211868 25914 220961 220965 220959 25913 211877 211881 211869 25919 25924 25916 237774 223573 223582 
15 : 74627 71204 29361 220984 220977 71189 29345 74637 74628 29344 71215 71207 29374 29364 233251 
15 : 221567 92802 143006 190863 102447 92812 143014 190876 102457 92794 92799 92788 143002 102436 102442 
15 : 222678 163996 209112 222675 185173 164009 209127 264282 185189 163993 164007 163991 209124 185170 185187 
15 : 222825 208671 204335 222823 137971 208675 204339 230135 137975 204332 208673 137967 204337 137966 137972 
15 : 222894 155399 222892 206816 86533 155404 230832 206819 86538 155401 155395 86525 206818 86535 86530 
15 : 223043 221572 223045 223037 223042 221586 264082 234447 261717 221587 221576 221584 234449 261720 234442 
15 : 223281 200914 215239 123475 138214 200920 215244 123481 138221 200909 123469 138206 123473 138210 123459 
15 : 54046 223414 123636 172496 223415 54052 54036 54039 54054 123639 172503 255423 123625 123640 172505 
15 : 223708 155187 223699 132755 223709 155201 239830 132765 261543 155191 132747 155202 132759 239831 132767 
15 : 223798 145677 63200 118853 121264 145682 63206 118859 121273 63192 118840 121249 63187 63189 118835 
15 : 66868 223957 166669 57016 223950 66881 66862 57001 66871 166685 57032 237328 57009 166674 57020 
15 : 85844 151835 224052 101197 224047 85838 85859 85835 85853 151850 101188 151846 101217 262203 101214 
15 : 224318 170372 224313 167720 55096 170380 240744 167727 55109 170374 167710 55088 167721 55101 55087 
15 : 224551 224544 145304 164391 176798 225998 145319 164407 176816 145305 164392 176799 145297 145298 164385 
15 : 224570 19982 224566 102902 199854 19995 256838 102915 199870 19989 19977 19981 102910 199864 102897 
15 : 217576 225197 82492 225194 206751 217585 82491 217582 206750 82503 249406 206764 82500 82488 206760 
15 : 225284 179822 102973 86944 225282 179829 102983 86952 236500 102964 86932 179824 86925 102978 86947 
15 : 225498 210278 216976 465 225496 210285 216988 474 260120 210277 462 210284 463 216986 471 
15 : 225725 225727 122895 18303 220331 230125 122896 18304 220333 122902 18310 220339 18294 122894 18302 
15 : 225743 180802 225732 207867 198080 180816 236647 207884 198095 180804 180799 180798 207871 198081 198078 
15 : 225744 225735 225733 225739 209774 238844 236781 254907 209791 236772 238838 209777 236776 209776 209782 
15 : 22634 889 92120 211814 225835 866 22625 22632 22638 874 886 893 92115 92121 211817 
15 : 59287 184813 64374 197193 210312 59279 59271 59283 59286 64362 184807 184809 64368 64371 197189 
15 : 186965 226324 162137 202982 226328 186966 162128 186962 186973 162139 202983 227304 162131 162148 202988 
15 : 224152 199619 226738 226730 226737 199618 224162 224154 224161 199632 199627 199631 252528 263115 252527 
15 : 188471 226891 111264 135798 122668 188477 111258 135791 122657 111272 135810 122679 111251 111249 122648 
15 : 146938 159653 200609 14366 227010 146929 146932 14350 146939 159648 14354 159655 14360 200610 14367 
15 : 227065 201915 22294 227060 227066 201922 22302 250384 257016 22290 201919 201925 22300 22303 250385 
15 : 56826 227112 227116 227108 227114 56832 56837 56830 56833 253919 243708 253918 243713 255854 243710 
15 : 227156 227158 39031 111015 6280 250018 39034 111020 6287 39040 111028 6294 39019 6260 6268 
15 : 227908 83130 227912 227916 101199 83132 241355 241358 101204 83139 83143 83122 259912 101213 101215 
15 : 212428 15715 161536 128818 228167 15711 161534 128815 212429 15706 15703 15719 128810 161541 128825 
15 : 139799 172186 223892 224168 131538 139787 139796 139797 131522 172184 172185 131528 223890 131535 131536 
15 : 34031 228485 82085 228477 168225 34043 34015 34036 34026 82096 242737 168239 82087 82073 168228 
15 : 160551 30087 214613 220010 228604 30073 160547 160549 160556 30084 30086 30095 214609 214625 220021 
15 : 229453 108612 150147 229460 206521 108613 150149 232072 206522 108600 108628 108609 150163 150140 206543 
15 : 53112 215717 131668 203131 65951 53109 53101 53106 53095 131664 203128 65949 131661 65936 65947 
15 : 230306 165334 89061 28921 230309 165335 89062 28922 230629 89055 28914 165343 28906 89070 28931 
15 : 230433 22926 38341 227089 101824 22936 38351 227097 101835 22905 22923 22907 38340 38325 101822 
15 : 230618 202062 25424 230613 130626 202073 25434 256107 130640 25417 202069 130619 25429 25411 130633 
15 : 137699 230736 103421 201469 200946 137713 103412 137695 137694 103436 201483 200962 103416 103415 200938 
15 : 230909 230913 63490 230915 152 257910 63498 257911 164 63501 262262 168 63503 129 170 
15 : 231657 2278 231654 119298 231655 2282 250438 119308 255290 2279 2267 2280 119300 250436 119301 
15 : 200432 98339 53078 232225 232221 98334 53073 200442 200439 53066 98354 98351 53091 53086 256477 
15 : 160650 78270 208199 232415 228207 78257 160645 160657 160649 78266 78281 78268 208212 208197 228221 
15 : 232507 162787 232510 75744 232512 162790 238722 75745 238725 162794 75733 162796 75748 251007 75751 
15 : 187738 232538 7159 217275 35755 187747 7151 187735 35746 7169 217286 35770 7154 7140 35750 
15 : 204620 4931 125419 232754 7719 4927 125417 204628 7715 4917 4939 4907 125428 7703 7730 
15 : 232940 195727 214023 124231 232939 195739 214040 124243 262466 195725 124222 195734 124224 214033 124239 
15 : 177891 233211 233209 151756 233210 177898 177894 151752 177896 248979 151765 252659 151761 248977 151763 
15 : 149798 233589 206985 233582 65984 149805 149794 149799 65974 206992 234848 65993 206986 65977 65985 
15 : 162527 234420 153381 234424 234421 162530 153369 162534 162531 153383 241579 241573 153389 153384 243024 
15 : 75658 90946 77201 162230 161567 75639 75637 75646 75645 77181 90933 90932 77188 77187 161554 
15 : 164474 71823 192275 78667 98208 71812 164469 78660 98195 71819 71801 71805 78663 98201 78653 
15 : 178339 231481 61244 174959 235053 178337 61234 174945 178342 61242 174957 231486 61233 61248 174961 
15 : 199140 235082 198563 17001 144961 199142 198560 16997 144952 198570 17005 144966 16995 144951 16986 
15 : 235543 144369 6527 146093 51208 144370 6528 146094 51209 6515 144357 51192 6516 6510 51193 
15 : 235858 150609 133791 151682 225330 150618 133798 151696 225343 133778 150600 150607 133779 133789 151681 
15 : 196671 213215 236018 171546 7720 196669 196675 171536 7714 213224 171542 7718 171552 7731 7712 
15 : 28991 126414 214319 80827 236116 28981 28986 28979 28994 126408 80803 126420 80822 214324 80832 
15 : 53365 52799 9766 209707 72622 52780 9746 53361 53349 9745 52795 52782 9762 9749 72618 
15 : 10381 236663 91345 122433 31592 10387 10373 10377 10369 91353 122443 31600 91331 31572 31575 
15 : 135106 222228 236757 151440 91997 135103 135108 135095 91982 222230 151435 91992 151444 92001 91986 
15 : 236816 236817 193574 236811 137976 262900 193582 243464 137983 193584 243466 137987 193575 137963 137977 
15 : 77954 236840 11341 232020 192912 77959 11318 77953 77948 11344 232024 192915 11338 11329 192910 
15 : 186291 224088 236940 90947 210524 186289 186297 90935 186287 224095 90941 210519 90953 210531 90940 
15 : 179731 94016 237188 180220 159210 94007 179742 179725 159202 94027 94008 94005 180231 159223 159203 
15 : 118008 237340 237345 237351 206523 118011 118016 118021 118003 244214 244220 206528 253960 206535 206542 
15 : 50507 237549 237546 227783 62670 50519 50517 50503 50494 262782 227794 62683 227793 62680 62668 
15 : 238333 47661 238335 178079 125735 47662 243244 178080 125738 47664 47654 47645 178081 125740 125728 
15 : 238658 212233 112030 181375 33642 212244 112044 181390 33658 112024 181370 33639 112020 33628 33635 
15 : 96674 152794 235995 238670 238669 96661 96672 96682 96680 152791 152802 152800 236000 235999 256604 
15 : 17883 51842 97277 70413 238974 17864 17870 17867 17886 51827 51826 51846 70398 97279 70416 
15 : 146853 239497 28771 207853 239494 146860 28753 146849 146856 28778 207862 256608 28761 28774 207858 
15 : 239749 189962 70858 144218 238686 189970 70866 144225 238697 70851 144204 189961 70847 70857 144215 
15 : 204053 229983 217259 51627 239770 204049 204048 51622 204065 217254 51626 229991 51625 217270 51640 
15 : 240130 240126 101275 240125 151683 260276 101284 259918 151698 101281 259915 151693 101280 101265 151692 
15 : 170010 240211 149971 191665 94810 170018 149960 170003 94796 149977 191669 94815 149963 94794 94800 
15 : 233557 201993 78273 240249 129193 201989 78271 233561 129191 78263 201999 129183 78278 78254 129201 
15 : 133862 35008 240346 63900 69584 34996 133874 63884 69571 35014 34989 34990 63909 69594 63881 
15 : 68872 240450 237317 219940 240447 68879 68871 68867 68877 237331 219952 260711 219938 237327 219947 
15 : 2771 10891 205578 192592 220455 2751 2766 2765 2769 10885 10884 10889 192583 205575 192589 
15 : 185494 162605 166433 240634 235759 162596 166422 185501 185492 162593 162613 162603 166441 166432 235772 
15 : 240638 240640 240636 226287 228832 253298 249442 226293 228839 249446 226297 228847 226289 228834 226283 
15 : 240806 18344 42787 178798 165907 18352 42795 178807 165918 18324 18338 18335 42780 42778 165896 
15 : 220054 82761 229865 240953 240952 82753 220051 220062 220059 82756 82765 82764 229871 229869 254929 
15 : 112524 192317 37208 240995 241000 112522 37187 112525 112528 37203 192319 192323 37209 37215 251081 
15 : 241337 241342 79874 241340 89248 245857 79877 245851 89250 79887 256346 89267 79882 79860 89260 
15 : 193230 138569 241441 193825 241440 138561 193232 193225 193231 138572 138562 138571 193833 257351 193832 
15 : 130830 241623 73723 95611 193757 130832 73711 95597 130823 73724 95614 193759 73707 73718 95603 
15 : 94427 4676 230706 207719 77753 4661 94424 94421 77735 4673 4669 4659 207717 77750 77746 
15 : 242002 23565 241996 242004 223880 23570 251287 259239 223887 23566 23574 23562 251290 223884 223888 
15 : 242719 232138 238732 148105 39177 232144 238738 148114 39185 232136 148102 39171 148104 39173 39153 
15 : 242760 242762 37009 35875 161666 253830 37011 35877 161669 37014 35880 161671 35852 37001 35862 
15 : 242890 242891 242892 232465 77235 244070 244071 232466 77236 244563 232467 77237 232468 77238 77231 
15 : 105877 74654 164952 235567 222481 74641 105867 105875 105873 74644 74652 74647 164951 164946 222479 
15 : 243269 231105 243265 243266 243267 231115 247917 248158 260707 231108 231109 231114 247909 247915 248154 
15 : 243329 30118 146669 210582 236821 30121 146672 210584 236822 30103 30114 30116 146664 146666 210579 
15 : 44932 243623 171703 243626 139353 44935 44919 44937 44918 171707 252136 139357 171709 139340 139361 
15 : 243629 159577 75318 237468 243627 159582 75322 237472 248851 75303 159575 159580 75316 75320 237470 
15 : 94265 82979 243827 197266 243822 82965 94274 94259 94268 82988 82972 82982 197278 257131 197272 
15 : 244333 196147 78703 23987 244334 196151 78708 23991 262721 78690 23974 196152 23961 78710 23992 
15 : 126955 244597 10096 168617 115887 126957 10085 126947 115873 10102 168620 115891 10090 10083 115879 
15 : 212363 187664 244621 143336 244624 187661 212364 143334 212368 187665 143330 187667 143337 247332 143342 
15 : 244744 244736 171579 189487 222211 245413 171589 189495 222223 171580 189488 222212 171570 171575 189479 
15 : 143543 237161 244993 21406 244992 143541 143548 21385 143546 237163 21404 237162 21408 254776 21407 
15 : 245068 140951 14020 113460 201781 140962 14033 113469 201792 14007 113443 140945 14004 14013 113451 
15 : 245072 103998 91737 245070 54107 104005 91743 254337 54111 91723 104004 54085 91741 54084 54110 
15 : 235536 179667 122436 245256 196062 179665 122432 235540 196060 122424 179675 179660 122444 122427 196068 
15 : 243946 54727 245261 141322 56494 54725 243947 141321 56493 54728 54716 54711 141323 56495 56474 
15 : 31367 201243 134119 216509 174861 31362 31352 31364 31355 134112 201233 174853 134114 134106 174854 
15 : 143652 153209 245580 122380 245581 143638 143654 122367 143656 153213 122368 153216 122386 258841 122389 
15 : 67562 245608 154967 245613 145935 67563 67550 67569 67547 154968 246102 145936 154973 145914 145941 
15 : 107716 89360 245814 108254 11377 89346 107717 107705 11358 89362 89347 11355 108257 11381 11359 
15 : 149294 245820 133167 245822 99433 149296 133151 149301 99415 133172 259835 99439 133178 99411 99443 
15 : 162572 245901 202530 183460 245904 162574 162566 162563 162575 202532 183463 258063 183451 202534 183464 
15 : 239310 237068 101171 93159 245956 237067 101170 93157 239316 101167 93155 237076 93140 101180 93170 
15 : 237510 101777 111746 234973 246093 101771 111743 234970 237511 101758 101769 101778 111742 111747 234974 
15 : 129776 246288 194411 246293 246292 129779 129769 129783 129781 194413 248925 248924 194422 194420 263204 
15 : 245379 79356 246372 16206 119481 79355 245387 16205 119480 79362 16182 79339 16213 119489 16188 
15 : 159452 133168 246483 3272 170773 133153 159456 3257 159444 133174 3250 133155 3276 170780 3260 
15 : 161668 60016 65166 115888 161938 60002 65149 115877 161657 59990 59997 60003 65145 65150 115878 
15 : 224555 246734 119299 175161 230766 224560 119296 175155 224553 119307 175167 230771 119293 119297 175157 
15 : 210557 54401 149147 72396 56348 54395 149141 72388 56340 54389 54379 54375 72381 56331 56319 
15 : 247413 165463 80000 96243 200709 165464 80001 96244 200710 79990 96233 165452 79985 79995 96235 
15 : 135739 179089 201290 86645 247483 135731 135734 86633 135741 179082 86636 179090 86639 201292 86646 
15 : 151417 189887 110904 247627 198267 151407 110888 151422 151409 110894 189896 189880 110911 110895 198278 
15 : 134620 247718 110328 17262 223716 134624 110312 17246 134616 110332 17267 223723 17244 110324 17256 
15 : 99883 117450 113056 129511 68061 99867 99866 99870 68039 113042 117441 68043 113045 68041 68045 
15 : 167050 141758 67325 247985 144549 141751 67314 167055 144536 67308 141766 141749 67333 67311 144561 
15 : 88479 248060 112241 92988 224774 88481 88465 88463 88472 112244 92990 224779 92968 112239 92983 
15 : 248061 122500 248064 248062 142391 122504 259877 259876 142394 122508 122506 122493 263261 142398 142395 
15 : 205404 172765 124001 89615 248087 172761 123993 89606 205409 123989 89601 172771 89595 124008 89620 
15 : 248337 248332 119 90156 230194 256567 126 90167 230207 122 90159 230199 106 115 90154 
15 : 189190 226964 199098 205693 191278 189187 189181 189182 189180 199094 205689 191275 199092 191268 191269 
15 : 236230 248403 241574 231051 227489 236231 236229 231048 227487 241577 231053 227492 231049 227488 227485 
15 : 155796 9733 201008 248556 130632 9721 155791 155803 130614 9726 9737 9718 201016 130617 130639 
15 : 248573 221556 183138 231884 129163 221560 183144 231890 129166 183133 221553 129155 183136 129150 129158 
15 : 154038 163603 216217 17473 143596 154028 154032 17459 143573 163596 17461 143575 17466 143584 17457 
15 : 187223 230388 203356 89143 97458 187220 187219 89127 97443 203353 89135 97450 89129 97444 89121 
15 : 177399 233658 84593 197369 209568 177396 84573 177390 177395 84587 197362 209563 84575 84583 197360 
15 : 248991 209641 28312 3388 180725 209647 28314 3392 180729 28305 3379 180716 3363 28303 3372 
15 : 32709 217990 203388 25775 230358 32701 32699 25747 32703 203384 25768 217987 25766 203386 25772 
15 : 165023 249531 249527 187945 235277 165026 165024 165014 165021 256865 187948 235281 187947 235279 187938 
15 : 237152 129243 219739 209355 148463 129242 219736 209351 148462 129240 129239 129231 209346 148458 148456 
15 : 249570 204572 67866 119106 9807 204573 67867 119108 9810 67859 119095 9799 67846 9781 9785 
15 : 233503 249669 206841 249675 235844 233504 206835 233509 233496 206843 252986 235845 206849 206836 235853 
15 : 203581 249725 188504 249734 249727 203584 188497 203589 203585 188506 258628 258623 188517 188510 259954 
15 : 121948 249767 247590 249771 249769 121953 121946 121958 121955 247595 260101 260098 247601 247599 264152 
15 : 154843 249976 22893 5099 249974 154852 22878 5081 154844 22900 5106 249992 5073 22894 5100 
15 : 226604 201905 163343 250080 167415 201896 163338 226608 167409 163336 201907 167405 163347 163333 167424 
15 : 250324 92251 91597 186928 175561 92253 91602 186934 175564 91576 92238 92237 91585 91584 175543 
15 : 168568 246942 116644 241827 231530 168567 116628 168566 168563 116643 241824 231527 116642 116640 231525 
15 : 190380 250563 28735 236531 200528 190384 28725 190379 190375 28741 236535 200532 28732 28727 200526 
15 : 178240 228677 157786 46946 228867 178236 157773 46929 178237 157781 46937 228675 46926 157782 46938 
15 : 196292 183390 192916 60579 250587 183380 192903 60570 196300 183379 60568 183395 60569 192918 60586 
15 : 250598 250597 149433 250596 141404 261140 149437 258971 141411 149435 258969 141409 149434 141394 141408 
15 : 250601 250602 160783 231920 214664 256786 160784 231922 214667 160786 231923 214668 160780 160776 214660 
15 : 160763 215159 174315 250903 54966 160756 160753 160768 54948 174311 215162 54956 174321 54950 54973 
15 : 67415 251032 235370 145726 251028 67422 67414 67406 67418 235377 145734 256443 145719 235371 145728 
15 : 251034 227081 213969 147185 171834 227083 213972 147188 171837 213964 147180 171830 147175 171826 147167 
15 : 138384 122266 251056 69684 148650 122254 138387 69671 138371 122271 69670 122255 69691 148658 69673 
15 : 85065 36152 251094 153872 207519 36136 85066 85049 85055 36155 36141 36143 153874 207522 153862 
15 : 177913 224712 114931 251131 66133 177906 114919 177916 66117 114923 224714 66121 114933 66106 66136 
15 : 123872 129259 94911 251299 242413 123865 94896 123873 123871 94897 129262 129257 94916 94907 242419 
15 : 38933 160509 137036 214708 173523 38917 38914 38923 38922 137020 160501 160495 137027 137023 173514 
15 : 242641 251590 228147 161251 89254 242643 228143 161247 89249 228149 161253 89258 161244 89245 89236 
15 : 208525 215019 206143 64050 134443 208520 206137 64036 134435 206140 64037 134438 64035 134434 64023 
15 : 137499 197179 141540 218666 229888 137488 137483 137493 137494 141530 197172 197173 141533 141535 218662 
15 : 126393 171144 212956 32456 178115 126381 126388 32431 126383 171138 32436 171132 32447 178103 32438 
15 : 249102 251993 251991 251996 224894 249105 249103 249107 224893 255715 257117 224899 255719 224897 224902 
15 : 158299 130856 227965 173129 5170 130839 158294 158290 5149 130850 130842 5147 173122 5165 5152 
15 : 252256 242693 221898 188807 50821 242694 221904 188812 50824 221895 188805 50817 188799 50813 50806 
15 : 85446 246529 165786 163245 252376 85442 85434 85433 85449 165782 163243 246531 163230 165793 163253 
15 : 252378 124200 166255 252384 252377 124202 166259 256363 254928 124189 124207 124201 166266 166257 254935 
15 : 252546 175326 30644 231392 101453 175331 30648 231400 101460 30632 175321 101442 30639 30625 101447 
15 : 233676 166596 137038 184906 252550 166592 137030 184902 233681 137021 166583 166598 137024 137043 184910 
15 : 140269 252676 122408 6749 175059 140273 122394 6735 140259 122414 6754 175063 6733 122397 6740 
15 : 77363 223686 193719 219810 84355 77356 77352 77355 77350 193714 219805 84346 193713 84339 84344 
15 : 118828 252777 229762 246307 14067 118829 118824 118826 14043 229763 246308 14068 229760 14061 14065 
15 : 83241 252784 248107 252782 194971 83245 83240 83242 83233 248115 256473 194976 248110 194969 194974 
15 : 1035 252852 91477 251694 237267 1039 1020 1034 1031 91483 251698 237271 91476 91475 237266 
15 : 147706 224991 172480 175369 253073 147699 147692 147693 147712 172475 175362 224996 172468 172483 175375 
15 : 253100 208889 249773 215221 69657 208895 249778 215231 69664 208888 208883 69649 215220 69655 69650 
15 : 253132 213179 188715 248769 77757 213185 188723 248774 77765 188698 213175 77747 188710 77743 77754 
15 : 114258 51214 206390 182719 226007 51189 114248 114246 114252 51203 51200 51206 182709 206385 182711 
15 : 176515 193898 217417 200564 11713 176508 176510 176509 11693 193890 193887 11698 200554 11703 11699 
15 : 156827 112931 216358 132735 253358 112925 156825 132721 156834 112929 112920 112938 132726 216370 132743 
15 : 173284 129802 33369 229359 248807 129788 33352 173280 173283 33345 129795 129800 33361 33368 229358 
15 : 243199 253622 253624 161840 134673 243202 243203 161836 134669 259596 161845 134675 161846 134676 134654 
15 : 253694 253693 38205 83269 166827 264376 38212 83276 166834 38211 83275 166833 38185 38190 83254 
15 : 20130 225763 163140 78565 183314 20127 20120 20112 20122 163135 78562 183308 78553 163131 78555 
15 : 228480 253990 251536 13704 253991 228481 228479 13696 228482 251537 13705 255531 13703 251538 13706 
15 : 134823 153303 44374 2195 230010 134813 44360 2176 134818 44361 2177 153301 2167 44369 2187 
15 : 234011 202502 164520 217351 254076 202497 164516 217343 234014 164509 202494 202507 164513 164526 217356 
15 : 254352 215572 202151 237728 104058 215576 202154 237732 104061 202146 215570 104054 202150 104053 104057 
15 : 254402 218446 254403 157815 170315 218450 262585 157817 170320 218451 157807 170303 157818 170321 157796 
15 : 254464 190950 215099 107126 194248 190953 215100 107127 194255 190938 107112 190934 107117 194237 107113 
15 : 176959 125186 94312 254488 233918 125171 94295 176963 176952 94291 125191 125180 94319 94307 233924 
15 : 211512 106740 145559 254550 181294 106735 145553 211515 181285 106729 106745 106730 145564 145549 181299 
15 : 155292 43346 254561 37210 127814 43332 155294 37194 127803 43349 37183 43329 37213 127816 37190 
15 : 220637 254598 139495 171082 172786 220640 139485 171076 172777 139496 171084 172789 139478 139480 171066 
15 : 110425 185921 181758 147186 132420 110413 110412 110407 110406 181746 147170 132405 147169 132403 132397 
15 : 229521 102324 254948 111323 252521 102317 229522 111313 229519 102326 102302 102323 111324 252524 111321 
15 : 191846 248108 227616 255019 255017 191843 191839 191853 191851 227615 248118 248117 227626 227623 262178 
15 : 198966 31396 255069 255068 154890 31388 198972 198970 154881 31406 31403 31382 262378 154895 154893 
15 : 246692 235003 255240 211596 232917 235000 246697 211591 232912 235010 211588 232910 211601 232924 211587 
15 : 60550 253061 233462 203221 236498 60549 60545 60540 60547 233461 203218 236497 203212 233458 203214 
15 : 68299 71327 181185 163188 66785 68282 68289 68288 66761 71319 71318 66762 163178 66773 66769 
15 : 16462 185647 255443 10414 255445 16456 16463 10392 16464 185650 10402 185652 10418 261363 10422 
15 : 237761 108494 255646 243756 255644 108489 237766 237758 237763 108501 108492 108497 243761 260708 243758 
15 : 250847 255769 40248 138489 249955 250850 40243 138487 249952 40251 138494 249957 40227 40242 138486 
15 : 229583 255888 255889 133528 249013 229588 229589 133521 229580 262647 133532 249018 133534 249020 133526 
15 : 255886 234184 204294 255104 93026 234186 204298 255108 93030 204288 234183 93019 204293 93012 93025 
15 : 255969 232627 207786 229834 232919 232632 207798 229839 232929 207781 229826 232622 207780 207782 229827 
15 : 110696 116223 256123 46216 169586 110677 110701 46192 110684 116228 46193 116205 46221 169593 46200 
15 : 198785 173561 228902 249228 123253 173550 198779 198783 123239 173556 173559 123234 228901 123246 123250 
15 : 232685 213221 58612 207447 245461 213214 58607 207437 232682 58604 207434 213218 58602 58610 207441 
15 : 195408 115870 197932 208439 87310 115854 195398 195401 87292 115855 115860 87278 197918 87293 87298 
15 : 55171 67029 183593 181848 212614 55148 55158 55157 55161 67015 67014 67020 181835 183582 181837 
15 : 10180 256590 81068 63057 115416 10184 10167 10166 10171 81072 63063 115421 63037 81053 63042 
15 : 245940 242579 256645 240706 80291 242575 245945 240698 80287 242587 240696 80286 240714 80299 80285 
15 : 182767 228884 41791 256726 219415 182764 41777 182773 182762 41786 228887 219405 41796 41782 219420 
15 : 42387 143564 232523 226994 256858 42371 42381 42378 42389 143559 143558 143567 226987 232527 226996 
15 : 229120 206216 247642 140756 161842 206209 229117 140751 161834 206212 140746 161830 140754 161838 140741 
15 : 56932 203826 256954 256953 58469 56923 56936 56935 56908 203833 203831 58456 263597 58475 58474 
15 : 245053 257201 221187 230414 119726 245054 221185 230409 119723 221188 230415 119727 221184 119715 119717 
15 : 252990 247899 207186 11667 182610 247897 207184 11665 182608 207181 11661 182606 11656 182600 11652 
15 : 123525 257564 199369 11668 252724 123528 123518 11646 123522 199373 11670 252729 11655 199366 11664 
15 : 247900 133503 37079 257563 153980 133499 37072 247904 153972 37057 133505 133486 37082 37059 153986 
15 : 257575 215713 158240 2497 221411 215715 158243 2501 221417 158229 2486 215707 2477 158231 2488 
15 : 255244 27976 251470 36523 216926 27972 251467 36521 216924 27971 27955 27965 36518 216922 36511 
15 : 220877 35620 257861 194415 89780 35611 220878 194403 89767 35621 35608 35594 194416 89781 89764 
15 : 231905 150187 150158 247612 145942 150175 150148 231903 145930 150133 150181 145913 150156 145912 145937 
15 : 255167 16243 257939 255634 248391 16241 255168 255166 248388 16245 16242 16240 255636 248393 248389 
15 : 193103 158546 136751 249040 257987 158532 136737 193100 193107 136733 158543 158548 136748 136752 249044 
15 : 175914 211397 104610 165913 29252 175907 104595 165895 29235 104600 165902 29239 104594 29224 29233 
15 : 104524 198532 159710 254842 231411 104511 104506 104522 104518 159696 198531 198526 159708 159703 231409 
15 : 218046 257374 238147 20382 98956 218045 218038 20371 98946 238146 20381 98955 20373 98948 20355 
15 : 227692 83668 178617 69060 258362 83661 178606 69052 227694 83650 69034 83669 69044 178620 69062 
15 : 182843 242723 206682 210165 180628 182840 182834 182835 180609 206680 210162 180621 206676 180612 180613 
15 : 258660 167667 168602 64602 114192 167668 168603 64603 114193 167659 64588 114177 64589 114178 64583 
15 : 237259 246018 155743 155689 156658 237254 155735 155684 156650 155736 155686 156652 155670 155722 155671 
15 : 189106 256156 258734 246429 228262 189105 189111 189101 189095 256159 246427 228261 246432 228268 228257 
15 : 258762 207416 122316 213839 124929 207418 122320 213840 124931 122305 207409 124915 122307 122297 124916 
15 : 258896 54406 152273 258897 239582 54409 152276 263722 239587 54390 54410 54399 152277 152268 239588 
15 : 138385 156517 243470 240456 188604 138373 138382 138381 138376 156515 156514 156505 240451 188601 188600 
15 : 192480 258979 258981 193000 111547 192481 192482 192474 111538 259688 193001 111548 193003 111550 111539 
15 : 238985 250267 258984 206320 198189 238983 238986 206313 198178 250268 206317 198186 206321 198190 198173 
15 : 136624 259032 259035 98211 212765 136625 136628 98192 136616 261916 98213 212767 98218 212772 98204 
15 : 256534 100407 259236 259237 207789 100406 256537 256538 207787 100410 100412 100398 260231 207790 207793 
15 : 127633 147862 246010 116921 221541 127619 127628 116902 127625 147855 116906 147851 116918 221535 116912 
15 : 259405 251158 10690 218330 259406 251163 10693 218333 263652 10687 218328 251164 10677 10694 218334 
15 : 259582 234527 245539 135439 168210 234529 245540 135441 168212 234523 135435 168200 135436 168202 135423 
15 : 45473 135970 170512 259647 259646 45459 45463 45475 45474 135959 135974 135973 170517 170516 264809 
15 : 64870 47185 249824 221288 259437 47159 64866 64862 64869 47181 47174 47184 221286 249823 221287 
15 : 259780 210722 255251 66680 191208 210728 255253 66687 191212 210718 66670 191194 66678 191202 66667 
15 : 259105 32285 20193 104773 227320 32284 20192 104772 227319 20162 32264 32279 20167 20183 104768 
15 : 157050 32895 202465 259852 109900 32877 157040 157051 109875 32883 32896 32873 202466 109884 109901 
15 : 166063 79612 259272 221974 256173 79596 166062 166053 166059 79610 79601 79608 221972 256171 221971 
15 : 260029 228364 38149 30208 202675 228366 38150 30210 202676 38145 30199 202667 30186 38140 30196 
15 : 106493 202871 260055 252118 243994 106480 106498 106489 106486 202876 202866 202863 252122 244000 243986 
15 : 158756 212665 175994 157731 256605 158746 158740 157713 158754 175979 157722 212663 157715 175992 157730 
15 : 260272 138630 220248 183054 155745 138634 220251 183057 155749 138623 138615 138610 183045 155733 155724 
15 : 157755 90164 250696 191280 153240 90148 157753 157746 153220 90157 90151 90147 191279 153236 153227 
15 : 260326 251353 222409 260327 64089 251354 222410 261965 64090 222403 251356 64085 222413 64073 64092 
15 : 260331 260334 232092 241894 260330 262491 232094 241896 260706 232096 241899 260709 232085 232093 241895 
15 : 46616 49106 258500 163191 156903 46592 46615 46602 46600 49105 49092 49091 163190 156901 156883 
15 : 213608 86207 248000 260485 217553 86199 213603 213609 213598 86203 86210 86200 248001 217548 217556 
15 : 250772 239178 79916 210971 233697 239174 79911 210967 233689 79907 210964 233685 79902 79905 210962 
15 : 260657 189606 260656 61993 234706 189609 262956 61997 234713 189607 61978 189598 61995 234708 61985 
15 : 258672 260692 150724 123926 17776 258676 150723 123925 17775 150730 123933 17782 123909 17758 17755 
15 : 66168 176772 255721 164006 10548 66156 66165 66155 10524 176770 163989 10532 164002 10544 10531 
15 : 253461 199445 260749 252330 164524 199443 253462 252326 164519 199448 199442 164508 252332 164527 164518 
15 : 248962 155515 260752 249516 250931 155508 248964 248957 248959 155516 155509 155511 249519 250936 249514 
15 : 196589 222771 239264 68624 138493 196579 196581 68611 138476 222761 68614 138482 68616 138484 68602 
15 : 250260 260033 116111 17743 37374 250259 116104 17737 37366 116110 17742 37372 17724 37351 17713 
15 : 152889 161347 147686 236058 169108 152869 147661 152881 152870 147662 161344 161332 147680 147664 169100 
15 : 207489 255461 211745 257788 129738 207485 207475 207486 129723 211743 255457 129733 211744 129725 129735 
15 : 261066 183573 145315 152935 226708 183578 145320 152937 226710 145300 152919 183561 145294 145306 152927 
15 : 251843 51357 151468 97838 35437 51354 151464 97836 35435 51340 51335 35405 97820 35416 35410 
15 : 188246 245003 161275 107128 242984 188240 161263 107110 188239 161270 107120 242978 107106 161269 107119 
15 : 145787 145904 257100 258579 255078 145774 145785 145786 145784 145901 145902 145899 257098 255076 255077 
15 : 261157 148437 242934 24281 14070 148436 242933 24280 14069 148432 24259 14047 24276 14064 14036 
15 : 232357 251408 212686 246424 54974 232353 212671 232349 54959 212678 246418 54967 212675 54954 54964 
15 : 207189 259039 252728 214746 163629 207188 207183 207175 163614 252726 214744 163628 214741 163623 163616 
15 : 247596 13991 230924 204661 259017 13987 230918 204656 247593 13984 13979 13990 204652 230923 204659 
15 : 261855 83890 259304 179514 240076 83893 259307 179519 240079 83888 83877 83883 179512 240072 179505 
15 : 261174 257785 105944 41256 226065 257784 105943 41255 226064 105941 41253 226061 41226 105932 41242 
15 : 120138 37957 235268 135571 220276 37937 120133 120122 120132 37949 37939 37948 135564 220268 135561 
15 : 183833 55726 86916 190967 256625 55711 86905 183817 183830 55703 55713 55724 86907 86915 190965 
15 : 225617 61144 46564 206744 81363 61136 46555 206736 81355 46539 61132 61121 46553 46541 81349 
15 : 71035 210307 124006 261382 208224 71026 71015 71034 71024 123997 210305 208215 124004 123994 208223 
15 : 103511 78760 170207 262243 111325 78745 103502 103512 103497 78749 78761 78746 170208 111307 111326 
15 : 13049 179309 109714 129068 184210 13037 13033 13035 13038 109697 129051 179296 109692 109698 129052 
15 : 257340 239840 250348 155438 159942 239837 250341 155434 159939 239832 155427 159931 155429 159934 155414 
15 : 89365 172548 262386 50234 236926 89350 89366 50206 89357 172550 50216 172544 50236 236930 50228 
15 : 225765 135919 108879 774 234547 135910 108872 765 225760 108858 753 135912 749 108874 768 
15 : 262429 96307 200020 194979 262428 96309 200023 194981 263120 96291 96289 96308 194962 200021 194980 
15 : 86464 146293 227770 103165 231772 86455 86459 86452 86460 146287 103146 146288 103156 227758 103157 
15 : 245561 186587 260874 256202 152936 186582 245559 245558 152930 186585 186583 152921 256200 152934 152933 
15 : 36771 129470 142995 251052 108349 36756 36757 36768 36753 129454 129466 108322 142991 108323 108344 
15 : 262611 262104 207340 258352 76008 262105 207343 258358 76012 207339 258351 76007 207338 75997 76004 
15 : 194016 165447 262627 224208 262626 165438 194020 194009 194019 165449 165441 165448 224211 263821 224210 
15 : 90459 242581 262653 42656 44271 90454 90460 42627 44241 242585 42648 44263 42659 44274 42623 
15 : 62291 213128 46153 141304 244228 62284 46128 62278 62286 46142 141291 213124 46137 46145 141293 
15 : 119060 79591 96687 254153 125540 79562 96656 119056 119043 79560 79586 79563 96678 96657 125534 
15 : 32144 4356 262715 162637 93107 4328 32147 32123 32120 4360 4337 4330 162640 93110 93084 
15 : 104107 219662 171344 65921 262897 104099 104094 65896 104109 171335 65910 219665 65901 171346 65924 
15 : 262909 258015 175834 255916 210120 258017 175837 255919 210123 175832 255914 210116 175830 175820 210113 
15 : 178823 254996 162099 191122 60726 178817 162082 178810 60708 162093 191116 60719 162084 60704 60710 
15 : 105996 254569 164895 239573 198352 105995 105984 105991 105986 164893 239569 198349 164890 164879 198343 
15 : 263032 99402 177987 7555 41128 99404 177989 7557 41131 99387 7531 41099 7539 41109 7523 
15 : 216674 49210 262018 263063 210900 49198 216673 216677 210888 49208 49211 49197 262023 210898 210906 
15 : 263087 259408 236644 252460 133980 259409 236645 252461 133981 236641 252454 133979 236637 133967 133976 
15 : 244672 214036 122541 35589 250581 214028 122534 35583 244669 122525 35571 214029 35555 122535 35585 
15 : 194040 62646 255808 263346 61864 62634 194038 194041 61847 62645 62647 61834 255809 61862 61865 
15 : 187507 38313 120447 109102 43543 38300 120431 109082 43523 38293 38292 38289 109076 43513 43511 
15 : 197862 192147 185596 159402 241842 192140 185584 159390 197857 185583 159387 192143 159386 185591 159395 
15 : 42051 153486 56072 173885 255822 42036 42028 42038 42049 56058 153470 153481 56059 56071 173883 
15 : 220437 77016 132934 238605 60298 77003 132922 220430 60281 76998 77006 60268 132924 60273 60285 
15 : 263001 84331 209546 252446 263679 84330 209545 252445 263004 84314 84323 84332 209538 209548 252450 
15 : 110085 226980 262253 263725 57211 110075 110083 110087 57180 226977 226982 57200 262254 57208 57213 
15 : 257451 260541 263730 255550 225126 257449 257454 255541 225118 260544 255546 225121 255553 225129 225116 
15 : 52169 263778 178657 249749 153570 52170 52154 52164 52153 178659 249751 153573 178653 153543 153560 
15 : 241910 263681 106398 114198 51925 241909 106388 114186 51914 106397 114197 51924 106378 51896 51898 
15 : 234266 261341 168097 108626 257457 234265 168087 108614 234264 168096 108625 257456 108605 168095 108624 
15 : 22865 81208 253835 10288 20534 22843 22863 10258 20503 81205 10264 20509 10285 20529 10257 
15 : 211657 157685 247368 155544 231468 157673 211652 155525 211649 157679 155519 157674 155533 231461 155529 
15 : 144810 224639 10289 252087 263856 144801 10268 144804 144812 10277 224634 224641 10283 10292 252091 
15 : 255962 34247 208152 8467 261695 34242 208148 8462 255960 34233 8436 34245 8453 208150 8465 
15 : 259038 192512 179559 63062 36672 192508 179557 63061 36670 179550 63050 36659 63047 36658 36644 
15 : 248104 88705 156855 109443 263982 88694 156845 109436 248105 88684 88682 88706 109421 156857 109444 
15 : 262563 171606 251829 264019 232849 171605 251828 262564 232845 171601 171607 171598 251831 232840 232851 
15 : 240449 88186 134232 215811 152192 88179 134218 215795 152177 88171 88176 88172 134214 134205 152167 
15 : 264076 157012 221483 106792 86695 157015 221484 106795 86697 157004 106772 86668 106780 86679 86664 
15 : 173195 220757 264085 207653 218552 173184 173197 173180 173183 220759 207643 218532 207655 218554 207642 
15 : 179868 260813 238541 250865 258446 179865 179858 179861 179863 238537 250863 258442 238532 238536 250862 
15 : 264115 145181 146754 253029 147160 145183 146757 253031 147162 145155 145173 145156 146748 146735 147153 
15 : 257937 242623 264119 21742 151052 242619 257938 21738 151046 242626 21729 151041 21746 151057 21717 
15 : 125606 255869 248568 219757 149382 125602 125598 125594 125586 248563 219753 149375 219749 149371 149364 
15 : 198557 118639 198990 109719 203777 118624 198539 109700 198541 118625 109690 118626 109701 198975 109702 
15 : 118260 150472 123697 237976 188026 118246 118241 118255 118249 123676 150461 150456 123689 123681 188017 
15 : 233008 178285 264179 49897 235580 178274 233009 49890 233001 178286 49882 178275 49898 235581 49891 
15 : 26803 12138 106905 166916 44827 12113 26787 26795 26780 12122 12126 12116 106890 44806 44813 
15 : 263536 220450 8750 260917 78448 220448 8748 260915 78446 8739 220444 78437 8745 8723 78444 
15 : 5773 259314 91488 231018 220819 5769 5751 5762 5761 91480 231012 220814 91473 91472 220808 
15 : 262990 78974 69205 232697 144559 78971 69201 232693 144557 69173 78965 78955 69192 69179 144548 
15 : 111407 182659 112113 186253 136426 111392 111383 111393 111385 112097 182644 136407 112099 112091 136408 
15 : 74440 223564 261638 264355 44829 74435 74439 74443 44803 223561 223566 44818 261640 44825 44832 
15 : 247281 158701 264016 20536 204082 158693 247280 20526 204073 158700 20514 158690 20535 204081 20518 
15 : 241013 134850 255001 261192 251326 134835 241008 241011 241007 134842 134846 134840 254995 251319 251322 
15 : 257199 58879 197659 254946 19139 58874 197658 254943 19134 58863 58871 19107 197655 19117 19132 
15 : 187808 264222 263465 240756 232490 187807 187805 187798 187797 263463 240754 232488 240752 232486 232476 
15 : 175634 79105 173667 131783 157958 79087 173645 131766 157938 79086 79081 79084 131765 157937 131764 
15 : 62041 244293 147463 235717 126907 62037 62025 62034 62024 147458 235712 126898 147454 126881 126895 
15 : 186681 191364 143324 247058 106190 186661 143306 186675 106169 143308 191355 106172 143316 106163 106185 
15 : 263890 254185 189824 264504 239887 254183 189822 263891 239885 189818 254186 239879 189826 189814 239889 
15 : 8779 11784 251914 100317 111328 8751 8773 8759 8762 11777 11761 11764 100311 111320 100299 
15 : 255900 207222 256575 196393 179969 207215 255895 196384 179961 207216 196377 179953 196385 179962 179952 
15 : 189859 234798 228284 100701 263237 189854 189852 100682 189857 228271 100689 234794 100686 228280 100698 
15 : 12229 117544 135022 54675 229896 12215 12217 12207 12225 117525 54647 117534 54652 135010 54665 
15 : 228315 176338 19557 257439 261578 176327 19542 228312 228314 19536 176334 176336 19551 19555 257435 
15 : 45232 260926 264007 205430 175663 45226 45230 45217 45215 260924 205422 175659 205428 175662 175644 
15 : 259302 249777 139166 182428 231357 249774 139161 182422 231353 139159 182419 231350 139144 139152 182415 
15 : 164324 254662 144834 250033 189742 164320 144815 164319 164307 144827 250023 189733 144824 144816 189728 
15 : 251437 259828 177353 161085 264187 251434 177340 161076 251436 177347 161080 259827 161061 177351 161084 
15 : 32899 45949 204725 251894 233988 32865 32884 32893 32886 45938 45941 45939 204718 204711 233978 
15 : 137714 252181 263640 114077 246076 137705 137712 114046 137701 252180 114068 246063 114076 246072 114064 
15 : 233171 255366 43231 260506 227609 233162 43216 233165 227589 43223 255362 227599 43226 43210 227603 
15 : 264352 203465 208029 164960 179786 203464 208028 164959 179784 203453 164939 179768 164940 179769 164936 
15 : 221661 260500 151495 260663 263072 221654 151475 221655 221656 151491 260496 260497 151492 151493 260659 
15 : 264405 34288 263717 135248 30420 34285 263716 135245 30418 34284 34272 30383 135243 30417 30396 
15 : 172754 48613 232679 147492 134451 48600 172745 147471 134428 48605 48599 48596 147482 134441 134424 
15 : 257174 170261 251474 220882 259249 170255 251468 220875 257171 170251 170249 170258 220874 251471 220879 
15 : 257550 129637 256650 85112 84238 129633 256646 85106 84228 129631 85091 84206 85105 84227 84204 
15 : 104181 260685 3125 254155 222015 104176 3099 104174 104167 3119 254149 222008 3118 3109 222003 
15 : 263854 257781 245350 174418 253378 257779 245349 174413 253373 245347 174409 253366 174401 245344 174405 
15 : 71338 37490 225876 236260 156912 37458 71323 71325 71316 37477 37478 37465 225862 156894 156896 
15 : 134200 241566 172031 252124 263551 134184 134174 134187 134196 172018 241557 241561 172021 172027 252119 
15 : 239022 243155 43024 264835 249626 239017 43016 239023 239018 43017 243156 243149 43025 43019 249627 
15 : 250769 111627 69139 204369 48414 111620 69134 204361 48408 69117 111611 48383 69125 48378 48396 
15 : 264815 259510 117021 119491 101343 259509 117020 119490 101342 117018 119487 101339 116994 101311 101312 
15 : 62518 134629 76511 248238 224719 62492 62488 62512 62505 76489 134621 134617 76506 76501 224711 
15 : 262835 264707 158857 56315 177847 262834 158852 56311 177841 158855 56313 177845 56300 158841 56304 
15 : 248760 248384 126679 42227 54828 248379 126674 42223 54822 126673 42222 54821 42205 54803 42194 
15 : 147660 254257 107382 235773 177095 147657 107351 147655 147643 107374 235764 177089 107368 107358 177082 
15 : 255319 194806 135471 238303 213790 194799 135463 238301 213780 135451 194793 194788 135457 135452 213777 
15 : 227939 264849 175542 262350 134567 227938 175530 227932 134554 175541 262349 134566 175536 134541 134562 

