score: 17862.3
6 : 4 0 6 10717 121089 10723 
6 : 10 8 3 194805 74781 74779 
6 : 16 38 15 61264 38584 38619 
6 : 47 54 58 226696 226702 258619 
6 : 60 53 48 257431 236352 236339 
6 : 165 171 170 193677 193676 241916 
6 : 167 168 164 233319 177976 177977 
6 : 172 162 160 165577 145504 145487 
6 : 174 159 169 125239 239431 125231 
6 : 182 184 180 80633 69758 69761 
6 : 200 217 207 66921 66907 174393 
6 : 202 208 213 89400 89407 175243 
6 : 259 265 261 159698 159692 185804 
6 : 320 322 318 120677 8459 8467 
6 : 335 350 342 103635 103625 190725 
6 : 337 339 341 136742 136743 143446 
6 : 345 338 344 138988 212160 138984 
6 : 488 496 485 70438 38424 38450 
6 : 519 500 506 85645 197344 85624 
6 : 538 541 532 248277 194561 194570 
6 : 763 740 758 74119 242432 74114 
6 : 809 805 806 199948 200260 199937 
6 : 828 841 827 25482 24939 24958 
6 : 848 843 845 240125 252335 240121 
6 : 946 957 944 63698 37056 37078 
6 : 952 945 959 56646 175131 56654 
6 : 955 951 948 114718 75306 75290 
6 : 966 963 964 77807 78114 77804 
6 : 981 976 982 238719 263557 238720 
6 : 987 997 991 99306 99303 248346 
6 : 993 996 995 254203 254202 257479 
6 : 1112 1110 1115 163558 180061 163574 
6 : 1133 1121 1130 140351 244157 140343 
6 : 1271 1269 1277 33444 141453 33460 
6 : 1279 1290 1289 30135 30133 233722 
6 : 1297 1309 1319 27177 27185 217559 
6 : 1298 1299 1307 31765 31774 58969 
6 : 1317 1310 1303 218240 146547 146533 
6 : 1421 1429 1423 51007 51000 88065 
6 : 1450 1454 1457 62553 62560 111992 
6 : 1471 1492 1482 69682 69671 184836 
6 : 1487 1489 1488 237530 237524 238392 
6 : 1575 1569 1568 171286 153304 153277 
6 : 1582 1579 1580 63933 65845 63927 
6 : 1706 1708 1707 11617 11615 50363 
6 : 1714 1709 1716 210809 258088 210815 
6 : 1725 1727 1723 131915 114913 114918 
6 : 1728 1718 1721 51785 74349 51771 
6 : 1731 1726 1734 175876 227778 175883 
6 : 1746 1743 1745 156349 163538 156345 
6 : 1748 1739 1738 94393 85472 85453 
6 : 1782 1788 1801 131297 131312 183940 
6 : 1853 1854 1852 205001 200734 200737 
6 : 1879 1876 1871 239788 116713 116711 
6 : 1886 1874 1872 211151 181928 181911 
6 : 1893 1906 1903 88681 88669 233101 
6 : 1895 1894 1898 110019 147681 110022 
6 : 1907 1900 1899 189268 185287 185267 
6 : 2064 2077 2080 122245 122249 249954 
6 : 2072 2076 2061 213561 44221 44228 
6 : 2187 2192 2188 225604 225599 227463 
6 : 2201 2202 2199 151777 114082 114085 
6 : 2224 2235 2228 164341 164332 213234 
6 : 2227 2216 2233 5382 205188 5388 
6 : 2231 2222 2218 83955 25043 25027 
6 : 2376 2375 2386 100120 124405 100141 
6 : 2390 2404 2398 108135 108130 199816 
6 : 2440 2430 2416 231063 47868 47854 
6 : 2524 2518 2513 201520 77730 77716 
6 : 2532 2533 2537 130429 130434 136358 
6 : 2552 2566 2558 36297 36278 104166 
6 : 2562 2560 2561 192773 196914 192771 
6 : 2603 2626 2608 87311 87297 208175 
6 : 2736 2744 2740 238425 238423 252372 
6 : 2818 2831 2823 136242 136233 233792 
6 : 2841 2836 2845 69959 178710 69966 
6 : 2844 2846 2839 229443 170649 170653 
6 : 2855 2871 2872 149836 149837 264370 
6 : 2867 2866 2861 253069 211878 211876 
6 : 2981 2974 2977 17722 93137 17715 
6 : 3130 3134 3138 71890 71897 165504 
6 : 3132 3135 3147 149220 149228 228841 
6 : 3136 3133 3137 151809 230968 151810 
6 : 3149 3148 3139 259548 246627 246622 
6 : 3300 3305 3299 154540 150447 150457 
6 : 3321 3322 3325 204654 204657 216108 
6 : 3354 3348 3353 193186 227244 193185 
6 : 3396 3406 3404 57614 57609 215627 
6 : 3464 3457 3460 17147 64246 17131 
6 : 3471 3469 3477 62569 81564 62579 
6 : 3482 3475 3486 127852 210950 127862 
6 : 3551 3544 3545 12197 12809 12191 
6 : 3614 3609 3613 43070 182562 43068 
6 : 3629 3633 3635 139901 139903 207217 
6 : 3634 3639 3637 213494 213491 231670 
6 : 3790 3784 3793 164422 230465 164424 
6 : 3791 3794 3787 239580 211729 211732 
6 : 3823 3806 3825 179108 262912 179111 
6 : 3851 3840 3827 186217 26177 26164 
6 : 3952 3947 3944 232625 147647 147633 
6 : 4100 4093 4094 56959 100475 56949 
6 : 4109 4115 440 49482 442 450 
6 : 4110 4123 4111 96458 96448 110532 
6 : 4114 4125 4118 127077 127067 185227 
6 : 4256 4255 4259 110249 112698 110259 
6 : 4294 4308 4305 14035 14032 187388 
6 : 4302 4304 4309 157801 157810 164157 
6 : 4330 4324 4325 88812 92877 88807 
6 : 4341 4335 4318 184789 30379 30361 
6 : 4440 4435 4434 156544 153844 153822 
6 : 4452 4450 4444 209232 151941 151939 
6 : 4458 4457 4454 257277 230760 230758 
6 : 4478 4479 4473 263758 232029 232030 
6 : 4579 4578 4582 90617 136316 90620 
6 : 4602 4593 4600 124455 221171 124448 
6 : 4615 4613 4617 246168 258732 246173 
6 : 4743 4741 4751 94122 176614 94135 
6 : 4756 4758 4771 78885 78894 94062 
6 : 4897 4911 4902 54748 54736 130637 
6 : 4906 4918 4913 186355 186346 241873 
6 : 4908 4904 4903 151804 143282 143277 
6 : 4919 4910 4898 227659 63852 63838 
6 : 4923 4943 4924 37189 37174 49152 
6 : 5054 5052 5056 59390 125074 59391 
6 : 5077 5064 5065 123968 153722 123952 
6 : 5212 5209 5211 9235 37203 9230 
6 : 5366 5384 5380 15115 15107 177866 
6 : 5561 5574 5555 101093 11654 11672 
6 : 5569 5565 5562 192029 132844 132837 
6 : 5571 5559 5558 96277 92025 92004 
6 : 5692 5694 5690 184590 139835 139847 
6 : 5703 5701 5711 35000 101313 35012 
6 : 5744 5733 5716 254896 86655 86646 
6 : 5762 5746 5750 23837 108203 23827 
6 : 5860 5862 5853 239706 88727 88740 
6 : 5872 5882 5885 172671 172675 236417 
6 : 5892 5897 5906 81737 81745 189713 
6 : 5894 5891 5890 76910 48409 48406 
6 : 6007 6013 6012 157295 157292 253646 
6 : 6017 6019 6032 24214 24228 71520 
6 : 6024 6030 6021 182859 107063 107072 
6 : 6061 6062 6060 179223 148659 148661 
6 : 6084 6087 3890 69445 3895 3901 
6 : 6101 6097 6091 232014 142953 142944 
6 : 6156 6152 6148 159465 17607 17602 
6 : 6158 6149 6159 22004 210412 22007 
6 : 6165 6163 6161 261043 257735 257732 
6 : 6195 6214 6215 96109 96113 257675 
6 : 6336 6348 6337 41792 41775 69361 
6 : 6339 6347 6344 109450 109448 208512 
6 : 6364 6357 6375 138392 200490 138404 
6 : 6369 6370 6376 235960 235966 254592 
6 : 6379 6380 6385 78577 78580 101364 
6 : 6420 6419 6405 243796 91046 91045 
6 : 6507 6490 6497 16159 236732 16149 
6 : 6513 6523 6528 148413 148417 222889 
6 : 6521 6518 6524 193224 215862 193228 
6 : 6529 6537 6548 35025 35037 156580 
6 : 6641 6629 6637 87363 207090 87352 
6 : 6649 6655 6661 152416 152419 262698 
6 : 6657 6644 6650 33984 212618 33975 
6 : 6664 6669 6679 64176 64183 118589 
6 : 6672 6683 6682 191497 191495 262866 
6 : 6678 6685 6667 236743 102512 102527 
6 : 6692 6695 6709 127610 127630 156675 
6 : 6830 6823 6827 134025 239550 134020 
6 : 6947 2628 6949 2655 251640 2659 
6 : 6950 6937 6948 80890 256241 80886 
6 : 6966 6951 6971 83247 246807 83253 
6 : 6977 6999 6973 64087 33142 33162 
6 : 6988 6982 6993 222227 246465 222233 
6 : 7096 7099 7101 91232 91236 126303 
6 : 7111 7121 7107 147910 63164 63179 
6 : 7114 7116 7110 171273 126389 126393 
6 : 7124 7122 7113 227756 153691 153687 
6 : 7131 7115 7106 178645 56011 55990 
6 : 7145 7144 7132 231034 67195 67194 
6 : 7318 7325 7312 216872 104376 104386 
6 : 7442 7449 7457 22677 22694 130322 
6 : 7448 7451 7458 100912 100924 173416 
6 : 7587 7589 7594 24415 24422 177274 
6 : 7612 7602 7604 174933 241051 174923 
6 : 7748 7750 5012 203277 5027 5031 
6 : 7765 7768 7762 160922 109394 109401 
6 : 7776 7786 7791 18339 18344 190406 
6 : 7877 7873 7879 72315 139706 72321 
6 : 7884 7881 7880 214077 186671 186661 
6 : 7913 7923 7917 47900 47896 96416 
6 : 7924 7934 7927 181778 181771 240690 
6 : 8033 8028 8040 26544 194572 26568 
6 : 8035 8037 8041 223538 223543 260291 
6 : 8045 8060 8049 58409 58392 117093 
6 : 8057 8043 8056 27540 221241 27539 
6 : 8062 8079 8068 33191 33172 139309 
6 : 8067 8077 8076 134684 134680 249420 
6 : 8169 8166 8154 252766 154960 154952 
6 : 8214 8218 8217 230364 230362 251492 
6 : 8321 8322 8326 107158 107165 122631 
6 : 8494 8503 8507 10396 10401 247034 
6 : 8498 8500 8511 204068 204072 224894 
6 : 8532 8529 8542 74341 112636 74354 
6 : 8549 8564 8576 36583 36596 226964 
6 : 8656 8657 8662 195148 195166 203826 
6 : 8669 8665 8673 97279 154752 97286 
6 : 8670 8677 8672 169292 169285 190266 
6 : 8710 8735 8732 108606 108604 261605 
6 : 8821 8820 8812 217462 126781 126772 
6 : 8852 8851 8861 189058 207126 189070 
6 : 8963 8957 8952 179992 58634 58623 
6 : 8966 8951 8968 9093 258184 9100 
6 : 8969 8967 8959 263682 219827 219824 
6 : 8994 9007 9000 130464 130457 196305 
6 : 8998 8993 8995 92615 135796 92611 
6 : 9133 9132 9136 215812 222057 215814 
6 : 9135 9118 9117 22068 15427 15399 
6 : 9227 9221 9226 243757 259904 243754 
6 : 9273 9274 9271 248034 213109 213115 
6 : 9304 9312 9305 142722 142716 159864 
6 : 9315 9296 9317 42371 245934 42373 
6 : 9438 9431 9424 175830 33053 33029 
6 : 9440 9425 9426 44176 62051 44145 
6 : 9442 9451 9460 10417 10426 193823 
6 : 9453 9459 9457 219028 219027 252300 
6 : 9582 9591 9583 115117 115100 121373 
6 : 9587 9580 9581 44589 52347 44577 
6 : 9598 6591 9602 6596 72293 6605 
6 : 9605 9610 9615 188408 188415 215670 
6 : 9624 9637 9621 89602 56092 56107 
6 : 9634 9641 9639 228424 228421 261336 
6 : 9635 9628 9630 164895 169600 164885 
6 : 9644 9662 9650 21583 21572 110057 
6 : 9739 9745 9750 89130 89137 193196 
6 : 9746 9740 9754 91152 203157 91166 
6 : 9771 9770 9757 264096 102653 102652 
6 : 9774 9773 9772 57658 28317 28316 
6 : 9784 9786 9776 240659 139538 139542 
6 : 9853 9862 9868 57318 57327 162012 
6 : 9901 9905 9906 232944 232945 255999 
6 : 9909 9904 9907 252629 259657 252624 
6 : 9914 9925 9928 127144 127151 238502 
6 : 10050 10051 10042 257607 130256 130259 
6 : 10064 10059 10067 139082 198332 139085 
6 : 10083 10081 10072 239127 32898 32895 
6 : 10207 10230 10208 66000 65977 68973 
6 : 10247 10253 10233 220910 29232 29245 
6 : 10353 10358 10356 94644 94635 170184 
6 : 10408 10411 10410 116801 116800 137860 
6 : 10520 10518 10534 79167 83058 79182 
6 : 10572 10578 10581 143452 143458 225147 
6 : 10585 10566 10582 80087 262437 80081 
6 : 10661 10667 10664 189418 189411 256562 
6 : 10662 10659 10655 161516 24649 24643 
6 : 10686 10681 10670 238526 54840 54838 
6 : 10826 10823 10829 149831 258416 149838 
6 : 10827 10822 10824 140284 174856 140269 
6 : 10833 10838 10840 105315 105317 172590 
6 : 11013 10999 11008 211569 250183 211565 
6 : 11022 11023 11025 139922 139926 140865 
6 : 11031 11019 11026 96271 181652 96267 
6 : 11135 11140 11141 89404 89406 212010 
6 : 11136 11138 11142 94968 94971 150513 
6 : 11145 11156 11155 112703 112700 239680 
6 : 11170 11168 11182 182420 191645 182432 
6 : 11214 11216 11240 63956 63977 93946 
6 : 11290 11280 11297 69434 232442 69441 
6 : 11296 11291 11292 233733 238716 233729 
6 : 11304 11302 11307 191247 209528 191257 
6 : 11310 11306 11301 257384 51383 51378 
6 : 11477 11476 11468 250760 176215 176207 
6 : 11499 11490 11495 177158 234857 177152 
6 : 11611 11613 11610 235396 224704 224710 
6 : 11629 11645 11628 110896 110248 110269 
6 : 11681 11676 11702 15723 95406 15747 
6 : 11753 11752 11740 253878 64552 64550 
6 : 2151 11754 11761 2155 2178 51965 
6 : 11762 11755 11760 200538 242632 200534 
6 : 11768 11767 11774 95539 115126 95544 
6 : 11896 11897 11900 255226 255228 256707 
6 : 11908 11921 11917 115245 115242 249481 
6 : 11949 11936 11943 127238 203116 127227 
6 : 11951 11960 11959 34193 34191 160855 
6 : 12063 12060 12059 172127 169988 169980 
6 : 12229 12228 12237 178263 182555 178285 
6 : 12250 12242 12247 88780 143670 88769 
6 : 12257 12259 12254 263116 245889 245893 
6 : 12280 8251 12274 8274 237139 8271 
6 : 12395 12399 12398 149464 149462 186980 
6 : 12406 12415 12414 26192 26191 196577 
6 : 12445 12451 12447 127702 127700 139062 
6 : 12449 12440 12459 61142 164294 61158 
6 : 12544 12547 12555 114063 114079 156774 
6 : 12548 12553 12556 173657 173664 248311 
6 : 12554 12551 12545 227811 121696 121683 
6 : 12559 12565 12576 130440 130449 215354 
6 : 12563 12564 12567 212148 212149 214291 
6 : 11188 10232 12583 10231 11198 10240 
6 : 12595 12594 12586 264007 186059 186057 
6 : 12697 12692 12706 23328 202324 23345 
6 : 12709 12719 12714 67150 67145 111687 
6 : 12746 12735 12737 118673 147320 118656 
6 : 12851 12856 12855 106195 106192 234695 
6 : 12887 12900 12892 192979 192971 221024 
6 : 13014 13008 13006 187324 33807 33800 
6 : 13020 13016 13013 243725 227380 227372 
6 : 13021 13028 13030 38178 38181 209374 
6 : 13074 13056 13061 69323 117311 69306 
6 : 13154 13156 13149 175124 37069 37072 
6 : 13174 13175 13177 222396 222403 246292 
6 : 13309 13313 13310 218963 218953 238124 
6 : 13317 13320 13331 117014 117027 165872 
6 : 13327 13329 13319 231762 152145 152153 
6 : 13338 13351 13340 85605 85592 130483 
6 : 13380 13373 13374 241466 245579 241456 
6 : 13472 13467 13463 158173 106019 106006 
6 : 13490 13502 13483 187802 115014 115034 
6 : 13674 13669 13679 177554 227356 177563 
6 : 13678 13673 13672 210134 208236 208222 
6 : 13789 13792 13775 243420 23400 23406 
6 : 13790 13779 13777 130127 47861 47838 
6 : 13793 13782 13783 145438 153695 145427 
6 : 13794 13781 13791 138743 248352 138737 
6 : 13801 13806 13808 212668 212672 238375 
6 : 13809 13811 13802 253454 220844 220846 
6 : 13832 13821 13818 116387 37160 37146 
6 : 13833 13826 13828 212431 218714 212428 
6 : 13842 13844 13856 80606 80622 91679 
6 : 13862 13854 13843 239795 91454 91441 
6 : 13935 13940 13944 52034 52047 205695 
6 : 13960 13952 13946 120510 19352 19340 
6 : 13967 13958 13949 207213 42178 42158 
6 : 14097 14098 14096 80499 24790 24791 
6 : 14100 14108 14099 88372 86290 86304 
6 : 14112 14107 14106 220710 164162 164156 
6 : 14164 14140 14139 96662 65896 65874 
6 : 14250 14254 14251 135277 135276 151676 
6 : 13632 14267 14276 13641 13654 163922 
6 : 14275 14270 14266 231769 136794 136784 
6 : 14295 14291 14305 195640 222259 195658 
6 : 14414 14411 14412 172229 177145 172224 
6 : 14429 14424 14436 95889 186449 95904 
6 : 14441 14460 14437 123711 101521 101550 
6 : 14458 14442 14438 136913 102618 102597 
6 : 14461 14444 14459 162389 264441 162387 
6 : 14469 14471 14470 123195 123194 139057 
6 : 14557 14569 14564 83932 83927 202524 
6 : 14577 14588 14592 44013 44019 219884 
6 : 14585 14593 14582 193338 157033 157042 
6 : 14589 14594 14597 231630 231635 245446 
6 : 14590 14576 14587 32642 206324 32636 
6 : 14659 14654 14642 224720 125027 125021 
6 : 14713 14716 14714 178816 178809 192924 
6 : 14747 14741 14750 198389 257541 198393 
6 : 14874 14881 14873 166295 130909 130919 
6 : 14920 14923 14918 160654 129428 129433 
6 : 15015 15017 15010 240666 156559 156562 
6 : 15036 15026 15023 95399 68833 68815 
6 : 15037 15034 15041 199645 235334 199649 
6 : 15042 15031 15021 192561 15743 15728 
6 : 15161 15164 15168 45197 45201 127140 
6 : 15171 15163 15172 64830 212955 64831 
6 : 15193 15197 15195 217200 217192 226719 
6 : 15318 15317 15309 229426 20909 20908 
6 : 15323 15313 15315 85110 202831 85095 
6 : 15324 15325 15312 263554 77175 77176 
6 : 15340 15336 15347 151723 223697 151730 
6 : 15343 15342 15329 235688 40494 40492 
6 : 15367 15353 15366 88166 217889 88162 
6 : 15532 15540 15543 219887 219896 244425 
6 : 15639 15647 15648 45747 45753 203825 
6 : 15669 15682 15671 60275 60264 138567 
6 : 15789 15790 15802 60217 60235 86070 
6 : 15792 15793 15787 145622 50756 50758 
6 : 15801 15798 15797 227417 215691 215687 
6 : 15809 15813 15805 202054 127976 127980 
6 : 15950 3642 15946 3651 93140 3645 
6 : 15217 15982 15985 15223 15226 121705 
6 : 16023 16002 16020 16375 254161 16372 
6 : 16123 16130 16115 206669 55553 55566 
6 : 9069 16145 16143 9082 9081 170338 
6 : 16274 16272 16265 184598 48006 48002 
6 : 16277 16281 16284 22267 22268 135375 
6 : 16285 16291 16288 191626 191622 213030 
6 : 16290 16289 16286 217055 199442 199437 
6 : 16334 16330 16323 218488 23089 23083 
6 : 16435 16420 16429 21820 184024 21800 
6 : 16445 16446 16443 170665 157748 157749 
6 : 16589 16596 16595 55941 55939 221905 
6 : 16594 16599 16598 187978 187974 257515 
6 : 16604 16615 16611 55132 55122 218301 
6 : 16608 16616 16614 138831 138830 240848 
6 : 16621 16635 16641 62394 62401 213451 
6 : 16758 16756 10152 160039 10177 10165 
6 : 16763 16762 16761 262860 253084 253082 
6 : 16767 12353 16766 12363 87885 12360 
6 : 16796 16777 16779 19862 83081 19848 
6 : 16806 16810 16821 114060 114074 140326 
6 : 16807 16813 16817 119638 119644 158616 
6 : 16814 16805 16804 110168 99735 99727 
6 : 16918 16914 16912 166745 139071 139059 
6 : 17065 17060 17064 199173 262274 199169 
6 : 17091 17098 17100 226509 226510 265119 
6 : 17128 17115 17118 196084 218322 196071 
6 : 8061 17198 17201 8065 8072 113344 
6 : 17199 17207 17203 121168 121161 196007 
6 : 17200 17205 17206 174967 174968 200630 
6 : 17208 17194 17202 58270 189646 58257 
6 : 17247 17252 17248 31321 31316 40760 
6 : 17267 17246 17264 24623 224131 24618 
6 : 17340 17343 17339 93586 76554 76560 
6 : 17341 17338 17342 43127 98578 43129 
6 : 17361 17369 17376 147243 147251 231990 
6 : 17364 17358 17377 69901 179540 69917 
6 : 17368 17362 17371 153604 226876 153607 
6 : 17374 3665 17365 3689 197571 3680 
6 : 17435 17433 17417 253902 129448 129445 
6 : 17477 17485 17488 70149 70154 241505 
6 : 17482 17489 17476 221651 40932 40942 
6 : 17486 17484 17478 234893 126091 126085 
6 : 17494 17510 17508 107092 107090 257057 
6 : 17502 17505 17513 240609 240617 252895 
6 : 17522 12467 17533 12485 213837 12499 
6 : 17788 17792 17786 115935 80608 80615 
6 : 17804 17806 17803 220366 219962 219963 
6 : 17865 17855 17868 153796 263302 153799 
6 : 17944 17939 17948 60056 207339 60064 
6 : 17961 17958 17971 164047 187380 164065 
6 : 17968 17960 17957 184129 156165 156152 
6 : 17998 17973 17983 26631 115160 26609 
6 : 7062 18032 18055 7064 7088 39578 
6 : 18091 18093 18098 27501 27503 116551 
6 : 18095 18111 18096 183545 183527 189568 
6 : 18100 18106 18097 211582 193101 193111 
6 : 18101 18107 18102 212410 212405 237389 
6 : 18121 18125 18124 146494 146492 212609 
6 : 18295 18284 18294 64249 249966 64247 
6 : 18331 18346 18343 61386 61378 221532 
6 : 18447 18451 18458 70602 70612 99691 
6 : 18449 18448 18460 76599 95007 76610 
6 : 18463 18462 18446 249841 64152 64146 
6 : 18595 8081 18600 8086 97627 8099 
6 : 18598 18593 18597 20400 152610 20398 
6 : 18615 18627 18620 235843 235836 249756 
6 : 18630 18636 18634 27597 27595 116189 
6 : 18740 18753 18751 66360 66357 234120 
6 : 18742 18745 18750 73236 73242 156763 
6 : 18759 18764 18766 19819 19821 244014 
6 : 18772 18783 18780 79413 79409 192641 
6 : 18910 16349 18906 16379 163681 16361 
6 : 18912 18917 18915 37180 37178 89218 
6 : 18981 18984 18971 235111 95664 95671 
6 : 19102 19092 19096 70259 129899 70240 
6 : 19108 19103 19105 242222 257428 242216 
6 : 19116 19127 19126 117992 117991 223419 
6 : 19223 19214 19226 185611 256916 185616 
6 : 19271 19249 19254 73803 118022 73782 
6 : 19375 19387 19370 123356 46955 46972 
6 : 19376 19369 19371 44636 61175 44629 
6 : 19379 19368 19383 39898 231103 39904 
6 : 19406 19403 19393 200557 84302 84285 
6 : 19407 19405 19404 235109 223763 223751 
6 : 19528 19533 19537 70100 70104 197495 
6 : 19530 19538 19540 110720 110727 244946 
6 : 19539 19542 18387 252082 18414 18425 
6 : 19568 19576 19580 61955 61960 233251 
6 : 19681 19676 19683 165007 220298 165010 
6 : 19691 19706 19699 134912 134905 249178 
6 : 19701 11212 19702 11231 257505 11233 
6 : 19815 19820 19814 182480 178808 178817 
6 : 19827 19825 19839 41209 62690 41235 
6 : 19828 19840 19835 74116 74109 187691 
6 : 20001 19998 19990 255519 175751 175744 
6 : 20135 20131 20152 101861 179869 101877 
6 : 20261 20262 20265 82370 82374 127106 
6 : 20264 20267 20263 179000 178154 178163 
6 : 20335 20349 20330 96770 26950 26964 
6 : 20427 20424 20428 157228 227347 157229 
6 : 20436 20446 20450 63351 63352 176546 
6 : 20441 20433 20439 31076 98624 31074 
6 : 20443 20452 20434 138331 50514 50528 
6 : 20588 20583 20584 35574 97561 35560 
6 : 20589 20592 20590 194097 194093 223559 
6 : 20598 20594 20596 245482 257770 245475 
6 : 20710 20701 20706 73524 114327 73517 
6 : 20737 20732 20739 98638 239409 98642 
6 : 20930 20936 20922 193945 77457 77473 
6 : 20959 9788 20950 9813 188845 9801 
6 : 21042 21055 21062 28573 28582 249547 
6 : 21045 21059 21050 86819 86807 160687 
6 : 21196 21191 21202 81925 151059 81934 
6 : 21211 21221 21210 94490 59411 59440 
6 : 21215 13633 21212 13642 108280 13638 
6 : 21222 21214 21219 162778 245862 162773 
6 : 21372 21373 21376 150934 150935 152095 
6 : 21413 21409 21426 34869 130725 34882 
6 : 21421 21410 21420 51531 210235 51530 
6 : 21484 21490 21495 241746 241747 260612 
6 : 21504 21511 21508 181442 181436 213590 
6 : 21510 21496 21512 54959 237270 54966 
6 : 12468 21526 21522 12488 12479 174204 
6 : 21514 21528 21532 64320 64326 243829 
6 : 21517 21520 21530 99815 99834 125610 
6 : 21531 21525 21521 222077 139978 139966 
6 : 21544 21543 21534 195837 51252 51251 
6 : 13947 21679 21668 13965 13948 32021 
6 : 21671 21676 21681 117273 117287 206688 
6 : 21683 21670 21673 64109 173175 64094 
6 : 21699 21695 21700 212535 250155 212538 
6 : 21737 21731 21750 40641 122251 40666 
6 : 21817 21805 21788 212911 22078 22065 
6 : 21840 8108 21853 8117 122641 8136 
6 : 21855 21833 21852 27370 254667 27369 
6 : 21857 21841 21850 125615 244649 125604 
6 : 21987 21979 21975 201833 107857 107840 
6 : 22092 22100 22089 236048 198733 198740 
6 : 22097 22099 22090 258949 210092 210098 
6 : 22119 22124 22130 126894 126906 195807 
6 : 22123 22135 22126 192256 192245 225805 
6 : 22149 22138 22139 121127 134284 121109 
6 : 22152 22156 10777 243930 10807 10818 
6 : 22226 22229 22232 82932 82937 191162 
6 : 22243 22255 22247 138283 138278 218573 
6 : 22246 22249 22250 185874 185875 232070 
6 : 22248 3091 22244 3108 149938 3098 
6 : 22280 22293 22279 54899 42682 42698 
6 : 22289 22283 22288 106206 211623 106204 
6 : 22349 22342 22362 63388 159701 63398 
6 : 22370 2693 22375 2700 92743 2714 
6 : 22379 22372 22371 208818 197683 197664 
6 : 22387 22392 22386 135188 132436 132441 
6 : 22388 22397 22384 145790 111183 111201 
6 : 5863 22411 22407 5875 5869 146508 
6 : 22406 22409 22408 145646 145643 161989 
6 : 22415 22410 22422 175158 229620 175175 
6 : 22444 22441 22445 262625 264960 262626 
6 : 22514 22521 22522 92318 92320 264868 
6 : 22530 22526 22535 74695 185675 74702 
6 : 22532 22523 22529 23645 174273 23641 
6 : 22546 22550 22556 116786 116788 213503 
6 : 22673 22669 22665 253670 174776 174766 
6 : 22680 22685 22692 153780 153789 183310 
6 : 22715 22716 22703 220652 55279 55284 
6 : 22835 22849 22842 64580 64573 169725 
6 : 22852 22861 22857 37444 37439 80895 
6 : 22983 22986 22980 102811 60737 60745 
6 : 23002 22997 23006 129683 262023 129688 
6 : 23113 23110 23111 79342 105494 79339 
6 : 23117 3200 23108 3212 66456 3205 
6 : 23142 23133 23136 126768 149176 126758 
6 : 23147 23148 23139 261493 170744 170745 
6 : 23154 23160 23170 138805 138814 198810 
6 : 23165 23164 23159 227530 195156 195155 
6 : 23278 23277 23272 257801 63015 63013 
6 : 23287 13539 23292 13557 152997 13571 
6 : 23304 23305 23309 224672 224675 232736 
6 : 23314 23310 23301 255016 169891 169885 
6 : 23435 23439 23434 169599 168077 168088 
6 : 23571 23576 23579 123442 123449 241686 
6 : 23587 23593 23589 159469 159464 200662 
6 : 23599 23597 23585 260966 88476 88474 
6 : 23600 23586 23581 104291 62500 62469 
6 : 23615 23603 23622 91675 236223 91683 
6 : 23625 23619 23610 257445 200130 200122 
6 : 23736 23741 23740 150008 150003 254163 
6 : 23742 23749 23757 70220 70234 128512 
6 : 23752 23761 23745 186806 81167 81182 
6 : 23885 23891 23883 114513 64359 64374 
6 : 23943 23942 23934 229609 89626 89625 
6 : 24085 24081 24061 255030 33054 33050 
6 : 24110 24126 24119 44116 44109 195145 
6 : 24111 24127 24118 139704 139694 192232 
6 : 24113 2749 24114 2763 174056 2764 
6 : 24192 24194 24185 147062 40480 40482 
6 : 24237 24244 24235 137207 100750 100771 
6 : 24253 24270 24259 107734 107720 172140 
6 : 24307 24328 24319 69830 69821 241425 
6 : 24322 24315 24305 195968 44043 44037 
6 : 24372 24382 24371 173387 154132 154156 
6 : 24390 24389 24387 153467 124222 124221 
6 : 24411 24420 24409 124793 116820 116846 
6 : 24417 24416 24406 216753 78947 78946 
6 : 24564 24568 24573 222181 222186 243990 
6 : 24682 24683 24668 260734 40119 40120 
6 : 24688 24690 24698 84190 84197 125553 
6 : 24693 24691 24694 143016 184744 143017 
6 : 24699 24702 24692 249232 154120 154125 
6 : 24712 24726 24720 96992 96982 202453 
6 : 24827 24838 13991 101202 13995 14017 
6 : 24828 24834 24833 119772 119771 206461 
6 : 24844 24847 24848 143792 143796 183306 
6 : 24846 24840 24841 79543 86295 79538 
6 : 24858 24860 24866 188648 188652 206646 
6 : 24879 24881 24878 45468 37662 37664 
6 : 24974 18061 24976 18077 191742 18082 
6 : 24977 24980 24978 220805 220801 225855 
6 : 24990 24983 24993 172948 229048 172955 
6 : 25139 25133 25132 154836 150076 150054 
6 : 25172 25168 25171 240552 252620 240551 
6 : 25302 25300 25303 236624 240884 236625 
6 : 25325 25324 25314 223739 104277 104276 
6 : 25355 25357 25379 46236 46267 93683 
6 : 25425 25427 25438 113707 113723 156173 
6 : 25441 25463 25459 70130 70124 255627 
6 : 11901 25573 25567 11916 11909 139949 
6 : 25584 25580 25591 107841 209708 107858 
6 : 25612 25603 25605 222588 229919 222584 
6 : 24535 25711 25715 24539 24549 74995 
6 : 25710 25709 25713 32447 43835 32454 
6 : 25855 25853 25856 34427 82689 34430 
6 : 25858 25862 25859 225669 225657 232466 
6 : 25868 25871 25870 148467 148464 206907 
6 : 25877 25865 25863 82849 54545 54515 
6 : 26029 26032 26033 158100 158101 162052 
6 : 26030 26035 26031 158990 158984 161096 
6 : 22540 26077 26062 22551 22541 31567 
6 : 21288 26196 26188 21310 21298 105257 
6 : 26218 26231 26228 90356 90350 216882 
6 : 26226 26220 26224 143363 179260 143360 
6 : 20184 26505 26509 20198 20210 172714 
6 : 26500 26512 26508 29331 29326 254162 
6 : 26683 13180 26675 13203 220420 13193 
6 : 26700 26688 26702 58600 251224 58603 
6 : 26705 26704 26699 265293 245415 245414 
6 : 26845 13264 26844 13279 106672 13274 
6 : 26860 26862 26861 168312 168311 205066 
6 : 26906 26903 26891 242039 111199 111193 
6 : 26984 26983 26981 94909 59323 59316 
6 : 26991 26988 26980 208228 47416 47412 
6 : 27001 27006 27003 37777 37772 71645 
6 : 27036 27039 27038 211410 211407 218761 
6 : 5286 27071 27061 5311 5300 203168 
6 : 27051 27054 27069 48209 48227 100351 
6 : 27184 27165 27173 31550 188210 31531 
6 : 27219 27214 27223 125164 196699 125170 
6 : 27466 27474 27489 45066 45083 176191 
6 : 27510 27516 27515 244380 244379 261809 
6 : 27580 27586 27587 182123 182124 259946 
6 : 27613 27632 27625 51874 51866 225025 
6 : 27626 27635 27614 234358 57090 57100 
6 : 27650 27651 27647 231004 187847 187848 
6 : 27743 27738 27739 183589 190340 183580 
6 : 11313 27755 27758 11319 11326 138649 
6 : 27749 27760 27752 103912 103901 133829 
6 : 27764 27754 27759 138445 221413 138439 
6 : 27888 27890 27897 93324 93331 126421 
6 : 28047 28046 28051 67274 144436 67285 
6 : 28059 28048 21592 168042 21626 21603 
6 : 28065 28064 28066 123178 133563 123180 
6 : 28067 28070 28069 187182 187181 221619 
6 : 28081 13660 28091 13666 147760 13677 
6 : 28105 28104 28114 97654 123223 97661 
6 : 28132 28149 28144 174539 174532 257335 
6 : 13476 28200 28199 13501 13498 262338 
6 : 28187 28197 28193 150765 150762 223035 
6 : 28191 28186 28184 116044 39280 39270 
6 : 28205 28201 28214 34660 184698 34675 
6 : 28353 28349 28362 128145 182775 128154 
6 : 15873 28368 28371 15878 15885 62996 
6 : 28378 28365 28373 32265 167984 32249 
6 : 28381 28396 28390 63298 63294 238776 
6 : 28385 28392 28379 138923 32135 32144 
6 : 28524 28520 28519 191761 189906 189896 
6 : 28559 28566 28578 131972 131980 227879 
6 : 28655 28660 28654 117732 94055 94063 
6 : 28686 28685 28678 239695 157154 157144 
6 : 28723 28730 28737 112695 112708 196669 
6 : 28836 28837 28843 81876 81890 99579 
6 : 28845 28841 28838 194595 154926 154921 
6 : 28860 28862 28854 195406 91031 91037 
6 : 28861 28852 5649 69845 5672 5656 
6 : 29029 29035 29036 227446 227447 263215 
6 : 29030 29020 29024 144521 183169 144519 
6 : 29043 29038 29046 75128 142301 75134 
6 : 29054 29042 29048 137732 187769 137726 
6 : 29058 29056 29051 256547 246167 246165 
6 : 29067 29062 29073 33206 117182 33217 
6 : 29131 29132 29137 146748 146753 225075 
6 : 29133 29136 29130 230419 115152 115157 
6 : 23179 27548 29145 23177 23186 27552 
6 : 29146 29149 29154 160100 160107 177868 
6 : 29180 29162 29168 46630 139415 46614 
6 : 29296 29303 29305 70364 70366 236926 
6 : 29304 29302 29298 213266 132052 132049 
6 : 19872 29324 29327 19889 19894 247328 
6 : 29322 29332 29325 245938 245935 253414 
6 : 29462 29458 29465 152179 238799 152183 
6 : 29466 29463 29459 244792 173703 173693 
6 : 29468 29471 29467 88905 58612 58624 
6 : 29479 29483 29473 254643 219822 219825 
6 : 29519 29418 4389 29423 4400 4388 
6 : 29619 29614 29613 43960 40646 40636 
6 : 29659 29671 29664 58533 58527 136155 
6 : 29674 29677 29661 224943 77718 77722 
6 : 29775 29763 29766 151689 207810 151679 
6 : 29790 29788 29785 206814 196833 196831 
6 : 29837 29832 29843 38218 69308 38230 
6 : 29927 29934 29926 193432 183558 183571 
6 : 29936 29923 29933 123888 246781 123880 
6 : 30058 30061 30055 80530 43156 43166 
6 : 30065 30069 30067 220683 220681 228823 
6 : 30089 30093 274 233228 302 311 
6 : 30092 30079 30094 133958 259396 133961 
6 : 30098 18134 30095 18142 62282 18137 
6 : 30117 30100 30099 123022 113166 113139 
6 : 30232 30225 30223 148415 138884 138859 
6 : 30236 30240 30238 57042 57040 65480 
6 : 30239 30247 30256 66731 66742 172214 
6 : 30271 30264 30267 122862 166630 122859 
6 : 30386 30382 30387 37486 110270 37487 
6 : 30394 30389 30396 154598 230687 154606 
6 : 30417 27611 30402 27634 83363 27616 
6 : 30424 30425 30430 111003 111010 120613 
6 : 30477 30474 30473 77448 68530 68520 
6 : 30539 30532 30527 217660 127741 127731 
6 : 30542 30538 30535 253429 242628 242624 
6 : 30581 30573 30562 208648 78417 78409 
6 : 30583 30579 30582 236173 251594 236172 
6 : 30595 30602 30597 125409 125406 153360 
6 : 30703 30718 30707 86815 86801 126580 
6 : 30746 28583 30752 28610 258531 28617 
6 : 30852 30850 30844 231573 182571 182568 
6 : 30856 30855 14518 258514 14552 14549 
6 : 30857 3053 30866 3057 49601 3075 
6 : 30873 30859 30861 103517 108787 103490 
6 : 31011 31008 31015 115487 148943 115498 
6 : 31030 31032 31033 197128 197130 223930 
6 : 31031 31037 31022 214713 50374 50384 
6 : 31045 31040 31060 42353 73924 42375 
6 : 31154 31159 31153 154071 132752 132758 
6 : 31182 31185 31174 227279 146981 146989 
6 : 29485 31199 31191 29496 29486 50908 
6 : 31206 6399 31198 6418 158500 6411 
6 : 31299 31308 31300 178533 178522 219484 
6 : 31302 31314 31313 222837 222836 265064 
6 : 31446 31457 28400 55343 28402 28417 
6 : 31459 31458 31456 257823 244899 244898 
6 : 31486 31492 31474 247566 34556 34562 
6 : 31493 31479 31485 156240 243993 156234 
6 : 31502 31496 31499 135013 158913 135011 
6 : 4108 31598 31597 4121 4120 219537 
6 : 31649 31644 28312 137448 28338 28327 
6 : 27166 31773 31767 27175 27169 146530 
6 : 31781 31769 31784 154127 264809 154130 
6 : 31783 31776 31779 238061 254853 238053 
6 : 31788 31790 31803 125139 125145 138305 
6 : 23239 31915 31904 23268 23242 93941 
6 : 31929 31923 31936 118215 188843 118224 
6 : 31946 31943 31944 99817 112428 99814 
6 : 32034 32039 32045 132275 132279 198419 
6 : 32061 27971 32051 27997 93428 27976 
6 : 32215 32216 32213 53035 40182 40184 
6 : 32372 32370 32374 146865 183214 146868 
6 : 32400 32407 32392 229377 119742 119750 
6 : 32514 32521 32516 71111 71103 200586 
6 : 21970 32537 32544 21980 21988 228978 
6 : 32531 32543 32532 78062 78049 144601 
6 : 32562 32565 32559 244218 192923 192929 
6 : 32566 32589 32567 45994 45968 60702 
6 : 32656 32670 32658 98360 98342 144529 
6 : 32850 32853 32840 254517 184872 184881 
6 : 32852 32855 32851 262030 257825 257830 
6 : 32870 32858 32873 87244 260533 87247 
6 : 32942 32947 32952 128326 128337 203681 
6 : 32946 32954 32953 200036 200035 262477 
6 : 32958 32960 3054 49847 3058 3064 
6 : 32972 32985 32975 90537 90527 198063 
6 : 32976 32974 32986 169316 202321 169327 
6 : 33093 33090 33101 77665 173621 77677 
6 : 33099 33096 33094 212821 178443 178434 
6 : 33110 9849 23034 9866 23047 9848 
6 : 33111 33116 33115 207692 207689 256482 
6 : 33126 33134 33131 165744 165742 236235 
6 : 33128 33124 33123 158230 148271 148266 
6 : 33132 33130 33127 229655 175283 175274 
6 : 33245 33262 33267 48389 48398 222982 
6 : 33257 33255 33246 172787 63444 63443 
6 : 13182 33308 33315 13189 13199 194889 
6 : 33310 33316 33302 219196 130384 130396 
6 : 33322 33327 33335 38251 38263 98989 
6 : 33403 33395 33402 45766 185191 45765 
6 : 33415 33432 26638 100847 26644 26667 
6 : 33433 33417 33430 118929 255032 118926 
6 : 33552 33556 33554 205655 205651 222864 
6 : 33553 33558 33559 217739 217740 246735 
6 : 33593 33595 33586 182896 89974 89977 
6 : 33698 33709 27263 90890 27268 27281 
6 : 33706 33701 33708 103137 222632 103139 
6 : 33727 33715 33720 80907 175474 80899 
6 : 33755 33732 33754 52827 257228 52826 
6 : 33858 33859 33868 183635 183654 201586 
6 : 33861 33866 33862 224881 224877 243726 
6 : 33872 33874 33877 149065 149070 192885 
6 : 33878 33880 33871 247278 121339 121344 
6 : 33892 33891 33903 162691 167861 162706 
6 : 33897 33885 33888 106585 133535 106572 
6 : 33951 33929 33944 140379 257766 140372 
6 : 34008 34014 34024 83830 83838 167856 
6 : 31069 34052 34046 31094 31085 205941 
6 : 34034 34041 34053 105962 105973 166078 
6 : 18135 34058 34067 18138 18147 74451 
6 : 30899 34063 34069 30907 30914 112291 
6 : 6717 34160 34166 6722 6741 122796 
6 : 34178 34169 34184 42261 244445 42267 
6 : 34183 34180 34182 246977 257463 246975 
6 : 34203 34200 34205 247275 255251 247277 
6 : 34231 34224 34220 244243 227816 227804 
6 : 34305 34306 34313 160251 160257 167406 
6 : 34312 34310 34315 218781 236467 218786 
6 : 34322 34327 34334 75850 75861 186035 
6 : 34337 34360 34344 60697 60682 130263 
6 : 34415 34417 34409 249254 206175 206178 
6 : 34470 34476 34477 101324 101326 164920 
6 : 34483 34503 34484 63952 63928 88291 
6 : 34491 34500 34492 210359 210353 225800 
6 : 34494 1646 34496 1662 241218 1668 
6 : 34611 34616 2315 224027 2338 2349 
6 : 34617 34614 34608 250336 166897 166892 
6 : 34635 34651 34646 55976 55969 249612 
6 : 34639 34647 34642 99288 99283 188174 
6 : 34676 34656 34661 98384 191027 98369 
6 : 34756 34768 34760 131034 131025 185442 
6 : 34777 34787 32473 170599 32485 32504 
6 : 34899 34900 34912 55485 55503 57508 
6 : 34916 34945 34920 60734 60712 121971 
6 : 34970 34983 34973 122541 122536 157343 
6 : 35034 35022 35033 106389 241543 106386 
6 : 35064 35057 35052 95490 57202 57195 
6 : 35201 35204 35203 81348 81345 126551 
6 : 35215 35216 35212 263188 246739 246741 
6 : 35240 35251 35245 39251 39243 101865 
6 : 35246 35243 35250 59719 112254 59729 
6 : 35258 30313 35241 30339 48291 30314 
6 : 35338 3855 35339 3857 48346 3859 
6 : 35346 35349 35342 180383 147392 147400 
6 : 35358 35360 35357 64584 59449 59452 
6 : 35372 35364 35361 193110 110704 110688 
6 : 35376 35365 35368 200362 228097 200354 
6 : 35480 35486 35482 94264 94258 185647 
6 : 35490 35498 35508 44609 44626 215191 
6 : 35512 35525 35528 108026 108028 251945 
6 : 35621 35623 35624 106768 106770 172467 
6 : 35630 35620 35632 79533 247479 79537 
6 : 23822 35637 35634 23828 23825 63386 
6 : 11953 35097 35669 11952 11972 35115 
6 : 35664 35660 35663 153155 182653 153148 
6 : 35673 30119 35667 30143 223927 30130 
6 : 35758 35772 35767 103438 103429 239777 
6 : 35798 35802 35811 156176 156192 179962 
6 : 35915 35914 35911 254050 242423 242412 
6 : 35916 35929 35919 61753 61739 122203 
6 : 35917 35926 35921 79887 79876 135938 
6 : 33784 36067 36065 33812 33805 227374 
6 : 36063 36059 36058 62000 55550 55537 
6 : 36106 36111 36110 224459 224457 238536 
6 : 36187 23763 36193 23767 145932 23778 
6 : 36201 36212 36200 104856 79674 79691 
6 : 36207 36205 36208 158973 198792 158975 
6 : 36273 36247 36264 52214 228458 52204 
6 : 36343 36346 36348 178624 178629 236913 
6 : 36353 36365 36354 151375 151359 154565 
6 : 36357 36362 36361 174811 174808 216188 
6 : 36367 36363 36372 241234 254100 241237 
6 : 36509 36516 36513 48601 48599 142719 
6 : 36552 36562 5814 144032 5824 5842 
6 : 36563 36557 36559 239763 245022 239758 
6 : 36624 36614 36610 238273 214183 214173 
6 : 36630 36641 36632 51873 51854 75552 
6 : 36638 36637 36640 197373 209128 197378 
6 : 36663 36646 36651 42107 163398 42091 
6 : 36684 36666 36688 99517 248485 99520 
6 : 36788 36804 36794 45640 45630 139535 
6 : 36800 35786 36793 35804 116383 35793 
6 : 36810 36808 36811 104445 155497 104446 
6 : 36817 36806 36821 47204 232001 47211 
6 : 36948 36946 36950 154000 175640 154009 
6 : 4753 36967 36966 4774 4773 233659 
6 : 36958 36956 24023 85430 24031 24027 
6 : 36960 36961 36955 170770 78914 78917 
6 : 36977 36992 36974 103770 81310 81342 
6 : 32989 37031 37040 32996 33003 109913 
6 : 37034 37042 37050 155699 155709 213149 
6 : 37093 37090 37100 77846 219879 77861 
6 : 37115 37101 37107 101514 226370 101507 
6 : 37125 37139 37127 191102 191091 210256 
6 : 37131 37120 37140 73412 227729 73427 
6 : 37137 37135 37119 247788 57654 57646 
6 : 37186 37190 37187 211857 211855 221405 
6 : 37407 37406 37405 255699 253703 253702 
6 : 37411 37418 37432 81268 81280 166804 
6 : 37413 37427 37425 95769 95767 216185 
6 : 37415 37410 37434 72719 117261 72745 
6 : 37430 37426 37416 217399 155469 155460 
6 : 37453 37437 37442 38106 155562 38097 
6 : 37576 37573 37578 43299 121090 43305 
6 : 37577 37574 37588 46082 142102 46100 
6 : 27316 37615 37624 27323 27331 127597 
6 : 37706 37715 37703 156006 78400 78416 
6 : 37713 37716 37702 224884 76374 76380 
6 : 37714 37709 37708 208646 189158 189154 
6 : 37717 37712 37721 219528 252129 219530 
6 : 37718 14611 37711 14631 216384 14624 
6 : 37728 37725 37736 51208 155012 51228 
6 : 37871 37873 37864 217384 80539 80542 
6 : 37887 37880 9231 67688 9254 9233 
6 : 37890 37885 37888 245762 261998 245758 
6 : 38012 38024 38020 66852 66848 238435 
6 : 38028 38033 38044 90271 90286 169522 
6 : 38051 38050 38057 116777 146586 116783 
6 : 38086 38084 38076 244227 178166 178164 
6 : 38164 38163 38159 246548 177772 177764 
6 : 38197 38211 38200 157064 157054 169503 
6 : 4754 38257 38268 4764 4777 164856 
6 : 38313 38320 38308 241498 53214 53222 
6 : 38322 38327 38337 50619 50628 126684 
6 : 38331 38328 38333 137442 167382 137446 
6 : 38343 38330 38326 152112 114132 114114 
6 : 38356 38353 38352 175330 171204 171199 
6 : 38362 38363 35157 246815 35184 35185 
6 : 38380 38373 21115 143869 21133 21126 
6 : 38466 38467 38459 223345 95921 95925 
6 : 38496 38512 38495 133032 78534 78555 
6 : 38677 38690 38686 69720 69716 185641 
6 : 38765 38766 38764 141999 129972 129979 
6 : 38768 38763 38767 108069 224962 108060 
6 : 38773 38778 38781 103097 103102 252400 
6 : 38903 38910 38912 69040 69044 237785 
6 : 38918 38926 38915 120489 62319 62336 
6 : 38925 38929 38919 236587 133176 133183 
6 : 38966 38972 38981 181223 181233 233828 
6 : 39061 39062 39069 201023 201035 203558 
6 : 39083 39088 39084 192185 192176 233680 
6 : 39086 39077 39073 125153 50126 50102 
6 : 39099 39104 39089 215043 43027 43041 
6 : 39109 39093 39094 129531 153274 129519 
6 : 31190 39112 39123 31197 31207 140448 
6 : 39125 39114 39124 177789 244735 177788 
6 : 39203 39193 20841 56245 20861 20844 
6 : 39220 39218 39211 251466 121503 121499 
6 : 39349 39338 39347 52073 249238 52070 
6 : 39350 39341 39339 143052 79722 79702 
6 : 39354 39353 39368 129093 154857 129116 
6 : 39356 25991 39357 26005 188743 26007 
6 : 39367 39365 39362 257059 237297 237294 
6 : 39380 39382 39377 219679 189177 189184 
6 : 39384 39387 35591 242214 35607 35610 
6 : 17567 39488 39476 17593 17573 89216 
6 : 39484 39487 39483 251829 250175 250180 
6 : 39492 39500 39497 140220 140214 217320 
6 : 39496 39493 7328 144897 7353 7340 
6 : 39509 39516 39505 233349 125600 125614 
6 : 39638 39633 39645 163727 232505 163738 
6 : 39671 39677 39663 197874 50518 50533 
6 : 39801 39785 39797 77281 221740 77275 
6 : 39818 39819 39822 236269 236272 251163 
6 : 39836 39844 39846 226931 226933 256440 
6 : 39855 39875 39859 64228 64215 149948 
6 : 39916 39920 34076 183452 34089 34102 
6 : 39923 39936 39927 141657 141650 173145 
6 : 39932 39940 39930 229011 213373 213383 
6 : 16436 39955 39944 16454 16437 77524 
6 : 39518 39982 39983 39547 39548 258114 
6 : 39972 39976 39971 210669 197244 197252 
6 : 40066 40062 40072 50614 63423 50632 
6 : 40091 40080 40096 176169 248361 176174 
6 : 10206 40137 40133 10216 10211 151608 
6 : 40146 40131 40139 124693 194917 124682 
6 : 40162 40174 40156 194262 123744 123767 
6 : 40223 35158 40224 35181 236795 35182 
6 : 40227 40218 40225 126537 246816 126536 
6 : 40229 40221 40226 210527 249720 210524 
6 : 40236 40243 40244 126295 126297 261786 
6 : 40251 30814 40250 30820 94051 30819 
6 : 40255 40248 40263 43774 201019 43786 
6 : 40298 40316 40314 81819 81816 251004 
6 : 19113 40386 27767 19132 19112 27786 
6 : 40569 40568 40565 238211 219585 219584 
6 : 40601 40582 40579 202299 187081 187058 
6 : 40671 40674 40680 70506 70509 117517 
6 : 40675 40677 40676 124043 124042 169314 
6 : 40681 40672 40682 90534 246686 90539 
6 : 40694 40699 40683 255605 62878 62879 
6 : 40831 40836 40841 91003 91010 181327 
6 : 40935 40940 40924 234894 141496 141502 
6 : 41001 41000 41002 242099 253047 242106 
6 : 41028 41027 41015 260101 204576 204574 
6 : 41074 41064 41069 168525 239741 168522 
6 : 41162 41161 41154 242864 185300 185298 
6 : 17249 41166 41168 17251 17255 77683 
6 : 41174 41173 41178 188800 203150 188803 
6 : 41184 41201 41197 53657 53653 219302 
6 : 41207 41191 41187 125013 86011 85989 
6 : 41295 41312 41310 41357 41356 256935 
6 : 41297 41308 41304 102848 102844 231892 
6 : 41325 41336 41327 169090 169081 183156 
6 : 41333 41326 41321 176186 79613 79606 
6 : 41384 41385 41370 257699 135388 135389 
6 : 41430 41433 41431 249406 249405 265092 
6 : 15957 41437 41441 15958 15960 79875 
6 : 31443 41461 41460 31449 31448 118374 
6 : 41462 41463 41471 143644 143653 183385 
6 : 41579 41573 41585 78128 188782 78143 
6 : 41625 41619 41629 75896 182635 75901 
6 : 41630 41634 41618 231225 49280 49282 
6 : 41670 41672 41695 88972 88997 106722 
6 : 41766 27519 41769 27534 193990 27541 
6 : 41774 41761 41760 125089 117099 117070 
6 : 41867 41866 41868 53782 113768 53784 
6 : 41876 41871 41870 169497 167030 167016 
6 : 41889 41895 41880 242123 66331 66340 
6 : 42033 42034 42026 258928 212029 212030 
6 : 42036 42038 42047 53282 53291 90103 
6 : 42048 42041 42044 128729 187503 128725 
6 : 42052 42039 33348 105645 33385 33354 
6 : 42187 42189 42191 239661 239666 244171 
6 : 42194 42206 42197 43843 43836 187567 
6 : 42218 42216 13542 175273 13566 13561 
6 : 42234 42222 42229 45401 148134 45396 
6 : 42308 42306 42320 54758 82295 54777 
6 : 42316 42315 42312 226063 147631 147630 
6 : 42346 42342 42348 202555 243503 202557 
6 : 42441 42450 42448 76291 76290 188289 
6 : 42447 42449 42452 186247 186254 204463 
6 : 42460 24708 42462 24721 206053 24722 
6 : 42602 42596 42607 70465 210993 70476 
6 : 42603 42601 42605 187539 241105 187543 
6 : 42604 42606 42597 253550 79087 79095 
6 : 42609 42625 42614 68466 68452 167236 
6 : 42610 42619 42616 71750 71746 215803 
6 : 42618 42608 8286 64401 8305 8288 
6 : 42629 42642 42637 53026 53021 213300 
6 : 42636 42632 41531 119496 41557 41539 
6 : 42767 42766 4682 254677 4714 4712 
6 : 42937 42930 42922 206548 80771 80764 
6 : 42959 22787 42960 22808 201401 22809 
6 : 43054 43061 43057 156803 156799 246995 
6 : 43055 43056 43053 182033 156075 156078 
6 : 34335 43063 5017 34338 5015 5018 
6 : 43084 43087 43083 155435 61563 61569 
6 : 43198 43194 43204 136664 209887 136676 
6 : 43229 43257 43247 44939 44930 227023 
6 : 43371 43377 43375 55092 55086 125017 
6 : 43403 43402 43399 215811 166438 166436 
6 : 43535 43540 43528 231187 149940 149949 
6 : 43573 43578 43567 189255 99341 99348 
6 : 43585 25058 43580 25095 240431 25084 
6 : 43659 43666 43660 100053 100040 102404 
6 : 43682 43685 43690 180569 180576 205156 
6 : 43696 43712 43693 148542 82832 82851 
6 : 43715 43721 43719 51454 51452 150368 
6 : 43716 43727 43720 54874 54869 159176 
6 : 43800 43802 43807 231283 231286 251717 
6 : 43816 43829 34793 123373 34806 34822 
6 : 43824 43814 43827 96125 233702 96127 
6 : 43839 43837 43841 196809 239566 196814 
6 : 43862 43860 43848 181046 62295 62292 
6 : 44101 44112 44110 93857 93852 195916 
6 : 44137 44123 44140 124138 259480 124140 
6 : 44142 44126 44136 165857 255666 165854 
6 : 44240 44246 32475 138442 32484 32503 
6 : 44251 44254 40180 50727 40181 40189 
6 : 44256 44252 276 87596 288 281 
6 : 44376 44379 44387 92693 92705 180376 
6 : 44381 44382 44388 219221 219236 221980 
6 : 44404 31368 44392 31391 83501 31372 
6 : 44415 44413 44421 99870 137237 99882 
6 : 44418 44419 44414 163012 109417 109420 
6 : 44425 44416 44428 137900 253974 137901 
6 : 44444 44447 44439 133390 63133 63139 
6 : 44472 44487 44485 116689 116680 249970 
6 : 44477 44474 44466 168155 56694 56688 
6 : 44522 44521 44534 141809 153166 141831 
6 : 44554 44570 44561 54216 54208 148164 
6 : 44555 26084 44556 26087 58001 26088 
6 : 44603 44607 44623 152506 152515 206555 
6 : 44670 44678 44673 98975 98966 234175 
6 : 37724 44690 44695 37735 37739 239890 
6 : 44685 44684 44687 178175 183293 178177 
6 : 44707 44705 44699 142914 75692 75690 
6 : 44737 44732 44727 231345 171941 171934 
6 : 44833 44832 18704 232372 18735 18725 
6 : 44852 44842 44850 147942 232699 147936 
6 : 44977 44988 44986 85714 85710 218559 
6 : 44984 44980 44989 167122 204083 167133 
6 : 44993 44995 44990 138823 60740 60743 
6 : 45006 44998 44991 207489 78390 78380 
6 : 45027 45010 45029 83712 255574 83714 
6 : 44858 45034 45044 44861 44872 86116 
6 : 45161 45153 45152 106268 93390 93367 
6 : 45174 45177 45175 170887 170884 189176 
6 : 45221 45240 45241 118368 118371 262851 
6 : 45291 45292 13895 146821 13909 13915 
6 : 45293 45295 45289 212625 138733 138735 
6 : 45294 45290 45285 145435 49516 49507 
6 : 45322 45316 45323 233988 263590 233989 
6 : 45347 45333 45343 209250 260084 209244 
6 : 45417 45415 45420 113963 157500 113971 
6 : 45424 45426 45423 259557 244232 244234 
6 : 45444 45448 45430 238017 94039 94047 
6 : 45463 45458 45456 140930 95809 95791 
6 : 45464 45465 28152 256231 28175 28178 
6 : 45491 45480 45488 183685 246707 183678 
6 : 45566 45574 45571 83960 83946 216910 
6 : 45567 45570 45573 120355 120361 213932 
6 : 31342 45580 5171 31353 5169 5186 
6 : 45647 28313 45638 28347 214861 28335 
6 : 45714 45715 45712 115232 84955 84959 
6 : 45717 45721 45720 171522 171520 246986 
6 : 45728 45738 45739 162491 162492 254771 
6 : 45730 45726 3577 118459 3589 3583 
6 : 45746 1810 45752 1822 157892 1835 
6 : 45755 45743 16350 88349 16377 16355 
6 : 45851 45859 45863 219758 219760 259521 
6 : 45866 45878 45869 96459 96450 161422 
6 : 45876 45868 15750 160968 15777 15760 
6 : 45880 45877 45864 246355 48150 48145 
6 : 45887 45899 45885 93071 75426 75441 
6 : 45888 45901 45898 98495 98491 226023 
6 : 46013 46015 46011 200353 163961 163964 
6 : 46014 46021 46017 201892 201887 237386 
6 : 46022 46004 46010 59479 161088 59454 
6 : 46140 46149 46148 107945 107941 238874 
6 : 46142 46138 46151 61310 138566 61328 
6 : 46157 46153 46165 46522 101598 46543 
6 : 46164 46154 2475 76572 2504 2480 
6 : 36217 46198 46203 36225 36237 189790 
6 : 46328 46307 46310 48872 74594 48846 
6 : 46418 46420 46419 207323 207319 236551 
6 : 24729 46441 46430 24754 24736 145581 
6 : 46440 46425 46426 64286 65237 64260 
6 : 46557 46552 46559 154113 218234 154115 
6 : 46563 46567 46558 253617 229745 229753 
6 : 46572 46574 46584 106637 106645 149668 
6 : 46575 46578 46570 166501 85724 85730 
6 : 46600 46592 46604 183488 245039 183492 
6 : 46629 19028 46618 19057 185902 19040 
6 : 46705 46704 46702 152231 53204 53201 
6 : 46723 46720 46730 130778 216674 130785 
6 : 46813 46804 46810 236428 259897 236425 
6 : 46853 46862 46858 155135 155126 234303 
6 : 46863 738 46856 764 215371 753 
6 : 46876 46869 46875 127806 242235 127805 
6 : 8708 46887 46890 8724 8730 225679 
6 : 46880 46882 46892 90802 90817 108601 
6 : 47005 47004 47001 232290 210826 210824 
6 : 47141 47138 47128 261210 58484 58480 
6 : 47155 47150 47149 161194 156153 156149 
6 : 47159 47147 47164 147529 217184 147533 
6 : 47175 47174 47173 125563 113651 113650 
6 : 47286 12621 47291 12627 132178 12636 
6 : 47292 47288 47296 180950 233874 180955 
6 : 47297 47294 92 260894 119 115 
6 : 47300 47311 16386 63733 16387 16415 
6 : 46332 47334 47327 46357 46349 243562 
6 : 47321 47331 47315 221899 165046 165055 
6 : 47434 47431 47438 118331 175009 118341 
6 : 13662 47444 7803 13667 7802 7814 
6 : 47454 10429 47455 10454 258877 10457 
6 : 47456 47448 47449 210139 228610 210126 
6 : 9821 47593 47594 9843 9846 264439 
6 : 47583 47590 47586 69721 69719 221684 
6 : 47589 47587 47584 225689 129788 129787 
6 : 47608 47599 47614 132817 227861 132820 
6 : 47643 47638 47641 251993 261766 251991 
6 : 47731 47734 47744 60124 60141 141905 
6 : 47737 47746 47740 217009 217002 241898 
6 : 47752 47761 47759 164810 164807 254212 
6 : 47760 47750 47749 103371 91298 91270 
6 : 47762 47768 47769 68192 68193 196327 
6 : 14637 47778 47799 14639 14662 62152 
6 : 47874 47875 47876 178694 178700 190706 
6 : 47887 47882 47886 135335 215689 135330 
6 : 47910 47897 47899 111809 163087 111794 
6 : 48039 48040 48034 199811 86997 86998 
6 : 48057 48065 10111 208543 10122 10141 
6 : 48086 48091 48092 260193 260194 265400 
6 : 48159 48160 48158 180932 99505 99507 
6 : 48250 48255 48246 177797 143256 143266 
6 : 48302 48303 15442 99281 15454 15462 
6 : 11243 48318 48317 11259 11258 218022 
6 : 48316 48311 48312 99597 110934 99590 
6 : 48443 48442 48453 122998 126067 123020 
6 : 48468 48481 48475 207502 207495 242179 
6 : 48539 48511 48520 76789 167342 76769 
6 : 48586 48592 48589 129965 129959 234168 
6 : 48636 48627 48631 202599 231296 202592 
6 : 48638 48616 48620 48870 109819 48848 
6 : 48641 48656 48655 71193 71192 229674 
6 : 48732 48729 48734 65733 185714 65739 
6 : 48741 48736 48731 259082 170459 170452 
6 : 48759 48758 48770 111618 137727 111628 
6 : 48874 48875 48878 73398 73410 106233 
6 : 48890 48886 48888 158789 193697 158788 
6 : 48900 48889 48898 196732 260713 196728 
6 : 48968 48980 48978 181636 181635 230751 
6 : 49057 49053 49067 119090 174175 119111 
6 : 49073 49077 49084 149051 149055 196824 
6 : 49162 49172 49171 76727 76725 264269 
6 : 49181 49177 49183 232695 249700 232706 
6 : 49185 49195 49200 58842 58845 224315 
6 : 49192 49186 49203 71618 197125 71640 
6 : 49300 49298 49301 207539 229307 207543 
6 : 49326 49331 49324 104564 60118 60130 
6 : 49332 49340 49337 194656 194651 242427 
6 : 49444 5235 49453 5236 57428 5252 
6 : 14050 49565 49567 14055 14062 92250 
6 : 49580 49588 49576 220373 172490 172499 
6 : 49589 49585 49587 256201 259542 256199 
6 : 49632 49634 49629 240675 238479 238483 
6 : 49748 49736 22304 98014 22329 22308 
6 : 49837 49836 49842 101361 122888 101370 
6 : 49591 49856 49859 49605 49607 217693 
6 : 49858 49851 49861 156084 247733 156089 
6 : 49870 49875 49868 158820 138001 138020 
6 : 47218 49886 49903 47223 47240 82845 
6 : 49978 49996 49992 98519 98510 216775 
6 : 49979 49994 49987 112818 112814 184619 
6 : 49988 49982 49984 157730 165094 157728 
6 : 49997 50008 50000 53988 53977 87063 
6 : 50027 50022 50012 187191 50075 50067 
6 : 50046 50048 50051 167681 167684 188354 
6 : 50132 50139 50138 138075 138070 242037 
6 : 50141 50143 50135 258919 186327 186332 
6 : 50155 50147 50058 131379 50081 50063 
6 : 33412 50171 50175 33424 33428 220204 
6 : 50182 50177 50176 260103 250494 250489 
6 : 50185 50197 15443 81149 15449 15469 
6 : 50262 50261 50267 107232 151428 107245 
6 : 50266 5652 43009 5671 43026 5651 
6 : 50269 50268 50264 254936 173718 173717 
6 : 50271 50274 50280 78513 78522 194354 
6 : 50291 50287 50289 180791 190422 180789 
6 : 50393 50398 50400 123802 123804 226426 
6 : 50396 50392 50401 67985 165026 67995 
6 : 50423 50411 50420 123606 250143 123605 
6 : 50546 50544 50538 202247 66765 66760 
6 : 50553 50559 50554 140967 140960 167802 
6 : 50562 50555 50563 190782 264353 190783 
6 : 50606 16966 50608 16984 253254 16988 
6 : 50679 50682 50680 196384 196383 202589 
6 : 50824 50819 50825 144880 230376 144881 
6 : 50829 16294 50827 16316 245861 16313 
6 : 18268 50834 50830 18273 18269 79176 
6 : 50839 50835 50841 234677 264329 234678 
6 : 50896 50920 50897 70409 70393 97324 
6 : 50966 50974 20548 129205 20552 20572 
6 : 50976 50977 50964 260961 120386 120388 
6 : 50979 51117 51119 50991 50992 226243 
6 : 38871 27228 51132 27227 38885 27241 
6 : 51135 51129 51142 82217 224186 82227 
6 : 51271 51268 51276 67838 160539 67846 
6 : 51284 19625 51272 19652 161888 19637 
6 : 51311 51318 51324 166205 166210 237285 
6 : 51313 51308 45387 67417 45398 45388 
6 : 51332 51334 51329 78779 55540 55541 
6 : 51427 51425 51428 234096 252747 234099 
6 : 51438 19456 51437 19468 209229 19467 
6 : 51475 51477 51486 207748 207763 209669 
6 : 51496 51493 51501 107805 155437 107811 
6 : 51546 51556 51545 139716 138555 138569 
6 : 51552 51554 51557 245529 245535 252365 
6 : 51558 51559 51562 58123 58128 83065 
6 : 51645 51628 51639 82550 236704 82545 
6 : 51712 51718 51716 161851 161845 217930 
6 : 51713 51715 51719 176787 176796 212881 
6 : 51736 51737 51748 204359 204372 213594 
6 : 51834 51839 51832 170743 149167 149184 
6 : 23931 51844 51852 23937 23947 137453 
6 : 51849 51845 51847 152106 243119 152102 
6 : 51861 51872 51855 194635 80795 80809 
6 : 51869 51859 51876 177802 240400 177813 
6 : 51878 51888 51894 70101 70108 224357 
6 : 51884 51879 51900 72269 190696 72286 
6 : 51971 51974 51982 100426 100441 148648 
6 : 51978 51983 51972 215053 113275 113286 
6 : 52003 52004 52007 250024 250032 254096 
6 : 52017 52023 52024 194764 194766 259810 
6 : 52084 52080 8454 106858 8465 8457 
6 : 52125 52131 52143 157208 157220 218257 
6 : 52134 52121 52128 143291 189358 143281 
6 : 52168 52173 52189 54368 54388 85050 
6 : 31023 36526 52248 31021 31024 36527 
6 : 52252 52260 52256 168718 168714 231723 
6 : 52258 52253 52249 197133 94692 94684 
6 : 52278 52276 37142 236481 37167 37161 
6 : 52294 52282 52293 61980 237635 61979 
6 : 52299 52283 41975 92485 42014 41980 
6 : 52434 52423 52432 66712 220704 66709 
6 : 52435 52429 52439 183312 241159 183321 
6 : 52438 52425 52430 79560 194292 79550 
6 : 52444 52445 52447 123073 123074 147138 
6 : 52478 52468 52481 68117 177553 68119 
6 : 52539 52541 52535 199237 144807 144815 
6 : 52559 52567 52560 220387 220378 224247 
6 : 52604 35695 52590 35715 80618 35698 
6 : 52686 52691 52689 106067 106064 158705 
6 : 52697 43389 52696 43407 242696 43405 
6 : 52727 43586 52732 43614 247165 43619 
6 : 52734 52725 52738 236941 263096 236943 
6 : 52852 52846 52853 138112 200081 138116 
6 : 52861 52871 52866 95689 95682 202525 
6 : 52992 52987 52991 107977 234717 107972 
6 : 43097 53004 52994 43121 43107 149952 
6 : 53052 53047 53042 228198 178360 178352 
6 : 53143 53146 53138 260334 238882 238887 
6 : 2975 53263 53262 2993 2992 262882 
6 : 53300 53305 53290 237703 203829 203838 
6 : 53302 53299 33351 230668 33383 33372 
6 : 53398 53396 53399 65209 80955 65210 
6 : 53401 53410 53403 105972 105961 154670 
6 : 53412 53409 53413 244465 265004 244467 
6 : 13819 53423 53427 13829 13835 220259 
6 : 53556 39879 53558 39883 116423 39884 
6 : 53573 53568 53570 67579 142131 67574 
6 : 53598 53601 53595 215617 204528 204534 
6 : 28252 53621 53628 28263 28269 212356 
6 : 53704 53702 53698 148269 64668 64666 
6 : 53710 53703 53700 167879 105181 105166 
6 : 53766 53768 52874 186970 52881 52883 
6 : 53841 53852 53853 63848 63853 252696 
6 : 53843 53847 53850 112361 112367 201878 
6 : 53869 51043 53870 51067 260227 51069 
6 : 53876 53890 53889 65474 65473 250725 
6 : 53887 35378 53875 35390 56931 35379 
6 : 45619 53895 53898 45622 45634 89618 
6 : 54028 54020 54021 251911 257261 251904 
6 : 54046 18706 54031 18734 124669 18712 
6 : 54111 54113 54110 99070 87911 87915 
6 : 54158 54153 54162 187410 241494 187419 
6 : 54161 54151 54149 168786 115787 115766 
6 : 54304 54301 4684 252187 4715 4711 
6 : 54401 19487 54400 19505 185213 19503 
6 : 54421 54418 54419 228535 237528 228532 
6 : 13971 54434 54442 13974 13978 101531 
6 : 54438 54448 54445 141803 141801 239279 
6 : 39880 54509 54506 39912 39908 258746 
6 : 54491 54496 54504 146489 146499 188687 
6 : 54557 54556 54560 178252 251585 178256 
6 : 45150 54566 54577 45155 45165 110645 
6 : 54569 54578 54574 155936 155932 259465 
6 : 54590 54591 54585 234783 222611 222613 
6 : 54597 54581 54583 154085 181740 154070 
6 : 54601 54604 54603 56796 56794 91562 
6 : 54613 27229 54605 27245 106739 27232 
6 : 29513 54712 54697 29531 29516 65900 
6 : 45192 54706 54713 45202 45214 200860 
6 : 54730 54721 54723 190850 203850 190843 
6 : 54875 54868 42529 150378 42555 42538 
6 : 9852 55029 55026 9870 9864 180602 
6 : 55034 55018 55025 56677 162018 56670 
6 : 12752 55049 55046 12763 12759 208673 
6 : 55052 55040 55041 167129 181993 167116 
6 : 55110 55133 55115 90081 90063 149770 
6 : 55142 55145 8110 170804 8121 8122 
6 : 55149 55147 55143 203122 171740 171736 
6 : 55155 55150 55140 245797 143080 143073 
6 : 55312 55318 55310 137679 113387 113396 
6 : 55319 55324 55328 216472 216480 251302 
6 : 55321 19711 55327 19722 222898 19728 
6 : 55430 55435 55437 83853 83858 149863 
6 : 55434 55443 55431 135002 91598 91621 
6 : 55466 55458 55468 196872 263301 196874 
6 : 5530 55477 55472 5540 5536 102601 
6 : 55473 55481 55480 121081 121077 204363 
6 : 55483 55471 55469 83290 79056 79033 
6 : 55486 1323 55490 1326 70224 1339 
6 : 55578 55576 55591 141361 165103 141377 
6 : 8868 55600 55608 8880 8886 199345 
6 : 55610 55605 55599 247938 179904 179900 
6 : 55614 55625 55623 114977 114974 220841 
6 : 55620 55634 51202 177023 51212 51234 
6 : 55626 55622 55631 212670 245756 212675 
6 : 55740 55731 55746 81832 215419 81843 
6 : 55768 55777 55771 96917 96903 169791 
6 : 55774 55778 55766 188946 55995 55999 
6 : 55809 55804 55806 258860 261398 258854 
6 : 55879 55881 55880 203538 203537 210369 
6 : 55898 55895 55905 188506 206236 188513 
6 : 31042 55924 55909 31059 31043 60330 
6 : 55912 55921 55920 140216 140213 212529 
6 : 56023 56015 45780 107729 45797 45784 
6 : 56050 56047 56053 81773 101720 81778 
6 : 56061 56060 56059 246169 232404 232394 
6 : 56063 56057 56056 176286 165330 165314 
6 : 56069 56076 56065 156273 128295 128303 
6 : 56160 56155 56154 94197 84299 84275 
6 : 56294 56292 56302 145897 159074 145909 
6 : 56316 56315 56319 238721 239664 238725 
6 : 56323 56330 56329 61802 61801 174009 
6 : 56458 56457 56443 260159 72447 72446 
6 : 32240 56596 56614 32242 32261 62849 
6 : 56603 56605 56597 100176 65092 65102 
6 : 56630 56626 56619 196370 123803 123800 
6 : 56655 56642 56650 123885 224134 123879 
6 : 37748 56664 56666 37751 37752 118652 
6 : 56726 56716 56724 79329 253300 79327 
6 : 56734 56745 8738 142624 8747 8760 
6 : 56736 56748 56750 179250 179256 250721 
6 : 56763 56751 56752 57053 66738 57041 
6 : 56872 56866 14205 88695 14227 14208 
6 : 56876 56898 56885 80086 80070 168486 
6 : 56902 56906 56909 110498 110503 169808 
6 : 56917 56913 56899 246926 59918 59914 
6 : 56918 56900 56916 64187 256079 64185 
6 : 11480 56988 56993 11485 11498 142212 
6 : 57008 5417 57005 5434 221530 5430 
6 : 57121 57117 57123 122543 235226 122548 
6 : 57130 57139 57136 113299 113297 246250 
6 : 57134 57137 57141 235666 235668 248605 
6 : 57140 57143 57129 257154 110192 110194 
6 : 56865 33274 57231 33273 56869 33281 
6 : 57249 57239 57244 124307 206755 124303 
6 : 57256 57245 57257 218545 262611 218546 
6 : 57258 57240 57254 171398 258142 171395 
6 : 57391 57384 57383 87261 79208 79192 
6 : 57449 57439 57447 177920 243885 177916 
6 : 57513 57521 18995 169868 19007 19024 
6 : 57518 57515 57517 238355 255701 238354 
6 : 57537 34537 57523 34557 86429 34540 
6 : 57565 57556 57552 215051 196565 196555 
6 : 57573 57574 57577 139018 139020 145233 
6 : 57582 57583 57588 200010 200019 204238 
6 : 57603 57619 57622 162866 162872 251878 
6 : 57659 57661 57671 66297 66312 137455 
6 : 57665 57667 57670 203217 203221 229612 
6 : 57708 57710 57694 262702 153379 153381 
6 : 57730 57719 57736 128797 230745 128803 
6 : 57814 4951 57807 4979 144719 4961 
6 : 57824 57827 57828 199994 199995 220716 
6 : 57839 57820 57819 133642 132139 132112 
6 : 45758 57849 38272 45768 38271 38286 
6 : 57956 57958 57963 121394 121405 206604 
6 : 57966 57980 57968 94883 94862 128539 
6 : 57972 57978 57974 196100 196088 201449 
6 : 57977 57973 57976 200871 238946 200868 
6 : 25790 57996 57999 25808 25812 256058 
6 : 44911 57997 57985 44938 44919 150283 
6 : 57988 57990 57994 208385 208387 235571 
6 : 58079 58078 58086 133937 165780 133964 
6 : 58084 58082 58081 193771 187940 187931 
6 : 58092 58087 58099 67836 156790 67854 
6 : 44579 15825 3700 15823 3696 3694 
6 : 58113 58121 58114 246516 246508 246999 
6 : 58202 58207 50094 208283 50107 50117 
6 : 58209 58201 58208 70545 252195 70532 
6 : 58212 1947 58214 1950 92178 1959 
6 : 58228 58223 58215 259544 186242 186236 
6 : 58234 58237 56946 170122 56955 56962 
6 : 58245 27858 58239 27883 204176 27871 
6 : 58364 58368 58353 245690 84801 84807 
6 : 58391 58393 58399 105475 105479 133312 
6 : 58493 58494 58498 122732 122739 145142 
6 : 58651 58664 58648 119702 91877 91911 
6 : 58656 58658 58654 201631 195325 195329 
6 : 57286 58677 58680 57294 57300 198642 
6 : 58667 58682 58681 84531 84529 251691 
6 : 13747 35872 58699 13742 13763 35893 
6 : 58809 58804 58800 211522 119550 119539 
6 : 58943 58939 58941 215684 244933 215679 
6 : 58952 18865 58944 18884 77328 18868 
6 : 58955 58950 58949 196837 181895 181890 
6 : 58960 58961 58965 109352 109358 125548 
6 : 17568 59065 59062 17587 17579 170541 
6 : 59055 59073 59061 138950 138933 169908 
6 : 59085 59074 59075 74650 101931 74621 
6 : 59121 59124 59122 93064 93060 114116 
6 : 59223 59229 59235 155621 155624 232345 
6 : 59269 59276 59285 170626 170638 236944 
6 : 52589 59347 59350 52602 52606 200121 
6 : 59361 59360 59358 208362 145251 145250 
6 : 59372 59378 59385 89148 89164 182996 
6 : 59381 59380 59369 218905 70703 70699 
6 : 59384 59379 59377 209384 178583 178563 
6 : 59488 40730 59483 40743 77194 40731 
6 : 59492 59493 59484 248365 154461 154473 
6 : 39209 40152 59650 39208 39222 40179 
6 : 59647 59646 59640 203673 150487 150481 
6 : 59658 59652 59663 103248 216243 103256 
6 : 59665 59656 59657 208720 210837 208709 
6 : 59680 59679 15122 202613 15139 15136 
6 : 11927 11074 59779 11068 11928 11075 
6 : 59782 59789 59790 181271 181275 243203 
6 : 59800 59805 59806 228938 228939 264867 
6 : 59809 59818 59816 109004 109002 166433 
6 : 59823 59813 59811 135674 117657 117637 
6 : 59883 59871 59879 247746 261356 247743 
6 : 59947 59950 59939 203540 64826 64835 
6 : 59974 59958 59964 74905 144624 74884 
6 : 59975 9933 59966 9956 160896 9945 
6 : 59977 59984 59994 74607 74616 198486 
6 : 60073 60085 55231 197560 55240 55261 
6 : 60076 56183 60070 56204 77056 56187 
6 : 60077 60084 60083 256380 256379 264282 
6 : 60151 60163 60157 145885 145877 194825 
6 : 60212 60210 60215 132812 183711 132819 
6 : 60236 60222 12657 175456 12688 12670 
6 : 60375 30496 60382 30497 60406 30511 
6 : 60388 60379 60383 117066 224556 117057 
6 : 60392 60377 60389 90493 254232 90484 
6 : 45450 60482 60497 45455 45466 94287 
6 : 60485 60481 60487 62110 119720 62111 
6 : 60509 60517 60507 232382 201885 201893 
6 : 60512 60511 10003 256068 10031 10029 
6 : 60518 60533 20187 93694 20192 20218 
6 : 60526 60529 60523 237902 164249 164253 
6 : 60624 60629 60627 72504 72497 183092 
6 : 60632 60641 60650 101437 101446 212169 
6 : 60635 60652 60651 130080 130079 262434 
6 : 60766 60779 60770 154651 154643 176282 
6 : 60777 60780 60771 253068 189997 190007 
6 : 60789 60782 60784 162984 175477 162969 
6 : 60814 60801 60796 178485 132352 132338 
6 : 4818 60837 60822 4846 4828 171945 
6 : 60833 60835 60816 246648 61619 61624 
6 : 60917 60919 60914 253209 224796 224798 
6 : 60927 60930 60928 160238 160231 161310 
6 : 60960 60953 60964 177636 204091 177644 
6 : 60972 60988 60992 199041 199044 261232 
6 : 60990 60974 60976 223542 230231 223531 
6 : 61065 61055 61064 192072 251237 192070 
6 : 61067 61057 61059 215421 220671 215410 
6 : 61214 61223 61224 140043 140045 262683 
6 : 61231 61229 5480 132438 5494 5486 
6 : 61344 61341 61339 238671 191765 191764 
6 : 61353 61361 61360 159384 159383 254409 
6 : 61366 61365 29185 265302 29213 29212 
6 : 61397 61392 8420 64869 8429 8421 
6 : 61488 61487 61473 262960 114908 114907 
6 : 61490 61476 61486 159435 260388 159429 
6 : 61493 61483 61478 248348 212094 212087 
6 : 61531 61523 61517 229974 125041 125023 
6 : 61532 61550 61539 62406 62392 207815 
6 : 61642 61641 61644 103873 118785 103880 
6 : 61646 56920 61648 56929 222712 56943 
6 : 61647 61639 8287 66364 8310 8289 
6 : 61763 61770 61777 71207 71215 188752 
6 : 61764 40605 61766 40607 87862 40609 
6 : 61775 61773 61765 250750 91328 91324 
6 : 5370 61786 61788 5381 5383 200996 
6 : 61789 42411 61783 42428 166454 42423 
6 : 61807 61809 28618 226405 28642 28649 
6 : 61925 14612 61924 14632 247033 14628 
6 : 61926 61921 61917 224892 172342 172333 
6 : 61930 61942 61945 77645 77655 218676 
6 : 61938 61932 61934 97284 114922 97275 
6 : 61948 61947 44027 69812 44029 44028 
6 : 9462 61972 61976 9474 9477 195043 
6 : 61968 61981 61985 129589 129593 248100 
6 : 49472 62060 62054 49495 49478 110533 
6 : 62061 62058 62056 219542 185226 185217 
6 : 62068 62080 62067 149337 105374 105389 
6 : 62071 62066 62072 83944 213925 83948 
6 : 62073 62081 62069 231838 184010 184022 
6 : 62075 62082 62074 235024 234900 234904 
6 : 62215 62217 62214 173641 155861 155862 
6 : 62276 62260 62257 109413 68105 68081 
6 : 62347 36910 62348 36912 85656 36919 
6 : 62349 18866 62353 18872 148238 18885 
6 : 62377 62373 62369 197636 138987 138981 
6 : 62456 62463 62452 254591 232757 232764 
6 : 62515 62518 62513 126227 101524 101532 
6 : 62523 62520 62519 211154 204366 204358 
6 : 62540 7806 53083 7825 53104 7805 
6 : 62640 62647 62644 130317 130310 183568 
6 : 62648 62651 36454 246226 36475 36480 
6 : 62658 62657 62664 103214 106560 103221 
6 : 62668 62662 9671 190674 9691 9681 
6 : 62697 62700 62701 106620 106623 137447 
6 : 62951 62949 62953 197386 223303 197389 
6 : 42531 63058 63053 42557 42533 84159 
6 : 63060 63067 63064 72109 72107 209574 
6 : 63200 11343 63198 11358 195136 11356 
6 : 7915 63243 63228 7935 7921 141935 
6 : 63238 63239 11246 242796 11263 11268 
6 : 63346 63345 63347 98653 112127 98655 
6 : 8201 63367 22755 8205 8199 22758 
6 : 63369 3026 63368 3037 176957 3035 
6 : 63408 63424 63414 119521 119511 214858 
6 : 63614 63616 63612 199031 130932 130938 
6 : 63629 42650 63632 42668 207447 42678 
6 : 63637 63636 63641 109224 123181 109231 
6 : 63686 63701 63681 114545 76303 76320 
6 : 63735 63747 63754 93091 93101 243443 
6 : 63745 63742 63752 164566 234161 164574 
6 : 63765 63759 63769 196740 238198 196751 
6 : 63913 63919 63926 208541 208545 251647 
6 : 63924 63915 63918 218584 237817 218567 
6 : 14168 63975 63959 14201 14180 132743 
6 : 63958 63960 63964 125224 125227 149297 
6 : 64037 64042 64027 260094 83080 83087 
6 : 64038 19847 64035 19863 225907 19858 
6 : 19984 64054 64058 19995 20002 235435 
6 : 64061 64043 64048 100971 184136 100954 
6 : 64157 64159 47804 131691 47813 47816 
6 : 64160 64168 64164 187300 187293 240034 
6 : 4621 64200 64204 4641 4645 223484 
6 : 25741 64198 64203 25750 25757 208811 
6 : 64202 64205 64201 247591 226364 226371 
6 : 64292 64291 64295 116165 156517 116177 
6 : 64316 64311 64321 104009 191559 104021 
6 : 64318 64322 28010 211396 28028 28035 
6 : 64416 64420 64415 132513 123496 123502 
6 : 64422 64427 64426 197795 197794 258487 
6 : 64435 64440 64443 216870 216871 242581 
6 : 64488 64477 64474 185099 115278 115256 
6 : 64569 64568 64574 101753 102961 101765 
6 : 53009 64611 41536 53010 41533 41538 
6 : 64619 64613 64626 107234 157597 107240 
6 : 32129 64866 64858 32155 32138 212770 
6 : 64861 64864 64852 242259 119568 119582 
6 : 43832 64975 49094 43833 43831 49095 
6 : 64980 64981 64983 179421 179429 187563 
6 : 56489 65003 31407 56511 31406 31435 
6 : 56012 65129 65137 56017 56024 172134 
6 : 65133 12808 65128 12822 169986 12814 
6 : 65256 65253 1165 96786 1179 1167 
6 : 65259 65260 65257 232684 206452 206453 
6 : 12775 65280 65265 12801 12777 79867 
6 : 65281 65278 65279 249418 258483 249417 
6 : 65389 65382 65388 173412 261636 173411 
6 : 65421 65425 38873 224370 38892 38897 
6 : 65427 65429 65422 257097 229345 229349 
6 : 65428 16162 65423 16188 233366 16176 
6 : 22723 65432 65453 22726 22746 106457 
6 : 65526 65525 65518 239725 162310 162304 
6 : 25440 65543 65534 25455 25443 110668 
6 : 65549 65556 65563 110842 110855 210839 
6 : 65555 33510 62465 33521 62477 33509 
6 : 65572 65578 65566 138942 89191 89207 
6 : 65646 65645 65647 186022 191150 186023 
6 : 65652 65648 28011 216838 28039 28030 
6 : 65665 65668 65663 204263 175468 175472 
6 : 65691 65693 65686 260164 229888 229891 
6 : 65712 65722 65707 234404 220214 220222 
6 : 65794 65793 29942 237183 29965 29957 
6 : 65795 65788 65789 169606 170291 169592 
6 : 65800 65798 44883 116141 44887 44886 
6 : 65809 65802 65815 180879 240509 180887 
6 : 65970 65966 65969 189620 232079 189619 
6 : 65978 66001 65984 95536 95512 162896 
6 : 66103 66101 66109 98289 118648 98305 
6 : 66131 66115 66123 117976 250084 117970 
6 : 66135 66139 66146 85884 85902 149120 
6 : 66149 66145 66136 239045 118365 118360 
6 : 41320 65695 66267 41319 41335 65716 
6 : 66268 66270 66264 261048 230954 230956 
6 : 66269 66257 66266 146423 256270 146419 
6 : 41896 66275 66283 41905 41911 165754 
6 : 66378 66369 66368 76607 67681 67671 
6 : 66382 66375 64115 175192 64147 64129 
6 : 66399 66405 66406 94004 94007 198944 
6 : 66407 66411 66415 235204 235209 257034 
6 : 66523 66526 66535 143244 143253 217213 
6 : 66525 66532 10155 205966 10171 10184 
6 : 66587 66579 65907 245353 65934 65927 
6 : 66653 66656 66649 170802 83234 83236 
6 : 66661 66650 66654 107173 171749 107161 
6 : 66676 66670 66668 204006 145401 145389 
6 : 66787 66795 66792 74308 74306 211100 
6 : 66800 39266 66811 39268 71319 39289 
6 : 66814 66810 66816 226781 262339 226784 
6 : 66830 66820 66821 150787 164370 150779 
6 : 66927 66932 66935 162124 162130 226256 
6 : 23351 66943 66937 23365 23354 99622 
6 : 66944 66938 66948 132865 173729 132870 
6 : 66947 66936 66950 83344 188080 83352 
6 : 66960 66956 66955 82060 79171 79166 
6 : 66967 66968 53520 233402 53543 53545 
6 : 66969 66973 66970 249471 249469 255925 
6 : 66972 66966 66961 231738 188985 188978 
6 : 67069 67067 67068 181432 185636 181431 
6 : 67083 67088 67089 177384 177385 244384 
6 : 67084 67092 67087 192613 192606 235532 
6 : 67122 67126 67131 158687 158691 199588 
6 : 67209 67216 67208 205095 202833 202843 
6 : 67212 67219 67213 231055 231047 231300 
6 : 67218 67210 67217 211506 256685 211502 
6 : 67242 67223 67244 99959 261936 99960 
6 : 67355 67364 67358 110010 109999 179382 
6 : 22836 67376 67372 22851 22848 234914 
6 : 67447 67450 67456 210522 210529 239642 
6 : 37458 67500 39267 37473 37457 39284 
6 : 67526 20034 67536 20044 186749 20061 
6 : 67541 6906 67547 6909 132317 6917 
6 : 67555 18996 67560 19016 260668 19020 
6 : 67628 67626 67631 99346 215411 99350 
6 : 67646 67647 67637 260575 102786 102788 
6 : 67649 4925 67656 4926 68768 4941 
6 : 67657 67660 67664 211856 211860 224654 
6 : 64445 67762 67758 64471 64458 193293 
6 : 67769 67776 67767 232937 221664 221678 
6 : 67775 67764 67770 209799 235697 209791 
6 : 67793 67790 56552 216329 56577 56569 
6 : 67909 67902 67904 206691 228743 206680 
6 : 22193 67915 67916 22200 22203 185545 
6 : 223 68018 29537 227 220 29542 
6 : 68016 57543 68021 57546 106657 57555 
6 : 68023 68014 68015 96224 104765 96210 
6 : 68027 68017 68028 121961 260204 121963 
6 : 68141 68149 68146 158607 158600 256488 
6 : 68150 37365 68155 37366 73151 37372 
6 : 48960 19627 67829 19624 48959 19626 
6 : 68379 68381 68367 263303 198253 198255 
6 : 68422 68421 3094 238333 3120 3113 
6 : 68423 68426 68415 254790 74253 74254 
6 : 68427 68424 10113 255900 10147 10140 
6 : 10693 68433 68439 10698 10706 157290 
6 : 68432 68443 68429 146402 83877 83892 
6 : 68481 68483 68484 238462 238464 245856 
6 : 68491 68487 68476 258213 137643 137639 
6 : 68572 68570 68580 85410 110598 85423 
6 : 68577 68574 68578 136029 213500 136033 
6 : 68586 68571 19774 110014 19811 19780 
6 : 68603 68600 68590 233376 136070 136063 
6 : 68622 68626 68621 219479 218171 218177 
6 : 68712 68709 68696 238572 100599 100594 
6 : 68722 68724 68732 173390 173396 195095 
6 : 68729 68728 68726 251684 210078 210076 
6 : 68751 68737 40795 80420 40813 40796 
6 : 55446 68861 68854 55464 55447 84228 
6 : 68862 68863 7512 262969 7541 7543 
6 : 37632 68936 59598 37654 37630 59631 
6 : 68978 68977 68982 141313 160742 141325 
6 : 53610 69009 69012 53623 53625 219332 
6 : 69119 69123 69113 198795 93115 93127 
6 : 24064 69148 69149 24072 24073 192527 
6 : 69219 69221 69222 181979 181982 191185 
6 : 69243 69242 69258 73780 81301 73798 
6 : 69279 69281 31998 265010 32027 32031 
6 : 41081 69284 69293 41084 41094 98710 
6 : 69404 11192 69414 11194 89771 11206 
6 : 69407 69413 69415 159085 159092 243671 
6 : 69411 25496 69412 25516 222484 25517 
6 : 69433 69425 69416 167505 78133 78124 
6 : 69524 69527 69535 127204 127215 160325 
6 : 69544 69542 69539 230985 172142 172130 
6 : 69561 69552 69556 144330 169904 144319 
6 : 69568 69588 69567 104858 93103 93132 
6 : 69579 69571 69575 157517 183133 157514 
6 : 22449 51944 69653 22448 22452 51948 
6 : 69712 51722 64523 51730 64530 51721 
6 : 69794 69791 69798 196620 246102 196625 
6 : 69795 15852 69792 15864 238587 15861 
6 : 69805 69808 69809 189922 189924 210370 
6 : 69810 6085 69802 6096 153496 6092 
6 : 69833 69855 69849 97574 97569 245480 
6 : 39416 69922 69927 39418 39423 81058 
6 : 69945 69948 69944 211176 201955 201962 
6 : 69965 69955 69957 121128 170651 121116 
6 : 70071 70072 70073 243005 243009 251053 
6 : 35676 70087 70086 35692 35690 248303 
6 : 70079 70080 70090 184689 184699 187913 
6 : 70103 18391 70106 18409 233190 18413 
6 : 70107 70099 70092 190689 75788 75775 
6 : 70120 70128 70117 244101 222799 222814 
6 : 70180 28620 70188 28638 192428 28651 
6 : 45910 70212 70213 45932 45933 265206 
6 : 70197 70195 70191 142635 79988 79985 
6 : 70343 70349 70347 176408 176405 228083 
6 : 70352 70350 70344 257376 204943 204938 
6 : 70363 70359 59567 180217 59588 59583 
6 : 49884 36569 70374 36566 49889 36575 
6 : 35558 70412 70405 35584 35579 232759 
6 : 70493 52357 70500 52367 149493 52380 
6 : 70515 70507 70510 169326 228713 169319 
6 : 70609 70605 70617 136247 205827 136267 
6 : 70616 70608 70607 182265 161009 160985 
6 : 70625 70628 70626 129729 129726 132630 
6 : 70659 70649 70663 136790 250373 136798 
6 : 9597 70669 70681 9601 9612 98972 
6 : 70671 70687 70676 137065 137056 234176 
6 : 70674 4543 68812 4556 68827 4542 
6 : 70767 70765 70766 247336 252371 247332 
6 : 26407 70773 49227 26410 26405 49234 
6 : 70826 70820 70830 133401 238170 133404 
6 : 70877 70878 70882 189309 189318 204378 
6 : 70880 40268 70885 40283 231845 40288 
6 : 70881 70875 70873 159762 120182 120168 
6 : 70887 70889 70870 260631 77337 77340 
6 : 70891 70896 58903 100705 58906 58910 
6 : 70900 70899 70903 253413 260242 253416 
6 : 70921 70925 70918 123382 77447 77452 
6 : 71022 71014 71018 99420 180342 99413 
6 : 71028 71034 71035 75197 75199 191958 
6 : 71058 52076 71063 52089 186458 52095 
6 : 71094 71089 71095 226468 261500 226469 
6 : 71145 47952 71144 47977 260444 47975 
6 : 71157 43295 71152 43316 127167 43301 
6 : 71161 71163 71168 126003 126010 160200 
6 : 71165 71170 71164 197483 160488 160495 
6 : 71166 62439 71176 62449 202224 62458 
6 : 71200 71199 71182 265146 131318 131317 
6 : 71310 71309 71318 150754 174248 150764 
6 : 39417 71352 71362 39421 39433 156932 
6 : 71346 71357 71358 83474 83475 222514 
6 : 71406 71409 71410 175092 175094 205214 
6 : 71413 71404 71414 143399 258326 143403 
6 : 71441 71439 71435 243759 181058 181052 
6 : 22990 71544 71554 22993 23000 116898 
6 : 71587 71572 71567 211025 166255 166244 
6 : 71829 71838 71830 130641 130625 143292 
6 : 71831 71836 71833 167490 167486 183248 
6 : 71841 71839 71843 252468 257556 252469 
6 : 71850 71849 71852 148328 152175 148330 
6 : 71859 71858 71856 246427 244894 244893 
6 : 71861 71857 71855 246018 221293 221288 
6 : 51447 71866 71878 51451 51457 149470 
6 : 71869 71877 71862 188479 107562 107566 
6 : 71870 71868 71864 186981 118831 118828 
6 : 71880 45009 71863 45032 112799 45013 
6 : 71967 71969 71968 201945 201944 217231 
6 : 71985 71984 71973 217505 113639 113635 
6 : 71987 71986 71982 249890 208525 208523 
6 : 29065 48373 19775 29063 19770 19772 
6 : 72004 72001 63428 234010 63457 63451 
6 : 72093 72091 72100 83349 213048 83361 
6 : 72130 72121 72135 167211 240457 167220 
6 : 72132 72134 72125 256232 204792 204799 
6 : 39131 72225 22485 39150 22480 22509 
6 : 72229 72239 72234 154705 154699 229687 
6 : 72233 72237 39986 224014 40009 40014 
6 : 48488 72251 72243 48501 48491 106689 
6 : 72252 72256 72257 233717 233720 264143 
6 : 72304 11820 72306 11844 258621 11846 
6 : 72354 72343 72344 141349 155421 141335 
6 : 72392 72390 72381 261823 157859 157857 
6 : 72523 72527 72533 176361 176367 229384 
6 : 72528 72531 72518 229654 139748 139756 
6 : 72532 72519 72529 148281 230253 148279 
6 : 72550 72552 72551 237935 237931 245897 
6 : 72631 72637 72638 207838 207839 232009 
6 : 72634 72628 72635 163873 217778 163874 
6 : 72752 72755 72761 113476 113490 148355 
6 : 72887 72896 72894 129300 129298 220267 
6 : 72917 72919 72916 235390 218554 218561 
6 : 72925 72940 72924 173400 172607 172627 
6 : 73029 73032 73034 169660 169666 208992 
6 : 73046 73055 73048 109191 109172 155665 
6 : 73059 71691 2632 71707 2658 2631 
6 : 73105 26641 73093 26660 123756 26646 
6 : 73353 911 73347 942 217157 927 
6 : 73368 73363 73359 184280 154346 154330 
6 : 73468 73473 73475 120695 120698 179039 
6 : 73469 73470 73480 121895 121918 124216 
6 : 73483 18607 73495 18610 120704 18622 
6 : 73484 73492 73486 124274 124266 149179 
6 : 73488 73491 73490 195079 195074 220915 
6 : 73496 73511 73498 83101 83089 93498 
6 : 73503 73506 62989 138592 62999 63005 
6 : 73625 73618 73615 187327 130730 130717 
6 : 73647 73641 73650 256881 265106 256882 
6 : 3896 62826 73653 3894 3904 62831 
6 : 73732 12357 73734 12373 196810 12382 
6 : 11679 73739 73754 11683 11703 128997 
6 : 14113 73749 73752 14130 14135 237590 
6 : 73875 73878 73877 191239 191237 214624 
6 : 73882 16351 14976 16378 15003 14970 
6 : 73883 73896 73893 78796 78795 260648 
6 : 73897 73903 73901 81608 81602 161158 
6 : 73907 73899 73905 116226 249137 116222 
6 : 74000 74004 74001 165267 165261 184360 
6 : 74016 74019 21295 226278 21307 21314 
6 : 74052 74046 74053 129417 211121 129418 
6 : 60259 74122 74129 60270 60274 228906 
6 : 74135 74152 74141 185774 185768 221553 
6 : 74137 74143 74146 192972 192975 234685 
6 : 74176 74164 74159 195169 140289 140272 
6 : 74212 74225 74204 223937 94688 94701 
6 : 74273 74272 74266 257355 194216 194209 
6 : 74398 74403 74401 190250 190245 224666 
6 : 74408 74411 74413 128382 128388 177012 
6 : 74410 74420 74419 153461 153459 258961 
6 : 74443 74427 74424 147898 75186 75157 
6 : 74535 74531 74538 148799 260264 148807 
6 : 52569 74543 74549 52572 52581 124082 
6 : 74564 74566 74559 265250 238765 238767 
6 : 74655 74658 24942 113857 24946 24954 
6 : 74666 74681 74671 86701 86690 150811 
6 : 74705 74696 74700 192912 255901 192905 
6 : 58829 74811 74821 58833 58849 135701 
6 : 74822 36302 74818 36334 234708 36319 
6 : 9276 69663 74948 9275 9286 69680 
6 : 74944 74939 74940 147500 163279 147494 
6 : 74967 32478 40949 32505 40976 32474 
6 : 74977 74972 43323 162753 43345 43330 
6 : 75072 75081 75066 175387 97729 97743 
6 : 75097 75085 75082 124083 78288 78272 
6 : 75109 75107 75122 199583 221716 199597 
6 : 75121 75102 23984 101691 24019 23986 
6 : 75257 75265 75262 192286 192279 257951 
6 : 75272 75274 39444 152994 39451 39454 
6 : 75348 75337 75346 194734 265343 194732 
6 : 75366 75354 75351 157744 135130 135114 
6 : 19275 75454 75464 19279 19292 118972 
6 : 75482 75478 75471 229917 191302 191294 
6 : 75493 75490 75492 174986 215562 174984 
6 : 75501 75491 75497 189150 260201 189145 
6 : 44537 75601 75595 44544 44539 121584 
6 : 75720 66290 75719 66308 237537 66304 
6 : 75736 75738 75745 165366 165383 204594 
6 : 41365 75830 4852 41369 4850 4855 
6 : 75985 75977 75979 129879 205339 129870 
6 : 36377 75996 75995 36381 36380 140049 
6 : 75993 75989 75999 97723 113770 97726 
6 : 76012 76020 76013 177001 176991 196427 
6 : 67095 76048 61166 67116 61164 61202 
6 : 76046 76047 76038 262493 243067 243068 
6 : 27320 76112 10783 27324 10780 10786 
6 : 37612 76119 76118 37627 37626 261013 
6 : 76115 76114 76116 169751 184827 169757 
6 : 499 76122 76128 501 509 123855 
6 : 76139 76140 76123 264102 134481 134482 
6 : 76146 24634 76142 24639 85208 24635 
6 : 76163 76147 76149 161087 189564 161069 
6 : 20038 76185 76175 20059 20050 200050 
6 : 76253 76259 76257 150202 150198 219973 
6 : 76258 16649 76256 16670 214443 16663 
6 : 76398 76399 76401 169678 169683 183234 
6 : 76400 76405 76397 201191 165698 165714 
6 : 76425 76428 76410 250641 134708 134714 
6 : 76429 76446 76434 77549 77536 145711 
6 : 76528 19628 26949 19629 26951 19622 
6 : 76539 76546 26439 179592 26449 26458 
6 : 76550 76543 76549 199346 252164 199344 
6 : 76597 4853 11980 4878 12008 4848 
6 : 76611 76618 76608 246217 236828 236842 
6 : 76616 76600 76603 106847 142122 106825 
6 : 76649 76660 76658 140421 140419 247406 
6 : 76655 66538 76648 66550 109888 66541 
6 : 76695 68209 76691 68227 96276 68210 
6 : 76796 76799 76801 217982 217984 238758 
6 : 76800 76794 11215 189891 11230 11222 
6 : 76818 76814 76808 226410 117310 117306 
6 : 76953 42412 76952 42424 163381 42421 
6 : 76979 13234 76974 13249 134894 13243 
6 : 76984 76971 14169 97714 14194 14173 
6 : 22898 77003 76994 22914 22903 137776 
6 : 9397 54051 69757 9393 9396 54049 
6 : 77036 77023 77018 169817 94823 94807 
6 : 77038 77025 77026 181830 191225 181812 
6 : 77122 77120 77109 260754 151958 151956 
6 : 77147 77135 77141 203922 234343 203914 
6 : 68108 77225 77220 68131 68116 176967 
6 : 77215 50848 77217 50849 88421 50852 
6 : 77303 77306 30784 256834 30804 30810 
6 : 77342 77356 77351 114320 114314 261006 
6 : 70547 23353 77370 23352 70563 23373 
6 : 77362 77367 77358 154801 99620 99625 
6 : 77407 77406 55201 103519 55207 55205 
6 : 16968 13121 77431 13117 16978 13135 
6 : 77420 77443 77428 90516 90503 200344 
6 : 77444 77433 77424 225561 160299 160285 
6 : 77481 77485 77489 177763 177771 238272 
6 : 77483 77475 60001 78920 60022 60003 
6 : 77563 77558 77555 96930 79575 79570 
6 : 77574 77567 77568 194021 214255 194014 
6 : 39241 77618 77614 39255 39252 207788 
6 : 77611 51515 77621 51525 154999 51544 
6 : 77616 77615 77613 214210 201569 201566 
6 : 77745 77742 77746 140769 209361 140771 
6 : 77749 27119 77747 27147 247073 27141 
6 : 35381 64386 77750 35380 35385 64396 
6 : 27550 77796 77795 27574 27573 238535 
6 : 77778 77794 77779 81811 81798 111323 
6 : 77882 77899 77893 114880 114870 229325 
6 : 78014 78025 78021 177026 177015 250608 
6 : 78026 78043 78045 96756 96757 257193 
6 : 78028 78032 78044 105331 105348 160268 
6 : 78038 78027 78034 99380 167409 99370 
6 : 78167 78178 78166 197659 192726 192744 
6 : 78179 78164 78163 174397 174197 174176 
6 : 78200 78205 78198 244454 241750 241760 
6 : 78299 78308 78309 87725 87728 259115 
6 : 78304 78305 78302 193050 142428 142430 
6 : 78306 51239 78307 51258 232170 51259 
6 : 78316 78319 78314 171403 153022 153030 
6 : 78320 78312 78323 134446 234149 134454 
6 : 11536 78343 78326 11561 11538 99523 
6 : 78352 78345 78360 109885 190826 109900 
6 : 78364 78362 78346 264845 115681 115676 
6 : 76701 78441 78454 76704 76720 91734 
6 : 78462 78461 78475 145299 145757 145317 
6 : 78476 78464 78474 193927 265167 193924 
6 : 78514 78528 27120 209369 27135 27151 
6 : 78563 78566 78574 115508 115519 136792 
6 : 78571 78573 78569 248324 207266 207267 
6 : 57452 78608 78596 57473 57455 118042 
6 : 78599 78605 78594 137190 109934 109940 
6 : 78612 78609 78614 253773 261228 253775 
6 : 22343 78717 78727 22350 22363 166167 
6 : 46609 78720 78716 46617 46612 131525 
6 : 78732 78731 62159 135134 62171 62167 
6 : 78742 78754 78745 159089 159077 182347 
6 : 78748 78739 36249 92184 36263 36250 
6 : 78849 78860 46106 196554 46118 46137 
6 : 78864 78883 19776 146598 19785 19808 
6 : 78966 78977 78974 121323 121320 251313 
6 : 78967 78978 61167 127633 61173 61200 
6 : 79000 42499 79008 42518 222467 42526 
6 : 79006 49676 78996 49706 175904 49691 
6 : 79014 79024 79031 185968 185977 250848 
6 : 79022 79012 79026 155525 239511 155530 
6 : 24855 79114 79111 24871 24865 238896 
6 : 79115 79112 79109 250843 154469 154462 
6 : 79241 79243 1498 254251 1522 1530 
6 : 79298 79282 79290 97068 184107 97058 
6 : 79367 79365 79369 170406 183550 170416 
6 : 79391 79396 79388 186091 147087 147097 
6 : 79400 79390 79385 160945 111806 111793 
6 : 79492 79493 79489 224551 111319 111321 
6 : 79498 5371 79495 5390 238541 5385 
6 : 79515 79510 79508 246246 240338 240325 
6 : 79523 79524 26768 174876 26780 26782 
6 : 79631 79638 12660 190647 12672 12689 
6 : 31025 79653 79647 31039 31034 244354 
6 : 79648 79640 79645 129246 234181 129243 
6 : 79746 79725 79724 94203 84978 84951 
6 : 79753 79756 79748 223293 81203 81208 
6 : 79755 37801 79749 37821 82468 37804 
6 : 79804 79783 79791 133838 204033 133824 
6 : 79883 79884 79893 208969 208977 212975 
6 : 79899 79909 79897 110511 85345 85371 
6 : 79900 39523 79901 39533 173850 39538 
6 : 79926 79914 79922 144088 223055 144082 
6 : 79928 79929 79916 262766 149858 149860 
6 : 61306 80057 80052 61320 61313 165500 
6 : 80051 80064 80053 156045 156025 183262 
6 : 80066 80078 80071 101441 101434 180533 
6 : 80095 80089 80097 117033 227385 117036 
6 : 80101 80090 80096 158549 233365 158546 
6 : 80162 80167 80164 168992 168988 188292 
6 : 80170 80168 80159 241011 141681 141678 
6 : 80235 80230 80237 239170 262495 239174 
6 : 80247 80243 80242 124680 119533 119527 
6 : 68758 80313 80312 68773 68771 230648 
6 : 20438 80332 80321 20454 20440 109946 
6 : 80328 80333 80331 247710 247708 257053 
6 : 80335 51172 80345 51180 145788 51193 
6 : 80346 80350 80347 233464 233460 238233 
6 : 72166 80360 80364 72176 72177 164620 
6 : 80372 43268 80365 43288 220069 43283 
6 : 80389 80387 80379 207407 118969 118967 
6 : 80435 80439 38425 102826 38426 38437 
6 : 80465 80464 3987 169959 3998 3995 
6 : 80469 80462 3427 126329 3444 3430 
6 : 80484 80496 57624 170336 57632 57655 
6 : 80490 80495 80485 224066 177337 177342 
6 : 2157 23478 80562 2152 2175 23497 
6 : 56490 80559 80565 56495 56514 144072 
6 : 43412 80578 80582 43430 43438 242823 
6 : 80576 80569 80570 142227 143982 142215 
6 : 80586 80603 80589 102969 102958 136181 
6 : 80671 80666 80665 214341 205580 205575 
6 : 9300 80700 80522 9302 9299 80524 
6 : 80703 80704 80705 152292 152296 159853 
6 : 80726 20304 80722 20322 190687 20316 
6 : 80743 80741 80739 214303 206083 206078 
6 : 68606 80812 80818 68607 68620 85070 
6 : 80814 80817 80819 157614 157617 196975 
6 : 80822 80813 80824 99609 253041 99613 
6 : 22899 80838 80839 22919 22920 255805 
6 : 80827 80830 80835 133472 133480 167408 
6 : 38068 80847 80849 38078 38079 195311 
6 : 80852 80844 14754 131949 14774 14759 
6 : 80953 80948 80946 134423 105675 105655 
6 : 80977 63683 80973 63691 90781 63685 
6 : 80983 80986 80976 216098 153785 153794 
6 : 81040 81031 81048 136573 228312 136578 
6 : 81088 81086 81089 102117 119147 102125 
6 : 81246 81242 64117 238382 64155 64140 
6 : 40515 81250 81248 40526 40521 184027 
6 : 81247 81259 77179 179792 77188 77210 
6 : 81297 81299 81289 201731 123929 123932 
6 : 81357 81356 21120 248375 21151 21144 
6 : 81359 81363 70447 111855 70450 70468 
6 : 81374 81379 81367 184833 127591 127598 
6 : 42823 81401 81389 42843 42829 132098 
6 : 81392 81393 81396 165469 165477 168283 
6 : 81414 81427 81421 166928 166920 214588 
6 : 68183 81479 81468 68204 68187 145717 
6 : 81471 81470 20997 194659 21013 21011 
6 : 81483 81489 81484 120584 120579 178571 
6 : 13634 81507 81496 13658 13636 92866 
6 : 81587 42500 81586 42503 98524 42502 
6 : 81592 37803 81593 37813 182474 37815 
6 : 81609 73115 81603 73133 164947 73123 
6 : 81615 81612 81601 259450 148150 148143 
6 : 81647 79066 81652 79075 184817 79083 
6 : 81668 81675 81678 198823 198825 254864 
6 : 81677 43269 81676 43290 259970 43289 
6 : 81748 5820 81740 5849 243728 5836 
6 : 13685 81763 81759 13701 13694 191879 
6 : 81771 81753 81766 155432 259442 155428 
6 : 81879 81894 81885 135024 135015 186070 
6 : 81914 81902 81910 154015 211019 154006 
6 : 81929 81938 81923 197334 134461 134473 
6 : 81952 81961 81964 91743 91748 183391 
6 : 81987 81981 81984 173794 192150 173781 
6 : 81993 81992 81996 88293 94933 88299 
6 : 82116 82109 75889 92185 75903 75890 
6 : 82133 82122 52496 146240 52525 52505 
6 : 82234 82246 82244 110292 110285 256713 
6 : 15498 82252 82249 15510 15508 244192 
6 : 82368 82359 82362 126195 166959 126176 
6 : 37412 82391 82385 37423 37417 162577 
6 : 81261 82396 82383 81282 81264 117259 
6 : 82386 82397 82384 174082 155457 155475 
6 : 50962 82507 82504 50969 50968 141550 
6 : 20273 23853 82521 20271 20289 23866 
6 : 82617 77125 82624 77127 108155 77139 
6 : 82621 82627 82619 184759 146525 146543 
6 : 82625 82622 70269 193592 70285 70282 
6 : 82631 82648 82636 140896 140884 199963 
6 : 30905 82656 62280 30918 30903 62298 
6 : 82658 82655 82653 233326 171022 171017 
6 : 82706 82701 82699 244818 210298 210293 
6 : 82767 82763 82764 117776 166631 117769 
6 : 82780 82765 82775 171308 249757 171299 
6 : 82886 82892 82887 207657 207641 224982 
6 : 1538 79567 82904 1537 1555 79585 
6 : 82899 82905 82903 183703 183699 219242 
6 : 82914 82912 82917 204708 237766 204710 
6 : 6404 83035 59690 6427 6401 59714 
6 : 48122 83138 83145 48128 48142 143370 
6 : 83149 83136 83148 99089 240933 99088 
6 : 37236 83154 27412 37238 27408 27415 
6 : 83174 83172 83175 230978 247012 230979 
6 : 83203 83218 80523 142729 80529 80550 
6 : 83257 83265 83255 158690 84410 84423 
6 : 83267 83271 83269 253721 253718 259779 
6 : 83279 83283 54938 162379 54947 54954 
6 : 83304 83294 83310 103219 195575 103229 
6 : 83311 83314 10464 258627 10491 10499 
6 : 83332 83330 83329 257948 253694 253692 
6 : 83413 3858 83409 3875 160253 3869 
6 : 81343 83427 83433 81347 81353 143872 
6 : 83439 83434 83430 240724 212884 212877 
6 : 83466 83478 83462 142604 109909 109922 
6 : 83516 83522 83518 141320 141314 166845 
6 : 83524 83520 83521 185720 203555 185710 
6 : 83532 83534 83530 147018 110297 110299 
6 : 83540 83536 83537 184618 193458 184610 
6 : 21994 83565 17598 22011 17594 17618 
6 : 83572 46028 83575 46032 114170 46036 
6 : 83583 83580 76990 233500 77007 77006 
6 : 62827 83611 83596 62848 62836 167903 
6 : 37440 83648 83649 37446 37448 197877 
6 : 38091 83652 83650 38112 38111 260716 
6 : 65655 83645 83646 65656 65659 132700 
6 : 83656 61847 83658 61852 154869 61854 
6 : 83678 83677 43902 194937 43917 43913 
6 : 83681 83682 83674 235496 189555 189557 
6 : 83779 83776 83782 138449 186730 138453 
6 : 83786 83780 83787 194024 260652 194025 
6 : 77805 83791 83796 77818 77830 167514 
6 : 83801 68233 83805 68234 98241 68237 
6 : 83865 83860 83872 203164 252336 203170 
6 : 83899 83897 83904 116954 163152 116968 
6 : 83914 83915 83913 253980 207155 207156 
6 : 61210 84030 84033 61216 61221 195726 
6 : 84036 84047 39591 135996 39596 39625 
6 : 84046 70978 84044 71008 239829 70997 
6 : 84067 84053 84063 129115 255621 129111 
6 : 19251 48933 84171 19246 19265 48948 
6 : 84170 79697 84166 79713 147313 79703 
6 : 84314 84309 84311 217794 251157 217792 
6 : 84329 84323 84319 236638 142468 142454 
6 : 84462 84466 84456 239113 177801 177809 
6 : 84494 84501 5318 164747 5326 5341 
6 : 84502 84513 84492 245715 142515 142521 
6 : 84518 84519 11855 124363 11860 11861 
6 : 84528 84525 84522 224539 165135 165132 
6 : 84587 84582 84586 194042 257389 194038 
6 : 84594 84589 84588 148250 123269 123264 
6 : 84596 84597 7840 222968 7860 7862 
6 : 84601 21436 84591 21455 158046 21442 
6 : 84621 21758 84618 21782 217694 21776 
6 : 84715 84717 24187 129937 24190 24195 
6 : 84724 84716 84720 158268 222809 158258 
6 : 84735 84729 67859 204916 67880 67871 
6 : 84740 84728 84739 159594 251926 159593 
6 : 84854 84859 84855 233827 233823 239054 
6 : 84856 84847 84849 181226 198169 181218 
6 : 25649 84988 84984 25659 25652 150427 
6 : 84981 84987 84982 116381 116376 130000 
6 : 85002 85012 84999 178127 139719 139726 
6 : 85020 85014 85019 112515 203467 112514 
6 : 85029 85017 85021 165363 216058 165352 
6 : 85119 85128 85121 122813 122804 167148 
6 : 85129 85118 85124 95777 217402 95768 
6 : 85138 50429 85147 50443 230467 50450 
6 : 85186 85202 85192 179074 179061 221181 
6 : 85246 85243 85249 167970 199307 167974 
6 : 85392 28694 85403 28699 145351 28713 
6 : 85395 47460 85400 47470 191575 47478 
6 : 85421 85414 85420 136032 201897 136028 
6 : 85520 85534 85523 131608 131596 181023 
6 : 85550 85539 22450 157218 22476 22456 
6 : 85569 34009 85570 34028 259235 34029 
6 : 52769 85583 85576 52786 52778 167894 
6 : 85572 85585 68913 95243 68914 68932 
6 : 85581 3900 85580 3914 199180 3913 
6 : 8925 85658 85661 8937 8944 206815 
6 : 85668 85670 85671 259078 259079 264546 
6 : 85689 85693 85685 236706 218980 218993 
6 : 85695 85715 85700 96486 96471 153943 
6 : 85707 85701 85705 181984 196897 181981 
6 : 13864 85796 85781 13891 13868 114347 
6 : 85783 85794 85789 134536 134524 212451 
6 : 85797 85801 85802 90190 90191 159302 
6 : 85803 85815 85813 169312 169310 263934 
6 : 85810 44495 85812 44515 244475 44518 
6 : 85814 85806 85805 206884 201675 201658 
6 : 70919 85949 85941 70937 70923 142671 
6 : 85940 85942 85951 126759 126780 152154 
6 : 85958 85953 85963 109153 228418 109160 
6 : 85964 18709 85965 18730 254828 18732 
6 : 85968 85975 85973 120555 120551 213514 
6 : 85969 85977 85984 166208 166214 246419 
6 : 85976 85967 65317 116218 65331 65318 
6 : 86089 86078 86083 124643 198842 124629 
6 : 86102 86091 86097 159298 206241 159285 
6 : 86147 86137 86144 206181 245805 206173 
6 : 86159 86150 86155 121485 175817 121483 
6 : 86207 86205 86204 227304 213589 213584 
6 : 86233 86225 86221 227650 146296 146284 
6 : 86236 86240 86237 87098 87096 98623 
6 : 86244 86263 86239 155040 100248 100269 
6 : 86322 86327 86330 103441 103448 145787 
6 : 86344 86350 86351 148776 148777 248143 
6 : 86358 86357 86343 264055 125037 125036 
6 : 66112 33477 71370 33474 66111 33475 
6 : 86476 86467 86473 134105 206079 134104 
6 : 86480 86484 86482 103197 103196 129255 
6 : 86493 86490 2940 229389 2957 2954 
6 : 86524 86516 86514 107330 106041 106029 
6 : 86615 86609 86619 194179 242573 194186 
6 : 86617 86618 86614 248766 241174 241176 
6 : 86753 86752 86754 264240 264364 264242 
6 : 86788 86779 86789 97365 229936 97366 
6 : 15332 86895 86904 15338 15351 212608 
6 : 86914 49131 86920 49146 210831 49159 
6 : 87001 87005 86991 231183 159100 159102 
6 : 87027 87037 87035 184918 184914 246252 
6 : 87032 87038 87023 229438 99744 99761 
6 : 48643 87152 87159 48646 48658 131864 
6 : 20460 87164 87166 20462 20464 109932 
6 : 87175 50508 87162 50524 98636 50509 
6 : 82428 87192 87182 82438 82432 129217 
6 : 87205 76728 87224 76733 131384 76756 
6 : 2445 87281 87289 2451 2472 131514 
6 : 87283 87286 87287 245207 245209 256993 
6 : 87285 62801 87282 62814 239003 62807 
6 : 50617 87301 87304 50627 50636 237542 
6 : 87319 68661 87326 68672 184547 68681 
6 : 87385 87387 87389 263060 263062 264437 
6 : 87424 87435 87430 106436 106430 237145 
6 : 87427 87436 87432 176039 176034 244163 
6 : 87429 46364 87431 46369 194777 46374 
6 : 87444 87439 87453 129389 174516 129401 
6 : 87451 87438 87440 121938 135897 121921 
6 : 87455 87445 87441 187805 149019 148998 
6 : 87561 87567 87568 114686 114687 264883 
6 : 31640 87711 87703 31660 31653 245470 
6 : 87697 87700 87710 227329 227335 234526 
6 : 81660 72169 87727 72167 81679 72185 
6 : 87742 87748 87735 231654 145806 145813 
6 : 87745 87741 87390 224240 87410 87403 
6 : 87826 48097 72139 48105 72146 48093 
6 : 87893 23703 87891 23710 163957 23708 
6 : 87954 87945 87949 109327 208597 109309 
6 : 87958 87972 11856 144194 11863 11886 
6 : 16467 87976 87980 16475 16481 197407 
6 : 87986 87975 76729 197391 76752 76741 
6 : 69686 88080 88084 69687 69693 88686 
6 : 88085 88082 88092 133267 194407 133284 
6 : 88093 88090 7402 254020 7427 7422 
6 : 88113 88096 88100 130574 167810 130556 
6 : 17849 88129 88126 17864 17860 225265 
6 : 20784 88118 88119 20787 20789 114526 
6 : 88137 32911 88134 32924 142312 32918 
6 : 88226 88220 88214 246359 161430 161421 
6 : 81642 88227 88246 81643 81659 101900 
6 : 88238 88241 88242 234205 234207 246479 
6 : 88252 88265 42710 178411 42718 42739 
6 : 88373 88371 88366 220236 140676 140674 
6 : 88416 88403 38547 231660 38580 38565 
6 : 70133 88484 88483 70145 70141 189273 
6 : 88504 88491 88500 94929 246859 94923 
6 : 88628 88634 88629 207475 207468 215430 
6 : 88639 88641 58735 94356 58736 58740 
6 : 88642 88648 88640 159018 133966 133985 
6 : 88742 88741 88749 97274 114301 97293 
6 : 88761 88755 88754 135021 130840 130826 
6 : 89004 89003 89006 119434 176510 119440 
6 : 89010 89013 41979 93831 41981 41989 
6 : 89039 27699 89027 27721 139411 27703 
6 : 36829 89059 89054 36843 36838 230620 
6 : 89120 89118 89114 208020 115992 115983 
6 : 8685 89136 89127 8699 8686 91757 
6 : 89143 71906 89134 71932 227367 71919 
6 : 89156 89163 89152 232615 222320 222331 
6 : 23902 89170 89165 23910 23906 127823 
6 : 89254 89245 69887 113043 69919 69892 
6 : 89293 46108 89291 46136 265171 46135 
6 : 89392 89388 89395 168653 214207 168664 
6 : 89405 89408 89402 215336 199355 199362 
6 : 89409 89399 28905 174190 28929 28912 
6 : 55346 89439 89441 55362 55364 246894 
6 : 89513 89518 89517 214083 214081 262682 
6 : 89525 89524 89527 154838 181551 154840 
6 : 89657 89656 89649 210681 133172 133171 
6 : 89662 89663 89650 264111 135056 135058 
6 : 89673 9399 89669 9408 169812 9403 
6 : 89691 89680 89695 121096 223317 121102 
6 : 89730 89731 89750 156546 156566 172807 
6 : 89759 89753 89756 121342 252976 121340 
6 : 89761 89758 89754 255252 230617 230613 
6 : 89763 89766 4821 147477 4826 4829 
6 : 89769 34867 89765 34880 171932 34872 
6 : 89787 89781 89788 211666 249879 211669 
6 : 89890 89887 89892 156660 201493 156665 
6 : 89908 89912 89915 223412 223415 254328 
6 : 89916 10320 89927 10323 154995 10337 
6 : 90033 90034 90037 98806 98809 101368 
6 : 90036 90038 90045 122865 122872 207621 
6 : 90041 13038 90044 13047 231027 13050 
6 : 90059 90057 41537 247541 41566 41563 
6 : 90199 90193 90202 182301 230205 182304 
6 : 90304 90311 3860 174710 3871 3879 
6 : 90305 90306 90317 183880 183889 227472 
6 : 90330 72457 65091 72470 65107 65088 
6 : 3831 90358 90360 3848 3850 248728 
6 : 90375 90379 14170 208632 14188 14189 
6 : 90428 90425 57067 239643 57099 57091 
6 : 90446 90439 59314 205195 59338 59330 
6 : 90548 90549 90545 187096 105032 105036 
6 : 46335 44496 90568 44492 46350 44516 
6 : 90558 90567 90557 113889 107439 107459 
6 : 90578 90580 90577 168064 164170 164173 
6 : 5864 90678 90673 5877 5867 132345 
6 : 90680 90675 90679 175163 231236 175160 
6 : 90683 90681 90684 249679 263657 249680 
6 : 90721 90736 90720 104770 100972 100996 
6 : 90816 583 34238 602 34260 577 
6 : 90825 4785 90822 4788 93895 4786 
6 : 90831 64264 81185 64279 81209 64262 
6 : 90940 90946 3706 125218 3709 3722 
6 : 90945 67567 90939 67584 97925 67569 
6 : 15829 90950 90952 15834 15837 139939 
6 : 90949 90953 16524 125212 16527 16533 
6 : 51335 90973 76471 51345 51331 76486 
6 : 89677 90981 90995 89682 89699 126311 
6 : 90993 90990 90989 241832 238002 237999 
6 : 90997 90987 91000 222184 262020 222187 
6 : 91005 91004 91013 183212 195373 183221 
6 : 91062 91065 91060 197076 151008 151011 
6 : 23903 91077 91074 23913 23907 163869 
6 : 91091 91092 91096 98481 98485 102465 
6 : 91157 91144 91148 153836 183399 153824 
6 : 91258 91255 91262 186621 242489 186626 
6 : 30499 91341 91337 30515 30507 166455 
6 : 91504 91496 6753 144820 6783 6760 
6 : 91516 91512 91505 204374 97437 97433 
6 : 91518 91506 86622 112161 86644 86625 
6 : 91528 91538 40951 135695 40953 40979 
6 : 91633 91647 91644 152749 152747 261285 
6 : 91634 91645 91636 174715 174706 213804 
6 : 91638 91642 91641 236252 236251 248240 
6 : 91655 91649 18558 96238 18568 18559 
6 : 91767 91773 91770 147443 147442 188016 
6 : 91779 91789 59315 140808 59319 59341 
6 : 91783 90430 91780 90438 157225 90436 
6 : 91802 91805 91811 231715 231727 244698 
6 : 91933 91937 39156 203694 39172 39181 
6 : 19252 91957 75799 19253 19250 75800 
6 : 92037 92038 92039 237900 237901 238575 
6 : 92041 92033 92036 101837 217944 101832 
6 : 92067 92074 18710 199864 18720 18737 
6 : 92072 89583 92065 89607 184365 89589 
6 : 92087 92083 92094 188776 224174 188785 
6 : 92090 92088 92089 238712 239388 238710 
6 : 92162 92164 92154 250060 128313 128318 
6 : 92176 92165 92173 103978 261978 103974 
6 : 92302 92298 92297 252357 249136 249133 
6 : 92303 67409 69364 67430 69391 67406 
6 : 92319 92311 92314 245997 254994 245987 
6 : 92409 92418 92417 121547 121546 254875 
6 : 92421 92411 92412 177430 189628 177415 
6 : 92427 92442 92441 128778 128777 251552 
6 : 92446 25918 92455 25922 143612 25938 
6 : 92480 92474 92469 196404 180344 180334 
6 : 92544 69303 3267 69305 3268 3264 
6 : 92567 92560 92559 165008 156853 156841 
6 : 57524 92588 92585 57541 57539 261678 
6 : 92589 92601 92609 179935 179941 257447 
6 : 92602 80607 30965 80623 30987 30964 
6 : 31922 92667 92669 31933 31934 217719 
6 : 92665 92671 92666 142080 142069 203317 
6 : 92691 92702 92703 145310 145314 251982 
6 : 92715 92720 92717 201935 201933 218621 
6 : 92735 92728 43483 102486 43495 43484 
6 : 92738 92747 92733 208817 127851 127866 
6 : 92783 92780 92782 227547 239184 227543 
6 : 92798 92796 92801 230767 247162 230775 
6 : 92799 92793 92789 199499 141035 141027 
6 : 92839 92840 92833 201210 168673 168674 
6 : 83745 92856 92855 83752 83751 136776 
6 : 92919 92918 92914 174329 101399 101394 
6 : 92936 92939 92942 223496 223499 231227 
6 : 92943 5419 92944 5439 253885 5440 
6 : 93055 93045 93054 104350 222137 104347 
6 : 81410 3580 93173 3579 81420 3591 
6 : 93171 93176 93167 199932 132756 132766 
6 : 73357 93180 29257 73361 29254 29267 
6 : 93183 93184 2485 257343 2508 2511 
6 : 93207 93226 93230 115602 115605 260789 
6 : 93310 93315 93313 162938 162935 206299 
6 : 93314 93311 89959 168472 89978 89973 
6 : 93329 93325 93335 151441 197298 151446 
6 : 93447 93446 93438 237860 162306 162303 
6 : 93488 93500 59602 144817 59608 59630 
6 : 93568 93567 93571 157445 201211 157449 
6 : 93574 59569 93569 59591 228536 59587 
6 : 93578 93575 93566 253836 152975 152973 
6 : 93579 93572 64355 241167 64382 64377 
6 : 93589 43126 93592 43140 209862 43145 
6 : 93609 93599 93616 114847 213936 114855 
6 : 93631 67005 93638 67014 174726 67025 
6 : 67540 93688 17749 67549 17746 17766 
6 : 93701 93707 93710 174551 174555 240131 
6 : 55347 78655 93720 55345 55358 78667 
6 : 93725 93726 93722 248433 217260 217262 
6 : 93729 93730 93721 263123 216777 216778 
6 : 93753 93741 93751 219625 258659 219624 
6 : 93818 93823 93816 234209 127951 127957 
6 : 61966 93833 93841 61973 61986 195715 
6 : 93950 91713 82717 91717 82728 82715 
6 : 93957 93954 93956 214176 242283 214174 
6 : 93969 93965 93962 207061 159127 159118 
6 : 93970 93972 93967 257300 243569 243579 
6 : 93983 93993 93988 236636 236631 258031 
6 : 94095 94087 94082 244861 204258 204248 
6 : 94110 94097 94103 121691 209898 121681 
6 : 94121 94133 94118 169707 136150 136165 
6 : 94125 94130 94134 190322 190328 237789 
6 : 47596 94145 94141 47611 47605 187152 
6 : 94170 94158 94156 152447 110059 110045 
6 : 94216 94218 94223 153627 153632 167489 
6 : 94236 94244 94242 176064 176063 220314 
6 : 94320 94327 94328 162152 162153 247450 
6 : 94361 94369 94365 193596 193593 237241 
6 : 94424 43270 94412 43292 218429 43281 
6 : 94153 94474 94467 94174 94168 224383 
6 : 94465 94471 94464 182468 168368 168382 
6 : 94475 94469 94473 230595 261781 230591 
6 : 94595 94601 94593 159152 117178 117199 
6 : 94620 94627 94626 200295 200293 242176 
6 : 94624 94616 94631 163032 224699 163043 
6 : 94727 94722 94711 257910 114004 114000 
6 : 94730 94745 94733 152598 152585 200753 
6 : 94746 94750 94756 120395 120402 139226 
6 : 94781 94783 94774 218057 129891 129894 
6 : 94830 94829 94836 142836 167960 142848 
6 : 94832 16196 94840 16211 226945 16223 
6 : 94837 94835 94842 237573 239253 237583 
6 : 94854 94847 89350 171117 89377 89361 
6 : 94866 94884 94871 188886 188869 210305 
6 : 94880 94870 71642 201448 71670 71655 
6 : 53740 35127 68522 35120 53738 35121 
6 : 94962 94954 94961 105262 247418 105260 
6 : 94963 94956 87471 125394 87494 87474 
6 : 43956 94990 94976 43973 43959 131187 
6 : 95085 95097 95093 199828 199818 238238 
6 : 95094 95088 86989 231378 87010 87002 
6 : 58371 95106 95108 58384 58387 255308 
6 : 95130 95134 95132 253327 253323 257967 
6 : 37637 95244 95231 37652 37638 120021 
6 : 95326 95332 95334 153319 153322 239046 
6 : 95329 95325 95327 115495 211281 115494 
6 : 95356 95358 95360 130776 130779 192880 
6 : 95438 95450 95445 117426 117423 235233 
6 : 95448 95440 63575 140173 63600 63578 
6 : 95462 95455 95456 157934 212389 157921 
6 : 95464 95453 95463 156680 261539 156677 
6 : 95586 95580 70034 199962 70065 70046 
6 : 30097 95620 95618 30105 30103 171013 
6 : 95610 95609 95619 97502 110814 97509 
6 : 95650 95643 95639 228262 162022 162014 
6 : 95681 95690 95680 192031 100955 100967 
6 : 95685 95686 74827 243915 74839 74840 
6 : 95695 95697 95696 145054 145053 162083 
6 : 95704 95702 95693 249016 104685 104682 
6 : 95764 95783 22931 207229 22949 22966 
6 : 95834 95846 95835 150114 150101 152856 
6 : 95857 95864 95855 195372 159542 159554 
6 : 95862 95852 2757 106133 2770 2758 
6 : 95866 95850 95851 101775 104926 101754 
6 : 88249 95878 1068 88260 1066 1096 
6 : 95876 95871 95869 208234 169223 169215 
6 : 95884 95897 48781 122987 48785 48797 
6 : 9672 95951 95948 9677 9675 139831 
6 : 64473 1388 95960 1387 64490 1415 
6 : 95958 95956 95957 219274 247845 219272 
6 : 95961 95959 95947 262825 115281 115279 
6 : 96002 95998 96007 175088 185605 175098 
6 : 96022 96042 96033 162371 162363 219751 
6 : 96071 96072 96073 167219 167221 261262 
6 : 96147 96148 96156 142216 142225 156852 
6 : 96190 96186 96188 152656 205728 152652 
6 : 96204 96207 96206 262330 262329 265086 
6 : 96208 96203 96202 254159 252950 252945 
6 : 96221 13509 96231 13517 208207 13537 
6 : 96326 96318 96321 128332 154142 128321 
6 : 96335 96339 96350 130438 130446 201149 
6 : 96361 67006 96365 67023 217226 67030 
6 : 96401 96396 96407 103526 204196 103536 
6 : 86105 36159 96445 36158 86125 36182 
6 : 96447 81661 96443 81682 233791 81673 
6 : 96462 96449 96461 120663 255490 120662 
6 : 96464 96457 445 239782 479 471 
6 : 96473 96467 43446 127379 43462 43452 
6 : 96505 96503 96501 249084 244643 244639 
6 : 96578 90719 96579 90739 255880 90740 
6 : 8872 96586 96588 8881 8882 205834 
6 : 55204 90060 96584 55203 55211 90069 
6 : 77405 96582 96594 77408 77419 142731 
6 : 96581 22635 96589 22640 139121 22647 
6 : 31615 68077 96714 31614 31631 68099 
6 : 96706 96707 96716 134776 134797 146352 
6 : 96842 96836 96832 213876 175991 175981 
6 : 96843 96839 96835 252409 210974 210964 
6 : 64414 96855 96849 64423 64418 164185 
6 : 7007 96863 96868 7013 7018 146227 
6 : 44182 96958 96954 44201 44195 252091 
6 : 4327 96966 79840 4336 4322 79858 
6 : 48489 96962 96973 48492 48506 121473 
6 : 97081 97077 93366 149178 93389 93374 
6 : 47920 97085 97098 47924 47944 132135 
6 : 97105 97097 97083 258376 111077 111067 
6 : 97122 67958 97138 67959 108162 67975 
6 : 97206 97211 97209 212896 212892 250092 
6 : 97217 97219 97228 141533 141537 157755 
6 : 97226 12600 97222 12607 187572 12604 
6 : 97231 97227 97232 223582 262275 223586 
6 : 12243 97239 97235 12251 12248 157039 
6 : 97240 97244 97242 230883 230882 253877 
6 : 97248 97252 97266 117245 117256 157557 
6 : 97331 97334 97336 112541 112545 248270 
6 : 97344 97347 97352 180292 180300 226514 
6 : 97345 97346 97350 186618 186620 221266 
6 : 97372 68110 97373 68134 265333 68135 
6 : 97375 97392 97391 117689 117687 260919 
6 : 97477 97475 97478 251124 253477 251127 
6 : 97483 97487 25498 127118 25504 25510 
6 : 97586 21156 97578 21174 129901 21161 
6 : 97601 97592 97595 118163 231351 118153 
6 : 97615 97607 97612 151840 219538 151833 
6 : 97676 97674 97679 111090 141092 111091 
6 : 97680 97672 97682 98531 158635 98537 
6 : 97683 30422 97685 30431 199236 30438 
6 : 82532 97811 97812 82543 82544 230886 
6 : 97820 97821 97815 239703 155747 155749 
6 : 97844 97840 97846 224087 258390 224092 
6 : 97938 2486 76623 2489 76629 2481 
6 : 97939 97944 62317 202062 62331 62345 
6 : 97946 97952 97953 176267 176269 246849 
6 : 97969 92127 97963 92152 209441 92140 
6 : 98063 98054 98059 142256 208105 142244 
6 : 98076 72195 98077 72207 202384 72212 
6 : 98093 98080 98084 100330 191424 100314 
6 : 98189 98190 98180 253347 120903 120905 
6 : 98321 98316 98319 224262 258485 224257 
6 : 98458 98461 98456 250909 213858 213867 
6 : 66293 55267 98490 55263 66301 55278 
6 : 98504 98522 1985 165109 1995 2018 
6 : 98557 98559 98554 228776 178567 178576 
6 : 14141 98562 98565 14144 14150 127137 
6 : 98587 98593 98584 210710 187590 187607 
6 : 98592 98579 98589 123214 259041 123210 
6 : 3472 98695 98702 3473 3485 101512 
6 : 14467 98735 98726 14485 14473 164298 
6 : 98725 98736 98732 154910 154907 251735 
6 : 98727 98724 26607 141229 26617 26611 
6 : 98733 98734 98730 256521 228547 228552 
6 : 23320 98740 98742 23321 23323 122154 
6 : 44290 98804 41705 44300 41702 41718 
6 : 98815 34999 98807 35014 112085 35002 
6 : 98825 98827 98824 251715 251551 251553 
6 : 79956 59260 98914 59259 79976 59283 
6 : 98910 98911 98909 211382 174559 174562 
6 : 38250 98934 98927 38270 38266 248455 
6 : 98917 98923 98925 100588 100590 207865 
6 : 98920 67411 98931 67414 157412 67428 
6 : 98950 98952 98938 260191 131775 131776 
6 : 99012 99011 99002 248935 119311 119308 
6 : 17081 82985 99024 17080 17083 82988 
6 : 55038 99026 99025 55042 55039 153571 
6 : 99036 99039 99027 255852 190110 190120 
6 : 99135 57743 99146 57747 159651 57764 
6 : 99147 99133 70520 125149 70534 70521 
6 : 99151 51724 99156 51727 104989 51739 
6 : 99173 99164 99184 104886 193071 104903 
6 : 99189 99187 99180 264149 248948 248945 
6 : 99270 13749 99275 13757 194699 13770 
6 : 99273 99272 99271 238389 214581 214578 
6 : 99410 99414 44785 115467 44787 44793 
6 : 99426 18937 99423 18961 252416 18955 
6 : 99530 53150 99526 53163 120408 53153 
6 : 99533 99544 66420 129195 66423 66437 
6 : 99541 99538 99542 214981 233246 214982 
6 : 99646 99649 99655 131592 131606 160726 
6 : 99648 72716 99647 72722 155449 72721 
6 : 99654 99657 99650 256044 169413 169416 
6 : 99663 99661 32480 209471 32496 32493 
6 : 99680 3061 99671 3081 159225 3070 
6 : 99764 99766 99773 120861 120872 206253 
6 : 99767 99310 99771 99319 208271 99323 
6 : 99799 99801 99796 197730 138204 138208 
6 : 99807 99808 99800 260088 225905 225906 
6 : 99820 99836 99829 174214 174208 244647 
6 : 99915 99908 99910 206456 209084 206450 
6 : 33957 75682 99936 33954 33987 75713 
6 : 99935 16036 99937 16057 264739 16060 
6 : 38252 100018 100019 38259 38264 207867 
6 : 100023 24762 30931 24782 30957 24758 
6 : 100155 100150 100143 236120 113516 113512 
6 : 100157 100147 100149 211417 229076 211411 
6 : 100163 100169 22933 213493 22950 22960 
6 : 100182 100184 100172 257803 112884 112889 
6 : 100183 72459 100185 72480 264661 72483 
6 : 100281 100271 100274 106518 193475 106497 
6 : 100306 100294 100302 172164 259887 172160 
6 : 100394 100390 100400 165848 204301 165852 
6 : 100395 100384 100385 124131 124418 124118 
6 : 67784 60710 70271 60703 67781 60705 
6 : 34340 45969 100532 34336 34341 45970 
6 : 100543 100537 100538 207892 211600 207884 
6 : 15959 100550 100554 15971 15974 216126 
6 : 100556 89960 100546 89991 135951 89965 
6 : 100640 50752 100651 50762 200973 50779 
6 : 100660 24605 100663 24614 205898 24624 
6 : 100662 100658 100659 116592 151893 116573 
6 : 100664 20520 40762 20543 40786 20513 
6 : 100670 100667 100676 154841 196336 154848 
6 : 100695 100698 100696 261795 261793 263739 
6 : 29066 100794 100799 29075 29078 231639 
6 : 100802 100787 63433 136039 63460 63437 
6 : 100807 100817 100818 124107 124109 240900 
6 : 96671 33022 100842 33021 96696 33048 
6 : 100836 100849 100833 212311 203647 203665 
6 : 100914 100915 100922 183188 183197 192113 
6 : 100934 100939 100931 213332 168180 168189 
6 : 101041 101047 101046 154977 154974 234285 
6 : 22545 101055 101052 22549 22547 130380 
6 : 101059 101057 101051 227174 111727 111719 
6 : 101089 1039 101092 1051 255520 1055 
6 : 101160 101152 101164 190602 256109 190605 
6 : 101161 101162 101155 256526 231540 231546 
6 : 101212 101207 101215 168772 199018 168777 
6 : 101449 101440 101433 233718 155265 155256 
6 : 84630 101558 79842 84646 79838 79864 
6 : 101565 101574 101573 136114 136113 244190 
6 : 101568 101577 46109 172660 46117 46133 
6 : 3490 101702 101697 3514 3500 198684 
6 : 73940 101750 101741 73962 73948 210454 
6 : 101742 101747 83619 230390 83632 83638 
6 : 101819 101816 101817 107085 211898 107084 
6 : 30318 54666 101878 30315 30342 54696 
6 : 14027 93842 101938 14026 14038 93859 
6 : 101952 101956 101961 227669 227675 251947 
6 : 101978 7372 101988 7374 108042 7382 
6 : 11414 99366 102054 11413 11438 99383 
6 : 102092 102087 102085 254876 232088 232085 
6 : 83963 102112 102095 83991 83964 105799 
6 : 97847 4191 102127 4190 97869 4212 
6 : 102206 102214 102218 233709 233713 260445 
6 : 102207 102211 102215 240868 240871 251563 
6 : 102213 102212 102204 252021 131510 131508 
6 : 102228 102233 102222 244103 129106 129119 
6 : 102239 102241 101902 158216 101914 101916 
6 : 34061 102310 102312 34064 34068 145488 
6 : 102323 102313 59012 230148 59048 59029 
6 : 102341 7972 48700 7973 48701 7966 
6 : 102362 97053 102356 97073 202434 97061 
6 : 102364 102363 102350 257278 114807 114799 
6 : 12264 76991 102424 12263 12270 76998 
6 : 102453 102445 102450 123351 212610 123349 
6 : 102457 102452 102454 227346 236612 227337 
6 : 102480 102498 102489 125808 125798 197679 
6 : 54564 102530 102538 54565 54576 106614 
6 : 72374 53586 102537 53585 72389 53605 
6 : 102541 102555 102551 172940 172937 261931 
6 : 102547 102542 102550 174647 250152 174654 
6 : 102548 102552 102549 256999 256997 260534 
6 : 102562 102569 71248 181622 71257 71272 
6 : 102568 21761 102564 21780 189433 21772 
6 : 31616 102576 102588 31617 31634 151452 
6 : 85313 102585 102577 85331 85317 152350 
6 : 102658 102667 102665 163599 163597 235530 
6 : 102664 102668 102670 233715 233716 254594 
6 : 75190 102684 102686 75204 75208 260492 
6 : 102674 102679 102682 185930 185933 215064 
6 : 102681 102675 102678 189141 210898 189140 
6 : 78481 102726 102736 78495 78502 236877 
6 : 102721 102733 102735 216168 216170 263606 
6 : 102725 102714 102718 124531 180951 124522 
6 : 102798 102807 102808 161102 161103 251498 
6 : 102802 30659 102797 30674 146767 30666 
6 : 102805 102806 102799 249443 174192 174193 
6 : 102810 102813 102812 184400 184396 191130 
6 : 102817 102818 102819 257344 257347 259381 
6 : 102820 102831 102833 133030 133034 239135 
6 : 102830 102824 102825 188511 196002 188504 
6 : 102879 76820 102878 76848 260023 76847 
6 : 75191 80892 102932 75187 75210 80914 
6 : 102927 102923 102925 155558 171667 155552 
6 : 102938 102951 102935 209545 157035 157050 
6 : 102939 83111 102949 83120 226674 83133 
6 : 102943 102937 102934 186026 130338 130330 
6 : 103092 103088 103100 167587 223850 167602 
6 : 103099 103086 99986 138103 100012 99989 
6 : 79010 103116 103111 79023 79017 209730 
6 : 103112 32686 103105 32695 154452 32690 
6 : 103122 103119 103104 256622 140782 140779 
6 : 103155 36119 103151 36152 215775 36137 
6 : 103185 103186 103189 246809 246812 251654 
6 : 382 103204 103205 393 396 236980 
6 : 103302 3234 103297 3242 174754 3240 
6 : 103411 103412 103413 124284 124285 156344 
6 : 9303 15248 103528 9294 9311 15257 
6 : 103552 103560 103543 249208 142768 142784 
6 : 70814 10591 103562 10588 70815 10592 
6 : 103564 103571 103568 141775 141772 211495 
6 : 103565 103572 103576 143779 143786 238172 
6 : 103577 103587 103588 130175 130176 232509 
6 : 103592 103582 103589 206020 239934 206011 
6 : 103593 34969 103578 34993 146443 34971 
6 : 62858 103680 75946 62881 62854 75976 
6 : 103686 103698 89727 177252 89733 89747 
6 : 103697 103690 103685 231640 172801 172795 
6 : 65979 103709 103717 65992 65998 245145 
6 : 94331 103720 25501 94332 25497 25503 
6 : 103815 103812 103809 242838 217960 217953 
6 : 16299 103830 59412 16322 16295 59448 
6 : 103817 103831 103824 106343 106336 212745 
6 : 103838 103847 102366 184685 102373 102386 
6 : 103921 103929 103926 124885 124881 220218 
6 : 103924 103925 103920 208268 120862 120863 
6 : 103938 103939 38427 234828 38445 38447 
6 : 57416 104034 104035 57426 57427 250749 
6 : 104039 104030 104036 156342 259980 156336 
6 : 104043 104057 24490 130595 24491 24511 
6 : 104085 46213 57860 46214 57861 46211 
6 : 104170 104169 104174 116164 135778 116176 
6 : 104176 104173 61876 216462 61902 61890 
6 : 104182 104191 22762 106536 22763 22780 
6 : 104295 64814 104296 64817 127136 64820 
6 : 104300 104304 104299 232013 212957 212963 
6 : 104312 104319 5615 200360 5629 5642 
6 : 104315 104321 104313 238969 204002 204011 
6 : 104354 104344 104345 194566 196260 194556 
6 : 85573 104420 104425 85574 85582 138633 
6 : 104429 104438 47339 115106 47340 47352 
6 : 104455 95907 104449 95926 189186 95915 
6 : 104458 104464 104461 252016 252013 257835 
6 : 104485 104472 104473 226494 229736 226483 
6 : 57967 104546 53951 57969 53945 53955 
6 : 104551 104547 104552 184601 244768 184602 
6 : 104563 74095 104571 74102 157832 74117 
6 : 104574 41212 104562 41242 152562 41219 
6 : 61713 104696 49097 61715 49093 49098 
6 : 104697 26578 3269 26582 3273 3258 
6 : 104721 104719 104713 260909 218423 218422 
6 : 18141 104815 104820 18144 18150 145490 
6 : 76972 11793 90368 11788 76969 11789 
6 : 104814 92637 14174 92643 14181 14171 
6 : 34753 91169 104825 34752 34755 91171 
6 : 104829 104838 104840 176145 176146 262821 
6 : 104836 104839 104830 226656 183663 183669 
6 : 104946 104938 104942 122371 164365 122368 
6 : 104982 104980 35447 129777 35452 35450 
6 : 105196 105192 46523 123229 46548 46525 
6 : 105199 105208 105198 212651 210598 210621 
6 : 105219 105210 105220 129980 217122 129982 
6 : 98704 92488 105237 92487 98714 92507 
6 : 105309 97247 105303 97269 195008 97260 
6 : 105310 105306 22935 217406 22964 22952 
6 : 91690 105316 81686 91695 81683 81692 
6 : 105326 105314 105325 141216 248279 141215 
6 : 105349 105330 105339 152748 218790 152732 
6 : 105355 105352 105364 152547 180847 152557 
6 : 105367 63523 105362 63550 242941 63545 
6 : 105369 105370 105363 264578 243476 243479 
6 : 105439 105427 105426 163479 143883 143861 
6 : 105444 105443 105445 147301 160632 147302 
6 : 105446 105449 105442 171725 143037 143043 
6 : 105454 251 105440 270 108440 253 
6 : 105476 105478 105480 149318 149320 160883 
6 : 54788 13420 105550 13412 54797 13429 
6 : 105552 105553 105555 220305 220311 236429 
6 : 78048 105567 105566 78060 78058 238230 
6 : 105703 105692 105709 173833 261094 173838 
6 : 105717 105711 105715 144809 188991 144804 
6 : 7266 105727 27828 7271 7260 27831 
6 : 105724 105735 105732 106071 106066 166440 
6 : 37774 105816 105817 37781 37782 181009 
6 : 64893 105822 105821 64910 64906 232458 
6 : 105899 105885 44786 204328 44817 44800 
6 : 105943 53435 59413 53441 59422 53431 
6 : 105949 105941 105940 151924 115390 115372 
6 : 105951 105950 105946 253280 222546 222544 
6 : 105993 105999 105990 237234 231068 231079 
6 : 106073 106060 106072 135676 242697 135672 
6 : 66977 35561 106080 35556 66982 35566 
6 : 106087 106083 106086 173713 225496 173711 
6 : 106177 65674 106184 65677 129066 65689 
6 : 92976 106194 106188 92990 92984 215826 
6 : 106218 106208 106205 241158 211675 211663 
6 : 7783 106294 106288 7799 7789 212765 
6 : 25442 106289 106281 25454 25444 115778 
6 : 106282 32101 106290 32103 124507 32117 
6 : 106283 5119 106284 5122 144648 5124 
6 : 106313 86798 106326 86804 144012 86825 
6 : 106404 106412 106410 180939 180935 230160 
6 : 106419 106417 15550 176497 15561 15554 
6 : 106537 106534 106531 236668 176964 176960 
6 : 106538 106530 106535 171120 247215 171115 
6 : 101451 106544 54230 101456 54229 54237 
6 : 106548 9794 106540 9808 118221 9795 
6 : 106631 106628 89609 244677 89633 89630 
6 : 106632 106619 106630 128757 250987 128754 
6 : 106769 106776 106771 174260 174256 184783 
6 : 27348 106896 106895 27365 27355 205433 
6 : 106925 106928 106940 123675 123690 157127 
6 : 107015 107014 107005 261366 159130 159129 
6 : 107056 107052 107048 229511 166170 166165 
6 : 73941 107081 107086 73944 73953 152617 
6 : 107130 90637 107138 90640 156009 90659 
6 : 107137 107135 107132 219527 189160 189157 
6 : 107151 107152 107156 225698 225702 238995 
6 : 107154 105521 107144 105541 141987 105523 
6 : 107257 107253 54338 125854 54352 54341 
6 : 107266 107273 107275 180549 180552 261696 
6 : 107379 107385 107386 130678 130680 256512 
6 : 107401 47807 107392 47835 234874 47823 
6 : 26539 107408 107405 26547 26546 203304 
6 : 53173 107406 107404 53182 53179 191832 
6 : 22163 107509 89858 22168 22162 89862 
6 : 107515 72994 107518 73005 198109 73015 
6 : 107538 107539 41213 118195 41215 41217 
6 : 41147 107610 106970 41148 41146 106971 
6 : 107616 107618 107613 205990 153285 153291 
6 : 107656 107641 107645 170741 190344 170731 
6 : 67493 107748 96540 67497 67492 96556 
6 : 107755 56261 107754 56284 262515 56282 
6 : 107989 107994 107990 180992 180989 182108 
6 : 108000 108008 108003 167184 167175 186079 
6 : 108010 99545 108012 99565 264783 99566 
6 : 103540 108057 108059 103542 103547 138652 
6 : 108108 108100 108106 133699 240588 133698 
6 : 108110 70689 108104 70714 207729 70698 
6 : 108144 94353 108152 94354 109359 94362 
6 : 108231 108225 32161 243319 32193 32184 
6 : 108234 108238 108235 163698 163692 188371 
6 : 14615 108268 108267 14634 14630 252127 
6 : 108281 102392 108284 102403 189823 102406 
6 : 108327 53467 108334 53472 171812 53487 
6 : 108346 108340 108345 220152 256356 220151 
6 : 108351 108338 108341 218306 236977 218293 
6 : 5148 108366 108352 5163 5149 109325 
6 : 21909 4663 108379 4652 21921 4677 
6 : 108469 108463 108470 228315 258952 228317 
6 : 53174 108485 108472 53193 53177 166857 
6 : 108567 108564 108563 133398 120768 120757 
6 : 108569 61814 108573 61836 246105 61840 
6 : 108589 108595 108599 169203 169207 232981 
6 : 108607 108590 108598 217831 240987 217820 
6 : 108608 108623 108622 117244 117242 263686 
6 : 108619 25919 108612 25942 170548 25929 
6 : 108690 108688 108692 152187 191869 152193 
6 : 108711 51802 108708 51823 240878 51819 
6 : 108821 108816 108828 127124 217201 127131 
6 : 108824 108820 25502 210752 25518 25514 
6 : 67378 76358 108835 67377 67390 76373 
6 : 108831 108833 108837 116990 117000 137633 
6 : 108847 108852 23384 227720 23395 23401 
6 : 108854 49806 108850 49827 236382 49822 
6 : 108943 108942 108951 158489 159002 158501 
6 : 108983 108986 108980 172859 146863 146866 
6 : 109113 109110 109117 233833 245382 233836 
6 : 64637 16683 109200 16680 64638 16685 
6 : 102170 109213 109215 102177 102179 188038 
6 : 104842 109211 109218 104846 104857 170619 
6 : 109214 94114 109212 94126 187306 94124 
6 : 109225 109229 37485 128502 37490 37494 
6 : 67570 3707 62230 3702 62227 3701 
6 : 109335 109345 33928 144402 33930 33948 
6 : 77128 109363 109353 77140 77129 154216 
6 : 109391 109376 109389 224364 260447 224362 
6 : 109447 109451 31102 205025 31113 31132 
6 : 109457 109459 49229 191470 49240 49243 
6 : 109469 109458 14058 204999 14083 14070 
6 : 109474 109471 109482 138234 234026 138241 
6 : 80108 48348 109506 48345 80129 48368 
6 : 109599 109604 109609 181858 181862 229333 
6 : 109626 96141 91111 96154 91127 91110 
6 : 109721 109729 109730 194614 194615 260401 
6 : 109725 109716 109717 147608 148255 147594 
6 : 109745 109743 46110 219867 46127 46123 
6 : 109752 109741 109740 196552 195762 195734 
6 : 78841 109759 109755 78852 78848 195742 
6 : 99165 24638 109765 24636 99188 24667 
6 : 109832 109830 109835 250809 259530 250814 
6 : 109017 109837 109858 109020 109041 145407 
6 : 109853 109838 109848 145685 225127 145673 
6 : 109887 109898 109902 204587 204597 247411 
6 : 109957 109958 43448 207843 43468 43472 
6 : 109971 109972 109974 259786 259789 260322 
6 : 109993 38169 109987 38189 254107 38183 
6 : 110074 110080 110087 152495 152499 254961 
6 : 110094 31220 56520 31231 56533 31215 
6 : 110118 110106 3864 147409 3887 3866 
6 : 91958 110200 110198 91968 91961 155763 
6 : 110202 110199 110206 168286 218215 168296 
6 : 110220 110223 110226 244725 244726 264241 
6 : 92930 110336 110333 92949 92946 258956 
6 : 110346 100717 110341 100742 218718 100735 
6 : 110347 110339 110349 205550 255206 205555 
6 : 110467 110466 110462 254974 231704 231703 
6 : 77019 110497 110504 77022 77028 149191 
6 : 110495 110496 110508 118577 118588 127359 
6 : 71591 110586 110578 71612 71600 211371 
6 : 110587 77685 110583 77706 262322 77703 
6 : 110617 110610 110607 193346 146669 146652 
6 : 110637 110634 110641 214782 241207 214787 
6 : 110714 110723 110724 155235 155236 251975 
6 : 110733 110732 110739 159916 183712 159929 
6 : 110764 110754 67008 211132 67034 67021 
6 : 110774 110778 110779 202902 202903 242734 
6 : 110846 110850 110838 225530 142765 142773 
6 : 110854 110844 103236 214903 103257 103246 
6 : 110869 110860 44056 213745 44081 44067 
6 : 110958 110959 110961 198784 198786 208209 
6 : 110995 111002 110990 242464 201359 201368 
6 : 78988 86686 111004 78987 78989 86687 
6 : 51601 111086 111084 51624 51617 253230 
6 : 42504 111105 111096 42525 42519 232087 
6 : 96878 111147 40187 96894 40186 40208 
6 : 111142 111136 283 165773 301 287 
6 : 111146 53040 111145 53053 252075 53051 
6 : 24763 111209 111215 24764 24778 120540 
6 : 111210 30822 30932 30827 30937 30813 
6 : 111247 111238 111239 111829 141920 111822 
6 : 111250 111241 111242 192128 193793 192117 
6 : 111251 111249 111253 250808 256700 250813 
6 : 111341 87757 111347 87763 167962 87779 
6 : 111358 92375 111352 92405 155283 92385 
6 : 111483 99497 111481 99506 145588 99501 
6 : 111613 111611 111609 245767 206553 206551 
6 : 111627 111626 111634 220518 240928 220523 
6 : 111658 111653 111656 228771 256629 228768 
6 : 111661 111665 111672 121087 121098 146208 
6 : 111738 111744 14674 195451 14686 14699 
6 : 60378 15102 25029 15097 25024 15095 
6 : 111752 30501 111748 30514 163387 30505 
6 : 111753 42087 111751 42099 218157 42097 
6 : 111776 111778 25822 121052 25824 25826 
6 : 111787 111791 111789 241016 241010 247673 
6 : 111850 111859 100089 156816 100096 100113 
6 : 111862 111871 1238 196825 1249 1265 
6 : 111886 111885 111880 248105 168683 168682 
6 : 111887 111878 111874 163955 123474 123459 
6 : 65182 111901 111910 65195 65203 252077 
6 : 111958 111960 111962 210310 210312 235689 
6 : 111967 75630 111971 75632 120635 75641 
6 : 112098 112096 112090 241209 129332 129328 
6 : 112134 81922 112139 81931 205799 81936 
6 : 36917 112169 112159 36940 36932 242420 
6 : 112154 112171 18870 181906 18877 18900 
6 : 8370 112226 67979 8374 8367 67987 
6 : 112230 112228 112231 248440 259021 248441 
6 : 112235 112247 112248 122151 122153 264881 
6 : 112244 112242 112240 252979 230618 230612 
6 : 112256 101860 112255 101866 201277 101863 
6 : 112338 112334 99840 243597 99856 99850 
6 : 112344 112346 112351 171803 171806 218970 
6 : 112348 112349 112345 224813 207568 207570 
6 : 98362 112393 54944 98382 54941 54965 
6 : 112476 112478 112481 121789 121796 180207 
6 : 112480 112482 112477 207445 148555 148560 
6 : 112577 82720 112581 82732 205352 82742 
6 : 41086 4492 8625 4485 8619 4480 
6 : 112608 112610 48813 158882 48819 48823 
6 : 50038 112680 77579 50039 50035 77584 
6 : 112693 112705 112691 162251 120032 120051 
6 : 112697 112696 112704 204849 211175 204864 
6 : 112717 112722 112727 191636 191646 237788 
6 : 73376 112740 112742 73385 73391 212341 
6 : 53063 112837 29392 53078 29388 29415 
6 : 112847 112858 112857 156752 156750 249799 
6 : 112923 112925 112930 158916 158929 199531 
6 : 112924 112933 112920 188349 132965 132982 
6 : 19435 112955 87913 19443 19432 87925 
6 : 77922 22727 112952 22724 77925 22731 
6 : 78182 112957 112960 78194 78195 221884 
6 : 52844 33824 113057 33819 52859 33855 
6 : 113055 113048 113054 164614 256946 164612 
6 : 113061 113071 113065 171846 171835 197834 
6 : 113069 113072 113066 229220 198353 198359 
6 : 113079 113081 44212 192291 44219 44220 
6 : 113102 113100 113099 233471 228025 228023 
6 : 113259 113239 90090 118873 90115 90091 
6 : 19303 113293 99728 19304 19301 99730 
6 : 29002 87165 113308 29000 29010 87172 
6 : 113307 113310 113312 142798 142803 250567 
6 : 21258 113330 113319 21277 21266 194207 
6 : 113376 113380 92873 245397 92890 92898 
6 : 113427 30029 113432 30045 223138 30054 
6 : 113687 113691 113690 135408 135405 210602 
6 : 113705 51495 113701 51507 177524 51499 
6 : 113716 49644 65483 49656 65500 49641 
6 : 113741 113725 92638 125240 92662 92639 
6 : 113798 113792 86014 212450 86039 86024 
6 : 72377 113814 113804 72394 72384 199752 
6 : 113816 113818 113825 188127 188140 219956 
6 : 113819 113815 113823 176838 222677 176849 
6 : 113821 113824 113822 240063 240061 257471 
6 : 32079 113867 92610 32096 32077 92630 
6 : 62673 113913 113923 62680 62688 166601 
6 : 113922 41214 60121 41234 60138 41208 
6 : 113929 87586 113937 87591 133579 87603 
6 : 113933 52054 113934 52064 174033 52065 
6 : 113944 113957 113952 116904 116895 223176 
6 : 113956 112546 113955 112567 259614 112562 
6 : 114013 114015 114009 160761 119914 119927 
6 : 65159 114026 114022 65166 65162 164846 
6 : 114144 16560 114142 16587 259903 16585 
6 : 1953 114162 114153 1977 1966 226099 
6 : 114175 114164 82332 133533 82343 82333 
6 : 114279 8779 14335 8785 14342 8773 
6 : 114299 114297 114304 198415 219029 198421 
6 : 114319 60149 114315 60177 261406 60169 
6 : 114383 114380 17751 207134 17768 17763 
6 : 114388 114386 114387 263855 265073 263852 
6 : 114391 114407 95538 136558 95541 95564 
6 : 102834 114492 10160 102839 10158 10172 
6 : 114497 383 87313 384 87314 381 
6 : 114534 114531 114537 183562 211362 183567 
6 : 71180 114589 82079 71184 71178 82082 
6 : 114629 16139 114641 16142 131699 16151 
6 : 114681 114679 114676 244931 237457 237454 
6 : 68358 84213 114719 68356 68373 84222 
6 : 114715 66215 114722 66221 162045 66229 
6 : 114728 114721 98263 243900 98288 98276 
6 : 91351 114741 66750 91365 66749 66764 
6 : 82154 114815 114819 82161 82171 185521 
6 : 114825 60540 114830 60549 208618 60553 
6 : 114828 114823 114829 199800 218874 199803 
6 : 114831 114834 89358 243856 89373 89378 
6 : 114995 115002 44147 147992 44150 44160 
6 : 77923 115065 27379 77924 27374 27380 
6 : 96369 115078 14676 96387 14672 14698 
6 : 115110 115118 115104 247735 171173 171180 
6 : 115114 115105 115115 221157 257678 221159 
6 : 115167 115176 115174 164447 164445 256658 
6 : 115177 115173 115169 247913 208866 208855 
6 : 115180 115166 115179 164168 264573 164165 
6 : 12715 115184 115189 12720 12723 165005 
6 : 115200 115208 115206 215484 215478 242431 
6 : 115209 115198 115197 212171 164497 164484 
6 : 115230 115217 115231 241334 265137 241336 
6 : 115289 100119 115294 100129 201555 100133 
6 : 115441 115447 115442 206954 206945 216423 
6 : 115454 115458 17105 238248 17122 17124 
6 : 115460 115449 115462 159830 264407 159831 
6 : 84380 115482 115481 84406 84404 262012 
6 : 70486 115554 115564 70488 70502 125009 
6 : 115626 115612 115609 171485 155069 155042 
6 : 115693 115701 33825 122504 33827 33835 
6 : 115704 115703 115694 263403 139311 139308 
6 : 4759 60044 115712 4755 4769 60055 
6 : 115710 115708 115706 170767 145875 145874 
6 : 115716 115720 26319 225776 26328 26336 
6 : 115760 115748 115747 186859 185203 185192 
6 : 37123 115802 115799 37136 37130 227378 
6 : 51337 115804 115797 51350 51340 206988 
6 : 95370 51520 76474 51517 76472 51514 
6 : 115807 84000 115808 84007 182016 84008 
6 : 115816 115813 115806 250344 142782 142770 
6 : 115818 115830 66864 164159 66872 66888 
6 : 115821 115832 69186 210428 69195 69210 
6 : 81560 101495 115899 81557 81581 101518 
6 : 115918 115920 115924 172771 172778 196287 
6 : 115921 115929 72995 208546 73006 73021 
6 : 115952 73148 37671 73153 37677 37667 
6 : 116010 116018 116014 140504 140498 202252 
6 : 116035 116034 116030 240934 232857 232856 
6 : 116038 116023 116028 148357 208596 148343 
6 : 116042 116048 116046 174250 174244 223036 
6 : 116122 35270 116123 35272 131962 35275 
6 : 53858 116240 116233 53873 53860 188928 
6 : 116258 116262 116254 230651 204020 204027 
6 : 116271 70690 116289 70692 172315 70713 
6 : 116350 53741 116352 53745 173311 53750 
6 : 116416 116403 116404 174297 176208 174284 
6 : 116477 116484 116490 133697 133707 239585 
6 : 116488 116483 116480 238429 211738 211728 
6 : 116491 116476 116479 128048 207735 128034 
6 : 29781 116508 116506 29794 29793 253825 
6 : 30732 116511 116514 30738 30739 181503 
6 : 21095 16655 116605 16646 21099 16661 
6 : 116609 116615 116617 219520 219523 251871 
6 : 116771 116763 43014 162268 43040 43021 
6 : 116859 116858 116855 171357 148550 148548 
6 : 116861 116857 116867 167502 200110 167518 
6 : 116869 116883 116876 165841 165832 220075 
6 : 116877 116882 116881 220198 220197 263479 
6 : 116935 116931 116940 153259 215042 153271 
6 : 4164 117019 117015 4175 4171 170735 
6 : 117020 117016 117010 186393 121911 121900 
6 : 117021 117012 117022 152146 237274 152152 
6 : 117026 117024 117017 260132 186725 186721 
6 : 117130 117126 117132 206876 244472 206880 
6 : 41777 101183 117156 41776 41778 101185 
6 : 117170 117163 85748 191750 85779 85760 
6 : 117201 117202 117208 180844 180849 202659 
6 : 53715 117220 117212 53727 53719 181474 
6 : 117216 117217 38429 205673 38439 38441 
6 : 117218 117222 83036 229189 83052 83060 
6 : 72685 117238 117232 72697 72690 184959 
6 : 117250 117254 117262 207219 207227 220836 
6 : 117321 103345 117330 103346 124711 103369 
6 : 117322 117323 117327 144822 144827 175095 
6 : 116140 79541 117338 79540 116145 79548 
6 : 117349 117345 117355 238672 247914 238679 
6 : 32102 117576 25996 32111 25990 26014 
6 : 47764 117577 117580 47771 47774 245462 
6 : 117721 117717 117725 231331 256492 231335 
6 : 117724 117711 84001 138657 84024 84003 
6 : 117728 117747 117733 157416 157403 220281 
6 : 117834 72594 117838 72603 197986 72609 
6 : 117839 10548 117840 10561 247022 10562 
6 : 59263 117847 117853 59273 59284 207343 
6 : 117851 117845 48276 143146 48293 48278 
6 : 20674 117899 117901 20691 20696 250446 
6 : 117940 117935 52503 222265 52528 52517 
6 : 9013 117944 117949 9015 9034 146287 
6 : 117954 117950 117952 244625 262015 244621 
6 : 7066 118076 118065 7084 7070 144214 
6 : 106552 18038 118077 18037 106564 18053 
6 : 118072 118073 118069 218338 180438 180439 
6 : 5717 118087 118093 5736 5742 259080 
6 : 43958 41039 118105 41032 43972 41052 
6 : 118107 118097 118101 171352 235646 171348 
6 : 118112 32597 118111 32623 265213 32621 
6 : 118174 118166 118173 137475 206091 137465 
6 : 118179 118182 66069 206356 66078 66083 
6 : 118288 118287 50101 241590 50116 50114 
6 : 118301 118294 100243 141476 100260 100246 
6 : 118325 118320 118310 251393 151961 151950 
6 : 118405 61560 5618 61576 5637 5609 
6 : 118416 118422 118409 221796 119208 119228 
6 : 118419 118411 118421 133149 253271 133152 
6 : 118445 118438 118443 138300 217875 138297 
6 : 118450 118446 30190 240081 30210 30209 
6 : 81412 18360 118455 18358 81413 18361 
6 : 19852 108506 118553 19851 19870 108529 
6 : 118562 118556 118569 159098 196289 159107 
6 : 118628 118632 54518 219990 54532 54542 
6 : 118630 118631 118635 252354 252359 256901 
6 : 85518 118640 78243 85524 78239 78249 
6 : 118755 118754 23987 214398 24002 24001 
6 : 118787 118789 118791 203531 203534 233598 
6 : 118793 118792 25251 255582 25276 25275 
6 : 118891 118893 118885 263028 194452 194456 
6 : 118895 25539 118899 25542 125625 25553 
6 : 118987 118984 118994 158738 234639 158747 
6 : 118988 118993 118989 238146 238143 247407 
6 : 37462 119005 119008 37475 37478 250003 
6 : 119012 119028 69893 156364 69899 69921 
6 : 119016 2701 119014 2712 199408 2708 
6 : 119112 119113 119118 143465 143477 172240 
6 : 119121 119125 119130 153516 153523 169222 
6 : 119127 119129 119132 205189 205197 227354 
6 : 119165 119168 119160 261735 252110 252117 
6 : 119167 34435 78244 34452 78265 34426 
6 : 119231 119236 119237 183725 183730 254269 
6 : 96333 86540 56824 86539 56823 56822 
6 : 119283 63859 119269 63883 176658 63866 
6 : 119301 114349 119304 114363 218712 114368 
6 : 119345 119351 119341 204908 134926 134946 
6 : 119352 109206 119366 109207 131242 109220 
6 : 119371 119385 119384 152596 152595 263159 
6 : 119460 119459 119458 195240 191114 191106 
6 : 7109 119478 79979 7123 7108 79999 
6 : 96898 119474 13901 96911 13900 13914 
6 : 119492 35562 119501 35572 188275 35583 
6 : 119598 119612 119599 180706 180691 189919 
6 : 119601 119602 119600 194286 191753 191758 
6 : 119604 50309 119610 50325 244674 50334 
6 : 80406 119628 119614 80432 80408 146320 
6 : 46868 119824 100333 46871 46866 100335 
6 : 119835 119832 119834 253159 265006 253158 
6 : 119836 119852 119848 166275 166272 252918 
6 : 119851 119846 45501 249190 45527 45519 
6 : 118894 119977 119981 118901 118906 240260 
6 : 119972 119975 119976 174241 174245 198013 
6 : 120066 120059 120064 136388 196091 136383 
6 : 120075 120082 120080 175247 175245 247738 
6 : 120198 120199 120197 124893 121450 121453 
6 : 120219 23634 120212 23653 243405 23647 
6 : 120327 120328 120322 243504 151013 151018 
6 : 120343 120340 120331 250520 138358 138354 
6 : 120347 120344 79038 259628 79060 79058 
6 : 120362 120357 120356 220604 218160 218155 
6 : 120444 120445 67174 159437 67182 67183 
6 : 120451 120446 104628 167512 104655 104638 
6 : 120452 120455 78116 249199 78142 78144 
6 : 120464 120463 120462 204682 197510 197507 
6 : 120585 120578 120583 172311 231535 172305 
6 : 120601 120591 120596 131399 210466 131394 
6 : 120602 120595 120606 187920 249984 187925 
6 : 120647 76762 120658 76765 139275 76779 
6 : 120670 120675 120672 218759 218752 258207 
6 : 120673 120671 66217 256037 66235 66234 
6 : 120680 120686 120676 217103 144925 144930 
6 : 120713 31348 85911 31360 85924 31346 
6 : 120725 120708 120718 123815 248444 123808 
6 : 105522 120790 120789 105538 105535 217801 
6 : 120794 120797 76879 149448 76882 76885 
6 : 8229 28285 120926 8223 8235 28291 
6 : 17004 120923 29540 17006 16993 29545 
6 : 120934 120944 120935 138512 138508 180796 
6 : 120947 120946 120943 226227 221225 221223 
6 : 94023 120994 109541 94033 94022 109552 
6 : 120984 120985 49683 149607 49685 49688 
6 : 120986 120991 80271 166067 80279 80282 
6 : 121003 40800 120989 40826 175905 40806 
6 : 121013 22902 121023 22910 205514 22922 
6 : 121047 53642 96545 53655 96561 53637 
6 : 121073 121076 121084 153472 153486 191026 
6 : 121085 121075 121086 181444 264568 181445 
6 : 121107 121094 121092 214922 182844 182824 
6 : 48515 121141 12156 48517 12148 12161 
6 : 121152 121150 121146 226643 217865 217860 
6 : 121208 121215 121209 242942 242938 243474 
6 : 106176 121282 56665 106185 56662 56678 
6 : 15203 17135 121290 15201 15215 17151 
6 : 121293 121283 121286 139475 167015 139459 
6 : 20465 121301 121300 20477 20476 253771 
6 : 109933 121299 121296 109943 109938 197909 
6 : 70354 121379 121385 70357 70367 146072 
6 : 121386 121380 121377 171535 133862 133846 
6 : 121389 121384 121381 240722 180227 180221 
6 : 121396 121398 121408 235032 235041 239892 
6 : 121407 121392 121404 183102 264301 183098 
6 : 83296 121440 4031 83306 4024 4042 
6 : 121509 121511 121515 181678 181684 206580 
6 : 121514 66481 121516 66500 246370 66511 
6 : 121517 32749 121535 32752 146426 32774 
6 : 121537 121538 109542 149606 109546 109547 
6 : 121628 121627 120499 207205 120512 120509 
6 : 3398 6867 39991 3390 3395 6865 
6 : 117585 121643 121642 117595 117589 171822 
6 : 121641 121649 110765 154707 110771 110785 
6 : 121644 121645 121646 225514 225515 249455 
6 : 121648 121647 18562 263953 18590 18589 
6 : 121747 121761 78118 132525 78121 78146 
6 : 121757 121759 121748 247728 132542 132550 
6 : 121783 121763 2282 127939 2313 2283 
6 : 109795 121858 121861 109805 109810 202841 
6 : 121865 121859 121857 204523 202604 202588 
6 : 121866 121881 121879 123475 123472 256211 
6 : 121978 121974 94801 199048 94816 94810 
6 : 121979 86949 121981 86959 238689 86963 
6 : 4989 122008 122004 5003 4996 183247 
6 : 90838 122092 122090 90853 90851 243269 
6 : 122091 122089 122094 242694 249330 242704 
6 : 122110 122103 122100 210504 205294 205284 
6 : 122152 122150 122139 264581 145406 145405 
6 : 42118 122220 122214 42135 42122 150812 
6 : 122217 122221 122224 209714 209719 257402 
6 : 122225 3001 122228 3004 137619 3006 
6 : 88157 122304 122291 88174 88161 211369 
6 : 122345 122346 122342 239168 228967 228974 
6 : 122353 122364 122360 138684 138678 243349 
6 : 122366 122352 122357 133364 203343 133356 
6 : 122375 122379 122383 224489 224495 244065 
6 : 122410 122402 122404 243073 248202 243064 
6 : 122606 122608 122605 253337 248539 248541 
6 : 122619 122615 122617 153828 169987 153823 
6 : 88976 86833 122717 86827 88999 86859 
6 : 94887 122718 122724 94889 94894 128961 
6 : 122721 122725 19927 203710 19935 19954 
6 : 122807 122812 122806 218468 217396 217400 
6 : 122823 122818 122830 160390 195412 160400 
6 : 122828 122815 122817 123469 156256 123456 
6 : 122839 122853 122845 172692 172687 231242 
6 : 20274 122866 122869 20287 20292 215182 
6 : 123049 123053 57488 183380 57494 57500 
6 : 123051 123057 81161 192957 81169 81174 
6 : 123063 123071 116185 190475 116191 116209 
6 : 123170 123169 76731 193658 76745 76740 
6 : 123184 123191 123183 211004 206607 206618 
6 : 54436 123323 123313 54449 54439 144998 
6 : 123322 123317 123324 187908 250062 187911 
6 : 60998 123404 123405 61011 61014 250441 
6 : 123415 123407 123402 256154 176680 176674 
6 : 115742 123527 123528 115750 115754 208563 
6 : 123540 123542 123538 222735 197825 197830 
6 : 123545 123535 123534 189234 171845 171832 
6 : 123648 123646 123644 165002 130498 130497 
6 : 123655 47923 123672 47925 136678 47949 
6 : 123706 123705 123694 233287 136908 136905 
6 : 123726 123715 123721 149005 195264 149000 
6 : 27055 48101 123787 27050 27063 48110 
6 : 123783 123795 123792 152895 152893 258663 
6 : 123895 123891 123894 190517 237134 190514 
6 : 123906 123917 123902 190331 130474 130494 
6 : 123912 123903 82301 134182 82322 82303 
6 : 123925 123924 123939 170918 177643 170929 
6 : 123957 123966 123953 213027 162298 162307 
6 : 124031 87631 30662 87633 30664 30657 
6 : 114730 124087 124078 114752 114739 202261 
6 : 124077 124072 124080 146337 199404 146339 
6 : 124148 124146 69764 258116 69786 69783 
6 : 17576 82028 102956 17572 17574 82027 
6 : 124159 124158 124157 251211 250179 250174 
6 : 118177 40735 124172 40734 118191 40756 
6 : 124251 124248 124249 138412 190407 138407 
6 : 9467 124255 124262 9469 9479 141083 
6 : 124258 124257 124264 182298 190839 182310 
6 : 124259 124256 41985 168576 41997 41992 
6 : 124276 124277 124265 249118 139300 139301 
6 : 124288 94378 124296 94387 197899 94403 
6 : 112355 124348 75042 112366 75039 75057 
6 : 124343 74851 124347 74857 153637 74864 
6 : 124349 67727 124346 67746 189361 67734 
6 : 124357 124355 124361 207908 254119 207914 
6 : 65288 124367 124380 65293 65307 165139 
6 : 116929 124470 124472 116934 116943 185428 
6 : 124484 124480 124478 246907 203854 203848 
6 : 124486 62135 124481 62156 249567 62147 
6 : 124493 124490 21599 190231 21612 21604 
6 : 124495 96781 124487 96794 129138 96783 
6 : 124498 124497 74070 264899 74093 74092 
6 : 124578 106570 124576 106575 137650 106573 
6 : 124583 124585 124582 235516 233668 233673 
6 : 124586 83826 124579 83841 162702 83829 
6 : 28106 124590 124598 28109 28122 155348 
6 : 52106 124592 124596 52112 52119 213194 
6 : 124589 100702 124594 100703 125451 100711 
6 : 124603 69592 39159 69595 39164 39154 
6 : 124608 124617 124619 188499 188501 258849 
6 : 124715 124721 124730 133492 133498 186412 
6 : 124758 124756 41540 126385 41544 41541 
6 : 124839 41677 124846 41681 174352 41696 
6 : 124853 22166 124867 22174 180681 22185 
6 : 124865 124870 124856 261565 219351 219355 
6 : 94233 38879 124956 38875 94248 38900 
6 : 124953 124946 87503 141798 87520 87506 
6 : 15104 23188 124965 15094 15116 23198 
6 : 60399 124958 124966 60400 60411 163392 
6 : 124967 124970 124960 251181 177870 177873 
6 : 124968 124964 88183 236433 88198 88195 
6 : 124989 124974 124984 152558 227741 152553 
6 : 118522 122670 47704 118521 47702 47703 
6 : 125073 125071 119759 205688 119778 119770 
6 : 125183 125184 125193 158730 158749 201524 
6 : 125207 62742 125195 62768 136850 62744 
6 : 125210 73065 125211 73071 195502 73072 
6 : 125288 65321 120880 65325 120889 65320 
6 : 125298 125305 125300 176893 176888 183902 
6 : 125357 125373 125370 132057 132055 248746 
6 : 125361 23215 125113 23222 125116 23214 
6 : 125375 125377 125367 264675 231301 231303 
6 : 45892 125400 15457 45895 15441 15463 
6 : 125397 125398 125403 162739 162742 193819 
6 : 116524 100633 63132 100631 63130 63129 
6 : 125439 125444 125440 228290 228285 257288 
6 : 54294 67701 101585 54287 54291 67699 
6 : 125517 125520 125514 252527 238334 238342 
6 : 125537 17719 125532 17731 202840 17725 
6 : 125560 9553 125559 9576 254848 9574 
6 : 125607 104002 125596 104023 216835 104015 
6 : 89798 52363 125621 52359 89807 52371 
6 : 125641 125640 125639 239766 230155 230152 
6 : 125760 115009 125763 115010 154688 115022 
6 : 10753 125769 125770 10761 10764 211027 
6 : 125779 125789 60282 213140 60290 60300 
6 : 125786 125787 125785 254282 248137 248140 
6 : 41678 108531 125800 41673 41687 108547 
6 : 125867 125872 125875 134787 134793 214801 
6 : 125877 78273 125876 78291 250095 78290 
6 : 70624 81290 51663 70621 51656 51659 
6 : 125925 125946 125943 138355 138351 244640 
6 : 125991 125995 125993 238280 238277 264616 
6 : 125998 126004 126007 138387 138390 160486 
6 : 126002 50900 126009 50906 158997 50913 
6 : 126005 126008 49945 162439 49957 49963 
6 : 63074 126027 126032 63084 63092 249544 
6 : 117134 2636 26775 2635 26773 2629 
6 : 126047 126044 126045 251421 256243 251415 
6 : 126134 126140 126131 212788 183931 183935 
6 : 126146 126144 126141 253807 241050 241045 
6 : 126234 126225 124218 173452 124245 124225 
6 : 126284 126292 126296 177767 177773 258857 
6 : 126356 121070 83184 121080 83192 83183 
6 : 126376 50790 13902 50808 13925 13897 
6 : 116776 101008 111709 101006 111708 101005 
6 : 126478 126473 126482 171552 243507 171563 
6 : 126481 126475 126479 213509 252607 213506 
6 : 114564 126510 126504 114572 114566 148999 
6 : 91543 126604 122999 91550 91542 123008 
6 : 12716 92852 126611 12710 12718 92854 
6 : 109615 126615 126612 109624 109620 156846 
6 : 126651 126655 126660 144055 144062 162610 
6 : 126654 126663 126650 159928 134098 134114 
6 : 126662 99466 125476 99488 125492 99465 
6 : 126728 126726 98265 153341 98271 98267 
6 : 126734 126725 126733 153137 245149 153135 
6 : 126750 74852 126748 74871 247119 74869 
6 : 126859 126861 126855 253976 219543 219547 
6 : 88269 126888 126878 88288 88271 159131 
6 : 126973 126980 62883 146837 62888 62908 
6 : 126977 79981 126969 80001 131279 79983 
6 : 11381 25921 126984 11371 11389 25928 
6 : 127078 127079 127065 260357 161426 161428 
6 : 127084 127087 127092 190744 190750 224668 
6 : 127090 127096 109769 239940 109786 109793 
6 : 69815 127111 73670 69829 69811 73693 
6 : 83790 20648 127185 20640 83794 20660 
6 : 127207 127203 127219 160143 208195 160153 
6 : 106571 127252 110043 106589 106568 110065 
6 : 101472 127295 127293 101491 101484 231920 
6 : 127301 127302 41950 137608 41953 41956 
6 : 127304 127299 127310 132941 200070 132954 
6 : 89666 127402 127403 89672 89674 200937 
6 : 127415 23038 127413 23055 187226 23051 
6 : 127417 127416 127411 257594 150465 150463 
6 : 127430 127425 127438 208756 244148 208766 
6 : 127526 112712 127529 112723 238147 112729 
6 : 31195 127539 127541 31202 31204 223558 
6 : 127536 127542 127543 170966 170968 236640 
6 : 127544 127533 127546 140467 244184 140468 
6 : 29972 127559 127558 29989 29988 251203 
6 : 127636 127643 127640 183095 183091 239884 
6 : 127659 127663 127653 243745 188997 189004 
6 : 127667 24910 127671 24920 178727 24926 
6 : 46446 79730 127689 46442 46453 79739 
6 : 127716 127718 127698 253455 127985 127988 
6 : 127761 127768 127772 190760 190766 255081 
6 : 127770 127763 127759 213862 166808 166797 
6 : 127871 127872 16873 172457 16880 16882 
6 : 127874 112968 111152 112974 111163 111150 
6 : 127877 127879 117530 218815 117546 117549 
6 : 127885 127888 127894 140440 140447 160492 
6 : 128000 128004 120881 212710 120891 120907 
6 : 128012 128026 128028 212376 212378 263720 
6 : 50431 128037 128035 50442 50441 222317 
6 : 128030 128031 128043 164413 164429 168148 
6 : 18002 128093 128089 18029 18023 259586 
6 : 52845 128129 128122 52856 52848 149182 
6 : 128133 128135 100464 167088 100466 100472 
6 : 128139 128138 103492 246838 103512 103510 
6 : 66592 128144 51356 66596 51353 51359 
6 : 128146 128155 128158 191258 191262 261307 
6 : 128167 128164 128168 181714 220650 181715 
6 : 88531 114506 73812 88529 73807 73811 
6 : 109120 125675 128248 109119 109121 125676 
6 : 22021 76763 915 22019 908 912 
6 : 73338 128288 128289 73351 73354 261768 
6 : 11046 128346 128343 11056 11049 146207 
6 : 111664 128348 113386 111675 111660 113407 
6 : 128349 719 43302 728 43314 712 
6 : 84360 128355 122672 84367 84355 122680 
6 : 128363 128364 128376 184431 184443 186597 
6 : 128391 128397 128399 261387 261389 264951 
6 : 128463 128458 128465 250766 258772 250771 
6 : 128466 128456 25997 236319 26023 26012 
6 : 108054 128470 128477 108056 108065 138443 
6 : 128482 90591 128491 90592 129391 90599 
6 : 128487 128496 128493 174511 174508 235114 
6 : 128518 77814 104633 77833 104660 77808 
6 : 128584 128577 128583 135203 197561 135202 
6 : 128591 128586 108533 210948 108551 108542 
6 : 128697 128695 128690 214998 131887 131883 
6 : 99238 128713 128709 99255 99248 213947 
6 : 128702 22603 128710 22605 142621 22617 
6 : 105627 113240 128732 105626 105641 113254 
6 : 90824 128810 114668 90830 90823 114678 
6 : 128821 128828 128829 189587 189588 255821 
6 : 128827 33253 128826 33268 234223 33266 
6 : 128866 128865 128864 263335 256162 256161 
6 : 128929 29578 128930 29596 256829 29598 
6 : 128932 128920 128926 191203 217094 191190 
6 : 128944 67930 128934 67937 144301 67933 
6 : 129041 39449 25032 39474 25054 25021 
6 : 66400 129045 129052 66402 66414 163701 
6 : 90722 38993 129050 38988 90735 39005 
6 : 129077 127328 129091 127337 212649 127347 
6 : 118424 129156 65913 118437 65910 65940 
6 : 129207 129204 7671 254841 7695 7688 
6 : 50189 129233 74343 50194 50184 74355 
6 : 92710 129236 15460 92724 15451 15475 
6 : 129232 129231 114912 175875 114923 114916 
6 : 87046 129244 129245 87058 87060 238635 
6 : 106030 129267 129253 106047 106031 142564 
6 : 129280 41951 129272 41960 132939 41952 
6 : 129342 129340 129343 151936 178520 151940 
6 : 129356 129349 21160 245605 21181 21172 
6 : 129363 129364 129361 167271 151715 151719 
6 : 94252 129373 129374 94255 94257 165999 
6 : 121071 129378 129372 121078 121074 162380 
6 : 129393 129388 56525 164640 56537 56530 
6 : 116492 129454 129459 116493 116499 154822 
6 : 129458 129453 129455 150060 155962 150055 
6 : 129463 3067 77313 3082 77333 3060 
6 : 129474 40271 39712 40290 39732 39708 
6 : 129502 129506 129508 181841 181844 211059 
6 : 79982 129566 129573 79987 80003 162204 
6 : 129672 129687 96547 194511 96553 96566 
6 : 129708 129700 129701 217323 219293 217309 
6 : 129736 129734 129742 185528 204089 185537 
6 : 129815 129807 129804 213097 141046 141031 
6 : 129824 122647 124004 122667 124025 122646 
6 : 129927 129915 129920 137248 229546 137239 
6 : 82690 129931 129929 82698 82696 188868 
6 : 129990 72428 129977 72449 200670 72433 
6 : 33589 130067 130070 33594 33601 190717 
6 : 1009 130140 130150 1013 1024 194509 
6 : 37466 130148 130142 37476 37469 210091 
6 : 95735 130144 130147 95741 95745 224298 
6 : 130153 24428 130151 24436 189091 24433 
6 : 130183 130173 130179 224202 240949 224197 
6 : 130271 130270 130279 134431 143243 134442 
6 : 130287 130275 130286 199370 254211 199366 
6 : 130315 130318 130316 215346 215345 225263 
6 : 130334 130341 104003 226670 104016 104024 
6 : 130339 130342 130343 242616 242620 254157 
6 : 130403 130408 108882 247024 108901 108907 
6 : 130404 96880 130406 96891 250792 96893 
6 : 123818 40895 130418 40894 123828 40907 
6 : 130425 130417 41834 192102 41862 41845 
6 : 32080 130458 40612 32089 32072 40625 
6 : 77535 130462 130453 77548 77538 153398 
6 : 113850 83852 72143 83850 72141 72138 
6 : 130454 130459 130455 160021 160015 179463 
6 : 130539 130543 113615 172399 113622 113629 
6 : 130545 130541 130540 177149 176107 176097 
6 : 70819 130690 130693 70828 70832 246978 
6 : 112713 130772 130762 112732 112716 186948 
6 : 130817 130811 105876 140689 105884 105877 
6 : 130874 130871 126381 157607 126411 126388 
6 : 130878 65608 130886 65620 207765 65638 
6 : 130887 772 6297 773 6298 765 
6 : 130989 130985 130996 172014 231834 172022 
6 : 130992 130988 130987 207705 205222 205212 
6 : 130994 130986 103348 181581 103373 103354 
6 : 3002 4991 130997 2996 3003 4992 
6 : 131010 61410 131007 61432 245802 61428 
6 : 1010 129670 131030 1007 1015 129676 
6 : 131102 131095 131103 165575 249539 165578 
6 : 120957 131115 131116 120980 120982 262383 
6 : 131119 103875 98654 103891 98671 98651 
6 : 131121 11509 100244 11525 100266 11504 
6 : 131122 131118 25253 197914 25277 25266 
6 : 2065 131126 75395 2066 2063 75396 
6 : 131137 131136 131133 238527 209564 209562 
6 : 131148 131152 82056 223619 82067 82071 
6 : 20708 131211 131196 20731 20712 194384 
6 : 131193 131208 131207 153922 153921 261236 
6 : 131215 131227 131223 161529 161526 257383 
6 : 131219 131217 131213 172519 139514 139502 
6 : 131319 106255 131328 106256 132373 106278 
6 : 131322 131321 131325 152800 183204 152804 
6 : 131348 131363 91019 136656 91022 91053 
6 : 131356 62606 131362 62620 212822 62632 
6 : 131444 131443 131437 255355 195498 195495 
6 : 49481 64923 131468 49473 49491 64937 
6 : 131470 85058 131464 85075 198339 85064 
6 : 131545 131550 131548 219328 219321 236644 
6 : 131552 97302 131547 97330 232765 97318 
6 : 131562 131563 131568 241765 241771 243783 
6 : 131668 131672 25061 194312 25072 25093 
6 : 131675 131688 131687 168227 168226 258273 
6 : 131794 131800 131791 218746 159858 159870 
6 : 131905 131901 131912 139747 228500 139759 
6 : 131906 54761 13549 54773 13570 13544 
6 : 132050 132047 48851 177088 48863 48857 
6 : 132078 106803 132085 106816 252998 106821 
6 : 132149 132145 129000 215618 129017 129009 
6 : 132181 132180 132179 233943 226432 226425 
6 : 10853 70221 132269 10850 10860 70230 
6 : 90575 79462 123495 79458 90573 79461 
6 : 132262 132268 132261 141699 132526 132533 
6 : 7314 47678 43453 7311 7310 43443 
6 : 9447 132270 132277 9449 9452 143892 
6 : 132290 132284 132283 154629 151049 151041 
6 : 85849 132410 132402 85871 85860 210081 
6 : 132397 119265 132407 119268 172672 119278 
6 : 132409 132405 132413 225036 256163 225041 
6 : 132463 132461 118477 237638 118506 118499 
6 : 132468 33792 132465 33817 255593 33811 
6 : 132480 132473 109670 186643 109698 109677 
6 : 102976 132494 132495 102983 102984 190697 
6 : 132504 132492 132501 144091 253527 144087 
6 : 132560 54232 132553 54252 160584 54236 
6 : 132581 132584 132578 225838 179184 179194 
6 : 132613 132609 132615 218489 236218 218492 
6 : 21439 7847 132696 7836 21457 7867 
6 : 84361 132691 132686 84371 84365 179607 
6 : 126486 132689 132692 126492 126494 209201 
6 : 132774 132781 132777 146485 146481 246483 
6 : 132801 62997 132793 63016 184211 63001 
6 : 132898 132902 132904 235949 235954 261717 
6 : 132989 132988 132993 179548 199524 179552 
6 : 132994 23857 73968 23871 73987 23852 
6 : 132996 41479 133000 41485 158889 41494 
6 : 133002 132998 133004 199967 234410 199969 
6 : 133012 133016 133008 240367 153045 153052 
6 : 133089 133098 79039 157049 79044 79063 
6 : 133097 133094 83114 231634 83129 83123 
6 : 39963 133125 133119 39977 39973 227906 
6 : 133121 69086 85350 69098 85362 69081 
6 : 15551 133235 133241 15564 15573 236659 
6 : 133253 133258 133255 243422 243418 250412 
6 : 133259 133245 130111 162411 130137 130114 
6 : 57862 26737 133346 26732 57875 26753 
6 : 133336 80195 133335 80201 150777 80199 
6 : 131961 133352 133361 131965 131974 168658 
6 : 133367 133375 133379 138614 138617 202956 
6 : 133446 133442 111543 155865 111552 111545 
6 : 133459 133456 49537 137960 49548 49539 
6 : 44560 133481 133484 44573 44575 248092 
6 : 105329 133476 133471 105338 105332 163762 
6 : 133500 133489 133486 162366 142948 142930 
6 : 133507 114207 91463 114213 91469 91460 
6 : 133552 34542 133548 34559 245066 34554 
6 : 133554 133559 133558 166491 166489 233946 
6 : 133572 113652 133575 113654 159413 113661 
6 : 100850 133650 133646 100863 100859 205434 
6 : 133651 133647 133652 209657 249912 209663 
6 : 96737 133663 133668 96747 96755 225234 
6 : 133661 133660 133666 192790 196522 192798 
6 : 133766 133761 74854 240640 74872 74867 
6 : 133768 133770 75296 175127 75301 75308 
6 : 75193 133797 133793 75212 75207 263936 
6 : 133815 133809 133808 251118 250957 250951 
6 : 56996 133871 49267 56997 49263 49270 
6 : 133878 133880 133874 256519 209581 209583 
6 : 133892 133885 133893 196546 256610 196548 
6 : 133902 130428 133909 130433 180755 130443 
6 : 133911 130306 133915 130321 248562 130323 
6 : 67863 134010 8293 67885 8290 8317 
6 : 134003 133999 134005 136714 210143 136716 
6 : 134013 48245 134021 48249 163528 48260 
6 : 103323 134126 134129 103328 103335 175657 
6 : 134132 54459 134133 54473 239203 54474 
6 : 129273 52595 134159 52593 129281 52600 
6 : 103744 134177 73436 103761 73433 73460 
6 : 91214 134245 89728 91229 89723 89752 
6 : 110591 134242 48381 110595 48378 48388 
6 : 134250 134249 134248 185255 169136 169135 
6 : 134252 134257 134254 200229 200225 249618 
6 : 134270 54342 49538 54359 49557 49529 
6 : 20309 134366 134367 20314 20315 187145 
6 : 134364 134372 134376 155238 155243 257421 
6 : 134381 134387 134386 182856 182855 249446 
6 : 134391 134388 134392 256017 264495 256019 
6 : 134489 134487 134492 205429 219757 205440 
6 : 18776 134523 134522 18784 18781 194364 
6 : 14643 73838 134542 14640 14646 73845 
6 : 118851 134606 134610 118852 118857 156467 
6 : 134619 134622 134630 141296 141304 186305 
6 : 134631 134624 112304 197895 112325 112311 
6 : 29189 34127 134675 29182 29199 34142 
6 : 134681 134688 134671 251984 200256 200264 
6 : 134716 134723 134724 149370 149371 261333 
6 : 101756 134741 134734 101779 101771 228087 
6 : 134752 134753 100406 212986 100412 100414 
6 : 134755 33207 63436 33225 63456 33201 
6 : 53644 56268 44325 53633 44313 44314 
6 : 134837 134842 134838 216180 216172 219305 
6 : 134854 49137 134855 49144 208988 49145 
6 : 134858 134853 134856 205769 221406 205766 
6 : 134951 95540 134958 95545 188824 95556 
6 : 134965 92805 134970 92809 148731 92815 
6 : 22347 30032 108192 22340 22344 30028 
6 : 37840 135003 134998 37854 37852 249126 
6 : 135005 134996 134993 226343 201695 201680 
6 : 135071 135069 135075 217912 230626 217921 
6 : 135077 135087 135081 154386 154381 220334 
6 : 135090 135091 135083 262428 245607 245608 
6 : 89067 135104 135109 89082 89084 235067 
6 : 135160 135162 135165 196402 196415 227706 
6 : 135161 135156 135167 178979 212078 178994 
6 : 35638 135178 46613 35652 35633 46628 
6 : 135170 135175 135174 201735 201734 241469 
6 : 135180 135172 131516 235285 131540 131532 
6 : 135246 135252 106491 194338 106498 106512 
6 : 135262 90473 30503 90492 30525 30498 
6 : 135265 135269 135273 233004 233006 254205 
6 : 135268 135270 120029 249595 120048 120052 
6 : 135288 135279 135282 223094 237758 223090 
6 : 135308 135311 135295 252063 160585 160592 
6 : 135334 135319 135325 162886 194911 162875 
6 : 135410 135406 12158 211795 12176 12169 
6 : 135412 135404 48126 187830 48144 48134 
6 : 72767 135416 135431 72768 72784 162802 
6 : 135424 135422 67600 204500 67608 67605 
6 : 102075 113829 59896 102074 59890 59893 
6 : 135442 135437 135440 166074 205934 166070 
6 : 135513 135512 135509 261995 142466 142465 
6 : 14117 135641 135633 14133 14119 164080 
6 : 135642 124039 135639 124050 242469 124048 
6 : 135652 121654 22490 121662 22507 22489 
6 : 76582 135758 135754 76594 76586 213025 
6 : 135751 135755 11988 189671 11996 12002 
6 : 206 56030 104216 199 205 56029 
6 : 135771 30663 27420 30684 27443 27407 
6 : 135848 135840 135846 163572 231071 163567 
6 : 92062 135874 58053 92068 58050 58060 
6 : 135956 85462 135964 85469 197896 85482 
6 : 135965 135959 113018 234250 113045 113032 
6 : 135979 135973 135969 208203 187136 187128 
6 : 135997 135999 135992 264914 244904 244906 
6 : 136081 136076 136087 143393 237011 143405 
6 : 136083 14791 91879 14812 91903 14786 
6 : 136084 136079 37982 228125 38003 37997 
6 : 63529 136088 136093 63532 63536 166590 
6 : 136090 136097 136092 179842 179840 188522 
6 : 136115 136117 77838 254139 77851 77854 
6 : 136119 136106 66483 181366 66508 66488 
6 : 136192 136188 118024 155520 118039 118027 
6 : 94729 136203 136199 94739 94732 175448 
6 : 136201 136202 136205 205002 205008 227416 
6 : 136206 93532 12667 93550 12680 12661 
6 : 136207 63134 136208 63153 259720 63155 
6 : 136223 136218 136213 241289 212252 212234 
6 : 9627 111021 136298 9625 9636 111039 
6 : 136300 136297 136296 238937 230606 230598 
6 : 136303 136308 136306 156769 156760 209896 
6 : 136325 136315 29224 160077 29249 29225 
6 : 43546 18210 88297 18199 43542 18204 
6 : 56213 136404 136411 56223 56230 231403 
6 : 95387 136408 10468 95404 10465 10490 
6 : 136441 136448 136444 197233 197223 207412 
6 : 136517 33145 32600 33159 32616 32590 
6 : 136524 136535 136522 216611 162501 162516 
6 : 136533 12334 56825 12350 56847 12325 
6 : 136612 136613 136617 140746 140758 144304 
6 : 136616 11166 136615 11175 228022 11174 
6 : 136635 78372 68329 78384 68342 68324 
6 : 6409 66981 136654 6402 6423 66997 
6 : 136738 136739 136741 202153 202166 207432 
6 : 27753 136869 136870 27761 27762 233124 
6 : 136865 136875 136867 163509 163502 209484 
6 : 136879 136885 136880 148412 148405 158947 
6 : 136942 136951 25062 147069 25064 25076 
6 : 136966 19972 75398 19976 75404 19971 
6 : 136970 136967 107556 208446 107574 107564 
6 : 136980 136981 136984 249866 249868 253551 
6 : 90858 136986 136987 90859 90860 140139 
6 : 101496 137087 137072 101517 101500 163553 
6 : 137083 137073 137084 178907 262061 178908 
6 : 41643 137121 137120 41658 41657 224252 
6 : 68741 62745 137175 62738 68744 62749 
6 : 137204 137211 137203 255340 240727 240736 
6 : 27618 137222 137219 27628 27623 195430 
6 : 21 137245 137242 34 32 240979 
6 : 137233 137236 137232 144041 137884 137889 
6 : 137250 137261 111544 163347 111546 111563 
6 : 137251 137255 137263 169179 169186 212959 
6 : 137254 137252 137262 174427 205529 174438 
6 : 137269 137271 82990 159265 82991 82993 
6 : 23453 68637 137280 23449 23458 68647 
6 : 137 87475 137305 133 153 87498 
6 : 12098 125379 105246 12097 12096 105245 
6 : 96597 130810 41987 96596 41983 41986 
6 : 137416 23706 137413 23718 187041 23712 
6 : 137487 137482 137481 207193 184110 184102 
6 : 137495 63557 137498 63565 228649 63571 
6 : 137503 137514 41247 154998 41251 41280 
6 : 23218 137522 137526 23224 23228 193263 
6 : 39396 137524 126548 39402 39395 126557 
6 : 128257 16809 137597 16808 128260 16812 
6 : 56733 137621 137625 56737 56747 189247 
6 : 130998 77585 74739 77582 74737 74734 
6 : 137618 61412 137624 61414 142620 61423 
6 : 137620 133286 137623 133289 176243 133292 
6 : 41169 84765 137699 41167 41177 84777 
6 : 86361 137716 137717 86372 86373 245053 
6 : 137718 137715 137712 236494 203514 203506 
6 : 137807 107101 137803 107127 246626 107116 
6 : 137816 137824 137811 235287 185892 185904 
6 : 137821 137809 137825 148587 256373 148594 
6 : 66624 137840 61595 66628 61590 61598 
6 : 137921 137920 137914 255722 233138 233137 
6 : 100827 137924 121244 100830 100825 121250 
6 : 137926 137925 33025 212300 33041 33037 
6 : 137938 137939 137949 171271 171281 173714 
6 : 137968 137974 137958 251347 171959 171966 
6 : 138032 138037 138036 191466 191465 263536 
6 : 11937 122731 44357 11935 11926 44353 
6 : 138052 138051 138059 203105 212144 203113 
6 : 138062 138056 138061 243207 263609 243206 
6 : 138099 138088 138096 166827 227997 166822 
6 : 62923 138141 138139 62928 62924 195173 
6 : 138138 73400 54671 73404 54676 54664 
6 : 138157 138156 138150 258925 203852 203851 
6 : 138158 90092 138152 90114 241090 90109 
6 : 138178 138165 138173 166688 262357 166680 
6 : 138189 138191 138188 255209 250872 250875 
6 : 138257 138266 138270 161778 161780 255370 
6 : 138289 138282 138281 238337 237813 237803 
6 : 138320 138317 138335 202105 205811 202119 
6 : 138364 46901 138365 46905 193138 46908 
6 : 138366 117267 122777 117276 122785 117266 
6 : 138371 138362 138368 170378 228742 170369 
6 : 12266 138380 138378 12275 12272 208461 
6 : 138383 138376 138379 195323 220539 195314 
6 : 138466 138479 122306 140030 122307 122336 
6 : 138482 138487 138481 185965 158934 158951 
6 : 138485 138488 44149 218699 44162 44168 
6 : 61951 35023 138499 35020 61953 35028 
6 : 138573 23954 138580 23960 171808 23975 
6 : 138574 138575 138577 174582 174584 192618 
6 : 35536 138586 19631 35549 19623 19645 
6 : 138583 138585 12511 196941 12522 12523 
6 : 138594 138600 138607 202955 202962 243054 
6 : 138605 138591 138604 144819 250947 144816 
6 : 10241 138669 52194 10255 10236 52215 
6 : 138660 138663 95298 167365 95302 95304 
6 : 138676 112772 138677 112784 232808 112786 
6 : 138679 138674 138682 216967 248403 216971 
6 : 134537 138693 138688 134548 134541 155268 
6 : 138695 138697 138699 212988 212993 240670 
6 : 138774 138785 138780 146096 146092 255293 
6 : 138782 138776 75561 193923 75586 75566 
6 : 138792 138797 138789 211137 148252 148261 
6 : 138815 62711 138818 62729 262554 62732 
6 : 138833 138826 39749 192344 39768 39755 
6 : 127918 138893 93005 127922 93004 93013 
6 : 127699 102003 61140 102000 61137 61135 
6 : 138913 138909 64124 235384 64153 64139 
6 : 100067 138999 139001 100070 100075 207553 
6 : 138997 139003 104064 142924 104067 104081 
6 : 139004 123343 619 123361 641 615 
6 : 30427 139008 139010 30429 30434 170560 
6 : 139007 139015 98528 145537 98529 98549 
6 : 139029 139017 139028 140487 224254 140485 
6 : 139033 139023 139026 193188 215816 193182 
6 : 66839 139113 139111 66855 66851 253094 
6 : 85390 139104 90392 85396 85387 90399 
6 : 33672 139129 139131 33674 33678 160055 
6 : 139136 139138 95299 223498 95308 95314 
6 : 139148 139154 139158 180205 180210 206612 
6 : 59940 139210 139209 59943 59942 172961 
6 : 139211 87889 126938 87906 126955 87887 
6 : 124194 33829 139223 33828 124214 33852 
6 : 139218 139216 139221 186390 224694 186397 
6 : 52718 139261 127256 52729 52717 127278 
6 : 138703 33964 139259 33962 138716 33981 
6 : 139321 139323 139325 257852 257854 262512 
6 : 139322 18006 130237 18022 130258 18003 
6 : 139360 139350 139348 197084 171565 171544 
6 : 139362 139368 139364 144775 144772 175137 
6 : 139367 76167 139366 76179 199419 76174 
6 : 139374 136326 139370 136347 236286 136340 
6 : 139427 139434 127919 196646 127925 127931 
6 : 139429 139420 139426 142510 187844 142507 
6 : 139437 139433 139431 233953 230495 230489 
6 : 139550 2250 139556 2253 178638 2262 
6 : 125424 139563 139567 125431 125436 206126 
6 : 139575 139566 139573 217243 264754 217241 
6 : 113116 139585 139582 113129 113127 224846 
6 : 139686 139690 134093 251856 134116 134120 
6 : 139687 139681 139683 184683 216819 184680 
6 : 32054 139703 139695 32069 32058 195927 
6 : 105458 44890 139699 44884 105470 44904 
6 : 139762 139763 47991 187718 48004 48005 
6 : 139772 139770 81162 257826 81178 81175 
6 : 32553 139776 139777 32555 32558 167101 
6 : 139794 139805 111153 172462 111157 111176 
6 : 139893 139890 43455 256979 43481 43478 
6 : 139918 139920 139911 251128 202359 202368 
6 : 139925 139923 139934 147698 156135 147716 
6 : 139929 68214 139933 68222 204131 68228 
6 : 63654 140006 139996 63663 63655 144108 
6 : 140029 126699 140016 126721 177894 126706 
6 : 140072 140081 140073 141087 141076 168595 
6 : 140083 140074 140078 183825 253769 183821 
6 : 83594 140088 121574 83604 83593 121580 
6 : 140206 93625 89996 93650 90026 89993 
6 : 140217 89300 140210 89317 155276 89303 
6 : 140409 140406 140408 178715 214585 178707 
6 : 35537 140437 140432 35553 35548 227629 
6 : 140428 140427 124545 159935 124549 124548 
6 : 140496 140495 140499 151436 166326 151442 
6 : 140515 140513 140518 172053 237084 172060 
6 : 136417 36028 35301 36026 35299 35293 
6 : 140528 140525 140526 201841 228150 201840 
6 : 140533 140527 140531 230145 259566 230142 
6 : 135594 140625 140624 135613 135612 249454 
6 : 140615 140622 39995 154698 39998 40010 
6 : 140617 140619 140621 162858 162860 199881 
6 : 140618 35732 113616 35740 113621 35727 
6 : 122856 140644 140633 122874 122864 205467 
6 : 140631 140639 140642 171298 171301 248500 
6 : 140646 140645 140637 263404 224007 224005 
6 : 140705 62285 4354 62294 4362 4351 
6 : 95101 140727 140724 95113 95107 257232 
6 : 101738 63285 140725 63279 101748 63299 
6 : 140735 140738 140729 218101 157342 157348 
6 : 140794 140793 140811 163164 163268 163183 
6 : 140844 140848 140841 235050 162093 162103 
6 : 84382 140860 140852 84402 84386 190876 
6 : 140850 140862 140857 159211 159202 245323 
6 : 140869 140873 140870 193690 193684 215502 
6 : 140881 140892 80138 162916 80142 80149 
6 : 140887 140888 140890 214544 214546 215489 
6 : 66544 14000 140947 13992 66551 14009 
6 : 140946 140412 140955 140415 206296 140422 
6 : 140954 140948 140950 227022 247404 227018 
6 : 137394 140966 140964 137403 137400 215760 
6 : 140971 23665 134916 23687 134937 23664 
6 : 141054 30936 141052 30949 196420 30940 
6 : 141055 141050 30825 157408 30835 30826 
6 : 35733 141066 134917 35746 35731 134927 
6 : 101064 141098 141091 101076 101066 146314 
6 : 141094 86688 141102 86694 168628 86707 
6 : 141105 141109 141112 188406 188410 210205 
6 : 104199 9366 141157 9361 104205 9378 
6 : 141164 141154 141156 210956 219167 210942 
6 : 92047 141168 141166 92050 92049 159117 
6 : 141171 141179 83066 233553 83073 83086 
6 : 141200 55850 93408 55851 93409 55843 
6 : 32554 111005 141287 32550 32557 111009 
6 : 81588 141288 141284 81591 81589 154659 
6 : 120983 141290 141289 120995 120993 189615 
6 : 141307 141297 141309 199411 252926 199413 
6 : 141397 141398 96262 251968 96275 96279 
6 : 46794 141416 141415 46806 46805 243943 
6 : 141413 97170 141405 97184 166947 97173 
6 : 141444 47259 141455 47262 151566 47280 
6 : 41837 141512 132629 41855 41835 132646 
6 : 141514 94551 141513 94567 263346 94566 
6 : 141527 64125 141521 64149 220848 64138 
6 : 141544 77512 141545 77526 260962 77530 
6 : 141626 141627 31523 163109 31528 31530 
6 : 141634 141629 82860 220090 82876 82869 
6 : 70222 141704 104635 70233 70215 104652 
6 : 118677 141696 141707 118684 118698 222333 
6 : 46769 141733 141737 46778 46780 210467 
6 : 72379 141727 106596 72380 72376 106597 
6 : 141745 141740 141743 195621 206383 195617 
6 : 33419 125334 141755 33418 33423 125340 
6 : 141758 141753 141761 192532 227407 192538 
6 : 141767 123738 141754 123771 203668 123748 
6 : 23799 141838 141840 23811 23814 238980 
6 : 141834 141836 45474 173563 45478 45482 
6 : 141841 141835 15917 205208 15938 15927 
6 : 52720 141848 141025 52735 52719 141047 
6 : 112844 141863 141853 112859 112848 162409 
6 : 141850 141855 57630 152408 57631 57636 
6 : 141860 141852 141857 156746 212611 156744 
6 : 88833 116397 43456 88832 43445 43451 
6 : 111527 141947 141948 111540 111541 265263 
6 : 73616 141951 141958 73622 73627 206987 
6 : 141962 18174 62287 18179 62291 18167 
6 : 141968 141973 141960 222268 149852 149859 
6 : 141974 74448 141966 74469 188161 74454 
6 : 41930 142000 141996 41935 41932 172756 
6 : 142004 68498 141997 68511 181285 68501 
6 : 92829 142037 142047 92835 92845 177095 
6 : 123551 142166 142163 123566 123561 256039 
6 : 142157 142161 142156 212153 183563 183573 
6 : 142180 13422 142183 13425 169024 13433 
6 : 142187 142192 42360 250895 42374 42379 
6 : 142205 142210 142195 216734 153186 153192 
6 : 142269 142268 142264 225003 168087 168086 
6 : 142278 7069 134210 7086 134232 7068 
6 : 142307 111360 73292 111376 73313 73284 
6 : 142369 142364 142366 152866 181816 152864 
6 : 103877 142375 142379 103879 103892 166144 
6 : 142376 142378 142380 175764 175771 218974 
6 : 142414 142415 23666 243141 23681 23682 
6 : 142476 142472 63163 188588 63191 63174 
6 : 142495 142486 45249 153909 45261 45251 
6 : 142498 142487 142489 155643 179815 155629 
6 : 142499 142491 142490 196468 188676 188664 
6 : 142591 142590 106347 228352 106364 106363 
6 : 142697 142691 37675 148700 37691 37676 
6 : 142698 142692 56375 167766 56393 56378 
6 : 142700 142694 142695 175287 205211 175272 
6 : 85181 142704 142711 85187 85197 179268 
6 : 142792 137185 142797 137187 174908 137192 
6 : 142799 142793 142802 197910 251120 197916 
6 : 31451 53956 47992 31445 31444 47981 
6 : 142902 79573 138225 79595 138244 79571 
6 : 142903 142910 142908 184684 184681 250215 
6 : 142987 127113 142995 127116 175438 127130 
6 : 142991 142996 74505 239563 74515 74524 
6 : 143027 143030 143022 255703 236279 236283 
6 : 143088 3834 143087 3838 177794 3837 
6 : 143095 143091 143086 216889 173069 173052 
6 : 143099 23358 143101 23366 180169 23372 
6 : 106224 54672 143134 54667 106230 54678 
6 : 143148 143140 143135 247789 210254 210245 
6 : 73067 143157 141126 73074 73066 141135 
6 : 139163 143155 143152 139169 139165 185345 
6 : 143153 109246 97909 109251 97914 97905 
6 : 143160 143158 119676 219112 119689 119687 
6 : 143192 143199 128177 151166 128180 128202 
6 : 143197 21794 143194 21813 221246 21807 
6 : 143214 143208 143207 209166 205465 205447 
6 : 143220 143211 143215 240238 262401 240231 
6 : 132915 143234 143231 132931 132927 253897 
6 : 143313 143322 143314 174531 174520 183155 
6 : 143328 140898 143333 140899 158219 140904 
6 : 143335 135478 143334 135494 218981 135490 
6 : 143352 143343 143355 203583 252931 203586 
6 : 143409 57317 75809 57326 75814 57311 
6 : 16169 65701 143427 16163 16189 65719 
6 : 143413 143428 143416 146424 146411 183161 
6 : 143415 143424 143417 176931 176921 183904 
6 : 143426 93869 143421 93890 219421 93882 
6 : 62713 72201 143433 62708 62722 72208 
6 : 143519 47260 49950 47266 49959 47251 
6 : 143522 143518 143524 162443 235982 162449 
6 : 143529 143532 104879 218613 104890 104896 
6 : 143530 143528 143531 192991 225718 192993 
6 : 136584 143549 99618 136600 99616 99631 
6 : 143553 143556 143543 254623 196075 196078 
6 : 143565 136561 143559 136571 156252 136563 
6 : 143557 51079 143605 51078 143571 51112 
6 : 143599 143593 143604 156257 246582 156265 
6 : 143645 143650 143651 185621 185624 227557 
6 : 143717 6869 134918 6888 134925 6868 
6 : 71130 96119 143747 71125 71148 96139 
6 : 117135 143762 143757 117150 117143 211974 
6 : 118700 66868 24797 66865 24794 24787 
6 : 143810 143807 143809 162699 241594 162695 
6 : 143814 52337 79732 52338 79734 52330 
6 : 143835 143842 143831 227353 186870 186877 
6 : 78213 1990 143905 1982 78220 1997 
6 : 143910 141356 143904 141370 184623 141364 
6 : 144017 144016 144013 205285 167705 167702 
6 : 144035 113745 144033 113765 260649 113761 
6 : 108586 144043 144049 108594 108602 229785 
6 : 144042 144047 144045 226757 226755 239226 
6 : 144126 144124 144128 173824 244095 173830 
6 : 144131 144127 144125 250515 238785 238773 
6 : 144134 144141 70840 194598 70850 70857 
6 : 144142 144143 144135 262726 229208 229210 
6 : 8209 3030 68113 3020 8202 3027 
6 : 144145 140788 144144 140791 149627 140789 
6 : 144248 144245 144244 191878 188152 188143 
6 : 144269 144260 144255 227663 186513 186499 
6 : 144351 144341 144342 165222 193628 165209 
6 : 144379 144380 42985 227119 43002 43003 
6 : 144456 144464 144459 164431 164416 184878 
6 : 144457 144462 144458 168143 168137 176280 
6 : 144463 81618 144465 81637 262610 81640 
6 : 144469 144479 144475 198392 198387 249959 
6 : 144488 144483 133368 192698 133383 133374 
6 : 144544 144546 144540 237479 169965 169967 
6 : 144561 144570 117074 145243 117075 117084 
6 : 15359 144632 144633 15370 15372 257784 
6 : 144634 31326 144626 31341 154747 31328 
6 : 144644 9829 144642 9844 261071 9839 
6 : 144668 144664 123455 165558 123465 123460 
6 : 144674 144669 144670 229058 236929 229054 
6 : 38072 144732 144727 38081 38075 176908 
6 : 144738 144737 144735 265347 239385 239384 
6 : 78843 144759 144760 78853 78854 244373 
6 : 144757 144762 144765 232377 232379 252506 
6 : 144769 144766 144768 258804 264146 258803 
6 : 43423 82861 144773 43414 43428 82866 
6 : 144828 144825 28909 207698 28922 28918 
6 : 103064 102598 2327 102594 2321 2320 
6 : 145078 91693 145077 91707 249994 91706 
6 : 100122 145096 145100 100132 100136 224098 
6 : 138835 145088 70310 138838 70309 70316 
6 : 29336 145187 145193 29344 29345 213843 
6 : 145200 145204 145208 169115 169122 212832 
6 : 145209 145201 111307 171865 111328 111311 
6 : 145214 145199 145206 160116 223886 160104 
6 : 70456 100093 79070 70449 70446 79068 
6 : 145222 145219 145223 182113 219717 182114 
6 : 145294 145298 76911 240118 76920 76933 
6 : 28435 145322 103382 28436 28432 103383 
6 : 145334 145324 145329 199294 234579 199282 
6 : 145410 110122 35131 110127 35134 35129 
6 : 145421 145425 26383 236446 26391 26402 
6 : 145430 50795 79986 50798 79991 50788 
6 : 55876 145521 145523 55882 55883 232010 
6 : 145613 145612 112628 195896 112644 112633 
6 : 145617 145620 107780 248466 107793 107797 
6 : 145627 145635 145641 207324 207330 255869 
6 : 5868 145655 145644 5878 5871 169201 
6 : 51433 47195 145725 47189 51444 47214 
6 : 145726 29688 19460 29705 19477 19455 
6 : 145730 145735 144492 205493 144497 144508 
6 : 145746 145744 145748 185346 206220 185347 
6 : 145829 145833 145830 152929 152924 158343 
6 : 53764 38995 145846 38986 53777 39017 
6 : 145899 145901 73438 169705 73443 73457 
6 : 145930 145939 145938 186356 186354 254930 
6 : 145941 22453 12512 22477 12539 12500 
6 : 145942 145928 145935 166048 241879 166040 
6 : 97379 145949 19285 97388 19278 19291 
6 : 145997 12026 145983 12042 166848 12029 
6 : 132604 146041 146036 132621 132611 226356 
6 : 146044 146050 146062 162480 162493 199492 
6 : 97827 146065 146068 97834 97839 176533 
6 : 146073 74573 146067 74587 193267 74578 
6 : 22571 146095 146099 22588 22591 264716 
6 : 146142 146143 146141 249343 247578 247581 
6 : 146152 40925 146153 40936 235941 40937 
6 : 146163 146166 146169 194145 194149 215692 
6 : 146167 146162 146171 166266 227420 166276 
6 : 1477 146246 146256 1480 1495 166936 
6 : 146276 146270 124092 157640 124113 124094 
6 : 146362 146364 146359 265128 218444 218446 
6 : 146377 146382 125263 176695 125267 125275 
6 : 146384 146395 78622 244340 78639 78652 
6 : 13215 15855 141601 13207 13214 15854 
6 : 86544 146403 146401 86557 86552 238588 
6 : 146447 146448 100751 185670 100756 100760 
6 : 76857 146469 146463 76871 76865 194894 
6 : 146472 94751 127920 94752 127921 94748 
6 : 146555 146564 146552 194585 154920 154931 
6 : 146570 146567 146578 167325 187835 167340 
6 : 69690 146621 7407 69709 7401 7426 
6 : 146678 146684 125955 219587 125965 125985 
6 : 146690 146680 146687 222732 261537 222730 
6 : 146691 146698 70950 155344 70953 70964 
6 : 2042 146711 131073 2049 2040 131082 
6 : 101188 146707 146706 101193 101190 179798 
6 : 146781 146787 146780 208763 200736 200750 
6 : 146795 146790 72317 181256 72329 72322 
6 : 82177 146817 146809 82193 82184 235724 
6 : 146900 146911 146904 163159 163148 186077 
6 : 24545 146920 106145 24555 24542 106160 
6 : 146913 146918 146923 149067 149072 228190 
6 : 146919 146924 121330 255254 121341 121349 
6 : 9523 146951 146952 9524 9525 151461 
6 : 94999 146953 64126 95001 64120 64128 
6 : 147005 147009 41801 169541 41806 41812 
6 : 147013 147007 147003 202036 161298 161286 
6 : 75751 147046 147035 75763 75753 153815 
6 : 115301 147054 147051 115315 115309 207804 
6 : 147057 147050 147056 192204 263843 192202 
6 : 147058 34129 35838 34156 35865 34120 
6 : 147079 147070 147082 226039 257305 226043 
6 : 67382 147152 147153 67396 67397 253586 
6 : 147158 147163 48411 152480 48413 48422 
6 : 147167 119429 147166 119449 255586 119447 
6 : 137674 147217 147218 137675 137676 169424 
6 : 147220 147216 147222 161927 247023 161929 
6 : 147226 146858 24494 146862 24499 24493 
6 : 3675 101497 113019 3672 3673 101494 
6 : 147256 147257 147255 165405 152137 152138 
6 : 147326 147329 79043 238706 79052 79059 
6 : 147335 11385 147339 11392 204930 11396 
6 : 147346 120111 147355 120115 159718 120132 
6 : 86568 147435 39163 86576 39155 39170 
6 : 36673 147451 117533 36690 36670 117558 
6 : 147447 147448 147452 254730 254732 263663 
6 : 84037 97250 147546 84035 84043 97265 
6 : 147549 147547 39598 232461 39623 39616 
6 : 80198 147555 147556 80210 80211 241934 
6 : 133334 117462 147554 117459 133344 117470 
6 : 143912 147586 12476 143920 12474 12490 
6 : 147592 147582 147589 163044 255063 163040 
6 : 112266 87049 69631 87044 69625 69620 
6 : 147747 147748 147743 239160 188293 188295 
6 : 147750 125094 14837 125110 14855 14834 
6 : 147792 116060 147791 116079 256688 116076 
6 : 147795 47038 142309 47042 142313 47037 
6 : 147835 147832 80925 233649 80935 80930 
6 : 18070 147856 147840 18088 18072 161300 
6 : 101189 147846 147849 101194 101196 192547 
6 : 147845 126625 147850 126630 191743 126633 
6 : 21998 132416 24495 21996 21990 24492 
6 : 147949 147951 147950 200367 200366 215178 
6 : 147971 125114 147961 125134 180087 125118 
6 : 135906 113499 29875 113496 29872 29866 
6 : 147993 148001 148000 220208 220207 260100 
6 : 107046 148086 108415 107055 107043 108435 
6 : 14737 118959 148092 14734 14740 118965 
6 : 80336 148197 148212 80340 80353 167757 
6 : 148229 135455 148222 135476 229079 135464 
6 : 148241 148235 148236 189731 229568 189721 
6 : 69980 148299 148309 69981 69998 168951 
6 : 148301 148304 3433 217057 3443 3447 
6 : 93845 148314 86294 93849 86292 86299 
6 : 148323 4301 148325 4313 229589 4315 
6 : 148324 148316 148317 201146 212041 201136 
6 : 105525 148386 76081 105528 76074 76084 
6 : 18362 148399 25958 18370 18354 25967 
6 : 148395 22141 148400 22143 159057 22148 
6 : 148428 148419 148436 148954 196097 148967 
6 : 148438 148421 22794 169054 22819 22797 
6 : 148539 148545 148459 258861 148475 148482 
6 : 116778 148609 148611 116789 116793 237852 
6 : 120959 136562 148630 120958 120975 136581 
6 : 148640 148649 148642 198952 198943 215054 
6 : 110354 148703 148710 110355 110369 169766 
6 : 148717 148715 148714 223932 210807 210803 
6 : 148719 34688 66189 34699 66203 34682 
6 : 148724 148726 148725 263592 263591 264654 
6 : 148728 72466 62835 72468 62837 62825 
6 : 148729 148738 47504 191547 47509 47521 
6 : 148753 148760 148754 259259 259256 259368 
6 : 148810 101759 69632 101760 69633 69623 
6 : 148816 14029 148817 14034 220235 14037 
6 : 148823 148825 148827 217360 217362 239682 
6 : 148833 148829 148836 183253 233310 183255 
6 : 129865 148853 148847 129877 129873 226629 
6 : 148850 148852 148840 237985 157846 157850 
6 : 3835 148926 148925 3843 3841 205266 
6 : 88135 148941 148944 88141 88147 211285 
6 : 116061 149025 149029 116069 116081 205671 
6 : 149024 118481 149022 118493 180336 118487 
6 : 149038 149034 149042 224576 240556 224583 
6 : 149044 149035 149036 229268 230016 229255 
6 : 149237 149234 149232 163311 153180 153170 
6 : 149243 149236 149246 199886 228475 199888 
6 : 149251 149252 149258 156971 156975 160456 
6 : 149260 149265 59898 254062 59915 59926 
6 : 149274 149277 149266 245691 171367 171372 
6 : 149361 23801 109147 23806 109150 23797 
6 : 149392 149386 149375 255947 162897 162891 
6 : 26123 149399 149402 26133 26136 222191 
6 : 85160 123923 149410 85154 85173 123949 
6 : 60309 149443 149438 60327 60317 201055 
6 : 149436 92382 149444 92383 152306 92402 
6 : 149469 31223 149477 31237 229065 31242 
6 : 101944 16569 24915 16557 24907 16551 
6 : 149658 149659 149662 158318 158322 179662 
6 : 149685 149675 16719 161730 16734 16720 
6 : 56466 149788 149784 56481 56475 231539 
6 : 149801 88811 149806 88819 187092 88831 
6 : 119011 4629 149816 4626 119025 4649 
6 : 149811 17164 149812 17171 214084 17172 
6 : 149885 143767 149887 143772 184740 143778 
6 : 149891 149888 120758 238168 120777 120771 
6 : 61657 70426 149899 61651 61671 70442 
6 : 149904 60310 149906 60321 217383 60325 
6 : 149905 149908 149909 226912 226913 248685 
6 : 114442 115371 149917 114438 114453 115379 
6 : 123951 66011 149922 66005 123967 66027 
6 : 149983 61850 149981 61855 160388 61853 
6 : 149987 149996 149988 156238 156224 185813 
6 : 16012 97655 86870 16009 16007 86866 
6 : 150039 150047 122182 206308 122190 122202 
6 : 150087 150099 150094 195165 195158 248983 
6 : 29023 13556 150127 13540 29034 13574 
6 : 114188 150193 150192 114199 114198 243518 
6 : 137827 150194 26477 137834 26474 26495 
6 : 112629 150197 150199 112635 112637 214436 
6 : 150207 150210 150208 212641 212639 220160 
6 : 150220 129992 150242 129996 160954 130017 
6 : 150234 100723 150221 100740 163570 100727 
6 : 150300 150296 150298 221943 246662 221940 
6 : 150305 42281 115763 42303 115794 42278 
6 : 79123 150323 150321 79128 79126 183407 
6 : 150326 79147 127564 79158 127577 79146 
6 : 150332 150331 150327 265362 244339 244338 
6 : 150336 150344 150334 227727 210239 210251 
6 : 150388 92011 150386 92023 175742 92015 
6 : 150407 150414 150413 210267 210266 250486 
6 : 129993 150430 150432 130004 130008 218711 
6 : 150508 150515 97971 176710 97972 97987 
6 : 150510 150518 150511 221005 221001 234003 
6 : 68215 150533 150522 68232 68218 175753 
6 : 150529 150523 150526 185956 200889 185948 
6 : 150599 150603 43457 219025 43473 43476 
6 : 150607 150614 149954 154928 149955 149973 
6 : 150613 150609 150615 217915 251184 217917 
6 : 150629 39885 150631 39899 232655 39905 
6 : 25316 150716 150712 25328 25322 214897 
6 : 150714 150713 49138 222640 49151 49150 
6 : 150728 150722 150733 214345 255737 214353 
6 : 96739 14761 150737 14757 96742 14762 
6 : 131807 86545 150820 86542 131810 86550 
6 : 150828 32277 150833 32281 192050 32288 
6 : 144891 150923 150931 144898 144909 219288 
6 : 150959 150960 150962 204527 204530 210464 
6 : 3476 124282 151028 3474 3487 124295 
6 : 968 151033 151039 972 978 200107 
6 : 151032 151031 151037 170156 180211 170167 
6 : 70951 151050 45357 70967 45352 45378 
6 : 151061 151072 151066 246937 246927 257581 
6 : 151064 151065 151060 255679 233204 233208 
6 : 79432 6845 151125 6838 79439 6848 
6 : 121088 151141 151145 121101 121105 248345 
6 : 151139 151144 151146 230126 230129 255513 
6 : 151226 151225 151224 232802 230817 230816 
6 : 64454 95142 110898 64448 64449 95138 
6 : 151238 151242 3992 237482 4004 4015 
6 : 151275 151279 151270 215651 186951 186959 
6 : 151325 54345 151318 54360 171961 54349 
6 : 114841 8152 128181 8147 114838 8148 
6 : 151148 110395 151344 110394 151150 110396 
6 : 151412 151414 151411 254039 250574 250577 
6 : 95636 151416 132807 95637 95633 132809 
6 : 130045 151418 47602 130055 47598 47610 
6 : 151513 151523 151517 163660 163654 245818 
6 : 134744 151525 151539 134745 134760 155284 
6 : 74479 151544 151555 74484 74495 203924 
6 : 127442 151554 151552 127456 127453 256262 
6 : 120733 151570 151573 120748 120754 255867 
6 : 71444 151637 151631 71461 71449 192320 
6 : 151632 151639 151641 193093 193095 264073 
6 : 151660 151672 151668 222131 222125 257969 
6 : 101475 151741 111184 101482 101470 111190 
6 : 151747 151737 151743 164860 229669 164852 
6 : 151761 18363 151760 18382 257146 18381 
6 : 26517 151771 151766 26529 26519 180443 
6 : 151767 151765 1391 168556 1400 1393 
6 : 51469 151861 151855 51490 51473 202367 
6 : 100852 151859 83229 100869 83221 83251 
6 : 151870 151865 101587 200245 101599 101591 
6 : 116991 151878 108278 116996 108276 108288 
6 : 151883 151877 151872 229110 176878 176867 
6 : 106927 151970 151971 106938 106939 259478 
6 : 129169 151975 151979 129174 129179 189727 
6 : 151983 39713 151982 39734 258350 39733 
6 : 144562 25687 152000 25685 144575 25706 
6 : 151992 41647 151999 41655 211131 41666 
6 : 152088 57147 152090 57150 196823 57155 
6 : 152089 152086 152091 153831 208214 153835 
6 : 137441 126673 55274 126670 55273 55270 
6 : 113574 28627 134692 28622 113573 28624 
6 : 152160 29101 35453 29113 35466 29090 
6 : 152169 34658 15581 34663 15589 15577 
6 : 152250 152252 124802 245387 124818 124819 
6 : 15694 152257 152272 15697 15715 179636 
6 : 152278 152280 152288 182783 182790 195882 
6 : 121309 115743 152366 115741 121318 115755 
6 : 152385 152374 152377 202015 227836 202006 
6 : 152431 137568 14681 137588 14696 14678 
6 : 133370 65099 152487 65097 133372 65103 
6 : 152520 152509 152511 223951 240237 223939 
6 : 152538 152541 69735 263373 69752 69754 
6 : 142403 126915 152575 126913 142413 126924 
6 : 97704 152599 152605 97705 97713 153043 
6 : 152641 75009 110930 75033 110954 75008 
6 : 152653 152645 152644 172703 163666 163662 
6 : 55545 152674 152671 55559 55548 168880 
6 : 90618 152680 61996 90633 61990 62014 
6 : 61821 152686 152683 61835 61825 196763 
6 : 152684 152689 100636 214614 100641 100652 
6 : 152685 143768 152690 143777 223526 143787 
6 : 152699 93462 41803 93478 41820 41798 
6 : 152780 33967 152778 33974 177333 33968 
6 : 152792 152794 152796 241012 241015 256533 
6 : 152799 152789 152793 222605 250405 222599 
6 : 106258 126760 152812 106254 106273 126777 
6 : 113853 152888 135793 113859 113851 135801 
6 : 152892 152889 152890 237093 249124 237092 
6 : 24585 152897 26918 24591 24576 26923 
6 : 152991 139740 152993 139741 165736 139742 
6 : 48673 153011 73843 48679 48664 73857 
6 : 153007 153003 153016 156468 209101 156483 
6 : 7600 153082 23668 7603 7596 23677 
6 : 153083 153085 148009 238179 148019 148022 
6 : 25474 153099 153098 25488 25487 239436 
6 : 48102 36224 153105 36218 48119 36244 
6 : 18310 153120 153112 18327 18320 220035 
6 : 153113 30354 153111 30370 217798 30367 
6 : 153224 153225 152225 160014 152226 152228 
6 : 153229 153227 24951 237089 24964 24962 
6 : 47069 133415 52957 47065 47061 52955 
6 : 153239 153248 103646 189341 103650 103661 
6 : 29975 153318 32920 29981 29968 32930 
6 : 73757 54373 153320 54367 73768 54385 
6 : 153323 118353 85885 118367 85907 85879 
6 : 85575 153335 59609 85589 59601 59637 
6 : 153409 153416 143053 171743 143056 143072 
6 : 153419 40538 153412 40556 209668 40541 
6 : 153427 153422 86440 174115 86459 86445 
6 : 153446 153445 153454 195818 206596 195826 
6 : 78991 72861 65220 72853 65208 65207 
6 : 113092 153517 153524 113094 113108 173892 
6 : 153528 153519 153526 219261 256786 219260 
6 : 85819 7198 153539 7191 85830 7209 
6 : 153542 27667 137765 27683 137785 27665 
6 : 115210 153628 107932 115212 107929 107934 
6 : 153630 153635 153629 188356 183245 183250 
6 : 134070 42569 98773 42567 98769 42563 
6 : 153664 75771 153662 75778 197493 75776 
6 : 153734 129752 153742 129755 211077 129771 
6 : 153743 153731 153733 185373 209247 185359 
6 : 33591 153754 153756 33606 33607 253655 
6 : 153855 153859 153854 187291 170339 170343 
6 : 153860 153862 47815 242396 47824 47826 
6 : 99449 112527 17547 99448 17542 17545 
6 : 137956 154051 154056 137967 137972 248318 
6 : 154052 154054 87255 250235 87267 87268 
6 : 144950 115726 154060 115725 144951 115727 
6 : 154089 154102 86441 160359 86442 86462 
6 : 154095 154100 154099 227674 227671 256256 
6 : 154101 154105 154092 262796 207004 207006 
6 : 85060 64927 154158 64918 85061 64928 
6 : 154162 40334 124438 40342 124445 40329 
6 : 154209 154203 147878 237721 147897 147888 
6 : 154248 74181 154249 74184 177119 74187 
6 : 154394 154384 105397 250871 105425 105412 
6 : 154475 154474 154480 172608 183705 172624 
6 : 154478 119266 154482 119279 253316 119282 
6 : 1921 154493 154488 1941 1927 216288 
6 : 154490 36674 154486 36678 189536 36675 
6 : 48674 154499 154496 48677 48675 180621 
6 : 50729 117908 87594 50726 50725 87587 
6 : 154618 62748 98420 62766 98441 62741 
6 : 154633 46677 154634 46695 264078 46696 
6 : 75130 154645 14839 75139 14827 14846 
6 : 152113 154690 154684 152129 152119 205862 
6 : 131333 134188 133193 131331 131330 133191 
6 : 154773 154770 154766 245250 203327 203311 
6 : 154784 154786 74712 188405 74715 74719 
6 : 154799 147598 154813 147600 180179 147617 
6 : 37104 147238 154862 37103 37106 147241 
6 : 92734 25828 113021 25820 92731 25823 
6 : 124838 102482 154865 102479 124843 102493 
6 : 154885 154895 154884 186203 173008 173022 
6 : 154889 154896 154890 202084 202076 216626 
6 : 154893 50592 154888 50605 200194 50597 
6 : 146124 154912 154898 146137 146125 155349 
6 : 154899 154901 68333 179590 68335 68340 
6 : 84520 154969 61113 84532 61107 61127 
6 : 154966 23956 154968 23962 175770 23976 
6 : 104707 36079 80358 36075 80357 36072 
6 : 154983 152114 154971 152134 164629 152116 
6 : 155015 155005 155010 222282 238376 222275 
6 : 134651 155074 65222 134654 65216 65223 
6 : 155076 7619 155081 7623 191871 7631 
6 : 155109 155105 155116 197058 233427 197068 
6 : 155119 155106 155110 197663 233576 197648 
6 : 155185 51047 120545 51049 120547 51046 
6 : 155202 75534 55642 75546 55655 55637 
6 : 155207 155198 155200 215302 235235 215293 
6 : 155208 155197 155204 186220 261518 186216 
6 : 29638 155224 155210 29658 29640 176096 
6 : 119471 55986 155212 55981 119473 55993 
6 : 155217 63166 155041 63184 155063 63165 
6 : 88018 155321 155320 88040 88039 263532 
6 : 155311 130715 155318 130723 212502 130731 
6 : 155334 93489 32248 93504 32264 32245 
6 : 25361 129994 155377 25359 25371 130009 
6 : 25653 155378 155380 25668 25671 236485 
6 : 155389 155382 155387 157753 207349 157752 
6 : 155399 22769 155403 22775 236665 22776 
6 : 82506 155484 87344 82511 82502 87361 
6 : 155483 155482 108655 222410 108671 108666 
6 : 29689 155498 26287 29691 26270 26289 
6 : 155542 80114 155537 80126 169499 80115 
6 : 155576 155581 155582 170434 170436 259743 
6 : 155580 139808 60457 139824 60474 60455 
6 : 57867 155586 155588 57871 57874 222905 
6 : 104939 155594 155592 104955 104953 252880 
6 : 155599 47148 49648 47154 49652 47142 
6 : 35797 155619 155616 35808 35805 214851 
6 : 120226 155623 155612 120240 120227 163576 
6 : 155680 155679 130829 190997 130835 130834 
6 : 155784 155786 63579 186209 63587 63591 
6 : 155785 117410 155787 117417 200496 117420 
6 : 155790 155783 123617 184115 123642 123621 
6 : 122002 107933 155794 107930 122006 107937 
6 : 155792 155796 35407 156030 35408 35417 
6 : 64729 155821 138087 64746 64727 138106 
6 : 137458 23364 57076 23357 57071 23350 
6 : 26001 129094 155894 25998 26017 129110 
6 : 139478 155897 155893 139491 139485 253493 
6 : 123716 51606 155909 51604 123727 51618 
6 : 126505 76859 56527 76855 56523 56517 
6 : 155906 155912 148995 235120 149004 149018 
6 : 155913 20339 155914 20341 156605 20344 
6 : 64158 155937 155931 64171 64167 252596 
6 : 155935 106599 155930 106616 199750 106605 
6 : 156002 92978 155995 93001 242228 92992 
6 : 156005 150263 156007 150276 227015 150277 
6 : 156012 44920 156011 44936 259338 44935 
6 : 156014 115658 156003 115679 189171 115661 
6 : 46984 51453 156022 46981 46991 51459 
6 : 108700 156094 54057 108705 54053 54063 
6 : 133469 147390 102036 133468 102032 102034 
6 : 156113 156109 156115 250682 263120 250686 
6 : 156131 156128 156123 229549 200890 200886 
6 : 156133 156117 156122 185958 197821 185946 
6 : 156144 156138 156146 171079 245636 171084 
6 : 119288 156177 156194 119292 119313 180064 
6 : 258 156199 52060 268 249 52072 
6 : 156202 51357 104881 51367 104892 51355 
6 : 98502 121706 156208 98499 98506 121710 
6 : 156217 156213 156211 237739 215429 215425 
6 : 156226 22348 108417 22355 108426 22345 
6 : 156231 156230 156235 229505 229776 229508 
6 : 156283 156275 156278 234391 260695 234387 
6 : 139019 156287 156292 139022 139032 181969 
6 : 70494 156297 156298 70497 70498 190840 
6 : 85318 156396 156394 85340 85338 264049 
6 : 156408 156406 94296 251494 94318 94312 
6 : 96760 156418 156425 96772 96777 227234 
6 : 156422 26955 156424 26973 249154 26974 
6 : 156487 108962 57174 108970 57180 57170 
6 : 79657 156504 44473 79667 44469 44490 
6 : 156515 156521 61881 240768 61897 61909 
6 : 52621 25220 23484 25213 23475 23471 
6 : 156597 156595 156594 182465 157536 157527 
6 : 156598 156604 156599 230313 230304 233507 
6 : 156410 156614 156611 156421 156417 218247 
6 : 11466 156628 98026 11471 11462 98036 
6 : 156627 156626 156629 196735 212353 196739 
6 : 156676 156659 156674 190363 251013 190361 
6 : 128833 104241 156688 104238 128844 104253 
6 : 139248 156683 156685 139254 139258 209697 
6 : 58528 156699 156697 58544 58540 237506 
6 : 156704 130628 156712 130629 186353 130643 
6 : 156717 156707 156705 227664 196502 196490 
6 : 156778 137569 151459 137585 151472 137567 
6 : 156784 2164 31416 2166 31417 2153 
6 : 156788 64991 51949 65001 51963 51943 
6 : 117485 156792 156800 117487 117503 177487 
6 : 156793 156801 147362 180575 147368 147384 
6 : 156865 154748 156863 154753 169139 154749 
6 : 86503 156871 156870 86505 86504 173074 
6 : 104325 102463 156874 102459 104332 102470 
6 : 156872 156875 156879 184218 184225 241548 
6 : 156892 156884 84542 193289 84565 84550 
6 : 156973 56193 156979 56199 214848 56206 
6 : 54311 157014 157003 54329 54314 191125 
6 : 157011 112036 53523 112053 53550 53522 
6 : 157015 92253 157009 92275 233625 92263 
6 : 45942 157025 157022 45962 45957 251694 
6 : 57291 157026 157018 57306 57298 216464 
6 : 157084 157079 132089 250484 132111 132104 
6 : 50167 157085 73094 50170 50163 73097 
6 : 157093 157094 1624 254577 1635 1637 
6 : 129867 157109 157105 129884 129876 247756 
6 : 157177 46314 157171 46329 204524 46320 
6 : 157179 157191 101665 194735 101669 101693 
6 : 157183 82930 157187 82939 221131 82942 
6 : 157184 157182 157181 215646 201591 201589 
6 : 68761 157192 17601 68763 17597 17603 
6 : 157269 157265 25065 199678 25083 25073 
6 : 103580 89330 157273 89325 103585 89339 
6 : 157275 156948 98150 156957 98162 98149 
6 : 121310 157326 157320 121322 121313 176583 
6 : 157322 157321 148883 179161 148890 148885 
6 : 157327 157329 157319 261574 174026 174030 
6 : 3555 157362 157361 3569 3568 249167 
6 : 157356 136125 91312 136126 91314 91308 
6 : 86384 157389 157396 86393 86404 229213 
6 : 157470 157481 157482 223407 223408 260784 
6 : 157475 157469 157483 213354 241723 213367 
6 : 157485 135346 157490 135349 169092 135363 
6 : 157581 157586 151796 183370 151801 151813 
6 : 157677 28597 113746 28599 113747 28593 
6 : 157679 157683 157680 226744 226740 243722 
6 : 28131 154417 148655 28130 28129 148653 
6 : 157716 157717 157726 235908 235913 237760 
6 : 157769 145461 97557 145473 97565 97555 
6 : 157787 84453 157773 84468 160011 84454 
6 : 157791 157797 157799 202619 202624 246762 
6 : 10094 157873 108758 10105 10092 108783 
6 : 11771 119152 157871 11769 11782 119161 
6 : 157869 157868 157866 201173 196092 196087 
6 : 157874 157872 157865 253310 186157 186148 
6 : 157893 157895 142957 242766 142972 142974 
6 : 157897 157886 152643 189758 152665 152646 
6 : 157967 157971 157975 166398 166401 204129 
6 : 157972 157969 157970 180502 182159 180497 
6 : 157983 157985 157977 224366 203934 203935 
6 : 157994 157993 158001 158826 180323 158838 
6 : 157999 158004 158003 255336 255335 260581 
6 : 158089 158087 158099 169112 187034 169129 
6 : 158092 158098 111309 235636 111322 111331 
6 : 158114 8784 158107 8798 240178 8791 
6 : 158119 158123 73522 200075 73527 73534 
6 : 143992 158161 158154 144005 144000 228889 
6 : 81801 158188 158182 81814 81808 212834 
6 : 158270 158277 155451 162563 155453 155471 
6 : 158273 72724 158275 72726 174081 72735 
6 : 105460 145246 158285 105459 105464 145249 
6 : 158289 158296 158293 168350 168342 232454 
6 : 46771 158367 158370 46773 46779 178209 
6 : 103945 158376 158372 103959 103953 234873 
6 : 158379 121922 25621 121936 25638 25619 
6 : 158388 54791 158390 54798 213338 54800 
6 : 158392 158389 158385 217310 171091 171090 
6 : 158397 158396 158383 236973 159869 159865 
6 : 158409 142196 158410 142213 263244 142214 
6 : 158462 158463 94522 196448 94530 94533 
6 : 158472 158477 158476 231287 231285 262926 
6 : 158490 50905 158503 50907 160497 50917 
6 : 158567 158559 158573 158800 252990 158805 
6 : 158577 158589 24800 218734 24804 24817 
6 : 158578 158575 158580 187387 220234 187389 
6 : 158583 158581 158582 223606 225913 223605 
6 : 158584 79544 158576 79558 214105 79553 
6 : 158588 158579 86297 220711 86316 86303 
6 : 9178 158605 158606 9197 9198 264586 
6 : 83595 3907 158656 3898 83612 3922 
6 : 158659 94159 20526 94162 20529 20519 
6 : 158662 158661 158663 226465 229193 226466 
6 : 158754 36881 158758 36893 217015 36905 
6 : 158762 158767 150776 212274 150783 150792 
6 : 158778 154396 12946 154410 12958 12945 
6 : 158793 158795 158803 210072 210080 217957 
6 : 158794 158787 158797 190102 214362 190106 
6 : 146819 158816 158808 146828 146820 162201 
6 : 158861 158853 158852 187566 184207 184193 
6 : 158862 158851 158856 179433 226584 179427 
6 : 158877 158874 124547 245610 124574 124565 
6 : 158977 156824 57935 156831 57942 57934 
6 : 58690 159055 25960 58692 25950 25962 
6 : 159078 36254 159082 36258 182633 36262 
6 : 159150 159151 159143 263196 234014 234015 
6 : 15695 159158 36921 15701 15688 36925 
6 : 13064 159245 159247 13073 13077 241510 
6 : 54058 159243 159238 54069 54060 170368 
6 : 159240 29841 159244 29846 192882 29852 
6 : 23639 159262 159251 23656 23640 162107 
6 : 74692 104666 159260 74688 74706 104689 
6 : 149913 159351 159356 149916 149930 196134 
6 : 159357 124365 11717 124368 11720 11712 
6 : 159402 118483 70312 118501 70331 70305 
6 : 159460 159455 126828 179777 126845 126833 
6 : 159463 89220 159472 89221 169670 89239 
6 : 148787 141246 159502 141245 148790 141254 
6 : 159568 159560 6440 165953 6464 6442 
6 : 159572 35880 143054 35882 143055 35878 
6 : 159580 27352 159573 27364 171742 27353 
6 : 159677 159670 159678 162605 218212 162608 
6 : 159679 159686 159681 234357 234351 239639 
6 : 159682 77979 159680 78005 237687 77998 
6 : 109515 52623 159787 52614 109516 52624 
6 : 159790 159795 77980 188085 77987 78004 
6 : 159796 159793 159794 234354 237688 234349 
6 : 114040 155740 122677 114039 114035 122676 
6 : 34515 159842 159846 34530 34534 260721 
6 : 159848 159833 157131 171687 157162 157133 
6 : 159881 159876 65611 184668 65623 65615 
6 : 159889 159893 159892 175005 175004 198828 
6 : 159894 159537 27983 159549 27998 27982 
6 : 9179 159932 98774 9195 9173 98792 
6 : 159919 159923 159926 196213 196215 216952 
6 : 159927 143946 159917 143959 184549 143950 
6 : 67837 159936 159937 67841 67843 184101 
6 : 140158 117412 104113 117407 104111 104106 
6 : 147036 159988 159977 147047 147037 172606 
6 : 150708 159980 62474 150715 62472 62484 
6 : 159983 159981 159986 226266 243327 226270 
6 : 159984 71225 159987 71240 255891 71243 
6 : 160085 94120 81316 94132 81337 81309 
6 : 160093 135854 160097 135857 206056 135862 
6 : 160185 160189 160191 219015 219017 236921 
6 : 160211 35568 160197 35588 190970 35573 
6 : 92100 160213 160214 92103 92104 177875 
6 : 160215 160229 160217 181974 181964 192838 
6 : 70139 160319 160323 70146 70152 212949 
6 : 160416 160412 160420 210582 238497 210585 
6 : 160425 160427 160426 189784 189783 198426 
6 : 77761 160520 114885 77774 77759 114905 
6 : 160515 125045 160518 125053 203375 125059 
6 : 160516 55064 97777 55072 97791 55060 
6 : 160543 2165 160545 2176 246657 2182 
6 : 119616 31259 160604 31255 119627 31275 
6 : 160638 160637 160636 204084 193866 193865 
6 : 160728 160724 160725 252113 253238 252107 
6 : 39055 145981 160744 39054 39071 146002 
6 : 160741 160743 160736 256193 194564 194569 
6 : 160803 160806 160796 243003 167995 168006 
6 : 7895 160807 130469 7896 7893 130471 
6 : 36980 160808 160813 36982 36989 176613 
6 : 160814 160810 160815 219808 256315 219810 
6 : 36578 99993 129429 36570 36573 99988 
6 : 160843 160848 105775 213792 105783 105785 
6 : 160916 160912 160918 229595 251070 229607 
6 : 160921 146330 160924 146340 221269 146347 
6 : 160946 160937 160950 203880 248939 203884 
6 : 161015 46678 161019 46686 233517 46697 
6 : 161031 161029 161028 209215 194116 194109 
6 : 113199 161035 161041 113200 113208 175783 
6 : 161039 161036 131496 184376 131505 131500 
6 : 148639 161132 161135 148647 148652 257033 
6 : 161121 161127 161136 163693 163702 208208 
6 : 161123 161125 161133 179506 179519 188374 
6 : 161134 161128 113266 235785 113291 113278 
6 : 161144 161143 156655 233459 156667 156666 
6 : 161152 161146 161141 253380 201504 201497 
6 : 90595 161215 161226 90598 90610 181460 
6 : 161221 110790 44216 110799 44225 44211 
6 : 161222 161220 131167 235643 131179 131176 
6 : 161225 72830 56529 72849 56546 56516 
6 : 161231 35595 161230 35602 215135 35601 
6 : 161233 161241 161239 237021 237020 260928 
6 : 161240 161238 161235 258402 245947 245944 
6 : 161335 161338 161333 250978 223039 223040 
6 : 161339 148763 161337 148781 258881 148779 
6 : 160346 161343 130607 160347 130606 130608 
6 : 161348 161346 161347 194737 198025 194736 
6 : 161354 140701 146221 140718 146243 140700 
6 : 161377 131706 14529 131714 14541 14526 
6 : 161380 4136 5024 4148 5038 4129 
6 : 128261 146102 161445 128258 128275 146122 
6 : 161440 161439 154024 210141 154033 154031 
6 : 161443 52087 59753 52104 59770 52075 
6 : 17694 83697 14065 17688 14049 14054 
6 : 161454 161462 161449 236055 208925 208935 
6 : 161458 161465 155837 256289 155851 155858 
6 : 161469 161480 161477 203643 203641 260387 
6 : 161535 161536 161540 181761 181765 183843 
6 : 161543 110931 128402 110945 128415 110927 
6 : 43211 161550 161552 43215 43216 201193 
6 : 161558 161548 161549 188458 196775 188435 
6 : 107717 161642 161640 107724 107722 177972 
6 : 91796 161655 161657 91808 91809 261747 
6 : 94676 161650 161659 94689 94700 231726 
6 : 161660 161652 161651 244285 234193 234179 
6 : 161666 27382 88050 27384 88055 27376 
6 : 161750 161745 81443 170924 81453 81444 
6 : 103107 161758 131369 103113 103103 131372 
6 : 161772 161773 161777 199795 199808 200466 
6 : 161789 3965 97399 3975 97412 3960 
6 : 161795 161794 130378 257741 130400 130399 
6 : 63505 76913 55546 63497 55538 55539 
6 : 161839 161834 161835 249498 250582 249492 
6 : 161843 161852 161847 177099 177091 237045 
6 : 161859 19004 21261 19013 21272 18994 
6 : 161948 161953 161950 257911 257908 260630 
6 : 91544 161963 161957 91556 91548 188100 
6 : 162028 152021 116577 152022 116578 116574 
6 : 162111 9210 15619 9215 15626 9201 
6 : 162117 162116 162113 261873 248390 248387 
6 : 129951 162139 82729 129967 82724 82743 
6 : 162138 162142 60878 259915 60895 60900 
6 : 162146 16236 162158 16241 189327 16262 
6 : 162148 119031 120169 119040 120177 119029 
6 : 162149 162154 162156 227186 227192 251462 
6 : 162213 162221 31107 175041 31110 31128 
6 : 107781 162247 21602 107795 21597 21620 
6 : 162242 162235 113391 201959 113400 113395 
6 : 74300 56344 162265 56341 74310 56359 
6 : 138608 162322 4792 138613 4789 4800 
6 : 152185 133371 162328 133369 152204 133387 
6 : 80815 162332 162335 80820 80821 229518 
6 : 162343 162349 162351 212223 212226 243799 
6 : 162348 162340 162346 173616 232754 173615 
6 : 162413 80535 162421 80536 187521 80551 
6 : 106651 162432 162430 106668 106666 261425 
6 : 162425 162427 162431 215648 215654 245644 
6 : 131808 162537 141603 131819 131805 141622 
6 : 162533 162526 162536 208370 252573 208374 
6 : 102327 162545 146861 102337 102326 146875 
6 : 18498 161591 23958 18496 18491 23957 
6 : 162626 162622 162625 207581 250727 207577 
6 : 11081 44359 14502 11073 11069 14489 
6 : 162630 162634 8629 214742 8636 8645 
6 : 162729 162724 162722 198263 175473 175465 
6 : 21097 51779 112631 21090 21094 51774 
6 : 48519 162814 162811 48540 48527 224856 
6 : 6538 162825 162817 6555 6544 227149 
6 : 162816 162815 162823 214978 225521 214987 
6 : 162826 162841 119200 166686 119203 119227 
6 : 162837 87398 38558 87414 38573 38546 
6 : 99431 162843 26742 99432 26735 26744 
6 : 162856 162865 6876 197044 6883 6896 
6 : 162904 19594 162906 19604 220698 19609 
6 : 87126 162911 162918 87130 87148 177060 
6 : 100611 141709 162930 100608 100625 141723 
6 : 162924 147454 162926 147464 234543 147467 
6 : 162996 116953 162991 116975 216417 116965 
6 : 60929 163008 163005 60940 60936 250844 
6 : 149279 163114 163118 149286 149295 245174 
6 : 163199 58056 41710 58068 41727 41703 
6 : 163315 163314 163313 216248 215496 215495 
6 : 39229 82652 163418 39226 39238 82662 
6 : 141961 163411 163410 141965 141964 181204 
6 : 163429 163426 163432 231411 255517 231413 
6 : 163430 163425 163438 223691 255744 223695 
6 : 163445 163442 65354 211095 65362 65361 
6 : 163498 163496 163497 191588 199208 191582 
6 : 140629 163512 163519 140632 140641 192384 
6 : 163522 163515 163521 209649 262400 209643 
6 : 163588 163580 163587 190367 260636 190362 
6 : 113366 26920 163596 26915 113374 26930 
6 : 163592 88814 163601 88816 174884 88828 
6 : 40134 119530 135320 40130 40132 119528 
6 : 163708 75562 163718 75570 209602 75584 
6 : 163789 163790 49958 206545 49965 49968 
6 : 74302 153254 43022 74299 43011 43018 
6 : 163893 163891 75012 259878 75032 75025 
6 : 163985 163984 62172 205850 62180 62179 
6 : 163990 163987 163988 218421 222847 218418 
6 : 163991 163983 163986 195847 217019 195841 
6 : 164010 164001 163997 215493 185144 185129 
6 : 54032 164098 164094 54044 54035 185988 
6 : 141167 164097 135931 141173 135927 135941 
6 : 147958 145087 164108 145086 147970 145101 
6 : 164102 164103 95177 165447 95179 95181 
6 : 164107 164109 164105 249509 189280 189282 
6 : 164121 145428 128099 145436 128112 128096 
6 : 164126 164128 156742 254073 156753 156754 
6 : 48855 63105 164202 48845 48866 63118 
6 : 164200 137334 164203 137339 217928 137345 
6 : 131928 75868 140268 75864 131927 75866 
6 : 163121 142340 164231 142339 163127 142352 
6 : 164291 146736 133163 146746 133173 133161 
6 : 139576 164312 164302 139592 139580 211834 
6 : 164311 48132 164303 48151 217154 48139 
6 : 164314 164304 164306 220173 224855 220159 
6 : 164329 137540 164315 137562 178737 137542 
6 : 58837 164335 144517 58843 58835 144522 
6 : 164337 140141 105375 140149 105387 105372 
6 : 81035 92352 94441 81027 81028 92344 
6 : 60821 164393 66627 60832 60817 66636 
6 : 164386 65759 104366 65764 104374 65758 
6 : 164389 164385 164387 205912 211746 205907 
6 : 164398 163843 68086 163849 68090 68085 
6 : 164403 164400 164411 215721 250975 215729 
6 : 164405 107908 99844 107923 99853 99838 
6 : 164408 164412 141248 260644 141266 141273 
6 : 122412 164434 164451 122413 122437 164578 
6 : 46931 99550 164501 46926 46933 99552 
6 : 59294 33933 98028 33924 59287 33926 
6 : 159800 46060 153055 46059 153054 46058 
6 : 164508 137277 164507 137291 261624 137286 
6 : 164510 163844 47560 163848 47564 47559 
6 : 164511 102627 164515 102632 186623 102645 
6 : 164524 164523 164522 221561 204929 204926 
6 : 96621 164585 164474 96632 96620 164489 
6 : 164598 164595 164589 230644 185628 185622 
6 : 164605 95513 152501 95519 152508 95510 
6 : 43276 142424 62174 43275 43265 62168 
6 : 164673 164670 164675 173361 218283 173364 
6 : 118178 164689 77185 118188 77183 77205 
6 : 115837 164699 164702 115847 115848 257510 
6 : 164764 164766 129407 224839 129421 129422 
6 : 164778 164773 164774 186818 224729 186810 
6 : 164788 164790 164783 234492 181129 181134 
6 : 164793 164789 164779 240482 172155 172153 
6 : 164875 164877 164880 220877 220883 226128 
6 : 164963 164969 164970 200792 200794 257956 
6 : 164966 163227 164971 163237 237117 163246 
6 : 164975 164982 145383 218616 145391 145403 
6 : 164983 59456 23709 59481 23732 23698 
6 : 69839 164987 164992 69843 69848 192594 
6 : 158994 29363 164985 29362 158996 29364 
6 : 164989 164991 165001 197478 197489 204894 
6 : 164990 164997 164996 200484 200482 245472 
6 : 165073 163145 165064 163162 216424 163151 
6 : 4170 165080 38703 4181 4160 38721 
6 : 148100 121897 165076 121896 148104 121903 
6 : 165083 128787 165085 128789 181189 128796 
6 : 165153 163146 165155 163153 235980 163156 
6 : 146604 165159 165160 146607 146609 189466 
6 : 165175 165179 76082 182618 76089 76090 
6 : 165185 165174 90000 174735 90022 90003 
6 : 165186 165181 165183 229854 248618 229850 
6 : 57420 165260 134333 57432 57417 134362 
6 : 76792 165258 165252 76803 76795 211910 
6 : 111443 165339 157111 111460 111442 157126 
6 : 56883 165341 165345 56884 56892 166671 
6 : 165346 165347 165348 243650 243651 259009 
6 : 165350 165351 165359 173321 173332 203480 
6 : 165354 162163 165360 162173 241943 162183 
6 : 28410 139857 165432 28407 28419 139870 
6 : 162550 165426 165428 162553 162557 218464 
6 : 165435 98123 165445 98128 205121 98139 
6 : 160141 165449 165455 160142 160147 200573 
6 : 165463 165457 124895 182810 124906 124898 
6 : 165465 130064 165464 130073 235969 130071 
6 : 165526 165527 165533 255799 255804 259358 
6 : 148442 165543 118705 148451 118702 118713 
6 : 64954 165621 165627 64955 64963 173016 
6 : 130790 165629 165626 130800 130796 225553 
6 : 165639 7710 165648 7712 175645 7729 
6 : 165641 67805 165638 67810 166239 67806 
6 : 165651 165657 156842 169334 156843 156851 
6 : 165666 6913 165660 6929 238057 6920 
6 : 165668 165658 165656 223450 210232 210218 
6 : 116527 86048 165719 86045 116530 86052 
6 : 97125 60715 165726 60709 97127 60719 
6 : 165727 165730 165728 216328 216326 237236 
6 : 165729 94357 165731 94366 238038 94368 
6 : 165733 165732 17008 251149 17021 17014 
6 : 75811 165825 132861 75825 75805 132880 
6 : 143538 165819 165820 143544 143545 202913 
6 : 165823 165815 155756 175341 155777 155759 
6 : 165824 165816 165822 181808 227428 181804 
6 : 143993 165833 165840 143999 144008 227880 
6 : 165830 165831 165838 198998 199003 213658 
6 : 165851 63864 132334 63873 132347 63861 
6 : 12920 165925 165932 12922 12926 169086 
6 : 165928 63658 165934 63662 229809 63675 
6 : 165931 165933 165926 242113 183150 183151 
6 : 166028 123001 166011 123021 177989 123003 
6 : 166039 67730 143278 67740 143289 67729 
6 : 44327 166087 166086 44338 44336 247714 
6 : 109249 166110 166108 109263 109254 221815 
6 : 115302 166105 35840 115308 35837 35845 
6 : 166111 166106 58177 206229 58194 58183 
6 : 166195 166182 166192 167715 246745 167711 
6 : 166280 9526 166281 9529 194860 9530 
6 : 166286 23993 166285 24021 265132 24020 
6 : 166304 139501 24644 139506 24647 24641 
6 : 166340 166356 125958 180138 125960 125987 
6 : 166382 166380 166386 202919 227434 202930 
6 : 60221 119890 126197 60218 60220 119888 
6 : 166478 166474 166406 168651 166414 166407 
6 : 166479 166485 166481 222225 222219 235428 
6 : 151607 166529 166257 151615 151606 166264 
6 : 166545 166550 33448 214540 33456 33465 
6 : 166546 132961 166549 132972 227477 132976 
6 : 166551 166548 166553 245771 263859 245773 
6 : 166556 166555 166563 179661 207855 179669 
6 : 166566 166554 166569 172157 253030 172163 
6 : 2881 166577 166572 2892 2885 225971 
6 : 166579 166583 166578 263965 256686 256689 
6 : 161243 108629 166660 108628 161246 108630 
6 : 166662 166663 166659 209102 170408 170410 
6 : 166755 99965 37373 99975 37381 37369 
6 : 166756 166754 148684 205202 148691 148687 
6 : 166759 166757 13560 232623 13575 13569 
6 : 111969 138 166770 135 111981 148 
6 : 166782 166786 124297 253640 124313 124318 
6 : 166784 166778 166788 240524 256126 240528 
6 : 166866 20367 84790 20389 84810 20359 
6 : 119089 166873 132190 119096 119085 132200 
6 : 50236 87509 166898 50228 50256 87529 
6 : 166967 36856 166974 36861 190664 36870 
6 : 166970 53018 166971 53023 221276 53024 
6 : 166986 166981 166983 240598 244551 240590 
6 : 28110 85000 166992 28102 28113 85004 
6 : 98071 167073 167072 98079 98078 259934 
6 : 167071 163661 104393 163673 104407 104392 
6 : 167074 167069 86872 189761 86887 86873 
6 : 102175 109884 167080 102171 102184 109899 
6 : 167085 120294 150265 120316 150287 120293 
6 : 136378 167093 22796 136385 22793 22810 
6 : 167092 167087 108760 169040 108772 108761 
6 : 154656 72864 167099 72863 154658 72866 
6 : 38375 167165 165550 38376 38374 165552 
6 : 98327 167173 167169 98336 98333 237038 
6 : 29582 167179 98029 29592 29576 98038 
6 : 59295 99551 167180 59288 59303 99557 
6 : 167253 145561 167256 145565 191868 145572 
6 : 167259 167264 167252 244016 184031 184045 
6 : 52810 167275 119557 52821 52802 119565 
6 : 57721 23549 167276 23539 57731 23559 
6 : 156507 167279 167280 156519 156520 258047 
6 : 167278 167270 167268 208071 181195 181187 
6 : 151057 167351 167348 151067 151063 254491 
6 : 167353 167346 134460 233213 134479 134469 
6 : 132116 167372 12981 132132 12976 12999 
6 : 167463 167459 25035 213227 25045 25038 
6 : 140316 167481 167477 140331 140324 232923 
6 : 166030 151798 167485 151797 166031 151800 
6 : 167528 167522 167534 225246 245301 225250 
6 : 167546 68787 167545 68805 257482 68802 
6 : 41648 67012 109052 41640 41642 67007 
6 : 64730 167634 167629 64743 64734 206918 
6 : 167636 148460 167635 148480 261976 148477 
6 : 89168 167644 145665 89179 89166 145687 
6 : 101842 151383 167722 101839 101846 151388 
6 : 167726 167727 167724 258917 223427 223433 
6 : 167736 167738 70844 262746 70864 70867 
6 : 157368 167753 167752 157381 157379 260633 
6 : 167747 167744 156656 220446 156670 156663 
6 : 167762 167759 167760 177030 183671 177028 
6 : 26415 167825 167835 26421 26430 216975 
6 : 86364 131410 167831 86360 86375 131425 
6 : 167830 17671 167824 17680 208932 17676 
6 : 126240 167840 167841 126248 126255 244347 
6 : 167839 111387 167843 111394 234540 111407 
6 : 167912 167916 167919 171455 171458 205798 
6 : 167926 86245 62750 86260 62767 62740 
6 : 167932 2791 167942 2794 191825 2809 
6 : 167939 13954 167933 13963 192809 13956 
6 : 167943 117271 32003 117291 32030 32000 
6 : 135623 51567 9050 51563 9046 9041 
6 : 167948 167945 156638 202137 156647 156640 
6 : 66842 167954 103003 66843 66836 103008 
6 : 139693 119253 168007 119250 139697 119255 
6 : 146396 123479 168012 123476 146406 123493 
6 : 168019 154937 168014 154945 193461 154940 
6 : 168035 168028 168039 203109 243205 203112 
6 : 168049 168061 168057 246240 246236 262855 
6 : 60850 126829 168106 60847 60851 126832 
6 : 161154 168118 168117 161166 161165 256894 
6 : 168113 36607 168120 36611 214490 36628 
6 : 122983 168201 91146 122986 91142 91150 
6 : 168212 168215 118485 204526 118494 118508 
6 : 168228 85091 168222 85108 251434 85103 
6 : 168232 168231 61882 265054 61911 61910 
6 : 72122 4667 168309 4656 72136 4679 
6 : 38199 140977 36765 38194 36750 36760 
6 : 168345 24140 148740 24149 148748 24138 
6 : 168396 133938 168397 133941 179076 133944 
6 : 168405 168408 168407 232325 232323 253263 
6 : 140001 47040 168416 47036 140010 47057 
6 : 168414 168417 168413 242116 238310 238318 
6 : 168425 168426 16076 233409 16093 16094 
6 : 168427 123025 168420 123041 205581 123030 
6 : 168488 168493 168491 176349 176339 190449 
6 : 168499 114568 168494 114586 253391 114579 
6 : 134748 156545 7348 134746 7336 7345 
6 : 145111 48384 168503 48382 145116 48387 
6 : 168512 168501 168505 183751 234017 183740 
6 : 130700 168609 164475 130702 130699 164479 
6 : 168608 168613 168612 174880 174878 220033 
6 : 168617 168610 168611 183064 212172 183055 
6 : 153021 168699 168696 153029 153023 181569 
6 : 168697 20166 168705 20167 205497 20180 
6 : 33280 110370 168713 33276 33286 110380 
6 : 168727 168726 168725 263727 262422 262421 
6 : 168799 168796 87510 244427 87532 87524 
6 : 130217 168807 38597 130231 38593 38613 
6 : 123593 53233 168816 53227 123601 53240 
6 : 168820 168813 86443 178733 86454 86446 
6 : 168893 136379 168895 136387 225736 136390 
6 : 78187 13342 144294 13336 78185 13341 
6 : 168906 168908 71800 255132 71821 71823 
6 : 12227 168917 168914 12235 12230 192995 
6 : 89051 14314 121331 14308 89048 14309 
6 : 750 140535 152545 748 749 140534 
6 : 111780 141869 168987 111779 111781 141872 
6 : 168991 168990 18238 211639 18248 18246 
6 : 168995 168999 168989 241019 197671 197684 
6 : 119618 169067 40805 119624 40799 40823 
6 : 169063 169062 109549 238009 109561 109560 
6 : 169079 83925 34546 83935 34560 34539 
6 : 106468 47041 2126 47032 2120 2115 
6 : 22609 98152 169161 22601 22622 98168 
6 : 157333 169160 169159 157347 157346 239925 
6 : 169169 134585 102399 134595 102410 102398 
6 : 13170 42801 46114 13164 13166 42794 
6 : 101567 169263 169264 101575 101581 256073 
6 : 169262 169261 10010 244374 10025 10023 
6 : 8345 169274 17034 8357 8335 17049 
6 : 19462 169280 151934 19482 19461 151960 
6 : 143885 169281 169289 143887 143896 182047 
6 : 169282 169296 61597 186056 61599 61627 
6 : 6914 169339 169330 6923 6915 175142 
6 : 150059 77320 169359 77314 150072 77335 
6 : 169351 169357 169353 171523 171514 211023 
6 : 44844 156720 86840 44843 44838 86837 
6 : 169369 169367 169375 230893 249005 230901 
6 : 169372 169366 157240 218663 157260 157248 
6 : 77907 4668 169378 4658 77911 4671 
6 : 169392 21098 169397 21104 249674 21109 
6 : 140748 100612 169444 100607 140752 100616 
6 : 169454 169451 169450 228450 215969 215963 
6 : 128381 120480 169462 120478 128390 120490 
6 : 169460 83318 169467 83324 222310 83335 
6 : 169464 162453 169457 162467 206599 162455 
6 : 169473 39531 169472 39537 182504 39534 
6 : 39399 169536 169531 39411 39404 231299 
6 : 75660 169537 169533 75676 75668 248749 
6 : 169529 4965 169530 4968 204515 4970 
6 : 169542 7162 169544 7167 219377 7169 
6 : 169556 169562 169561 221089 221085 242411 
6 : 153237 136458 169638 136456 153244 136463 
6 : 169641 169637 169634 227673 219657 219649 
6 : 169687 169693 169686 247111 246877 246889 
6 : 169823 85001 169824 85007 213188 85008 
6 : 169832 169838 165470 194795 165475 165487 
6 : 169839 169843 169836 257690 239637 239641 
6 : 103327 162355 169848 103326 103331 162357 
6 : 169864 169862 169866 238218 241264 238222 
6 : 41505 169928 169924 41527 41515 247425 
6 : 119858 123384 142657 119854 119857 123381 
6 : 169940 157492 169936 157507 260538 157504 
6 : 170008 111689 45102 111690 45104 45095 
6 : 170037 104786 170051 104787 180378 104813 
6 : 147568 26745 164362 26739 147566 26743 
6 : 170103 170108 170110 175306 175308 257085 
6 : 170137 170142 170151 205506 205515 233504 
6 : 170197 101884 170199 101887 214410 101888 
6 : 170198 170205 13588 215601 13594 13610 
6 : 170201 94754 170202 94764 246632 94765 
6 : 170212 155138 170207 155149 232399 155143 
6 : 102697 170232 170235 102709 102713 263031 
6 : 170309 170307 38283 226673 38303 38290 
6 : 114171 24143 170313 24136 114174 24145 
6 : 170333 170326 47845 232906 47865 47855 
6 : 170335 170331 73403 247784 73421 73417 
6 : 88495 170383 169212 88498 88494 169218 
6 : 170384 170380 170391 173890 243133 173899 
6 : 170386 170388 170389 254544 254545 256314 
6 : 63253 170425 170413 63273 63261 231528 
6 : 170430 139809 149862 139818 149868 139807 
6 : 163028 142240 170486 142239 163036 142252 
6 : 170490 170501 103239 198234 103242 103253 
6 : 170497 170491 170495 200401 232289 200399 
6 : 170500 170503 170496 248788 237440 237450 
6 : 170518 170509 148342 209130 148354 148344 
6 : 158402 41957 69598 41955 69597 41946 
6 : 9151 170597 170598 9159 9161 238807 
6 : 33648 170605 170602 33661 33660 257647 
6 : 40303 170609 170595 40323 40309 224325 
6 : 95020 73192 84665 73186 84657 73185 
6 : 170675 170667 170677 187584 263790 187586 
6 : 170683 130165 170679 130177 185364 130167 
6 : 138803 170747 170752 138807 138817 211881 
6 : 53744 170762 170759 53757 53751 241462 
6 : 123676 170756 170763 123678 123688 173398 
6 : 170764 170755 170766 172623 261163 172625 
6 : 170866 170861 170864 247067 264206 247065 
6 : 169094 34548 170876 34547 169106 34555 
6 : 170879 170870 170875 200236 245068 200230 
6 : 170945 7073 170937 7091 180448 7075 
6 : 170954 170947 170957 182099 241775 182103 
6 : 136644 170963 170974 136648 136657 212823 
6 : 159439 132514 171033 132509 159441 132515 
6 : 171036 171039 171040 213330 213334 252403 
6 : 171041 131730 164737 131751 164756 131727 
6 : 133574 171047 114888 133586 114881 114903 
6 : 171063 171054 52655 234432 52675 52662 
6 : 140192 141976 67013 140190 67009 67010 
6 : 171179 77321 171168 77338 217700 77326 
6 : 82141 28562 170249 28557 82140 28561 
6 : 151652 128184 57358 128182 57355 57348 
6 : 142734 171342 65489 142751 65485 65510 
6 : 165386 171350 171351 165399 165400 246331 
6 : 171344 171353 40647 191282 40652 40665 
6 : 171401 152315 142012 152318 142020 142011 
6 : 171416 124096 162082 124112 162097 124095 
6 : 171497 171494 28563 242912 28577 28571 
6 : 171502 171512 115511 219384 115512 115524 
6 : 171518 154819 171516 154825 220392 154824 
6 : 147901 96906 171598 96901 147915 96919 
6 : 171599 171601 171596 261901 236597 236600 
6 : 171600 55988 171593 56007 202296 55997 
6 : 171610 4519 119534 4525 119545 4515 
6 : 171612 127422 171605 127436 211038 127426 
6 : 60503 171626 171627 60515 60516 261932 
6 : 99573 171694 36727 99587 36721 36745 
6 : 171695 171700 88053 208418 88061 88072 
6 : 16933 171787 171785 16941 16936 201957 
6 : 171795 7201 126445 7212 126462 7194 
6 : 171876 171881 103351 234743 103364 103374 
6 : 171883 171874 165781 195255 165805 165784 
6 : 4229 171891 171885 4243 4231 196924 
6 : 171884 171892 155963 196843 155970 155980 
6 : 136589 132864 155758 132855 136587 132858 
6 : 171972 171970 171975 217758 237225 217761 
6 : 171982 171986 40483 209789 40485 40490 
6 : 172066 169957 3437 169960 3439 3436 
6 : 172071 135376 121603 135392 121621 121599 
6 : 172090 172093 166064 239588 166075 166076 
6 : 172107 172116 21540 214205 21547 21556 
6 : 172110 172104 172114 194322 244923 194324 
6 : 172115 172106 172119 204993 255580 204998 
6 : 171723 56672 9503 56671 9502 9488 
6 : 172178 172182 108421 185999 108423 108433 
6 : 172183 160633 172180 160644 224614 160640 
6 : 98203 154025 106860 98200 98195 106859 
6 : 172190 172189 172185 247704 175826 175825 
6 : 172193 137976 172194 137995 259879 137996 
6 : 172202 13469 48822 13475 48838 13460 
6 : 172245 172243 172246 196925 254043 196926 
6 : 172251 117771 172254 117774 192380 117781 
6 : 41649 172298 172281 41668 41651 178842 
6 : 129409 172285 172294 129415 129426 199908 
6 : 139598 156175 150424 139595 139593 150422 
6 : 148509 86842 172372 86836 148514 86849 
6 : 172367 172369 157243 188757 157244 157245 
6 : 172378 147924 172371 147946 219162 147934 
6 : 172389 172392 37374 257244 37392 37396 
6 : 161374 172435 130240 161379 130239 130251 
6 : 7621 172452 172443 7634 7625 214517 
6 : 55354 135117 172465 55351 55372 135133 
6 : 139328 172536 82061 139340 82057 82073 
6 : 172537 110628 93377 110646 93397 93370 
6 : 22682 172561 172556 22693 22690 214295 
6 : 128975 172570 172571 128976 128978 195976 
6 : 172572 4554 172581 4557 210208 4566 
6 : 172579 172583 172569 237592 191661 191665 
6 : 172628 172631 140557 231457 140567 140572 
6 : 172629 94636 14763 94643 14773 14756 
6 : 54296 172639 172644 54297 54300 209863 
6 : 172638 76564 172641 76568 207482 76570 
6 : 172655 172659 172647 243845 179720 179727 
6 : 5266 161988 172677 5265 5280 162007 
6 : 172689 128740 172686 128751 229610 128750 
6 : 172731 61449 88054 61452 88060 61438 
6 : 172740 172750 139060 202868 139065 139075 
6 : 172742 68242 172744 68254 225642 68258 
6 : 172748 172749 172741 258965 211441 211442 
6 : 43530 39864 172813 39851 43536 39867 
6 : 172817 172815 10120 238332 10135 10129 
6 : 172829 19288 172833 19295 259302 19297 
6 : 38201 172837 167017 38203 38198 167022 
6 : 172840 111224 172839 111229 228520 111228 
6 : 172842 172843 137770 259257 137791 137795 
6 : 13692 172913 172908 13707 13702 256443 
6 : 12269 172932 172936 12277 12281 241258 
6 : 172927 172929 172938 194776 194783 237141 
6 : 70140 172999 172997 70150 70147 236059 
6 : 173033 124299 173043 124309 240526 124319 
6 : 173038 173026 173044 189541 254731 189545 
6 : 158533 173096 106731 158543 106729 106740 
6 : 173093 173100 173102 181180 181184 260561 
6 : 173094 173101 6227 194980 6230 6250 
6 : 37306 173117 173114 37311 37307 176619 
6 : 34724 173213 111188 34740 34715 111207 
6 : 98984 173211 173207 98997 98988 210165 
6 : 173212 173203 173208 186330 219354 186315 
6 : 150869 173225 173219 150887 150875 206533 
6 : 173237 105498 147276 105517 147297 105495 
6 : 173239 7563 66451 7585 66475 7553 
6 : 65612 173258 173245 65634 65621 208840 
6 : 96122 173271 173272 96128 96133 246897 
6 : 141363 121709 173275 121702 141378 121729 
6 : 42955 173308 173306 42968 42963 231362 
6 : 82898 35133 173315 35124 82907 35152 
6 : 173344 171662 58461 171680 58481 58460 
6 : 24887 173373 89482 24900 24882 89502 
6 : 13693 173382 103132 13699 13686 103140 
6 : 173378 173376 59019 202443 59026 59023 
6 : 85852 124126 173389 85846 85855 124129 
6 : 120524 10324 173463 10322 120544 10348 
6 : 142342 173460 41255 142354 41248 41275 
6 : 154984 173457 173455 154992 154985 183638 
6 : 157385 137278 153056 137276 153053 137275 
6 : 173465 69005 173471 69010 230695 69020 
6 : 173467 173470 41547 253198 41564 41569 
6 : 173484 173483 173481 251257 247380 247376 
6 : 173496 153256 160385 153269 160399 153253 
6 : 173499 173489 51085 187213 51106 51088 
6 : 68764 173585 146864 68777 68760 146881 
6 : 173612 173608 35570 178432 35576 35571 
6 : 173651 173652 173642 262710 183020 183023 
6 : 158770 173678 134215 158783 134213 134238 
6 : 173672 169313 47468 169321 47480 47467 
6 : 173747 168940 113503 168945 113510 113502 
6 : 113914 173754 121197 113916 113909 121199 
6 : 132157 62681 173756 62675 132160 62684 
6 : 56758 173848 13127 56770 13119 13146 
6 : 173845 173005 173843 173013 200329 173010 
6 : 110499 86952 173851 86947 110505 86955 
6 : 173868 173863 173869 181614 225733 181615 
6 : 173875 136381 173874 136394 257677 136393 
6 : 162118 150369 118826 150367 118823 118822 
6 : 173944 31226 84139 31229 84140 31218 
6 : 173946 173951 173950 193056 193055 222845 
6 : 117211 173979 173971 117219 117214 192737 
6 : 128642 61687 173970 61682 128643 61689 
6 : 173989 173976 173987 229223 262484 229221 
6 : 95494 143038 174034 95489 95499 143041 
6 : 174041 174038 174035 249240 224624 224619 
6 : 174048 101845 60051 101849 60059 60043 
6 : 174058 174068 174061 184092 184083 198200 
6 : 174065 174057 93414 179359 93427 93417 
6 : 174078 97256 174079 97263 218463 97264 
6 : 139329 174128 174127 139337 139336 233371 
6 : 174124 174122 174123 188976 191116 188974 
6 : 75273 174135 174131 75280 75275 213228 
6 : 98244 174152 174145 98261 98249 211447 
6 : 174163 174173 174164 229903 229893 230895 
6 : 166184 90454 40957 90451 40955 40950 
6 : 174258 174262 26779 219509 26788 26794 
6 : 65662 70163 148037 65654 65657 70159 
6 : 139061 68243 127971 68239 127966 68236 
6 : 174337 174336 53817 256996 53837 53832 
6 : 174338 174328 71132 208749 71147 71133 
6 : 174342 174354 174353 209292 209290 263434 
6 : 50878 28411 174404 28401 50886 28420 
6 : 128525 174402 174403 128530 128532 246428 
6 : 174406 174405 139858 263778 139881 139877 
6 : 23302 93766 174413 23297 23313 93782 
6 : 76265 168533 174422 76264 76276 168545 
6 : 81860 43332 127468 43325 81856 43329 
6 : 166185 174488 174489 166190 166191 246689 
6 : 174487 90455 167700 90460 167708 90452 
6 : 174496 162391 23389 162400 23397 23387 
6 : 174579 27671 174576 27680 235193 27678 
6 : 161593 174581 31677 161596 31672 31678 
6 : 174586 174594 113220 240714 113227 113237 
6 : 174589 56925 174592 56934 244544 56945 
6 : 174692 174699 174689 211787 198509 198515 
6 : 174696 113454 174690 113462 203676 113459 
6 : 174700 154026 36883 154042 36904 36880 
6 : 174716 174711 174714 241650 250685 241641 
6 : 174780 21262 174784 21268 209686 21275 
6 : 174790 77515 174797 77521 250918 77532 
6 : 174818 174812 174819 235540 254099 235544 
6 : 174869 46448 84961 46449 84962 46443 
6 : 174944 174945 174841 231595 174847 174850 
6 : 174954 174962 174960 236811 236809 258356 
6 : 174955 40740 174956 40747 238786 40748 
6 : 174977 174981 102401 230327 102409 102417 
6 : 68087 99845 141250 68078 68083 99842 
6 : 61416 175024 8750 61429 8739 8763 
6 : 175025 12518 175015 12536 186504 12521 
6 : 175030 62682 175032 62686 239198 62691 
6 : 175109 175108 124647 265091 124673 124672 
6 : 117162 175114 175120 117165 117168 202035 
6 : 175112 66017 175111 66019 183929 66018 
6 : 175115 175119 31111 212792 31116 31127 
6 : 175201 175204 153383 203162 153387 153392 
6 : 175225 26385 174008 26389 174015 26384 
6 : 175294 175290 70845 210745 70860 70851 
6 : 66822 175300 175303 66825 66831 190832 
6 : 175310 162165 175309 162186 263907 162185 
6 : 175342 175337 175331 239640 214312 214305 
6 : 106952 175348 175363 106955 106965 210814 
6 : 175390 175393 175401 181521 181530 198738 
6 : 121947 71942 70279 71936 70274 70268 
6 : 4230 175417 175419 4238 4244 231894 
6 : 170438 65731 175416 65730 170446 65738 
6 : 175423 16240 86632 16260 86651 16231 
6 : 175429 175432 175428 217194 215960 215964 
6 : 175431 175439 175427 228578 182048 182056 
6 : 129780 175489 175496 129794 129801 240907 
6 : 175495 175486 175491 222455 252839 222448 
6 : 175508 175505 175501 260361 219181 219178 
6 : 175511 175509 175498 265239 211838 211836 
6 : 116803 175523 175526 116814 116817 245561 
6 : 175517 100562 175520 100572 219516 100573 
6 : 175519 175513 143886 202004 143895 143890 
6 : 152502 175543 175544 152517 152518 262375 
6 : 175590 175597 175588 220609 184009 184023 
6 : 175644 175638 155964 211020 155975 155971 
6 : 175646 175642 166237 239720 166253 166246 
6 : 96452 76770 175680 76759 96456 76777 
6 : 146568 128279 64930 128276 64926 64922 
6 : 35227 175690 88056 35232 35218 88064 
6 : 175697 175694 175693 261167 258866 258862 
6 : 175699 175702 175701 209822 209821 221681 
6 : 175721 175712 33363 203491 33386 33366 
6 : 175760 175757 175762 198317 216004 198329 
6 : 175766 161699 113221 161708 113228 113219 
6 : 175794 175798 175788 223513 193460 193466 
6 : 47603 175811 175813 47617 47618 263568 
6 : 175808 155226 175803 155230 178353 155228 
6 : 175844 175846 175839 264780 248946 248947 
6 : 77271 151248 175963 77269 77272 151249 
6 : 175971 175969 175974 214072 242402 214078 
6 : 176043 176051 176055 208281 208285 234942 
6 : 72926 176125 176127 72929 72935 194017 
6 : 176147 95736 176144 95749 236179 95743 
6 : 176154 176148 152957 179018 152968 152959 
6 : 176157 176155 168670 246084 168686 168681 
6 : 73848 7349 126179 7330 73837 7335 
6 : 89310 176164 156547 89316 89304 156560 
6 : 150037 176223 176229 150041 150053 212980 
6 : 149483 176237 176234 149494 149492 234965 
6 : 176319 176322 176328 198166 198174 210798 
6 : 176325 176327 176320 246801 202358 202361 
6 : 176351 176350 176347 258926 248153 248148 
6 : 126705 92102 176358 92097 126711 92107 
6 : 176384 176387 176392 184911 184915 228648 
6 : 176388 176390 176398 229428 229437 243488 
6 : 176403 176406 176402 218351 192221 192226 
6 : 176410 176404 154297 220238 154310 154301 
6 : 176436 176438 176441 259445 259448 262269 
6 : 176498 176490 176499 198319 233555 198322 
6 : 73617 176512 34874 73628 34864 34895 
6 : 130831 176518 176523 130836 130842 229125 
6 : 176522 176514 116956 206549 116973 116962 
6 : 176526 176525 23863 265387 23881 23880 
6 : 176539 176538 176543 248103 248376 248109 
6 : 176586 176588 176590 219986 219987 225771 
6 : 176594 4767 176593 4779 258455 4778 
6 : 161214 176602 164632 161223 161213 164645 
6 : 176604 176605 149720 264832 149742 149743 
6 : 119357 136152 73444 119353 73435 73437 
6 : 176609 103749 176611 103756 219801 103760 
6 : 176706 38661 176707 38664 221002 38666 
6 : 176709 66118 176711 66124 254692 66128 
6 : 176772 176753 176769 192205 254416 192199 
6 : 137520 4966 176793 4960 137530 4975 
6 : 176828 132754 129643 132770 129667 129641 
6 : 96867 149844 176883 96864 96869 149850 
6 : 176896 82205 91570 82225 91589 82199 
6 : 176905 176917 54210 214772 54214 54223 
6 : 176930 38883 99315 38896 99326 38877 
6 : 176973 176978 170053 203642 170055 170075 
6 : 176976 176980 176975 255514 248793 248800 
6 : 129292 176990 176995 129295 129299 192062 
6 : 176994 177002 25067 215420 25077 25091 
6 : 177131 177138 177127 239675 226138 226145 
6 : 177171 177175 74230 226991 74240 74255 
6 : 177206 177210 25623 246266 25630 25636 
6 : 177213 177214 177205 260599 223042 223047 
6 : 177262 155938 100097 155940 100106 100095 
6 : 177267 177272 177266 249159 240269 240273 
6 : 177293 177311 177308 181781 181775 258404 
6 : 110372 177315 92522 110383 92517 92534 
6 : 177353 177348 177355 200723 254190 200730 
6 : 32056 177359 177358 32065 32063 239176 
6 : 59359 177357 177360 59362 59366 234430 
6 : 177372 177365 177374 231667 254287 231673 
6 : 99708 177379 177390 99709 99721 182816 
6 : 138979 177391 177381 138994 138986 220036 
6 : 177437 177432 177439 216458 242717 216461 
6 : 177445 177454 177457 219823 219828 263308 
6 : 177449 38939 126571 38945 126584 38936 
6 : 76307 177465 177473 76319 76323 253126 
6 : 57971 148950 177551 57970 57979 148974 
6 : 177552 10438 108795 10439 108796 10432 
6 : 177623 177629 177624 201249 201244 205915 
6 : 177633 177622 20075 198422 20096 20078 
6 : 51568 177656 177654 51572 51571 225901 
6 : 177662 177660 177651 263083 195814 195810 
6 : 155613 45633 100728 45631 100725 45624 
6 : 177724 163557 177723 163561 199200 163560 
6 : 140442 62611 91029 62608 91023 62601 
6 : 148617 177790 177791 148628 148635 248864 
6 : 177815 177819 75302 186538 75303 75314 
6 : 80117 177836 93658 80125 80105 93672 
6 : 177837 3872 177838 3883 253726 3888 
6 : 76669 177842 177850 76670 76678 204322 
6 : 177841 177845 177847 203470 203472 222904 
6 : 177930 78868 177929 78875 240308 78874 
6 : 9212 177995 177992 9218 9214 191034 
6 : 81755 177998 165695 81767 81754 165713 
6 : 177993 154133 177994 154139 214685 154140 
6 : 48196 178011 158058 48204 48194 158086 
6 : 145300 178098 178108 145303 145318 199950 
6 : 178105 178099 178104 212296 237351 212291 
6 : 178107 178103 178102 233072 227615 227606 
6 : 178116 38965 162788 38977 162801 38961 
6 : 178132 178126 58912 245959 58934 58926 
6 : 178180 136245 178178 136255 220840 136251 
6 : 178185 178189 178181 262627 246214 246218 
6 : 115086 178197 55549 115093 55543 55565 
6 : 178213 106602 178204 106609 204533 106606 
6 : 29642 178295 55989 29655 29632 56003 
6 : 178312 150138 178309 150158 264447 150154 
6 : 178317 178319 178322 249340 249342 251622 
6 : 178422 147259 178429 147266 231764 147274 
6 : 178488 76477 34875 76479 34878 34865 
6 : 178491 61999 178493 62006 246498 62011 
6 : 128404 178519 178523 128407 128409 213998 
6 : 134547 178588 158442 134553 134543 158446 
6 : 70508 178605 178603 70518 70516 256425 
6 : 135634 178602 178596 135644 135637 223187 
6 : 178610 178613 171754 240926 171764 171770 
6 : 178628 114762 111025 114777 111042 111018 
6 : 178682 73973 178685 73974 179442 73980 
6 : 178686 178689 178687 217303 217295 217334 
6 : 149845 8598 95050 8594 95046 8589 
6 : 178768 92255 178739 92270 178759 92254 
6 : 178771 178766 178764 243618 209522 209509 
6 : 102447 624 33970 611 33959 607 
6 : 178800 178799 122910 230083 122921 122920 
6 : 64621 173704 153279 64620 64618 153278 
6 : 178849 97560 178847 97568 225498 97566 
6 : 178851 178860 178858 182218 182215 236880 
6 : 178854 56096 178856 56100 222172 56102 
6 : 67867 59755 124010 59745 67861 59748 
6 : 178869 178874 178870 228664 228656 232925 
6 : 178929 178924 145385 225121 145395 145393 
6 : 178942 57149 178943 57161 258591 57165 
6 : 178952 12785 178957 12795 227251 12803 
6 : 178955 178948 76205 199907 76222 76207 
6 : 178972 86577 153174 86590 153196 86571 
6 : 27645 93011 5329 27637 5315 5320 
6 : 179034 175977 2291 175989 2308 2290 
6 : 179113 179115 179118 193661 193664 237491 
6 : 179116 32692 138864 32701 138878 32688 
6 : 179121 155513 161307 155535 161331 155511 
6 : 2984 179123 107208 2986 2978 107211 
6 : 112752 169423 179137 112751 112758 169430 
6 : 142527 74185 179132 74180 142533 74189 
6 : 179130 179133 179131 199572 199568 202725 
6 : 179206 179204 179209 180032 197792 180043 
6 : 154421 179225 179228 154422 154428 203232 
6 : 6201 179310 35458 6216 6193 35477 
6 : 38685 134696 179306 38682 38689 134701 
6 : 179319 114066 179318 114078 262973 114076 
6 : 179325 179326 179332 242252 242256 246149 
6 : 179327 179324 179322 223855 212598 212593 
6 : 179329 147064 149530 147080 149547 147061 
6 : 179397 179392 179390 214423 186858 186849 
6 : 79918 179403 179404 79924 79925 237074 
6 : 178692 7017 179402 7016 178696 7023 
6 : 179489 179480 93378 215265 93396 93388 
6 : 179571 179572 179569 208251 203346 203347 
6 : 106577 179577 179575 106588 106586 242374 
6 : 179673 138533 124442 138546 124459 124436 
6 : 179688 179687 179692 239126 242758 239130 
6 : 162723 35997 179750 35994 162734 36010 
6 : 179744 179748 179746 186530 186528 244404 
6 : 179754 179759 118142 219459 118148 118160 
6 : 179820 88925 27427 88935 27439 27414 
6 : 179827 89805 179825 89814 212023 89810 
6 : 179833 179837 179828 264734 244297 244300 
6 : 95052 179908 179911 95053 95057 181047 
6 : 179917 74075 179919 74078 212141 74081 
6 : 179923 28289 23076 28290 23077 23067 
6 : 147350 84366 180013 84363 147358 84377 
6 : 180011 179796 180008 179807 205687 179801 
6 : 180022 180028 180024 203734 203726 211803 
6 : 180093 122984 154726 122989 154733 122981 
6 : 48495 180100 30357 48498 30343 30363 
6 : 84639 180109 180107 84650 84649 262088 
6 : 180121 65323 180120 65338 255313 65336 
6 : 41785 180198 180191 41791 41789 225852 
6 : 180195 137009 180194 137021 245435 137019 
6 : 180222 143866 180218 143875 233521 143871 
6 : 180232 180235 180230 211423 205929 205933 
6 : 751 180281 180279 755 752 212162 
6 : 180298 180291 102630 214804 102647 102635 
6 : 180359 180360 14211 263605 14241 14244 
6 : 180459 180452 73849 180630 73865 73850 
6 : 167773 180461 160749 167781 160747 160757 
6 : 14619 180471 180467 14626 14621 185436 
6 : 180472 180473 180466 229105 183664 183665 
6 : 147754 180547 42719 147759 42715 42734 
6 : 180545 180544 160669 236722 160680 160678 
6 : 180546 7819 169237 7828 169249 7815 
6 : 180564 180562 180065 234889 180076 180075 
6 : 180580 180584 38401 180856 38402 38410 
6 : 180588 180595 180585 254432 233012 233017 
6 : 180632 180644 90907 202549 90914 90935 
6 : 180636 91281 180640 91292 242049 91297 
6 : 180642 180639 180634 251501 240997 240990 
6 : 180657 12787 180520 12804 180542 12786 
6 : 3679 179521 180671 3678 3691 179543 
6 : 180660 180665 27090 204839 27095 27103 
6 : 180666 180659 180664 197437 234245 197433 
6 : 159373 142598 180746 142594 159388 142610 
6 : 22684 180762 79547 22699 22675 79566 
6 : 136357 136805 180760 136354 136376 136826 
6 : 180771 157513 81320 157524 81341 81314 
6 : 155695 180809 93379 155698 93375 93383 
6 : 180824 177027 146008 177034 146020 146007 
6 : 63936 119172 180839 63932 63946 119189 
6 : 180828 69867 180834 69868 186180 69876 
6 : 180841 65849 6565 65870 6589 6556 
6 : 102717 7042 180901 7037 102724 7050 
6 : 180903 180911 12633 246642 12641 12650 
6 : 180921 180915 180919 199944 221808 199942 
6 : 74605 142242 35883 74602 35873 35877 
6 : 180987 32886 125932 32902 125948 32879 
6 : 110125 181069 169870 110135 110123 169880 
6 : 181070 93515 131616 93523 131627 93512 
6 : 181074 47961 101103 47962 101104 47955 
6 : 181095 181091 181087 228952 181893 181892 
6 : 181156 181153 99846 258445 99862 99854 
6 : 98835 14152 181167 14142 98841 14165 
6 : 181164 181170 163865 216345 163871 163887 
6 : 120855 181176 101796 120869 101782 101807 
6 : 80831 181239 137771 80834 80828 137780 
6 : 112461 181249 88948 112470 88943 88968 
6 : 181103 181247 89364 181114 89363 89375 
6 : 181248 61251 109419 61260 109435 61244 
6 : 181251 181262 181259 221743 221741 260853 
6 : 165940 95148 181324 95146 165954 95167 
6 : 173573 1688 102964 1687 102962 1682 
6 : 101948 167988 181334 101946 101951 167992 
6 : 102176 181392 115659 102180 102172 115666 
6 : 156987 181391 181396 156988 156994 187311 
6 : 181393 181395 78404 215735 78411 78414 
6 : 95342 181404 5623 95345 5613 5627 
6 : 181412 181406 64589 215549 64598 64594 
6 : 181414 181411 181407 237948 223377 223367 
6 : 58883 152443 181491 58881 58886 152446 
6 : 181488 181495 82338 182469 82339 82346 
6 : 176135 179491 91179 176133 91177 91178 
6 : 181574 181572 181584 240988 242056 241000 
6 : 49764 134395 181593 49761 49769 134403 
6 : 121790 37496 181598 37488 121804 37510 
6 : 170157 110275 181591 110273 170163 110280 
6 : 110500 181675 80639 110510 80634 80652 
6 : 181673 181676 181677 255554 255556 263714 
6 : 181682 49783 181683 49794 244006 49799 
6 : 161572 6880 181689 6875 161578 6886 
6 : 91547 30913 70586 30906 70577 30904 
6 : 22269 181748 3996 22273 3980 4010 
6 : 181837 94683 168079 94694 168096 94679 
6 : 122734 105857 181842 105853 122736 105860 
6 : 163996 181838 181848 163999 164006 193957 
6 : 181839 181850 107783 199580 107785 107801 
6 : 181878 181884 181882 254437 254435 260634 
6 : 47506 181934 112870 47508 47500 112871 
6 : 109719 181963 155630 109735 109718 155646 
6 : 181952 181956 179600 196460 179602 179608 
6 : 181954 168922 120120 168928 120124 120117 
6 : 182001 41506 182004 41511 225346 41519 
6 : 182003 93767 138954 93774 138962 93763 
6 : 41623 139134 182008 41620 41627 139135 
6 : 182009 182013 182011 220908 220904 243025 
6 : 182012 52199 29229 52209 29241 29218 
6 : 175804 138182 50733 138179 50730 50728 
6 : 182080 182081 40197 244945 40205 40209 
6 : 182083 182087 100223 206823 100225 100235 
6 : 153679 128102 13913 128097 13910 13904 
6 : 164115 182188 130118 164119 130115 130122 
6 : 10756 116528 182206 10752 10770 116535 
6 : 145624 63140 166258 63135 145623 63137 
6 : 182207 50760 182210 50775 256821 50785 
6 : 182213 25931 169712 25934 169717 25927 
6 : 37215 182261 151463 37229 37211 151481 
6 : 165642 71569 155969 71566 155960 71564 
6 : 171167 154821 182272 154818 171177 154833 
6 : 182267 182268 104146 211015 104153 104157 
6 : 182279 182277 42837 228259 42848 42844 
6 : 167794 113504 182317 113501 167799 113511 
6 : 121557 182357 97913 121563 97906 97920 
6 : 48762 182373 182374 48768 48769 232522 
6 : 82387 182365 182376 82389 82399 195016 
6 : 76031 182403 182398 76043 76039 248196 
6 : 80224 119869 116427 80220 80219 116422 
6 : 182401 182397 144579 246800 144599 144595 
6 : 77244 182407 182413 77251 77258 228675 
6 : 145336 49784 20860 49781 20852 20843 
6 : 182427 182429 182433 248532 248535 253010 
6 : 182442 182445 87765 208779 87768 87773 
6 : 182454 182457 182452 237174 197757 197761 
6 : 161248 182539 170405 161249 161244 170412 
6 : 182538 182544 149414 202334 149417 149432 
6 : 182600 147305 108422 147312 108428 108414 
6 : 182610 18212 182609 18215 231463 18214 
6 : 105532 171377 182620 105527 105536 171386 
6 : 182623 182625 90005 238989 90012 90019 
6 : 33680 113529 182331 33671 33679 113528 
6 : 182636 52200 182642 52205 231349 52212 
6 : 182688 114967 182692 114982 257953 114990 
6 : 182701 182696 182704 223618 234675 223620 
6 : 182703 182698 182700 233373 233615 233372 
6 : 182710 72205 14981 72210 14993 14975 
6 : 182721 182718 182720 185294 202284 185290 
6 : 129581 92470 182764 92467 129583 92471 
6 : 101569 66489 182772 66480 101572 66497 
6 : 39928 182794 182797 39929 39933 199032 
6 : 182799 173135 160574 173141 160580 160572 
6 : 72973 182813 30360 72983 30344 30373 
6 : 182857 182854 182860 240728 256146 240732 
6 : 182872 182866 182867 213507 220416 213499 
6 : 182934 182933 182935 240261 252582 240263 
6 : 182945 182943 182946 244275 261185 244276 
6 : 144377 183034 183031 144387 144383 256242 
6 : 183030 80872 183027 80884 188529 80875 
6 : 180763 183046 160671 180767 160670 160679 
6 : 155249 183058 121460 155257 121455 121468 
6 : 183110 183108 133968 260507 133998 133991 
6 : 57050 172204 173007 57048 57049 172203 
6 : 183123 183121 183128 222698 233754 222701 
6 : 164028 183185 38127 164033 38124 38138 
6 : 172551 173402 183194 172550 172563 173410 
6 : 179479 183208 183209 179486 179488 257116 
6 : 113456 183239 95795 113469 95788 95810 
6 : 131479 165226 183264 131478 131480 165228 
6 : 183277 34245 38600 34255 38606 34233 
6 : 183299 183297 183300 239888 264299 239891 
6 : 57578 183355 129412 57580 57571 129413 
6 : 183357 109056 183360 109066 224917 109071 
6 : 183362 160216 183361 160228 262081 160227 
6 : 23771 183372 183373 23786 23788 254931 
6 : 183423 31974 183422 31980 186065 31975 
6 : 183427 29585 153057 29594 153070 29580 
6 : 183432 100828 118913 100829 118914 100824 
6 : 183442 183434 183435 202810 204578 202795 
6 : 161358 119092 183455 119087 161370 119108 
6 : 183467 183468 183470 233404 233405 247865 
6 : 183517 183520 183515 263578 259543 259546 
6 : 106445 183547 183553 106448 106461 214973 
6 : 183601 161701 183607 161704 230827 161715 
6 : 183615 75433 183611 75447 237543 75442 
6 : 183627 153572 183619 153588 190114 153573 
6 : 120631 183702 183704 120642 120644 251686 
6 : 132398 98605 183706 98598 132411 98617 
6 : 183713 42838 134100 42851 134119 42831 
6 : 28703 118241 144204 28695 28698 118235 
6 : 183778 172024 183776 172041 258721 172037 
6 : 183787 170995 115768 171003 115782 115767 
6 : 183791 68189 183785 68207 236367 68196 
6 : 183860 183859 19792 237850 19802 19800 
6 : 183865 8751 72567 8753 72570 8740 
6 : 83412 183885 83973 83421 83406 83985 
6 : 111226 102104 80118 102096 80109 80107 
6 : 57724 183957 183954 57740 57735 258051 
6 : 183956 135775 151718 135784 151734 135774 
6 : 183959 183961 183963 217281 217283 238001 
6 : 150853 184052 14346 150864 14338 14360 
6 : 184076 35005 122860 35010 122868 35003 
6 : 184077 184080 148103 226276 148116 148119 
6 : 184138 16199 184137 16203 195977 16200 
6 : 65826 109936 184146 65819 65839 109947 
6 : 137253 42867 96651 42862 96649 42859 
6 : 184176 23909 54465 23922 54479 23900 
6 : 156434 184220 184219 156445 156443 244496 
6 : 184228 184237 184227 237620 214250 214264 
6 : 184232 39688 87480 39701 87490 39682 
6 : 5125 47930 110657 5115 5120 47921 
6 : 36860 184313 41549 36864 36845 41559 
6 : 53619 184320 55992 53629 53609 56004 
6 : 140650 184323 53019 140662 53014 53033 
6 : 12101 39689 139 12090 121 126 
6 : 167646 20928 60186 20927 60183 20921 
6 : 5925 184346 184339 5938 5933 234718 
6 : 184348 123144 184340 123160 237443 123152 
6 : 18076 184388 184395 18081 18090 202040 
6 : 113078 143223 184413 113075 113088 143233 
6 : 165387 184411 184414 165401 165403 255861 
6 : 81395 137462 184476 81390 81407 137477 
6 : 180167 155762 184468 155760 180170 155768 
6 : 184466 184474 184469 184682 184679 216489 
6 : 113775 184477 184479 113776 113782 228527 
6 : 121010 169490 103782 121008 103773 103779 
6 : 184501 184510 184505 188141 188129 222678 
6 : 174540 184556 184558 174541 174550 186589 
6 : 71529 163742 49140 71528 49126 49139 
6 : 184570 184565 88455 221410 88473 88462 
6 : 184571 184566 184563 224659 204031 204018 
6 : 169110 27563 184576 27560 169120 27572 
6 : 170868 57531 23833 57528 23831 23824 
6 : 184635 147721 184634 147724 202515 147723 
6 : 184640 184641 184637 254953 233899 233906 
6 : 174595 137050 184650 137049 174610 137058 
6 : 184666 184672 184661 221357 188678 188682 
6 : 11940 107541 14505 11934 11925 14496 
6 : 68923 52781 184796 52767 68931 52789 
6 : 31620 184893 178365 31621 31619 178366 
6 : 115353 184900 184899 115362 115361 243552 
6 : 134782 184894 66756 134784 66754 66761 
6 : 119639 184909 184916 119642 119650 208636 
6 : 184919 144920 184920 144938 262579 144939 
6 : 70695 184925 184926 70701 70702 223234 
6 : 184950 184946 78126 247346 78145 78140 
6 : 100127 184992 41995 100135 41984 42006 
6 : 184989 113879 184994 113882 208188 113893 
6 : 184991 184995 53371 234033 53381 53395 
6 : 185002 185004 185000 225767 216187 216193 
6 : 185079 185083 185084 238869 238872 260429 
6 : 185008 96936 185157 96935 185009 96937 
6 : 185164 185165 185160 253794 232740 232744 
6 : 155614 39138 185168 39136 155617 39142 
6 : 185174 22496 139529 22511 139545 22492 
6 : 185187 185190 44155 262753 44175 44177 
6 : 133339 46221 162166 46215 133337 46219 
6 : 9153 81805 79815 9146 9145 79806 
6 : 154319 185251 165227 154321 154315 165232 
6 : 116933 185314 5667 116942 5661 5681 
6 : 163830 150353 185312 150349 163837 150361 
6 : 185311 185313 43024 222784 43029 43038 
6 : 185315 107688 153281 107703 153296 107684 
6 : 127996 185337 185340 128002 128008 245354 
6 : 185338 185336 72068 236740 72084 72079 
6 : 185352 117488 185348 117498 221809 117496 
6 : 137137 185400 143383 137147 137128 143401 
6 : 185395 182026 147370 182030 147374 147369 
6 : 20469 87106 185409 20459 20480 87120 
6 : 174901 185406 100253 174910 100251 100263 
6 : 185477 26163 143257 26165 143263 26157 
6 : 185484 109518 55647 109538 55666 55639 
6 : 185487 131298 185486 131304 229675 131302 
6 : 163011 185502 88950 163024 88945 88965 
6 : 185504 185496 185499 225683 240980 225678 
6 : 66844 145338 185565 66841 66847 145344 
6 : 126368 185590 107689 126373 107680 107696 
6 : 184660 79990 185588 79989 184662 79992 
6 : 41907 86387 29586 41898 29574 29575 
6 : 46934 185658 185654 46945 46939 230535 
6 : 98486 185662 185665 98488 98496 201938 
6 : 185685 185680 130087 227534 130101 130091 
6 : 185815 185819 185821 214814 214816 239717 
6 : 185817 185822 130742 225407 130745 130756 
6 : 4447 19465 185823 4441 4449 19466 
6 : 185830 185827 185826 230754 224198 224191 
6 : 131353 184481 185846 131352 131358 184489 
6 : 185847 185844 62614 230198 62626 62623 
6 : 185848 185838 31719 201200 31731 31720 
6 : 185905 185907 185906 193567 193565 195914 
6 : 185908 166050 124625 166054 124630 124623 
6 : 185913 174059 185911 174069 244180 174067 
6 : 185931 185939 185926 221900 191961 191971 
6 : 159603 35742 133196 35736 133194 35730 
6 : 186011 186009 34090 262956 34114 34111 
6 : 62970 186017 186016 62981 62980 233780 
6 : 104847 112551 57936 104843 57927 57930 
6 : 116379 25656 186098 25650 116393 25672 
6 : 186089 46245 111797 46250 111802 46237 
6 : 186105 186106 43134 256100 43147 43148 
6 : 186110 186122 186123 200877 200878 259133 
6 : 72542 10297 52310 10289 52302 10287 
6 : 186166 30976 186167 30979 200058 30981 
6 : 186171 186165 186173 195585 257167 195589 
6 : 186193 172205 186202 172207 192100 172220 
6 : 59125 186245 186246 59136 59140 245468 
6 : 182782 186249 135485 182786 135482 135489 
6 : 186253 66162 186257 66170 243699 66178 
6 : 28518 186268 186266 28528 28525 235124 
6 : 172552 186262 186258 172555 172553 189902 
6 : 15890 144802 62838 15887 15877 62834 
6 : 186336 93490 186334 93493 205416 93492 
6 : 186426 55962 186428 55973 255850 55978 
6 : 81531 186448 186447 81551 81549 261641 
6 : 88138 97532 186523 88131 88140 97534 
6 : 148182 186551 186556 148189 148192 238152 
6 : 14899 186604 120856 14912 14894 120878 
6 : 95218 93875 82209 93867 82201 82200 
6 : 186615 186608 183890 229346 183907 183899 
6 : 186646 43497 186638 43514 234115 43505 
6 : 44686 177009 186683 44683 44692 177018 
6 : 183291 186678 51215 183292 51214 51216 
6 : 184432 186690 178061 184435 178060 178065 
6 : 152373 186757 168868 152378 152370 168876 
6 : 73658 186761 121578 73659 73654 121581 
6 : 75600 95237 186763 75594 75605 95245 
6 : 186766 186762 120012 234669 120027 120018 
6 : 25479 186769 181548 25480 25478 181552 
6 : 77542 24955 186781 24943 77554 24972 
6 : 179457 21009 186775 21007 179466 21019 
6 : 177731 186820 87600 177732 87597 87601 
6 : 186822 50734 186824 50741 233229 50745 
6 : 186823 23049 162011 23059 162019 23045 
6 : 125482 48252 52628 48244 52616 48239 
6 : 152390 99476 170080 99471 152388 99474 
6 : 156118 186844 92017 156134 92012 92028 
6 : 174617 186842 1045 174627 1043 1052 
6 : 9337 76366 186917 9327 9348 76387 
6 : 186919 186920 186930 224223 224233 234018 
6 : 145958 34925 186952 34921 145962 34928 
6 : 186997 135884 37528 135893 37543 37521 
6 : 186999 148767 187002 148780 260036 148785 
6 : 187000 121925 186996 121937 223041 121931 
6 : 187003 112530 187004 112531 188811 112532 
6 : 112132 187013 21333 112133 21326 21334 
6 : 171998 187021 187018 172004 172002 256595 
6 : 184841 187088 187090 184851 184856 251418 
6 : 187085 40458 2642 40462 2646 2630 
6 : 187091 72975 26925 72989 26945 26912 
6 : 187101 187099 115013 260916 115035 115030 
6 : 40305 187107 187104 40312 40308 223879 
6 : 155992 27564 111315 27556 111308 27553 
6 : 187103 187111 187105 219862 219853 234704 
6 : 186192 40904 187118 40903 186200 40914 
6 : 105733 187171 187165 105738 105734 221248 
6 : 187163 110397 128185 110400 128189 110390 
6 : 157612 125738 185211 125732 157611 125737 
6 : 175553 187185 185617 175565 175552 185631 
6 : 164345 22318 187214 22317 164356 22333 
6 : 159252 187265 187261 159258 159256 225747 
6 : 25729 161784 95657 25727 25726 95654 
6 : 187441 20136 24766 20143 24771 20128 
6 : 21237 187453 143973 21245 21235 143981 
6 : 187457 187464 187460 256350 256343 262558 
6 : 187528 187526 187527 193591 194198 193588 
6 : 187536 187546 187545 219726 219725 265306 
6 : 45600 94409 187552 45593 45611 94419 
6 : 82811 187553 44328 82823 44317 44341 
6 : 187556 187557 187550 264900 219309 219310 
6 : 187609 23487 187613 23491 207526 23493 
6 : 187630 1653 187627 1664 228899 1661 
6 : 187705 61690 119681 61703 119697 61681 
6 : 32841 187722 132530 32847 32837 132541 
6 : 187725 187726 187729 262026 262029 263358 
6 : 147393 99372 187780 99368 147404 99382 
6 : 187782 187781 187778 253724 236470 236468 
6 : 187783 187779 163760 243226 163783 163771 
6 : 187787 187791 5492 222340 5500 5510 
6 : 187792 145784 118560 145797 118576 118555 
6 : 114570 187799 102772 114578 102766 102783 
6 : 174155 187811 187817 174165 174171 233414 
6 : 187815 90217 187813 90229 241232 90225 
6 : 15051 165017 187870 15049 15058 165024 
6 : 187873 187872 117673 248438 117684 117682 
6 : 71033 187879 65039 71039 65027 65044 
6 : 187902 162377 187903 162381 211152 162382 
6 : 187904 187905 187901 220458 204360 204362 
6 : 187914 182909 2335 182927 2352 2334 
6 : 108797 187919 151103 108811 108792 151116 
6 : 9834 187977 124099 9842 9827 124114 
6 : 78663 1923 188024 1914 78677 1936 
6 : 188044 187305 120296 187315 120314 120295 
6 : 100564 188059 188053 100580 100575 245564 
6 : 130665 171646 188051 130662 130672 171651 
6 : 42546 188070 134806 42556 42537 134823 
6 : 188111 188108 188114 218700 248364 218707 
6 : 188125 2882 188116 2900 202849 2883 
6 : 188130 93210 188139 93214 223406 93225 
6 : 188308 100254 188305 100257 202108 100255 
6 : 188314 98660 188304 98675 197912 98662 
6 : 144256 23773 178649 23766 144253 23770 
6 : 183364 188318 188324 183366 183376 206445 
6 : 188340 124681 151609 124688 151614 124677 
6 : 188345 119535 68949 119548 68963 68944 
6 : 113935 143039 188388 113930 113941 143044 
6 : 188391 166161 188387 166171 196193 166162 
6 : 188393 52782 188398 52784 199607 52793 
6 : 120093 151556 188464 120088 120109 151574 
6 : 188470 26365 188469 26370 212900 26369 
6 : 188496 69603 153176 69610 153190 69596 
6 : 113122 55823 109306 55814 109299 55813 
6 : 188546 188543 188544 237836 237911 237834 
6 : 188566 188575 179077 203195 179080 179087 
6 : 188638 3912 167892 3916 167896 3908 
6 : 161139 188642 148886 161145 148884 148899 
6 : 187785 188643 156658 187790 156657 156673 
6 : 107302 77189 188651 77181 107312 77198 
6 : 33769 188723 178631 33780 33767 178639 
6 : 139551 188719 188721 139552 139554 188948 
6 : 145431 62895 169787 62887 145429 62891 
6 : 182583 188720 153681 182587 153680 153686 
6 : 188736 188740 79202 259672 79218 79228 
6 : 188787 38884 188789 38893 226265 38898 
6 : 188795 103468 173048 103481 173068 103463 
6 : 188796 188792 188799 220825 261365 220829 
6 : 10298 31331 97148 10284 10292 31323 
6 : 37596 8905 185124 8895 37595 8903 
6 : 176832 188838 54241 176841 54240 54245 
6 : 115616 188857 188856 115621 115619 202186 
6 : 188855 104370 43465 104372 43467 43447 
6 : 188862 88841 188861 88851 224732 88848 
6 : 168732 188931 188930 168737 168735 194363 
6 : 29645 188944 187055 29650 29644 187062 
6 : 171472 188947 188942 171477 171474 202187 
6 : 188951 63175 188950 63187 248353 63183 
6 : 105560 175253 189027 105559 105568 175261 
6 : 162041 84773 75304 84769 75300 75287 
6 : 189033 88160 189037 88163 237939 88177 
6 : 189063 189060 189069 222595 241017 222602 
6 : 189072 189056 46222 201103 46234 46223 
6 : 189085 120506 182647 120520 182660 120505 
6 : 189112 120858 82210 120870 82221 82203 
6 : 189118 182212 63031 182219 63040 63029 
6 : 130774 189130 189132 130780 130781 221384 
6 : 189137 189138 189144 196875 196884 199249 
6 : 189142 189147 84893 243598 84901 84903 
6 : 189211 189204 163383 236442 163399 163389 
6 : 189214 39717 189218 39727 231850 39735 
6 : 91852 54313 189233 54307 91865 54325 
6 : 188973 83045 136050 83044 136049 83039 
6 : 132316 156847 189302 132312 132326 156858 
6 : 136333 189300 189301 136341 136345 238052 
6 : 186737 175133 189306 175132 186756 175154 
6 : 189305 142220 189298 142237 223452 142223 
6 : 189397 170730 93382 170732 93384 93376 
6 : 189405 79174 189404 79191 265358 79190 
6 : 122025 161051 176833 122022 122023 161048 
6 : 189420 189427 189419 202399 191266 191285 
6 : 147602 150141 189482 147596 147609 150148 
6 : 189507 189510 189500 259400 213523 213525 
6 : 145589 40034 189530 40031 145593 40038 
6 : 189570 96551 80998 96558 81012 80992 
6 : 189573 189571 189577 232838 244728 232842 
6 : 146126 189595 189593 146132 146129 227062 
6 : 189650 152045 189655 152046 192679 152049 
6 : 189659 189653 189652 211892 199529 199522 
6 : 103598 189667 189661 103615 103601 194601 
6 : 182377 189662 189664 182379 182385 201124 
6 : 67965 20046 189740 20035 67971 20055 
6 : 101303 189771 189777 101310 101316 242082 
6 : 143205 189765 189768 143206 143210 197702 
6 : 161668 189837 65441 161670 65439 65444 
6 : 113095 189845 189848 113106 113113 254549 
6 : 173884 189846 163251 173893 163249 163264 
6 : 189856 3526 189860 3531 217012 3537 
6 : 189858 86157 189867 86167 229531 86174 
6 : 18501 190036 190035 18516 18514 263583 
6 : 180658 190048 127846 180670 127843 127868 
6 : 78095 11052 114891 11040 78089 11043 
6 : 190058 190052 64641 243109 64657 64651 
6 : 43069 190129 190130 43072 43073 203804 
6 : 45975 128075 190138 45971 45982 128083 
6 : 190132 71102 190133 71106 218222 71107 
6 : 190141 190131 14531 218005 14551 14536 
6 : 190236 132590 67277 132594 67289 67273 
6 : 125909 190254 112068 125923 112060 112087 
6 : 90347 63588 181121 63574 90345 63586 
6 : 190294 190293 190290 248726 225867 225865 
6 : 26072 190309 43963 26079 26064 43967 
6 : 187742 190308 101015 187749 101014 101020 
6 : 190307 190312 78805 196481 78809 78820 
6 : 190388 190384 190386 245737 254052 245733 
6 : 109125 125119 63108 109118 63097 63100 
6 : 146066 171529 64368 146064 64361 64366 
6 : 101345 99220 190466 99215 101346 99221 
6 : 190490 8752 190491 8756 213941 8757 
6 : 190559 49546 151006 49560 151021 49540 
6 : 190570 190567 190569 231736 236489 231734 
6 : 190573 33485 190568 33500 233621 33493 
6 : 77246 190577 190585 77249 77260 218483 
6 : 190582 190575 144205 191574 144212 144206 
6 : 28259 190656 41551 28262 28250 41555 
6 : 190661 53620 190660 53627 247539 53626 
6 : 190663 145466 190662 145480 253193 145478 
6 : 188418 190677 190666 188433 188420 197963 
6 : 190732 190731 46681 257349 46700 46692 
6 : 116498 190734 190736 116502 116503 246064 
6 : 190735 156076 190738 156083 247570 156085 
6 : 98606 176638 190742 98603 98609 176645 
6 : 174822 157116 115979 157114 115977 115973 
6 : 37421 183325 190762 37420 37435 183343 
6 : 190806 54769 146010 54772 146014 54763 
6 : 160672 190814 190817 160688 160690 263688 
6 : 190813 158151 131966 158162 131981 131963 
6 : 190816 38940 86810 38950 86822 38934 
6 : 190824 120298 115662 120309 115671 115656 
6 : 190830 150781 190836 150785 232054 150795 
6 : 190851 170904 190842 170914 203835 170905 
6 : 31261 190899 190887 31276 31268 233216 
6 : 189074 104732 190929 104731 189079 104739 
6 : 190922 20681 29727 20682 29728 20667 
6 : 138166 92105 190973 92098 138172 92119 
6 : 27958 181908 190976 27957 27961 181913 
6 : 170803 13756 170641 13754 170639 13753 
6 : 170507 36702 191059 36699 170514 36710 
6 : 60746 191142 191136 60761 60754 240853 
6 : 191128 90067 191139 90068 191797 90078 
6 : 191129 191131 191137 207959 207964 220147 
6 : 152072 177279 70248 152070 70244 70246 
6 : 191146 191147 124554 233578 124562 124563 
6 : 191231 91362 112310 91367 112317 91350 
6 : 191242 191235 172698 194454 172717 172699 
6 : 191279 75403 191281 75414 250114 75416 
6 : 191339 191336 14348 219947 14356 14349 
6 : 191359 185763 191354 185778 243860 185769 
6 : 191361 171110 109421 171123 109439 109418 
6 : 191435 54315 191434 54327 250079 54326 
6 : 191436 191432 112039 230438 112057 112046 
6 : 191454 191462 191460 218887 218883 254439 
6 : 191458 191456 43600 236937 43615 43610 
6 : 191464 191451 173528 199507 173547 173529 
6 : 163482 131393 191480 131390 163491 131403 
6 : 191493 191484 170818 197338 170838 170819 
6 : 78511 131371 191531 78505 78517 131377 
6 : 191532 191538 93789 237377 93797 93806 
6 : 114671 191541 190275 114673 114670 190276 
6 : 120612 92813 191545 92804 120621 92820 
6 : 153967 42365 125824 42362 125819 42359 
6 : 191609 191606 191610 255717 263212 255718 
6 : 30002 151699 110904 29998 29995 110899 
6 : 31772 76171 191614 31766 31778 76183 
6 : 191613 191615 191617 247238 247240 262048 
6 : 191633 191621 4865 208099 4884 4868 
6 : 44867 135137 175047 44864 44866 135136 
6 : 191700 191704 51248 224808 51256 51262 
6 : 19442 191717 179054 19452 19439 179072 
6 : 103166 191715 191714 103173 103172 248016 
6 : 144686 55824 143362 55817 143358 55816 
6 : 191713 179259 109307 179272 109315 109305 
6 : 191721 65296 191722 65297 206488 65298 
6 : 191782 191786 191787 230180 230181 254555 
6 : 130775 108038 64095 108033 64092 64090 
6 : 9606 191856 88585 9618 9600 88607 
6 : 107424 84695 89865 84690 89857 84688 
6 : 191860 141534 191861 141542 258177 141543 
6 : 191874 191870 191867 244015 195128 195122 
6 : 122842 10998 191940 10993 122849 11004 
6 : 191949 102699 191953 102703 213000 102707 
6 : 192004 90325 63006 90340 63019 62994 
6 : 151557 192018 192016 151571 151569 255152 
6 : 192011 192012 192020 214221 214229 218401 
6 : 192022 184483 186469 184500 186492 184482 
6 : 192024 145360 19041 145366 19043 19032 
6 : 192080 135799 192079 135811 255426 135810 
6 : 192160 192156 121360 211022 121370 121362 
6 : 192175 192165 192173 192485 259367 192483 
6 : 192186 192177 133526 244534 133542 133536 
6 : 190477 81417 192215 81416 190486 81431 
6 : 192211 192210 192208 245550 224082 224080 
6 : 190297 192236 192234 190301 190300 227137 
6 : 192235 32282 192238 32286 236362 32289 
6 : 192250 192243 28754 195804 28765 28755 
6 : 192265 192268 192263 249526 242695 242702 
6 : 192327 192326 2294 246478 2304 2301 
6 : 173960 77385 192348 77379 173962 77388 
6 : 192358 192364 192367 199630 199637 240328 
6 : 192406 128669 50068 128681 50082 50061 
6 : 83262 180479 178138 83260 83259 178134 
6 : 192414 82933 192415 82945 259716 82946 
6 : 192419 187465 192418 187482 265344 187481 
6 : 192426 192424 192427 242118 247223 242121 
6 : 67385 192498 192492 67401 67394 245868 
6 : 145959 192510 78623 145976 78621 78648 
6 : 176692 127570 192507 127567 176701 127579 
6 : 192502 192505 192508 198552 198556 221132 
6 : 137521 192516 192525 137523 137535 202603 
6 : 176529 63109 192513 63107 176530 63110 
6 : 192521 192518 23223 228407 23232 23227 
6 : 165535 192566 66876 165538 66873 66880 
6 : 192581 192578 75508 242617 75523 75516 
6 : 192586 192590 192595 194091 194099 213301 
6 : 192685 50909 192681 50925 245816 50918 
6 : 192752 192754 192757 207218 207226 217408 
6 : 192756 90219 22947 90233 22961 22930 
6 : 192767 192766 192764 243855 236270 236266 
6 : 192791 11421 192795 11424 206720 11427 
6 : 192814 107481 32007 107492 32022 31999 
6 : 60289 133527 152444 60283 60286 133523 
6 : 192855 192844 110051 224385 110067 110055 
6 : 192858 192861 98370 211155 98375 98381 
6 : 192860 192856 191009 199833 191019 191010 
6 : 150740 102040 192873 102035 150751 102057 
6 : 181712 192870 192872 181716 181720 241546 
6 : 192868 102466 192869 102469 204428 102471 
6 : 35109 192886 192891 35113 35119 242274 
6 : 182421 192944 130475 182431 130472 130487 
6 : 193029 193028 130381 239478 130393 130389 
6 : 193035 193037 193044 214744 214752 221137 
6 : 42066 164619 193060 42064 42076 164627 
6 : 193063 183529 59461 183533 59465 59458 
6 : 193091 145162 188902 145175 188922 145160 
6 : 177241 193118 193125 177243 177254 209307 
6 : 193123 148769 193120 148775 229966 148774 
6 : 186260 193129 102745 186265 102742 102754 
6 : 193127 3367 193134 3371 208219 3388 
6 : 192877 193135 193136 192878 192879 200933 
6 : 193142 65072 69312 65078 69321 65060 
6 : 695 193205 5493 701 684 5504 
6 : 124394 5590 193210 5579 124395 5591 
6 : 193242 193245 193243 211625 211622 211654 
6 : 193249 193253 186883 228287 186892 186901 
6 : 7899 193301 193297 7910 7902 225323 
6 : 164872 78190 193296 78186 164873 78191 
6 : 193318 193314 110521 260464 110540 110535 
6 : 193321 180392 129541 180397 129545 129536 
6 : 2455 193393 110301 2460 2448 110311 
6 : 47375 34811 193392 34794 47382 34815 
6 : 5758 86417 28797 5749 5747 28783 
6 : 34551 11660 193397 11650 34552 11663 
6 : 193421 33450 193419 33471 264351 33469 
6 : 136808 193429 193430 136816 136817 235122 
6 : 171499 193480 193485 171505 171510 238617 
6 : 193501 193497 96552 199265 96560 96554 
6 : 133623 193540 193524 133641 133625 209226 
6 : 166051 193571 193568 166060 166056 234469 
6 : 193601 148426 193611 148427 195033 148437 
6 : 45657 193637 170715 45658 45656 170717 
6 : 193647 179440 193650 179446 244220 179450 
6 : 193660 188954 193665 188961 236260 188967 
6 : 193717 193719 193716 238606 235993 235994 
6 : 164800 175090 177476 164797 164798 175087 
6 : 193723 182028 193725 182029 198309 182034 
6 : 61419 193808 193805 61431 61424 214377 
6 : 189239 22613 32175 22612 32173 22593 
6 : 78603 128876 141468 78598 78600 128871 
6 : 193825 193830 48998 198882 49000 49006 
6 : 148843 77456 142659 77451 142653 77449 
6 : 193889 122780 32008 122784 32013 32001 
6 : 137117 140481 178825 137109 137112 140477 
6 : 193900 193904 193178 209189 193181 193184 
6 : 38707 60188 193947 38696 38725 60208 
6 : 154709 4670 193966 4664 154717 4672 
6 : 124075 193973 178367 124086 124074 178380 
6 : 193975 193976 66757 260877 66779 66782 
6 : 136762 112040 191104 112034 136761 112038 
6 : 194074 194066 103783 240975 103803 103794 
6 : 72948 194139 194134 72958 72950 198910 
6 : 182197 58713 194144 58711 182199 58717 
6 : 194146 116529 50761 116532 50766 50753 
6 : 194235 175048 194229 175063 217031 175051 
6 : 161815 194243 194239 161827 161823 241032 
6 : 194242 12299 191551 12312 191562 12297 
6 : 43574 178503 194305 43571 43576 178506 
6 : 171980 81830 158253 81827 158251 81826 
6 : 194356 194355 194344 261662 204577 204575 
6 : 194386 121120 25964 121125 25971 25955 
6 : 61094 194398 178064 61101 61093 178081 
6 : 194391 194393 3279 217747 3283 3284 
6 : 97624 139811 194412 97621 97625 139812 
6 : 114024 194459 24038 114029 24029 24045 
6 : 194464 3562 172124 3565 172131 3558 
6 : 194466 194470 45793 246449 45800 45812 
6 : 194482 194478 78625 253708 78650 78642 
6 : 194492 183462 194488 183472 223623 183466 
6 : 194534 194540 126677 227333 126681 126692 
6 : 101436 194553 121462 101448 101430 121475 
6 : 59127 173078 194606 59123 59133 173083 
6 : 114042 147604 7854 114037 7846 7848 
6 : 194681 92231 194678 92237 213809 92233 
6 : 194690 109233 194686 109243 199287 109235 
6 : 184256 194725 23997 184261 23994 24006 
6 : 2094 67936 166344 2082 2090 67935 
6 : 13873 168736 87924 13870 13866 87920 
6 : 116478 194858 194852 116489 116481 224056 
6 : 67679 93980 194864 67672 67686 93985 
6 : 109029 101638 194934 101628 109030 101641 
6 : 80093 194978 93239 80100 80088 93253 
6 : 194974 194971 32887 209418 32893 32888 
6 : 8234 195026 195023 8247 8242 258634 
6 : 37904 152525 195024 37900 37912 152536 
6 : 195019 159008 154214 159014 154219 154211 
6 : 195025 91669 195018 91686 218500 91673 
6 : 195044 195048 195052 212069 212071 235680 
6 : 156120 195107 190907 156130 156119 190917 
6 : 195101 195108 54646 196453 54647 54657 
6 : 84368 195112 128212 84369 84359 128214 
6 : 181951 85762 192544 85759 181950 85761 
6 : 195199 128954 195195 128970 210836 128956 
6 : 195204 195200 162396 212506 162408 162398 
6 : 167795 195215 29886 167805 29877 29894 
6 : 195217 113506 134923 113520 134938 113495 
6 : 262 195292 195287 271 267 246492 
6 : 65684 195284 165229 65685 65682 165231 
6 : 195291 123928 195286 123946 237327 123938 
6 : 195307 63938 195297 63953 239348 63941 
6 : 167776 98372 112206 98365 112204 98361 
6 : 195369 195371 130585 225787 130589 130593 
6 : 165750 195388 195391 165761 165764 256978 
6 : 81037 195408 195417 81042 81055 234519 
6 : 106655 195443 133971 106662 106649 133983 
6 : 108867 195441 91436 108870 91430 91438 
6 : 195452 37216 195450 37227 240376 37224 
6 : 195456 94002 96377 94019 96393 93996 
6 : 195488 39888 195499 39893 215285 39911 
6 : 189487 188756 195515 188754 189490 188761 
6 : 195516 195523 179283 228305 179288 179301 
6 : 83557 195526 88456 83561 83549 88463 
6 : 195530 89223 195524 89244 204038 89225 
6 : 195540 195534 121711 223515 121732 121718 
6 : 145339 195611 47471 145350 47465 47485 
6 : 71871 195626 131415 71874 71865 131418 
6 : 195634 195630 142429 244926 142443 142436 
6 : 195678 195679 195680 206377 206378 206734 
6 : 195681 190226 129127 190233 129135 129125 
6 : 128505 195700 195704 128513 128517 247348 
6 : 195042 105883 180333 105882 180332 105880 
6 : 195712 63311 195705 63323 210967 63314 
6 : 119254 195778 195782 119257 119262 214026 
6 : 123481 116146 195776 116142 123483 116148 
6 : 157805 195781 56834 157813 56830 56840 
6 : 26075 101017 195855 26066 26083 101034 
6 : 85824 195864 195857 85832 85825 197718 
6 : 195860 8433 195858 8436 197749 8435 
6 : 195883 147931 109680 147945 109697 109671 
6 : 136421 195904 195909 136427 136431 246983 
6 : 16146 195942 195943 16153 16154 261695 
6 : 116805 195952 195948 116810 116806 198417 
6 : 17087 196019 196027 17089 17095 214368 
6 : 196023 196021 196018 234955 208021 208017 
6 : 196042 196043 196044 247439 247440 250476 
6 : 196107 196108 196103 260857 215572 215574 
6 : 48078 196119 100102 48089 48070 100117 
6 : 124781 196115 13592 124791 13582 13603 
6 : 196121 153710 196123 153712 212573 153714 
6 : 68366 153338 90783 68360 68357 90779 
6 : 196196 196198 196197 246965 246964 249527 
6 : 88513 196207 196203 88525 88520 221856 
6 : 196200 196205 131994 196882 131995 132002 
6 : 158513 99478 184537 99472 158512 99475 
6 : 13643 196234 196232 13659 13653 258301 
6 : 185088 180394 153152 180391 153149 153147 
6 : 196268 196273 196272 204960 204959 259196 
6 : 66325 9719 35461 9707 35439 9703 
6 : 104986 196276 196277 104990 104994 228808 
6 : 196350 196353 196345 241690 210741 210743 
6 : 59841 196394 63111 59853 59831 63122 
6 : 196443 196447 187307 219087 187309 187316 
6 : 112109 190908 196451 112108 112120 190918 
6 : 132838 18538 196456 18525 132853 18554 
6 : 196449 185944 191979 185953 191985 185943 
6 : 196484 196483 196476 253400 238491 238486 
6 : 60574 196514 99997 60588 60568 100014 
6 : 196510 196508 196513 246604 256152 246609 
6 : 102566 167091 189952 102560 102565 167089 
6 : 196597 196596 196598 224895 226108 224897 
6 : 196599 196602 196603 238919 238921 261853 
6 : 16306 196615 196609 16321 16314 248664 
6 : 196614 196613 70653 259253 70665 70662 
6 : 196644 183912 196641 183922 200820 183913 
6 : 196690 196686 196691 247605 252059 247607 
6 : 196695 196696 196687 264946 248320 248322 
6 : 21885 196698 196701 21888 21892 229725 
6 : 96103 124100 196779 96095 96107 124111 
6 : 123199 196785 63997 123212 63985 64016 
6 : 196802 196791 97884 225687 97904 97888 
6 : 196856 155415 59022 155430 59047 59017 
6 : 152788 196860 151197 152791 151194 151202 
6 : 196879 31828 196877 31831 210896 31830 
6 : 11152 11634 131645 11144 11148 11631 
6 : 110254 196936 196939 110255 110261 201958 
6 : 68289 196948 196945 68296 68292 230757 
6 : 16630 196953 196955 16634 16636 209593 
6 : 78941 192188 196959 78940 78955 192200 
6 : 196956 75567 196952 75574 207802 75569 
6 : 180543 86811 196970 86809 180551 86820 
6 : 197011 99199 197009 99212 218358 99207 
6 : 197016 197007 197012 206748 253464 206743 
6 : 197020 46962 39889 46975 39906 39878 
6 : 174426 163867 197091 163863 174439 163881 
6 : 111116 197109 197098 111133 111125 239776 
6 : 135683 119319 197113 119315 135687 119324 
6 : 197120 197114 119795 235998 119816 119804 
6 : 150873 197180 188436 150889 150871 188455 
6 : 197196 197206 197201 212509 212503 253915 
6 : 197203 197205 130719 258000 130734 130736 
6 : 197262 36312 197260 36318 223876 36316 
6 : 83169 197270 60463 83171 60447 60466 
6 : 197275 197278 197276 251369 251362 253053 
6 : 197316 197323 197313 225078 210685 210694 
6 : 197348 197356 197354 223529 223527 265125 
6 : 197366 197362 162674 245229 162686 162679 
6 : 197466 92593 197464 92608 258633 92604 
6 : 168419 197469 197475 168423 168432 220835 
6 : 189515 197476 197467 189528 189518 216196 
6 : 31977 50910 140358 31965 31972 50902 
6 : 197488 197481 190952 234564 190967 190959 
6 : 138827 55117 7564 55114 7560 7552 
6 : 38795 83375 61884 38785 38784 61874 
6 : 176385 197533 110173 176389 110170 110183 
6 : 64339 21302 77458 21293 64330 21296 
6 : 197542 20932 197544 20938 264637 20939 
6 : 197549 197546 197557 233209 257577 233212 
6 : 132814 150453 197604 132806 132821 150462 
6 : 197600 197601 132094 216815 132096 132099 
6 : 86368 197613 45017 86374 45011 45028 
6 : 117960 197610 112780 117968 112770 112787 
6 : 136764 197612 197607 136771 136765 203508 
6 : 90844 197687 193543 90850 90842 193547 
6 : 145237 133315 25695 133308 25686 25683 
6 : 197688 159030 117080 159036 117087 117076 
6 : 80451 101481 197694 80446 80455 101486 
6 : 197696 197697 111189 263092 111204 111205 
6 : 175529 117775 197704 117772 175535 117785 
6 : 197703 138111 197708 138118 230854 138128 
6 : 197778 68394 197776 68410 249532 68405 
6 : 82162 170323 122913 82159 82155 122908 
6 : 197801 197804 106231 258529 106243 106246 
6 : 197861 197860 197859 254937 251722 251721 
6 : 74635 18243 135486 18228 74627 18234 
6 : 113604 197925 197930 113605 113612 218995 
6 : 197935 136542 197932 136552 244897 136550 
6 : 197946 197941 197944 215364 235529 215363 
6 : 157098 106261 197990 106259 157099 106262 
6 : 41963 198076 30978 41972 30960 30990 
6 : 166219 198078 137033 166233 137030 137045 
6 : 198075 198072 198077 198853 260395 198854 
6 : 140317 198087 59757 140327 59751 59768 
6 : 198089 52090 124013 52105 124026 52081 
6 : 198139 198140 167400 248087 167412 167415 
6 : 198143 79292 198144 79293 206427 79295 
6 : 198145 198150 198149 222382 222380 263519 
6 : 175113 198159 198157 175118 175116 225847 
6 : 198162 192545 161285 192553 161301 161284 
6 : 168218 198187 110174 168223 110169 110191 
6 : 198208 198213 31390 225643 31392 31402 
6 : 198212 67708 83497 67714 83507 67697 
6 : 186561 198220 198216 186573 186567 225123 
6 : 198223 193096 198219 193113 240629 193108 
6 : 198230 198228 198237 216235 245284 216245 
6 : 96169 138451 22773 96164 22760 22767 
6 : 198287 198291 84930 221003 84937 84945 
6 : 198298 198306 198302 224752 224749 245915 
6 : 198304 198305 198301 256543 245678 245683 
6 : 146742 154334 83498 146735 83489 83490 
6 : 28828 198372 196537 28830 28827 196544 
6 : 198407 198411 198397 264462 211207 211211 
6 : 198409 198404 188184 247859 188211 188201 
6 : 174639 198467 197748 174658 174638 197767 
6 : 75356 198476 30457 75367 30443 30467 
6 : 198526 114738 198529 114744 238254 114746 
6 : 198530 4635 66758 4648 66776 4622 
6 : 73636 22204 198536 22194 73642 22218 
6 : 88514 38102 173335 38092 88512 38099 
6 : 162972 198539 132706 162975 132701 132711 
6 : 198545 155556 198547 155572 264679 155575 
6 : 151273 233 198558 228 151282 243 
6 : 198550 194720 198560 194723 214404 194731 
6 : 198612 198607 198613 226232 258698 226234 
6 : 167457 198621 198618 167469 167462 234908 
6 : 198617 83940 105379 83953 105383 83936 
6 : 149487 192390 145765 149484 145758 145764 
6 : 198636 164011 198625 164025 248987 164020 
6 : 198648 198641 61885 237029 61904 61894 
6 : 198659 198658 198653 242680 208464 208462 
6 : 174543 198694 198693 174553 174552 241407 
6 : 149324 198703 198701 149334 149330 221245 
6 : 198712 21070 198719 21076 228780 21084 
6 : 97360 10441 1080 10431 1069 1062 
6 : 156527 198789 12820 156540 12813 12837 
6 : 155092 169700 70737 155090 70729 70733 
6 : 198846 51402 123006 51409 123013 51394 
6 : 198922 12209 97511 12211 97512 12199 
6 : 147006 198930 198928 147012 147011 225846 
6 : 35762 198939 40036 35768 35756 40049 
6 : 166773 198937 171378 166776 166772 171388 
6 : 107763 198994 198995 107771 107775 257785 
6 : 42068 198997 195838 42069 42067 195840 
6 : 169197 105605 179091 105602 169196 105603 
6 : 199013 97885 143692 97894 143703 97879 
6 : 168634 199025 1963 168644 1958 1976 
6 : 199027 199021 190403 242357 190418 190409 
6 : 173118 147686 199061 147680 173132 147694 
6 : 199065 199072 199071 241376 241375 264524 
6 : 199068 199069 119559 254243 119575 119578 
6 : 76888 199075 293 76895 280 300 
6 : 96883 199079 199082 96892 96896 252078 
6 : 199077 199076 57781 239669 57794 57790 
6 : 199085 128894 199095 128895 203809 128904 
6 : 12792 199105 92882 12796 12778 92893 
6 : 150638 42998 199102 42986 150642 43001 
6 : 199129 199128 199138 201956 216483 201965 
6 : 199131 199133 199134 244031 244033 251298 
6 : 199141 199139 31645 203214 31650 31646 
6 : 167846 199153 199150 167853 167851 234936 
6 : 156248 94444 199222 94438 156266 94460 
6 : 185837 199215 92356 185842 92354 92360 
6 : 195405 199219 199220 195413 195415 249553 
6 : 87717 136229 199226 87715 87722 136234 
6 : 168619 45828 199235 45822 168621 45831 
6 : 24718 114647 35309 24713 24707 35296 
6 : 199311 199179 199310 199196 264442 199195 
6 : 199376 199373 199372 207178 201947 201943 
6 : 199387 9338 199383 9345 227020 9341 
6 : 176357 199392 105168 176360 105167 105172 
6 : 199412 199409 66759 241697 66777 66773 
6 : 199458 104268 199462 104275 222651 104285 
6 : 199460 199463 199457 249219 200666 200671 
6 : 144755 27504 43916 27502 43908 27495 
6 : 193097 199478 199476 193117 193116 264988 
6 : 199472 199471 199474 237943 244376 237944 
6 : 199563 168926 199559 168933 208509 168927 
6 : 57151 10299 199612 10288 57162 10308 
6 : 199642 199635 199636 245370 249314 245359 
6 : 199650 95394 199656 95403 256175 95409 
6 : 182313 199701 64789 182322 64787 64805 
6 : 197807 18845 199693 18844 197812 18847 
6 : 199697 199700 134924 225513 134929 134933 
6 : 168900 169214 88058 168899 88051 88052 
6 : 199704 199708 27387 202327 27389 27394 
6 : 16044 199493 199775 16043 16055 199506 
6 : 81296 60958 199780 60944 81303 60965 
6 : 199779 161195 65497 161204 65506 65487 
6 : 199781 185527 147523 185539 147538 147518 
6 : 24891 177029 199788 24888 24895 177032 
6 : 199785 115956 55405 115958 55410 55399 
6 : 39426 199841 199846 39430 39438 222525 
6 : 76057 5983 199845 5977 76070 6001 
6 : 147479 88023 199852 88017 147484 88032 
6 : 199871 199872 199868 259353 240227 240228 
6 : 51734 199911 54951 51740 51720 54957 
6 : 199909 161816 64538 161818 64540 64535 
6 : 199912 181434 129784 181439 129790 129781 
6 : 64243 135824 199922 64236 64257 135837 
6 : 170950 187015 85625 170948 85620 85623 
6 : 199918 199919 123851 257793 123861 123865 
6 : 54416 199929 199936 54420 54432 238400 
6 : 192445 75568 199941 75565 192450 75575 
6 : 32819 103707 199980 32815 32827 103712 
6 : 53322 151611 47270 53315 47252 47263 
6 : 199982 94101 199988 94104 213325 94108 
6 : 171981 147066 200008 147063 171995 147084 
6 : 20713 105140 200079 20704 20728 105158 
6 : 79412 200076 194362 79419 79411 194372 
6 : 200078 200077 200071 260688 208593 208592 
6 : 200080 200088 196575 204727 196576 196593 
6 : 200134 200135 200138 230086 230090 247797 
6 : 5546 200141 98373 5549 5535 98377 
6 : 24394 83282 200140 24385 24396 83286 
6 : 166002 200142 200145 166006 166009 227310 
6 : 9532 199581 200152 9531 9542 199592 
6 : 180480 50349 200153 50343 180494 50361 
6 : 200151 200147 200150 226998 256918 226997 
6 : 200182 90006 40037 90025 40058 40023 
6 : 200210 200213 200217 202967 202973 237945 
6 : 200270 200009 76209 200014 76215 76208 
6 : 200277 200275 200271 259111 229857 229853 
6 : 65443 127333 118607 65436 65435 118599 
6 : 129074 200286 200279 129089 129082 236273 
6 : 11776 200301 200300 11780 11779 225655 
6 : 200308 200307 200299 261969 210302 210300 
6 : 184826 200347 200349 184829 184835 231127 
6 : 200352 163440 10793 163455 10814 10789 
6 : 200356 200357 183003 235802 183011 183014 
6 : 200370 53342 200375 53352 242084 53358 
6 : 155742 200446 200447 155752 155753 260405 
6 : 200512 73678 200517 73680 215611 73691 
6 : 48767 200523 183327 48771 48763 183335 
6 : 200524 95763 200525 95779 259285 95781 
6 : 200526 84248 200520 84266 216195 84251 
6 : 200605 110375 100882 110377 100885 100874 
6 : 5097 200620 200618 5109 5107 264270 
6 : 89940 36608 200612 36603 89943 36612 
6 : 200614 91718 103963 91728 103971 91714 
6 : 93197 92106 122322 92095 93186 92096 
6 : 137119 172286 59158 137111 59147 59153 
6 : 14293 196989 200641 14292 14294 196991 
6 : 200656 200645 200654 236102 259093 236100 
6 : 125910 101367 200680 101362 125922 101379 
6 : 200681 200678 192138 251689 192153 192149 
6 : 200688 177242 200685 177248 222977 177245 
6 : 169039 189431 200698 169035 169052 189437 
6 : 25191 200714 161817 25206 25187 161830 
6 : 5985 200729 200719 6003 5993 240235 
6 : 200767 29953 24350 29963 24362 24329 
6 : 175412 200781 200780 175426 175425 265082 
6 : 200775 169555 200774 169567 259077 169565 
6 : 200779 170440 200770 170456 231898 170448 
6 : 59584 200783 179011 59585 59582 179012 
6 : 200785 163230 200791 163235 233300 163243 
6 : 200836 46199 200839 46202 237515 46205 
6 : 107064 174272 200850 107061 107077 174282 
6 : 200861 96654 200864 96666 260077 96669 
6 : 199047 69773 197243 69772 197242 69771 
6 : 200922 200924 200927 241947 241948 246636 
6 : 200928 200929 200920 256841 230546 230547 
6 : 34848 200935 200939 34850 34853 220548 
6 : 200957 68250 200951 68262 235380 68256 
6 : 200982 200984 99739 219692 99742 99748 
6 : 200990 112827 200991 112833 255906 112836 
6 : 200997 201005 79817 226772 79821 79836 
6 : 201011 201016 201010 214165 213662 213675 
6 : 201067 201072 201071 233202 233197 258219 
6 : 201068 190680 201069 190685 239364 190690 
6 : 20495 201088 201079 20508 20502 232928 
6 : 56471 201089 201091 56472 56473 203468 
6 : 201156 170277 93270 170286 93280 93266 
6 : 201158 201160 44298 254319 44306 44311 
6 : 201159 94685 100883 94698 100899 94673 
6 : 63231 201167 55707 63240 55695 55724 
6 : 75014 99599 201162 75007 75016 99602 
6 : 99928 108718 201225 99920 99929 108720 
6 : 150627 201227 201223 150630 150628 215273 
6 : 170365 169809 201232 169805 170373 169814 
6 : 201231 94811 85358 94815 85360 85343 
6 : 112114 201241 54650 112123 54631 54658 
6 : 159484 146628 6887 146625 6873 6871 
6 : 201290 98663 201293 98665 209182 98673 
6 : 101504 201322 197423 101515 101502 197440 
6 : 128600 201318 77958 128607 77951 77967 
6 : 201319 201316 69904 237798 69915 69910 
6 : 201321 163539 159956 163549 159967 159951 
6 : 29647 115618 201329 29635 29652 115623 
6 : 80251 201386 201374 80263 80252 209168 
6 : 175530 201375 201388 175532 175547 209648 
6 : 201385 171183 201387 171195 261250 171197 
6 : 201418 201425 201423 203878 203872 218715 
6 : 201472 170177 126451 170187 126468 126444 
6 : 201532 57497 185619 57506 185627 57495 
6 : 201533 201534 116193 252243 116204 116205 
6 : 180253 201558 118492 180260 118486 118504 
6 : 108987 132427 198192 108979 108985 132425 
6 : 201705 201702 201701 226780 223045 223033 
6 : 116304 201708 38562 116307 38551 38564 
6 : 201711 201716 201718 247663 247665 264165 
6 : 66706 201781 143794 66718 66703 143803 
6 : 133676 201783 201778 133689 133681 234191 
6 : 152477 201799 201792 152486 152481 245027 
6 : 201808 171072 201800 171085 203398 171073 
6 : 35311 149506 144922 35303 35302 144914 
6 : 201871 90274 66453 90291 66476 66444 
6 : 183532 201888 201883 183537 183534 223371 
6 : 201948 50372 190421 50379 190433 50370 
6 : 201973 3527 201970 3540 228161 3534 
6 : 201991 25799 201984 25815 247413 25805 
6 : 87211 201998 158941 87218 87207 158956 
6 : 202027 202023 133823 250339 133836 133833 
6 : 202048 202044 140588 233129 140603 140599 
6 : 202057 145031 29274 145041 29284 29263 
6 : 202102 202099 77051 262920 77067 77066 
6 : 15054 102268 202127 15046 15059 102276 
6 : 196364 117676 202126 117675 196371 117681 
6 : 202130 202123 202124 206215 225803 206208 
6 : 123104 186660 202132 123102 123106 186662 
6 : 45603 202147 195258 45614 45602 195270 
6 : 115713 182667 202215 115711 115722 182682 
6 : 202218 191410 140360 191411 140361 140356 
6 : 202304 194628 109522 194632 109531 109520 
6 : 202316 164134 202317 164139 238065 164141 
6 : 188126 64067 202391 64066 188134 64079 
6 : 127356 169810 72073 127352 72062 72066 
6 : 202470 72730 202465 72740 222018 72734 
6 : 55384 155539 34589 55380 34568 34582 
6 : 202476 140058 36771 140060 36776 36759 
6 : 129621 202491 202497 129634 129640 257600 
6 : 78169 202538 91285 78171 78161 91286 
6 : 132381 202540 199354 132385 132379 199361 
6 : 202561 202564 191011 228809 191016 191022 
6 : 90705 184597 202612 90700 90717 184608 
6 : 141344 202626 202625 141353 141351 259580 
6 : 202684 71620 202682 71631 224313 71624 
6 : 63537 202693 202689 63549 63541 209088 
6 : 179841 113918 202692 113915 179846 113924 
6 : 202697 132161 141890 132171 141907 132153 
6 : 202773 186868 151105 186871 151110 151102 
6 : 202785 158254 202781 158259 210311 158256 
6 : 132240 202854 202851 132250 132246 234008 
6 : 187589 202860 202866 187592 187598 228546 
6 : 117387 202909 148014 117401 117380 148034 
6 : 13251 202934 202935 13254 13256 219690 
6 : 30887 35968 202944 30876 30897 35983 
6 : 81272 187761 84249 81271 81262 84246 
6 : 202949 26484 84821 26496 84838 26468 
6 : 168027 67280 202995 67276 168031 67286 
6 : 20975 105010 141490 20967 20969 105001 
6 : 63207 153241 203013 63204 63221 153250 
6 : 203023 203019 133069 235644 133083 133077 
6 : 155093 158974 48715 155087 48704 48710 
6 : 203069 203072 203065 259598 208169 208172 
6 : 203087 89591 203085 89606 261295 89604 
6 : 203152 100340 203151 100350 245401 100349 
6 : 52066 125575 30042 52055 30021 30030 
6 : 200288 59986 169756 59985 169755 59980 
6 : 203208 74608 203205 74617 208106 74610 
6 : 203285 4137 126152 4154 126167 4133 
6 : 195839 203336 203340 195846 195849 235420 
6 : 21742 191269 203365 21741 21752 191283 
6 : 203360 54833 40653 54837 40657 40638 
6 : 142287 12210 107725 12203 107716 12200 
6 : 181206 203372 177973 181215 177971 177987 
6 : 203445 84220 90787 84230 90799 84210 
6 : 203455 203452 203453 243478 253018 243470 
6 : 203465 203463 203459 255057 226441 226430 
6 : 171999 85627 203520 85621 172006 85642 
6 : 104346 203525 203524 104361 104360 264762 
6 : 203522 203523 196248 256196 196258 196263 
6 : 203533 203529 50071 226301 50080 50078 
6 : 70801 203688 203689 70802 70803 212920 
6 : 80178 203701 203703 80182 80183 229166 
6 : 203708 203700 102883 223284 102902 102890 
6 : 192967 158341 161410 158340 161409 158337 
6 : 15255 203791 203788 15269 15260 228827 
6 : 41328 203863 203860 41334 41331 231961 
6 : 203866 203862 79608 242646 79622 79611 
6 : 119296 203890 203894 119297 119303 205543 
6 : 201419 37928 203891 37927 201421 37933 
6 : 115328 63538 203952 63526 115341 63548 
6 : 203953 80876 203946 80889 209091 80877 
6 : 22287 203967 203966 22300 22298 261638 
6 : 4498 87740 76338 4490 4488 76328 
6 : 181567 174377 28917 174375 28916 28913 
6 : 203984 203991 142016 234742 142023 142034 
6 : 114970 195816 204045 114969 114980 195827 
6 : 204051 204054 51217 264952 51235 51238 
6 : 204052 204050 204042 264736 220853 220851 
6 : 183969 204056 40963 183972 40959 40966 
6 : 180469 204066 122264 180470 122257 122269 
6 : 204070 198724 204064 198736 208652 198726 
6 : 136523 68061 7236 68056 7230 7224 
6 : 204115 162496 141605 162502 141609 141602 
6 : 204119 86549 62424 86556 62432 62413 
6 : 52290 141077 204122 52288 52297 141085 
6 : 204121 95185 41998 95192 42007 41982 
6 : 204127 204133 181342 251657 181348 181354 
6 : 46743 204161 17762 46756 17743 17773 
6 : 89278 204199 66491 89284 66479 66495 
6 : 136108 42805 204210 42799 136122 42820 
6 : 172650 204205 204209 172658 172662 256070 
6 : 204206 204208 204202 257560 246290 246293 
6 : 54379 162973 198256 54374 54378 162971 
6 : 142586 112612 204261 112605 142592 112617 
6 : 72930 191935 204266 72928 72933 191937 
6 : 165847 115981 204273 115975 165855 115996 
6 : 202627 146510 176642 146509 176641 146506 
6 : 107303 105110 204278 105103 107308 105112 
6 : 204311 204306 204308 260714 264025 260709 
6 : 34044 204331 204336 34045 34051 205568 
6 : 162859 144972 35744 144965 35738 35734 
6 : 197036 168845 204354 168844 197043 168857 
6 : 204404 160236 154449 160237 154450 154441 
6 : 204473 204478 204471 251497 224677 224686 
6 : 204477 204475 204472 263472 232748 232747 
6 : 204484 85299 153906 85308 153915 85291 
6 : 118314 204494 204496 118323 118324 262314 
6 : 386 204602 204607 395 403 239551 
6 : 103199 2951 204606 2941 103209 2962 
6 : 204608 87322 204604 87337 242522 87328 
6 : 99712 155251 204631 99703 99713 155253 
6 : 165459 138983 121463 138976 121456 121452 
6 : 204643 136663 204638 136673 212760 136666 
6 : 55826 194156 204656 55825 55832 194160 
6 : 204665 204664 204655 260383 220170 220168 
6 : 86999 10121 204689 10115 87006 10128 
6 : 191054 37010 83348 37008 83345 36999 
6 : 204732 204730 99630 235863 99634 99632 
6 : 69984 90128 204742 69977 69995 90138 
6 : 204744 204743 204738 259407 218498 218497 
6 : 204765 204753 175998 238431 176015 176003 
6 : 156019 184407 188062 156017 156018 184406 
6 : 204827 105248 204833 105258 240020 105267 
6 : 196788 204871 204873 196793 196799 236416 
6 : 198274 138232 204872 138231 198278 138239 
6 : 135171 204878 204877 135176 135173 237323 
6 : 149396 204880 204876 149408 149397 211013 
6 : 64790 135460 204904 64783 64806 135469 
6 : 193320 185090 204955 185087 193323 185093 
6 : 204961 160863 135711 160878 135729 135704 
6 : 204966 141317 12036 141324 12043 12025 
6 : 204212 175442 205003 175441 204216 175447 
6 : 1791 205019 173419 1793 1785 173420 
6 : 21846 170806 202351 21844 21845 170805 
6 : 205035 174201 139963 174216 139981 139961 
6 : 98330 205089 48913 98331 48903 48916 
6 : 205088 126553 205096 126554 211508 126567 
6 : 205122 205119 132442 262183 132449 132447 
6 : 124739 64732 29730 64726 29721 29714 
6 : 205168 104734 19348 104736 19354 19337 
6 : 76176 186741 205228 76170 76178 186742 
6 : 205235 9563 205233 9573 247852 9570 
6 : 108868 205238 205240 108869 108871 208198 
6 : 205248 205247 205245 254586 245474 245473 
6 : 205308 205309 205302 257236 240992 240994 
6 : 60226 44451 200960 44437 60225 44450 
6 : 94735 20018 12676 20009 12662 12652 
6 : 153435 49275 205387 49271 153439 49285 
6 : 205472 205475 205476 205601 205606 253117 
6 : 205474 195503 141132 195508 141139 141130 
6 : 205480 94388 205477 94398 214800 94391 
6 : 205501 88926 205486 88936 215210 88927 
6 : 176340 205560 205557 176352 176343 232148 
6 : 203898 558 102776 557 102775 550 
6 : 205558 205559 193369 234373 193374 193377 
6 : 205562 31084 142863 31086 142866 31079 
6 : 205573 205572 205570 262879 254493 254492 
6 : 205597 192705 205600 192710 235105 192713 
6 : 87694 205638 205643 87699 87712 232346 
6 : 157778 173995 173049 157776 157774 173046 
6 : 205645 103470 17395 103471 17396 17384 
6 : 114621 61828 201192 61816 114620 61826 
6 : 205657 163944 205654 163950 234512 163948 
6 : 186606 36000 203929 35998 186605 35999 
6 : 56018 205711 205709 56027 56025 259690 
6 : 205707 205710 193616 253556 193624 193632 
6 : 205721 205723 205720 264118 263849 263851 
6 : 205785 164815 66077 164837 66096 66072 
6 : 204332 62757 142864 62755 142862 62747 
6 : 205787 205789 59908 239587 59911 59913 
6 : 16046 205869 122914 16054 16038 122931 
6 : 200945 127706 205874 127705 200947 127707 
6 : 205876 205880 127977 249344 127983 127994 
6 : 205954 163629 205949 163639 235363 163634 
6 : 83284 170468 205958 83280 83288 170473 
6 : 123698 205956 205961 123704 123709 224028 
6 : 159757 205967 205968 159767 159768 253823 
6 : 205981 205979 93240 219417 93251 93244 
6 : 157979 206026 206029 157982 157990 224183 
6 : 206038 197810 175734 197819 175745 175733 
6 : 192806 2797 176664 2795 176661 2792 
6 : 206061 202440 206062 202454 263051 202457 
6 : 58968 206095 206097 58970 58975 214565 
6 : 206099 206100 110906 262067 110923 110924 
6 : 206101 151701 188187 151712 188209 151697 
6 : 190819 10951 206118 10950 190828 10962 
6 : 206187 206186 206188 232019 246298 232022 
6 : 206196 115411 206202 115424 254221 115433 
6 : 206198 168831 42392 168836 42403 42387 
6 : 185854 206211 206218 185860 185866 241228 
6 : 206225 61694 38440 61701 38451 38423 
6 : 206265 206261 70283 237246 70302 70289 
6 : 91513 206275 206273 91522 91520 254044 
6 : 206270 206266 196830 221088 196839 196832 
6 : 206276 7718 206271 7730 247639 7724 
6 : 57554 168233 113274 57551 57548 113269 
6 : 106656 179507 187127 106652 106654 179505 
6 : 189932 120651 206339 120650 189937 120656 
6 : 206351 91574 206244 91595 206257 91573 
6 : 70931 147263 206373 70924 70942 147273 
6 : 81785 111366 206415 81775 81793 111378 
6 : 206417 206414 175999 257250 176013 176010 
6 : 128367 101986 121334 101980 121327 101979 
6 : 50656 104118 206430 50642 50660 104124 
6 : 206485 206474 206475 239893 244584 239882 
6 : 192616 206494 206495 192625 192628 248307 
6 : 193151 206498 206501 193155 193168 209658 
6 : 206506 72773 65619 72792 65637 65606 
6 : 49194 206561 206560 49202 49197 236003 
6 : 68926 121582 153494 68917 68920 121575 
6 : 167503 206610 123508 167509 123501 123513 
6 : 171258 206624 183984 171269 171252 184001 
6 : 206621 200632 206619 200635 209951 200633 
6 : 17675 206627 155842 17679 17670 155849 
6 : 177183 178205 206631 177180 177197 178219 
6 : 206628 206630 135576 248394 135584 135585 
6 : 206632 206629 194266 258233 194276 194272 
6 : 206634 67192 206637 67193 214065 67202 
6 : 119874 206696 61183 119879 61170 61187 
6 : 122396 144583 71769 122391 71758 71761 
6 : 206699 32308 206701 32325 264463 32326 
6 : 206706 134315 206707 134328 264605 134330 
6 : 204600 50465 48254 50464 48253 48238 
6 : 206714 206712 206709 240395 215299 215295 
6 : 63540 109180 141892 63524 63530 109171 
6 : 206771 206772 206774 210976 210981 234605 
6 : 8755 157339 98157 8749 8743 98151 
6 : 206789 99247 156955 99265 156969 99240 
6 : 67046 206793 196915 67050 67043 196919 
6 : 206841 206848 206845 208987 208973 248701 
6 : 206849 62374 121464 62386 121478 62366 
6 : 203042 48827 107448 48825 107447 48811 
6 : 163801 29847 206859 29842 163805 29855 
6 : 203466 206926 162169 203469 162168 162170 
6 : 206927 46224 206932 46226 225282 46231 
6 : 35820 206935 206941 35821 35831 219673 
6 : 206938 133071 49549 133079 49552 49536 
6 : 167667 207016 207014 167672 167670 234056 
6 : 207011 207012 207013 214279 214280 215177 
6 : 95895 207026 165213 95905 95886 165225 
6 : 534 187484 207027 531 536 187485 
6 : 207028 125658 196249 125663 196253 125657 
6 : 207034 207031 207039 259670 261868 259673 
6 : 170279 114765 43635 114760 43629 43625 
6 : 20611 207095 207096 20612 20615 227526 
6 : 126243 207106 66194 126245 66184 66196 
6 : 132673 207109 207107 132678 132677 234180 
6 : 173322 207125 26748 173331 26746 26758 
6 : 181358 154403 134223 154399 134217 134211 
6 : 52342 86664 62239 52331 52329 62228 
6 : 207169 168261 207173 168269 251428 168276 
6 : 53344 207231 203421 53347 53343 203425 
6 : 27777 207237 164844 27782 27774 164851 
6 : 207250 207251 207244 257997 213813 213816 
6 : 207252 207243 207249 212813 257923 212804 
6 : 98470 117962 207258 98463 98475 117969 
6 : 49386 108283 172328 49375 49383 108279 
6 : 207264 137629 136277 137631 136281 136272 
6 : 207313 207310 160753 262758 160771 160766 
6 : 207371 207369 207370 225712 240537 225708 
6 : 207394 151443 152337 151449 152351 151434 
6 : 207441 207435 207437 208011 252366 208004 
6 : 49767 121793 131760 49759 49760 121786 
6 : 184084 207510 81696 184093 81693 81707 
6 : 207509 207511 207508 242972 234712 234714 
6 : 207516 86186 111553 86191 111559 86178 
6 : 2168 56503 207531 2156 2180 56512 
6 : 7046 204700 7524 7045 7032 7523 
6 : 141583 172876 207594 141577 141592 172887 
6 : 91830 207599 207603 91832 91839 212306 
6 : 114649 121489 207608 114644 114667 121508 
6 : 207634 177638 147311 177646 147319 147304 
6 : 59504 207681 207679 59516 59515 264678 
6 : 207694 207686 207690 227867 257596 227864 
6 : 207695 23052 150455 23063 150468 23041 
6 : 123031 207737 207736 123039 123037 230887 
6 : 141470 188957 61286 141466 61274 61281 
6 : 88025 207820 130721 88028 88016 130724 
6 : 207821 207827 206977 237318 206980 206992 
6 : 207831 36261 160059 36267 160069 36255 
6 : 152912 152825 127386 152817 127375 127374 
6 : 118610 207878 15765 118618 15754 15778 
6 : 34348 142839 14533 34347 14519 14528 
6 : 207972 207960 207967 227067 252166 227063 
6 : 207993 207985 90646 236180 90665 90656 
6 : 208000 195716 207999 195722 228833 195720 
6 : 159697 208034 139401 159704 139395 139413 
6 : 208032 185886 27713 185887 27714 27708 
6 : 208036 131528 28800 131542 28814 28785 
6 : 208117 208116 47565 226470 47569 47568 
6 : 208119 178372 208115 178378 214799 178373 
6 : 208128 208124 14187 235002 14199 14191 
6 : 208149 190243 154922 190251 154934 154919 
6 : 5271 208155 208153 5277 5272 225031 
6 : 6177 208158 208159 6187 6188 259479 
6 : 50987 208177 103010 50990 50982 103012 
6 : 78074 208191 208184 78086 78077 228363 
6 : 42806 208245 66492 42812 42795 66503 
6 : 208252 208257 141079 238798 141081 141090 
6 : 208269 208274 208276 224368 224372 244977 
6 : 208315 205143 208320 205151 256416 205158 
6 : 208324 208326 208323 222460 211421 211425 
6 : 4470 5000 208341 4462 4476 5010 
6 : 208344 208336 165018 241230 165037 165025 
6 : 65987 124685 135327 65980 65981 124675 
6 : 208404 208405 68953 255945 68968 68972 
6 : 182584 49513 208407 49512 182586 49515 
6 : 129075 208416 149419 129081 129071 149424 
6 : 208475 179013 208473 179021 237529 179017 
6 : 208483 164710 208486 164714 262763 164716 
6 : 136445 67990 208502 67982 136451 67998 
6 : 113349 208530 139293 113351 113340 139296 
6 : 115698 83472 110549 83464 110543 83463 
6 : 134673 180365 208531 134669 134678 180368 
6 : 64791 18581 113630 18557 64780 18561 
6 : 101265 208534 208532 101274 101267 216257 
6 : 208605 15289 208600 15305 250653 15297 
6 : 190510 208607 72151 190513 72148 72155 
6 : 23255 201836 208634 23252 23262 201845 
6 : 115663 150272 208662 115657 115677 150289 
6 : 193670 11804 74458 11802 74456 11787 
6 : 208684 15138 208683 15145 235134 15144 
6 : 208686 18182 4365 18190 4372 4346 
6 : 158637 208704 208693 158644 158640 232086 
6 : 177418 72872 142867 72867 142860 72860 
6 : 180231 208695 208694 180237 180236 238008 
6 : 208703 40809 146305 40820 146312 40802 
6 : 208717 208715 84010 260965 84022 84021 
6 : 188014 101106 101398 101105 101395 101095 
6 : 208776 208773 158344 260462 158362 158359 
6 : 172666 128769 97886 128765 97882 97877 
6 : 113202 208870 208874 113204 113211 229491 
6 : 107764 102747 208876 102737 107766 102751 
6 : 208884 208848 191755 208864 191771 191754 
6 : 208887 61119 208891 61124 249518 61130 
6 : 208892 164530 161703 164537 161717 161697 
6 : 122101 208941 68767 122107 68759 68774 
6 : 208940 208944 17609 237720 17614 17625 
6 : 208943 208894 4939 208902 4945 4938 
6 : 209021 27356 209026 27362 229821 27372 
6 : 209022 209025 208561 239272 208567 208577 
6 : 94980 203017 80026 94979 80010 80022 
6 : 1629 26654 27134 1614 1615 26636 
6 : 125341 209042 209039 125354 125349 250490 
6 : 209041 192528 44159 192541 44173 44157 
6 : 168832 188166 209047 168828 168834 188171 
6 : 209055 44186 209050 44199 249613 44193 
6 : 168324 157888 209094 157884 168326 157889 
6 : 185106 209129 86023 185112 86022 86031 
6 : 180023 127335 115051 127331 115045 115039 
6 : 209177 53477 21336 53480 21341 21320 
6 : 209200 209207 209205 222513 222511 264963 
6 : 209203 126634 161288 126641 161297 126626 
6 : 68648 209259 209262 68654 68658 256833 
6 : 102582 207389 209270 102581 102589 207399 
6 : 209275 62973 112553 62975 112555 62966 
6 : 209277 209282 57938 224034 57941 57946 
6 : 160371 122050 188288 122041 160367 122046 
6 : 125122 196137 74580 125121 74568 74579 
6 : 189682 209327 125688 189687 125682 125695 
6 : 209391 126810 209388 126819 244292 126817 
6 : 83285 103070 124231 83274 83276 103061 
6 : 209403 191012 182913 191018 182919 182910 
6 : 209408 98374 209401 98383 227308 98380 
6 : 133719 191744 192548 133714 133715 191740 
6 : 194332 209445 205126 194334 194331 205130 
6 : 10703 209457 209455 10710 10709 260217 
6 : 209454 123484 209453 123489 251290 123488 
6 : 60640 130703 209464 60636 60645 130709 
6 : 165460 48499 209467 48493 165466 48507 
6 : 182809 209468 209465 182817 182815 254595 
6 : 209466 209463 209462 244386 235972 235967 
6 : 209536 179082 57214 179086 57222 57207 
6 : 209542 102606 79046 102614 79054 79034 
6 : 209589 171381 209592 171394 257077 171399 
6 : 209604 209603 209597 264715 234464 234462 
6 : 209612 209607 29733 211275 29744 29734 
6 : 209614 209613 209609 262497 230875 230873 
6 : 151780 209676 115413 151794 115405 115436 
6 : 188167 209675 209672 188178 188173 249615 
6 : 209756 209748 209752 223222 251532 223214 
6 : 83207 209763 60318 83211 60303 60324 
6 : 209841 209838 177956 215115 177961 177957 
6 : 147688 202636 182091 147687 147682 182089 
6 : 19908 106335 186276 19898 19905 106333 
6 : 60245 144875 209858 60244 60255 144888 
6 : 149282 209859 31535 149294 31525 31549 
6 : 209855 123078 114448 123082 114454 114439 
6 : 24170 155339 107597 24166 24160 107589 
6 : 36001 209910 209913 36008 36011 249847 
6 : 209911 209917 2132 253375 2144 2149 
6 : 147666 209932 204925 147669 147664 204932 
6 : 209933 111393 209936 111398 251110 111406 
6 : 209934 209931 89202 238638 89211 89209 
6 : 209937 126244 205063 126261 205079 126242 
6 : 58062 209943 209942 58072 58070 261298 
6 : 176447 209972 209971 176454 176450 214577 
6 : 119273 209977 209978 119274 119275 219238 
6 : 209982 173391 209983 173395 253315 173399 
6 : 209989 209991 209986 224662 210734 210737 
6 : 14123 128979 210055 14116 14138 128998 
6 : 210052 203565 198045 203575 198053 198044 
6 : 210063 100569 116807 100571 116809 100559 
6 : 149573 189332 29400 149572 29395 29399 
6 : 210103 52750 141584 52753 141589 52743 
6 : 199644 191654 11830 191652 11829 11827 
6 : 210164 194823 60020 194836 60033 60018 
6 : 6064 202228 210174 6063 6079 202238 
6 : 110129 198668 210180 110128 110137 198678 
6 : 210217 210214 210210 264772 261005 261002 
6 : 54000 184434 65073 53999 53992 65070 
6 : 127069 114866 151831 114861 127064 114863 
6 : 131465 76774 177605 76764 131462 76771 
6 : 85995 210282 44330 86005 44318 44337 
6 : 87375 53651 108082 53636 87368 53639 
6 : 104711 210280 157905 104714 104708 157908 
6 : 118145 127122 210333 118139 118159 127128 
6 : 166527 210344 210340 166538 166531 238827 
6 : 210402 210406 60880 244256 60886 60897 
6 : 210411 36609 210410 36627 264979 36625 
6 : 208896 80598 146870 80596 146867 80590 
6 : 210417 68769 198492 68776 198503 68765 
6 : 210478 210477 37347 213142 37350 37348 
6 : 60161 210497 164943 60176 60155 164957 
6 : 210499 17585 210502 17588 236524 17590 
6 : 61079 75228 34284 61069 34267 34268 
6 : 89714 117516 210536 89707 89720 117528 
6 : 147817 210556 136056 147822 136047 136066 
6 : 32347 110524 185215 32334 32344 110520 
6 : 210635 210633 21647 251948 21663 21659 
6 : 210639 210638 52964 264330 52983 52981 
6 : 210658 210657 210663 236760 246638 236764 
6 : 210662 210664 207406 263940 207416 207417 
6 : 78445 176430 125166 78443 78442 125162 
6 : 179588 24171 210703 24168 179591 24173 
6 : 12869 196820 210769 12867 12878 196826 
6 : 57296 63290 210787 57288 57309 63302 
6 : 73949 210781 202815 73957 73947 202823 
6 : 20118 210719 53537 20117 20105 53536 
6 : 210851 122565 142553 122571 142562 122556 
6 : 12888 210864 15767 12902 12879 15783 
6 : 160938 192119 210924 160933 160942 192121 
6 : 210923 210926 210931 225606 225612 252257 
6 : 210938 210934 105249 237992 105264 105255 
6 : 210940 64342 138957 64352 138973 64337 
6 : 60105 36412 47534 36402 47523 36401 
6 : 210987 69225 24289 69231 24292 24277 
6 : 48079 210991 139229 48084 48072 139241 
6 : 81649 156808 210994 81646 81658 156820 
6 : 70229 211003 57499 70235 57484 57511 
6 : 77138 193281 211048 77132 77143 193287 
6 : 156887 203912 190936 156885 156883 190933 
6 : 67498 113950 53652 67494 53635 53641 
6 : 211075 26291 189173 26301 189190 26290 
6 : 211108 73073 211110 73075 213633 73077 
6 : 123576 211130 161390 123586 123569 161402 
6 : 158712 90007 211128 89999 158720 90020 
6 : 173359 86274 109061 86270 109053 86265 
6 : 211124 116461 211125 116464 227243 116465 
6 : 211161 211164 211165 247356 247357 260409 
6 : 169575 211168 211170 169585 169590 263850 
6 : 19720 162237 211179 19717 19733 162252 
6 : 146281 211235 211244 146286 146294 231886 
6 : 211256 211252 211245 262243 217412 217409 
6 : 95376 173803 119436 95375 95371 119433 
6 : 211263 211257 41263 226751 41283 41265 
6 : 209413 93242 211306 93241 209417 93245 
6 : 27506 211322 211324 27507 27509 222395 
6 : 125000 211378 211374 125008 125003 223044 
6 : 25193 44011 32637 25179 25177 32624 
6 : 143916 211401 104013 143924 104004 104025 
6 : 32309 27357 128549 27343 32302 27349 
6 : 45770 211456 211459 45775 45779 262283 
6 : 211462 211470 100990 242671 100992 101003 
6 : 211469 13518 121950 13536 121970 13512 
6 : 66052 154338 211477 66046 66064 154349 
6 : 211471 107598 83500 107600 83502 83486 
6 : 211541 211551 211538 244003 236465 236474 
6 : 55799 155810 143175 55794 55791 143168 
6 : 206041 207200 20685 206040 20683 20684 
6 : 211552 211558 211556 236151 236147 261979 
6 : 139351 211604 160578 139358 139346 160591 
6 : 1427 65448 211605 1422 1428 65449 
6 : 211616 89592 105169 89603 105182 89584 
6 : 137013 211682 69344 137025 69333 69359 
6 : 91859 84936 191112 84916 91853 84925 
6 : 98472 56034 211690 56028 98474 56040 
6 : 211691 211688 211689 236493 239976 236486 
6 : 185872 172774 211707 172770 185883 172785 
6 : 211701 22177 211704 22181 254792 22184 
6 : 148218 211772 211773 148224 148225 247816 
6 : 183130 136159 211780 136154 183142 136167 
6 : 211783 114651 8475 114655 8480 8458 
6 : 118613 211796 160962 118617 118601 160967 
6 : 91530 211839 211842 91533 91541 227448 
6 : 5098 211853 211847 5111 5101 241126 
6 : 211859 209310 142761 209317 142767 142760 
6 : 105753 135329 211888 105742 105762 135332 
6 : 158918 211887 49966 158920 49955 49967 
6 : 211914 211917 159544 220237 159546 159551 
6 : 211915 25399 55860 25402 55864 25381 
6 : 154711 211986 92141 154724 92131 92151 
6 : 137281 212004 98033 137285 98023 98048 
6 : 211998 212001 212009 225876 225881 235737 
6 : 10078 212050 212048 10085 10079 226541 
6 : 32759 32889 93243 32742 32748 32876 
6 : 169663 103245 212060 103238 169674 103260 
6 : 212058 104271 49147 104284 49158 49136 
6 : 171049 141204 212066 141201 171068 141222 
6 : 212062 107967 141607 107971 141610 107961 
6 : 8127 212106 139964 8137 8120 139979 
6 : 37449 212116 212110 37456 37451 234414 
6 : 212112 212109 199964 233493 199968 199966 
6 : 212114 212111 212113 244405 251204 244403 
6 : 209758 212124 125827 209769 125826 125842 
6 : 51025 79154 78631 51018 51017 78616 
6 : 59556 212131 207128 59561 59555 207136 
6 : 212181 115665 212178 115674 237507 115670 
6 : 212186 185459 210287 185465 210294 185458 
6 : 212200 109252 212198 109257 228117 109256 
6 : 212203 62240 212202 62249 247462 62247 
6 : 150022 212209 151200 150024 150010 151203 
6 : 212255 100071 212254 100074 221797 100073 
6 : 143156 212264 212265 143163 143164 258325 
6 : 212262 212266 162277 248399 162287 162290 
6 : 212263 168262 14804 168268 14815 14797 
6 : 199625 212267 212271 199626 199632 218891 
6 : 193603 212278 186141 193606 186138 186146 
6 : 212281 212284 56964 256878 56970 56972 
6 : 33917 95102 63562 33911 33908 63553 
6 : 212334 212327 212336 245615 261589 245618 
6 : 64482 212399 197951 64485 64480 197956 
6 : 106561 188421 212402 106556 106566 188430 
6 : 201541 212398 135715 201546 135710 135720 
6 : 212401 9684 210884 9694 210893 9683 
6 : 80960 184026 212480 80957 80970 184046 
6 : 193846 107695 162200 107691 162195 107685 
6 : 212484 107242 126397 107252 126410 107227 
6 : 43776 100589 212487 43770 43778 100591 
6 : 211514 68956 212566 68955 211520 68966 
6 : 211886 171185 162881 171184 162880 162873 
6 : 212563 119540 212561 119547 213170 119541 
6 : 33771 204097 169790 33770 33766 169789 
6 : 212628 2257 23393 2265 23405 2239 
6 : 165753 174291 43470 165746 43461 43464 
6 : 134871 212661 115378 134886 115370 115401 
6 : 212653 212655 212656 215112 215114 239724 
6 : 212700 212705 202264 220432 202267 202277 
6 : 36582 212708 212711 36587 36595 245351 
6 : 160656 8563 212713 8554 160664 8574 
6 : 212716 212718 143487 251194 143493 143502 
6 : 13961 141816 212726 13953 13966 141827 
6 : 212771 212773 49244 214200 49245 49250 
6 : 212775 212778 212776 243353 243346 259266 
6 : 212783 212779 187981 217523 187993 187983 
6 : 93471 212795 212789 93485 93476 242148 
6 : 212852 212849 212847 234645 231037 231035 
6 : 17521 212857 209005 17527 17520 209010 
6 : 212870 133720 161290 133732 161306 133712 
6 : 75663 48862 202835 48847 75661 48860 
6 : 212873 212871 144708 217925 144712 144710 
6 : 53790 130194 212886 53783 53791 130196 
6 : 158774 212919 144207 158785 144199 144225 
6 : 183718 12953 19756 12950 19750 12933 
6 : 185075 212922 193683 185078 185074 193685 
6 : 212926 212927 69606 260426 69615 69616 
6 : 213057 162974 213052 162988 231710 162976 
6 : 11912 47349 213058 11904 11913 47350 
6 : 213059 213064 213061 246513 246509 249482 
6 : 52345 139941 213079 52335 52351 139951 
6 : 18979 213120 78812 18983 18970 78816 
6 : 213126 159308 213125 159315 215062 159309 
6 : 191806 96819 110052 96816 110050 96804 
6 : 213141 137658 213135 137672 237194 137660 
6 : 204277 164817 213186 164814 204285 164838 
6 : 161263 213199 213202 161267 161278 254496 
6 : 176717 103885 213197 103882 176720 103890 
6 : 213204 73661 65106 73666 65113 65089 
6 : 213212 103360 213220 103370 254748 103377 
6 : 204487 213238 213243 204490 204493 227622 
6 : 19694 213253 134341 19707 19690 134360 
6 : 71208 213254 213252 71218 71216 265200 
6 : 213249 211897 210439 211906 210445 210438 
6 : 205976 213255 91576 205978 91572 91578 
6 : 131680 191723 19316 131676 19305 19313 
6 : 213321 213323 213324 217101 217105 228659 
6 : 213333 84498 213327 84506 213874 84499 
6 : 73920 213344 213346 73930 73931 264559 
6 : 213352 115586 213351 115591 239732 115590 
6 : 153436 140338 213406 140333 153438 140344 
6 : 213408 213411 213407 250051 244499 244503 
6 : 213416 213415 58777 237646 58787 58783 
6 : 83577 213466 213469 83584 83587 240969 
6 : 145546 152207 213463 145540 145547 152209 
6 : 57004 178156 213472 57001 57006 178159 
6 : 213480 213473 213482 231232 263327 231233 
6 : 213483 90376 110818 90378 110821 90369 
6 : 157516 103753 53102 103747 53093 53087 
6 : 14904 56806 82213 14889 14892 56793 
6 : 213570 131172 40654 131192 40670 40643 
6 : 65990 156925 213602 65983 65997 156939 
6 : 164907 213611 213613 164914 164915 253431 
6 : 182548 66605 213621 66598 182550 66607 
6 : 213630 204667 178272 204679 178291 178268 
6 : 213631 111420 213625 111436 261308 111429 
6 : 213683 213681 213684 242625 254360 242627 
6 : 213688 145011 213680 145024 234976 145014 
6 : 190063 170178 213693 170174 190067 170185 
6 : 213690 213695 213692 235415 235411 244231 
6 : 10954 79686 120302 10939 10943 79677 
6 : 194704 143998 213721 143997 194711 144002 
6 : 48652 117388 82090 48644 48642 82080 
6 : 213756 172211 213755 172218 230092 172213 
6 : 213768 213763 213765 244462 250955 244458 
6 : 63914 213777 88588 63921 63910 88601 
6 : 213774 74235 213770 74242 216632 74236 
6 : 136030 130383 213782 130375 136035 130388 
6 : 176925 6235 213827 6228 176927 6239 
6 : 213836 213826 183145 219423 183160 183147 
6 : 193731 81063 213846 81059 193746 81080 
6 : 213895 98540 6770 98542 6776 6754 
6 : 141858 213905 177335 141866 141854 177347 
6 : 191092 48283 213903 48281 191101 48294 
6 : 213907 213910 195174 246920 195182 195193 
6 : 213909 65169 20239 65176 20252 20223 
6 : 52751 213919 209426 52762 52749 209437 
6 : 149283 213957 213962 149288 149292 253615 
6 : 213961 213960 178038 262053 178056 178053 
6 : 213969 213966 213973 240166 244920 240171 
6 : 156696 165371 213980 156691 156698 165376 
6 : 162923 69036 213983 69030 162932 69049 
6 : 137075 213991 213989 137081 137079 234247 
6 : 174075 81275 207216 81269 174074 81273 
6 : 214054 95766 214048 95778 222019 95770 
6 : 146720 214117 214121 146721 146728 216165 
6 : 214118 214119 211651 217236 211655 211664 
6 : 214126 214127 214131 252146 252151 254516 
6 : 214129 214128 189986 256041 190002 189999 
6 : 214130 214124 214132 230079 263516 230080 
6 : 214135 20905 110177 20907 110180 20899 
6 : 214139 23256 205357 23265 205370 23254 
6 : 214198 150761 214197 150772 262336 150770 
6 : 133357 175050 214206 133353 133363 175059 
6 : 151560 118808 33455 118802 33446 33441 
6 : 166528 193409 214228 166526 166537 193413 
6 : 138053 127229 132593 127221 132588 127220 
6 : 214283 214288 179549 237677 179556 179566 
6 : 23019 214317 167050 23029 23017 167059 
6 : 214320 214327 158943 236261 158952 158962 
6 : 214326 214322 74919 240218 74932 74926 
6 : 123390 133048 214332 123379 123394 133053 
6 : 214384 17765 214383 17777 263464 17776 
6 : 6613 73130 214390 6597 6617 73135 
6 : 214395 214387 214394 226492 261399 226491 
6 : 151274 214400 101674 151277 101664 101677 
6 : 127927 200812 16727 127926 16717 16725 
6 : 159272 97287 182046 97280 159264 97282 
6 : 214452 130670 51789 130676 51793 51775 
6 : 12130 103964 73131 12124 12121 73117 
6 : 214533 137466 214532 137473 218316 137467 
6 : 214605 200461 109424 200467 109433 109422 
6 : 68649 86391 214681 68633 68657 86402 
6 : 119727 75380 200026 75371 119723 75376 
6 : 214686 103135 121257 103141 121261 103125 
6 : 153578 214357 177677 153577 153570 177676 
6 : 37604 214543 214741 37603 37606 214552 
6 : 178113 214759 208823 178115 178111 208833 
6 : 214758 214761 135423 245429 135429 135432 
6 : 14769 214773 148161 14780 14760 148175 
6 : 214818 33569 153028 33579 153034 33563 
6 : 71087 162042 20532 71083 20516 20527 
6 : 214863 84825 178332 84830 178337 84818 
6 : 214864 140003 128302 140008 128309 128291 
6 : 214865 214866 40931 256806 40941 40943 
6 : 25779 128058 214875 25770 25784 128066 
6 : 214876 127729 172329 127740 172339 127722 
6 : 214896 181379 104273 181383 104281 104265 
6 : 214959 17919 214958 17931 259654 17930 
6 : 169685 202799 118917 169681 118911 118915 
6 : 215011 185177 215013 185180 247134 185185 
6 : 122521 202836 16728 122519 16716 16726 
6 : 215023 215018 161724 232390 161740 161729 
6 : 215028 215035 205890 241260 205894 205904 
6 : 215086 78490 215092 78494 228289 78500 
6 : 215089 215085 14220 221754 14233 14224 
6 : 215106 87769 215100 87785 253098 87778 
6 : 100837 215155 215154 100845 100843 254978 
6 : 215158 108926 91834 108938 91845 91818 
6 : 194862 96381 189009 96376 189005 96375 
6 : 139172 14806 119686 14792 119675 14790 
6 : 145749 215170 215166 145753 145750 219113 
6 : 154594 215239 215237 154603 154600 245775 
6 : 181589 200091 215240 181588 181599 200099 
6 : 215243 215242 53445 220965 53452 53448 
6 : 131947 213156 215320 131945 131957 213163 
6 : 215325 215327 116675 260891 116688 116691 
6 : 215372 215379 215378 237634 237633 262717 
6 : 215380 23330 215382 23336 245653 23340 
6 : 7120 205988 215391 7118 7126 205994 
6 : 151156 114848 215442 114840 151160 114851 
6 : 119142 122104 172860 119135 119139 122096 
6 : 128626 205726 215513 128625 128632 205732 
6 : 138808 203819 122120 138806 122112 122117 
6 : 215537 134397 215536 134401 227555 134400 
6 : 215539 215544 215542 238103 238100 259249 
6 : 10270 215578 215582 10273 10279 233773 
6 : 25194 104014 180713 25183 25188 104008 
6 : 99823 138346 215590 99816 99835 138359 
6 : 215606 43988 35029 43993 35036 35018 
6 : 215612 215607 106380 253111 106399 106391 
6 : 175913 215645 197969 175924 175911 197981 
6 : 215644 36732 29590 36738 29595 29573 
6 : 47511 68927 205417 47493 47510 68925 
6 : 215702 170886 215705 170890 226736 170899 
6 : 154258 138755 215714 138748 154268 138767 
6 : 215747 215740 99115 256060 99130 99124 
6 : 36706 185022 47715 36700 36692 47711 
6 : 42131 189616 175891 42129 42128 175888 
6 : 42517 209710 150805 42515 42510 150803 
6 : 74678 149612 215778 74670 74682 149620 
6 : 204945 215784 6236 204948 6231 6242 
6 : 215790 135206 54180 135209 54181 54169 
6 : 50577 215857 169615 50584 50573 169626 
6 : 215853 215858 215860 219723 219727 265236 
6 : 139481 196299 215879 139479 139483 196300 
6 : 215887 215884 129102 257064 129118 129112 
6 : 10245 215919 55555 10252 10237 55568 
6 : 215915 215917 215916 248127 248126 250575 
6 : 201789 215933 21423 201790 21417 21425 
6 : 215949 10018 43919 10039 43937 10001 
6 : 215979 131273 215985 131274 221806 131289 
6 : 11965 82790 215994 11954 11973 82802 
6 : 215988 215995 215996 228586 228587 265230 
6 : 215992 211945 141817 211949 141828 141815 
6 : 216034 32639 216037 32650 260998 32652 
6 : 147706 216063 216064 147713 147714 256727 
6 : 133049 199739 58626 133046 58617 58625 
6 : 184418 216141 33526 184422 33518 33533 
6 : 105886 58435 216144 58420 105887 58436 
6 : 122486 214831 92478 122485 92466 92477 
6 : 178980 210960 44803 178978 44791 44801 
6 : 195706 18951 216145 18947 195708 18952 
6 : 69696 216159 14221 69699 14206 14226 
6 : 150578 216183 57939 150589 57932 57954 
6 : 216205 176451 216201 176462 235084 176455 
6 : 8191 39756 149755 8184 8186 39750 
6 : 216212 60751 138756 60762 138771 60739 
6 : 56133 189311 216214 56129 56137 189314 
6 : 169665 210821 62482 169661 62475 62478 
6 : 157711 169616 86056 157709 86047 86050 
6 : 216292 119895 63145 119901 63152 63131 
6 : 166775 111120 206749 111114 166774 111118 
6 : 142386 110635 155844 110626 142381 110627 
6 : 216351 216349 216350 253292 257916 253291 
6 : 179700 216364 205829 179707 179699 205843 
6 : 216365 216367 6125 255789 6138 6145 
6 : 104865 100342 216432 100332 104871 100354 
6 : 216429 93740 203027 93745 203031 93736 
6 : 216433 216427 167052 239630 167063 167055 
6 : 95720 216436 117647 95725 95708 117652 
6 : 111487 209618 216441 111485 111495 209631 
6 : 107307 206642 216455 107305 107317 206652 
6 : 216499 84391 216498 84405 252405 84399 
6 : 128896 216505 105661 128899 105654 105666 
6 : 216509 55937 216506 55951 249935 55942 
6 : 216524 216521 117544 258141 117557 117554 
6 : 126327 215758 216580 126326 126334 215763 
6 : 82267 216586 16367 82270 16353 16370 
6 : 143434 21243 194442 21234 143431 21238 
6 : 216592 216593 172705 265262 172719 172720 
6 : 158102 216599 216594 158115 158106 239978 
6 : 175241 104223 91410 104221 91407 91400 
6 : 178880 179874 174184 178876 174178 174179 
6 : 216597 216598 27431 255232 27438 27440 
6 : 216603 216602 216605 238585 251292 238590 
6 : 107968 216653 216655 107980 107986 264230 
6 : 216649 216654 136483 251999 136496 136505 
6 : 216651 86448 216648 86457 241811 86450 
6 : 166907 17290 25933 17282 25926 17270 
6 : 69270 101987 216671 69264 69272 101990 
6 : 149066 74994 216670 74992 149068 74997 
6 : 216672 216665 29848 220960 29857 29849 
6 : 97006 79018 216679 79009 97007 79021 
6 : 37646 83606 216696 37635 37659 83617 
6 : 196212 216716 216715 196221 196218 251525 
6 : 216725 73197 216719 73201 223575 73198 
6 : 216782 193036 164245 193046 164260 164244 
6 : 202442 121492 216788 121487 202451 121501 
6 : 216786 216789 114652 235406 114658 114664 
6 : 147800 169083 118355 147794 118352 118354 
6 : 216850 216849 65706 261659 65721 65718 
6 : 45461 90888 201761 45453 45459 90884 
6 : 181333 46297 160778 46295 160775 46292 
6 : 183698 1551 214246 1545 183697 1550 
6 : 216912 211793 179057 211794 179058 179055 
6 : 113733 3564 194032 3553 113731 3560 
6 : 134031 216921 216925 134033 134038 233327 
6 : 204772 49658 134199 49654 134197 49646 
6 : 216933 216935 216938 251967 251970 255743 
6 : 213898 174561 106235 174560 106234 106227 
6 : 216949 216962 216948 219045 217667 217688 
6 : 149329 193545 128192 149321 128179 128186 
6 : 209549 83947 184008 83942 184006 83939 
6 : 57331 204085 118012 57329 57314 118010 
6 : 149398 37762 51682 37756 51670 37745 
6 : 217000 178546 216998 178554 250217 178550 
6 : 44301 207054 65855 44299 44288 65854 
6 : 217041 85068 217039 85077 239780 85072 
6 : 217060 200416 4870 200426 4879 4866 
6 : 217112 217114 191270 229866 191272 191275 
6 : 217116 161093 217113 161098 239736 161094 
6 : 217117 217119 80028 246504 80032 80036 
6 : 138438 138651 97860 138430 97851 97852 
6 : 123202 43141 197161 43132 123200 43137 
6 : 161970 217167 217166 161976 161975 241136 
6 : 217168 207469 157734 207476 157740 157731 
6 : 217170 165098 101400 165108 101411 101392 
6 : 63392 217176 172421 63399 63389 172427 
6 : 177639 178547 41850 177634 41841 41842 
6 : 7381 217219 217220 7391 7392 264935 
6 : 116462 106687 79860 106670 79847 79843 
6 : 150640 180775 217222 150636 150643 180776 
6 : 18373 217275 10797 18378 10775 10803 
6 : 38971 210788 170647 38968 38963 170645 
6 : 169100 156228 217279 156221 169101 156229 
6 : 28388 217293 173821 28397 28387 173835 
6 : 67765 47103 217289 47094 67774 47117 
6 : 217294 124500 217292 124517 261096 124513 
6 : 79530 2645 217344 2633 79535 2660 
6 : 110970 217341 150901 110971 110967 150902 
6 : 217342 26787 217345 26792 240142 26800 
6 : 190146 55320 217361 55316 190151 55326 
6 : 127949 217422 217413 127963 127950 229802 
6 : 217431 117893 217429 117903 262499 117902 
6 : 109779 210071 195086 109778 109775 195085 
6 : 173786 217440 208015 173796 173784 208024 
6 : 217443 217454 101798 222392 101800 101814 
6 : 217452 38890 82215 38901 82228 38874 
6 : 134144 165883 198048 134137 134139 165876 
6 : 217481 217484 217482 226943 226937 238071 
6 : 217483 128981 16205 128990 16220 16197 
6 : 162123 186984 217494 162120 162132 186994 
6 : 217491 149468 212232 149476 212246 149467 
6 : 217500 83607 120017 83610 120020 83592 
6 : 217502 35086 121585 35094 121593 35076 
6 : 126040 217540 211967 126042 126039 211968 
6 : 217538 107356 217541 107358 224429 107363 
6 : 217544 166593 109182 166604 109197 109174 
6 : 82180 197492 217619 82179 82189 197499 
6 : 21581 106580 82341 21571 21568 82330 
6 : 42485 217711 171569 42493 42483 171585 
6 : 217709 170138 217708 170141 224376 170139 
6 : 82441 217749 165976 82448 82435 165979 
6 : 217776 217771 12824 221112 12843 12825 
6 : 138616 120615 82464 120607 82457 82456 
6 : 182475 217791 65229 182479 65227 65232 
6 : 109183 160164 202406 109173 109179 160159 
6 : 110887 99206 131650 99190 110877 99193 
6 : 141409 202883 117185 141408 117175 117184 
6 : 217841 217842 166943 253959 166956 166958 
6 : 217908 217910 217909 260684 260683 261475 
6 : 217913 217922 112021 237678 112023 112031 
6 : 134145 200583 216628 134140 134143 200581 
6 : 199317 188042 217978 188036 199327 188046 
6 : 216379 10956 217981 10955 216392 10965 
6 : 48335 217990 217988 48341 48340 263101 
6 : 18011 5030 217997 5014 18017 5037 
6 : 217993 100759 217994 100761 221718 100762 
6 : 120711 33285 218041 33277 120717 33291 
6 : 125434 146722 218046 125425 125443 146732 
6 : 218044 88690 211656 88703 211672 88689 
6 : 170981 112182 218048 112176 170982 112183 
6 : 218054 218055 207346 265069 207359 207360 
6 : 97490 113535 218123 97482 97493 113538 
6 : 201389 218129 218124 201400 201392 231350 
6 : 180830 218137 195542 180835 180829 195553 
6 : 218133 218139 131046 228239 131048 131061 
6 : 218207 218209 216249 238870 216253 216263 
6 : 218211 218216 206080 224768 206081 206090 
6 : 64647 10640 170057 10616 64640 10629 
6 : 218264 114894 218272 114898 235368 114911 
6 : 218269 16694 218266 16706 252120 16699 
6 : 218273 218268 182825 257709 182846 182837 
6 : 107812 25110 172966 25104 107807 25107 
6 : 193282 6450 207276 6446 193280 6449 
6 : 218327 156888 218326 156890 236217 156889 
6 : 13046 217296 218334 13044 13051 217304 
6 : 53345 218333 28476 53356 28457 28486 
6 : 218335 184329 218332 184337 224781 184330 
6 : 131419 218380 71389 131433 71374 71403 
6 : 203892 218382 22501 203893 22500 22503 
6 : 218400 218399 218398 262700 255156 255155 
6 : 117780 171290 138113 117770 117768 138109 
6 : 218453 92620 145706 92633 145720 92613 
6 : 161177 211333 76831 161175 76824 76829 
6 : 8853 122373 218513 8847 8862 122388 
6 : 177843 218506 218512 177846 177853 235683 
6 : 78098 10730 170058 10716 78093 10725 
6 : 218262 46090 218524 46089 218271 46102 
6 : 218523 59192 218522 59205 257705 59203 
6 : 171186 120744 132971 120737 132963 120729 
6 : 218590 158919 152048 158927 152054 152040 
6 : 218592 53325 68958 53332 68970 53307 
6 : 183813 106015 218595 106010 183818 106020 
6 : 218598 107450 157138 107464 157152 107441 
6 : 158829 218605 218607 158842 158843 262755 
6 : 192292 194881 78814 192289 78806 78808 
6 : 218657 218655 44222 259749 44235 44232 
6 : 95025 782 20564 770 20550 766 
6 : 192038 218670 218669 192040 192039 221420 
6 : 81787 122051 173629 81776 81782 122044 
6 : 218726 116279 218724 116294 241855 116287 
6 : 218729 187386 214100 187390 214102 187385 
6 : 209760 218743 218747 209768 209770 248688 
6 : 218801 95153 218797 95168 251137 95159 
6 : 77347 218807 218804 77352 77350 242292 
6 : 218806 218802 163054 226488 163062 163056 
6 : 72526 64681 192825 64661 72524 64675 
6 : 218859 149157 141774 149163 141787 141768 
6 : 218862 218869 52659 247483 52668 52679 
6 : 192970 217853 15772 192969 15764 15771 
6 : 128836 173533 218886 128834 128845 173543 
6 : 57870 218895 218897 57879 57883 256108 
6 : 21478 190615 141494 21471 21468 141486 
6 : 88538 218009 218928 88537 88544 218016 
6 : 218930 218936 218934 231953 231948 253202 
6 : 218961 218955 75957 247491 75975 75964 
6 : 219004 185023 86026 185031 86036 86021 
6 : 168356 88568 219013 88557 168362 88576 
6 : 2095 173590 190011 2091 2092 173587 
6 : 186545 205683 219019 186544 186557 205696 
6 : 139257 177571 181873 139251 139252 177566 
6 : 219069 43606 219064 43617 230771 43609 
6 : 128837 219075 43607 128840 43590 43613 
6 : 181874 219076 127267 181879 127259 127279 
6 : 218878 219077 107843 218885 107842 107855 
6 : 10957 219088 210032 10964 10953 210042 
6 : 199318 30576 219085 30572 199326 30586 
6 : 219082 70740 120306 70744 120307 70727 
6 : 188341 219126 120745 188348 120738 120750 
6 : 219123 151563 219122 151568 238820 151565 
6 : 208851 180873 219142 180870 208861 180883 
6 : 176597 219187 219186 176606 176600 253392 
6 : 197315 84422 175186 84416 175180 84413 
6 : 219313 128436 67338 128449 67352 67327 
6 : 186585 120283 106153 120277 106150 106144 
6 : 219319 136649 198587 136650 198589 136645 
6 : 197608 136214 156054 136212 156048 136210 
6 : 219372 117963 219370 117974 262393 117972 
6 : 127655 219373 61726 127660 61716 61729 
6 : 219375 32256 188993 32263 189003 32253 
6 : 126304 43309 219398 43300 126316 43321 
6 : 219426 219430 103755 224939 103758 103768 
6 : 219438 19152 17920 19160 17927 17903 
6 : 45047 219499 134810 45049 45036 134818 
6 : 72979 92886 195348 72966 72976 92881 
6 : 219553 219554 109496 235558 109498 109504 
6 : 219556 55385 219551 55388 228523 55386 
6 : 219558 152208 171570 152224 171590 152205 
6 : 219564 180419 14222 180432 14246 14212 
6 : 219568 219565 95419 230134 95422 95421 
6 : 127247 191807 46657 127244 46646 46652 
6 : 138452 79581 219709 79572 138462 79591 
6 : 139044 424 198670 420 139041 423 
6 : 52579 219711 111289 52580 52571 111290 
6 : 134767 219712 152339 134768 134763 152342 
6 : 219729 219736 195980 231400 195982 195990 
6 : 219735 15730 219728 15744 223189 15732 
6 : 208225 219769 1083 208229 1082 1088 
6 : 219768 219772 7822 223966 7823 7831 
6 : 165958 150961 219795 150954 165964 150965 
6 : 112239 219832 203997 112245 112237 204009 
6 : 219840 219838 84148 264178 84164 84158 
6 : 89079 140824 219841 89069 89081 140825 
6 : 219852 204610 215821 204612 215823 204609 
6 : 110342 28337 214928 28324 110340 28336 
6 : 219905 219904 219899 262661 226200 226198 
6 : 153907 219911 219910 153919 153918 248828 
6 : 219912 185024 205684 185032 205694 185020 
6 : 92920 71136 101109 71124 92913 71126 
6 : 219923 219918 219928 229489 255545 229492 
6 : 219933 37784 201404 37795 201411 37783 
6 : 219952 219960 219959 255466 255465 264091 
6 : 156141 42785 58295 42776 58282 42768 
6 : 219982 219985 177881 230259 177883 177898 
6 : 219984 219983 192826 255396 192839 192833 
6 : 175608 79885 220001 79878 175619 79895 
6 : 183069 219995 219997 183072 183079 230604 
6 : 197023 175864 122192 175860 122189 122186 
6 : 219996 150169 135937 150178 135943 135929 
6 : 220017 5930 136484 5941 136504 5920 
6 : 14392 220040 220038 14394 14393 222347 
6 : 71805 220041 220043 71812 71818 237204 
6 : 220044 220047 220045 260234 260231 262461 
6 : 220118 220117 139231 259862 139243 139242 
6 : 220133 220128 166944 243948 166960 166950 
6 : 189213 8938 22207 8934 22201 8922 
6 : 220178 100478 220181 100479 228960 100485 
6 : 220180 185550 103506 185555 103513 103502 
6 : 203076 220190 220187 203086 203083 253189 
6 : 202800 220211 220209 202813 202809 263253 
6 : 54298 220226 46535 54302 46517 46544 
6 : 150002 123224 220227 123216 150009 123233 
6 : 220224 220225 200239 221130 200240 200243 
6 : 197563 153601 220231 153597 197572 153610 
6 : 106131 192222 175007 106126 106124 175001 
6 : 154072 154423 220246 154069 154083 154433 
6 : 220285 218288 220288 218299 255720 218307 
6 : 220286 7566 220287 7578 257345 7580 
6 : 86957 170366 69775 86951 69759 69767 
6 : 220292 220291 220294 228736 238046 228740 
6 : 59531 220302 111694 59542 59521 111707 
6 : 158614 220347 220349 158619 158623 228660 
6 : 188726 220353 220363 188729 188741 229297 
6 : 220354 220362 220356 240320 240313 255839 
6 : 220370 220372 220365 249670 227078 227081 
6 : 88237 215868 220431 88236 88244 215873 
6 : 207507 220441 213735 207513 207505 213749 
6 : 134564 157924 201816 134559 134562 157919 
6 : 220491 220494 52376 248984 52383 52389 
6 : 59506 220502 82596 59514 59494 82610 
6 : 220499 148793 220501 148803 261209 148806 
6 : 90583 45659 132519 45651 90576 45653 
6 : 220511 100936 20375 100943 20386 20362 
6 : 63644 18638 220555 18632 63646 18640 
6 : 10100 186142 204166 10095 10098 186140 
6 : 11778 56965 210289 11763 11777 56963 
6 : 220560 220565 34444 231389 34447 34451 
6 : 220561 148432 191673 148433 191675 148425 
6 : 62929 120535 20240 62922 20222 20228 
6 : 158615 220612 220611 158621 158620 232918 
6 : 198084 98209 220617 98207 198093 98218 
6 : 99483 217668 220620 99481 99487 217674 
6 : 76671 220623 220626 76673 76676 224488 
6 : 220624 116280 184924 116283 184927 116274 
6 : 220632 220638 220631 256531 249304 249312 
6 : 66302 114118 220651 66295 66306 114121 
6 : 79942 217379 142967 79940 79937 142965 
6 : 220680 83209 220682 83210 228049 83213 
6 : 119829 176941 205892 119826 119827 176938 
6 : 216150 78226 88307 78225 88306 78206 
6 : 220753 194249 33039 194260 33051 33031 
6 : 220757 220752 121259 250496 121275 121268 
6 : 150842 56248 66494 56240 66485 56235 
6 : 7168 215107 24469 7166 7157 24468 
6 : 141432 14011 131083 14001 131072 13998 
6 : 192952 183379 220812 183378 192961 183387 
6 : 220807 118682 220815 118685 222757 118697 
6 : 220859 220865 220857 251711 245101 245110 
6 : 220867 220876 201509 231156 201512 201525 
6 : 220899 33772 220896 33781 250410 33779 
6 : 94035 220931 175892 94038 94031 175895 
6 : 167106 177419 220933 167100 167111 177427 
6 : 183814 126423 53377 126418 53370 53367 
6 : 203043 220934 220938 203045 203054 228361 
6 : 220993 220996 220989 264250 238953 238956 
6 : 63315 196400 190864 63312 63310 190859 
6 : 195046 220999 44805 195054 44796 44822 
6 : 110279 200546 221010 110277 110286 200556 
6 : 221047 65075 221046 65079 228735 65077 
6 : 221063 69697 221072 69701 236763 69705 
6 : 6205 179164 28639 6200 6191 28636 
6 : 221128 202424 221119 202438 221483 202425 
6 : 35388 221187 192617 35396 35386 192630 
6 : 221182 66353 221186 66356 230353 66361 
6 : 221188 221184 218964 244543 218975 218969 
6 : 141300 4638 167576 4628 141295 4632 
6 : 221199 3681 17174 3686 17181 3664 
6 : 221204 111291 186296 111298 186308 111286 
6 : 207784 221254 195179 207790 195171 195181 
6 : 221261 42289 168778 42298 168788 42284 
6 : 91366 167577 221267 91358 91370 167579 
6 : 107914 47567 102637 47553 102621 47551 
6 : 221327 221326 221323 257107 252654 252653 
6 : 166670 221340 221338 166687 166681 263986 
6 : 5156 13877 221369 5144 5157 13880 
6 : 221371 221376 208580 248019 208585 208598 
6 : 221375 55829 168738 55838 168746 55821 
6 : 45179 221381 221377 45189 45184 244530 
6 : 9411 69317 170367 9395 9404 69309 
6 : 221433 221434 221435 262602 262604 263078 
6 : 177363 221449 221439 177378 177368 239834 
6 : 221436 221444 70992 227283 70995 71006 
6 : 221447 221443 221441 256046 247305 247296 
6 : 32641 221514 221508 32651 32646 251398 
6 : 221505 221515 12302 242621 12306 12318 
6 : 221513 221512 73588 260996 73602 73601 
6 : 82041 221562 89487 82048 82026 89496 
6 : 60805 221574 221576 60806 60807 229330 
6 : 221591 189374 217127 189394 217143 189373 
6 : 214602 221694 214698 214603 214599 214701 
6 : 221697 89463 110526 89471 110534 89451 
6 : 221700 137891 32350 137907 32364 32337 
6 : 184075 53346 193934 53340 184072 53341 
6 : 221709 221714 221712 258082 258078 262259 
6 : 112382 153477 204361 112374 112381 153474 
6 : 136215 221772 75407 136220 75397 75415 
6 : 205608 221770 30675 205609 30673 30677 
6 : 221771 168520 221773 168524 245792 168531 
6 : 150831 53208 209573 53200 150830 53207 
6 : 160240 221824 221823 160242 160241 238890 
6 : 10272 145803 221832 10263 10274 145808 
6 : 25898 208971 221837 25895 25910 208986 
6 : 221838 221842 185437 236045 185441 185449 
6 : 183367 22465 186497 22459 183363 22460 
6 : 212685 192644 87929 192642 87927 87922 
6 : 119956 215060 221898 119955 119967 215071 
6 : 176047 221950 221954 176053 176059 241599 
6 : 221957 221955 221951 259238 251047 251041 
6 : 221963 221965 221961 243877 235691 235695 
6 : 74459 222032 222026 74467 74460 230144 
6 : 149851 181048 45698 149846 45689 45691 
6 : 142388 178748 71390 142382 71375 71381 
6 : 154519 222037 112783 154523 112773 112788 
6 : 5931 222049 19939 5936 5913 19951 
6 : 171051 91699 222045 91694 171058 91704 
6 : 222046 222042 222044 234713 241800 234711 
6 : 191486 222090 222084 191494 191487 227688 
6 : 222087 222085 197327 231904 197332 197331 
6 : 222097 222095 65045 255320 65055 65052 
6 : 61860 217561 134283 61859 61849 134281 
6 : 222107 222104 222101 251725 235082 235079 
6 : 54744 75051 222110 54735 54749 75056 
6 : 222158 222152 222157 228079 257068 228075 
6 : 178997 222162 222166 179004 179007 253108 
6 : 222170 222176 222173 229659 229651 236237 
6 : 166164 187937 182826 166160 166159 182821 
6 : 222230 222234 9973 250241 9982 9990 
6 : 222261 140708 45699 140711 45701 45686 
6 : 75052 218078 143285 75050 75044 143283 
6 : 202590 4969 63115 4967 63112 4952 
6 : 217923 21135 193260 21134 193259 21131 
6 : 219211 179860 201280 179858 201279 179854 
6 : 222365 207906 50216 207910 50224 50213 
6 : 22466 221470 161875 22464 22457 161874 
6 : 163525 222377 142556 163529 142549 142560 
6 : 68372 192106 216093 68365 68370 192105 
6 : 222424 153342 222425 153343 224587 153348 
6 : 222429 222428 128304 241501 128314 128310 
6 : 198457 85829 222440 85826 198462 85838 
6 : 124102 222443 222456 124103 124116 225697 
6 : 222462 177420 98430 177424 98434 98425 
6 : 86766 4838 61609 4820 61591 4819 
6 : 94343 143894 222486 94335 94351 143901 
6 : 222485 217191 210751 217195 210753 210749 
6 : 101197 222507 85765 101200 85747 85772 
6 : 168929 222510 123275 168937 123266 123289 
6 : 160333 222555 15258 160339 15253 15266 
6 : 222557 222553 222556 238547 249761 238544 
6 : 25323 210822 222560 25321 25327 210825 
6 : 208711 147885 104274 147881 104270 104262 
6 : 222561 181380 62483 181382 62487 62476 
6 : 222569 222571 222572 239954 239955 252554 
6 : 76589 222628 123961 76593 76580 123962 
6 : 93473 222630 153715 93483 93463 153728 
6 : 222629 212784 134875 212791 134880 134872 
6 : 119728 207601 165703 119725 119722 165700 
6 : 43799 222694 109427 43804 43792 109437 
6 : 222695 221543 203762 221559 203783 203761 
6 : 203699 222748 44072 203705 44066 44079 
6 : 214493 222751 222749 214504 214498 248235 
6 : 10857 32844 81171 10849 10851 32835 
6 : 222756 127050 222754 127058 241079 127054 
6 : 124081 167578 222764 124073 124085 167581 
6 : 222767 113029 214795 113040 214805 113028 
6 : 74961 222822 140596 74963 74955 140597 
6 : 202309 222825 32497 202311 32490 32502 
6 : 214466 222823 209473 214468 209470 209475 
6 : 222835 181766 95920 181777 95938 95913 
6 : 162847 160621 222871 160616 162849 160622 
6 : 222872 220688 66768 220689 66772 66766 
6 : 193227 222887 158948 193233 158937 158957 
6 : 222894 222899 222897 251300 251297 255768 
6 : 115313 222931 222932 115318 115320 251986 
6 : 19418 131736 222941 19410 19424 131747 
6 : 143851 101330 209372 101322 143849 101329 
6 : 222936 182982 222938 182987 241735 182992 
6 : 222946 77960 159958 77962 159963 77954 
6 : 213839 135543 222958 135539 213844 135549 
6 : 222953 222967 138114 229834 138117 138137 
6 : 223004 223009 178274 225722 178275 178282 
6 : 223069 68539 46826 68540 46829 46816 
6 : 165960 219814 151108 165959 151100 151107 
6 : 223081 30715 58629 30720 58640 30702 
6 : 146178 223098 223108 146179 146186 224355 
6 : 223118 172231 193687 172235 193689 172227 
6 : 170951 223129 69095 170961 69089 69109 
6 : 222248 196056 116677 196055 116676 116671 
6 : 223130 223136 74782 223319 74783 74792 
6 : 223135 187938 108429 187945 108436 108424 
6 : 223163 202248 223157 202262 243561 202250 
6 : 223197 54380 148043 54390 148058 54371 
6 : 203968 223202 223207 203971 203974 244729 
6 : 120284 6773 129219 6756 120269 6758 
6 : 110862 223280 223279 110868 110865 237438 
6 : 171052 223281 223285 171061 171064 248232 
6 : 223287 223286 44073 256254 44084 44083 
6 : 223328 223330 4236 249637 4240 4242 
6 : 163724 89080 194172 89071 163719 89073 
6 : 223339 223343 122686 229162 122687 122692 
6 : 223342 173593 205686 173602 205692 173589 
6 : 223384 97712 92653 97716 92658 92636 
6 : 223386 219689 93929 219704 93943 93927 
6 : 15840 84966 103391 15827 15831 84953 
6 : 223394 223403 87260 223673 87262 87269 
6 : 223399 191833 9974 191839 9980 9970 
6 : 201312 223455 223458 201314 201323 226879 
6 : 75017 223462 163080 75022 75011 163084 
6 : 223460 11260 55711 11261 55713 11244 
6 : 178436 223476 91038 178444 91030 91055 
6 : 201744 223472 51092 201752 51090 51101 
6 : 28887 223596 223593 28902 28892 248709 
6 : 157404 223592 223590 157409 157406 232231 
6 : 223591 205745 30163 205752 30166 30159 
6 : 205675 159286 223600 159283 205677 159294 
6 : 223597 133025 223598 133028 231777 133029 
6 : 29813 598 88958 576 29803 581 
6 : 4177 195076 124204 4173 4165 124201 
6 : 223658 38712 223657 38720 249752 38717 
6 : 80708 223664 142968 80713 80702 142977 
6 : 223671 219943 43885 219948 43889 43883 
6 : 5764 181344 180505 5756 5755 180496 
6 : 100957 223680 147726 100959 100950 147728 
6 : 139405 202518 182163 139400 139398 182158 
6 : 223682 49416 185890 49423 185894 49415 
6 : 223684 222188 164053 222196 164060 164052 
6 : 223706 163875 223710 163879 248589 163888 
6 : 99208 223714 196660 99213 99198 196663 
6 : 223712 141895 131653 141897 131656 131638 
6 : 14296 192309 223721 14290 14301 192317 
6 : 37314 168161 223726 37305 37330 168174 
6 : 210064 223729 20085 210066 20080 20090 
6 : 216865 222579 223727 216864 216868 222580 
6 : 223768 191032 223767 191042 253525 191041 
6 : 110379 223797 93272 110388 93260 93292 
6 : 190565 53539 203500 53527 190563 53534 
6 : 223839 223837 223836 248495 233383 233375 
6 : 166819 152867 223845 152863 166823 152872 
6 : 223848 223843 185037 228000 185049 185039 
6 : 223851 193527 149536 193531 149538 149531 
6 : 223892 223895 186498 238112 186500 186514 
6 : 216866 223901 20086 216875 20082 20097 
6 : 84476 145252 223912 84473 84484 145263 
6 : 223903 223904 208363 225362 208364 208365 
6 : 207751 223954 193156 207753 193152 193159 
6 : 223963 223962 63594 263639 63609 63608 
6 : 223969 223968 51922 257962 51939 51932 
6 : 208132 217746 150807 208130 150802 150806 
6 : 171821 165684 109284 165671 109276 109275 
6 : 25197 75512 146656 25181 25186 75506 
6 : 74697 224072 224076 74698 74699 224973 
6 : 224126 172759 204017 172767 204039 172753 
6 : 25430 224144 1048 25434 1032 1053 
6 : 192025 68223 224148 68221 192033 68231 
6 : 224146 13397 224145 13404 258686 13403 
6 : 138043 53237 178726 53230 138041 53234 
6 : 137964 161057 224214 137957 137973 161064 
6 : 145118 224230 224231 145127 145128 255822 
6 : 224241 224242 224249 253652 253659 258810 
6 : 78447 224266 224265 78451 78450 245252 
6 : 89945 103966 224267 89937 89948 103969 
6 : 224274 131812 224278 131813 225368 131821 
6 : 224275 68064 56836 68066 56838 56820 
6 : 224281 38745 224283 38751 253820 38755 
6 : 124725 142943 210581 124716 124722 142939 
6 : 12893 224331 224326 12906 12894 226651 
6 : 122423 102753 191760 102739 122416 102744 
6 : 152805 205329 152144 152803 152135 152143 
6 : 207300 126796 190339 126791 190334 126789 
6 : 215260 217455 183587 215259 183585 183586 
6 : 224397 67287 145143 67299 145154 67275 
6 : 173997 224410 103472 174007 103465 103488 
6 : 185109 17397 224409 17390 185120 17408 
6 : 222442 112410 224448 112409 222445 112413 
6 : 53864 65329 69377 53855 53856 65314 
6 : 190980 224451 117616 190986 117613 117623 
6 : 224452 49894 167588 49899 167593 49891 
6 : 224453 180112 116216 180123 116227 116212 
6 : 92986 224456 42426 92987 42416 42430 
6 : 224465 63416 224466 63421 243965 63422 
6 : 55831 179062 115056 55822 55815 115044 
6 : 223979 224502 85194 223984 85193 85198 
6 : 224518 224517 77717 265316 77736 77735 
6 : 224521 192382 207612 192383 207616 192376 
6 : 224565 2801 32015 2806 32020 2784 
6 : 224570 224571 224567 263110 254131 254135 
6 : 224573 107485 173165 107498 173180 107476 
6 : 208947 23522 224584 23517 208958 23532 
6 : 139913 83242 224626 83227 139917 83246 
6 : 224630 143669 224627 143674 245887 143672 
6 : 193699 181987 224638 181980 193712 181998 
6 : 224637 224633 24291 234958 24300 24293 
6 : 55048 224687 201119 55050 55045 201122 
6 : 23145 224695 165864 23149 23138 165870 
6 : 64319 224700 138349 64327 64314 138361 
6 : 99824 224697 139967 99825 99818 139968 
6 : 168851 135463 224707 135456 168856 135468 
6 : 185592 50803 138013 50797 138005 50792 
6 : 224746 224742 107697 242870 107710 107699 
6 : 224756 217445 224754 217448 244421 217447 
6 : 173733 224771 68677 173741 68671 68693 
6 : 224763 162607 170086 162609 170089 162600 
6 : 224804 91990 160283 91995 160294 91982 
6 : 194230 118838 224809 118830 194232 118844 
6 : 219495 135145 224811 135144 219505 135153 
6 : 224806 217016 205855 217017 205856 205851 
6 : 160222 173284 58296 160212 58285 58288 
6 : 207042 224837 212901 207043 207040 212902 
6 : 58998 224866 61892 58999 58984 61896 
6 : 154991 33803 76483 33795 76475 33788 
6 : 207785 224878 113753 207789 113748 113755 
6 : 201996 50030 224926 50025 202001 50033 
6 : 224924 217845 197408 217850 197416 197405 
6 : 210480 217456 165865 210479 165861 165863 
6 : 177313 29956 50376 29949 50369 29941 
6 : 184087 57905 225046 57898 184094 57915 
6 : 225050 136485 225044 136503 241816 136489 
6 : 225051 137544 225049 137564 264229 137560 
6 : 28888 225059 213512 28901 28884 213528 
6 : 225060 144900 63450 144903 63455 63438 
6 : 222504 120129 1517 120127 1515 1501 
6 : 225101 225099 123278 264448 123296 123292 
6 : 225106 225105 189801 248979 189814 189807 
6 : 216728 6894 113637 6892 113634 6866 
6 : 225154 138454 169875 138464 169890 138448 
6 : 81400 225160 225156 81408 81405 258038 
6 : 225169 225166 225167 252932 254901 252928 
6 : 221663 225192 119564 221671 119562 119576 
6 : 97363 225210 167428 97364 97359 167429 
6 : 196964 157227 1084 157224 1079 1073 
6 : 164002 112536 177051 112528 163994 112529 
6 : 225215 225217 133600 249630 133604 133614 
6 : 104331 87300 75438 87291 75427 75423 
6 : 225218 199514 208162 199516 208163 199513 
6 : 225223 73264 225224 73274 264386 73277 
6 : 188367 187130 133977 187126 133970 133969 
6 : 222594 16400 216041 16399 216038 16398 
6 : 225280 203471 225279 203478 252874 203474 
6 : 225281 152790 190595 152797 190604 152787 
6 : 203216 225286 225287 203218 203220 232340 
6 : 145883 164850 196311 145872 145878 164843 
6 : 225297 78921 182672 78930 182679 78916 
6 : 136098 173771 109186 136089 109170 109176 
6 : 225329 225334 144440 229147 144441 144447 
6 : 225358 161361 16087 161369 16099 16074 
6 : 215921 225392 225389 215928 215924 249177 
6 : 48470 154424 225450 48464 48482 154436 
6 : 65014 225451 225446 65025 65019 242180 
6 : 176818 28136 225445 28134 176820 28138 
6 : 27569 177864 79820 27562 27551 79813 
6 : 225475 225474 225473 263926 254230 254229 
6 : 80799 55652 143268 55638 80790 55640 
6 : 159792 225508 17398 159797 17388 17404 
6 : 141067 182316 40012 141063 39996 40002 
6 : 79270 191312 186226 79269 79268 186221 
6 : 75168 225526 225531 75172 75179 242387 
6 : 40874 225570 225568 40884 40880 248707 
6 : 189501 225565 100509 189504 100503 100511 
6 : 225569 212488 51057 212491 51065 51053 
6 : 22029 85733 40345 22020 22015 40327 
6 : 225579 225582 216739 240070 216743 216745 
6 : 225587 200495 140166 200509 140175 140163 
6 : 39931 225591 225592 39942 39943 260285 
6 : 75923 225593 130937 75937 75918 130952 
6 : 182532 195423 83350 182528 83342 83346 
6 : 166742 61150 225641 61143 166747 61157 
6 : 34197 185091 30131 34194 30118 30126 
6 : 212785 202032 153716 202029 153713 153711 
6 : 225759 225762 225761 239731 239728 252657 
6 : 189519 139905 213853 139898 189516 139902 
6 : 213489 174809 207221 174807 207215 174806 
6 : 225766 225768 225764 254098 242088 242091 
6 : 206585 217495 199661 206584 199657 199660 
6 : 225814 225811 225808 260437 246910 246904 
6 : 8095 194662 210441 8093 8094 194660 
6 : 39360 225817 21015 39363 20993 21016 
6 : 225822 225821 225819 262827 254570 254566 
6 : 221277 171278 213297 171277 213296 171276 
6 : 225875 193935 196580 193936 196582 193931 
6 : 46937 225880 36735 46947 36720 36747 
6 : 176342 225887 223032 176354 176341 223048 
6 : 207998 225899 225895 208012 208007 257979 
6 : 225923 120836 199756 120850 199767 120833 
6 : 225933 225932 225930 263979 247260 247259 
6 : 215749 7861 88722 7858 88720 7842 
6 : 225985 225986 171207 238246 171211 171213 
6 : 135975 225991 39002 135981 38994 39012 
6 : 225992 225995 225996 261961 261963 264479 
6 : 225994 196557 225990 196572 240383 196558 
6 : 9340 226007 90653 9354 9329 90668 
6 : 116410 153937 150673 116401 116399 150656 
6 : 30769 73159 148690 30755 30760 73152 
6 : 82287 226064 217062 82288 82286 217064 
6 : 30891 225353 34098 30890 30875 34097 
6 : 207919 142741 165685 142739 165683 142733 
6 : 226149 224042 226153 224043 230071 224047 
6 : 226156 184863 84106 184874 84117 84101 
6 : 23163 203820 45110 23161 23152 45106 
6 : 226168 190084 203569 190088 203577 190078 
6 : 118074 226207 226201 118078 118075 234772 
6 : 226206 168560 111422 168571 111431 111411 
6 : 82268 226213 226211 82274 82272 259931 
6 : 11521 215797 226261 11518 11523 215805 
6 : 224921 50077 158950 50076 158949 50066 
6 : 226260 204913 221916 204917 221924 204912 
6 : 51137 208270 226263 51134 51138 208273 
6 : 43219 186477 226310 43213 43225 186484 
6 : 61830 124813 188441 61818 61824 124807 
6 : 226321 207752 226317 207762 254303 207758 
6 : 72040 134176 116334 72034 72031 116321 
6 : 130613 16579 225535 16562 130612 16578 
6 : 144084 15628 146232 15616 144074 15618 
6 : 112756 16504 226385 16496 112762 16510 
6 : 162241 216470 204855 162239 162236 204850 
6 : 224470 127162 226388 127161 224484 127176 
6 : 163018 226394 137895 163026 137886 137903 
6 : 157637 213010 76237 157632 76229 76235 
6 : 226448 104497 226442 104507 228439 104498 
6 : 72180 45606 62184 45591 62158 45590 
6 : 66711 226459 226464 66715 66723 249887 
6 : 226462 84078 226461 84087 260078 84086 
6 : 159960 226480 226482 159969 159970 264052 
6 : 163325 115132 226497 115125 163328 115134 
6 : 132797 226500 188995 132800 132794 189000 
6 : 225572 204288 170565 204287 170564 170557 
6 : 110972 226551 226550 110980 110978 256239 
6 : 29500 100318 226572 29490 29501 100323 
6 : 226597 226598 174381 249597 174389 174390 
6 : 152806 108393 226609 108387 152813 108401 
6 : 215261 126797 126773 126795 126771 126757 
6 : 36413 186132 196903 36407 36410 186127 
6 : 99030 226613 226615 99033 99037 253978 
6 : 169141 181989 153938 169134 153926 153928 
6 : 226621 196822 48800 196828 48806 48794 
6 : 75879 226652 226655 75881 75886 235299 
6 : 121042 126812 224292 121039 121041 126811 
6 : 122956 181525 127733 122950 122948 127724 
6 : 226723 92110 226724 92114 248692 92117 
6 : 202475 226733 97733 202479 97731 97738 
6 : 25666 216395 226787 25663 25667 216396 
6 : 226789 100737 226790 100743 250968 100744 
6 : 190234 212140 70056 190229 70045 70048 
6 : 101351 226806 221618 101358 101349 221631 
6 : 54417 199482 226849 54415 54424 199488 
6 : 90280 67474 226873 67460 90288 67488 
6 : 226915 205833 226916 205844 256357 205845 
6 : 46912 226922 226923 46920 46923 264937 
6 : 216667 69318 82444 69314 82440 69302 
6 : 152077 48976 97066 48967 97055 48963 
6 : 160540 226983 197586 160547 160538 197598 
6 : 226981 117421 124561 117427 124572 117405 
6 : 5459 226985 114474 5461 5450 114478 
6 : 227026 82143 203093 82146 203096 82142 
6 : 223841 58565 129438 58564 129435 58555 
6 : 227039 110031 44482 110033 44484 44471 
6 : 195061 129651 227093 129646 195069 129663 
6 : 200290 177224 227090 177219 200294 177231 
6 : 125411 227096 227101 125415 125418 249191 
6 : 754 227120 96631 760 742 96637 
6 : 22846 102968 176373 22838 22844 102963 
6 : 44279 227160 47718 44285 44269 47726 
6 : 85303 188668 208506 85297 85300 188666 
6 : 227189 189313 227181 189323 229567 189315 
6 : 227193 204376 225241 204392 225259 204375 
6 : 224940 186936 227209 186935 224950 186945 
6 : 191963 227269 171672 191970 171663 171678 
6 : 227272 227268 58473 260496 58490 58479 
6 : 74434 24508 227327 24488 74437 24514 
6 : 147231 227325 198493 147233 147229 198496 
6 : 89624 227331 214852 89632 89621 214857 
6 : 45925 198744 65624 45918 45909 65617 
6 : 121526 227391 45068 121534 45061 45090 
6 : 227396 76217 117649 76223 117661 76197 
6 : 143315 65708 135351 65700 135345 65699 
6 : 216843 106473 227400 106472 216847 106481 
6 : 227404 227410 175821 246592 175824 175836 
6 : 74861 227437 75053 74862 74849 75055 
6 : 223099 61318 227436 61317 223100 61319 
6 : 227444 139746 227443 139757 236236 139750 
6 : 227451 174603 41406 174609 41408 41396 
6 : 158901 132124 212457 132115 158898 132121 
6 : 166696 133627 227512 133620 166707 133636 
6 : 193529 227513 111057 193538 111054 111073 
6 : 43687 172013 54991 43680 43672 54981 
6 : 200450 227519 227518 200456 200454 263066 
6 : 227523 227525 227194 235985 227196 227200 
6 : 227565 227562 66496 244196 66506 66499 
6 : 227570 219864 195741 219881 195765 195739 
6 : 73079 97922 84291 73064 73062 84276 
6 : 109255 162283 227616 109247 109266 162291 
6 : 35713 91439 156372 35699 35707 91433 
6 : 227643 227633 227640 247089 263635 247086 
6 : 187207 201746 160393 187206 160389 160391 
6 : 227710 227709 51093 247984 51105 51100 
6 : 227712 227711 5674 264074 5685 5684 
6 : 121226 227719 16089 121239 16069 16101 
6 : 213434 88029 227722 88027 213442 88037 
6 : 227723 223629 34883 223637 34892 34881 
6 : 12107 53349 227730 12092 12111 53351 
6 : 227578 39693 227734 39692 227585 39704 
6 : 154114 227772 146534 154124 146523 146542 
6 : 227770 223438 227773 223443 242828 223453 
6 : 93070 227777 227774 93074 93072 237545 
6 : 227776 227775 15468 253964 15474 15471 
6 : 159313 227784 107454 159320 107443 107462 
6 : 227783 227786 201664 253610 201670 201673 
6 : 227796 227788 51368 235188 51385 51370 
6 : 227842 160130 227837 160137 228608 160131 
6 : 227848 107359 227845 107365 233151 107360 
6 : 227849 103993 80881 103998 80885 80861 
6 : 39033 227920 48563 39048 39019 48579 
6 : 47937 168781 212749 47929 47933 168776 
6 : 55900 61664 227923 55887 55903 61668 
6 : 58160 200634 188510 58158 58154 188505 
6 : 205795 227947 227949 205809 205813 263390 
6 : 123036 96303 215214 96288 123032 96298 
6 : 227976 121227 154557 121231 154559 121218 
6 : 179756 94345 227982 94338 179758 94346 
6 : 205052 67424 116217 67420 116215 67412 
6 : 228043 168657 228046 168665 263544 168668 
6 : 228115 21479 189275 21493 189286 21470 
6 : 34666 228144 228142 34671 34670 249682 
6 : 123682 144786 228166 123674 123685 144790 
6 : 228171 125916 111455 125924 111465 111439 
6 : 31361 228175 221604 31364 31359 221612 
6 : 203620 50491 186891 50489 186885 50486 
6 : 228174 223863 226226 223868 226233 223862 
6 : 221008 228185 115543 221017 115538 115553 
6 : 225133 228181 228184 225135 225140 249163 
6 : 201120 218552 197972 201118 197965 197971 
6 : 224632 228224 191193 224636 191192 191197 
6 : 20635 181209 30917 20628 20618 30912 
6 : 198032 228227 228229 198037 198040 261813 
6 : 228228 123010 45700 123019 45708 45684 
6 : 23023 214822 40776 23020 23010 40773 
6 : 71090 152027 75310 71081 71074 75298 
6 : 119666 80121 192122 80110 119663 80119 
6 : 228266 30636 111827 30641 111835 30625 
6 : 228320 228323 160167 243292 160172 160180 
6 : 39431 213167 228331 39428 39437 213180 
6 : 222952 228333 228334 222965 222966 264650 
6 : 99578 179551 228350 99575 99586 179563 
6 : 228383 213716 126578 213725 126588 126575 
6 : 96748 228398 163765 96758 96741 163785 
6 : 182115 169620 79080 169611 79074 79072 
6 : 228463 100107 228462 100111 238126 100110 
6 : 191821 141819 107486 141811 107480 107473 
6 : 140446 118809 97317 118800 97304 97299 
6 : 57611 159610 39324 57602 39296 39305 
6 : 159489 197041 215499 159483 159485 197038 
6 : 74289 52096 78702 52077 74275 52078 
6 : 129759 26295 95922 26284 95909 26281 
6 : 204683 228642 228632 204699 204686 232077 
6 : 228633 228636 148893 234597 148898 148901 
6 : 79297 48977 197587 48962 79291 48970 
6 : 131149 155702 228697 131142 131159 155712 
6 : 228747 228744 131049 245622 131065 131056 
6 : 210566 56078 228754 56075 210568 56081 
6 : 228758 195468 196994 195471 196996 195465 
6 : 228792 228794 228793 230382 230378 245859 
6 : 147164 228850 149537 147165 147157 149544 
6 : 228859 228862 72694 261709 72707 72710 
6 : 120358 108175 106504 108166 106489 106487 
6 : 222119 128196 74895 128195 74894 74880 
6 : 228865 228867 228866 230512 230511 236532 
6 : 68341 26623 228917 26601 68346 26629 
6 : 213189 178122 183412 178121 183409 178120 
6 : 228918 228914 4707 236791 4713 4708 
6 : 228921 228922 174756 243737 174762 174763 
6 : 194061 228937 46041 194073 46039 46049 
6 : 8939 100227 120178 8927 8928 100212 
6 : 223301 228985 154454 223311 154453 154471 
6 : 108848 228988 57643 108853 57626 57647 
6 : 207175 34695 229002 34693 207182 34708 
6 : 229032 157926 190354 157927 190356 157917 
6 : 229033 229039 134566 234236 134568 134578 
6 : 225889 229044 35418 225894 35415 35427 
6 : 229047 229046 221527 231226 221531 221528 
6 : 58161 171713 171260 58151 58150 171251 
6 : 148643 158305 229084 148638 148645 158309 
6 : 229095 229092 148895 252452 148908 148900 
6 : 199718 203376 76896 199713 76889 76890 
6 : 132244 229150 229157 132249 132259 243949 
6 : 229149 100415 117189 100420 117192 100403 
6 : 88143 229179 85892 88145 85875 85893 
6 : 32207 31088 166073 31068 32202 31080 
6 : 205676 171839 189638 171837 189634 171833 
6 : 229209 29591 175916 29601 175928 29584 
6 : 165541 69200 79555 69191 79545 69182 
6 : 29736 176665 115266 29725 29718 115254 
6 : 94738 229300 205004 94740 94734 205006 
6 : 137433 219641 96821 137429 96809 96820 
6 : 229354 51028 229356 51034 256958 51035 
6 : 197024 175610 229360 175606 197026 175613 
6 : 229364 114769 218836 114779 218850 114766 
6 : 229366 229369 201121 246769 201125 201132 
6 : 94982 229411 229410 94994 94993 265212 
6 : 138596 221460 229416 138595 138606 221468 
6 : 229413 63009 229414 63011 245043 63012 
6 : 229418 229421 119801 237920 119805 119808 
6 : 67610 229450 229448 67623 67620 259062 
6 : 11361 44902 124633 11340 11348 44889 
6 : 106134 229462 93425 106139 93402 93430 
6 : 142496 229467 208507 142497 142493 208511 
6 : 160186 85304 179808 85293 160182 85295 
6 : 13221 229515 198832 13223 13219 198837 
6 : 106135 229517 220979 106142 106132 220986 
6 : 229519 218173 163081 218178 163086 163079 
6 : 229522 214725 139088 214735 139100 139083 
6 : 220514 96304 229574 96299 220515 96305 
6 : 187394 201143 79556 187383 79549 79551 
6 : 211134 229641 183933 211136 183930 183945 
6 : 163111 1311 110910 1305 110900 1301 
6 : 229647 229646 199439 256261 199451 199448 
6 : 229672 24046 148135 24059 148148 24034 
6 : 229690 182094 229691 182096 230824 182101 
6 : 229692 229695 229693 257797 257795 262865 
6 : 229696 229694 85630 263388 85644 85641 
6 : 224413 13922 229700 13920 224416 13926 
6 : 159177 229722 56536 159187 56528 56550 
6 : 229759 50217 229760 50219 238570 50221 
6 : 229762 229758 83736 237929 83743 83737 
6 : 7655 229768 40968 7665 7642 40987 
6 : 211808 135689 229763 135685 211810 135690 
6 : 161997 175159 143696 161990 143685 143688 
6 : 140301 161364 229812 140299 140302 161365 
6 : 57852 139914 125599 57846 57842 125591 
6 : 190982 49897 229879 49892 190992 49902 
6 : 229878 82838 185040 82842 185043 82835 
6 : 229881 160825 229876 160834 233651 160826 
6 : 52068 229775 95501 52067 52052 95500 
6 : 113994 22208 56966 22197 56951 22192 
6 : 170125 193604 191674 170121 170120 191670 
6 : 3041 63260 229938 3025 3044 63264 
6 : 177555 157230 229940 157221 177562 157236 
6 : 229937 229939 163173 237432 163174 163177 
6 : 225589 125662 187487 125660 187486 125655 
6 : 166743 76571 31394 76563 31384 31371 
6 : 202861 229987 2502 202869 2498 2509 
6 : 2099 229993 229989 2106 2101 232250 
6 : 230041 230045 230042 262839 262838 263874 
6 : 230044 221848 191965 221858 191973 191960 
6 : 26390 192897 104676 26387 26379 104671 
6 : 230125 74785 230132 74787 243992 74796 
6 : 36087 72181 210433 36071 36082 72178 
6 : 80367 230175 230174 80378 80377 263482 
6 : 199224 104715 230173 104710 199229 104722 
6 : 37963 90889 209428 37951 37961 90885 
6 : 190394 230237 92143 190398 92137 92148 
6 : 122661 230242 215799 122665 122657 215804 
6 : 203530 230241 230245 203532 203536 235623 
6 : 108497 230247 93148 108499 93134 93151 
6 : 230305 230311 197753 236749 197755 197763 
6 : 83121 230316 79049 83124 79032 79051 
6 : 230344 230345 1410 240357 1411 1414 
6 : 230348 230343 230349 235184 262824 235185 
6 : 192620 230357 230356 192636 192635 264873 
6 : 230366 22774 138233 22782 138246 22765 
6 : 43077 128081 230370 43066 43080 128087 
6 : 74 203248 230392 72 82 203253 
6 : 103306 183919 230400 103300 103307 183920 
6 : 230401 230407 161725 235771 161731 161742 
6 : 14478 78383 230411 14466 14482 78386 
6 : 197162 26624 31395 26618 31389 26598 
6 : 230425 66055 230420 66065 256922 66061 
6 : 230457 230458 230456 262005 235083 235086 
6 : 119477 221654 230460 119476 119479 221656 
6 : 192534 230475 3753 192542 3745 3762 
6 : 141587 226925 190701 141586 141580 190699 
6 : 219566 230503 90380 219576 90377 90388 
6 : 230510 213928 39463 213929 39464 39458 
6 : 88280 69873 6572 69858 6558 6557 
6 : 230557 165021 220778 165027 220784 165020 
6 : 230563 230562 230560 265394 260925 260924 
6 : 133233 166720 230582 133227 133243 166731 
6 : 5462 230634 104677 5466 5449 104683 
6 : 225300 183383 230642 183381 225304 183384 
6 : 91008 80601 172863 80584 91002 80592 
6 : 154305 104921 136178 104910 136170 104909 
6 : 132477 225410 62589 132476 62576 62588 
6 : 49768 200092 180208 49766 49763 180203 
6 : 161684 200801 224164 161680 161682 200799 
6 : 144391 230526 230692 144390 144400 230532 
6 : 230724 127163 212081 127166 212088 127159 
6 : 230736 176179 230734 176195 260694 176190 
6 : 229061 75409 107568 75408 107567 75393 
6 : 230792 65625 180154 65636 180164 65614 
6 : 230795 205430 230793 205446 265005 205444 
6 : 230796 216335 230800 216338 240412 216340 
6 : 63371 230834 230833 63374 63373 231516 
6 : 205191 47417 75960 47411 75956 47396 
6 : 230837 230838 230839 256585 256588 258864 
6 : 230841 230844 221472 238106 221474 221475 
6 : 230905 99351 145166 99359 145173 99337 
6 : 230906 173508 100510 173517 100520 100498 
6 : 230909 230907 188907 261558 188926 188920 
6 : 169948 230912 97924 169953 97912 97930 
6 : 227571 230915 16539 227577 16538 16548 
6 : 230910 213072 94194 213074 94195 94191 
6 : 230916 230920 141611 251294 141614 141621 
6 : 96500 230960 38291 96508 38275 38302 
6 : 197376 160001 130918 159997 130912 130908 
6 : 3684 27100 127857 3668 3674 27087 
6 : 208806 85474 231019 85470 208810 85478 
6 : 231033 231029 223938 252821 223950 223943 
6 : 75665 231054 4971 75675 4953 4981 
6 : 194870 231086 231082 194877 194874 257786 
6 : 190616 180074 105017 180068 105007 105005 
6 : 154876 164348 231096 154870 154881 164353 
6 : 205253 157448 231093 157446 205257 157454 
6 : 142919 231107 33979 142926 33965 33983 
6 : 231106 44648 107846 44658 107854 44633 
6 : 144188 227801 231137 144187 144190 227808 
6 : 231145 85305 119777 85312 119788 85289 
6 : 69038 231151 158737 69046 69029 158744 
6 : 113583 176414 231202 113578 113587 176421 
6 : 226399 231203 85503 226403 85501 85506 
6 : 188650 231208 164271 188653 164264 164276 
6 : 231212 87173 105113 87181 105130 87163 
6 : 195370 132430 25401 132424 25397 25392 
6 : 231256 124634 198196 124636 198199 124628 
6 : 231260 231261 91613 249123 91617 91619 
6 : 214560 231322 231323 214568 214569 263111 
6 : 231325 151705 231324 151713 263865 151711 
6 : 230936 88466 204022 88465 204021 88458 
6 : 231337 103016 231341 103017 234051 103024 
6 : 231340 47476 39570 47484 39577 39552 
6 : 231348 186046 231344 186055 248893 186051 
6 : 196041 202487 231367 196035 196048 202493 
6 : 87642 146769 231370 87636 87643 146771 
6 : 215333 66913 28923 66912 28919 28903 
6 : 19155 231379 231377 19159 19157 238336 
6 : 231380 199814 190355 199826 190365 190350 
6 : 231392 231393 95551 265007 95563 95565 
6 : 164076 231399 216561 164085 164073 216568 
6 : 21427 33806 5833 21408 5811 5812 
6 : 231422 44733 213436 44735 213438 44730 
6 : 231425 231423 231424 253914 263534 253912 
6 : 231441 231436 231437 250366 250877 250363 
6 : 231476 84598 231482 84599 235617 84606 
6 : 231490 231491 85226 260544 85234 85240 
6 : 188996 205418 231499 188992 188998 205421 
6 : 231503 168184 164746 168187 164750 164736 
6 : 231556 86876 231559 86880 247327 86883 
6 : 231610 35234 149423 35235 149427 35221 
6 : 231613 231609 231611 236271 242499 236265 
6 : 172576 215663 10483 172573 10472 10480 
6 : 231619 231622 198052 238070 198055 198061 
6 : 157040 231626 44016 157041 44005 44017 
6 : 231629 231632 73589 242615 73593 73595 
6 : 37289 231684 214231 37299 37286 214245 
6 : 217172 148582 185891 148580 185888 148576 
6 : 228812 134319 139407 134318 139406 134304 
6 : 114154 167367 231686 114148 114160 167375 
6 : 120948 216161 204706 120941 120937 204704 
6 : 211628 221226 231729 211626 211630 221228 
6 : 57247 181079 231774 57241 57255 181083 
6 : 146561 231788 122890 146562 122877 122893 
6 : 21721 28568 213651 21705 21717 28564 
6 : 15082 81836 231818 15070 15088 81844 
6 : 107290 175641 205218 107284 107287 175637 
6 : 231929 231928 206009 252010 206016 206015 
6 : 231939 156455 87057 156464 87069 87053 
6 : 185672 200844 5463 185669 5456 5457 
6 : 231941 231943 225741 250638 225748 225751 
6 : 99555 33940 153065 33927 99547 33931 
6 : 135756 231980 29889 135760 29871 29895 
6 : 40375 175449 231985 40370 40378 175459 
6 : 99953 210945 153605 99947 99942 153600 
6 : 232034 5766 207149 5768 207153 5760 
6 : 232039 23840 49419 23850 49433 23823 
6 : 32786 14352 232044 14329 32793 14362 
6 : 232045 188254 162068 188263 162079 162064 
6 : 232076 232074 5502 262229 5517 5513 
6 : 232097 232094 232096 242286 251087 242284 
6 : 232102 12133 232103 12146 265376 12147 
6 : 232107 3595 127596 3604 127605 3584 
6 : 232109 207493 222608 207504 222623 207490 
6 : 130092 232117 232111 130106 130093 236285 
6 : 188570 97795 201646 97786 188565 97789 
6 : 232162 232164 229532 253977 229536 229543 
6 : 232165 32353 203765 32362 203781 32346 
6 : 187797 193373 223034 187793 187795 193371 
6 : 63213 200398 167994 63206 63205 167989 
6 : 153245 55679 232205 55673 153249 55690 
6 : 232207 232202 101953 249788 101963 101955 
6 : 173123 228699 188908 173120 173115 188906 
6 : 232263 232266 198121 263341 198130 198135 
6 : 4146 87774 232274 4132 4155 87784 
6 : 208782 232271 227490 208785 208780 227497 
6 : 232272 142847 18016 142850 18024 18007 
6 : 217436 224663 115989 217435 115985 115988 
6 : 232307 109783 232309 109785 238663 109792 
6 : 232317 232320 187943 232324 187944 187947 
6 : 165774 199719 209964 165769 165770 199715 
6 : 232326 97796 133954 97799 133959 97775 
6 : 186609 232361 120867 186613 120857 120874 
6 : 232360 213549 224367 213553 224371 213547 
6 : 89598 232364 230596 89599 89597 230597 
6 : 149684 232388 232385 149691 149687 252413 
6 : 231336 232417 52235 231339 52234 52243 
6 : 232421 232419 49791 254397 49803 49798 
6 : 74461 18185 113153 18168 74446 18171 
6 : 181210 123011 8608 123004 8601 8592 
6 : 232432 232431 184011 243268 184016 184014 
6 : 148559 167506 232436 148547 148564 167510 
6 : 214058 171364 232435 171362 214060 171365 
6 : 134503 232475 8790 134512 8781 8805 
6 : 219776 95281 232473 95280 219784 95290 
6 : 229591 232476 97032 229606 97031 97052 
6 : 232477 144167 186318 144169 186320 144160 
6 : 232484 232481 194827 256476 194839 194832 
6 : 216312 17702 92261 17700 92259 17689 
6 : 232491 232488 232487 243920 233616 233614 
6 : 177189 194268 14073 177182 14066 14069 
6 : 232546 123245 178749 123250 178753 123238 
6 : 232547 232544 232549 236051 256286 236052 
6 : 98062 181222 170650 98056 98055 170640 
6 : 122506 229824 135545 122505 122497 135544 
6 : 232568 232560 153344 243896 153352 153347 
6 : 114251 201198 62624 114245 62603 62617 
6 : 121875 22326 94449 22310 94431 22307 
6 : 177784 107893 228310 107882 177783 107892 
6 : 232595 100643 56417 100654 56429 56402 
6 : 64877 8269 232661 8256 64878 8270 
6 : 85831 195315 174643 85823 85822 174636 
6 : 232663 232668 137778 247841 137782 137796 
6 : 93215 232680 97033 93227 93206 97047 
6 : 232669 155721 14353 155723 14354 14340 
6 : 99211 190235 217756 99196 99205 190230 
6 : 232710 232712 232709 251061 245694 245700 
6 : 151978 100481 100229 100465 100215 100211 
6 : 232771 232769 232770 245243 248275 245240 
6 : 140656 192593 41561 140652 41542 41553 
6 : 87376 232805 90654 87381 87365 90662 
6 : 8382 232817 165022 8383 8372 165023 
6 : 144472 97386 77602 97378 77589 77578 
6 : 186198 210017 65503 186197 65492 65499 
6 : 232871 219155 232872 219163 261502 219164 
6 : 157620 232875 151839 157624 151823 151841 
6 : 177611 221485 185221 177609 177601 185218 
6 : 176163 232883 232887 176166 176170 246518 
6 : 189582 232888 172796 189590 172788 172809 
6 : 232881 33222 232889 33223 234555 33234 
6 : 232938 47109 48564 47123 48582 47093 
6 : 232942 232947 74244 246458 74247 74259 
6 : 141700 232960 79475 141702 79463 79479 
6 : 143852 232961 182984 143857 143848 182991 
6 : 139233 232976 100108 139245 100092 100118 
6 : 119305 232996 214931 119307 119299 214933 
6 : 226121 220980 27996 220976 27994 27992 
6 : 233054 233051 233050 234612 233474 233469 
6 : 162458 51221 233116 51209 162473 51236 
6 : 228050 156474 33373 156471 33370 33360 
6 : 233121 233117 217385 237701 217391 217386 
6 : 233123 47795 122763 47803 122774 47783 
6 : 68508 233128 233125 68513 68510 239531 
6 : 128305 190617 233162 128297 128316 190625 
6 : 177748 145097 233164 145089 177758 145108 
6 : 225648 233168 204140 225651 204139 204148 
6 : 227273 179136 129511 179135 129510 129501 
6 : 109941 50522 233177 50510 109948 50534 
6 : 126061 131814 208724 126048 126058 131811 
6 : 99440 223481 233223 99439 99442 223485 
6 : 233247 233244 214437 233832 214440 214438 
6 : 201174 233276 191676 201181 191671 191686 
6 : 233280 233278 198673 240016 198680 198675 
6 : 233305 22327 233299 22335 248863 22331 
6 : 206066 87548 233334 87542 206072 87557 
6 : 47634 152632 139089 47627 47626 139077 
6 : 233341 85735 233338 85746 253600 85740 
6 : 143919 233343 139969 143921 139955 139971 
6 : 170526 83244 112445 83233 112432 83222 
6 : 233345 233344 99826 243823 99830 99828 
6 : 103759 233391 51924 103771 51906 51941 
6 : 153520 233390 233387 153530 153527 257946 
6 : 34223 52100 232915 34210 34222 52099 
6 : 17678 142389 233398 17669 17681 142396 
6 : 61666 147819 82069 61656 61653 82058 
6 : 219191 179773 177247 179772 177244 177239 
6 : 193081 233451 69379 193084 69373 69383 
6 : 233449 190983 51060 190985 51061 51050 
6 : 71113 233488 225615 71121 71109 225627 
6 : 233485 230331 203574 230334 203580 203573 
6 : 190925 148468 42165 148463 42153 42150 
6 : 216336 163342 76514 163340 76511 76502 
6 : 199787 1695 233539 1689 199791 1702 
6 : 108515 233542 145807 108517 108509 145810 
6 : 225857 215292 124451 215290 124450 124446 
6 : 233584 233582 233585 250675 263261 250676 
6 : 136014 215111 233589 136009 136017 215116 
6 : 120714 233608 233612 120719 120726 253219 
6 : 232179 21429 223633 21428 223632 21424 
6 : 178855 25935 184957 25930 178852 25932 
6 : 233688 233686 72695 246076 72703 72700 
6 : 4286 233692 233691 4288 4287 235740 
6 : 120715 73561 233694 73551 120724 73570 
6 : 223789 92530 131051 92527 131047 92519 
6 : 225143 71488 224255 71487 224253 71486 
6 : 125665 43342 233749 43327 125673 43358 
6 : 217720 233745 233746 217727 217728 260293 
6 : 233741 233747 130940 245248 130944 130953 
6 : 233763 232630 233765 232639 263515 232641 
6 : 233768 233761 118387 258938 118400 118394 
6 : 174332 135122 53683 135118 53675 53672 
6 : 232535 98512 233806 98511 232538 98517 
6 : 108988 233853 81701 108989 81687 81705 
6 : 218349 233852 172597 218350 172596 172598 
6 : 233854 233858 62243 235106 62244 62250 
6 : 233875 233869 197229 236765 197238 197230 
6 : 233878 233881 144110 234406 144111 144113 
6 : 81788 165318 91483 81780 81772 91471 
6 : 133513 173631 232393 133508 133512 173630 
6 : 233924 158220 129851 158223 129858 129846 
6 : 233961 163728 132943 163731 132945 132936 
6 : 118920 233965 233966 118921 118923 236391 
6 : 208197 52928 233971 52925 208200 52935 
6 : 3536 86168 154037 3519 3524 86152 
6 : 234022 234020 234021 253147 256580 253145 
6 : 234027 234028 225028 258904 225037 225038 
6 : 123989 22813 71266 22792 71252 22788 
6 : 69992 211412 234071 69985 69994 211413 
6 : 234084 215334 174383 215338 174388 174379 
6 : 234136 84832 201666 84833 201669 84820 
6 : 234141 234140 234144 252716 262125 252720 
6 : 162150 179623 65741 162144 65727 65732 
6 : 231842 8943 189724 8941 189722 8936 
6 : 146827 142642 138016 142632 138000 137998 
6 : 207754 215271 180156 207749 180145 180148 
6 : 234225 48394 234006 48401 234013 48393 
6 : 202539 234255 174384 202543 174376 174391 
6 : 234257 234253 234254 242590 251499 242587 
6 : 234259 234252 28924 242055 28939 28928 
6 : 192605 99717 220030 99710 192603 99716 
6 : 234278 186639 160477 186641 160480 160468 
6 : 115077 9249 151471 9236 115073 9240 
6 : 229082 234308 182252 229086 182251 182259 
6 : 176721 155030 234315 155024 176724 155033 
6 : 234322 205815 234325 205819 257790 205824 
6 : 178697 191035 145278 178695 145269 145273 
6 : 165116 234379 45607 165123 45599 45617 
6 : 221392 234378 104610 221402 104608 104621 
6 : 234416 216756 115544 216760 115549 115537 
6 : 234423 97645 143577 97651 143589 97641 
6 : 234425 143178 34287 143190 34298 34275 
6 : 234481 105406 220327 105411 220332 105404 
6 : 234482 234484 224594 254925 224601 224604 
6 : 234487 234488 214003 262429 214013 214016 
6 : 12609 234530 207074 12615 12605 207084 
6 : 16450 211216 141562 16449 16442 141560 
6 : 109893 234541 141716 109894 109881 141717 
6 : 201495 234596 190357 201496 190351 190360 
6 : 234594 157928 234600 157929 236144 157942 
6 : 234618 69350 174921 69351 174924 69338 
6 : 234628 234623 72077 245352 72086 72081 
6 : 89158 209377 234673 89150 89162 209382 
6 : 55902 147821 189641 55893 55896 147813 
6 : 188980 234679 53546 188989 53525 53554 
6 : 184078 184333 125385 184069 125380 125381 
6 : 197623 234725 44808 197630 44799 44820 
6 : 159084 188330 168877 159080 159075 168869 
6 : 110132 234732 214248 110133 110130 214251 
6 : 185161 50863 198674 50856 185158 50857 
6 : 234744 234738 234740 242054 251503 242048 
6 : 192475 197754 208459 192467 192470 197750 
6 : 114871 234776 469 114873 448 472 
6 : 234784 234785 163035 243827 163037 163041 
6 : 142291 234792 12827 142294 12812 12834 
6 : 226617 208212 234793 208211 226620 208218 
6 : 29854 226409 178074 29851 29845 178070 
6 : 149200 234822 234823 149201 149202 240876 
6 : 32062 166057 179361 32055 32057 166049 
6 : 82817 80369 234283 80354 82816 80368 
6 : 234847 213652 234849 213659 264246 213660 
6 : 234877 151946 220328 151952 220335 151942 
6 : 223713 129137 217757 129136 217754 129132 
6 : 64053 207920 204775 64052 64051 204768 
6 : 171337 187374 210018 171331 171333 187368 
6 : 230108 11915 8016 11914 8014 7991 
6 : 197377 185110 35179 185104 35176 35172 
6 : 183485 193701 234954 183477 183487 193702 
6 : 88281 234977 131052 88283 88270 131054 
6 : 234983 207056 41722 207062 41729 41717 
6 : 177573 49363 195491 49357 177567 49359 
6 : 234989 198746 234991 198749 251788 198757 
6 : 137241 225675 109429 137238 109416 109428 
6 : 235027 20404 235028 20410 259623 20412 
6 : 235038 235035 220839 246533 220850 220842 
6 : 76155 235094 107814 76165 76144 107827 
6 : 99177 235091 145394 99183 99169 145402 
6 : 223005 235090 31869 223006 31866 31871 
6 : 222323 230699 235099 222319 222327 230703 
6 : 200950 235148 139070 200955 139064 139072 
6 : 235156 235154 139863 254515 139875 139871 
6 : 48530 217149 161419 48525 48518 161413 
6 : 60353 106812 12181 60341 12150 12153 
6 : 235168 179066 219174 179073 219179 179059 
6 : 235213 210520 35180 210528 35187 35178 
6 : 147786 2890 231048 2879 147784 2887 
6 : 235221 235219 225966 262222 225980 225978 
6 : 34985 47206 224195 34967 34980 47203 
6 : 235258 235257 235262 254519 256959 254523 
6 : 235259 101679 235264 101687 257032 101692 
6 : 1520 235272 235269 1529 1524 261218 
6 : 235268 235265 88724 235866 88737 88725 
6 : 128863 5275 124424 5263 124406 5262 
6 : 204298 196718 235275 196712 204299 196719 
6 : 214232 123937 235280 123933 214235 123940 
6 : 148516 235321 235316 148523 148517 235464 
6 : 235332 149592 235325 149604 240771 149593 
6 : 210206 129960 191659 129956 191655 129953 
6 : 219223 235441 235444 219224 219228 244141 
6 : 201886 193106 235497 193099 201891 193109 
6 : 235499 202965 235498 202975 249871 202972 
6 : 221862 235509 230149 221874 221861 230163 
6 : 235506 40045 216271 40050 216277 40039 
6 : 220893 49821 191295 49818 191291 49816 
6 : 235549 49517 169795 49523 169800 49511 
6 : 233441 33312 235555 33311 233447 33318 
6 : 169007 150253 232444 150245 169006 150252 
6 : 67130 178143 175189 67124 67123 175176 
6 : 198870 235603 158307 198876 158300 158313 
6 : 17120 154806 6274 17110 6253 6261 
6 : 91992 235615 158042 91999 91981 158050 
6 : 20122 226593 194988 20120 20114 194986 
6 : 233419 235657 192735 233428 192733 192746 
6 : 235662 235663 235664 263169 263170 264827 
6 : 221996 110182 235667 110179 222001 110190 
6 : 235670 85096 134346 85111 134358 85089 
6 : 147245 222760 111294 147242 111281 111292 
6 : 234737 235706 174386 234745 174385 174399 
6 : 235651 174188 197061 174187 197060 174180 
6 : 235711 235714 216109 253029 216117 216121 
6 : 137283 30797 235732 30787 137284 30799 
6 : 30771 15931 235753 15905 30773 15934 
6 : 235757 82289 45485 82297 45495 45471 
6 : 190137 226241 235761 190135 190142 226248 
6 : 203280 167958 176295 167955 176288 167952 
6 : 235759 34352 128082 34353 128084 34343 
6 : 16735 235766 187851 16743 16723 187854 
6 : 117759 235767 4973 117763 4955 4980 
6 : 11695 172577 235794 11686 11700 172582 
6 : 1586 235808 235809 1590 1591 260826 
6 : 92679 235810 6574 92688 6559 6584 
6 : 232328 155522 214509 155521 214508 155518 
6 : 235837 235842 33840 250261 33847 33853 
6 : 221575 178476 126683 178473 126678 126676 
6 : 235877 235878 235875 255759 244678 244680 
6 : 96604 235881 235888 96605 96609 241944 
6 : 199629 235885 225476 199640 199628 225489 
6 : 235883 235886 235887 256527 256529 262299 
6 : 217774 226335 169995 217772 169990 169991 
6 : 235891 111509 12829 111515 12832 12810 
6 : 204244 210897 235906 204242 204259 210913 
6 : 44734 235930 130728 44744 44726 130737 
6 : 112619 92969 235944 92951 112623 92974 
6 : 220577 193517 178339 193513 178334 178328 
6 : 235951 235947 11837 256825 11848 11842 
6 : 178802 235977 100078 178806 100069 100087 
6 : 168020 78230 223507 78217 168018 78227 
6 : 235978 216152 202503 216154 202505 202500 
6 : 191000 43750 179554 43745 179545 43744 
6 : 227580 12109 226012 12106 226010 12105 
6 : 21244 214623 236028 21242 21252 214633 
6 : 79131 236022 172707 79134 79124 172709 
6 : 236025 204154 236024 204162 253073 204158 
6 : 236026 178455 14988 178462 14999 14980 
6 : 236029 46749 211871 46761 211885 46746 
6 : 74865 236037 149223 74874 74855 149231 
6 : 161565 1217 236070 1206 161567 1219 
6 : 210207 236080 216635 210212 210204 216643 
6 : 156534 48802 183396 48788 156524 48792 
6 : 236131 236134 169996 240353 169997 170001 
6 : 236138 236143 134570 248852 134574 134581 
6 : 236189 194664 129103 194666 129105 129098 
6 : 41047 236206 236198 41058 41049 238534 
6 : 236202 236204 56538 253399 56541 56543 
6 : 205184 90869 39465 90864 39456 39447 
6 : 236245 4524 135331 4533 135338 4517 
6 : 100321 118810 196632 100307 100316 118806 
6 : 109499 169493 236256 109494 109510 169506 
6 : 221920 221304 3755 221299 3750 3749 
6 : 102247 236294 135493 102249 102235 135495 
6 : 205322 160374 74640 160370 74636 74631 
6 : 236295 184705 236299 184710 252443 184713 
6 : 233554 92504 185133 92503 185132 92495 
6 : 236359 232968 202270 232974 202276 202269 
6 : 138046 132499 227666 132491 138045 132497 
6 : 168815 236398 130616 168818 130610 130617 
6 : 236402 221142 91189 221145 91193 91183 
6 : 236434 30516 236435 30519 254227 30520 
6 : 226986 192899 224970 192896 224966 192895 
6 : 236451 179719 236455 179728 260480 179737 
6 : 236452 172654 42808 172663 42818 42802 
6 : 3217 31057 236459 3201 3226 31064 
6 : 110238 212530 66464 110229 66447 66455 
6 : 202888 67478 236458 67470 202894 67484 
6 : 206399 193161 236504 193150 206409 193176 
6 : 130839 144418 236510 130827 130843 144428 
6 : 235956 191415 186068 191414 186067 186061 
6 : 236507 140365 229117 140369 229122 140364 
6 : 205565 155031 170832 155028 170822 155021 
6 : 226345 218490 124932 218486 124929 124927 
6 : 139464 136692 236571 136682 139468 136699 
6 : 236614 236620 236618 245931 245929 265168 
6 : 39122 212514 62625 39119 39110 62619 
6 : 141113 236683 236678 141124 141116 256174 
6 : 153875 236687 236689 153878 153881 253390 
6 : 48474 168046 231956 48465 48472 168045 
6 : 121528 236700 93250 121533 93232 93255 
6 : 8443 192476 174645 8432 8431 174635 
6 : 23027 12273 236745 12261 23028 12276 
6 : 236757 194016 236662 194027 236673 194015 
6 : 236783 7629 236787 7630 241846 7635 
6 : 236784 66082 77196 66087 77202 66066 
6 : 223273 76639 236789 76637 223275 76641 
6 : 107311 40746 164274 40733 107299 40737 
6 : 217616 236853 236850 217626 217622 257595 
6 : 177751 196139 125696 177744 125680 125686 
6 : 221595 218012 195063 218010 195060 195059 
6 : 57703 218680 73710 57701 57688 73706 
6 : 19911 144882 236899 19903 19916 144889 
6 : 52456 186283 114455 52448 52443 114445 
6 : 236900 212733 199441 212744 199455 199436 
6 : 236902 236898 229739 258708 229755 229746 
6 : 236905 115960 183675 115965 183681 115955 
6 : 125202 34049 138325 34035 125196 34038 
6 : 95523 236955 230847 95535 95521 230862 
6 : 156930 33841 236958 33831 156946 33854 
6 : 142745 204776 236964 142737 142746 204778 
6 : 122971 236993 233657 122975 122970 233661 
6 : 236990 236995 45403 251251 45407 45411 
6 : 56788 183640 236998 56779 56789 183642 
6 : 237003 73414 195180 73424 195191 73407 
6 : 201632 185606 237007 185602 201635 185610 
6 : 78197 237062 192647 78202 78189 192655 
6 : 237059 77934 237060 77938 255131 77939 
6 : 237064 212688 61458 212699 61470 61455 
6 : 18186 95061 145279 18169 18175 95045 
6 : 43866 45702 4369 43847 4348 4349 
6 : 172884 237075 237080 172889 172891 256442 
6 : 114556 33337 237098 33329 114557 33339 
6 : 237101 95978 213668 95989 213676 95973 
6 : 178711 219097 217564 178709 178708 217560 
6 : 186619 107917 215566 107910 186617 107913 
6 : 237129 68095 102639 68106 102654 68079 
6 : 175352 217235 231713 175349 175350 217233 
6 : 237166 237167 186116 238098 186117 186120 
6 : 10606 211497 93150 10603 10590 93144 
6 : 112259 224061 106239 112258 106221 106236 
6 : 236934 237221 174565 236942 174564 174575 
6 : 104993 229090 134704 104991 104981 134702 
6 : 185743 219090 176577 185742 176568 176571 
6 : 156188 236475 114370 156187 114355 114369 
6 : 194147 237253 45515 194154 45506 45531 
6 : 214224 145631 237248 145628 214227 145634 
6 : 229826 171294 237259 171293 229833 171306 
6 : 223971 237306 227960 223978 223970 227972 
6 : 58865 237307 15426 58866 15403 15428 
6 : 222056 173363 199902 173362 199897 173355 
6 : 11204 90624 237315 11195 11209 90632 
6 : 237313 237314 168878 249008 168885 168887 
6 : 237354 125802 237355 125810 264136 125812 
6 : 237357 237362 221103 240354 221105 221111 
6 : 154715 201764 87803 154710 87792 87798 
6 : 237418 234454 219115 234463 219121 219114 
6 : 5729 130748 231890 5718 5728 130747 
6 : 90891 94279 128333 90877 90880 94270 
6 : 237464 237467 209431 240450 209432 209435 
6 : 41096 100196 150980 41085 41088 100189 
6 : 46373 209575 237513 46371 46375 209577 
6 : 169932 222567 48223 169931 48214 48222 
6 : 76006 232445 141921 76005 75997 141919 
6 : 177832 140061 30207 140054 30200 30192 
6 : 8445 103792 137779 8424 8427 103774 
6 : 237523 27679 197720 27687 197727 27672 
6 : 123441 131715 211593 123435 123440 131709 
6 : 125898 207889 237570 125897 125902 207890 
6 : 237613 237608 227590 238155 227601 227591 
6 : 237614 185026 125974 185034 125988 125961 
6 : 93089 237626 180878 93097 93082 180884 
6 : 96344 234153 237628 96343 96354 234164 
6 : 237623 201144 208852 201148 208858 201135 
6 : 51615 237661 222846 51622 51612 222852 
6 : 237657 80370 237659 80371 243211 80374 
6 : 108342 138762 237670 108335 108350 138770 
6 : 169025 237666 149760 169027 149748 149763 
6 : 237669 39761 218294 39772 218304 39757 
6 : 237700 187510 230661 187518 230669 187508 
6 : 64736 237711 176667 64742 64731 176676 
6 : 237716 75171 237718 75174 255886 75176 
6 : 218491 6455 237728 6451 218499 6462 
6 : 185262 237765 221421 185264 185260 221428 
6 : 215397 237771 237768 215404 215402 257285 
6 : 237790 230991 237791 231001 264856 231002 
6 : 140129 202578 208582 140123 140124 202570 
6 : 70678 141114 214882 70672 70675 141110 
6 : 129963 237875 10484 129968 10467 10495 
6 : 136405 237876 237877 136413 136416 264571 
6 : 204900 135918 229069 135911 204899 135916 
6 : 15706 189317 225243 15699 15703 189312 
6 : 156535 235345 221104 156533 156531 221102 
6 : 127052 164184 78136 127043 78119 78123 
6 : 215414 192066 196424 192061 196419 192057 
6 : 237927 40877 228555 40882 228557 40876 
6 : 237969 237967 237970 241993 249332 241995 
6 : 90870 231835 216900 90866 90865 216896 
6 : 237978 220600 237980 220601 252237 220605 
6 : 238005 59196 238007 59207 263980 59209 
6 : 238026 193375 37537 193385 37551 37531 
6 : 14131 85401 169320 14114 14120 85394 
6 : 238040 67970 70290 67976 70299 67955 
6 : 224177 238087 87523 224187 87519 87530 
6 : 238088 144994 238085 145003 263254 145002 
6 : 59247 234498 238089 59246 59249 234500 
6 : 238092 238090 187227 250874 187235 187229 
6 : 181638 22470 197589 22458 181630 22461 
6 : 224944 201514 228026 201510 224941 201511 
6 : 130972 213023 238177 130968 130973 213026 
6 : 238188 192274 236822 192280 236834 192273 
6 : 40588 88850 238200 40574 40600 88859 
6 : 195381 238195 174294 195386 174286 174296 
6 : 136342 169337 142226 136330 136327 142217 
6 : 49770 238291 148562 49774 49762 148566 
6 : 238300 175661 238296 175670 251266 175667 
6 : 194402 238308 80391 194410 80383 80403 
6 : 238349 238346 64276 254959 64288 64284 
6 : 55216 238366 238363 55229 55223 253415 
6 : 227005 150584 36176 150580 36172 36162 
6 : 29818 97893 38608 29805 29801 38588 
6 : 216723 178609 235536 178607 216722 178608 
6 : 238405 148870 230888 148872 230891 148868 
6 : 42788 238410 139751 42791 42774 139758 
6 : 238413 20933 196584 20934 196586 20931 
6 : 149453 161922 238454 149447 149456 161928 
6 : 123083 238469 59433 123092 59416 59445 
6 : 238513 238508 238516 246304 264415 246306 
6 : 171844 238519 53547 171848 53524 53552 
6 : 229215 191510 192736 191507 192731 191499 
6 : 234827 83057 197832 83056 197831 83048 
6 : 157794 216922 159529 157792 157788 159525 
6 : 238559 223972 145496 223973 145498 145493 
6 : 72674 11124 226536 11103 72672 11120 
6 : 238567 238564 238568 239128 245512 239129 
6 : 238571 129302 30950 129307 30954 30935 
6 : 194697 233822 25976 194695 25965 25974 
6 : 238596 198483 143069 198484 143075 143058 
6 : 52415 135691 217068 52411 52414 135686 
6 : 238607 238610 119806 251619 119811 119823 
6 : 147146 59434 219598 59419 147142 59428 
6 : 60328 238648 142971 60336 60308 142976 
6 : 236085 156767 238651 156766 236089 156772 
6 : 191712 237835 115059 191710 115049 115058 
6 : 238698 238696 238695 249701 249382 249380 
6 : 238699 68482 136785 68489 136797 68475 
6 : 238702 238709 102612 240104 102613 102620 
6 : 132478 135212 238737 132469 132484 135220 
6 : 43537 204691 3114 43532 3093 3107 
6 : 185876 43117 73013 43110 73004 43098 
6 : 238754 229724 149943 229734 149951 149939 
6 : 125461 238787 237952 125463 125460 237954 
6 : 122490 238795 227697 122492 122488 227700 
6 : 71629 238805 215827 71630 71621 215829 
6 : 238844 238848 218910 241732 218911 218915 
6 : 72044 208230 163258 72037 72035 163253 
6 : 94921 238854 238859 94924 94928 255112 
6 : 238858 237429 59335 237434 59342 59334 
6 : 28116 238864 46541 28121 28099 46547 
6 : 146696 238861 68343 146699 68332 68345 
6 : 216730 177154 101273 177148 101268 101262 
6 : 222226 33629 238912 33626 222232 33634 
6 : 23810 232365 238940 23808 23819 232373 
6 : 238960 238959 238961 247983 251516 247985 
6 : 238968 109851 186570 109856 186579 109843 
6 : 84184 239011 116200 84186 84176 116208 
6 : 107168 122400 239019 107157 107177 122409 
6 : 184296 144590 205431 144580 184290 144582 
6 : 239016 239012 110430 239269 110437 110431 
6 : 227574 233855 239071 227572 227576 233856 
6 : 222300 74585 144714 74581 144711 74572 
6 : 239106 239107 236720 258182 236727 236730 
6 : 178787 173999 63598 173990 63585 63584 
6 : 239110 239112 215294 240485 215296 215300 
6 : 239148 17430 66577 17439 66591 17411 
6 : 12571 239158 239151 12578 12573 247915 
6 : 237621 239157 239154 237629 237625 256748 
6 : 151204 204462 239163 151199 151211 204465 
6 : 239194 206044 115269 206051 115283 115260 
6 : 113920 157828 194647 113911 113917 157823 
6 : 217038 198336 229317 198331 217036 198334 
6 : 232874 239200 196979 232878 196977 196986 
6 : 150256 193790 239237 150247 150262 193802 
6 : 225600 30637 93669 30634 93665 30622 
6 : 93743 239242 239245 93748 93758 253157 
6 : 113969 239238 239244 113972 113977 240124 
6 : 157499 5305 237088 5296 157497 5303 
6 : 160758 239290 239294 160764 160767 252838 
6 : 239296 239119 211798 239122 211801 211797 
6 : 214824 235514 110062 214823 110053 110060 
6 : 48921 21140 231292 21116 48918 21137 
6 : 239352 195224 93152 195235 93165 93143 
6 : 239376 237941 178928 237951 178937 178927 
6 : 13434 67479 66466 13414 13413 66441 
6 : 239401 110240 14958 110246 14968 14947 
6 : 80325 239413 50526 80334 50506 50537 
6 : 228234 195549 239447 195544 228236 195550 
6 : 239448 73563 196373 73565 196375 73555 
6 : 239450 210355 239333 210358 239343 210354 
6 : 222753 57504 104650 57502 104645 57487 
6 : 97008 239464 239473 97009 97018 239518 
6 : 63236 96425 226516 63225 63235 96424 
6 : 239496 239500 55714 255812 55720 55727 
6 : 239505 239501 165573 244844 165581 165574 
6 : 208085 239523 126333 208091 126325 126339 
6 : 147505 237525 239559 147504 147510 237534 
6 : 239560 25977 214580 25988 214592 25969 
6 : 218825 49931 106158 49927 106152 49916 
6 : 239570 11429 239573 11439 255177 11441 
6 : 239606 129553 239604 129563 259199 129558 
6 : 148851 67256 239646 67251 148855 67262 
6 : 194269 239647 239648 194274 194275 259463 
6 : 7501 229913 211751 7497 7494 211748 
6 : 140170 40350 236006 40332 140169 40349 
6 : 207856 22033 50661 22024 50657 22016 
6 : 55323 162243 68794 55314 55308 68786 
6 : 100002 185041 239751 99996 100011 185051 
6 : 239749 148470 176668 148472 176671 148461 
6 : 101030 222979 130390 101022 101009 130385 
6 : 196478 187754 239799 187745 196482 187756 
6 : 239800 209297 194884 209301 194893 194879 
6 : 97115 239802 183254 97117 97109 183257 
6 : 49631 239861 223357 49635 49627 223360 
6 : 118102 26080 133080 26068 118096 26069 
6 : 203915 239866 239870 203920 203927 256266 
6 : 15505 239901 43922 15513 15494 43933 
6 : 109760 215940 161521 109757 109754 161519 
6 : 239917 199247 157145 199257 157158 157135 
6 : 173791 187650 146940 173778 146928 146929 
6 : 97410 239949 183741 97421 97403 183752 
6 : 63874 146517 239961 63862 63878 146519 
6 : 221666 240009 240011 221677 221680 264359 
6 : 107546 240042 38135 107549 38121 38137 
6 : 240045 155127 240041 155134 241895 155128 
6 : 202221 99558 240050 99554 202226 99564 
6 : 225877 99582 175920 99577 175915 99574 
6 : 172258 240094 240095 172262 172265 253299 
6 : 224692 79322 240092 79318 224693 79325 
6 : 240105 40436 44020 40443 44025 40416 
6 : 75902 240108 240111 75906 75908 244567 
6 : 87327 162612 217673 87317 87323 162604 
6 : 240135 109529 225016 109534 225024 109525 
6 : 219508 13289 217802 13286 217796 13285 
6 : 240151 240149 183759 259857 183769 183767 
6 : 83074 240159 87406 83079 83063 87413 
6 : 240155 150173 89983 150174 89984 89969 
6 : 153131 68400 7528 68387 7517 7511 
6 : 42073 219498 175055 42071 42065 175052 
6 : 84800 142513 174760 84787 84793 142503 
6 : 122401 213573 32313 122397 32301 32310 
6 : 196125 240342 219599 196126 196122 219600 
6 : 240350 215113 222538 215118 222550 215108 
6 : 240351 111271 240355 111272 253557 111277 
6 : 211270 182656 240358 182652 211278 182662 
6 : 240356 168564 230867 168565 230869 168562 
6 : 240388 215183 206547 215188 206554 206543 
6 : 180295 163854 238281 163847 180294 163853 
6 : 226512 232792 107918 226511 107915 107916 
6 : 80393 194958 207933 80384 80388 194953 
6 : 240442 143394 240448 143397 251381 143404 
6 : 240445 240444 240443 256412 252734 252731 
6 : 14930 240493 117622 14936 14917 117627 
6 : 79255 240496 182509 79261 79250 182520 
6 : 240497 240499 240492 265211 252298 252299 
6 : 209620 240527 145601 209630 145595 145608 
6 : 15538 224021 240550 15535 15544 224029 
6 : 144996 239275 240548 144995 144999 239281 
6 : 217446 120868 27249 120864 27246 27233 
6 : 48060 21891 88594 21873 48049 21878 
6 : 45517 236543 240657 45513 45529 236556 
6 : 73797 118667 162016 73783 73787 118657 
6 : 48681 240664 139633 48682 48669 139634 
6 : 240708 240711 23971 248005 23973 23979 
6 : 240729 240730 221722 257609 221726 221728 
6 : 240748 240749 216275 263056 216285 216289 
6 : 32788 240056 240754 32787 32800 240067 
6 : 229592 166844 240752 166843 229599 166852 
6 : 240755 220083 240760 220087 249227 220093 
6 : 21079 70707 240815 21063 21080 70711 
6 : 200159 117518 98756 117515 98750 98739 
6 : 240822 164140 10485 164144 10488 10471 
6 : 132924 240860 240859 132930 132928 264255 
6 : 1016 56278 240910 1003 1019 56281 
6 : 64650 235355 214911 64649 64645 214910 
6 : 89692 142096 113402 89684 89679 113388 
6 : 200771 240954 240953 200782 200772 250541 
6 : 187017 240955 116678 187023 116668 116692 
6 : 240956 182098 64245 182109 64259 64241 
6 : 229387 240964 240958 229393 229388 242520 
6 : 240960 23496 240959 23500 251590 23498 
6 : 241001 215881 32093 215885 32095 32088 
6 : 206509 241007 57368 206514 57362 57372 
6 : 237263 112414 241058 112412 237267 112417 
6 : 92579 241061 207151 92582 92578 207154 
6 : 204126 241062 233895 204128 204124 233898 
6 : 3329 144695 239317 3317 3327 144694 
6 : 62900 128113 232899 62884 62899 128111 
6 : 241099 33078 49823 33079 49824 33060 
6 : 241107 156811 241110 156817 265099 156821 
6 : 19318 85098 110184 19299 19302 85086 
6 : 241144 3287 129221 3294 129228 3271 
6 : 148450 84081 214104 84072 148446 84076 
6 : 95601 197317 160996 95599 95595 160986 
6 : 241186 241185 236825 246534 236841 236829 
6 : 172475 147185 241188 147174 172478 147186 
6 : 173035 90015 241190 90002 173041 90023 
6 : 212553 221866 217803 212548 212547 217797 
6 : 241241 220474 241238 220480 248794 220477 
6 : 13623 241247 123857 13624 13617 123858 
6 : 241248 241250 241249 257578 257576 262186 
6 : 241254 210384 241256 210387 252557 210393 
6 : 241278 241276 183936 253385 183948 183941 
6 : 21982 230766 241290 21981 21983 230768 
6 : 241291 44651 75700 44656 75703 44631 
6 : 241297 64278 241301 64283 254449 64289 
6 : 47907 181772 55715 47902 47895 55705 
6 : 73663 90333 47516 73651 47494 47497 
6 : 85562 175379 184154 85557 85558 175369 
6 : 102335 183218 228081 102329 102333 183217 
6 : 208899 71238 208993 71229 208895 71230 
6 : 32896 106109 241362 32877 32905 106118 
6 : 212099 241363 112447 212107 112438 112455 
6 : 241361 180719 28034 180725 28043 28024 
6 : 181860 98613 241370 98604 181865 98618 
6 : 196721 228366 241367 196717 196726 228371 
6 : 17503 32113 241372 17491 17506 32116 
6 : 238804 235629 234697 235628 234696 234694 
6 : 68097 215567 241404 68091 68101 215575 
6 : 133786 159507 241399 133779 133787 159511 
6 : 241400 31835 141258 31840 141261 31819 
6 : 105361 241434 160169 105365 105353 160174 
6 : 241432 141898 241435 141899 241968 141904 
6 : 241436 241437 60136 254364 60142 60144 
6 : 182291 202651 241482 182284 182296 202658 
6 : 64484 19355 29740 19335 29713 19331 
6 : 229271 64737 2805 64735 2803 2786 
6 : 241492 241487 226090 249926 226101 226094 
6 : 57831 241526 40496 57834 40475 40508 
6 : 70119 138416 48566 70114 48542 48548 
6 : 241525 158260 151591 158267 151596 151576 
6 : 72045 241538 241542 72046 72051 256317 
6 : 241563 241568 241570 248480 248481 264518 
6 : 241566 204692 236157 204695 236161 204688 
6 : 201394 52158 36265 52153 36260 36246 
6 : 241574 241575 160065 261054 160072 160074 
6 : 237006 139175 241622 139174 237008 139181 
6 : 61862 211099 241626 61858 61866 211104 
6 : 209974 178713 25978 178705 25968 25963 
6 : 199338 179897 58921 179890 58916 58913 
6 : 186940 69042 100621 69033 100614 69021 
6 : 77395 228367 240467 77391 77394 228365 
6 : 241716 221583 241720 221586 255641 221588 
6 : 241721 241719 241718 260785 257207 257205 
6 : 121843 46622 241761 46611 121846 46623 
6 : 241770 123834 70565 123839 70572 70548 
6 : 241782 241774 241777 256601 262192 256597 
6 : 143115 241787 241786 143124 143123 262465 
6 : 220810 230807 241824 220809 220814 230813 
6 : 165196 33776 241825 33765 165197 33778 
6 : 241827 128114 47859 128118 47866 47837 
6 : 241829 229698 191298 229703 191305 191293 
6 : 241830 216869 155061 216873 155068 155053 
6 : 22360 203636 194808 22356 22354 194801 
6 : 230124 126307 241834 126305 230131 126315 
6 : 55801 20689 176670 20669 55796 20679 
6 : 83307 241862 241859 83312 83308 253990 
6 : 206045 117898 148981 117890 148978 117885 
6 : 223544 241865 241864 223556 223553 262306 
6 : 3012 241868 196240 3017 3007 196246 
6 : 153894 241869 77604 153901 77591 77609 
6 : 54072 220549 206683 54066 54064 206677 
6 : 193162 134288 241885 134278 193174 134296 
6 : 200532 241901 142558 200533 142552 142559 
6 : 72370 225220 15470 72367 15445 15465 
6 : 183612 241910 111994 183613 111990 111996 
6 : 102727 88697 152763 88683 102715 88684 
6 : 241946 7529 241951 7532 245156 7542 
6 : 241954 105042 241955 105049 259971 105052 
6 : 114050 228590 241962 114047 114057 228598 
6 : 242007 102049 235486 102058 235493 102046 
6 : 165775 96890 242009 96881 165777 96895 
6 : 242011 201649 305 201654 314 294 
6 : 46508 13764 222072 13745 46505 13762 
6 : 110361 242017 181225 110366 110357 181232 
6 : 170527 242020 125942 170534 125930 125952 
6 : 105890 242060 242058 105895 105892 243882 
6 : 242062 242067 167613 243522 167614 167622 
6 : 242063 242064 235243 249066 235245 235248 
6 : 242069 27480 242065 27490 254775 27484 
6 : 242070 207494 242068 207503 262370 207501 
6 : 176698 51031 221706 51022 176694 51027 
6 : 235847 56574 78638 56570 78637 56554 
6 : 65687 162017 79716 65681 65673 79706 
6 : 221638 9873 132101 9871 132097 9857 
6 : 242114 142319 2141 142330 2146 2123 
6 : 142828 242155 57092 142835 57072 57097 
6 : 230333 224971 165893 224968 165891 165885 
6 : 163822 242161 242168 163824 163827 251136 
6 : 242166 74489 84562 74496 84572 74471 
6 : 75495 99849 242204 75484 75499 99863 
6 : 215719 163855 174990 163851 174985 163846 
6 : 242199 232793 242198 232795 242487 232794 
6 : 242203 107920 166116 107924 166122 107909 
6 : 242211 209827 229453 209834 229459 209824 
6 : 242221 128413 242213 128422 245948 128414 
6 : 222240 188002 168783 187998 168779 168770 
6 : 242251 220722 47113 220723 47115 47104 
6 : 242253 242257 48567 256176 48573 48578 
6 : 242272 242271 117282 261570 117290 117286 
6 : 169837 77999 206086 77983 169833 77990 
6 : 242297 173736 57093 173737 57094 57082 
6 : 129084 242316 115061 129090 115040 115062 
6 : 203637 121100 242337 121093 203644 121108 
6 : 242358 188003 218639 188012 218649 187997 
6 : 118690 242395 173692 118695 118679 173698 
6 : 129875 129329 242400 129312 129883 129334 
6 : 242399 242397 170348 252593 170356 170352 
6 : 8914 242401 242403 8915 8919 247154 
6 : 242436 138304 240079 138310 240084 138303 
6 : 242437 53797 232448 53801 232452 53793 
6 : 136425 242441 90384 136432 90372 90389 
6 : 121775 229791 242446 121773 121781 229798 
6 : 230402 242442 16736 230403 16729 16737 
6 : 39543 58569 242525 39519 39545 58573 
6 : 242531 114428 242530 114433 253666 114431 
6 : 242532 48082 155947 48088 155955 48074 
6 : 204157 122124 242538 122118 204163 122133 
6 : 240458 242537 211874 240462 211873 211880 
6 : 160889 128197 221242 128183 160888 128194 
6 : 229241 47968 34818 47964 34814 34795 
6 : 213505 179377 242568 179371 213510 179389 
6 : 233443 242567 242565 233448 233444 246035 
6 : 242584 202009 226710 202013 226720 202005 
6 : 208480 242606 52664 208481 52657 52673 
6 : 131031 242608 39287 131032 39274 39288 
6 : 196493 242636 239544 196503 196492 239552 
6 : 199091 211594 217999 199086 199087 211588 
6 : 242666 29556 104768 29567 104776 29539 
6 : 3166 236049 14075 3165 3150 14074 
6 : 17704 242705 26423 17709 17686 26425 
6 : 154521 155848 178752 154511 154514 155840 
6 : 237091 242234 153394 237090 153390 153393 
6 : 242709 242713 242711 256773 256770 262650 
6 : 242722 60610 242720 60622 265055 60620 
6 : 51480 122636 242727 51467 51484 122642 
6 : 167784 242740 213586 167785 167778 213587 
6 : 184693 220462 227300 184691 184692 220459 
6 : 242742 112214 9726 112221 9731 9709 
6 : 219418 242757 242762 219420 219424 256274 
6 : 25373 242792 236477 25374 25372 236478 
6 : 210540 37939 231070 37931 210538 37937 
6 : 50446 70708 178572 50428 50439 70693 
6 : 111372 18819 242852 18801 111377 18822 
6 : 242853 128040 242849 128045 244549 128041 
6 : 225704 24898 55414 24894 55411 24880 
6 : 200708 242872 242879 200710 200715 245890 
6 : 242908 242902 242907 251682 265390 251681 
6 : 242914 63083 242918 63091 263683 63095 
6 : 152737 227461 83979 152733 83971 83977 
6 : 242953 177092 233520 177101 233528 177090 
6 : 148504 153031 242961 148493 148507 153037 
6 : 242960 142027 242958 142035 257626 142033 
6 : 242989 221655 62901 221661 62911 62896 
6 : 216795 217656 242997 216791 216796 217657 
6 : 63215 210871 21653 63209 21634 21648 
6 : 233059 155343 242021 155340 233058 155342 
6 : 243010 241173 217469 241178 217473 217467 
6 : 86192 191392 178930 86185 86182 178917 
6 : 109035 145678 189558 109021 109026 145667 
6 : 186572 240621 110701 186571 110685 110700 
6 : 212407 243037 101648 212409 101643 101656 
6 : 243036 64768 59471 64772 59475 59450 
6 : 243038 204003 163970 204008 163979 163962 
6 : 243039 243047 226285 243396 226287 226300 
6 : 243040 130974 243043 130977 246340 130980 
6 : 144814 112879 237453 112868 144812 112876 
6 : 115107 115239 103396 115099 103379 103380 
6 : 96225 179511 243083 96219 96228 179514 
6 : 168238 147423 29557 147414 29546 29543 
6 : 243087 243082 133979 243909 133995 133980 
6 : 211271 129554 235180 129546 211269 129552 
6 : 243131 243134 42730 256320 42735 42740 
6 : 243135 239999 225187 240000 225188 225185 
6 : 5903 243182 119443 5907 5893 119448 
6 : 90974 243187 243181 90979 90977 252353 
6 : 177931 243190 220413 177936 177928 220418 
6 : 218112 197077 243191 197072 218121 197083 
6 : 243200 243195 70998 256047 71013 71005 
6 : 45609 115026 243209 45594 45610 115029 
6 : 243232 121233 232693 121240 232702 121230 
6 : 97367 243238 108808 97370 97355 108813 
6 : 202775 160133 75962 160126 75955 75950 
6 : 159841 75201 65049 75195 65035 65028 
6 : 243247 243248 191370 262840 191376 191380 
6 : 173930 125025 243251 125018 173932 125029 
6 : 243285 243282 243278 260052 254991 254986 
6 : 81278 155145 243309 81266 81285 155159 
6 : 171911 243306 156316 171916 156310 156323 
6 : 243316 243312 243314 248882 249956 248881 
6 : 188599 147610 243338 147601 188605 147618 
6 : 243337 16981 151299 16989 151311 16974 
6 : 146537 211198 188196 146531 146527 188189 
6 : 41071 6986 80031 6975 41061 6978 
6 : 238910 239734 243372 238908 238917 239746 
6 : 144046 243409 175165 144053 144038 175174 
6 : 97663 22650 163670 22636 97656 22642 
6 : 208069 23561 235690 23551 208067 23557 
6 : 209794 45954 185275 45946 185269 45945 
6 : 55076 203377 201650 55071 55070 201639 
6 : 90603 78819 95670 78798 90589 78799 
6 : 110801 238482 194886 110800 110793 194883 
6 : 179774 203902 209300 179770 179771 203899 
6 : 243451 243453 237598 253402 237601 237605 
6 : 226034 25085 194115 25080 194111 25071 
6 : 243496 129303 205750 129309 205759 129297 
6 : 34526 132004 157148 34511 34513 131988 
6 : 243527 241658 210900 241664 210908 210899 
6 : 100322 243534 50916 100329 50899 50924 
6 : 200481 160494 223560 160489 200479 160491 
6 : 124400 243589 239836 124402 124399 239841 
6 : 165452 243588 126089 165453 126075 126094 
6 : 66673 243633 24656 66675 24633 24661 
6 : 243640 162751 41127 162760 41139 41114 
6 : 179594 243004 107603 179593 107593 107602 
6 : 11946 96795 199957 11931 11942 96788 
6 : 132599 1192 70058 1173 70039 1166 
6 : 181272 194652 241892 181264 181270 194649 
6 : 233091 192314 198124 192313 198123 192307 
6 : 237382 198908 189559 198907 189556 189550 
6 : 239897 83684 161079 83683 161077 83672 
6 : 158818 54501 173252 54492 158809 54493 
6 : 243740 243739 234644 258453 234651 234648 
6 : 243772 24442 225792 24445 225793 24438 
6 : 229136 181807 155775 181806 155772 155761 
6 : 243782 42846 216487 42852 216493 42841 
6 : 894 240309 130943 892 884 130942 
6 : 204401 204234 199903 204229 199895 199894 
6 : 243821 243820 224912 251511 224916 224915 
6 : 161762 223304 74927 161759 74916 74923 
6 : 237487 243864 209731 237488 209727 209732 
6 : 7467 47942 111062 7460 7461 47922 
6 : 152947 149541 243874 149525 152954 149552 
6 : 243871 132127 243870 132138 259143 132136 
6 : 3189 180858 185276 3179 3180 180850 
6 : 83173 107730 169998 83161 83167 107718 
6 : 243918 121844 147729 121854 147738 121829 
6 : 210725 243919 79183 210726 79179 79184 
6 : 44192 243964 243960 44203 44198 264024 
6 : 243961 151783 243957 151792 252617 151788 
6 : 66307 152103 238832 66298 66305 152101 
6 : 243972 243971 62627 248861 62633 62630 
6 : 18644 234037 28447 18642 18631 28445 
6 : 1220 243997 208755 1227 1211 208764 
6 : 243761 35424 244030 35423 243770 35436 
6 : 725 11058 244032 710 729 11061 
6 : 166311 161522 244043 161511 166321 161532 
6 : 229741 110914 188197 110911 188193 110902 
6 : 244079 19913 199444 19915 199453 19906 
6 : 93521 96175 244082 93508 93524 96179 
6 : 155401 244081 38609 155404 38596 38612 
6 : 27041 244083 140831 27044 27031 140834 
6 : 232496 135107 194181 135102 194176 135097 
6 : 244085 190774 135385 190778 135390 135380 
6 : 240608 244098 244099 240614 240615 261091 
6 : 142044 229055 60434 142043 60418 60431 
6 : 146071 244122 236925 146077 146069 236932 
6 : 43118 145789 98133 43106 43101 98122 
6 : 244128 39871 213091 39877 213098 39865 
6 : 104500 28299 133981 28283 104488 28286 
6 : 202631 208799 231238 202628 202629 208795 
6 : 125918 112025 149970 112005 125904 112007 
6 : 194596 244173 228368 194597 194592 228370 
6 : 70679 244205 82737 70685 70667 82747 
6 : 231621 244212 244209 231624 231623 256423 
6 : 189959 244250 244248 189968 189965 259247 
6 : 244257 244254 244252 258624 253994 253987 
6 : 154118 244260 244262 154119 154121 247851 
6 : 244261 229742 244266 229744 250172 229748 
6 : 244268 58973 244265 58981 263114 58978 
6 : 158979 157519 79693 157509 79680 79679 
6 : 233053 244301 73462 233056 73458 73465 
6 : 153692 138736 169797 138726 153677 138729 
6 : 215388 244311 178637 215394 178632 178646 
6 : 244309 244310 80000 261686 80005 80008 
6 : 244313 190323 237199 190324 237203 190321 
6 : 174295 244324 202192 174304 174289 202207 
6 : 43557 94945 223508 43544 43553 94940 
6 : 230923 203310 244362 203308 230935 203330 
6 : 244377 219866 43926 219872 43931 43920 
6 : 59847 141499 202751 59835 59842 141489 
6 : 193581 211486 236060 193577 193580 211484 
6 : 113156 62301 171019 62283 113147 62290 
6 : 202618 233322 188149 202616 188144 188146 
6 : 244398 47209 206013 47212 206017 47199 
6 : 57275 145889 210160 57267 57272 145879 
6 : 242747 244430 60166 242752 60165 60175 
6 : 244433 236521 205289 236529 205297 205287 
6 : 162263 77672 160398 77663 160384 77662 
6 : 89160 230464 172309 89154 89147 172304 
6 : 176809 222326 240589 176801 176808 222324 
6 : 244486 244483 90508 257111 90519 90515 
6 : 148670 244491 244487 148675 148671 245191 
6 : 153811 57911 19946 57896 19932 19921 
6 : 59135 244511 244509 59139 59138 260105 
6 : 178237 23972 11729 23963 11721 11705 
6 : 177302 244559 224596 177310 177297 224606 
6 : 244557 185366 114795 185370 114801 114782 
6 : 218479 234048 144216 218477 144210 144213 
6 : 244560 98759 242467 98760 242468 98757 
6 : 244591 42700 244589 42704 249884 42701 
6 : 129852 101923 73306 101909 73287 73281 
6 : 243694 74644 218983 74643 218982 74638 
6 : 119261 157814 19198 119252 19181 19183 
6 : 139701 28001 198838 27980 139696 27989 
6 : 219101 244610 244612 219104 219105 258170 
6 : 243923 163450 214584 163449 214583 163443 
6 : 244614 244618 159201 246243 159203 159207 
6 : 244653 229259 114480 229265 114489 114475 
6 : 244656 244650 218571 249022 218585 218572 
6 : 244657 244651 74246 250830 74262 74249 
6 : 244662 244661 46376 262791 46381 46379 
6 : 112140 227941 170833 112137 112130 170827 
6 : 231905 161266 207576 161264 207572 161262 
6 : 93092 3380 238584 3360 93090 3378 
6 : 229613 244683 179101 229618 179096 179109 
6 : 136100 80883 244705 80864 136102 80888 
6 : 226682 244702 2652 226684 2649 2654 
6 : 229699 156748 62903 156745 62897 62890 
6 : 244715 244720 2653 254913 2656 2661 
6 : 244724 244721 244727 258946 263061 258948 
6 : 180572 182036 154014 180568 154001 154002 
6 : 198313 107291 54995 107286 54986 54972 
6 : 369 241152 244746 367 370 241155 
6 : 54855 244747 244588 54859 54853 244592 
6 : 212014 244751 174191 212016 174183 174194 
6 : 244770 244773 71661 257092 71667 71676 
6 : 238806 244801 244798 238815 238812 254122 
6 : 185323 190053 244829 185318 185328 190057 
6 : 134268 33631 176845 33615 134260 33619 
6 : 188135 168523 244832 168514 188136 168526 
6 : 244831 93219 239735 93220 239737 93216 
6 : 86425 148584 182167 86411 86415 148575 
6 : 5078 182972 162311 5067 5066 162294 
6 : 131934 244867 244870 131935 131941 252795 
6 : 244871 244873 2434 251628 2436 2437 
6 : 158177 26491 128312 26478 128296 26472 
6 : 56318 154165 211826 56307 56309 154161 
6 : 158139 244916 230540 158141 158135 230544 
6 : 180902 244919 194959 180907 180897 194965 
6 : 244950 163038 222615 163042 222619 163031 
6 : 244951 242174 32899 242178 32904 32897 
6 : 86670 244958 244962 86676 86680 253115 
6 : 244956 244961 244955 251379 249478 249484 
6 : 244990 244991 244989 265061 251950 251951 
6 : 211144 35716 100993 35711 100989 35701 
6 : 244995 211595 119926 211598 119931 119919 
6 : 129064 187153 245030 129060 129069 187159 
6 : 216314 123251 245036 123244 216324 123259 
6 : 236050 154522 196164 154520 196163 154515 
6 : 245076 66086 240531 66090 240536 66085 
6 : 245078 225709 245079 225715 264692 225716 
6 : 97759 231915 194829 97758 97751 194826 
6 : 245128 233647 214175 233655 214189 214172 
6 : 197459 35717 116714 35709 116705 35703 
6 : 40720 211344 245162 40715 40723 211353 
6 : 128629 16368 245165 16359 128638 16381 
6 : 245160 202381 172708 202383 172711 172700 
6 : 219326 107899 245167 107889 219330 107903 
6 : 175144 69068 245170 69056 175146 69071 
6 : 245173 136344 76182 136348 76189 76166 
6 : 245175 186745 146538 186753 146548 146526 
6 : 245141 47279 162888 47278 162887 47264 
6 : 245218 209161 206550 209171 206557 206541 
6 : 129821 198510 106873 129817 106855 106862 
6 : 154039 78704 62036 78690 62026 62018 
6 : 230471 122664 221921 122662 221919 122660 
6 : 22179 245230 245225 22187 22182 260835 
6 : 245241 245246 245251 250932 250936 260299 
6 : 240362 77169 245262 77167 240365 77172 
6 : 245265 132738 245269 132745 263555 132747 
6 : 245267 63971 221997 63976 222009 63968 
6 : 198808 46753 14992 46741 14985 14974 
6 : 236021 16019 189753 16018 189752 16015 
6 : 245271 245274 211345 252581 211347 211355 
6 : 149814 156355 245337 149807 149819 156362 
6 : 180296 94399 105289 94385 105277 94376 
6 : 245333 186302 102642 186304 102644 102631 
6 : 245376 245373 199285 258425 199295 199289 
6 : 54217 245377 137375 54218 54207 137376 
6 : 195317 54099 7214 54086 7204 7187 
6 : 211543 244497 237644 211542 211539 237643 
6 : 45445 231855 80298 45443 45428 80290 
6 : 143118 245419 40818 143121 40801 40821 
6 : 65424 52188 220217 52169 65420 52185 
6 : 213550 245423 91583 213551 91577 91586 
6 : 234394 245424 148051 234400 148048 148061 
6 : 245449 137989 221922 137990 221923 137985 
6 : 230359 245455 231517 230367 230358 231527 
6 : 243235 177559 245456 177557 243241 177565 
6 : 7795 241486 192051 7793 7787 192048 
6 : 30772 217069 55415 30767 30753 55408 
6 : 245490 245489 147637 246690 147639 147638 
6 : 245502 177500 245509 177503 247273 177509 
6 : 245507 245508 245503 264056 248154 248156 
6 : 194490 245538 245540 194491 194495 247871 
6 : 151374 119103 34101 119086 34084 34081 
6 : 245542 154563 16095 154568 16100 16073 
6 : 41819 212581 219602 41810 41813 212572 
6 : 199487 73827 64378 73821 64370 64354 
6 : 136525 245582 13224 136531 13213 13229 
6 : 132053 176537 74586 132046 74570 74576 
6 : 177754 241741 245586 177753 177755 241743 
6 : 159275 230279 190267 159274 159267 190262 
6 : 245596 113543 219967 113547 219979 113537 
6 : 157214 230755 26972 157213 26957 26968 
6 : 98691 49338 140546 49325 98683 49328 
6 : 235021 144526 236231 144523 235018 144524 
6 : 198948 101681 113280 101672 113273 101660 
6 : 231158 130729 206981 130726 206978 130720 
6 : 245669 88034 205919 88036 205921 88024 
6 : 19560 87145 185137 19545 19549 87131 
6 : 181541 184708 18254 181531 18240 18241 
6 : 190041 234277 109691 190039 109678 109688 
6 : 235317 245703 185697 235323 185694 185704 
6 : 245704 43508 108550 43515 108560 43485 
6 : 245711 203744 161732 203748 161739 161722 
6 : 3219 18671 67481 3199 3206 18653 
6 : 96427 93670 141923 93651 96411 93656 
6 : 115962 56385 15933 56374 15915 15909 
6 : 245739 166910 119747 166911 119751 119737 
6 : 245740 238975 73164 238984 73170 73161 
6 : 245744 182425 245748 182430 254688 182434 
6 : 245785 98672 232573 98677 232577 98669 
6 : 245786 86254 176552 86261 176564 86246 
6 : 235822 104227 27436 104225 27433 27417 
6 : 188572 203378 245821 188567 188576 203385 
6 : 61122 149594 245838 61112 61126 149600 
6 : 83382 165134 245841 83372 83390 165146 
6 : 124377 161601 209895 124366 124372 161597 
6 : 245836 11730 140259 11732 140260 11714 
6 : 201557 32735 245873 32726 201562 32741 
6 : 245918 184032 82470 184040 82478 82462 
6 : 67051 203551 4239 67045 4221 4233 
6 : 245924 206796 245923 206804 254892 206803 
6 : 245932 60329 212532 60340 212541 60320 
6 : 104952 189064 216043 104945 104949 189059 
6 : 198714 222906 182240 198710 182227 182233 
6 : 70638 118017 180608 70623 70631 118007 
6 : 245974 160645 131488 160647 131491 131477 
6 : 245982 245981 245977 262349 252825 252824 
6 : 94088 166333 243553 94081 94086 166332 
6 : 246010 104477 60029 104478 60030 60006 
6 : 246041 246046 99381 259529 99385 99390 
6 : 90461 230649 19607 90459 19588 19605 
6 : 85547 72583 186503 72559 85541 72568 
6 : 69723 196278 176579 69717 69715 176569 
6 : 213011 246095 225745 213017 213009 225754 
6 : 182573 246135 235915 182576 182570 235920 
6 : 60230 218682 190638 60227 60224 190634 
6 : 236858 246138 246140 236860 236862 259721 
6 : 246103 246142 143781 246110 143780 143790 
6 : 102584 115363 246144 102574 102587 115365 
6 : 185922 117474 246143 117466 185923 117477 
6 : 223853 220724 48570 220717 48562 48559 
6 : 239023 246151 238771 239034 238768 238783 
6 : 78496 226230 88698 78492 78480 88694 
6 : 228172 206133 211665 206129 211660 206121 
6 : 246175 138518 215400 138523 215406 138511 
6 : 52584 160627 85330 52576 52570 85320 
6 : 190834 164372 246177 164364 190837 164379 
6 : 241193 246222 86643 241198 86641 86647 
6 : 246220 246223 120183 257197 120188 120191 
6 : 28527 246231 246229 28533 28529 261639 
6 : 122295 102156 189910 102136 122288 102145 
6 : 246230 246225 231170 254344 231178 231175 
6 : 181734 148672 242175 148660 181732 148667 
6 : 239509 246273 161321 239516 161318 161329 
6 : 246276 246275 138881 265104 138891 138890 
6 : 230379 53454 246279 53450 230386 53461 
6 : 1880 91444 246285 1869 1883 91447 
6 : 243837 203408 234760 203407 234758 203406 
6 : 1667 212799 246302 1659 1671 212808 
6 : 123207 133177 246327 123193 123208 133180 
6 : 187595 141235 31396 141228 31387 31382 
6 : 229981 236583 61156 229980 61152 61155 
6 : 98335 204345 245386 98329 98334 204344 
6 : 180223 165565 222865 165556 180216 165560 
6 : 125250 245007 116561 125249 116543 116560 
6 : 246369 246365 215942 252508 215947 215944 
6 : 209351 95726 166441 95718 166435 95715 
6 : 246379 237734 117653 237742 117662 117650 
6 : 25305 99693 246205 25294 25304 99692 
6 : 127317 76612 152432 76601 127314 76604 
6 : 121188 104654 78139 104629 78117 78115 
6 : 232439 180039 123516 180036 123512 123504 
6 : 246412 246409 236332 251388 236341 236334 
6 : 237281 243703 120561 237279 120558 120560 
6 : 241693 17184 113036 17182 113035 17161 
6 : 246443 243460 194890 243465 194896 194887 
6 : 136135 237891 208428 136133 136132 208426 
6 : 246445 246447 111511 247883 111513 111516 
6 : 246495 104681 243398 104684 243401 104680 
6 : 182638 240510 168882 182637 168867 168879 
6 : 246497 206658 17328 206664 17331 17320 
6 : 246514 86671 142144 86678 142150 86658 
6 : 18485 139047 169882 18473 18476 139037 
6 : 244366 138457 246535 138455 244367 138460 
6 : 165268 162958 184964 162947 165262 162952 
6 : 75384 246542 246543 75385 75388 250591 
6 : 187254 200031 121262 187245 121248 121251 
6 : 246546 12136 246550 12139 252397 12140 
6 : 176627 192315 188912 176618 176617 188901 
6 : 163239 92365 246579 92351 163244 92369 
6 : 60579 80933 246610 60567 60587 80942 
6 : 155130 115843 242424 115835 155129 115842 
6 : 114429 139236 238125 114418 114427 139235 
6 : 103734 229944 226711 103733 103730 226708 
6 : 87984 25273 158955 25246 87974 25257 
6 : 246672 246675 246673 249990 249987 250842 
6 : 226819 195666 41724 195661 41721 41715 
6 : 164143 58331 246687 58321 164148 58339 
6 : 77255 28712 47482 28693 47459 28690 
6 : 106587 152032 46661 106574 46642 46649 
6 : 125784 242371 137662 125782 125776 137661 
6 : 101311 78590 234057 78576 101308 78587 
6 : 74463 95426 15147 74445 15124 15125 
6 : 34935 246789 29559 34942 29534 29569 
6 : 232210 184263 101682 184260 101678 101667 
6 : 146963 220643 135047 146961 135032 135041 
6 : 246794 50354 197318 50356 197321 50346 
6 : 18619 246827 138123 18626 18612 138133 
6 : 223791 246831 246830 223794 223792 258189 
6 : 246834 221465 170571 221467 170572 170562 
6 : 201634 117502 67587 117493 67580 67571 
6 : 564 89745 246868 547 570 89751 
6 : 97415 222983 172800 97408 97400 172792 
6 : 107631 158124 158740 107623 107624 158117 
6 : 201517 246913 246912 201522 201521 261535 
6 : 220871 20723 232248 20716 220868 20719 
6 : 150341 137509 246918 137502 150345 137516 
6 : 246917 246919 73415 253817 73419 73425 
6 : 176947 84780 217888 84770 176940 84775 
6 : 31270 56202 199050 31248 31263 56198 
6 : 211455 246962 186853 211458 186848 186861 
6 : 94669 21312 196587 21297 94658 21301 
6 : 200372 247004 247002 200374 200373 259615 
6 : 247000 193941 247001 193942 253177 193943 
6 : 209065 145995 160042 145991 160035 145980 
6 : 200625 41660 140488 41653 140483 41645 
6 : 209192 247055 121470 209193 121465 121471 
6 : 247058 224256 247056 224261 263988 224258 
6 : 198960 18255 218984 18244 198958 18247 
6 : 247061 174891 247063 174896 259836 174897 
6 : 242873 125605 138352 125603 138350 125590 
6 : 91554 177979 247093 91546 91559 177988 
6 : 247099 247097 19801 255824 19809 19805 
6 : 94987 191277 247102 94978 94988 191280 
6 : 122032 32612 247105 32598 122034 32617 
6 : 229868 116750 247104 116746 229871 116755 
6 : 247101 205612 64080 205613 64083 64068 
6 : 203486 247112 1837 203487 1828 1838 
6 : 185787 151088 247126 151076 185793 151093 
6 : 247125 216616 158045 216622 158049 158037 
6 : 81915 198861 166249 81907 81905 166242 
6 : 247174 241991 215767 242000 215773 215764 
6 : 99454 247177 247179 99457 99461 260637 
6 : 247178 8916 112539 8920 112544 8900 
6 : 35946 187576 20568 35942 20547 20558 
6 : 107974 123604 242971 107959 107973 123603 
6 : 200847 23648 60690 23644 60687 23631 
6 : 241678 158834 100766 158831 100764 100752 
6 : 247226 247224 247225 262534 264562 262531 
6 : 213856 247230 242085 213859 213855 242089 
6 : 109364 247239 247236 109368 109365 253132 
6 : 209406 153480 102615 153475 102605 102600 
6 : 50174 246584 247069 50172 50173 246583 
6 : 210264 236392 203655 210263 203646 203650 
6 : 247265 147996 93801 148005 93809 93787 
6 : 126846 177251 158447 126831 126827 158440 
6 : 134554 176167 224721 134545 134549 176161 
6 : 243250 55101 246517 55098 243249 55099 
6 : 204235 247284 76219 204237 76210 76221 
6 : 52756 230480 172886 52752 52746 172882 
6 : 102993 228486 247309 102991 102997 228491 
6 : 247308 247311 145281 251446 145282 145289 
6 : 176268 158548 27254 158534 27238 27237 
6 : 186611 125307 99329 125301 99316 99313 
6 : 111490 123582 247351 111478 111491 123583 
6 : 200018 67028 214645 67020 200012 67022 
6 : 243097 194993 239971 194991 239968 194990 
6 : 146751 66057 247359 66045 146752 66058 
6 : 247361 247202 133179 247206 133181 133178 
6 : 173809 247369 245018 173812 173807 245019 
6 : 60963 129743 51687 60947 51653 51664 
6 : 67110 207774 247389 67102 67113 207776 
6 : 231586 247388 247392 231589 231594 251017 
6 : 247390 32317 86732 32322 86738 32298 
6 : 43431 130096 45113 43420 43411 45097 
6 : 108290 130504 247429 108277 108294 130508 
6 : 247445 219038 247441 219043 257597 219040 
6 : 13075 119422 228738 13062 13071 119418 
6 : 221387 211720 220550 211710 220542 211709 
6 : 198871 141194 247469 141188 198879 141196 
6 : 247470 14697 247471 14705 263648 14707 
6 : 12346 62431 247482 12326 12351 62435 
6 : 247489 3045 231518 3048 231522 3043 
6 : 41381 95157 84563 41368 41367 84537 
6 : 127451 135386 247513 127441 127458 135391 
6 : 163823 4007 247514 3994 163826 4016 
6 : 62542 42732 116339 42709 62531 42712 
6 : 247517 178402 51927 178406 51931 51916 
6 : 181510 231059 57645 181508 57634 57644 
6 : 56386 205204 247525 56381 56392 205206 
6 : 165743 82293 116099 82283 116089 82279 
6 : 198058 200593 216567 198042 198047 200580 
6 : 197363 247557 223421 197369 197359 223435 
6 : 121428 123969 222540 121409 121418 123960 
6 : 247562 151922 153723 151930 153729 151905 
6 : 243988 229399 63401 229396 63397 63393 
6 : 128606 81576 247589 81561 128608 81578 
6 : 218683 247620 188447 218689 188440 188453 
6 : 227053 247623 247622 227059 227058 265123 
6 : 230756 156964 206014 156958 206008 156954 
6 : 247643 237679 24297 237680 24299 24294 
6 : 71361 244138 193739 71360 71354 193737 
6 : 247693 105512 212533 105514 212537 105501 
6 : 47637 247244 40353 47636 40324 40352 
6 : 246408 240295 227625 240294 227623 227620 
6 : 244455 72880 205938 72878 205936 72870 
6 : 215185 73989 217332 73979 215179 73981 
6 : 247726 203430 216416 203436 216422 203423 
6 : 247727 247723 234058 255498 234067 234060 
6 : 246065 239716 247732 239714 246067 239718 
6 : 214612 200966 153368 200962 153363 153359 
6 : 247759 247760 243356 255151 243359 243360 
6 : 247770 247766 169247 254560 169258 169252 
6 : 113738 13260 14197 13240 14175 13233 
6 : 53050 235717 247802 53048 53055 235728 
6 : 155232 117923 247803 117909 155240 117925 
6 : 247805 232618 247807 232619 248121 232622 
6 : 137421 87903 226580 87888 137417 87900 
6 : 224990 247831 220918 224991 220913 220922 
6 : 32563 134659 64281 32552 32546 64267 
6 : 14775 247839 126464 14779 14758 126469 
6 : 85836 26104 148167 26090 85818 26095 
6 : 1557 172619 245567 1542 1556 172618 
6 : 72253 101442 247894 72242 72255 101447 
6 : 21246 14994 247918 14972 21254 15004 
6 : 247922 145682 237384 145688 237392 145675 
6 : 247923 247921 116562 261811 116571 116567 
6 : 247926 247932 145169 259406 145172 145183 
6 : 247931 247925 30167 256867 30180 30173 
6 : 55219 219053 201057 55213 55212 201049 
6 : 81762 226927 247964 81760 81769 226935 
6 : 119731 59034 150494 59014 119719 59015 
6 : 222634 247963 209433 222636 209427 209438 
6 : 200789 237110 247966 200786 200790 237111 
6 : 173619 158504 70407 158492 70400 70398 
6 : 230520 92238 67743 92235 67738 67724 
6 : 247999 248000 8384 259300 8386 8387 
6 : 56936 161602 248001 56923 56937 161603 
6 : 59002 240762 248004 59000 59005 240766 
6 : 202639 18506 161709 18502 161702 18497 
6 : 87084 248015 194204 87095 87075 194217 
6 : 186957 236106 29560 186954 29548 29553 
6 : 41790 248031 161296 41795 41781 161304 
6 : 152700 241273 31126 152697 31104 31122 
6 : 190162 69355 173429 69342 173418 69337 
6 : 82796 248033 248037 82799 82803 262616 
6 : 248077 120432 119074 120437 119079 119062 
6 : 248081 214361 208677 214369 208680 208667 
6 : 240449 27285 248083 27283 240453 27287 
6 : 76900 209966 248113 76891 76903 209969 
6 : 130056 228196 57795 130054 57775 57787 
6 : 248114 32228 193016 32235 193023 32222 
6 : 89693 726 46095 716 46078 713 
6 : 97473 248165 38295 97479 38276 38305 
6 : 242014 125606 174209 125602 174206 125592 
6 : 112519 248170 216045 112522 112516 216053 
6 : 248173 160646 228257 160648 228261 160641 
6 : 248205 167145 239821 167154 239831 167144 
6 : 233844 65629 138021 65626 138015 65610 
6 : 46068 194100 248217 46063 46073 194102 
6 : 248215 248212 248211 261738 260368 260367 
6 : 117393 135611 248249 117379 117400 135619 
6 : 119863 62876 133054 62859 119855 62861 
6 : 165963 248253 108810 165968 108793 108815 
6 : 248256 248254 220380 249624 220383 220382 
6 : 61326 64515 248273 61303 61332 64522 
6 : 126885 99802 58133 99793 58127 58124 
6 : 227302 170474 124240 170471 124235 124224 
6 : 229159 185028 213041 185025 213039 185021 
6 : 221840 248329 208649 221845 208645 208660 
6 : 248326 9344 177706 9347 177714 9335 
6 : 248327 248330 189831 258216 189833 189836 
6 : 245649 90409 182574 90407 182572 90396 
6 : 248357 118253 103022 118255 103023 103000 
6 : 248359 243787 140395 243788 140396 140393 
6 : 248362 248363 1633 254506 1634 1636 
6 : 163469 248373 248374 163473 163475 260146 
6 : 12278 64882 197759 12262 12271 64872 
6 : 225958 121020 192480 121015 192473 121011 
6 : 230308 198660 54100 198656 54095 54089 
6 : 142392 83710 234862 83694 142390 83707 
6 : 16544 67589 248397 16521 16545 67591 
6 : 164252 238576 217939 164250 164246 217936 
6 : 187361 242579 248427 187360 187364 242582 
6 : 66951 175340 216488 66945 66949 175332 
6 : 136605 196074 171215 136595 136588 171202 
6 : 223778 15566 248464 15560 223780 15569 
6 : 248465 248463 166723 250796 166726 166724 
6 : 15567 248472 248469 15574 15568 250803 
6 : 248479 76240 248477 76248 257672 76243 
6 : 165430 169408 130363 165424 130351 130352 
6 : 30280 217300 248519 30275 30285 217308 
6 : 82524 207618 248518 82520 82529 207623 
6 : 152513 230851 80774 152510 80755 80768 
6 : 62402 248556 248555 62408 62404 255294 
6 : 16125 132129 76923 16119 16117 76908 
6 : 111063 248560 48428 111075 48407 48438 
6 : 130801 248592 248590 130807 130802 249338 
6 : 190163 248591 245434 190167 190160 245436 
6 : 211085 238977 56106 211082 56098 56104 
6 : 244566 95316 165602 95313 165601 95301 
6 : 229429 248608 248604 229436 229433 255988 
6 : 248611 248606 248610 259088 263821 259085 
6 : 31211 196635 97323 31200 31193 97314 
6 : 120105 237068 198598 120103 120095 198593 
6 : 235267 114051 248639 114048 235274 114058 
6 : 160479 87357 219157 87346 160474 87354 
6 : 174001 248669 173191 174005 173181 173202 
6 : 248668 248670 173060 248733 173061 173072 
6 : 29986 244401 234408 29985 29982 234407 
6 : 30853 22888 215098 22873 30845 22882 
6 : 43079 218000 248715 43074 43081 218006 
6 : 248714 126162 248713 126165 254899 126163 
6 : 170042 110557 248759 110546 170050 110570 
6 : 213842 222518 248760 213838 213849 222532 
6 : 64802 39183 216256 39153 64792 39176 
6 : 4503 151258 38139 4494 4481 38122 
6 : 107333 42583 248813 42564 107340 42595 
6 : 155233 129630 248806 129616 155234 129631 
6 : 149575 136467 248818 136455 149581 136474 
6 : 233235 108025 225539 108023 225537 108021 
6 : 198715 222598 248844 198709 198720 222604 
6 : 131684 156770 121689 131674 121671 121674 
6 : 240709 56938 11881 56933 11876 11852 
6 : 248851 248847 224792 250384 224802 224793 
6 : 248857 51641 216079 51644 216081 51634 
6 : 229886 248877 196186 229890 196182 196191 
6 : 229898 161624 248879 161618 229904 161631 
6 : 198512 248888 194254 198514 194246 194257 
6 : 248917 247138 248919 247139 252907 247141 
6 : 212433 228765 214935 212430 212426 214930 
6 : 227731 105261 77466 105253 77461 77446 
6 : 243041 248954 208089 243044 208088 208094 
6 : 243977 248953 113514 243980 113513 113518 
6 : 103735 222586 176088 103728 103723 176083 
6 : 246644 137853 248957 137852 246650 137858 
6 : 81813 226768 248971 81810 81817 226770 
6 : 92312 216009 211905 92310 92309 211899 
6 : 248990 248988 210444 258602 210451 210449 
6 : 50718 180060 185224 50707 50708 180049 
6 : 242793 150235 220256 150233 220255 150229 
6 : 128021 221869 216278 128016 128013 216268 
6 : 139801 197103 40052 139796 40030 40035 
6 : 142643 131281 13927 131264 13908 13905 
6 : 83544 202507 223510 83538 83541 202502 
6 : 242543 229485 17835 229483 17832 17828 
6 : 155133 249030 38140 155136 38123 38148 
6 : 217517 133603 89846 133597 89839 89830 
6 : 199066 173825 129107 173819 129101 129096 
6 : 249063 26015 237291 26022 237300 26013 
6 : 145905 134178 249073 134166 145906 134180 
6 : 84503 183923 16740 84496 16714 16722 
6 : 240888 249104 249107 240892 240898 261999 
6 : 249103 162464 245752 162466 245755 162462 
6 : 197176 249110 200968 197178 197169 200972 
6 : 118157 221215 211755 118149 118146 211745 
6 : 222587 227827 61622 222582 61610 61612 
6 : 81381 157455 249146 81369 81382 157457 
6 : 147506 166926 25980 147495 25957 25961 
6 : 152592 1222 237749 1205 152589 1218 
6 : 249150 170043 249147 170046 254411 170044 
6 : 101275 176117 229072 101261 101271 176108 
6 : 249182 247817 64804 247820 64808 64801 
6 : 44455 190640 247897 44449 44454 190639 
6 : 236547 166270 50773 166267 50769 50759 
6 : 147981 249215 121615 147985 121600 121624 
6 : 240088 217640 84564 217639 84561 84553 
6 : 249224 249225 248655 253281 248658 248667 
6 : 186747 190943 237239 186738 186743 190940 
6 : 160850 214936 249243 160844 160851 214939 
6 : 110008 249253 136036 110017 109995 136046 
6 : 220130 128442 117194 128437 117186 117173 
6 : 217178 86428 202523 86422 202516 86419 
6 : 235281 249264 134323 235291 134320 134331 
6 : 125085 42789 249281 42772 125088 42792 
6 : 131908 171080 117088 131904 117072 117079 
6 : 245633 59405 249279 59404 245634 59406 
6 : 74115 63547 41236 63520 41211 41210 
6 : 249284 187690 249283 187698 263818 187693 
6 : 249292 161206 204780 161207 204781 161196 
6 : 90757 188732 130946 90751 90747 130931 
6 : 135306 249318 249316 135310 135307 251862 
6 : 196688 229007 229284 196683 196684 229003 
6 : 58868 207046 22071 58861 22051 22064 
6 : 131457 249327 25700 131458 25682 25703 
6 : 249362 249357 249360 258680 262354 258679 
6 : 243313 72585 233040 72579 233035 72576 
6 : 6990 246501 249371 6989 6996 246502 
6 : 53184 249374 230218 53195 53183 230232 
6 : 223400 249369 249370 223404 223405 257158 
6 : 249375 219949 249373 219961 261358 219957 
6 : 36536 177316 249392 36530 36541 177320 
6 : 225004 100890 93281 100889 93273 93259 
6 : 130301 160340 249400 130293 130305 160345 
6 : 180757 180880 249409 180747 180758 180882 
6 : 219139 249413 240503 219144 219137 240507 
6 : 249441 202640 247041 202644 247051 202638 
6 : 209106 249467 249466 209112 209109 262927 
6 : 183469 215263 190342 183464 183460 190337 
6 : 216317 210727 249468 210720 216318 210729 
6 : 203552 231891 227255 203548 203547 227253 
6 : 227043 241773 249516 227042 227048 241778 
6 : 25670 156190 219541 25654 25664 156182 
6 : 50719 249520 150440 50720 50703 150442 
6 : 249538 249540 188150 250394 188151 188157 
6 : 4915 167494 75058 4905 4900 75045 
6 : 170028 156423 189360 156412 170023 156414 
6 : 186349 241925 249548 186347 186351 241926 
6 : 148778 190448 193379 148768 148770 190441 
6 : 130201 97737 232449 97724 130198 97734 
6 : 72387 226628 249621 72385 72391 226637 
6 : 205336 249622 142670 205343 142661 142677 
6 : 114558 24052 94071 24030 94053 24028 
6 : 203553 160043 249638 160033 203554 160046 
6 : 223985 194166 240935 194159 223983 194164 
6 : 249661 208540 249658 208548 254798 208542 
6 : 36418 191198 201126 36408 36411 191186 
6 : 246766 249662 177683 246767 177682 177684 
6 : 249265 214442 219969 214441 219968 214435 
6 : 219645 249693 37079 219646 37074 37081 
6 : 249694 137436 75315 137438 75317 75297 
6 : 169370 207379 238624 169365 169368 207377 
6 : 249699 249696 7685 257893 7696 7690 
6 : 94488 136789 245858 94480 94486 136787 
6 : 249730 249729 53242 256259 53252 53245 
6 : 152935 74149 99888 74132 99872 74130 
6 : 199605 242919 210374 199604 199601 210373 
6 : 203539 199188 29443 199182 29436 29432 
6 : 217499 52791 153501 52788 153495 52775 
6 : 61385 244568 12998 61384 12971 12996 
6 : 92188 249491 182346 92187 92181 182345 
6 : 158693 189012 137589 158685 137571 137573 
6 : 249806 174456 161000 174457 161002 160983 
6 : 21943 73107 249815 21926 21948 73111 
6 : 227406 194255 96694 194251 96688 96676 
6 : 249816 249813 249812 255033 254982 254977 
6 : 45232 135359 245187 45222 45231 135357 
6 : 149830 249856 189808 149834 149826 189816 
6 : 249853 205730 249857 205733 253074 205738 
6 : 249855 122125 249858 122127 261471 122134 
6 : 249863 66557 141719 66561 141726 66545 
6 : 184818 204222 93549 184811 93536 93537 
6 : 239000 165101 249898 165099 239006 165106 
6 : 249895 245202 249897 245205 255273 245208 
6 : 249902 249905 160559 263825 160567 160569 
6 : 249904 249900 249903 250917 265154 250916 
6 : 229272 249907 42169 229273 42164 42170 
6 : 248255 214075 17557 214074 17554 17550 
6 : 2847 38978 10809 2835 2832 10781 
6 : 13765 249942 208104 13772 13758 208112 
6 : 90313 228392 249944 90307 90314 228393 
6 : 243188 128443 237851 128439 237849 128438 
6 : 214499 123156 180974 123148 180966 123143 
6 : 220010 237442 102900 220006 102887 102893 
6 : 240562 177591 249981 177589 240568 177595 
6 : 182493 250011 160583 182503 160573 160595 
6 : 219665 171958 151014 171951 151010 151001 
6 : 52487 138459 250013 52475 52490 138463 
6 : 124063 250016 68543 124070 68529 68553 
6 : 185015 96178 232738 96166 185011 96174 
6 : 166996 234798 250017 166994 166997 234799 
6 : 250020 250022 226896 263834 226903 226904 
6 : 40591 236592 202195 40587 40581 202189 
6 : 41916 68652 250023 41897 41917 68653 
6 : 89442 209623 217261 89436 89437 209619 
6 : 241006 112983 249345 112979 241005 112982 
6 : 56083 157701 167618 56070 56072 157694 
6 : 33918 129108 250085 33914 33919 129109 
6 : 31806 250091 189189 31809 31796 189198 
6 : 3881 167031 250108 3870 3884 167039 
6 : 143106 42847 75822 42833 75808 42822 
6 : 171906 250120 102382 171909 102372 102388 
6 : 247385 210979 73800 210978 73799 73794 
6 : 85979 197000 192316 85972 85971 192306 
6 : 250125 168541 127478 168544 127481 127467 
6 : 250128 250126 14359 257475 14369 14363 
6 : 182639 250132 250129 182645 182643 262807 
6 : 172934 239953 197760 172931 172928 197758 
6 : 24080 202804 183238 24074 24071 183232 
6 : 250161 207425 212305 207427 212308 207420 
6 : 247953 250195 250198 247957 247962 262395 
6 : 250197 250074 33498 250081 33503 33497 
6 : 156934 194913 250202 156924 156940 194921 
6 : 231822 250199 250201 231823 231826 254169 
6 : 239455 193740 171300 193736 171295 171288 
6 : 59850 125128 105020 59833 59832 104998 
6 : 109137 250206 250207 109139 109140 255090 
6 : 126377 188582 242508 126369 126374 188580 
6 : 250240 26556 230219 26563 230225 26551 
6 : 250249 235357 250257 235359 253269 235369 
6 : 109876 8447 208465 8425 109867 8438 
6 : 250289 131628 96938 131630 96940 96927 
6 : 250314 250316 194182 252576 194184 194191 
6 : 241364 250322 85866 241368 85865 85870 
6 : 71068 3758 124021 3730 71052 3735 
6 : 209364 250331 50084 209367 50074 50089 
6 : 84017 163753 242383 84004 84016 163750 
6 : 120257 250361 130642 120266 120245 130648 
6 : 129067 188574 87608 129061 87590 87602 
6 : 130057 203379 308 130051 284 295 
6 : 39258 250387 245907 39261 39257 245913 
6 : 226742 119445 5838 119439 5831 5823 
6 : 30113 141348 165576 30101 30102 141336 
6 : 73202 250423 157255 73204 73191 157262 
6 : 218660 250424 187577 218665 187573 187583 
6 : 242901 119395 159125 119391 159121 119389 
6 : 203315 250433 230220 203320 203307 230223 
6 : 94265 221686 64549 94261 64525 64541 
6 : 13885 180133 250472 13871 13889 180135 
6 : 250498 250497 250502 258052 262888 258058 
6 : 250500 195302 65865 195306 65869 65852 
6 : 50422 250506 52672 50424 50405 52676 
6 : 214502 247190 19952 214496 19937 19947 
6 : 250509 250508 248067 257379 248075 248070 
6 : 240002 39039 52824 39036 52822 39020 
6 : 228124 119696 221813 119690 221807 119688 
6 : 102728 194962 250550 102719 102729 194964 
6 : 250555 203621 211667 203630 211676 203616 
6 : 111397 250557 169899 111401 111389 169905 
6 : 143616 66200 236882 66187 143613 66197 
6 : 117131 164913 32736 117122 32717 32724 
6 : 203051 53384 201668 53373 201657 53372 
6 : 84082 118714 250589 84069 84091 118722 
6 : 4776 144170 156911 4761 4763 144156 
6 : 174050 85444 78926 85434 78915 78907 
6 : 250596 170781 210161 170782 210163 170771 
6 : 245287 45264 205691 45263 205689 45258 
6 : 250618 131035 250620 131037 254361 131039 
6 : 242857 37389 89495 37384 89492 37368 
6 : 234502 223105 250658 223101 234504 223110 
6 : 250659 250661 151815 256062 151819 151820 
6 : 156966 157351 233041 156949 156959 157344 
6 : 247626 243315 240948 243311 240944 240942 
6 : 249364 8766 245801 8765 245800 8761 
6 : 250696 250697 250693 265022 258492 258493 
6 : 132433 71239 181384 71220 132423 71228 
6 : 41409 11839 250783 11817 41417 11849 
6 : 54387 142322 249648 54370 54386 142320 
6 : 96129 250815 34820 96130 34800 34821 
6 : 219920 2464 250818 2457 219925 2471 
6 : 229245 94946 110315 94941 110308 94931 
6 : 240867 18218 250816 18216 240869 18220 
6 : 213552 16183 250819 16175 213554 16184 
6 : 122405 184300 86735 122393 86712 86717 
6 : 232657 80233 144598 80228 144589 80222 
6 : 229817 207459 250851 207454 229822 207466 
6 : 106612 108400 250854 106592 106615 108406 
6 : 152810 187297 250853 152801 152814 187299 
6 : 183207 215264 209511 183206 183205 209506 
6 : 235162 12898 250856 12895 235166 12903 
6 : 146498 156751 138739 146488 138725 138727 
6 : 184674 142645 250882 142636 184677 142652 
6 : 249434 83384 60612 83383 60611 60592 
6 : 250885 161712 136698 161716 136705 136685 
6 : 58018 94646 250904 58003 58022 94650 
6 : 250921 194006 140282 194010 140283 140271 
6 : 250925 7956 68933 7957 68934 7942 
6 : 896 213379 250934 887 902 213389 
6 : 199038 142079 250938 142068 199045 142086 
6 : 89717 15040 238069 15024 89716 15038 
6 : 166522 18054 98761 18041 98745 18036 
6 : 228723 250960 39619 228729 39614 39624 
6 : 229474 250961 181014 229476 181012 181019 
6 : 89426 204519 189281 89422 89420 189272 
6 : 125371 126562 4976 125356 4957 4958 
6 : 232796 215569 47575 215564 47570 47566 
6 : 250981 89818 241085 89822 241091 89815 
6 : 230022 248418 124663 230020 124656 124660 
6 : 251010 61193 71782 61194 71783 61165 
6 : 251019 223486 25841 223489 25844 25833 
6 : 251022 216047 247669 216056 247679 216044 
6 : 251023 26755 251020 26763 262925 26759 
6 : 251028 156730 229899 156740 229911 156727 
6 : 87219 209365 197393 87213 87209 197384 
6 : 103117 251031 161323 103124 103106 161330 
6 : 214324 197413 249377 197403 214323 197412 
6 : 211959 46688 251033 46682 211962 46691 
6 : 233511 39763 251034 39760 233516 39773 
6 : 251064 251062 237398 263422 237409 237405 
6 : 23617 251077 251075 23621 23620 257564 
6 : 152011 179932 116715 152004 116698 116699 
6 : 61547 213639 151688 61540 61534 151681 
6 : 2920 213931 8164 2917 2901 8159 
6 : 251103 251098 251102 252239 260430 252238 
6 : 235594 251109 89210 235598 89208 89214 
6 : 212101 251126 13766 212105 13760 13769 
6 : 103315 245687 142516 103312 103294 142514 
6 : 251138 5343 187853 5347 187856 5330 
6 : 38385 180224 237041 38377 38381 180220 
6 : 251142 251144 17733 256675 17734 17739 
6 : 69749 235777 147427 69744 69734 147422 
6 : 121959 251148 29562 121964 29541 29566 
6 : 117067 90482 42432 90471 42418 42414 
6 : 213427 251200 251198 213430 213429 259219 
6 : 228815 100963 251199 100958 228819 100969 
6 : 251225 251221 251227 254817 260382 254822 
6 : 67426 251248 251254 67427 67433 258459 
6 : 251247 225773 213521 225774 213522 213513 
6 : 251249 28894 188702 28897 188705 28880 
6 : 251252 33341 78899 33345 78905 33325 
6 : 70884 247451 18890 70883 18867 18888 
6 : 85664 251260 250526 85667 85663 250532 
6 : 181098 246022 22213 181097 22198 22211 
6 : 157392 59304 251273 59293 157393 59305 
6 : 158023 227480 186071 158017 158013 186064 
6 : 207986 251281 251284 207990 207995 264243 
6 : 251296 251291 19201 254813 19210 19203 
6 : 83078 159126 243567 83070 83075 159122 
6 : 45408 120564 69385 45394 45389 69366 
6 : 251323 251325 173512 262601 173519 173526 
6 : 135285 249864 251327 135284 135292 249869 
6 : 138072 231916 111196 138069 111182 111191 
6 : 186444 193194 71922 186437 71913 71914 
6 : 237892 251368 111514 237896 111510 111520 
6 : 75669 126563 237042 75657 75667 126560 
6 : 158858 216689 251405 158855 158863 216695 
6 : 115596 97039 251411 97019 115604 97049 
6 : 213356 251409 191841 213363 191830 191848 
6 : 251422 251426 247459 260452 247463 247466 
6 : 153989 46257 226519 46240 153986 46253 
6 : 251445 18191 251444 18195 259436 18193 
6 : 16051 251451 251449 16058 16056 263538 
6 : 134642 201282 251452 134636 134648 201288 
6 : 13106 100231 18891 13087 13081 18869 
6 : 187120 117598 117395 117591 117386 117377 
6 : 236967 246156 82101 236965 82097 82099 
6 : 244836 130803 229681 130799 229678 130797 
6 : 198222 184173 61582 184167 61570 61568 
6 : 204005 187046 155876 187038 155866 155863 
6 : 155907 203904 37541 155902 37524 37532 
6 : 251506 566 95673 567 95675 549 
6 : 95728 129424 109070 95710 95707 109047 
6 : 63491 251537 17299 63492 17275 17302 
6 : 71457 196060 102517 71452 71442 102507 
6 : 133124 182514 251571 133116 133131 182523 
6 : 195473 251567 249963 195475 195472 249964 
6 : 243705 251570 56702 243713 56699 56711 
6 : 83177 139821 251572 83163 83178 139822 
6 : 182724 36869 157602 36859 157591 36854 
6 : 249202 251606 88471 249209 88468 88479 
6 : 246578 205258 81049 205256 81045 81038 
6 : 87646 144507 251612 87634 87650 144512 
6 : 251615 246691 118945 246695 118948 118940 
6 : 15973 162940 212972 15965 15970 162937 
6 : 251646 250824 207648 250829 207659 207647 
6 : 206511 151161 251652 151153 206519 151165 
6 : 229400 247255 28809 229398 28803 28807 
6 : 216682 57474 161324 57467 161312 57461 
6 : 18019 203582 14545 18008 14517 14532 
6 : 102275 195802 50946 102267 50931 50939 
6 : 12114 30487 46836 12089 12091 30470 
6 : 53753 147 251699 128 53758 150 
6 : 251702 80906 239909 80911 239914 80903 
6 : 188655 105119 251709 105109 188656 105120 
6 : 236807 251710 247682 236813 236806 247688 
6 : 251740 136528 141615 136530 141617 136521 
6 : 251741 251739 251742 254810 263508 254811 
6 : 157692 69583 36178 69572 36163 36156 
6 : 251751 7503 65777 7507 65778 7485 
6 : 105764 166271 153370 105748 105745 153355 
6 : 124278 58269 110562 58251 110544 58248 
6 : 226392 108600 225681 108593 225671 108592 
6 : 234993 185501 251778 185498 234996 185506 
6 : 190237 251814 251811 190240 190239 261139 
6 : 243202 219361 70059 219358 70057 70054 
6 : 174791 106719 108675 106703 108658 106697 
6 : 195868 213162 54101 195862 54087 54092 
6 : 236747 225959 197722 225956 197719 197715 
6 : 65580 235595 89498 65579 65567 89490 
6 : 100865 251847 251845 100870 100868 259061 
6 : 184174 64604 245612 64590 184172 64601 
6 : 251852 215555 242451 215556 242452 215550 
6 : 113104 85606 251885 85590 113114 85614 
6 : 123970 200423 126338 123955 123950 126324 
6 : 79589 35143 251920 35123 79594 35151 
6 : 155405 251919 245569 155406 155402 245572 
6 : 251924 150069 247636 150075 247640 150066 
6 : 251964 99091 251966 99093 260887 99095 
6 : 107118 235718 251973 107112 107120 235720 
6 : 234431 118346 145261 118340 145254 118328 
6 : 246024 181788 252002 181786 246028 181792 
6 : 105489 207047 27543 105484 27524 27537 
6 : 216990 243267 216903 216989 216893 216902 
6 : 252057 60438 152971 60443 152981 60422 
6 : 135675 11556 252071 11544 135679 11559 
6 : 206513 252096 252097 206517 206520 261460 
6 : 252103 123109 228902 123115 228909 123107 
6 : 61731 32468 6778 32450 6749 6746 
6 : 252106 26593 217750 26596 217753 26588 
6 : 171807 244537 31690 171805 31676 31687 
6 : 62208 142030 240991 62198 62205 142024 
6 : 252139 252142 32791 255643 32792 32798 
6 : 41969 140833 101277 41954 41948 101256 
6 : 129285 252170 163733 129286 129277 163734 
6 : 252175 252176 156477 257640 156479 156480 
6 : 22295 244590 183316 22294 22286 183313 
6 : 223608 84083 143802 84077 143797 84071 
6 : 139729 107605 251730 107586 139728 107604 
6 : 252205 173793 157125 173801 157129 157113 
6 : 146090 235910 78954 146088 78936 78950 
6 : 252213 252212 237750 255287 237753 237751 
6 : 143654 252245 48014 143657 47994 48020 
6 : 252273 216125 130857 216132 130862 130850 
6 : 233637 184175 23723 184170 23720 23711 
6 : 252313 138073 196316 138076 196318 138068 
6 : 252314 252312 186323 256472 186328 186325 
6 : 144659 212463 212755 144653 144654 212452 
6 : 158906 252318 252317 158910 158909 258736 
6 : 238740 115783 218642 115777 218638 115772 
6 : 226669 252340 252342 226672 226675 263117 
6 : 252344 195007 252345 195009 254861 195014 
6 : 20636 208725 45703 20633 20620 45696 
6 : 228225 10708 7247 10705 7241 7220 
6 : 252390 150070 159227 150073 159231 150056 
6 : 215517 203251 61900 203247 61889 61887 
6 : 134881 252425 222543 134883 134874 222547 
6 : 250896 227140 252430 227139 250901 227141 
6 : 252433 116340 252441 116343 256394 116347 
6 : 137301 144791 252456 137292 137303 144794 
6 : 252459 252461 252460 257245 257242 259507 
6 : 252470 252472 143294 259181 143298 143300 
6 : 136912 252491 174672 136914 136902 174676 
6 : 252492 219889 252490 219898 253443 219890 
6 : 252498 114747 102646 114751 102650 102623 
6 : 72738 247333 239824 72737 72736 239820 
6 : 60581 185046 206914 60573 60576 185036 
6 : 65335 117626 252516 65319 65337 117632 
6 : 131400 86817 252537 86802 131401 86818 
6 : 228145 249928 105668 228143 105663 105667 
6 : 252598 230024 167878 230030 167888 167873 
6 : 182627 40468 180780 40456 180772 40455 
6 : 251484 248613 195356 248612 195355 195353 
6 : 168835 55972 15298 55960 15284 15278 
6 : 151162 109011 27844 108999 27833 27829 
6 : 151663 252631 154951 151667 151651 154956 
6 : 163918 250369 252637 163917 163921 250371 
6 : 174979 49394 252638 49384 174980 49397 
6 : 173498 107032 252645 107024 173501 107039 
6 : 123992 201441 231359 123984 123988 201433 
6 : 252660 252659 238945 259135 238951 238950 
6 : 198007 250090 170895 198006 170885 170893 
6 : 252677 252681 101406 253143 101407 101412 
6 : 85285 249995 52674 85283 52646 52669 
6 : 237838 232860 109321 232852 109313 109311 
6 : 252740 216116 143374 216120 143378 143367 
6 : 59951 200856 29445 59946 29419 29435 
6 : 250629 226582 4422 226581 4420 4417 
6 : 32435 146417 70022 32424 32419 70007 
6 : 45233 106478 79617 45220 45218 79597 
6 : 252746 32765 45077 32767 45082 32743 
6 : 194082 212213 125106 194077 125097 125101 
6 : 252752 133514 176281 133518 176283 133509 
6 : 238978 252758 119749 238983 119745 119756 
6 : 252775 119928 252773 119937 264564 119932 
6 : 252777 252779 55417 259991 55420 55425 
6 : 252782 108066 252785 108067 256115 108072 
6 : 252788 101278 252790 101281 263903 101282 
6 : 80493 82168 16052 80478 16034 16035 
6 : 176335 103574 195227 103566 176330 103567 
6 : 252811 137347 93157 137355 93163 93136 
6 : 252844 245054 156059 245060 156065 156058 
6 : 166094 252848 100997 166101 100983 101004 
6 : 252846 90737 252847 90743 265232 90744 
6 : 194612 6279 23378 6267 23370 6254 
6 : 237576 252883 222210 237578 222209 222211 
6 : 216370 210691 29285 210682 29278 29276 
6 : 252886 67133 50355 67137 50359 50336 
6 : 252901 71515 130254 71519 130260 71502 
6 : 35526 219654 52970 35522 35510 52965 
6 : 248041 111299 69913 111297 69912 69891 
6 : 252951 23529 216637 23530 216641 23519 
6 : 45341 252955 129904 45342 45330 129907 
6 : 245600 70263 151951 70260 151949 70243 
6 : 250865 240297 236337 240296 236333 236330 
6 : 82422 248068 19953 82419 19923 19948 
6 : 245522 250469 208588 245521 208584 208586 
6 : 167337 217868 224847 167331 167334 217859 
6 : 252996 210613 219176 210620 219182 210603 
6 : 12574 79561 253023 12557 12577 79564 
6 : 180698 214027 253022 180694 180703 214032 
6 : 219140 247824 66889 219138 66879 66887 
6 : 204661 253026 211829 204662 204653 211830 
6 : 253028 138545 236009 138547 236013 138541 
6 : 47639 253042 214731 47642 47630 214734 
6 : 223362 216550 253057 216540 223365 216554 
6 : 253058 49427 147730 49428 147731 49407 
6 : 253060 31487 57538 31491 57540 31476 
6 : 247595 238424 146991 238422 146988 146984 
6 : 9055 228903 50947 9053 9040 50942 
6 : 227233 241927 75791 227232 75779 75783 
6 : 239365 130644 241338 130638 239360 130639 
6 : 253173 132253 245695 132258 245702 132251 
6 : 22394 253203 34733 22395 22380 34734 
6 : 27943 173539 236938 27934 27937 173534 
6 : 170188 140576 58792 140556 58774 58769 
6 : 253205 250897 225230 250898 225233 225229 
6 : 96406 216363 70968 96402 70945 70959 
6 : 243090 204195 249762 204191 243089 204194 
6 : 230095 173019 210024 173017 210016 173012 
6 : 65899 253249 111567 65904 65876 111573 
6 : 21454 188600 218315 21443 21446 188597 
6 : 225145 155259 253272 155255 225148 155263 
6 : 22560 133084 101033 22548 22544 101010 
6 : 253276 31577 253277 31580 257140 31581 
6 : 176250 213811 253296 176245 176255 213815 
6 : 253302 22038 247246 22040 247247 22036 
6 : 253311 253305 244815 255285 244826 244816 
6 : 231062 23404 250408 23396 231061 23402 
6 : 120643 224667 146942 120636 120627 146937 
6 : 48532 226647 251160 48528 48531 226644 
6 : 17863 253346 90795 17866 17851 90801 
6 : 227045 158680 253363 158673 227047 158681 
6 : 241793 134207 18856 134204 18852 18834 
6 : 253370 224108 253368 224112 264634 224111 
6 : 162248 169435 253395 162234 162250 169437 
6 : 116941 129529 77675 116930 77657 77659 
6 : 123135 253419 138967 123138 123120 138971 
6 : 226630 253418 247750 226635 226627 247754 
6 : 243789 7359 253424 7357 243792 7362 
6 : 253425 145125 172802 145130 172808 145112 
6 : 1020 194007 253426 1012 1022 194011 
6 : 190521 252331 253444 190519 190523 252333 
6 : 146714 14015 192552 14003 146708 14008 
6 : 37318 195650 188915 37310 37308 188903 
6 : 14937 152876 253498 14919 14939 152878 
6 : 169482 236096 202094 169479 169474 202092 
6 : 195477 8571 227908 8559 195467 8565 
6 : 188734 187490 253537 187483 188739 187496 
6 : 117720 237334 230943 117719 117716 230937 
6 : 37195 17617 209319 17596 37185 17611 
6 : 253543 253544 89236 261270 89240 89241 
6 : 108344 253567 7576 108347 7559 7579 
6 : 253570 114541 253118 114543 253120 114540 
6 : 148098 176251 77605 148091 77590 77593 
6 : 126564 253603 248745 126565 126561 248747 
6 : 253604 144718 237043 144720 237044 144713 
6 : 253631 253635 218493 257443 218496 218501 
6 : 253636 253637 58754 264207 58761 58762 
6 : 128022 78676 115646 78659 115631 78658 
6 : 238163 253641 216280 238166 216273 216287 
6 : 241189 111128 230161 111126 230156 111123 
6 : 89041 181349 253672 89031 89045 181353 
6 : 249260 46627 145373 46625 145370 46615 
6 : 122361 253679 217021 122362 122358 217025 
6 : 200804 94199 97932 94190 97915 94179 
6 : 249197 180042 247343 180041 247342 180040 
6 : 253715 253714 253713 258488 255632 255629 
6 : 100437 158694 253722 100429 100446 158701 
6 : 187280 174458 253717 174448 187281 174460 
6 : 200149 198873 146966 198866 146958 146957 
6 : 127035 246761 125235 127032 125220 125233 
6 : 140328 119649 228156 119635 140323 119645 
6 : 206058 35319 253753 35312 206059 35321 
6 : 251575 53030 126405 53029 126404 53012 
6 : 64605 186575 253762 64591 64607 186578 
6 : 253778 2923 106511 2927 106516 2908 
6 : 243390 253782 253780 243395 243391 253808 
6 : 249333 153727 162317 153724 162313 153703 
6 : 80 198186 251429 70 79 198185 
6 : 58382 210780 83455 58376 58370 83449 
6 : 248603 253786 110189 248607 110186 110193 
6 : 253789 95104 253788 95111 263321 95110 
6 : 50993 145348 253813 50984 50995 145352 
6 : 226745 253816 253818 226748 226750 263912 
6 : 133608 8643 177057 8626 133595 8632 
6 : 124746 20692 253853 20676 124747 20693 
6 : 155812 253857 176672 155815 155806 176675 
6 : 187446 179867 245910 179852 187445 179865 
6 : 200434 189712 253884 189702 200436 189719 
6 : 253883 10341 183647 10345 183650 10326 
6 : 253888 95318 13000 95323 13003 12974 
6 : 253916 252682 160683 252684 160684 160682 
6 : 45052 175057 166424 45040 45039 166409 
6 : 172113 253920 51261 172118 51247 51265 
6 : 191475 168660 204992 168649 191468 168652 
6 : 48924 143879 253929 48907 48928 143882 
6 : 87806 253944 108931 87812 87790 108937 
6 : 253357 226941 128992 226940 128991 128984 
6 : 253966 245055 33499 245058 33501 33496 
6 : 57682 253971 100596 57686 57674 100601 
6 : 201013 38267 94073 38258 94059 38249 
6 : 237099 30836 26334 30834 26330 26310 
6 : 139613 247503 222924 139611 139605 222922 
6 : 237358 24269 254001 24265 237363 24272 
6 : 122033 133085 254005 122019 122035 133087 
6 : 235933 74151 251161 74145 235932 74150 
6 : 142832 239636 206089 142827 142823 206084 
6 : 165486 68687 225019 68668 165480 68678 
6 : 254038 188083 195432 188089 195439 188076 
6 : 252347 126277 206667 126275 206666 126266 
6 : 137424 172972 4424 137412 4403 4407 
6 : 228993 155446 196811 155442 196807 155436 
6 : 214845 31271 127362 31265 127357 31256 
6 : 254087 171441 233996 171451 234004 171440 
6 : 121103 254089 220478 121106 121095 220483 
6 : 252858 100200 231653 100198 231651 100195 
6 : 206195 254114 249609 206201 206194 249614 
6 : 35257 207241 65173 35252 35244 65165 
6 : 254132 254130 152877 262808 152883 152882 
6 : 152743 235491 105797 152735 105774 105787 
6 : 197134 254150 254149 197141 197140 264194 
6 : 201949 94693 234183 94686 201946 94690 
6 : 153138 208286 248136 153128 153136 208284 
6 : 252924 252189 242781 252188 242780 242779 
6 : 70536 179196 254179 70525 70541 179199 
6 : 254185 235443 29203 235447 29207 29200 
6 : 160948 226522 93674 160941 93657 93666 
6 : 182193 182592 248349 182186 182191 182591 
6 : 229932 254219 178640 229934 178635 178644 
6 : 42401 153585 208022 42385 42393 153576 
6 : 60812 204305 187653 60804 60802 187643 
6 : 7278 144619 137753 7273 7272 137738 
6 : 254192 139487 254249 139486 254200 139498 
6 : 254245 135780 254248 135786 264015 135787 
6 : 234655 1803 200339 1796 200335 1790 
6 : 254252 237868 31131 237872 31135 31121 
6 : 254265 35145 245571 35149 245575 35140 
6 : 173513 30170 248705 30154 173511 30168 
6 : 254273 95984 192071 95988 192073 95970 
6 : 254274 254271 243607 256866 243612 243609 
6 : 254276 112666 254278 112669 260389 112672 
6 : 181017 225661 71003 181011 70990 70994 
6 : 246264 104615 37544 104612 37538 37516 
6 : 254315 254309 248145 258889 248158 248147 
6 : 177317 254321 24359 177325 24344 24366 
6 : 78856 99182 161524 78840 78844 99170 
6 : 172522 248942 198914 172521 172512 198912 
6 : 244038 254348 51375 244041 51372 51381 
6 : 31984 230528 153068 31982 31973 153064 
6 : 71172 77300 254355 71159 71177 77307 
6 : 219458 253933 191304 219457 191290 191303 
6 : 239657 204110 254358 204102 239658 204113 
6 : 251750 221217 66643 221216 66639 66633 
6 : 254357 236383 47867 236386 47870 47857 
6 : 75230 250443 143183 75229 75224 143181 
6 : 253855 103225 58336 103224 58334 58314 
6 : 176794 235216 211500 176790 176786 211496 
6 : 129855 254420 117870 129859 117854 117877 
6 : 247060 29053 101927 29052 101924 29040 
6 : 254419 122058 91485 122059 91486 91461 
6 : 77522 254423 84675 77529 77507 84680 
6 : 126999 254424 207081 127004 126994 207087 
6 : 170673 787 252543 775 170672 786 
6 : 110036 254433 100515 110041 100494 100528 
6 : 254193 121821 254464 121819 254196 121823 
6 : 254469 47118 222805 47127 222816 47107 
6 : 200638 79187 198356 79178 198345 79177 
6 : 254471 131153 136071 131157 136073 131141 
6 : 69297 175973 247153 69289 69295 175972 
6 : 62813 233705 254502 62806 62818 233710 
6 : 112821 94947 34823 94932 34803 34799 
6 : 131509 88312 231467 88296 131502 88308 
6 : 254525 145967 254524 145973 262256 145972 
6 : 180860 254540 56704 180863 56689 56708 
6 : 254542 100516 188916 100526 188925 100501 
6 : 219258 103765 116341 103754 116332 103743 
6 : 254574 54997 117816 54999 117817 54973 
6 : 131382 249989 140778 131381 131368 140776 
6 : 136892 247705 76754 136889 76734 76750 
6 : 254579 250327 221927 250333 221933 221925 
6 : 54124 168744 240937 54114 54121 168741 
6 : 166300 254580 212444 166302 166292 212449 
6 : 68754 72881 232084 68735 68750 72876 
6 : 42334 199606 219743 42328 42331 199602 
6 : 254607 254441 195124 254444 195125 195123 
6 : 254608 254611 240534 263545 240541 240542 
6 : 150767 181030 194524 150756 150757 181026 
6 : 254612 250976 212027 250977 212028 212025 
6 : 55925 109660 230667 55911 55922 109654 
6 : 218745 79950 118869 79941 118861 79933 
6 : 3167 154525 254634 3159 3169 154534 
6 : 216968 71395 234864 71388 216965 71393 
6 : 231011 72816 230493 72810 230485 72809 
6 : 77118 185368 254661 77110 77119 185371 
6 : 239876 254664 254660 239881 239878 257839 
6 : 254663 130182 98172 130187 98177 98147 
6 : 224797 44657 71784 44645 71773 44630 
6 : 254682 173912 226523 173921 226533 173909 
6 : 113107 191642 253008 113096 113105 191641 
6 : 254683 61461 169224 61462 169225 61448 
6 : 188484 216969 112791 188478 112777 112782 
6 : 208445 156060 212240 156050 208440 156053 
6 : 154601 254720 234573 154605 154599 234577 
6 : 231858 40819 242186 40812 231854 40815 
6 : 21487 125130 236062 21466 21481 125126 
6 : 254750 64381 105023 64384 105027 64357 
6 : 4245 254758 217584 4246 4235 217585 
6 : 235403 52103 210150 52102 210147 52092 
6 : 254778 228517 254781 228518 259679 228519 
6 : 144237 202598 254783 144232 144239 202600 
6 : 87241 254160 43185 87240 43157 43184 
6 : 160443 128634 88344 128619 88328 88324 
6 : 38692 157641 221689 38684 38688 157634 
6 : 240258 198018 254824 198014 240259 198019 
6 : 173288 148280 254829 148270 173294 148287 
6 : 227965 254854 149519 227969 149513 149523 
6 : 254857 106842 236832 106845 236837 106836 
6 : 201793 254885 76490 201794 76478 76492 
6 : 153350 96828 46664 96812 46650 46641 
6 : 246967 254886 243893 246969 243889 243894 
6 : 129494 254890 249528 129495 129491 249533 
6 : 254904 254908 254907 261213 261212 265364 
6 : 105845 25556 89821 25536 89796 25535 
6 : 113257 251769 52385 113255 52361 52384 
6 : 94792 245998 240684 94789 94786 240683 
6 : 65197 235723 254529 65192 65196 235722 
6 : 86536 240639 107123 86530 86515 107114 
6 : 109383 254941 246617 109384 109380 246618 
6 : 254942 241206 254944 241211 263232 241213 
6 : 220900 67317 182593 67310 182585 67306 
6 : 235550 2438 33081 2431 33077 2414 
6 : 117971 254963 233617 117977 117966 233627 
6 : 207260 112054 236491 112043 207256 112048 
6 : 193550 254967 137754 193553 137744 137762 
6 : 195792 160892 217267 160885 195788 160887 
6 : 209557 213933 151665 209547 151658 151659 
6 : 216991 8167 254966 8160 216994 8173 
6 : 218672 130677 252301 130671 218671 130673 
6 : 179347 255006 242141 179349 179345 242144 
6 : 252424 149928 253279 149926 252423 149927 
6 : 231309 251414 180781 231308 180777 180779 
6 : 254910 117153 40470 117152 40469 40449 
6 : 65560 223742 255046 65558 65561 223744 
6 : 255051 103254 255049 103263 264864 103261 
6 : 106392 244501 140577 106387 106374 140570 
6 : 225231 255066 137380 225237 137369 137383 
6 : 255070 218770 255069 218778 263634 218776 
6 : 27257 244424 253436 27250 27256 244423 
6 : 255095 45986 227498 45987 227502 45981 
6 : 255098 116657 3250 116659 3252 3235 
6 : 143232 90606 238530 90593 143229 90602 
6 : 237602 255102 238487 237607 237597 238493 
6 : 189013 24009 201602 23996 189007 24000 
6 : 255126 199590 255124 199599 264904 199596 
6 : 161645 94582 255127 94574 161646 94584 
6 : 255146 143375 211831 143376 211833 143366 
6 : 54073 255160 226413 54077 54068 226422 
6 : 170375 240877 185385 170372 170361 185381 
6 : 146594 218118 255162 146588 146595 218119 
6 : 171557 255167 237401 171564 171548 237408 
6 : 76426 226404 240902 76421 76422 226401 
6 : 113589 255168 29120 113590 29095 29124 
6 : 255172 239825 39621 239832 39630 39617 
6 : 98947 155948 111595 98940 98935 111580 
6 : 145454 255194 127956 145457 127942 127959 
6 : 4044 143184 255198 4033 4045 143187 
6 : 155814 148984 27814 148975 27804 27802 
6 : 197958 104741 176673 104733 176662 104730 
6 : 217554 250167 110920 217553 110908 110917 
6 : 180589 3193 243608 3178 180586 3188 
6 : 193362 102056 167414 102041 167399 102037 
6 : 253039 17052 21178 17051 21177 17023 
6 : 170797 158449 125032 158438 125016 125015 
6 : 122714 255267 216082 122716 122707 216086 
6 : 255272 101114 34824 101115 34825 34801 
6 : 179628 255300 255298 179637 179634 264547 
6 : 204965 185719 255299 185711 204974 185728 
6 : 255296 167532 16257 167535 16259 16237 
6 : 246811 145375 27728 145369 27723 27704 
6 : 255304 5770 147734 5774 147739 5753 
6 : 55502 224052 184873 55494 55491 184862 
6 : 255324 173694 132543 173701 132551 132527 
6 : 42790 176365 171081 42781 42779 171070 
6 : 149368 32410 253738 32394 149366 32408 
6 : 229657 158241 122331 158236 122327 122310 
6 : 223023 169500 255363 169491 223030 169505 
6 : 85869 195093 235013 85856 85863 195088 
6 : 173795 196725 255376 173783 173798 196727 
6 : 217438 192151 220589 192141 217434 192143 
6 : 255379 255382 203833 260037 203836 203843 
6 : 255380 228787 33382 228788 33384 33371 
6 : 19726 250797 255400 19725 19731 250800 
6 : 255402 246974 255406 246976 258319 246980 
6 : 255410 216371 255409 216376 261992 216374 
6 : 228232 20541 224133 20536 224128 20534 
6 : 76042 228973 71785 76035 71755 71774 
6 : 108725 104082 254669 104061 108724 104080 
6 : 196288 198108 149946 196282 149934 149935 
6 : 226489 21895 125175 21887 125168 21881 
6 : 36443 1975 29243 1945 29216 1944 
6 : 97545 231705 243262 97541 97543 231698 
6 : 193518 41496 158179 41487 158169 41484 
6 : 135656 255471 55286 135662 55272 55294 
6 : 897 255473 118225 899 883 118227 
6 : 219695 255482 221037 219701 219688 221041 
6 : 243661 230281 182052 230278 182051 182049 
6 : 237387 225126 161084 225119 161076 161073 
6 : 47541 77397 193706 47524 47531 77386 
6 : 204077 255508 201127 204078 201116 201128 
6 : 141019 187946 214915 141001 141006 187936 
6 : 235360 255511 170066 235362 170061 170070 
6 : 42621 232060 255533 42617 42626 232066 
6 : 199989 227809 255531 199983 199990 227813 
6 : 255563 255565 86034 263734 86041 86042 
6 : 253040 245603 105415 245601 105414 105409 
6 : 255569 247494 237650 247496 237651 237645 
6 : 255572 176916 244229 176920 244233 176911 
6 : 93525 93778 232742 93506 93520 93771 
6 : 244368 177561 167438 177558 167433 167422 
6 : 224419 185302 148378 185296 148369 148362 
6 : 244273 187071 155065 187067 155062 155045 
6 : 730 64654 255670 714 733 64656 
6 : 141020 170068 182836 140997 141000 170054 
6 : 32411 252754 184967 32406 32397 184966 
6 : 228857 253186 218842 228856 218835 218841 
6 : 238979 233983 105184 233980 105177 105176 
6 : 64184 255685 59916 64192 59887 59924 
6 : 200649 255677 118591 200650 118585 118592 
6 : 76022 100598 255711 76010 76025 100603 
6 : 255709 95986 232234 95990 232237 95977 
6 : 53486 255713 128884 53489 53468 128887 
6 : 76133 239256 255712 76130 76138 239264 
6 : 135830 197336 123860 135822 123842 123849 
6 : 145577 66089 184035 66071 145564 66075 
6 : 130646 229026 219410 130636 130632 219400 
6 : 231803 255724 218087 231808 218081 218095 
6 : 137437 224591 46665 137431 46648 46658 
6 : 152035 20542 217890 20525 152025 20533 
6 : 219647 66233 84783 66227 84776 66211 
6 : 91135 239215 199426 91131 91124 199423 
6 : 143986 255751 21278 143991 21260 21287 
6 : 217007 253462 70061 217006 70053 70060 
6 : 223231 212143 96797 212139 96792 96790 
6 : 49221 229334 242834 49214 49217 229332 
6 : 109611 229615 231239 109605 109606 229608 
6 : 12433 54595 129662 12421 12424 54580 
6 : 230733 243520 255763 230729 230735 243523 
6 : 168360 255783 183138 168361 168354 183141 
6 : 22437 244577 236833 22434 22433 236826 
6 : 218412 248499 230853 218409 218407 230850 
6 : 255815 173913 255814 173920 264751 173919 
6 : 167656 147270 193944 147258 167647 147261 
6 : 191199 150677 26830 150661 26814 26809 
6 : 68731 87488 255872 68715 68733 87497 
6 : 76065 208762 227549 76060 76062 208753 
6 : 233237 255908 204791 233241 204787 204801 
6 : 29701 239877 189194 29698 29692 189183 
6 : 35611 237016 245942 35605 35608 237014 
6 : 255910 215145 95933 215148 95939 95916 
6 : 255912 78957 237754 78963 237759 78951 
6 : 177766 60893 251088 60879 177765 60888 
6 : 214480 255931 255929 214487 214485 260511 
6 : 255937 54188 255938 54191 261192 54196 
6 : 103340 243548 210587 103339 103334 210583 
6 : 169855 127835 163882 127820 163862 127819 
6 : 15086 252936 194122 15085 15076 194119 
6 : 106960 255995 231717 106967 106956 231728 
6 : 154238 244345 255996 154235 154247 244353 
6 : 225827 251577 205995 225826 205989 205993 
6 : 138287 230011 207652 138280 138275 207642 
6 : 93779 255010 256022 93777 93781 255014 
6 : 129163 140329 256025 129159 129164 140330 
6 : 256026 219696 144935 219699 144937 144926 
6 : 256029 57563 39008 57564 39009 38987 
6 : 139804 16893 117553 16876 117532 16872 
6 : 256048 30464 249348 30466 249350 30462 
6 : 256051 256050 40055 265059 40060 40059 
6 : 129530 5803 43042 5783 43016 5776 
6 : 205996 107250 107704 107241 107694 107223 
6 : 190692 235725 246619 190683 190686 235716 
6 : 223111 256064 241341 223113 223102 241346 
6 : 227235 130647 218088 130634 218079 130631 
6 : 179691 93889 146418 93874 146410 93870 
6 : 236695 213831 174529 213829 174526 174522 
6 : 256092 117040 70023 117045 70032 70004 
6 : 242026 139731 256104 139723 242032 139736 
6 : 252184 122080 6139 122079 6137 6115 
6 : 241938 225487 249303 225478 241936 225483 
6 : 49638 209567 78823 49623 49614 78811 
6 : 68515 224960 237336 68507 68509 224956 
6 : 135127 165102 216771 135116 135120 165097 
6 : 107071 256148 256145 107078 107073 259658 
6 : 171638 176058 50123 171629 50104 50105 
6 : 228619 252190 250046 228618 228617 250043 
6 : 242376 162705 256167 162696 242379 162708 
6 : 255003 104591 248660 104590 248659 104589 
6 : 224360 235726 254453 224349 224356 235721 
6 : 104351 256195 256192 104358 104356 261618 
6 : 65747 204384 256217 65737 65753 204391 
6 : 200773 227188 227260 200768 200769 227180 
6 : 256214 5735 185721 5738 185726 5720 
6 : 16339 236222 256223 16335 16346 236228 
6 : 94370 256224 207284 94373 94363 207292 
6 : 228434 58755 256220 58749 228442 58759 
6 : 109945 245179 61295 109942 61268 61293 
6 : 256246 189014 101685 189019 101689 101668 
6 : 256248 256244 256247 257748 263129 257747 
6 : 236696 45078 256278 45071 236699 45086 
6 : 256282 43348 256284 43354 261311 43357 
6 : 216735 146643 249051 146631 216732 146638 
6 : 228477 256285 113642 228481 113638 113644 
6 : 235397 216260 176120 216252 176110 176104 
6 : 180299 91260 47577 91254 47563 47549 
6 : 256313 116470 30375 116475 30381 30351 
6 : 56227 199651 205351 56217 56218 199643 
6 : 256336 191664 164145 191666 164149 164131 
6 : 172275 256339 238589 172279 172272 238592 
6 : 239216 40722 214628 40718 214627 40716 
6 : 37764 193873 256370 37761 37770 193879 
6 : 250214 241473 252796 241471 250213 241472 
6 : 249262 19054 27729 19050 27725 19026 
6 : 256400 173197 247532 173201 247534 173190 
6 : 222164 73689 170189 73681 170180 73677 
6 : 235414 38088 58019 38083 58015 38065 
6 : 256404 256402 237840 261359 237843 237842 
6 : 250940 240823 195574 240820 195569 195568 
6 : 158980 232839 108090 158978 108077 108087 
6 : 256430 150585 213657 150592 213661 150577 
6 : 156261 198601 256210 156247 156260 198600 
6 : 163245 163953 98018 163225 98003 98004 
6 : 205260 92370 256433 92357 205265 92374 
6 : 224109 256434 200891 224110 200884 200892 
6 : 12928 203235 238314 12923 12925 203230 
6 : 256454 45235 142328 45242 142332 45223 
6 : 256455 234384 47052 234389 47058 47047 
6 : 243098 256457 256456 243100 243099 258330 
6 : 251611 241283 239973 241282 239972 239967 
6 : 256490 256489 62492 260161 62495 62494 
6 : 256493 222648 242384 222654 242390 222644 
6 : 139356 256496 237855 139359 139354 237858 
6 : 243189 146596 256497 146593 243192 146601 
6 : 50811 131282 138741 50791 50793 131263 
6 : 144663 101220 5441 101205 5422 5420 
6 : 249919 244152 187420 244151 187415 187412 
6 : 45835 242320 256539 45833 45842 242325 
6 : 256542 173814 5843 173817 5845 5826 
6 : 216924 76987 12216 76982 12212 12195 
6 : 256544 175580 253050 175584 253051 175578 
6 : 89952 214481 256566 89942 89955 214486 
6 : 9388 88994 219160 9360 9377 88989 
6 : 24082 256579 256583 24084 24086 260102 
6 : 256578 198516 78706 198517 78708 78696 
6 : 234843 198824 232172 198818 232169 198817 
6 : 256607 103208 2177 103210 2181 2158 
6 : 256618 256620 114460 262790 114465 114466 
6 : 186029 256635 110436 186034 110421 110441 
6 : 249774 256633 256634 249776 249778 262282 
6 : 254556 116344 81334 116342 81333 81311 
6 : 115736 202236 218018 115728 115732 202230 
6 : 250516 195338 246991 195335 246987 195333 
6 : 212333 248585 241702 212328 212324 241699 
6 : 220822 249719 88735 220818 88721 88730 
6 : 75672 211501 256674 75662 75677 211509 
6 : 15711 65748 119050 15690 15692 65724 
6 : 46182 222124 220603 46181 46180 220596 
6 : 25375 201344 225607 25364 25370 201340 
6 : 47912 256698 208301 47914 47904 208305 
6 : 242795 256702 256699 242802 242798 263236 
6 : 69207 214109 86314 69197 69185 86302 
6 : 80676 235461 256706 80670 80683 235467 
6 : 69996 232499 218771 69991 69988 218764 
6 : 63514 76493 5844 63496 5818 5819 
6 : 243184 189714 245023 189707 243179 189709 
6 : 76160 187047 104901 76148 76143 104885 
6 : 122530 75674 256683 75656 122529 75673 
6 : 249078 256760 127933 249081 127932 127940 
6 : 256758 244443 203746 244446 203752 203743 
6 : 220633 246310 256778 220630 220636 246313 
6 : 160224 255395 126718 160223 126702 126717 
6 : 135445 256804 180241 135449 135439 180246 
6 : 256078 80426 256803 80425 256081 80431 
6 : 134208 18548 256809 18527 134209 18550 
6 : 236968 241794 49668 236963 49662 49663 
6 : 218685 256815 256819 218687 218691 259725 
6 : 189612 247504 185228 189608 185212 185223 
6 : 251889 215772 23688 215770 23686 23675 
6 : 256874 255693 241047 255697 241053 241046 
6 : 256880 21784 181899 21787 181904 21771 
6 : 149578 256884 225543 149580 149574 225546 
6 : 112276 111399 256890 111382 112279 111403 
6 : 216531 111274 123015 111266 123009 111254 
6 : 256909 6245 106749 6247 106752 6223 
6 : 256914 99061 256913 99067 263065 99066 
6 : 56941 31692 209900 31663 56927 31682 
6 : 90763 101142 255833 90746 90762 101141 
6 : 197461 244132 181919 197457 181910 181914 
6 : 186960 235853 256963 186953 186967 235859 
6 : 256961 253799 256965 253802 263955 253805 
6 : 256967 236535 184018 236536 184019 184012 
6 : 241013 63727 182243 63720 182238 63711 
6 : 190415 256981 212467 190416 190404 212468 
6 : 46301 29409 256985 29387 46304 29416 
6 : 136469 168000 47085 136457 47067 47071 
6 : 21946 140932 92146 21933 21928 92130 
6 : 240451 154720 160786 154716 160781 154708 
6 : 56482 63728 250397 56463 56479 63724 
6 : 115845 118206 14513 115834 14498 14499 
6 : 144573 159910 133321 144564 133307 133311 
6 : 238409 90852 117092 90849 117086 90837 
6 : 29121 162098 225750 29104 29114 162090 
6 : 222465 142874 109567 142869 109557 109543 
6 : 54930 210890 250345 54923 54928 210889 
6 : 117525 161901 257072 117510 117529 161906 
6 : 76107 239773 221873 76099 76095 221864 
6 : 257076 105543 147188 105544 147192 105524 
6 : 83566 4944 89238 4928 83550 4929 
6 : 91393 211861 257078 91386 91394 211862 
6 : 223159 85333 257086 85327 223162 85337 
6 : 257088 244020 238948 244022 238949 238943 
6 : 211185 88854 257100 88845 211187 88856 
6 : 223736 179760 257098 179755 223737 179761 
6 : 105919 257127 228840 105923 105914 228845 
6 : 257131 246068 254045 246069 254049 246066 
6 : 182903 257138 257136 182907 182904 261827 
6 : 257134 253649 38574 253651 38575 38572 
6 : 237856 182495 67348 182490 67342 67333 
6 : 165292 222661 257152 165280 165295 222668 
6 : 240168 257151 189476 240169 189472 189478 
6 : 249667 243678 242782 243674 242777 242774 
6 : 38805 57302 257153 38782 38806 57305 
6 : 255306 237028 255985 237026 255305 237027 
6 : 257155 230391 257157 230395 262481 230397 
6 : 213357 59876 9987 59864 9971 9961 
6 : 150696 181920 257166 150684 150703 181926 
6 : 240968 148750 171580 148745 171577 148743 
6 : 257189 257187 257185 263176 259262 259258 
6 : 250176 155365 136185 155362 136182 136171 
6 : 257216 186654 254674 186657 254679 186653 
6 : 257218 248407 191176 248413 191178 191172 
6 : 257237 162073 10185 162078 10189 10166 
6 : 257238 91422 174394 91426 174398 91406 
6 : 257243 257247 19612 259993 19615 19619 
6 : 257246 167713 230650 167718 230654 167706 
6 : 75079 170896 138309 75071 75069 138292 
6 : 60297 251759 82350 60295 60279 82349 
6 : 83586 233676 171581 83581 83576 171573 
6 : 65002 249285 257295 65000 65004 249289 
6 : 134023 2960 257296 2944 134026 2964 
6 : 243649 208976 257299 208972 243653 208985 
6 : 111906 146189 254454 111891 111903 146187 
6 : 227236 233196 63851 227230 63837 63841 
6 : 208093 23689 241048 23672 208086 23679 
6 : 156037 248264 238878 156035 156032 238875 
6 : 89698 248342 170069 89694 89688 170063 
6 : 99304 257339 120050 99308 99295 120058 
6 : 257362 239268 251307 239270 251310 239266 
6 : 256887 156458 169902 156457 169901 156450 
6 : 86145 89347 239931 86129 86141 89342 
6 : 146438 72587 12537 72565 12513 12506 
6 : 206786 26975 186507 26962 186495 26960 
6 : 257395 175170 232982 175172 232986 175161 
6 : 215956 49395 231600 49387 215952 49389 
6 : 221147 111700 102416 111695 102407 102394 
6 : 190072 245380 248089 190068 190069 245378 
6 : 253033 239481 171558 239479 171554 171550 
6 : 236411 233085 76845 233074 76835 76832 
6 : 50744 187157 250873 50735 50743 187156 
6 : 110488 257419 98790 110492 98765 98795 
6 : 152269 254891 242415 152268 152262 242413 
6 : 204386 36937 257451 36926 204390 36941 
6 : 246183 257450 221093 246186 221086 221095 
6 : 43408 86285 26266 43392 26236 26241 
6 : 236450 111427 244194 111424 236447 111425 
6 : 246367 254138 195753 246366 195748 195749 
6 : 257487 248420 239340 248425 239346 239337 
6 : 257492 257495 143186 265063 143189 143191 
6 : 194417 60473 249168 60462 194416 60470 
6 : 257522 257526 257521 259178 259112 259118 
6 : 73167 89500 169728 73146 73154 89481 
6 : 257532 4376 171024 4381 171028 4358 
6 : 189944 139280 247505 139268 189941 139277 
6 : 229322 161425 477 161417 468 454 
6 : 257549 257551 221492 260358 221493 221497 
6 : 257555 252263 253650 252271 253660 252259 
6 : 233312 201881 229027 201876 229023 201873 
6 : 257561 125253 43930 125258 43935 43906 
6 : 164794 250070 10926 164792 10910 10924 
6 : 245523 130924 212446 130920 212439 130915 
6 : 95246 7959 187565 7944 95238 7949 
6 : 151352 257602 154957 151355 151343 154962 
6 : 150343 16854 257606 16836 150346 16860 
6 : 257604 257603 23409 258713 23413 23411 
6 : 257611 18021 227500 18028 227507 18014 
6 : 176932 257616 56816 176934 56800 56818 
6 : 141780 202844 137351 141770 137331 137337 
6 : 168969 184854 43007 168959 42990 42995 
6 : 100379 254399 26832 100376 26805 26829 
6 : 144832 203989 257658 144824 144835 203995 
6 : 257655 143249 182037 143251 182038 143239 
6 : 96229 156379 100999 96217 96209 100981 
6 : 242663 116719 251171 116712 242662 116716 
6 : 116443 256792 257670 116442 116448 256802 
6 : 257684 257685 172601 259004 172603 172604 
6 : 168821 103662 16583 103648 16572 16559 
6 : 257688 257687 198034 261755 198038 198036 
6 : 102442 257711 229403 102443 102440 229405 
6 : 148632 163954 94454 148616 94437 94440 
6 : 233303 165569 233525 165561 233295 165562 
6 : 257721 73717 200971 73719 200974 73702 
6 : 159631 14997 257736 14978 159635 15000 
6 : 100803 183747 257743 100789 100804 183750 
6 : 136041 257742 172804 136042 136024 172805 
6 : 211156 103080 101544 103071 101534 101520 
6 : 158657 241319 215682 158654 158652 215677 
6 : 192001 62850 112883 62840 112872 62830 
6 : 56766 257773 196076 56771 56761 196081 
6 : 171907 143554 227429 143539 171905 143550 
6 : 235047 66334 240904 66328 235043 66330 
6 : 257776 245316 244069 245317 244070 244060 
6 : 99696 22438 182258 22424 99688 22430 
6 : 106843 135051 161003 106823 106828 135034 
6 : 227441 257791 233139 227442 227438 233144 
6 : 257321 241330 243764 241328 243762 241324 
6 : 197550 239258 257796 197547 197558 239262 
6 : 32320 243066 250136 32314 32318 243065 
6 : 242724 40553 219756 40544 219754 40542 
6 : 181900 13108 100483 13095 100469 13088 
6 : 257814 257817 185556 262318 185558 185560 
6 : 249782 257818 257254 249784 249781 257255 
6 : 224341 49087 211365 49082 211361 49080 
6 : 149040 218947 41413 149033 41393 41404 
6 : 257846 207653 218579 207656 218582 207638 
6 : 150699 179937 200123 150683 150687 179927 
6 : 210966 93028 252411 93018 210965 93026 
6 : 257872 242812 100770 242815 100773 100765 
6 : 107902 184496 248862 107884 107901 184494 
6 : 225737 221158 123995 221152 123987 123986 
6 : 202789 151597 257927 151579 202790 151598 
6 : 242254 221945 222808 221938 222798 221935 
6 : 257931 209884 257929 209889 264358 209888 
6 : 58725 44457 257933 44436 58727 44460 
6 : 227099 4534 166273 4522 166265 4518 
6 : 247008 217138 222139 217133 222136 217128 
6 : 222675 255834 251861 222674 222673 251860 
6 : 41614 251584 179022 41609 41601 179020 
6 : 256697 193797 141929 193794 141928 141914 
6 : 257989 99610 55722 99612 55725 55698 
6 : 115224 222116 243765 115216 115218 222112 
6 : 163906 176253 167695 163897 163896 167680 
6 : 176304 253092 258010 176300 176305 253093 
6 : 28075 258012 258011 28077 28076 258420 
6 : 228182 227202 198769 227195 198764 198763 
6 : 258016 248925 258019 248928 264446 248933 
6 : 168723 157913 258040 157901 168724 157914 
6 : 207987 199267 258044 199261 207994 199273 
6 : 101732 258045 232403 101733 101728 232410 
6 : 174894 140910 91487 140901 91474 91465 
6 : 253002 133517 14854 133515 14851 14835 
6 : 98865 235463 218990 98858 98855 218978 
6 : 116078 227701 5348 116070 5323 5338 
6 : 258076 231014 16747 231017 16751 16731 
6 : 145968 24010 258077 23990 145971 24012 
6 : 236574 177135 258100 177129 236576 177136 
6 : 258112 80625 258110 80632 264823 80631 
6 : 152678 249493 165607 152676 152670 165603 
6 : 87360 223580 86857 87355 86826 86848 
6 : 249697 254836 791 249695 785 788 
6 : 136285 111701 130507 111686 130496 111683 
6 : 179502 239098 172340 179499 172322 172335 
6 : 30488 258155 258156 30489 30490 258293 
6 : 123137 252199 256185 123134 123136 252197 
6 : 210182 256094 46842 210181 46824 46841 
6 : 258173 157294 193626 157296 193633 157287 
6 : 206227 53732 258175 53724 206230 53734 
6 : 250911 258180 235172 250914 235169 235175 
6 : 242911 213723 258183 213719 242915 213730 
6 : 228077 258021 224318 228076 224307 224317 
6 : 258200 246704 40981 246706 40982 40974 
6 : 70661 163920 207270 70651 70654 163912 
6 : 258223 244346 258224 244351 264453 244352 
6 : 207691 196047 258230 196036 207696 196053 
6 : 217349 159930 258228 159924 217351 159933 
6 : 164728 108402 258232 108388 164731 108405 
6 : 242398 199747 157853 199744 157849 157841 
6 : 185701 188298 258237 185689 185702 188299 
6 : 1611 155367 258257 1598 1613 155372 
6 : 250177 242101 170547 242096 170544 170543 
6 : 258258 195435 214310 195438 214313 195420 
6 : 258259 252831 83358 252836 83364 83356 
6 : 258260 139872 71668 139874 71669 71647 
6 : 236211 258280 254709 236214 236210 254711 
6 : 250742 177117 81820 177112 81815 81803 
6 : 258281 106198 224319 106201 224324 106190 
6 : 236502 258284 208838 236506 208830 208847 
6 : 213111 139849 235182 139840 213104 139846 
6 : 258292 255012 247421 255013 247422 247419 
6 : 74037 241737 151506 74033 74027 151500 
6 : 243540 164932 252230 164928 243539 164929 
6 : 21057 126587 258323 21047 21061 126592 
6 : 228381 131841 170265 131831 170257 131827 
6 : 258321 126028 53109 126029 53110 53090 
6 : 258341 9510 165237 9516 165241 9501 
6 : 55253 77061 249967 55235 55250 77055 
6 : 171194 249189 255944 171189 171193 249188 
6 : 247774 83845 258385 83837 247775 83846 
6 : 164235 258387 173815 164236 164221 173816 
6 : 241442 132134 111068 132126 111060 111048 
6 : 233760 258410 184875 233767 184866 184883 
6 : 85404 228716 122175 85399 85388 122165 
6 : 250438 253359 23344 250437 23338 23339 
6 : 253510 67162 258414 67161 253511 67165 
6 : 172363 248938 252252 172361 172362 248937 
6 : 71458 44486 258439 44468 71466 44491 
6 : 258438 230825 196063 230828 196067 196059 
6 : 211632 206137 14235 206120 14218 14217 
6 : 63790 242767 112911 63787 63776 112908 
6 : 142418 168451 229684 142405 142411 168442 
6 : 184281 145045 135052 145028 135037 135031 
6 : 146796 258497 258500 146798 146801 261052 
6 : 258498 116312 221739 116317 221745 116306 
6 : 258503 154240 244689 154242 244693 154236 
6 : 181032 258506 170913 181035 170903 170915 
6 : 171992 222810 240425 171985 171989 222796 
6 : 193536 239029 258526 193530 193542 239036 
6 : 82169 258527 231064 82170 82166 231065 
6 : 62544 182739 134184 62536 62532 134170 
6 : 19361 173173 32023 19343 19332 32004 
6 : 216320 194433 248491 194426 216316 194429 
6 : 251365 135004 247885 135001 247882 134997 
6 : 249438 113009 255260 113003 249437 113006 
6 : 186186 34498 258612 34490 186187 34499 
6 : 239449 69879 92538 69877 92532 69859 
6 : 257913 104537 158078 104536 158077 104518 
6 : 246114 258654 256389 246115 246113 256392 
6 : 258656 256316 169228 256318 169233 169226 
6 : 252764 128201 144621 128199 144618 128178 
6 : 257453 160894 258667 160893 257456 160895 
6 : 258669 257019 258666 257024 261459 257022 
6 : 12877 95900 193627 12861 12866 95891 
6 : 179005 6547 241419 6540 179001 6545 
6 : 258695 258696 191320 264307 191325 191326 
6 : 102730 203623 180424 102720 102716 180417 
6 : 258697 197234 152767 197235 152768 152753 
6 : 224936 219811 256390 219799 224934 219809 
6 : 43119 159106 5511 43108 5476 5488 
6 : 258727 10142 3123 10144 3124 3090 
6 : 158222 198963 135502 158218 135479 135487 
6 : 258733 3450 258734 3452 261029 3453 
6 : 105491 159040 242699 105477 105487 159035 
6 : 204356 252787 39186 204355 39173 39185 
6 : 245720 216261 258767 216255 245723 216264 
6 : 240271 131771 13606 131767 13600 13583 
6 : 130463 37856 258773 37839 130465 37860 
6 : 6897 153195 39333 6872 6864 39303 
6 : 238298 76523 248586 76515 238294 76519 
6 : 250298 242454 163883 242449 163880 163878 
6 : 72238 162867 215634 72230 72232 162861 
6 : 226296 241999 255694 226284 226293 241997 
6 : 258795 110781 126929 110786 126934 110766 
6 : 76846 245153 241601 76838 76836 241592 
6 : 199397 258818 183077 199400 183066 183081 
6 : 211617 238936 119752 211615 119741 119744 
6 : 258817 232369 105185 232371 105189 105175 
6 : 164533 85636 123862 85619 123845 85615 
6 : 230120 171809 149601 171804 149591 149586 
6 : 258823 29597 258824 29602 264337 29603 
6 : 229368 214365 240476 214358 229365 214360 
6 : 100037 182055 25524 100029 25499 25509 
6 : 161605 113234 136701 113218 136684 113215 
6 : 232565 253343 258869 232562 232570 253345 
6 : 238629 792 223581 784 223573 783 
6 : 241796 132848 184131 132843 184126 132836 
6 : 84483 241810 258897 84479 84489 241819 
6 : 247481 174113 141616 174111 141612 141604 
6 : 179938 258898 252033 179942 179934 252043 
6 : 197465 233976 91451 197455 91437 91440 
6 : 253819 164038 151263 164036 151260 151247 
6 : 258899 258901 100203 261051 100206 100209 
6 : 224888 208391 162779 208381 162768 162765 
6 : 604 211568 38614 597 578 38603 
6 : 49525 2268 130133 2243 49504 2248 
6 : 245085 230087 33982 230085 33980 33978 
6 : 155153 183341 247338 155140 155146 183331 
6 : 162592 232529 239827 162584 162586 232521 
6 : 47829 210469 129020 47819 47810 129007 
6 : 216102 90798 258939 90789 216103 90800 
6 : 235129 102164 183575 102155 183569 102144 
6 : 256036 123884 36481 123882 36479 36464 
6 : 49089 31335 71608 31317 49070 31318 
6 : 1156 139073 228548 1145 1153 139067 
6 : 130981 208095 29896 130967 29868 29887 
6 : 182959 105121 247686 105108 182957 105118 
6 : 25238 236982 225022 25233 25229 225015 
6 : 205107 257884 200470 205106 200458 200468 
6 : 258987 171118 221552 171121 221555 171113 
6 : 134530 258991 192652 134531 134521 192653 
6 : 52543 209715 192926 52540 52538 192915 
6 : 258997 204294 49116 204295 49118 49107 
6 : 228818 49430 233903 49417 228813 49420 
6 : 122976 212492 26337 122968 26321 26324 
6 : 143636 259019 72332 143638 72316 72338 
6 : 162448 255329 158028 162446 158012 158026 
6 : 92722 81153 114124 81137 92708 81140 
6 : 20830 259048 44087 20831 20810 44088 
6 : 249783 222051 237445 222048 237441 222043 
6 : 255314 243170 129449 243168 129446 129440 
6 : 28304 52941 101000 28277 28282 52911 
6 : 259069 152535 253518 152542 253524 152533 
6 : 180263 227702 180349 180256 180249 180340 
6 : 122508 253952 113360 122507 113338 113359 
6 : 251270 110565 196012 110561 196009 110547 
6 : 179632 245302 119054 179626 119035 119043 
6 : 136311 259098 259097 136314 136313 262974 
6 : 142081 250239 54255 142077 54233 54251 
6 : 246467 75933 203321 75930 203312 75920 
6 : 257160 191846 230224 191844 230222 191835 
6 : 224534 96255 29897 96247 29888 29865 
6 : 18297 191492 259123 18289 18300 191496 
6 : 187020 239260 135834 187016 135821 135829 
6 : 197551 259120 134476 197552 134462 134477 
6 : 255681 116687 259089 116682 255680 116686 
6 : 259124 259125 93676 264318 93680 93682 
6 : 190711 259128 256439 190712 190708 256441 
6 : 237077 259127 228489 237078 228483 228490 
6 : 241919 184530 4379 184519 4370 4361 
6 : 237974 67692 254736 67684 237973 67690 
6 : 259149 152435 106844 152439 106849 106827 
6 : 136372 238676 256657 136366 136370 238674 
6 : 210426 102761 256741 102748 210425 102758 
6 : 254322 259156 259155 254329 254323 260493 
6 : 248822 259166 177889 248824 177886 177891 
6 : 20806 154740 211368 20792 20798 154731 
6 : 126873 63703 82576 63689 82560 63684 
6 : 46483 21727 259176 21707 46486 21728 
6 : 122896 75650 154933 75633 122878 75635 
6 : 122248 255860 258328 122246 122247 255859 
6 : 58166 113361 196013 58147 58156 113347 
6 : 232558 33190 209956 33184 209950 33180 
6 : 237116 92373 51108 92363 51096 51074 
6 : 256432 233306 46411 233302 46408 46402 
6 : 157063 27684 259230 27668 157065 27686 
6 : 170148 234750 168388 170143 168364 168380 
6 : 252570 13228 250146 13227 250144 13225 
6 : 39259 120541 30956 39245 30928 30933 
6 : 89931 189715 20250 89920 20225 20232 
6 : 250106 80127 140065 80124 140063 80111 
6 : 117007 259255 256856 117009 117002 256864 
6 : 163923 94493 249384 94483 163915 94487 
6 : 191087 234960 255661 191078 191085 234957 
6 : 127784 259272 259274 127786 127790 261508 
6 : 220670 248706 251239 220666 220667 248704 
6 : 64773 250674 172976 64770 64758 172970 
6 : 146266 259299 119698 146269 119677 119703 
6 : 72026 201499 174025 72016 72013 174012 
6 : 108142 6708 175263 6691 108128 6697 
6 : 2179 106050 144066 2159 2163 106032 
6 : 20298 244971 209164 20296 20283 209160 
6 : 179939 156382 133990 156366 133967 133965 
6 : 259345 253297 259348 253298 260378 253301 
6 : 259347 79328 121915 79332 121917 79305 
6 : 228112 204521 241745 204516 228107 204517 
6 : 253559 95432 59041 95430 59036 59011 
6 : 259374 146541 253131 146545 253133 146540 
6 : 150930 63461 166957 63439 150920 63442 
6 : 229154 48685 97195 48680 97185 48665 
6 : 248617 40057 230164 40051 230158 40044 
6 : 185676 192907 17929 185668 17915 17916 
6 : 207654 114487 252623 114469 207650 114484 
6 : 259391 259390 256011 264784 256020 256018 
6 : 10251 191894 228453 10243 10248 191888 
6 : 95504 125581 87609 95486 87583 87589 
6 : 259359 198127 100518 198126 100517 100505 
6 : 259403 259399 228558 261256 228564 228560 
6 : 259418 259419 83104 260122 83105 83107 
6 : 259422 96778 259424 96779 265114 96780 
6 : 219197 187758 97418 187750 97407 97405 
6 : 255165 3979 253034 3977 253032 3976 
6 : 255360 167037 137793 167035 137788 137767 
6 : 110999 123397 157854 110984 110988 123383 
6 : 205341 226633 256186 205331 205338 226631 
6 : 16794 252264 100204 16791 16781 100197 
6 : 165308 259472 170722 165311 165297 170726 
6 : 175251 179885 174395 175236 174372 174373 
6 : 171811 68464 166147 68453 166132 68450 
6 : 176067 245442 161828 176066 161814 161825 
6 : 233289 220321 239283 220316 233285 220317 
6 : 5442 32291 187423 5414 5425 32279 
6 : 156459 259523 259524 156460 156463 260519 
6 : 218733 195143 66892 195134 66878 66877 
6 : 225830 137952 259525 137945 225831 137953 
6 : 259527 193858 242512 193863 242515 193850 
6 : 152620 259535 21024 152622 21006 21027 
6 : 250751 259539 249170 250755 249166 249179 
6 : 188688 231118 207563 188681 188677 207555 
6 : 234990 100084 146500 100077 146495 100068 
6 : 152496 237458 250946 152490 152494 237456 
6 : 259551 259552 81212 265354 81218 81220 
6 : 118671 204093 165238 118663 118658 165230 
6 : 69587 170618 259170 69574 69586 170617 
6 : 131239 187313 99125 131233 99100 99110 
6 : 118322 225584 247248 118315 118319 225583 
6 : 239469 256648 259589 239468 239471 256651 
6 : 258969 259591 66093 258971 66092 66099 
6 : 259588 164831 77206 164832 77207 77186 
6 : 234441 259602 259600 234451 234449 264536 
6 : 249248 151789 73272 151784 73268 73259 
6 : 43254 115672 78424 43234 43231 78397 
6 : 244708 33085 153698 33080 153693 33065 
6 : 250752 134908 93940 134906 93935 93922 
6 : 145000 101811 146667 101789 144987 101790 
6 : 259627 50252 28040 50254 28042 28009 
6 : 181198 259642 259644 181200 181203 262303 
6 : 233590 7177 259648 7170 233592 7181 
6 : 162269 185429 5804 162254 5790 5791 
6 : 222787 241886 208842 222781 208825 208831 
6 : 62251 119699 38007 62231 37974 37980 
6 : 67593 168273 242129 67577 67586 168265 
6 : 250517 237349 91907 237345 91904 91900 
6 : 124336 258575 192112 124335 124324 192111 
6 : 223641 76494 255775 76482 223638 76491 
6 : 228066 89875 259693 89868 228068 89880 
6 : 248337 229731 125176 229727 125174 125169 
6 : 203722 152399 251591 152392 203720 152397 
6 : 198664 48229 167061 48219 167048 48213 
6 : 233503 234752 259698 233498 233506 234754 
6 : 253620 27546 21816 27544 21812 21789 
6 : 234376 259708 149009 234377 149003 149010 
6 : 131937 100063 239099 100046 131933 100057 
6 : 259715 233379 255344 233382 255351 233377 
6 : 232362 56817 253439 56813 232359 56815 
6 : 225222 150944 15299 150937 15291 15282 
6 : 259597 209053 237541 209052 237540 209048 
6 : 140238 205630 201693 140229 140228 201679 
6 : 202879 17018 147431 17010 147419 17005 
6 : 173983 259765 233570 173986 173978 233572 
6 : 233426 90930 248543 90919 233423 90925 
6 : 210108 167215 257753 167207 210107 167214 
6 : 132768 255058 181738 132765 132755 181735 
6 : 168053 154432 242643 154418 168047 154427 
6 : 229381 259780 167883 229383 167872 167886 
6 : 100600 28896 192074 28879 100587 28881 
6 : 194189 259803 90146 194193 90123 90150 
6 : 235069 218773 259804 218765 235073 218779 
6 : 237727 253729 228440 237722 228429 228432 
6 : 82130 168822 24935 82125 24905 24917 
6 : 195163 67163 221149 67154 195152 67156 
6 : 42917 190603 240334 42906 42913 190598 
6 : 64912 162568 71007 64898 64890 70987 
6 : 194084 204466 188300 194075 188286 188287 
6 : 198718 116288 259832 116276 198721 116291 
6 : 193651 112029 216421 112016 193645 112020 
6 : 59069 177041 250178 59063 59066 177035 
6 : 251210 19614 183682 19611 183679 19598 
6 : 102586 235055 259871 102583 102590 235061 
6 : 259875 254064 210547 254068 210551 210544 
6 : 196815 199193 126961 196803 126946 126947 
6 : 216692 167981 59634 167973 59620 59612 
6 : 259890 7960 138643 7962 138644 7947 
6 : 147029 34827 121728 34808 121704 34805 
6 : 175784 259909 88314 175785 88300 88317 
6 : 209666 256796 258743 209660 209664 256794 
6 : 78592 75651 226017 75629 78585 75642 
6 : 13608 100114 191914 13579 13591 100101 
6 : 259960 259958 118129 263928 118138 118133 
6 : 143962 259962 134118 143970 134095 134123 
6 : 213342 255716 109662 213341 109649 109661 
6 : 226872 48687 259896 48678 226871 48686 
6 : 141073 243299 146645 141069 141060 146635 
6 : 259984 171826 18858 171829 18862 18840 
6 : 259985 259988 115395 260774 115396 115399 
6 : 259987 17896 219609 17898 219612 17884 
6 : 260012 228843 188631 228847 188634 188617 
6 : 260022 14042 118716 14047 118721 14028 
6 : 260035 190452 249560 190457 249565 190447 
6 : 148326 44908 195144 44891 148315 44897 
6 : 157703 45238 45081 45225 45064 45059 
6 : 203236 70025 183158 70013 183143 70012 
6 : 260066 260068 260065 264392 263781 263784 
6 : 162369 255420 29448 162368 29429 29446 
6 : 256983 260087 204796 256984 204793 204800 
6 : 260089 247657 224244 247660 224246 224238 
6 : 200807 260096 258419 200809 200806 258423 
6 : 260095 121805 221011 121806 221014 121795 
6 : 193780 235364 159746 193775 159729 159738 
6 : 203382 259856 113682 203381 113667 113681 
6 : 102850 260114 67057 102852 67035 67060 
6 : 209071 201034 222141 201024 209063 201025 
6 : 245980 206805 253080 206797 245978 206800 
6 : 257936 251067 166855 251066 166854 166847 
6 : 107952 183260 257972 107935 107949 183258 
6 : 74220 33292 260134 33275 74223 33297 
6 : 146730 221609 190436 146723 146717 190425 
6 : 223869 211670 14236 211658 14225 14219 
6 : 260013 260133 186900 260015 186899 186904 
6 : 49905 60583 260137 49883 49906 60584 
6 : 55194 43709 260138 43691 55197 43713 
6 : 260142 225777 257120 225779 257122 225775 
6 : 55256 259312 233211 55255 55244 233210 
6 : 151068 197553 28962 151058 28942 28951 
6 : 202471 207225 231672 202464 202467 207222 
6 : 73802 48954 193875 48930 73793 48945 
6 : 260163 118672 180614 118674 180615 118660 
6 : 254838 199167 84679 199165 84676 84669 
6 : 7090 19764 234763 7063 7083 19759 
6 : 158781 20871 77856 20854 77840 20846 
6 : 222402 203414 260181 203404 222405 203419 
6 : 87117 250560 100265 87114 87097 100262 
6 : 260190 251115 155036 251121 155039 155034 
6 : 239323 248727 181142 239319 181132 181136 
6 : 251375 260203 217698 251380 217695 217701 
6 : 17333 244569 55567 17327 17308 55560 
6 : 189508 233094 260228 189505 189511 233098 
6 : 238205 10889 188704 10885 188700 10877 
6 : 93203 203394 178837 93198 93195 178826 
6 : 183080 64690 122332 64672 122317 64663 
6 : 22276 127457 12010 22266 11975 11986 
6 : 239867 169973 260241 169966 239869 169974 
6 : 254868 226354 260240 226350 254869 226355 
6 : 197277 247886 205631 197273 197269 205625 
6 : 226341 259483 254816 226340 226337 254815 
6 : 204225 86067 260260 86053 204227 86075 
6 : 260275 253838 259867 253840 259868 253837 
6 : 125469 134664 240538 125454 125462 134657 
6 : 259003 81715 93433 81714 93432 81684 
6 : 260307 153816 198203 153818 198204 153804 
6 : 101335 260311 20382 101336 20363 20385 
6 : 88315 90262 106514 88292 88294 90238 
6 : 195538 15239 193469 15230 193455 15229 
6 : 163488 129333 170354 129319 163480 129321 
6 : 240289 244983 58644 240285 58633 58636 
6 : 242463 260331 247753 242465 242460 247757 
6 : 249627 260333 177059 249629 177056 177061 
6 : 91106 260355 111997 91107 91093 111998 
6 : 129194 93073 201939 93062 129187 93067 
6 : 106818 48534 221026 48513 106810 48526 
6 : 54283 21456 151090 21435 54274 21441 
6 : 252851 216619 260372 216617 252856 216625 
6 : 260375 136606 151305 136611 151312 136585 
6 : 167658 165423 77471 165406 77455 77454 
6 : 200086 179047 227292 179040 200082 179044 
6 : 238418 224524 60204 224520 60200 60194 
6 : 260377 206372 148121 206375 148124 148109 
6 : 59686 18164 233329 18136 59682 18155 
6 : 136430 235004 260165 136423 136429 235003 
6 : 195907 97719 201849 97707 195899 97708 
6 : 91759 239440 91623 91753 91597 91614 
6 : 1670 195806 225798 1656 1660 195799 
6 : 217645 69999 257440 69986 217643 69997 
6 : 221397 193382 248149 193370 221394 193378 
6 : 127370 199056 260237 127355 127369 199055 
6 : 122770 260440 159871 122772 122751 159873 
6 : 197660 78560 91301 78544 91284 78530 
6 : 165104 90263 121730 90243 121708 90239 
6 : 236413 248141 244634 236408 236407 244629 
6 : 53458 87676 219610 53433 53446 87664 
6 : 6077 218019 126095 6067 6056 126083 
6 : 211489 125133 253939 125123 211487 125129 
6 : 243486 248309 121697 243481 121686 121688 
6 : 46783 209518 178760 46777 46774 178744 
6 : 260527 50385 234186 50388 234189 50377 
6 : 242074 260545 244054 242075 242071 244055 
6 : 256761 260547 153074 256762 153071 153079 
6 : 168645 132137 74390 132117 74368 74363 
6 : 260550 248128 95320 248132 95324 95315 
6 : 200572 248095 237639 200568 200566 237636 
6 : 260568 196410 70334 196416 70339 70322 
6 : 260579 246267 260578 246270 262337 246268 
6 : 122018 3016 67751 3000 67726 2997 
6 : 254277 241221 246301 241219 246296 241217 
6 : 260128 260590 257918 260129 257917 257920 
6 : 77525 260620 222415 77533 77519 222422 
6 : 39658 247878 138243 39655 39653 138240 
6 : 250292 260623 251554 250295 250288 251558 
6 : 240837 260627 257356 240838 240832 257358 
6 : 167217 189346 248385 167204 167212 189337 
6 : 107336 196499 142568 107325 107323 142551 
6 : 170031 240643 254457 170027 170030 240638 
6 : 189045 260640 148800 189046 148789 148802 
6 : 167218 253530 259902 167213 167216 253528 
6 : 162735 199972 85905 162725 85886 85889 
6 : 204062 252778 119817 204061 119796 119813 
6 : 260660 140608 40983 140614 40989 40954 
6 : 152662 45561 252530 45543 152658 45559 
6 : 44286 255364 190024 44284 44277 190023 
6 : 250465 36715 260674 36711 250467 36719 
6 : 213362 240183 257204 213353 213358 240181 
6 : 211864 17621 208999 17612 208989 17610 
6 : 228420 233985 243622 228414 228415 233981 
6 : 260700 260698 232235 261507 232238 232236 
6 : 183851 260703 240688 183855 183844 240691 
6 : 260701 89578 173914 89580 173916 89563 
6 : 260064 168056 245192 168054 245190 168048 
6 : 166706 260728 76931 166708 76914 76932 
6 : 137042 80629 194192 80610 137032 80614 
6 : 194435 17711 260760 17698 194439 17713 
6 : 258908 233620 255345 233619 255343 233618 
6 : 92539 243157 24361 92533 24337 24355 
6 : 145313 260770 207811 145320 145304 207819 
6 : 17897 260773 162782 17899 17875 162784 
6 : 115523 16319 231771 16304 115516 16310 
6 : 238468 7178 256859 7172 238467 7176 
6 : 255576 14081 129024 14076 129019 14060 
6 : 260602 178221 234870 178220 234869 178212 
6 : 260799 260800 227130 263995 227132 227134 
6 : 230013 252625 218581 230009 218563 218575 
6 : 257844 224582 257806 224580 257804 224579 
6 : 208049 260824 251958 208051 208043 251961 
6 : 257665 260823 248197 257666 248194 248198 
6 : 196652 149692 257171 149677 196651 149689 
6 : 176629 233095 260844 176624 176635 233099 
6 : 193088 260842 192318 193089 192303 192319 
6 : 256471 260846 111202 256477 111197 111206 
6 : 103616 100380 194588 100361 103600 100370 
6 : 258593 85717 201133 85716 201129 85706 
6 : 221889 202584 256156 202572 221887 202582 
6 : 160928 163857 105297 160919 105273 105274 
6 : 220872 153920 119784 153908 119775 119763 
6 : 218843 184362 184970 184353 184954 184350 
6 : 236912 58069 260883 58065 236914 58073 
6 : 239261 85638 134478 85631 134470 85616 
6 : 233872 50498 7423 50493 7417 7397 
6 : 58020 176918 237652 58006 58016 176910 
6 : 116263 211816 119818 116255 116252 119797 
6 : 210506 138948 82051 138937 82040 82030 
6 : 95133 2925 193471 2907 95123 2914 
6 : 260934 260935 108181 263841 108185 108188 
6 : 248018 13890 194378 13883 194375 13872 
6 : 50357 184284 67717 50344 50337 67705 
6 : 103617 193711 228375 103599 103605 193700 
6 : 184285 146755 29289 146739 29268 29264 
6 : 76964 194339 253326 76956 76962 194337 
6 : 260957 90486 218163 90488 218164 90477 
6 : 235118 203908 251897 203900 235113 203905 
6 : 260576 253227 248152 253226 248150 248144 
6 : 40916 234604 82104 40912 40892 82095 
6 : 142749 198577 210026 142736 142740 198566 
6 : 141686 257327 182246 141684 141669 182244 
6 : 155953 151691 256925 151674 155949 151690 
6 : 260994 39046 257406 39049 257413 39044 
6 : 58520 54303 76646 54286 58504 54288 
6 : 251472 89504 37693 89497 37689 37669 
6 : 260917 99984 55424 99983 55423 55398 
6 : 256499 182596 33086 182594 33082 33070 
6 : 198487 208107 170658 198478 170642 170643 
6 : 121447 61018 34293 60997 34273 34266 
6 : 189347 257755 133439 189343 133419 133433 
6 : 205821 175196 246527 175183 205817 175191 
6 : 255408 120496 235381 120493 235378 120487 
6 : 242323 209716 261046 209712 242324 209718 
6 : 243743 37829 49705 37823 49702 37799 
6 : 16676 243667 227083 16668 16666 227075 
6 : 178719 176460 211106 176443 178706 176449 
6 : 210196 162806 235081 162793 210191 162798 
6 : 49720 3224 171100 3203 49714 3210 
6 : 215715 261061 7581 215716 7565 7582 
6 : 134274 161063 261086 134258 134275 161065 
6 : 231508 252415 190878 231504 190867 190873 
6 : 259184 210969 187860 210968 187858 187843 
6 : 261089 63326 230496 63329 230499 63316 
6 : 210197 144286 208843 144277 208822 144274 
6 : 221523 176461 261090 176453 221525 176464 
6 : 69545 45808 170004 45782 69538 45788 
6 : 40530 90181 66094 40517 40514 66067 
6 : 80968 145578 261104 80956 80969 145582 
6 : 261121 250071 173198 250073 173200 173193 
6 : 191716 232864 237914 191709 191711 232853 
6 : 260885 179276 224853 179275 224852 179266 
6 : 7961 15901 184209 7936 7948 15888 
6 : 167983 83615 187568 83597 167968 83601 
6 : 55504 243541 132545 55501 55489 132540 
6 : 232962 261141 261142 232965 232966 264557 
6 : 60532 159632 207140 60522 60525 159624 
6 : 16320 258299 249386 16317 16315 249383 
6 : 220091 137644 59442 137630 59429 59417 
6 : 62959 240219 250841 62954 62955 240215 
6 : 216684 226306 138886 216676 138873 138875 
6 : 146170 10229 76068 10210 76054 10209 
6 : 166274 247902 200749 166268 166260 200745 
6 : 212694 149429 261166 149420 212698 149433 
6 : 8949 245303 189324 8945 8935 189319 
6 : 129181 260626 18895 129180 18871 18894 
6 : 258595 163373 36939 163372 36938 36923 
6 : 160326 260606 126099 160324 126074 126097 
6 : 234897 260613 202758 234896 202746 202757 
6 : 261183 206073 145104 206077 145105 145095 
6 : 126542 261189 251592 126545 126538 251593 
6 : 142834 194797 259961 142821 142833 194796 
6 : 261188 87333 25240 87334 25241 25218 
6 : 108239 57566 261200 57547 108241 57569 
6 : 164700 157834 14515 157819 14503 14501 
6 : 155566 261208 260487 155569 155564 260490 
6 : 61755 261223 261221 61760 61757 262356 
6 : 254283 58896 171584 58892 171579 58882 
6 : 172005 111930 230826 111919 172001 111924 
6 : 223738 242583 221218 223731 221206 221213 
6 : 261248 211762 61626 211764 61628 61606 
6 : 166539 261251 252917 166542 166535 252919 
6 : 227100 255153 153378 227097 153366 153373 
6 : 244170 85742 172161 85739 172154 85726 
6 : 10890 206897 261258 10880 10899 206903 
6 : 41454 175616 259824 41444 41453 175615 
6 : 233550 243572 236776 233541 233540 236769 
6 : 102130 236526 261271 102122 102132 236527 
6 : 173878 189966 249792 173865 173872 189960 
6 : 237476 80156 38144 80148 38134 38117 
6 : 242404 217520 8647 217516 8640 8637 
6 : 94902 111952 257257 94886 94901 111951 
6 : 246469 261229 261312 246468 246474 261234 
6 : 261314 163181 258863 163187 258867 163180 
6 : 218535 253463 131661 218532 131652 131659 
6 : 27337 256206 260149 27335 27336 256205 
6 : 257190 197725 174651 197723 174649 174637 
6 : 52587 261343 152354 52588 52574 152360 
6 : 235902 223160 249044 223156 235898 223158 
6 : 258941 199764 154741 199763 154739 154729 
6 : 184066 244332 20213 184064 20201 20205 
6 : 191241 178032 164256 178025 164242 164241 
6 : 186018 216178 108094 186012 108078 108083 
6 : 134534 105157 122693 105134 122673 105132 
6 : 88414 89990 145819 88398 88401 89968 
6 : 230040 84904 261382 84899 230043 84908 
6 : 254324 31842 199251 31839 199250 31829 
6 : 114984 261390 261388 114991 114989 265035 
6 : 248046 212676 244579 212671 244574 212669 
6 : 34856 119423 185389 34840 34846 119409 
6 : 82450 150814 178080 82434 82436 150800 
6 : 119625 143122 42137 119613 42117 42119 
6 : 163699 179518 101002 163691 100982 100984 
6 : 164257 20214 254678 20197 164254 20208 
6 : 196261 41134 166856 41123 166839 41116 
6 : 256937 67059 260320 67055 256936 67058 
6 : 225961 259366 137794 225960 137777 137792 
6 : 221163 259134 249793 221160 221156 249791 
6 : 257108 261457 173434 257110 173433 173436 
6 : 53909 219468 32359 53901 32328 32349 
6 : 253975 19518 481 19516 476 441 
6 : 163201 169604 94695 163195 94678 94681 
6 : 168716 210810 50386 168711 50368 50373 
6 : 166124 178383 261490 166112 166125 178384 
6 : 249045 260856 261492 249042 249048 260862 
6 : 213151 186722 251271 186715 213147 186720 
6 : 31212 62636 244738 31192 31210 62628 
6 : 237069 186487 212522 186478 212516 186474 
6 : 141567 86858 179299 86834 141554 86843 
6 : 23817 58046 236238 23795 23809 58040 
6 : 56395 261484 148702 56394 56376 148701 
6 : 64969 261513 151091 64971 64950 151095 
6 : 154808 150150 151307 150135 151288 150134 
6 : 202080 13142 196077 13133 196070 13130 
6 : 226386 68804 113414 68791 113398 68782 
6 : 226862 137688 261525 137681 226863 137689 
6 : 136410 27817 250448 27800 136406 27811 
6 : 155819 260739 34294 155816 34278 34292 
6 : 198665 126470 174653 126450 174640 126446 
6 : 261532 27072 239629 27074 239632 27067 
6 : 16944 217763 131662 16940 16931 131649 
6 : 68203 236314 255429 68195 68200 236311 
6 : 139490 261546 257408 139493 139489 257409 
6 : 240825 231402 238072 231396 238064 231395 
6 : 228869 151354 261581 151349 228871 151358 
6 : 130903 261583 199168 130906 130892 199175 
6 : 254422 95031 157261 95027 157256 95019 
6 : 20637 188106 70599 20629 20622 70587 
6 : 181213 208729 261585 181208 181216 208732 
6 : 229906 154572 34110 154558 34099 34085 
6 : 236707 251798 161633 236703 161620 161626 
6 : 12385 25125 226585 12354 12380 25116 
6 : 218278 223804 65602 218275 65591 65594 
6 : 254338 24479 209499 24478 209495 24467 
6 : 261596 231449 208392 231454 208399 208384 
6 : 123609 261616 86458 123610 86434 86463 
6 : 256257 242979 102909 242977 102905 102896 
6 : 36661 42434 108183 36647 36650 42417 
6 : 128736 145865 203837 128723 128727 145855 
6 : 190853 261627 234969 190854 190847 234970 
6 : 261650 199348 261651 199351 264798 199352 
6 : 36841 258158 218830 36839 36835 218828 
6 : 66679 261654 247279 66680 66674 247280 
6 : 220647 184286 178148 184279 178141 178135 
6 : 96639 26941 256237 26914 96638 26940 
6 : 224336 182295 189981 182287 189971 182283 
6 : 222391 145001 50255 144992 50241 50234 
6 : 114462 261680 59443 114463 59415 59444 
6 : 252240 166464 25050 166458 25046 25034 
6 : 45930 146502 138026 45914 45912 137999 
6 : 221660 261687 13932 221662 13919 13933 
6 : 233591 261690 209500 233595 209490 209505 
6 : 116373 142750 227891 116357 116364 142742 
6 : 183993 193922 192201 183982 183981 192187 
6 : 261706 78958 239187 78961 239190 78953 
6 : 261711 164898 89605 164901 89608 89588 
6 : 196395 189694 253927 189680 196390 189691 
6 : 142063 37797 225663 37780 142058 37785 
6 : 235155 246433 118395 235152 118388 118390 
6 : 258774 261727 253236 258776 253234 253240 
6 : 19732 260897 261745 19730 19735 260900 
6 : 107799 258398 145152 107798 107779 145150 
6 : 212420 258065 95067 212418 95058 95064 
6 : 261758 30920 45706 30925 45711 30901 
6 : 167809 241181 249053 167801 167804 241175 
6 : 59257 20324 244944 20303 59248 20321 
6 : 80728 153672 246625 80720 80725 153669 
6 : 258853 161714 85640 161713 85637 85618 
6 : 261769 156582 249268 156583 249269 156577 
6 : 190675 161903 250346 161891 190673 161899 
6 : 251679 131254 212807 131250 212800 131248 
6 : 89956 259913 214182 89954 89941 214180 
6 : 258855 47242 80937 47241 80936 47222 
6 : 261446 261792 241940 261447 241939 241941 
6 : 186019 150588 230821 150574 186015 150582 
6 : 66853 47488 261804 47458 66854 47489 
6 : 185573 245654 234053 185566 185564 234049 
6 : 234538 256889 144332 234535 144323 144329 
6 : 250835 246080 261806 246074 250837 246081 
6 : 89554 214837 5349 89545 5319 5337 
6 : 227649 257778 84403 227648 84392 84401 
6 : 245498 213875 151508 213872 151503 151494 
6 : 261821 20383 252404 20384 252406 20379 
6 : 148932 177808 235234 148924 148929 177800 
6 : 98998 26339 164861 26317 98983 26322 
6 : 242751 145893 24057 145888 24049 24033 
6 : 125582 163641 159430 125566 125565 159410 
6 : 254870 168955 4880 168950 4875 4860 
6 : 144678 60442 248107 60420 144671 60437 
6 : 205264 257719 201219 205261 201208 201215 
6 : 131979 213726 261862 131971 131985 213733 
6 : 233887 251207 249655 233884 233882 249649 
6 : 260184 259335 240793 259334 240791 240790 
6 : 82273 16024 104413 16006 82261 16010 
6 : 159633 46757 194451 46736 159623 46740 
6 : 261894 261890 261891 263652 263853 263649 
6 : 26882 259796 38147 26881 26869 38142 
6 : 249029 112602 150990 112595 150985 112590 
6 : 261904 38366 252832 38367 252834 38364 
6 : 74847 231418 260587 74836 74846 231417 
6 : 230340 252626 249019 230337 230336 249013 
6 : 255914 207196 197595 207194 197594 197582 
6 : 260282 26723 257276 26721 257274 26718 
6 : 23128 14962 54812 14941 23107 14944 
6 : 110243 220310 67485 110233 67463 67472 
6 : 174480 228218 105515 174470 105499 105507 
6 : 901 186371 173151 886 885 173136 
6 : 217729 222679 261923 217716 217730 222680 
6 : 254260 26567 260296 26558 254257 26564 
6 : 205900 253468 252559 205897 205896 252555 
6 : 104210 197575 108681 104202 104195 108660 
6 : 195908 125237 14200 125226 14185 14177 
6 : 202452 246982 228160 202450 202446 228155 
6 : 79695 234613 136166 79692 79678 136163 
6 : 182741 227011 88574 182736 88560 88570 
6 : 402 56513 237692 379 394 56508 
6 : 109535 236986 31437 109527 31410 31428 
6 : 125496 23502 162618 23479 125479 23485 
6 : 239459 39436 6000 39432 5992 5973 
6 : 253314 130735 47869 130732 47863 47839 
6 : 174963 258970 209742 174961 174952 209739 
6 : 7182 177965 254339 7163 7175 177963 
6 : 136021 231450 209501 136013 136007 209489 
6 : 253590 151929 223266 151925 223260 151917 
6 : 194816 159431 262021 159416 194820 159436 
6 : 37477 262024 96563 37482 37460 96570 
6 : 221841 262025 122279 221847 122272 122285 
6 : 262034 232147 105051 232151 105056 105038 
6 : 222699 230096 198579 222697 198568 198570 
6 : 253367 187123 256810 187121 253366 187122 
6 : 130757 4249 160050 4226 130739 4228 
6 : 192784 261378 206807 192783 192774 206806 
6 : 208790 253360 262060 208786 208792 253361 
6 : 231578 34359 18025 34351 18015 17999 
6 : 235057 244857 262069 235053 235058 244859 
6 : 228789 217392 156482 217382 156472 156469 
6 : 250890 125843 262074 125841 250892 125845 
6 : 91089 76525 262080 76500 91090 76527 
6 : 205533 23925 255421 23912 205531 23923 
6 : 207693 42590 187236 42573 187220 42571 
6 : 84907 262105 157153 84915 84889 157163 
6 : 210006 199253 171679 199243 171666 171664 
6 : 170502 210833 33538 170492 33516 33522 
6 : 262122 251726 5807 251728 5808 5799 
6 : 235682 105898 249308 105889 235679 105893 
6 : 218821 148283 58306 148277 58294 58281 
6 : 262138 253621 117094 253623 117100 117089 
6 : 99235 233266 256712 99225 99233 233261 
6 : 262140 101356 120435 101359 120438 101341 
6 : 62460 160504 244739 62444 62454 160496 
6 : 251117 65838 98646 65837 98643 65817 
6 : 8360 232847 123639 8353 8341 123632 
6 : 79302 67853 221478 67830 79296 67847 
6 : 152083 255915 218441 152080 152075 218438 
6 : 202657 121214 188535 121204 188520 121202 
6 : 173859 262174 247144 173860 173853 247145 
6 : 228761 233454 262173 228757 228762 233455 
6 : 253353 65935 256298 65931 253349 65933 
6 : 258117 94827 227914 94824 227912 94814 
6 : 250063 184697 249686 184695 249681 184694 
6 : 181443 51746 221690 51732 181437 51738 
6 : 235048 185650 134710 185643 134703 134697 
6 : 228397 236472 99388 228389 99375 99376 
6 : 126379 184676 205998 126367 126370 184664 
6 : 241025 261838 115398 241024 115384 115397 
6 : 81822 242227 36328 81812 36305 36321 
6 : 250743 9166 251006 9162 250739 9163 
6 : 244635 262202 179201 244637 179191 179202 
6 : 46232 26757 16413 26730 16385 16383 
6 : 147578 57882 262209 57864 147580 57885 
6 : 183473 37051 183595 37036 183459 37037 
6 : 194493 217460 37361 194487 37345 37351 
6 : 137557 242980 52678 137548 52653 52665 
6 : 223911 262230 241813 223913 223907 241815 
6 : 258683 257857 160593 257855 160589 160588 
6 : 192438 6282 261214 6266 192436 6280 
6 : 194616 154809 262234 154803 194619 154814 
6 : 222973 21459 147615 21447 147607 21440 
6 : 262233 185790 235868 185794 235870 185785 
6 : 218120 219671 237404 218109 218111 219662 
6 : 227179 220423 19807 220406 19798 19797 
6 : 41101 214080 221742 41093 41095 214071 
6 : 248777 262248 133611 248779 133602 133615 
6 : 167466 89268 220607 89257 167460 89263 
6 : 95903 183402 170005 95888 95887 169981 
6 : 193416 245770 97326 193410 97313 97321 
6 : 9290 114523 163292 9278 9281 114508 
6 : 249070 193586 88548 193582 88543 88534 
6 : 262280 235249 230273 235252 230276 230260 
6 : 195390 167132 197982 167119 195376 167121 
6 : 262291 5739 262292 5740 262388 5741 
6 : 262293 259788 253081 259794 253088 253079 
6 : 18756 34228 67881 18739 18741 34212 
6 : 167483 122668 146119 122652 146103 122650 
6 : 45963 258048 61907 45961 45936 61903 
6 : 75796 254535 254458 75793 75792 254451 
6 : 86538 129271 227237 86518 86526 129262 
6 : 72679 209425 250522 72670 72677 209421 
6 : 262311 143925 245514 143927 245515 143922 
6 : 262315 50671 261765 50673 261767 50670 
6 : 262302 23568 247046 23567 247045 23563 
6 : 27290 28179 128339 27262 27271 28163 
6 : 262326 133440 253531 133441 253532 133432 
6 : 143676 208573 191563 143665 143663 191553 
6 : 252948 245888 38301 245886 38300 38294 
6 : 262344 262345 221629 264494 221632 221634 
6 : 76324 262348 258640 76325 76321 258641 
6 : 82579 246780 183577 82568 82563 183570 
6 : 144559 122461 262358 122441 144560 122466 
6 : 160445 1842 112915 1823 112897 1814 
6 : 200005 262359 133638 200007 133624 133640 
6 : 258132 261169 246395 258130 246391 246394 
6 : 73394 14016 24480 13993 24455 13990 
6 : 2720 250098 66781 2715 2697 66775 
6 : 162852 78295 216052 78279 162846 78283 
6 : 238931 258427 25848 238928 25838 25846 
6 : 170454 260321 262392 170453 170460 260326 
6 : 56113 105190 261486 56094 56111 105188 
6 : 58047 72708 37697 58024 37665 37666 
6 : 8410 238428 262409 8401 8416 238433 
6 : 223871 203626 257281 203618 223867 203622 
6 : 262413 221610 262412 221615 264752 221614 
6 : 154390 216751 17057 154380 17032 17041 
6 : 178534 262430 218070 178536 178521 218074 
6 : 242243 262439 258660 242245 242239 258662 
6 : 89449 157743 237744 89435 89438 157736 
6 : 188025 262444 53690 188027 53678 53694 
6 : 207479 248060 262445 207473 207480 248065 
6 : 262446 16894 215433 16899 215439 16884 
6 : 112280 126258 34704 112263 34685 34686 
6 : 262449 50387 262448 50391 265305 50390 
6 : 174512 126518 262451 126507 174517 126521 
6 : 238489 209569 253164 209561 238485 209565 
6 : 259709 51621 195269 51619 195267 51608 
6 : 262450 110804 78824 110807 78826 78800 
6 : 118257 239490 39581 118250 39555 39574 
6 : 206581 49800 254268 49786 206578 49797 
6 : 216228 240839 254048 216216 216221 240831 
6 : 221094 86650 120192 86638 120176 86627 
6 : 244622 246314 210971 244615 210962 210963 
6 : 181201 216465 240585 181188 181193 216457 
6 : 208078 259084 61908 208075 61888 61905 
6 : 206649 164836 155532 164816 155516 155512 
6 : 119886 201830 236607 119870 119881 201820 
6 : 195497 46977 251960 46961 195494 46973 
6 : 8648 150992 256396 8627 8644 150987 
6 : 139492 154855 135813 139477 135790 135794 
6 : 257060 262505 254565 257065 254562 254572 
6 : 184321 212361 244278 184312 184315 212354 
6 : 260988 227763 155070 227760 155066 155057 
6 : 243079 258789 158082 243078 158075 158079 
6 : 133281 262524 207945 133282 133270 207946 
6 : 8105 139826 249175 8088 8098 139819 
6 : 66336 129800 134711 66317 66318 129776 
6 : 115888 106460 88076 106437 88046 88045 
6 : 221891 257039 262547 221888 221892 257040 
6 : 259815 262550 130103 259821 130099 130110 
6 : 97498 219522 243668 97491 97495 219518 
6 : 262552 230285 227084 230288 227086 227073 
6 : 262571 260980 203776 260981 203780 203774 
6 : 94964 39705 262573 39683 94965 39706 
6 : 226019 21317 151 21306 141 124 
6 : 60759 256358 39769 60756 39743 39766 
6 : 218287 129427 133323 129420 133318 129403 
6 : 243709 10892 188921 10886 188910 10878 
6 : 197108 254729 258139 197104 197106 254728 
6 : 253562 251236 184532 251233 184528 184526 
6 : 201256 254620 155071 201253 155049 155064 
6 : 229718 259746 238490 229717 229713 238488 
6 : 251508 78825 56544 78822 56540 56518 
6 : 21748 241285 262647 21745 21749 241286 
6 : 87649 97988 258329 87630 87648 97985 
6 : 262648 218617 193000 218619 193006 192989 
6 : 172296 193191 248695 172284 172293 193187 
6 : 173367 133324 159044 133313 159026 133310 
6 : 26595 186596 241411 26584 26590 186591 
6 : 175221 218831 49121 175214 49102 49108 
6 : 233001 209817 258550 209808 233000 209816 
6 : 238972 69517 237588 69508 237585 69507 
6 : 233113 195830 212677 195823 212666 195820 
6 : 115116 3087 249794 3065 115111 3080 
6 : 129182 163374 240840 129172 129176 163367 
6 : 168898 49611 159232 49600 159215 49598 
6 : 262708 262707 88786 263115 88789 88787 
6 : 227676 223059 225548 223050 225536 223049 
6 : 251936 262724 103665 251942 103657 103669 
6 : 3822 5887 162005 3800 3802 5870 
6 : 69972 27339 262737 27319 69973 27341 
6 : 154935 228376 220592 154925 154924 220581 
6 : 191089 241691 254406 191081 191084 241689 
6 : 249711 246885 123768 246879 123760 123757 
6 : 175586 134910 258520 134893 175581 134907 
6 : 124890 255765 99334 124887 99312 99333 
6 : 147804 2148 91591 2124 91567 2118 
6 : 62405 225138 78959 62396 62387 78948 
6 : 253733 259409 260814 253728 253730 259408 
6 : 256221 156899 132622 156895 132616 132605 
6 : 262787 28307 156384 28310 156386 28288 
6 : 187739 127461 257701 127445 187737 127454 
6 : 46207 160027 92631 46196 46192 92614 
6 : 262798 210360 1672 210362 1673 1658 
6 : 201285 185519 174571 185508 174558 174557 
6 : 258532 59740 151399 59737 151397 59724 
6 : 32669 235023 175285 32664 32662 175276 
6 : 67667 261439 133839 67666 67652 133837 
6 : 97872 250342 221412 97866 97861 221409 
6 : 224660 146879 257733 146874 224655 146876 
6 : 162757 259671 12050 162755 12027 12046 
6 : 218345 134236 254768 134225 218343 134233 
6 : 64631 124769 190963 64615 64623 124761 
6 : 195784 86558 162512 86548 162494 86546 
6 : 53607 150967 129335 53591 53587 129316 
6 : 241527 243140 47121 241521 47112 47114 
6 : 77284 14516 8649 14491 8621 8616 
6 : 252863 133612 252267 133607 252258 133606 
6 : 99335 6249 209016 6222 99320 6232 
6 : 70569 218318 151309 70562 70551 151296 
6 : 253251 13144 173023 13137 173020 13126 
6 : 12930 253374 106485 12927 12913 106479 
6 : 41337 32439 233368 32416 41332 32430 
6 : 242115 232958 233889 232951 233880 232949 
6 : 223277 101601 107608 101593 107599 101583 
6 : 56769 123838 261852 56754 56768 123837 
6 : 226827 248423 18733 226820 18722 18727 
6 : 262889 183506 243575 183511 243580 183498 
6 : 349 25907 133154 332 336 25888 
6 : 93320 233775 262890 93318 93321 233776 
6 : 162944 150184 119224 150161 119201 119198 
6 : 43562 194340 202511 43548 43550 194330 
6 : 234553 46811 253960 46803 234550 46809 
6 : 219275 168568 210894 168559 210886 168557 
6 : 223900 115628 174301 115622 174292 115613 
6 : 262932 221234 221757 221238 221763 221222 
6 : 7055 262934 221758 7059 7048 221760 
6 : 183873 34992 240950 34975 183870 34987 
6 : 244279 236599 247547 236589 244270 236591 
6 : 262950 262948 218425 263729 218430 218428 
6 : 86008 259611 233788 86006 86002 233783 
6 : 134843 129839 226783 129829 134840 129833 
6 : 121570 111596 224171 111578 121562 111587 
6 : 137719 191126 233622 137710 137714 191120 
6 : 149407 259558 252799 149406 149405 252797 
6 : 250561 176561 98647 176553 98641 98629 
6 : 262149 239594 205808 239593 205807 205800 
6 : 127484 262982 230230 127488 127475 230234 
6 : 191850 261617 257474 191849 191845 257473 
6 : 256491 249206 181291 249204 181290 181286 
6 : 208555 263000 162513 208558 162497 162517 
6 : 230919 15867 7253 15860 7242 7221 
6 : 262874 118370 238316 118369 238315 118359 
6 : 109629 223447 263002 109625 109630 223448 
6 : 136555 244820 261968 136549 136554 244819 
6 : 249256 166045 218255 166041 218251 166037 
6 : 263018 263017 250418 264505 250421 250419 
6 : 187500 261132 79225 187495 79201 79220 
6 : 23818 261335 253747 23816 23813 253741 
6 : 222843 167768 37698 167763 37684 37678 
6 : 254059 263039 261487 254060 254058 261488 
6 : 119652 23269 132744 23245 119633 23246 
6 : 263045 208640 246254 208641 246258 208635 
6 : 236329 102880 50128 102864 50111 50100 
6 : 263052 138311 252228 138312 252229 138307 
6 : 214693 100381 150682 100373 150669 100365 
6 : 246771 46944 26836 46940 26826 26802 
6 : 16025 263055 259932 16028 16021 259935 
6 : 247330 20215 194453 20206 194445 20203 
6 : 70790 92272 208936 70771 70780 92258 
6 : 83715 214792 155856 83703 83696 155843 
6 : 117973 71398 203515 71372 117961 71384 
6 : 47167 136939 244850 47146 47165 136935 
6 : 129748 178555 148589 129732 129730 148574 
6 : 223352 263073 53802 223355 53792 53804 
6 : 241308 111814 193799 111805 193791 111798 
6 : 262008 259874 263072 259873 262010 259877 
6 : 259072 196412 44818 196409 44815 44798 
6 : 233600 215807 263085 215801 233602 215809 
6 : 263087 136726 263086 136733 265189 136732 
6 : 263089 76873 243463 76874 243464 76867 
6 : 151790 81155 15301 81143 15283 15279 
6 : 254446 260809 263108 254445 254450 260813 
6 : 244882 186400 249754 186394 244878 186395 
6 : 157745 262251 141381 157742 141359 141379 
6 : 249351 101410 53835 101405 53828 53811 
6 : 170710 103027 235921 103004 170701 103018 
6 : 104104 262585 16416 104103 16388 16414 
6 : 260977 223493 216055 223491 216051 216040 
6 : 61964 118780 218629 61949 61954 118772 
6 : 88205 118132 25051 88181 25028 25030 
6 : 230516 260431 257966 230515 230514 257963 
6 : 258029 189020 246386 189016 246384 189011 
6 : 174281 28650 240906 28632 174276 28646 
6 : 176423 262530 162102 176422 162084 162101 
6 : 138290 254794 252628 138286 138285 252621 
6 : 238753 211705 218951 211697 218940 211696 
6 : 263168 207462 221455 207464 221458 207452 
6 : 220700 166197 119820 166188 119798 119791 
6 : 246061 67668 259509 67663 246058 67665 
6 : 204541 240035 252594 204532 204537 240031 
6 : 262252 47833 180000 47832 179998 47818 
6 : 263193 250332 256581 250334 256582 250328 
6 : 79974 186329 263195 79964 79978 186333 
6 : 103516 123997 258790 103491 103514 123996 
6 : 225940 255281 190553 225936 190540 190547 
6 : 231432 200880 158083 200866 158070 158061 
6 : 30777 183179 255186 30763 30776 183174 
6 : 259858 72616 263220 72615 259861 72617 
6 : 250343 205778 222653 205771 222647 205767 
6 : 35616 263226 224607 35618 35603 224609 
6 : 249601 91424 161107 91416 161100 91404 
6 : 252675 263171 244532 252674 244523 244531 
6 : 176746 263242 263241 176748 176747 264461 
6 : 5141 263248 218647 5142 5130 218650 
6 : 49937 250635 155880 49933 49920 155874 
6 : 228717 256422 164088 228714 164075 164086 
6 : 183837 263282 263281 183840 183839 264313 
6 : 201770 108934 92149 108921 92138 92129 
6 : 195974 192802 140581 192789 140560 140558 
6 : 211548 193365 11442 193353 11425 11422 
6 : 58899 230593 233679 58887 58888 230584 
6 : 191816 21589 253662 21579 191814 21587 
6 : 263289 42494 137669 42495 137670 42477 
6 : 145663 239964 239232 145657 145656 239224 
6 : 262768 261604 232988 261603 232987 232984 
6 : 225524 49288 227146 49277 225516 49278 
6 : 20150 59741 201286 20130 20139 59731 
6 : 258533 214217 54694 214215 54692 54682 
6 : 261197 229671 196324 229668 196319 196312 
6 : 203355 53390 95196 53374 95184 53363 
6 : 209271 130823 168592 130819 168579 130813 
6 : 263337 263336 46355 265209 46360 46359 
6 : 73928 201061 261018 73917 73927 201060 
6 : 191800 55227 242889 55210 191795 55217 
6 : 263211 39771 13444 39770 13443 13411 
6 : 17150 110037 180864 17134 17141 110023 
6 : 100442 263349 258080 100443 100439 258081 
6 : 124188 263136 24016 124187 23988 24015 
6 : 44719 236608 247795 44712 44714 236603 
6 : 123114 116316 133613 116296 123096 116298 
6 : 205109 263374 243857 205110 205104 243858 
6 : 139907 183345 84268 139895 84238 84245 
6 : 140174 50672 247251 50648 140172 50665 
6 : 207863 261579 236016 207862 207854 236015 
6 : 263385 158335 63607 158336 63610 63580 
6 : 8613 113163 4384 8591 4343 4353 
6 : 204422 30922 263395 30915 204423 30923 
6 : 257534 258650 235146 257531 235142 235144 
6 : 205327 251801 18262 205323 18245 18256 
6 : 243698 198966 114233 198959 114225 114221 
6 : 14400 53113 73464 14373 14375 53085 
6 : 178666 74763 189364 74744 178650 74747 
6 : 145129 263421 33231 145131 33209 33232 
6 : 225283 207127 245366 207120 225278 207122 
6 : 230580 21625 260898 21615 230577 21623 
6 : 132293 207487 107609 132285 107585 107596 
6 : 146703 256101 26632 146701 26612 26630 
6 : 209868 262876 115162 209867 115147 115161 
6 : 46758 143987 214630 46735 46747 143977 
6 : 160206 162452 235962 160194 160202 162442 
6 : 257635 29508 70415 29507 70411 29488 
6 : 263447 261420 140375 261421 140377 140373 
6 : 212285 27880 100487 27872 100477 27859 
6 : 231695 39736 204173 39726 204167 39723 
6 : 36089 263470 263408 36091 36088 263410 
6 : 263471 258055 185992 258057 185994 185989 
6 : 115739 20989 244493 20968 115734 20982 
6 : 77237 233070 14820 77234 14785 14808 
6 : 244838 161507 200202 161499 200192 161486 
6 : 18793 261360 114344 18792 18773 114341 
6 : 148356 10930 109326 10908 109302 10904 
6 : 260038 186418 54483 186416 54482 54466 
6 : 141198 93992 96392 93976 96372 93974 
6 : 219938 115139 263453 115131 219937 115138 
6 : 80236 177577 236609 80223 80229 177574 
6 : 227344 255356 263497 227342 227345 255359 
6 : 251786 221805 215283 221801 215277 215268 
6 : 3690 25761 25850 3666 3667 25738 
6 : 223494 258430 247678 223490 223483 247672 
6 : 131632 172626 251556 131615 131629 172620 
6 : 84808 257172 69491 84803 69463 69486 
6 : 231046 131748 170727 131737 170718 131729 
6 : 134844 112566 96565 112549 96548 96542 
6 : 210285 263506 223174 210286 210279 223175 
6 : 76247 179174 225753 76231 76236 179165 
6 : 213016 19167 257671 19151 213015 19162 
6 : 28213 179586 261069 28204 28212 179585 
6 : 2410 156678 238237 2393 2405 156669 
6 : 127914 260615 263531 127912 127916 260617 
6 : 114725 263541 123887 114727 114713 123889 
6 : 217625 263343 254460 217624 217620 254459 
6 : 231798 246724 220073 231796 220063 220068 
6 : 254228 220608 39472 220602 39469 39461 
6 : 111404 204940 69648 111392 69624 69640 
6 : 257374 152857 155371 152850 155366 152839 
6 : 262195 204628 32510 204626 32509 32492 
6 : 124869 101492 132450 101471 124850 101473 
6 : 196291 213099 197522 196285 196281 197509 
6 : 263552 231922 260834 231923 260836 231919 
6 : 11237 149316 227971 11219 11226 149303 
6 : 189048 254326 263563 189044 189049 254327 
6 : 263564 99861 58482 99866 58488 58455 
6 : 23062 132827 263569 23040 23064 132830 
6 : 239221 178465 255704 178457 239214 178459 
6 : 179677 263576 220171 179679 179664 220174 
6 : 223988 261252 221180 223987 221167 221179 
6 : 152539 13533 29568 13515 29544 13504 
6 : 236112 263585 262257 236113 236111 262258 
6 : 259214 121966 147432 121960 147430 121946 
6 : 260207 242667 235781 242665 235779 235774 
6 : 20300 262377 240795 20299 20294 240794 
6 : 164616 262398 230860 164615 164608 230857 
6 : 154723 27293 95811 27272 95792 27270 
6 : 96205 40440 157048 40422 96195 40427 
6 : 238708 83198 83132 83194 83126 83108 
6 : 263600 245445 64553 245447 64554 64547 
6 : 178129 263611 238550 178130 178124 238551 
6 : 216366 68351 44775 68338 44762 44748 
6 : 263615 256848 208171 256854 208176 208168 
6 : 215326 233214 21354 215322 21337 21344 
6 : 29088 252610 136045 29082 29069 136038 
6 : 97420 48403 130401 48376 97395 48380 
6 : 185520 258715 57653 185518 57635 57651 
6 : 219217 258534 195190 219214 195177 195186 
6 : 149567 246435 71672 149566 71649 71663 
6 : 168248 263638 261426 168249 168246 261430 
6 : 26216 252644 219107 26213 26211 219102 
6 : 184820 133407 169629 133392 169612 133389 
6 : 229089 198954 151484 198945 151470 151467 
6 : 164449 214035 263656 164438 164452 214037 
6 : 202436 146442 156968 146433 156953 146428 
6 : 252017 130184 47215 130181 47210 47194 
6 : 165762 263669 176213 165766 165747 176217 
6 : 225063 176171 173935 176162 173928 173922 
6 : 158030 235963 97327 158020 97307 97319 
6 : 160207 263672 245477 160210 160204 245481 
6 : 41825 182979 153730 41808 41804 153708 
6 : 147876 209481 223888 147861 147864 209474 
6 : 170606 254126 140611 170601 140584 140604 
6 : 73249 192633 31696 73239 31666 31679 
6 : 57188 131405 263679 57173 57189 131406 
6 : 181036 113260 241092 113247 181028 113253 
6 : 248398 141149 142151 141144 142146 141125 
6 : 73370 200248 263691 73364 73373 200249 
6 : 63793 217373 242557 63784 63786 217368 
6 : 189759 260662 260790 189755 189756 260661 
6 : 202388 147210 1843 147198 1827 1820 
6 : 215004 15272 142978 15256 142962 15251 
6 : 116265 133841 221416 116253 116257 133828 
6 : 261440 172764 230657 172762 230653 172760 
6 : 180593 189264 149713 180581 149699 149701 
6 : 245040 169151 252304 169145 245037 169147 
6 : 207463 110439 245892 110422 207457 110432 
6 : 221456 202363 112453 202354 112441 112436 
6 : 263705 263706 12317 265194 12319 12320 
6 : 53306 14663 249564 14638 53301 14661 
6 : 138160 170798 203839 138148 138149 170792 
6 : 153017 212126 263718 153008 153019 212127 
6 : 27969 35722 200129 27951 27959 35710 
6 : 195590 258632 23104 195587 23079 23100 
6 : 206899 30176 251241 30160 206894 30169 
6 : 161587 117399 262747 117383 161586 117398 
6 : 251876 40019 134941 40017 134935 39993 
6 : 27658 183926 261700 27646 27657 183925 
6 : 120417 245692 2310 120411 2281 2299 
6 : 196653 121782 69492 121771 69477 69467 
6 : 253258 263732 229799 253260 229793 229801 
6 : 187773 263740 132210 187774 132194 132211 
6 : 258566 110647 223625 110644 223622 110636 
6 : 263231 248494 255349 248493 255348 248490 
6 : 22924 157067 263761 22905 22925 157068 
6 : 255179 163784 262111 163779 255178 163782 
6 : 192254 228910 263774 192246 192255 228912 
6 : 75181 232298 104286 75170 75154 104278 
6 : 184426 20834 237447 20819 184421 20824 
6 : 122495 44819 190880 44789 122483 44795 
6 : 263786 61982 227704 61984 227705 61978 
6 : 230468 222329 84121 222318 84108 84104 
6 : 263802 96066 158360 96068 158364 96048 
6 : 202396 249955 93229 202394 93212 93222 
6 : 263704 251332 13738 251331 13737 13733 
6 : 13356 79427 225326 13337 13347 79417 
6 : 161108 260787 260903 161105 161106 260783 
6 : 158148 84233 68412 84217 68389 68383 
6 : 80477 151245 257702 80463 80473 151241 
6 : 187740 123974 212590 123954 187730 123956 
6 : 262789 123094 87680 123093 87678 87657 
6 : 233358 255548 129666 233354 129653 129661 
6 : 247021 251371 45810 247013 45801 45802 
6 : 255386 263830 205635 255387 205628 205636 
6 : 133881 249924 178171 133876 133872 178165 
6 : 222702 172222 65511 172212 65502 65490 
6 : 173401 219245 241467 173393 173394 219239 
6 : 263173 251045 171588 251044 171587 171578 
6 : 174099 88207 257968 88189 174098 88201 
6 : 175802 260433 236541 175801 175795 236538 
6 : 69952 262633 127175 69951 69940 127173 
6 : 179763 229921 20098 179757 20076 20089 
6 : 194684 123813 117691 123799 117674 117667 
6 : 208503 185863 220791 185856 208496 185857 
6 : 253110 262903 244507 253109 244500 244506 
6 : 43760 254589 140376 43755 43739 140371 
6 : 204891 70417 253197 70403 204888 70408 
6 : 259030 6373 223568 6371 223566 6365 
6 : 248300 68757 261451 68753 248299 68756 
6 : 254583 177428 65239 177426 65235 65225 
6 : 206590 245046 37656 206587 37645 37650 
6 : 110493 250481 217685 110485 110479 217676 
6 : 261443 254584 168468 254581 168466 168463 
6 : 216736 86591 176121 86581 176105 86575 
6 : 262785 223949 217338 223948 217337 217324 
6 : 87201 263710 262467 87200 87198 262466 
6 : 86234 74039 254104 74023 86230 74036 
6 : 73250 65312 190207 65284 73238 65295 
6 : 263925 169344 247855 169350 247861 169340 
6 : 231936 263939 234188 231937 231934 234194 
6 : 244695 260517 24820 244692 24811 24818 
6 : 236419 130234 97902 130227 97892 97878 
6 : 188069 263946 31241 188073 31230 31245 
6 : 73722 263750 12687 73721 12659 12686 
6 : 5106 263961 73142 5110 5088 73144 
6 : 122531 250669 232132 122528 122527 232126 
6 : 242346 263972 263974 242347 242348 264215 
6 : 3923 234666 199669 3918 3915 199663 
6 : 242925 263976 29450 242926 29442 29451 
6 : 101222 263978 255238 101223 101219 255239 
6 : 241497 192056 115792 192049 115781 115769 
6 : 1380 133036 254716 1360 1377 133031 
6 : 91872 256295 165804 91871 91851 165800 
6 : 229222 244416 239136 229217 229216 239133 
6 : 27491 177234 148679 27475 27471 148658 
6 : 53736 233574 248548 53725 53729 233566 
6 : 233429 78561 181483 78546 181471 78540 
6 : 242485 255454 213391 242481 213376 213382 
6 : 247612 130956 160594 130945 160581 130930 
6 : 236578 19563 198327 19558 198321 19551 
6 : 260582 257610 263997 257608 260584 257613 
6 : 87558 196149 258570 87540 87555 196144 
6 : 203736 114879 255492 114865 203732 114876 
6 : 142630 257538 74764 142627 74740 74760 
6 : 251069 4251 10190 4241 10183 4220 
6 : 68881 198629 261372 68872 68880 198628 
6 : 131940 262548 217662 131939 131930 217661 
6 : 112728 100626 264013 100604 112730 100628 
6 : 112747 158746 256055 112735 112744 158743 
6 : 15394 78775 220484 15380 15385 78766 
6 : 170878 264018 22368 170880 22351 22369 
6 : 233562 245536 202740 233556 202729 202732 
6 : 238623 199557 245869 199546 238613 199550 
6 : 82709 263454 186154 82707 82695 186152 
6 : 148441 185559 189439 148422 148423 185544 
6 : 256879 27881 22220 27878 22215 22191 
6 : 153997 173918 11273 153979 11250 11253 
6 : 201348 257623 147113 201345 147090 147108 
6 : 264035 220260 252254 220263 252256 220258 
6 : 78298 111305 258431 78270 78293 111300 
6 : 54429 114524 260150 54411 54427 114522 
6 : 141691 250404 16417 141680 16390 16408 
6 : 199724 57801 258813 57782 199722 57798 
6 : 210061 165779 226146 165771 210057 165772 
6 : 150735 259837 236710 150732 150727 236705 
6 : 264044 96315 154573 96316 154574 96291 
6 : 204649 259144 258375 204646 204644 258370 
6 : 244810 151602 221676 151593 221669 151584 
6 : 1639 264047 93805 1640 1618 93807 
6 : 65562 200672 104287 65554 65548 104269 
6 : 257082 261157 210835 257081 210830 210832 
6 : 2622 234446 242841 2610 2613 234435 
6 : 9168 235639 237159 9157 9158 235627 
6 : 160118 135698 36331 135681 36309 36307 
6 : 264065 264066 242229 264488 242231 242232 
6 : 215959 207272 218194 207261 215950 207262 
6 : 264067 130513 102419 130517 102421 102397 
6 : 127720 98260 247585 98239 127713 98257 
6 : 159300 133037 181484 133020 159279 133021 
6 : 256437 175755 39335 175746 39330 39309 
6 : 96922 62910 248354 62882 96918 62904 
6 : 255044 201258 128121 201254 128119 128105 
6 : 264087 229512 30052 229513 30053 30047 
6 : 197487 191425 97329 191408 97315 97312 
6 : 249404 30614 186489 30611 186481 30599 
6 : 260057 262701 236558 260056 236554 236557 
6 : 236374 234447 260710 234434 236372 234443 
6 : 255848 252616 264021 252613 255847 252615 
6 : 264100 260944 252089 260947 252094 252086 
6 : 249590 87091 253803 87086 249583 87088 
6 : 264109 221713 241615 221717 241621 221705 
6 : 198465 262440 209584 198464 198453 209582 
6 : 196050 159934 42593 159918 42572 42570 
6 : 92867 130514 82881 92853 82852 82858 
6 : 250375 94496 137646 94489 137635 94481 
6 : 9390 108682 179302 9364 9371 108659 
6 : 261934 108557 222420 108556 222418 108545 
6 : 244891 56087 40945 56082 40938 40919 
6 : 260608 258571 236067 258567 236065 236063 
6 : 269 85170 9514 250 247 9490 
6 : 264144 222199 148590 222200 148593 148581 
6 : 164217 264160 189817 164220 164208 189819 
6 : 235300 264158 174859 235301 174848 174860 
6 : 252793 194527 261373 194522 252792 194525 
6 : 43564 90266 263796 43543 43563 90265 
6 : 238263 49048 163094 49043 163082 49036 
6 : 260702 125755 264164 125752 260704 125758 
6 : 152485 164238 199689 152472 152476 164226 
6 : 189717 142362 209225 142343 189703 142347 
6 : 264170 63516 255590 63518 255592 63513 
6 : 96610 182309 243887 96601 96607 182305 
6 : 194170 232867 10932 194161 10913 10917 
6 : 260233 88575 231000 88573 230994 88571 
6 : 129610 78932 260513 78909 129608 78927 
6 : 226493 6623 60036 6614 60025 6594 
6 : 229845 242294 264183 229837 229846 242295 
6 : 63241 201349 111817 63232 63226 111801 
6 : 48509 99724 235534 48490 48502 99718 
6 : 234276 138996 249419 138989 234272 138990 
6 : 2780 124645 55872 2759 2754 55848 
6 : 258001 223644 16859 223640 16855 16845 
6 : 149501 145022 203494 145004 149488 145010 
6 : 258508 254919 203841 254914 203834 203832 
6 : 94016 257749 196571 94014 94003 196566 
6 : 219233 193747 225380 193732 219222 193733 
6 : 107220 119908 260305 107203 107219 119903 
6 : 255966 52906 37232 52897 37226 37201 
6 : 256033 257750 264213 256030 256034 257752 
6 : 107435 264216 263143 107438 107434 263146 
6 : 240557 86987 84711 86980 84702 84686 
6 : 141882 242369 43513 141876 43491 43507 
6 : 258241 264220 25851 258242 25845 25852 
6 : 149502 203842 203858 149489 149490 203828 
6 : 264221 148784 181040 148786 181041 148766 
6 : 75209 264224 155570 75211 75194 155574 
6 : 158892 244477 106026 158890 106007 106021 
6 : 232215 254526 244 232211 236 240 
6 : 261960 263137 13535 261956 13530 13532 
6 : 156064 146778 236495 146757 156057 146770 
6 : 264236 156943 81081 156945 81084 81057 
6 : 140508 117480 242334 117461 140503 117472 
6 : 148973 189441 259138 148951 148969 189438 
6 : 264252 233890 262852 233893 262856 233888 
6 : 222950 137086 226481 137076 222944 137077 
6 : 246426 156363 248042 156356 246420 156357 
6 : 232434 193993 242731 193983 232430 193989 
6 : 55505 186805 118694 55492 55487 118680 
6 : 236148 176677 32024 176666 32019 32005 
6 : 249031 103636 231661 103631 231649 103627 
6 : 227641 244136 23105 227632 23084 23091 
6 : 108728 139390 247796 108715 108723 139382 
6 : 116446 236610 228977 116438 116435 228966 
6 : 54782 15942 256134 15907 54778 15936 
6 : 101898 253259 261701 101892 101895 253257 
6 : 11336 230946 32512 11330 11314 32499 
6 : 220703 262734 239542 220699 220696 239538 
6 : 182995 70716 252233 70694 182990 70712 
6 : 232964 209385 233030 209375 232959 209376 
6 : 93075 127019 15478 93061 15452 15458 
6 : 19843 157836 262160 19833 19842 157835 
6 : 173775 160177 131663 160156 131641 131640 
6 : 88417 19865 264309 19849 88418 19868 
6 : 260091 233551 118550 233549 118547 118545 
6 : 150240 46264 216406 46239 150227 46251 
6 : 238973 160953 201431 160944 201426 160936 
6 : 155242 70110 134091 70097 134071 70095 
6 : 175812 20327 40211 20311 40193 20301 
6 : 224303 91197 244296 91185 224297 91192 
6 : 131158 194437 247868 131146 131151 194428 
6 : 210562 210730 191127 210555 191109 191110 
6 : 249472 188987 79189 188983 79186 79173 
6 : 230374 22892 176306 22884 176292 22877 
6 : 116137 170269 160689 116125 116124 160667 
6 : 75940 260289 222683 75935 75922 222676 
6 : 250935 118231 264346 118223 250937 118232 
6 : 11406 136187 170551 11382 11390 136174 
6 : 168956 135393 124942 135374 124919 124917 
6 : 261846 242575 183808 242574 183806 183800 
6 : 103290 128867 124141 103278 103276 124119 
6 : 7478 248131 13004 7469 7459 12997 
6 : 61511 207991 87386 61502 61495 87373 
6 : 90541 256987 216573 90538 90528 216571 
6 : 255107 261586 260001 255105 255104 260000 
6 : 264376 184716 228306 184719 228308 184702 
6 : 55196 246608 103976 55188 55180 103968 
6 : 57062 264381 254624 57064 57058 254625 
6 : 14965 105516 243947 14946 14959 105509 
6 : 200390 202895 245665 200378 200383 202891 
6 : 245729 97197 66471 97190 66468 66445 
6 : 36398 55393 148759 36376 36382 55379 
6 : 226118 218618 64774 218612 64765 64762 
6 : 33730 259321 199975 33729 33722 199971 
6 : 36399 228529 36785 36390 36374 36773 
6 : 38212 109508 111843 38191 38192 109488 
6 : 255362 155549 262112 155543 255361 155547 
6 : 261533 48234 208469 48230 208468 48220 
6 : 264123 12283 167065 12282 167064 12268 
6 : 241227 257921 261415 241220 241222 257919 
6 : 65341 252295 65938 65334 65313 65930 
6 : 70387 228004 129450 70380 70373 129439 
6 : 255316 167601 227915 167598 227910 167589 
6 : 196627 50333 256746 50318 196623 50327 
6 : 258672 122436 261670 122432 258671 122434 
6 : 253923 172318 178584 172314 178578 172299 
6 : 263450 262286 84124 262284 84120 84118 
6 : 263956 218924 223247 218921 223245 218903 
6 : 138700 246519 4088 138698 4059 4082 
6 : 158454 73862 263520 73846 158451 73861 
6 : 257320 113521 12012 113519 12007 11982 
6 : 173861 236103 102526 173852 102506 102511 
6 : 223725 71464 263010 71454 223724 71463 
6 : 248921 253355 252296 248918 248916 252288 
6 : 229477 185471 232465 185462 229472 185463 
6 : 244823 264458 252114 244825 244814 252116 
6 : 262009 150261 141933 150260 141931 141908 
6 : 209074 264459 166859 209076 166840 166860 
6 : 43584 24211 235698 24186 43579 24206 
6 : 168074 131750 252408 131728 168069 131742 
6 : 264469 233956 93033 233957 93035 93025 
6 : 52568 58142 19867 52547 19845 19846 
6 : 83085 224248 145821 83072 83067 145805 
6 : 87754 116318 130867 87732 87733 116297 
6 : 156651 225909 264470 156641 156652 225910 
6 : 100602 129310 95991 100584 95962 95965 
6 : 233016 264473 251242 233019 233011 251243 
6 : 32619 253893 40667 32615 32591 40663 
6 : 192596 202180 201273 192588 192587 201260 
6 : 1775 264490 119337 1776 1754 119339 
6 : 134153 237581 203589 134150 134141 203576 
6 : 237593 238075 195994 237589 195985 195986 
6 : 188675 155645 249477 155631 188671 155639 
6 : 79141 263650 72217 79140 72192 72216 
6 : 208265 221835 212979 208259 208258 212966 
6 : 185265 232139 171660 185261 171644 171652 
6 : 193366 248246 250684 193358 193359 248241 
6 : 19650 181647 221480 19639 19644 181632 
6 : 196949 35554 209248 35541 196943 35545 
6 : 246174 262957 73315 246170 73307 73314 
6 : 257251 173638 14859 173636 14853 14841 
6 : 33319 18990 126848 18967 33301 18973 
6 : 121943 264314 258886 121942 121935 258885 
6 : 179780 92219 177508 92202 177494 92201 
6 : 239007 231474 259924 231465 239004 231471 
6 : 90875 264508 232626 90876 90867 232627 
6 : 9667 152457 171589 9654 9656 152442 
6 : 116772 69853 67002 69834 66978 66974 
6 : 124771 234563 202181 124766 124764 202173 
6 : 192597 59713 264514 59701 192598 59715 
6 : 262943 133409 238133 133406 238131 133400 
6 : 12386 155881 126966 12367 12364 126940 
6 : 247813 61585 264527 61580 247814 61586 
6 : 263762 99391 261284 99389 261282 99386 
6 : 135150 194326 84160 135138 84131 84142 
6 : 171448 261911 217029 171447 171438 217028 
6 : 188488 248405 150382 188482 150371 150377 
6 : 244925 164554 226257 164548 226252 164546 
6 : 19270 258093 132109 19269 19256 132107 
6 : 216322 231740 71399 216311 71387 71391 
6 : 184251 264540 227748 184253 184242 227751 
6 : 247779 189982 256240 189977 247778 189980 
6 : 255578 154531 71400 154526 71396 71377 
6 : 63093 144009 235426 63075 63081 144001 
6 : 158164 28579 232177 28560 158155 28569 
6 : 218221 143967 237693 143953 218213 143957 
6 : 226282 64353 125396 64344 125384 64336 
6 : 240022 35154 264553 35139 240023 35155 
6 : 130185 247631 146444 130180 130161 146436 
6 : 208791 258516 200601 208789 200578 200597 
6 : 233489 262510 227506 233487 227491 227504 
6 : 174804 75253 143788 75240 143771 75237 
6 : 252018 122552 264567 122546 252020 122554 
6 : 251339 5972 160768 5969 160762 5954 
6 : 68031 263139 264478 68029 68030 263138 
6 : 109198 188537 187695 109178 109177 187679 
6 : 189983 264575 107372 189984 107353 107373 
6 : 37363 186724 149185 37343 37339 149172 
6 : 264583 168059 256271 168060 256272 168052 
6 : 160193 209412 206468 160184 160183 206462 
6 : 206297 212348 234640 206287 206290 212339 
6 : 234546 191749 24481 191746 24473 24464 
6 : 209945 218848 124670 209938 124653 124655 
6 : 258037 132110 256485 132106 256480 132105 
6 : 261943 251530 264587 251527 261946 251533 
6 : 264588 254206 201966 254207 201968 201961 
6 : 168434 148882 263885 148858 168433 148880 
6 : 183457 242095 216197 183450 183445 216190 
6 : 3415 35752 263952 3393 3414 35751 
6 : 40633 198442 21028 40621 20995 21012 
6 : 257063 263100 154859 257061 154852 154856 
6 : 47696 262567 252307 47694 47693 252303 
6 : 74970 119338 223889 74953 74962 119323 
6 : 209482 171873 243515 171853 209477 171862 
6 : 262197 244805 111336 244803 111334 111327 
6 : 235567 176731 197917 176722 197907 176715 
6 : 254639 16518 53941 16511 53933 16491 
6 : 68321 59141 218791 59119 68311 59131 
6 : 171828 197048 135621 171815 135600 135603 
6 : 121028 27690 259260 27664 121022 27685 
6 : 189865 192543 251468 189852 189861 192539 
6 : 222882 235407 202456 222877 202445 202447 
6 : 249012 90634 17335 90627 17329 17309 
6 : 25908 190726 253658 25893 25904 190719 
6 : 80084 263431 262090 80082 80080 262087 
6 : 173880 196101 123999 173866 123979 123981 
6 : 195039 169057 259140 169037 195032 169053 
6 : 154812 263257 136609 154810 136586 136607 
6 : 255493 211835 12188 211832 12184 12170 
6 : 253167 225012 223936 225005 223933 223929 
6 : 145911 182436 103767 145900 103745 103750 
6 : 249076 219265 82324 219256 82321 82311 
6 : 39774 7583 240855 7549 39762 7574 
6 : 90087 236978 261022 90075 90082 236974 
6 : 25763 197443 234116 25747 25753 197432 
6 : 132485 264680 219166 132486 132475 219169 
6 : 225400 108558 259758 108546 225398 108554 
6 : 264682 225727 264681 225730 265088 225729 
6 : 138622 24753 264683 24735 138623 24755 
6 : 261109 254705 37552 254701 37549 37545 
6 : 264315 193386 102794 193384 102792 102774 
6 : 117692 257922 225804 117686 117680 225796 
6 : 263660 264691 181148 263661 181146 181149 
6 : 40295 181903 100236 40277 40270 100222 
6 : 94728 260628 258355 94724 94723 258351 
6 : 245306 189737 261839 189726 245304 189732 
6 : 259428 262317 100489 259426 100484 100486 
6 : 169383 53082 28182 53067 28165 28153 
6 : 259768 154725 261261 154721 259766 154722 
6 : 45616 149016 264418 45595 45615 149014 
6 : 110104 72848 264175 72825 110103 72846 
6 : 128499 159183 42558 128485 42535 42539 
6 : 237260 235844 58275 235831 58264 58263 
6 : 264707 193748 139310 193749 139313 139290 
6 : 164536 61129 263581 61115 164535 61128 
6 : 154620 261798 105128 154617 105105 105125 
6 : 184147 86262 250958 86247 184142 86256 
6 : 163643 114909 182843 114886 163622 114889 
6 : 157316 190754 260712 157301 157311 190751 
6 : 260945 187658 255667 187656 255663 187654 
6 : 3333 138551 216890 3315 3323 138536 
6 : 164328 212422 123612 164319 123592 123596 
6 : 86794 149648 75973 86781 75944 75948 
6 : 104193 138465 96944 104184 96925 96929 
6 : 132183 56633 264725 56620 132185 56636 
6 : 6426 69854 260345 6403 6424 69850 
6 : 194357 40177 247076 40163 194351 40170 
6 : 264727 236395 93808 236397 93811 93796 
6 : 172483 259386 217811 172481 172471 217809 
6 : 247241 243814 200056 243807 200047 200046 
6 : 262696 75711 262962 75706 262695 75707 
6 : 5411 38951 158165 5393 5400 38938 
6 : 249983 28580 213731 28574 213722 28565 
6 : 264426 194771 194719 194770 194718 194702 
6 : 122252 168532 54845 122240 54819 54825 
6 : 235830 241287 258334 235820 235825 241284 
6 : 241585 229067 246334 229062 241580 229063 
6 : 244050 226272 216244 226267 216234 216233 
6 : 128070 264272 235580 128069 128061 235579 
6 : 226004 236178 259340 225998 226002 236176 
6 : 70868 149980 216425 70842 70852 149962 
6 : 262727 261622 26839 261621 26835 26834 
6 : 31517 259336 23878 31513 23851 23875 
6 : 209647 240236 240797 209634 209635 240224 
6 : 45904 102475 114131 45889 45891 102460 
6 : 62566 197155 218632 62557 62561 197145 
6 : 42496 152223 133544 42480 42476 133522 
6 : 264766 210696 220852 210698 220855 210684 
6 : 261154 133188 29295 133185 29291 29262 
6 : 61551 225139 216763 61542 61541 216754 
6 : 168550 146005 196266 145985 168535 145988 
6 : 175269 175086 264742 175064 175268 175085 
6 : 147984 185760 135394 147975 135370 135379 
6 : 237484 137410 4882 137404 4872 4857 
6 : 258735 121623 84574 121619 84570 84539 
6 : 264787 254069 263235 254071 263237 254067 
6 : 153163 129561 264789 129535 153165 129562 
6 : 229275 264791 223923 229278 223918 223928 
6 : 253584 264325 185452 253583 185446 185450 
6 : 29991 264796 193520 29992 29977 193521 
6 : 218677 171661 169152 171650 169140 169133 
6 : 191090 194590 228378 191072 191077 194575 
6 : 214695 47545 201134 47536 201117 47532 
6 : 238307 233089 244636 233075 238303 233079 
6 : 209261 248216 232789 209256 209254 232777 
6 : 193220 264804 260610 193221 193218 260611 
6 : 229751 175150 247856 175139 229743 175145 
6 : 244573 262638 182351 244571 182342 182348 
6 : 263883 119403 43652 119402 43651 43626 
6 : 37 171122 88969 23 17 88946 
6 : 229787 130235 225685 130225 225672 130224 
6 : 64659 263746 68808 64658 64634 68806 
6 : 172484 93644 264826 93630 172485 93646 
6 : 73395 136022 264830 73379 73397 136023 
6 : 133729 177967 206469 133713 133718 177953 
6 : 231451 255527 247409 231448 231447 247403 
6 : 192786 262862 189395 192785 189371 189391 
6 : 92058 51576 118552 51560 92045 51561 
6 : 192019 230204 201205 192013 192007 201197 
6 : 232605 252123 68809 232600 68793 68800 
6 : 214710 164472 256630 164460 214705 164468 
6 : 115871 217463 190348 115864 115861 190338 
6 : 165871 79333 149186 79310 149166 79308 
6 : 250264 110568 264844 110560 250267 110571 
6 : 149391 135028 199535 135009 149379 135016 
6 : 89825 198986 234974 89808 89813 198975 
6 : 194605 122899 264580 122884 194604 122898 
6 : 246888 204579 96701 204569 96691 96682 
6 : 8510 223268 177720 8499 8497 177701 
6 : 177968 209503 76389 177955 76365 76370 
6 : 162871 246347 134944 162863 134919 134932 
6 : 182328 215638 251877 182315 182323 215631 
6 : 47729 249723 37026 47722 36995 37020 
6 : 42705 261099 211674 42703 42695 211671 
6 : 264862 36333 255190 36335 255192 36325 
6 : 37741 253460 264300 37737 37738 253457 
6 : 262665 177024 114988 177020 114985 114966 
6 : 132929 235649 32620 132922 32599 32609 
6 : 254007 213568 94992 213564 94989 94981 
6 : 83459 73963 258277 73936 83456 73958 
6 : 264631 254993 205380 254992 205378 205369 
6 : 32854 221297 118398 32843 32836 118384 
6 : 258017 50891 232643 50887 232636 50880 
6 : 261888 245099 166651 245096 166646 166644 
6 : 217647 254872 124944 217642 124926 124938 
6 : 223449 199432 254851 199420 223444 199424 
6 : 154227 104512 147434 104491 147411 104489 
6 : 222770 264037 214099 222769 214085 214098 
6 : 102712 259702 212912 102708 102702 212909 
6 : 133326 263030 117097 133325 117073 117095 
6 : 213005 160230 159914 160220 159902 159897 
6 : 9545 263565 84435 9544 9519 84433 
6 : 96394 222482 261988 96382 96390 222478 
6 : 263296 119525 229619 119523 229617 119516 
6 : 20417 259979 238764 20411 20406 238759 
6 : 172939 8279 100357 8263 100336 8260 
6 : 103058 83481 180377 83461 103049 83468 
6 : 219235 255277 139312 219229 139295 139306 
6 : 264885 244147 225382 244149 225384 225372 
6 : 199726 178363 226148 178348 199717 178351 
6 : 264897 66097 230452 66098 230453 66080 
6 : 180770 126033 116139 126019 116126 116120 
6 : 199232 246729 264869 199228 199231 246728 
6 : 41894 105677 119934 41881 41883 105651 
6 : 158006 259996 60698 158002 60684 60693 
6 : 201309 228149 257517 201303 201307 228146 
6 : 101147 264907 130958 101148 101124 130959 
6 : 135314 90769 173154 90748 135296 90750 
6 : 216685 20481 158966 20472 158946 20467 
6 : 239517 245109 61300 239508 61291 61292 
6 : 200959 145050 133189 145030 133168 133160 
6 : 166813 232532 217410 166801 166798 217398 
6 : 32711 260337 264930 32706 32712 260338 
6 : 264931 193239 118049 193240 118051 118032 
6 : 239526 87681 115403 87669 115382 87656 
6 : 14137 228718 242476 14128 14132 228708 
6 : 85406 52246 223193 52218 85398 52231 
6 : 203344 232814 118846 203335 118832 118839 
6 : 69327 240881 262468 69322 69324 240879 
6 : 87202 226418 150816 87194 87187 150808 
6 : 24703 20063 264949 20032 24706 20065 
6 : 176704 241268 84206 176696 84193 84198 
6 : 157317 210084 124142 157303 124123 124132 
6 : 235278 63885 98622 63872 98611 63856 
6 : 135151 164555 259974 135135 135149 164550 
6 : 194327 159185 248406 159174 194323 159178 
6 : 160383 114234 244601 114214 160377 114226 
6 : 263900 237996 152158 237995 152157 152147 
6 : 185864 136452 226436 136440 185859 136446 
6 : 264964 68000 152774 68002 152775 67984 
6 : 243430 27371 86740 27366 86731 27345 
6 : 20029 205012 264970 20017 20030 205014 
6 : 143110 137478 155780 137456 143098 137457 
6 : 264529 262991 216823 262990 216822 216821 
6 : 122994 57164 52326 57146 52306 52300 
6 : 244371 149649 163185 149638 163176 149629 
6 : 89581 260780 218036 89579 89569 218033 
6 : 30750 259277 210255 30747 30741 210250 
6 : 123447 257612 100774 123444 100747 100769 
6 : 264994 263891 264613 263892 264615 263890 
6 : 198136 38418 99362 38404 99343 38394 
6 : 53057 217256 18424 53046 18388 18403 
6 : 166376 260024 207948 166375 166364 207944 
6 : 247777 243683 7546 243673 7533 7530 
6 : 265001 103638 38581 103640 38582 38549 
6 : 67670 263280 230660 67669 67661 230656 
6 : 260605 163493 204543 163489 204540 163483 
6 : 204296 179436 65605 179424 65590 65587 
6 : 260845 211390 170634 211387 170631 170625 
6 : 252242 90491 108189 90483 108179 90470 
6 : 265016 38419 220672 38420 220673 38408 
6 : 68999 150849 254270 68988 68996 150846 
6 : 228681 263920 254770 228679 228676 254769 
6 : 239083 254396 235926 239076 235914 235919 
6 : 66129 265020 208452 66130 66121 208453 
6 : 236056 176484 131432 176472 131420 131413 
6 : 218504 58764 207293 58747 207277 58745 
6 : 265028 250614 24483 250615 24484 24475 
6 : 192865 265037 264938 192866 192864 264939 
6 : 264057 258888 260765 258884 260763 258882 
6 : 228995 226589 126968 226578 126951 126950 
6 : 103101 245126 80943 103094 80921 80932 
6 : 73864 219289 265045 73854 73866 219292 
6 : 248175 217321 155282 217316 155277 155269 
6 : 88806 157331 85515 88794 85484 85489 
6 : 175270 239273 159345 175258 159327 159336 
6 : 32585 158846 265056 32572 32586 158848 
6 : 182862 100775 130265 100755 130242 100748 
6 : 259943 70211 204512 70209 204510 70199 
6 : 185812 108217 182177 108199 182155 108197 
6 : 180980 229177 33544 180969 33517 33529 
6 : 248819 249787 219660 248814 219652 219653 
6 : 30751 263537 174573 30749 30735 174572 
6 : 218709 1642 247077 1630 218698 1632 
6 : 229650 31551 262055 31540 229648 31546 
6 : 249226 19919 60257 19914 60253 19897 
6 : 110368 35901 257149 35875 110365 35900 
6 : 253479 256182 222622 253474 222616 222618 
6 : 260750 233360 142260 233357 142258 142251 
6 : 233937 238186 157440 233928 157424 157426 
6 : 243984 265075 29901 243985 29892 29903 
6 : 189760 265078 163680 189763 163664 163683 
6 : 239723 220404 127518 220393 127511 127509 
6 : 265081 135367 238321 135368 238322 135355 
6 : 215532 195168 265050 195150 215531 195167 
6 : 227538 122135 211883 122123 211869 122119 
6 : 231563 253075 260872 231558 231560 253071 
6 : 186385 175587 45811 175568 45791 45790 
6 : 128274 202680 8492 128262 8462 8472 
6 : 233944 136453 7429 136447 7418 7405 
6 : 66617 264921 135735 66616 66593 135733 
6 : 243015 140839 176123 140830 176112 140816 
6 : 243301 245724 159498 243293 159491 159492 
6 : 96014 257271 181485 96011 96000 181479 
6 : 252688 227012 227883 227006 227875 227003 
6 : 64632 204892 194103 64627 64625 194090 
6 : 220525 16104 34118 16085 34096 16061 
6 : 259839 262958 251806 259835 251797 251799 
6 : 105708 181565 237301 105693 105700 181555 
6 : 139828 265089 250772 139829 139820 250774 
6 : 264609 231911 205814 231909 205812 205797 
6 : 81747 120542 183651 81730 81736 120525 
6 : 218142 265096 265095 218144 218143 265389 
6 : 222975 155754 128229 155745 128217 128208 
6 : 255982 228599 260406 228591 255977 228593 
6 : 261053 248531 116320 248525 116314 116309 
6 : 150032 262587 182249 150029 150016 182247 
6 : 265105 234335 250406 234336 250407 234328 
6 : 186155 100491 108788 100471 108764 100463 
6 : 9199 257599 226844 9194 9189 226838 
6 : 261342 227868 263561 227865 261339 227866 
6 : 60993 26569 87277 26537 60969 26538 
6 : 27820 20699 34297 20666 27792 20668 
6 : 152329 95295 8808 95275 8782 8778 
6 : 2056 159724 225853 2043 2050 159717 
6 : 169550 261689 141440 169549 141424 141439 
6 : 102257 73318 91492 73283 91458 73279 
6 : 253007 256462 257253 253000 253001 256459 
6 : 260574 110541 203784 110536 203773 110522 
6 : 191818 186541 224136 186534 191808 186535 
6 : 181372 264922 260479 181371 181365 260478 
6 : 263602 218075 236353 218073 236350 218060 
6 : 133795 159847 263877 133780 133792 159844 
6 : 263461 17563 247158 17562 247156 17553 
6 : 195975 218633 260112 195961 195970 218626 
6 : 51351 213445 227382 51341 51342 213433 
6 : 147237 25412 264875 25393 147236 25411 
6 : 262427 123947 252801 123945 252798 123943 
6 : 156430 206448 241880 156415 156420 206439 
6 : 264266 148288 263032 148286 263029 148284 
6 : 248677 198273 149128 198264 149119 149110 
6 : 106143 159559 212047 106123 106130 159545 
6 : 140682 195146 195930 140670 140671 195132 
6 : 225209 260002 18265 225205 18249 18260 
6 : 59541 221150 231607 59532 59534 221141 
6 : 86199 249875 183024 86194 86184 183015 
6 : 212412 186580 145690 186564 145671 145666 
6 : 57280 144178 194841 57266 57270 144161 
6 : 242753 225468 85452 225461 85442 85439 
6 : 153464 257952 250607 153458 153455 250600 
6 : 177025 195835 222288 177010 177014 195822 
6 : 81582 234117 153615 81575 81563 153606 
6 : 259350 46330 109821 46326 109818 46311 
6 : 85172 26144 252284 26117 85169 26139 
6 : 235289 178556 241477 178548 235279 178549 
6 : 259561 264974 193878 259559 193874 193876 
6 : 44857 51649 188770 44837 44846 51632 
6 : 255738 240931 215234 240925 215224 215216 
6 : 68133 149650 167445 68114 68115 149631 
6 : 197195 114108 264023 114089 197192 114104 
6 : 176797 257880 109822 176795 109802 109817 
6 : 192526 46331 189287 46317 189269 46316 
6 : 125473 4813 265169 4787 125474 4814 
6 : 139790 237964 240545 139778 139780 237953 
6 : 244017 168470 82484 168462 82469 82460 
6 : 67220 2994 137358 2976 67207 2980 
6 : 153964 256202 44050 153959 44033 44044 
6 : 73648 236307 152725 73638 73632 152714 
6 : 189221 262319 13116 189219 13096 13114 
6 : 194314 258211 246400 194313 194311 246392 
6 : 256381 77068 85375 77057 85368 77040 
6 : 204847 265179 108559 204848 108541 108561 
6 : 235177 219168 222421 219156 222411 219153 
6 : 34677 221914 9735 34664 9702 9721 
6 : 37272 265181 257519 37273 37269 257520 
6 : 222458 112223 261073 112208 222452 112219 
6 : 45993 261522 265182 45990 45992 261521 
6 : 136681 220734 110681 136668 110653 110660 
6 : 171994 212606 261173 171983 171993 212604 
6 : 225198 265041 265185 225197 225199 265042 
6 : 86654 157675 254082 86629 86645 157665 
6 : 167540 189328 119059 167520 119032 119036 
6 : 264918 263753 265191 263751 264919 263755 
6 : 217453 224188 206258 217444 206248 206249 
6 : 244408 63679 239050 63668 239038 63667 
6 : 265197 264812 265198 264814 265303 264815 
6 : 212650 263633 15785 212647 15768 15784 
6 : 239125 226650 213892 226642 213882 213880 
6 : 125423 265122 200978 125422 125408 200977 
6 : 47747 118208 152564 47732 47735 118196 
6 : 189762 217376 1847 189750 1826 1832 
6 : 58982 154128 254852 58962 58976 154122 
6 : 50814 242514 254375 50805 50810 242510 
6 : 131287 180166 138028 131266 131262 138004 
6 : 257692 246824 264841 246820 257691 246823 
6 : 141089 230211 42013 141080 41990 42000 
6 : 65976 40827 109572 40794 65959 40797 
6 : 166509 140177 225095 140159 166502 140165 
6 : 207864 216891 215303 207852 207850 215288 
6 : 215256 253598 236017 215251 215248 236011 
6 : 161170 249138 255318 161163 161164 249134 
6 : 196173 155857 255352 155841 196166 155850 
6 : 170424 264340 264132 170422 170421 264131 
6 : 209113 238123 181312 209104 181295 181298 
6 : 25764 226377 262847 25751 25759 226372 
6 : 201953 261613 168104 201951 168081 168100 
6 : 197629 256502 205668 197626 197617 205664 
6 : 265222 81553 263696 81554 263697 81550 
6 : 180686 198114 264095 180674 180683 198112 
6 : 263319 245260 261405 245257 261400 245256 
6 : 81494 223248 261481 81486 81492 223242 
6 : 264943 72852 264422 72850 264419 72847 
6 : 264986 126522 135902 126520 135900 126503 
6 : 88708 221616 186908 88692 88687 186890 
6 : 264234 174199 239980 174198 239979 174189 
6 : 128663 91303 248551 91272 128657 91295 
6 : 248335 199691 252943 199681 248331 199682 
6 : 115723 42245 252360 42227 115719 42239 
6 : 261807 162967 25946 162963 25944 25925 
6 : 252009 202912 224908 202905 224901 202899 
6 : 24087 96703 203666 24065 24075 96681 
6 : 8198 154637 220156 8188 8193 154626 
6 : 146487 215878 244447 146477 146480 215871 
6 : 250670 246485 16750 246477 16741 16739 
6 : 167187 46948 30811 46932 30790 30782 
6 : 28555 77802 254712 28536 28551 77798 
6 : 201008 71639 247997 71619 201001 71632 
6 : 116509 251001 240841 116505 116501 240828 
6 : 264608 40322 140613 40321 140612 40300 
6 : 198633 194529 244298 194512 198624 194519 
6 : 242629 126824 89826 126816 89816 89799 
6 : 177275 223096 259865 177263 177271 223093 
6 : 110016 245667 147298 110006 109996 147286 
6 : 224234 234556 166963 224224 166945 166949 
6 : 159326 168597 258255 159303 159322 168590 
6 : 264239 113898 95200 113896 95198 95170 
6 : 212377 107198 245212 107184 212369 107193 
6 : 218818 263664 101119 218817 101108 101118 
6 : 255543 101413 117560 101408 117552 101384 
6 : 242826 238059 236289 238051 236277 236275 
6 : 264603 107098 210458 107096 210456 107083 
6 : 193005 261321 31887 192999 31862 31881 
6 : 265255 255025 180412 255026 180413 180405 
6 : 231193 98143 260838 98131 231186 98136 
6 : 263419 126910 189106 126907 189103 126893 
6 : 70390 258836 185055 70384 70379 185048 
6 : 255660 262810 260274 255658 255656 260272 
6 : 138821 265071 263467 138819 138816 263466 
6 : 223115 252367 247122 223107 223103 247118 
6 : 251478 263216 73171 251476 73165 73168 
6 : 64946 22043 139101 22017 64924 22023 
6 : 64914 228732 78267 64905 64891 78255 
6 : 97271 160732 239830 97253 97267 160722 
6 : 142065 188831 139880 142055 139856 139860 
6 : 89934 190189 265265 89921 89935 190190 
6 : 201021 30958 20259 30942 20235 20220 
6 : 82711 264248 56976 82710 56948 56975 
6 : 255973 185561 100492 185554 100482 100470 
6 : 43974 90611 249748 43955 43971 90605 
6 : 263090 225431 259750 225428 259747 225427 
6 : 96162 130516 263654 96143 96161 130512 
6 : 200184 251489 216290 200176 200167 216279 
6 : 204240 182152 248619 182131 204236 182142 
6 : 259110 141994 147194 141990 147190 141975 
6 : 265272 265108 189169 265109 189170 189167 
6 : 237846 114348 87944 114333 87933 87914 
6 : 131609 218473 155477 131598 131589 155461 
6 : 264891 162598 247341 162597 247340 162587 
6 : 253220 263918 131069 253216 131060 131066 
6 : 573 254708 135903 568 551 135895 
6 : 91227 126850 246037 91213 91221 126842 
6 : 84627 150077 249798 84613 84620 150068 
6 : 25947 144336 236897 25923 25939 144324 
6 : 172121 219504 142445 172108 142426 142432 
6 : 263807 245731 14967 245728 14964 14960 
6 : 68469 264874 227817 68467 68456 227815 
6 : 218154 16489 8319 16479 8301 8282 
6 : 245854 156044 265025 156033 245852 156041 
6 : 252320 199029 236366 199023 236361 199020 
6 : 192804 262172 260113 192800 192799 260104 
6 : 233605 255584 166156 233599 166140 166146 
6 : 265287 235178 108685 235179 108686 108672 
6 : 218870 118349 234722 118335 218861 118342 
6 : 251998 91712 102912 91708 102901 91689 
6 : 263369 187952 113685 187949 113684 113663 
6 : 261279 120318 265252 120313 261277 120317 
6 : 67624 256801 258466 67618 67619 256793 
6 : 150952 127023 81159 127009 81142 81141 
6 : 44944 120319 189172 44918 44921 120297 
6 : 115680 90670 210043 90638 115664 90648 
6 : 226052 217095 43482 217081 43474 43471 
6 : 174236 29862 262671 29844 174232 29861 
6 : 265291 119425 226420 119426 226421 119416 
6 : 10282 168487 76356 10265 10258 76334 
6 : 257139 136758 231664 136752 231655 136746 
6 : 138403 62462 29381 62442 29359 29354 
6 : 252562 219631 261644 219622 252558 219626 
6 : 253160 153407 258665 153399 253151 153401 
6 : 58983 186755 21284 58963 21256 21264 
6 : 227116 260669 169349 227111 169335 169341 
6 : 255750 238225 236290 238221 236280 236276 
6 : 40392 265177 258248 40391 40388 258246 
6 : 46634 63405 28815 46608 28778 28782 
6 : 74317 61872 263894 61846 74315 61870 
6 : 243929 87859 56366 87852 56357 56342 
6 : 262007 107040 252590 107037 252588 107031 
6 : 26536 264389 234773 26534 26527 234770 
6 : 246876 158784 7093 158779 7087 7072 
6 : 101203 133730 131092 101187 101186 131071 
6 : 159725 161305 206471 159708 159715 161287 
6 : 199839 15604 213596 15590 199830 15591 
6 : 69462 265258 121596 69461 69446 121595 
6 : 85174 147322 193880 85159 85164 147307 
6 : 264975 177648 148595 177647 148591 148573 
6 : 231787 195256 248552 195243 231782 195249 
6 : 11187 225327 61471 11172 11161 61457 
6 : 101450 84654 140494 84629 101431 84635 
6 : 137127 180539 263987 137114 137124 180537 
6 : 111639 262959 205592 111633 111623 205590 
6 : 255082 132214 206976 132205 206966 132196 
6 : 213133 263643 258256 213130 213128 258251 
6 : 244479 34535 239699 34527 239689 34525 
6 : 210531 165493 57101 165478 57086 57078 
6 : 28717 239493 19769 28711 19738 19760 
6 : 260314 256670 45270 256667 45268 45267 
6 : 246643 152777 230555 152764 230542 152758 
6 : 260029 158149 221764 158144 221756 158134 
6 : 264593 69710 254023 69708 254019 69703 
6 : 175566 110291 233269 110274 175559 110283 
6 : 143806 244700 265233 143800 143805 244699 
6 : 148457 183322 66895 148443 66870 66874 
6 : 144851 233509 224388 144844 144840 224378 
6 : 226250 90420 235928 90402 226242 90405 
6 : 211943 186795 258636 186786 211936 186789 
6 : 126283 48441 209228 48408 126267 48420 
6 : 163136 260807 247374 163135 163129 247372 
6 : 244389 257513 212174 244385 212164 212166 
6 : 263432 235535 164499 235533 164496 164490 
6 : 47620 150470 187243 47601 47606 150451 
6 : 7156 240255 258494 7147 7152 240251 
6 : 232443 159453 263430 159444 232441 159451 
6 : 137231 262052 99643 137225 99617 99639 
6 : 220210 73112 203667 73103 203648 73100 
6 : 152497 73668 37661 73656 37641 37634 
6 : 225731 248227 259201 225721 225724 248222 
6 : 71754 128889 64411 71740 64385 64392 
6 : 233606 197422 263181 197409 233601 197419 
6 : 228344 195257 263950 195241 228342 195253 
6 : 73649 195040 264249 73635 73646 195038 
6 : 196535 185562 265324 185547 196536 185563 
6 : 212287 265266 191690 212286 191672 191689 
6 : 264398 201812 61761 201809 61758 61745 
6 : 142446 166431 259268 142425 142439 166426 
6 : 264687 55109 248160 55107 248157 55102 
6 : 8364 207199 245611 8349 8355 207191 
6 : 216752 227630 40361 216740 40343 40347 
6 : 251394 218076 105424 218063 105413 105402 
6 : 262431 240306 151962 240301 151957 151947 
6 : 78269 167155 232467 78247 78256 167143 
6 : 15374 122997 10312 15358 10283 10294 
6 : 265210 97168 245905 97167 245904 97154 
6 : 224786 226020 239095 224773 224777 226014 
6 : 187381 222202 41864 187371 41844 41851 
6 : 192035 228820 244851 192026 192028 228814 
6 : 34860 226423 262672 34851 34858 226415 
6 : 257404 263206 175908 257401 175901 175903 
6 : 145538 26597 49123 26581 49100 26572 
6 : 155336 32471 186599 32457 155326 32461 
6 : 128718 232519 249962 128711 128715 232513 
6 : 57192 187926 126595 57179 57172 126573 
6 : 242970 263603 151963 242968 151948 151959 
6 : 114588 135904 104627 114565 104599 104602 
6 : 265336 262621 199177 262622 199178 199170 
6 : 195872 131959 250312 131944 195867 131955 
6 : 49291 191328 241426 49274 49281 191316 
6 : 208141 98551 49708 98539 49695 49681 
6 : 211434 154673 254882 154662 211429 154668 
6 : 78064 186865 159348 78052 78050 159330 
6 : 249779 167202 185210 167198 185200 167188 
6 : 243940 260420 146325 243935 146310 146315 
6 : 250211 137537 260148 137531 250208 137533 
6 : 208487 84488 264228 84475 208484 84485 
6 : 241923 244846 18196 241914 18187 18189 
6 : 257536 262205 233332 257533 233328 233331 
6 : 259129 145290 62309 145285 62306 62288 
6 : 259582 243758 188159 243753 188156 188148 
6 : 261814 165587 113165 165583 113162 113146 
6 : 158551 209019 91596 158540 91568 91575 
6 : 261661 264411 183911 261658 183909 183910 
6 : 248142 76850 250050 76839 248134 76841 
6 : 224572 261572 262811 224568 224569 261568 
6 : 21949 116927 246892 21931 21942 116920 
6 : 73113 183244 108939 73095 73090 108918 
6 : 256682 250042 250495 250038 250488 250034 
6 : 179836 194531 234975 179822 179826 194516 
6 : 16550 223765 142154 16537 16529 142138 
6 : 16962 265359 223249 16963 16956 223250 
6 : 8892 152310 73933 8876 8869 73914 
6 : 48929 137359 262224 48906 48926 137354 
6 : 180229 260212 177103 180226 177085 177098 
6 : 154693 94428 262424 94408 154691 94421 
6 : 115346 206747 260366 115332 115343 206744 
6 : 141995 245400 248620 141985 141986 245391 
6 : 248186 251513 116473 248179 116467 116468 
6 : 158608 247446 217687 158597 158595 217675 
6 : 259169 41669 248703 41665 248693 41661 
6 : 237371 261874 160795 237367 160780 160790 
6 : 64973 225563 220111 64962 64960 220095 
6 : 22044 217158 211837 22028 22025 211821 
6 : 76788 265238 221029 76786 76778 221028 
6 : 227122 18329 215370 18322 215361 18319 
6 : 26909 57284 258249 26887 26905 57277 
6 : 264887 263320 194843 263318 194840 194838 
6 : 111792 190050 41700 111782 41675 41682 
6 : 226882 27114 261685 27099 226878 27106 
6 : 257366 76252 85516 76242 85508 76226 
6 : 222247 138429 252896 138410 222243 138418 
6 : 78527 140786 93810 78506 78504 93786 
6 : 48692 265161 140403 48690 48670 140401 
6 : 250157 155285 219294 155278 219287 155270 
6 : 156068 234005 258336 156056 156062 234000 
6 : 263662 160012 185122 160009 185119 159995 
6 : 206654 164286 209746 164268 206640 164269 
6 : 97770 125180 260514 97746 97763 125177 
6 : 115484 264818 146299 115483 115465 146298 
6 : 194642 17409 256010 17392 194634 17402 
6 : 260756 265377 260932 260757 260751 260933 
6 : 248133 249501 1978 248125 1972 1973 
6 : 263150 33697 165613 33694 165611 33675 
6 : 226568 213086 265216 213071 226566 213085 
6 : 252738 104544 217702 104534 217696 104526 
6 : 43789 225781 94078 43780 43768 94065 
6 : 223154 55138 240857 55124 223144 55127 
6 : 247943 158437 149780 158425 149764 149747 
6 : 128378 233726 220554 128373 128369 220544 
6 : 257112 69362 220112 69360 220107 69345 
6 : 131960 96759 54226 96736 54205 54202 
6 : 150752 245384 218792 150748 150744 218785 
6 : 174717 152750 237564 152729 174709 152736 
6 : 265383 160273 250687 160274 250688 160263 
6 : 194411 263942 124543 194406 124524 124541 
6 : 93595 264741 26466 93594 26440 26464 
6 : 233067 251056 6147 233063 6129 6134 
6 : 227936 260235 251504 227934 227932 251500 
6 : 243059 241986 90938 241977 90924 90923 
6 : 1060 92032 258691 1036 1054 92027 
6 : 258876 255522 256734 255518 256729 255516 
6 : 193729 81919 254747 81906 193726 81917 
6 : 246070 213219 166256 213211 166248 166245 
6 : 58549 100629 256061 58525 58543 100623 
6 : 156148 191956 176370 156140 156139 176355 
6 : 256782 201813 64695 201806 64688 64678 
6 : 225418 265155 259762 225416 225413 259759 
6 : 252223 152522 162898 152514 162890 152500 
6 : 259337 44627 175548 44621 175541 44604 
6 : 198561 248414 258083 198555 198557 248408 
6 : 175874 182893 212981 175858 175863 182876 
6 : 264669 255895 62501 255892 62497 62491 
6 : 151932 17902 225856 17873 151918 17889 
6 : 177922 105901 251918 105878 177917 105894 
6 : 265218 63330 248102 63327 248099 63320 
6 : 229191 209958 262488 209949 229190 209957 
6 : 234836 33016 256122 33007 234831 33015 
6 : 252829 59885 167322 59872 167313 59859 
6 : 3019 206219 232032 3009 3011 206210 
6 : 131260 185868 117695 131243 117668 117672 
6 : 6004 213182 200754 5990 5986 200739 
6 : 264602 256229 251768 256227 251767 251765 
6 : 110086 241453 112890 110077 110071 112878 
6 : 181942 245050 237462 181938 181937 237455 
6 : 241303 190288 81219 190279 81206 81196 
6 : 18517 247050 251698 18505 18508 247042 
6 : 111933 249440 149603 111926 111914 149597 
6 : 210564 131161 256123 131147 210560 131156 
6 : 241790 243941 94049 241783 94040 94042 
6 : 255559 146326 109574 146313 109565 109545 
6 : 160981 161431 219184 160955 160964 161415 
6 : 24452 265388 117696 24450 24426 117694 
6 : 259025 6588 235751 6581 235746 6573 
6 : 241836 263870 59210 241833 59198 59206 
6 : 265309 264633 216023 264632 216022 216019 
6 : 249582 111819 263238 111807 249580 111815 
6 : 86201 228102 225132 86189 86188 225118 
6 : 101626 186581 191407 101607 101608 186560 
6 : 202980 5647 110712 5630 110691 5617 
6 : 256944 59482 240636 59477 240627 59470 
6 : 110166 264020 165512 110163 110151 165509 
6 : 236040 260448 215911 236036 215893 215907 
6 : 95906 235354 243446 95898 95899 235346 
6 : 157297 111279 166029 111256 157285 111258 
6 : 198548 197889 262844 197876 198543 197887 
6 : 205519 77016 264607 77000 205517 77015 
6 : 261332 234756 242693 234753 242688 234747 
6 : 256208 241171 166937 241164 166930 166924 
6 : 67564 238226 263468 67551 67557 238223 
6 : 251755 263535 264152 251752 251753 263533 
6 : 218693 261917 265231 218688 218692 261916 
6 : 191739 156776 262979 156758 191736 156773 
6 : 259772 161832 233294 161829 233291 161821 
6 : 81641 8417 252382 8393 81633 8405 
6 : 176383 238644 169910 176376 169894 169897 
6 : 172411 216738 168864 172402 168842 168850 
6 : 193694 69619 176124 69604 176099 69599 
6 : 225117 172242 181667 172233 181657 172225 
6 : 97524 145507 257391 97504 97520 145506 
6 : 142299 94590 70601 94572 70581 70578 
6 : 127813 113984 239386 113961 127803 113970 
6 : 202088 264849 158057 202085 158036 158052 
6 : 217378 45565 142980 45551 142964 45541 
6 : 50162 209370 179985 50151 50149 179971 
6 : 253932 109143 193276 109138 193270 109127 
6 : 249979 136506 213752 136493 213744 136482 
6 : 19427 263505 109992 19425 19409 109990 
6 : 220512 262246 79487 220510 79473 79486 
6 : 228927 20390 254106 20377 228923 20381 
6 : 125652 264888 229858 125648 125638 229855 
6 : 204241 123588 145610 123573 145592 123567 
6 : 209359 263058 158728 209357 158710 158727 
6 : 259130 13709 39850 13704 39845 13683 
6 : 154416 139855 264390 139830 154415 139853 
6 : 189417 235190 135737 189410 135707 135721 
6 : 212159 264824 258644 212157 212154 258643 
6 : 131724 5047 225633 5021 131712 5035 
6 : 137212 14556 130268 14527 130236 14525 
6 : 143929 263038 112456 143926 112430 112451 
6 : 264327 224175 84305 224173 84301 84288 
6 : 253834 227266 119061 227257 119046 119041 
6 : 202945 257503 34119 202943 34092 34106 
6 : 264031 84273 171783 84270 171778 84243 
6 : 9929 98847 162373 9913 9916 98833 
6 : 80498 265392 212623 80497 80488 212622 
6 : 101339 175994 84812 101327 84786 84794 
6 : 58686 83392 136707 58666 58669 83368 
6 : 143623 261615 144338 143619 143606 144331 
6 : 216664 189124 264520 189114 216663 189122 
6 : 251113 252761 169733 251106 169726 169727 
6 : 52167 113548 168891 52146 52148 113526 
6 : 179767 265018 262607 179766 179762 262606 
6 : 184857 244390 164500 184848 164483 164492 
6 : 178821 136852 65241 136836 65226 65217 
6 : 218668 7701 120394 7681 120376 7670 
6 : 231514 161744 230501 161727 230486 161726 
6 : 34771 253430 224306 34769 34763 224300 
6 : 129841 230197 262688 129834 129838 230192 
6 : 264761 186949 144314 186947 144313 144296 
6 : 264189 241039 146674 241037 146670 146661 
6 : 148265 128230 261220 128207 148260 128223 
6 : 229201 224137 157548 224129 157537 157534 
6 : 148527 186648 222423 148511 148513 186634 
6 : 261991 264905 265133 261989 261990 264903 
6 : 21434 95386 255832 21411 21432 95383 
6 : 69856 188284 225504 69841 69847 188270 
6 : 197490 29384 59717 29368 59703 29353 
6 : 162061 104236 256565 104219 162058 104231 
6 : 212020 91427 247748 91409 212015 91415 
10 : 26 29 14 27 211562 34249 211560 34252 221544 34251 
10 : 51 42 50 57 177301 242212 242267 177300 177309 242220 
10 : 173 157 161 163 74466 159535 171026 74450 74452 159519 
10 : 175 156 158 166 34075 110831 194043 34062 34070 110816 
10 : 194 181 191 189 72080 197251 191215 72071 72069 191204 
10 : 364 372 361 365 215471 198244 215461 198254 225268 198246 
10 : 373 355 363 374 42706 214114 265116 42696 42707 214115 
10 : 524 526 535 527 126111 126117 126112 166613 166607 166841 
10 : 528 533 542 540 167305 167321 167315 196265 196259 257476 
10 : 648 664 663 655 54625 54624 54610 264801 206334 206333 
10 : 660 653 656 650 141804 220319 101809 141796 101788 101799 
10 : 674 668 672 666 123930 178542 81451 123926 81436 81446 
10 : 810 811 821 812 60239 60248 60240 70656 70643 82870 
10 : 823 817 813 825 163924 92865 260261 92857 163927 92868 
10 : 1147 1157 1151 1148 164297 164289 164287 197166 174748 174738 
10 : 1318 1300 1306 1316 76190 175151 263864 76169 76187 175149 
10 : 1362 1363 1358 1373 147810 83041 147820 83043 171842 83055 
10 : 1434 1437 1439 1448 25003 25005 25019 103216 103234 143592 
10 : 1559 1547 1539 1533 194023 87492 35148 87481 35135 35126 
10 : 1749 1750 1744 1741 251246 160925 112324 160929 112328 112306 
10 : 2406 2411 2403 2408 239612 233461 239609 233466 261177 233465 
10 : 2534 2546 2528 2543 136821 38843 136811 38865 214296 38858 
10 : 2536 2529 2542 2545 50314 164436 164441 50320 50324 208853 
10 : 2821 2815 2820 2827 45605 164542 210437 45598 45613 164552 
10 : 2849 2842 2852 2833 205044 253581 25981 205048 25966 25989 
10 : 2869 2862 2863 2854 215528 227535 45117 215522 45108 45111 
10 : 2891 2875 2896 2893 17732 250665 250664 17736 17735 256684 
10 : 3161 3153 3160 3164 26417 155839 177190 26414 26422 155846 
10 : 3307 3302 3308 3303 187155 250364 224620 187158 187148 224622 
10 : 3318 3328 3324 3326 150214 150209 150213 221172 237908 221169 
10 : 406 3516 3504 3498 437 427 422 232746 169888 169878 
10 : 3546 3559 3552 3550 13248 13237 13235 97508 92647 92635 
10 : 3615 3616 3610 3618 209773 126153 209779 126154 218225 126161 
10 : 3657 3656 3654 3647 245385 217738 120773 217737 120772 120766 
10 : 3659 3649 3663 3661 150564 247625 247619 150572 150568 260254 
10 : 3799 3798 3792 3785 264595 240602 176020 240600 176016 176005 
10 : 3816 3809 3815 3801 196796 232978 143702 196792 143691 143699 
10 : 3954 3955 3964 3963 13181 13185 13184 31560 31557 111710 
10 : 4103 4092 4099 4098 27874 186144 185551 27865 27864 185543 
10 : 4295 4300 4297 4299 44104 44098 44100 66867 86293 66863 
10 : 4439 4432 4436 4431 91153 165216 81967 91145 81951 81958 
10 : 4463 4474 4464 4469 10985 10969 10976 67744 183256 67732 
10 : 4586 4577 4580 4585 52208 160068 243017 52195 52207 160066 
10 : 4596 907 4594 4601 923 143365 204659 918 932 143372 
10 : 4733 4736 4725 4718 260381 210394 24968 210396 24969 24959 
10 : 4781 4757 4772 4768 85448 229670 182680 85440 85435 182674 
10 : 4895 4891 4890 4886 176285 176011 14857 175995 14843 14842 
10 : 5228 5225 5227 5219 153810 198495 24510 153805 24497 24503 
10 : 5233 5256 5255 5248 20419 20413 20408 263324 254573 254568 
10 : 5243 5254 5244 5246 156338 156329 156330 182759 210452 182745 
10 : 5250 5251 5232 5239 259531 8101 87877 8102 87878 8085 
10 : 5282 5260 5261 5281 98621 115998 264497 98596 98620 115997 
10 : 5557 5560 1029 5564 74828 1034 74832 1038 100953 1044 
10 : 5902 5904 5895 5899 239760 149539 209212 149543 209217 149535 
10 : 5988 6002 5995 5997 209644 209638 209640 254172 256950 254166 
10 : 6071 6069 6065 6059 235244 212948 141500 212944 141497 141491 
10 : 6182 6171 6170 6183 123681 120637 227579 120626 123683 120639 
10 : 6479 6476 6488 6472 191268 203146 80023 191284 80019 80040 
10 : 6631 6635 6636 6640 104201 104203 104213 187661 187677 204846 
10 : 6652 6651 6647 6660 230763 127270 231109 127269 230781 127286 
10 : 6673 6663 6665 6681 55239 64242 196065 55233 55257 64255 
10 : 6721 6737 6739 6728 117283 117285 117274 253903 206915 206917 
10 : 6805 6802 6810 6801 50208 127776 30934 50212 30929 30944 
10 : 6970 6953 6961 6962 100872 184777 202366 100855 100858 184762 
10 : 7301 7299 7286 7305 239213 14996 253514 14990 239222 15002 
10 : 7431 7435 7439 7219 83878 83888 7226 162504 7233 7243 
10 : 7492 7504 7505 7486 204108 204109 66629 253908 66641 66642 
10 : 7755 7743 7752 7751 87780 238436 225622 87775 87771 225616 
10 : 7875 7882 7876 7878 105235 105226 105227 133598 150978 133594 
10 : 7887 7874 7872 7885 92513 17564 262684 17540 92511 17561 
10 : 7898 7894 7891 7904 144297 71802 191635 71798 144303 71809 
10 : 7903 7901 7888 7911 224928 11173 226330 11171 224937 11183 
10 : 8054 8051 8042 8058 133316 21803 207044 21793 133320 21810 
10 : 8390 8373 8388 8381 167698 263333 232031 167697 167686 232027 
10 : 8506 8505 8495 8502 254333 76385 235574 76383 235573 76377 
10 : 8526 8514 8512 8518 66647 20099 211765 20068 66630 20081 
10 : 8680 8828 8834 8837 8692 8700 8704 203165 203167 253152 
10 : 8848 8865 8849 8854 150797 150778 150784 162188 225494 162171 
10 : 8878 8871 8879 8877 90065 179696 158414 90066 90064 158415 
10 : 8975 8978 8984 8989 179648 179652 179657 202699 202704 225266 
10 : 9005 8999 9001 8996 181562 202988 145715 181553 145699 145703 
10 : 9090 9085 9074 9086 219819 126583 228884 126577 219815 126579 
10 : 9287 9284 9279 9293 230267 127601 255550 127594 230275 127609 
10 : 9356 9352 9339 9332 265110 208665 122284 208661 122282 122266 
10 : 9373 9359 9363 9374 87349 106706 188758 87339 87353 106709 
10 : 9468 9465 9482 9472 100121 140696 140683 100140 100126 180262 
10 : 9666 9647 9665 9655 77014 261778 168391 77013 76996 168390 
10 : 9751 9747 9753 9738 210392 258589 81973 210398 81965 81976 
10 : 9758 9762 9765 9755 109397 109403 47554 174989 47562 47571 
10 : 9893 9903 9908 9896 26393 26400 26381 250828 114483 114490 
10 : 10197 10201 10199 10200 145099 145090 145098 180078 239835 180077 
10 : 4510 10226 10225 10227 4528 4527 4529 249185 251764 249186 
10 : 10239 10235 10249 10242 36424 75905 75893 36440 36429 165600 
10 : 10392 10383 10387 10388 24471 162770 177703 24461 24462 162762 
10 : 10418 10421 10415 10424 217197 190259 217198 190268 251868 190271 
10 : 10511 10505 10500 10504 188667 14010 179804 14007 179797 14006 
10 : 10528 10521 10519 10527 107649 82065 189633 82054 107644 82064 
10 : 10529 1354 10523 10539 1369 136055 205681 1361 1382 136074 
10 : 10541 10557 10556 10558 50738 50736 50740 201642 209961 201645 
10 : 10583 10571 10579 10577 133155 235973 212170 133147 133143 212163 
10 : 10602 10609 10613 10595 195226 195232 120765 246738 120775 120780 
10 : 11009 11000 11007 10991 217823 247210 109431 217821 109425 109430 
10 : 11034 11016 11032 11036 13405 256730 259309 13402 13408 256733 
10 : 11451 11454 11444 11445 187988 14506 38129 14512 38141 14488 
10 : 11486 11494 11497 11487 143469 143474 143463 223121 153187 153193 
10 : 11606 11612 11609 11600 185080 185076 69602 216731 69612 69607 
10 : 11689 11701 11693 11692 190092 190080 190076 215667 198064 198046 
10 : 11750 11751 11746 11744 242207 221685 134705 221687 134709 134700 
10 : 12058 12055 12056 12067 51399 70584 166024 51390 51411 70596 
10 : 12234 12236 12224 12222 240574 104895 31870 104902 31876 31853 
10 : 12255 12253 12252 12244 242619 232728 104027 232724 104019 104017 
10 : 12403 12397 12392 12390 164549 118841 84152 118824 84137 84130 
10 : 12461 12452 12462 12463 187601 259038 259039 187602 187603 260220 
10 : 12881 12890 12899 12884 48140 48146 48130 217867 161414 161423 
10 : 12915 12929 12910 12908 115505 47033 32914 47053 32935 32909 
10 : 13033 13025 13022 13026 143860 50451 164935 50434 143847 50435 
10 : 13070 13072 13079 13057 228132 228139 69776 240882 69778 69788 
10 : 13169 13173 13178 13168 82248 82256 77834 211328 77845 77858 
10 : 13664 13670 13663 13661 88253 59313 47398 59328 47409 47394 
10 : 13700 13703 13698 13705 241918 230137 241921 230140 258647 230141 
10 : 13706 13681 13690 13689 18194 155429 154152 18177 18176 154131 
10 : 13847 13848 13846 13849 108859 100974 108860 100975 116697 100977 
10 : 13973 13984 13975 13979 83291 83273 83281 102616 182921 102602 
10 : 14260 14252 14258 14249 157718 232969 79084 157715 79071 79081 
10 : 14328 14324 14321 14306 258161 230619 31884 230614 31877 31868 
10 : 14407 14410 14406 14417 139924 96260 139935 96264 150534 96284 
10 : 14453 14443 14450 14445 153476 182914 170469 153471 153469 170464 
10 : 1135 14472 14484 14486 1146 1155 1159 146134 146135 256522 
10 : 14724 14726 14732 14718 160352 160363 52508 207010 52515 52530 
10 : 14730 14729 14731 14722 231745 258896 123608 231749 123600 123613 
10 : 14749 14735 14738 14744 128716 190504 245804 128706 128714 190497 
10 : 14872 14876 14886 14878 103464 103483 103466 173199 173183 181145 
10 : 14938 14913 14935 14924 58574 252291 185047 58570 58560 185045 
10 : 15087 15073 15081 15078 147078 227320 196431 147071 147065 196422 
10 : 15108 15100 15117 15110 92982 201000 200993 92993 92983 213229 
10 : 15174 15162 15167 15169 52790 199187 199664 52783 52785 199181 
10 : 15181 15183 15191 15198 47648 47654 47670 100563 100581 182058 
10 : 15349 15326 15337 15345 24209 210321 243610 24199 24207 210314 
10 : 15378 15389 15390 15377 74784 74786 63383 229506 63394 63395 
10 : 15492 15487 15482 15483 218122 128448 136044 128435 136031 128427 
10 : 15496 15518 15516 15501 66619 66614 66597 264150 179739 179733 
10 : 15534 15533 15522 15542 220313 101537 222388 101536 220320 101543 
10 : 15548 15546 15572 15553 74067 96798 96785 74086 74074 166729 
10 : 15666 15652 15658 15665 17022 104511 260820 17002 17019 104508 
10 : 15687 15674 15686 15681 212814 265026 257980 212812 212805 257977 
10 : 15808 15804 15807 15812 102008 145026 174146 102006 102017 145036 
10 : 15863 15850 15871 15857 56843 251295 180881 56849 56833 180888 
10 : 15972 15968 15977 15962 183495 226829 150171 183510 150165 150185 
10 : 15997 16000 15998 15981 251196 251191 106509 253329 106517 106510 
10 : 16424 16433 16431 16422 105488 105485 25680 212906 25699 25697 
10 : 16430 16432 16426 16427 195790 110399 149323 110406 149331 110393 
10 : 16440 16458 16455 16439 127003 127001 112172 260174 112196 112192 
10 : 16610 16613 16605 16609 215710 67471 169510 67477 169516 67466 
10 : 16801 16820 16822 16825 23263 23264 23270 246249 246259 254995 
10 : 16924 16915 16908 16902 211480 98262 61162 98250 61149 61134 
10 : 16948 16946 16950 16958 18800 101718 101729 18803 18820 122056 
10 : 16967 16969 16972 16976 64947 64949 64957 91979 91986 150144 
10 : 17074 17077 17073 17076 264544 245059 264543 245063 265345 245062 
10 : 17216 17223 17213 15398 195794 135668 15420 135678 15437 15413 
10 : 17217 17215 17212 17214 151346 109006 144609 109000 144605 108998 
10 : 17353 17348 17354 17347 182409 239072 118249 182411 118240 118251 
10 : 17499 17493 17496 17509 68898 196331 236313 68896 68904 196340 
10 : 17652 17661 17656 17650 197541 197539 148105 227735 148123 148117 
10 : 17699 17697 17687 17703 178743 49242 208924 49239 178751 49251 
10 : 17794 17784 17783 17798 52603 30982 223337 30961 52611 30992 
10 : 18267 18276 18277 18270 38505 38506 38497 229187 136060 136061 
10 : 18283 18301 18286 18299 64191 64175 64190 116694 262868 116690 
10 : 18336 18345 18338 12968 168638 168633 12982 187409 12994 12986 
10 : 18438 18428 18436 18439 36320 224311 241392 36317 36322 224314 
10 : 18495 18494 18493 18509 113214 60598 124381 60596 113232 60614 
10 : 18648 18646 18639 18647 257915 225442 259245 225440 257914 225441 
10 : 18657 18664 18677 18652 105504 105518 66446 219291 66459 66473 
10 : 18691 18698 18701 18681 192343 192347 45364 256362 45381 45382 
10 : 18697 18699 18684 18686 233513 90074 138761 90080 138765 90061 
10 : 18907 18905 18908 18909 123220 178024 178029 123221 123228 183414 
10 : 18920 18926 18921 18924 159468 159462 159466 163748 209314 163746 
10 : 18923 18918 18928 18914 133825 205770 88459 133831 88449 88467 
10 : 19086 19073 19084 19087 35393 218967 235622 35387 35395 218971 
10 : 19091 19101 19095 19107 19469 19458 19476 114786 218068 114802 
10 : 19228 19240 19235 19231 89427 89421 89419 200569 180259 180252 
10 : 19583 19569 19581 19579 69828 259799 259292 69826 69825 259289 
10 : 19665 19663 19668 19662 239920 253580 239053 239924 239051 239057 
10 : 12707 19685 19671 19679 12725 12712 12721 100061 174854 100049 
10 : 19670 19674 19682 19675 92555 92564 92557 109627 109617 130501 
10 : 19704 19696 19688 19693 222004 93942 205376 93928 205360 93925 
10 : 19876 19880 19882 19871 103523 103524 22638 160330 22641 22644 
10 : 19895 19885 19877 19881 215002 112914 163676 112905 163667 112898 
10 : 19973 19978 19979 19982 156020 156021 156023 241581 241584 250116 
10 : 19992 19991 19989 19993 184119 165677 191981 165673 184120 165681 
10 : 20026 20013 20012 20004 175452 169624 56423 169610 56409 56408 
10 : 20108 20124 20119 20109 91868 91861 91847 222740 112051 112045 
10 : 20370 20372 20365 20368 175978 142504 168175 142506 168176 142502 
10 : 20430 20422 20420 20423 133051 94309 151114 94294 133042 94295 
10 : 20445 20437 20435 20455 65824 62751 171466 62737 65841 62769 
10 : 20602 20608 20604 20614 124778 124775 124792 131757 161691 131770 
10 : 20748 20753 20751 20744 194927 194926 112205 228141 112213 112210 
10 : 20913 20911 20915 20897 251433 260050 99755 251435 99751 99757 
10 : 20935 20937 20929 20919 253182 186396 28485 186401 28490 28467 
10 : 21209 21189 21204 21197 28972 254498 170847 28958 28946 170834 
10 : 21220 21223 21216 21213 252639 207268 136791 207271 136796 136779 
10 : 21367 21378 21382 21380 44191 44200 44194 242844 242830 250654 
10 : 21381 21375 21370 21369 188176 81152 73271 81144 73261 73255 
10 : 21392 21393 21395 21406 156267 156270 156280 157697 157705 179233 
10 : 21692 21702 21697 21691 150932 150926 147275 234554 147294 147282 
10 : 21694 21688 21704 21690 46798 186931 132239 46814 46793 132260 
10 : 21725 21723 21720 21712 249542 227877 170264 227874 170259 170256 
10 : 21869 21858 21861 21864 30521 42433 118130 30495 30502 42419 
10 : 21870 21867 21863 21866 236440 108186 166466 108176 166456 108170 
10 : 22228 22230 22227 22224 157180 127565 23992 127572 23998 23989 
10 : 22263 22271 22261 22277 112495 64450 112501 64460 217061 64470 
10 : 22431 22440 22428 22436 233112 142111 233110 142121 246530 142116 
10 : 22531 22525 22527 22528 71507 104672 162089 71500 71505 104667 
10 : 22563 22589 22566 22583 29211 29188 29205 104810 255292 104802 
10 : 22674 22679 22681 22695 69187 69190 69206 136803 136824 164161 
10 : 22876 22893 22891 22886 167965 167964 167959 263919 235924 235922 
10 : 22992 23007 23003 23008 95753 95748 95754 263063 265356 263064 
10 : 23126 23115 23120 23116 180626 219286 212534 180622 180620 212525 
10 : 23211 21113 23210 23236 21119 63096 74593 21118 21150 63124 
10 : 23430 23432 23445 23431 112271 112282 112265 162968 144316 144337 
10 : 23455 23467 23469 23450 144401 144403 98024 261740 98050 98052 
10 : 23456 23468 23470 23463 159814 159815 159808 264338 244057 244058 
10 : 23584 23598 23582 23594 86921 72422 86916 72450 242388 72441 
10 : 23939 23946 23944 23940 203223 203219 203213 238837 214860 214854 
10 : 24099 24105 24091 24092 194420 87868 91317 87879 91331 87861 
10 : 24169 24163 24167 24175 141231 166739 207485 141224 141236 166749 
10 : 24193 24183 24204 24203 30152 149705 149704 30164 30162 220661 
10 : 24230 24243 23627 24234 32580 23628 32568 23650 71517 23632 
10 : 24379 24374 24375 24377 200030 203678 226076 200024 200028 203674 
10 : 24551 24557 24543 24548 228192 120285 217748 120291 217752 120281 
10 : 24560 24569 24559 24558 78772 74770 59176 74789 59200 59175 
10 : 24562 24567 24565 24566 134986 134981 134984 223315 232219 223313 
10 : 24597 24595 24592 24596 241970 187692 247378 187686 241966 187689 
10 : 24603 24629 24621 24610 77705 77699 77691 245902 154744 154736 
10 : 24857 24863 24870 24874 179786 179790 179793 232335 232337 260047 
10 : 24864 24869 24861 24856 237375 209726 154456 209737 154465 154451 
10 : 24981 24992 24984 24997 49283 49273 49286 186232 249921 186239 
10 : 25144 25152 25149 25154 89334 89331 89336 157336 185358 157338 
10 : 25161 25165 25163 25162 63911 63909 63908 86971 74228 74226 
10 : 25289 25292 25286 25291 258377 240424 258372 240432 261174 240426 
10 : 25329 25319 25320 25330 181385 208996 255890 181376 181388 209000 
10 : 25333 25338 25351 25339 42470 42488 42473 82344 82331 110058 
10 : 25367 25354 25366 25360 37932 205537 147093 37929 37920 147092 
10 : 25423 25435 25426 25436 68229 68212 68230 132849 259000 132851 
10 : 25456 25453 25447 25457 238738 158904 246148 158902 238739 158905 
10 : 25570 25574 25576 25577 213077 213078 213082 249479 249486 252735 
10 : 26041 26053 26060 26042 94276 94285 94269 207430 108924 108936 
10 : 26044 26054 26052 26045 119726 119724 119718 203670 121256 121254 
10 : 26202 26200 26217 26209 38958 87860 87844 38983 38969 214593 
10 : 26207 26201 26205 10779 69961 176445 10794 69958 10782 10790 
10 : 26344 26351 26352 26347 176935 176936 176928 264410 233369 233370 
10 : 26522 26520 26524 26516 181356 201105 139837 181360 139833 139841 
10 : 26689 26696 26691 26694 81537 81528 81530 91749 153388 91741 
10 : 26720 26727 26711 26716 257837 214668 236340 214674 236351 214658 
10 : 26724 26729 26710 26707 262711 209246 129910 209252 129914 129888 
10 : 26883 26872 26877 26880 122744 199961 256397 122735 122742 199959 
10 : 27012 27000 27020 27018 28412 188829 188827 28425 28423 259727 
10 : 850 27189 27202 27195 855 869 863 105869 105859 204862 
10 : 27206 27220 27207 27226 72298 72287 72311 74718 205354 74732 
10 : 27307 27308 27312 27309 106172 106181 106173 107050 107042 108201 
10 : 27656 27652 27642 27648 232128 149690 200824 149683 200817 149678 
10 : 27778 27784 27788 27791 207335 207340 207345 242038 242045 258250 
10 : 27894 27886 27903 27899 82589 191977 191968 82616 82604 252730 
10 : 27895 27901 27900 27891 196889 196886 157134 260491 157156 157151 
10 : 27968 27967 27956 27963 260815 156385 251174 156383 251173 156377 
10 : 28382 28384 28383 28393 70113 70112 70122 119553 121816 119572 
10 : 28449 28444 7994 28431 233262 8022 84975 8015 84969 7997 
10 : 28492 28504 28497 3419 41380 41375 3422 190772 3446 3440 
10 : 28664 28667 28659 28658 246416 193083 188701 193087 188703 188690 
10 : 28819 28831 28832 28835 109747 109748 109751 257380 257385 258307 
10 : 28867 28851 28869 28870 66998 251518 251521 67000 67003 260346 
10 : 28985 28976 28977 28992 84822 106012 203056 84813 84839 106025 
10 : 29013 28995 29008 29012 32708 188969 226307 32694 32699 188959 
10 : 29153 29140 29156 29143 40310 235630 79823 40311 40297 79827 
10 : 29173 29170 29176 29172 159696 200231 185884 159702 159693 185895 
10 : 29349 29340 29181 29351 183998 29209 264620 29193 184002 29214 
10 : 29469 29470 29472 29476 114631 114635 114638 150958 150963 199743 
10 : 29522 29529 29533 29515 174364 174371 64822 242927 64834 64839 
10 : 29684 29708 29693 29694 35615 35599 35600 214014 214672 213997 
10 : 29749 29751 29757 29752 50794 50799 50796 142639 142634 162198 
10 : 29760 29776 29769 29761 61552 61544 61533 234465 75587 75578 
10 : 29784 29779 29778 29786 97427 86630 169553 86623 97431 86634 
10 : 30227 30235 30233 30226 187203 187200 158935 253774 158963 158960 
10 : 30414 30407 30401 30411 165484 78000 214307 77982 165479 77991 
10 : 30463 30468 30454 1980 252680 161979 2010 161986 2016 1994 
10 : 30537 30533 30531 30530 221146 198980 189810 198973 189800 189796 
10 : 30543 30552 30545 30555 65404 65394 65406 135913 219845 135917 
10 : 30548 30559 30553 30557 186175 186169 186172 224715 257546 224711 
10 : 30593 30610 30592 30598 58721 33439 58710 33461 166269 33447 
10 : 30603 30613 30615 30608 207325 207329 207320 255946 238826 238828 
10 : 30725 30719 30708 30717 240036 151120 234817 151113 234809 151111 
10 : 30999 27660 30998 31003 27675 224435 225962 27674 27689 224446 
10 : 31001 30994 30995 31000 109872 121018 234746 109859 109871 121017 
10 : 31140 31146 31147 31141 180560 180563 180554 218011 190614 190619 
10 : 31156 27465 31171 31164 27473 157707 157700 27493 27481 245201 
10 : 31172 31155 31167 31165 154440 262458 256273 154435 154430 256268 
10 : 31307 31312 31294 31309 254928 128416 254926 128424 260930 128420 
10 : 31469 31473 31470 31468 234598 234595 212381 238234 212393 212383 
10 : 31501 31507 31512 31515 166634 166642 166645 209159 209165 240792 
10 : 31606 31604 31603 31602 110227 90272 79347 90267 79340 79337 
10 : 31629 31622 31632 31623 197299 249043 210903 197302 197295 210904 
10 : 31758 31753 31748 31701 169772 98010 31724 98005 31717 31705 
10 : 20940 31921 31917 31938 20946 20943 20961 34366 87274 34394 
10 : 31942 31945 31961 31947 74600 74618 74601 125950 125927 139980 
10 : 32210 32200 32199 32212 136846 98436 251832 98416 136848 98440 
10 : 32529 32539 32541 32530 67107 67111 67094 239166 71777 71780 
10 : 32661 13541 32660 32659 13559 148683 147623 13555 13554 147622 
10 : 32674 32678 32677 32681 141096 141093 141100 165974 209717 165984 
10 : 32867 32860 32866 32868 97662 202380 240242 97660 97667 202382 
10 : 32950 32944 32941 32948 165710 95806 226078 95793 165704 95805 
10 : 32965 32957 21754 32966 47348 21775 200697 21756 47355 21781 
10 : 32971 32959 32967 32961 102573 258793 104543 102570 102556 104538 
10 : 33565 33580 33568 33570 198863 198857 198858 213216 217209 213207 
10 : 33581 33571 33567 33561 225952 207707 103375 207697 103363 103358 
10 : 33726 33719 33723 33731 173340 221850 248723 173338 173346 221859 
10 : 33748 33739 33742 33756 128794 151722 216463 128786 128804 151733 
10 : 34047 34048 34037 34033 222459 136840 72874 136841 72875 72858 
10 : 34195 34188 34189 34206 129547 135716 213116 129534 129560 135731 
10 : 34317 34303 34309 34314 131956 214771 237649 131946 131950 214765 
10 : 34629 34631 34632 23657 258674 258675 23691 262748 23693 23694 
10 : 34641 34636 34643 34652 73260 168829 168838 73262 73275 190119 
10 : 34788 34786 34782 34783 248970 204621 223883 204618 223880 204611 
10 : 34792 34776 34789 34791 169132 257649 263361 169128 169131 257648 
10 : 34908 34902 34905 34910 148332 188891 222498 148331 148335 188894 
10 : 34961 34951 34948 34946 85009 66056 46540 66040 46520 46518 
10 : 22594 34979 34972 34986 22616 22607 22620 156956 213945 156960 
10 : 35053 35060 9486 35063 65676 9489 65679 9495 118655 9498 
10 : 7937 35070 35095 35072 7939 7963 7940 52797 52766 64838 
10 : 35103 35114 35105 35107 108046 108034 108036 141824 173171 141810 
10 : 35195 35198 35199 35192 181077 181080 53676 218539 53680 53684 
10 : 35400 8285 31662 35399 8318 31700 263769 8284 8314 31698 
10 : 35635 35644 35650 27696 86416 86427 27698 185806 27707 27724 
10 : 35645 35653 35641 35640 211014 148579 139402 148592 139417 139394 
10 : 35761 35757 35771 35766 89997 147191 147180 90024 90009 221876 
10 : 35828 35827 31552 35822 240674 31575 220414 31573 220411 31569 
10 : 35953 35952 767 35943 262402 796 211226 795 211225 780 
10 : 36073 36077 36080 36090 81663 81665 81681 136226 136239 164628 
10 : 36096 36099 36104 36107 60396 60403 60407 90475 90478 177863 
10 : 36117 36115 36098 36109 264105 77801 226192 77800 226191 77791 
10 : 34398 36188 36197 36189 34405 34421 34406 166047 166033 186512 
10 : 36277 36293 36275 36291 71582 67797 71579 67824 247638 67823 
10 : 36282 36284 36292 36280 143237 143248 127490 166251 127495 127513 
10 : 36286 36296 36289 36298 172019 172009 172021 213214 259738 213218 
10 : 36337 36338 36339 36342 63479 63481 63482 66188 66191 144318 
10 : 36510 36511 36514 36522 96397 96399 96404 131571 131583 158426 
10 : 36547 36555 36560 36545 63506 63511 48404 173808 48417 48426 
10 : 36549 36554 36550 36558 90967 90962 90975 95374 171158 95379 
10 : 36689 36683 16862 36668 248063 16896 111179 16888 111170 16871 
10 : 36816 29685 36814 36824 29695 184151 222832 29690 29703 184164 
10 : 37124 37118 37122 37117 56777 113743 54670 56775 54662 54668 
10 : 37287 37290 37276 37283 216997 85166 185533 85167 185536 85163 
10 : 37454 37441 37438 37455 85051 72414 254975 72395 85054 72415 
10 : 38038 38037 38043 33198 228207 229153 33220 228214 33219 33229 
10 : 38040 38035 38029 38045 174472 97189 245139 97176 174483 97198 
10 : 38062 38056 38053 38055 182497 157960 173149 157946 173134 157944 
10 : 38063 38059 38048 38052 240317 101144 151023 101135 151012 101126 
10 : 38168 38188 38186 38175 100944 100941 100932 262245 175992 175990 
10 : 38241 38242 38226 38245 250273 146311 250278 146316 262469 146321 
10 : 38335 38324 38321 38325 55967 44188 73266 44180 55954 44181 
10 : 38499 38500 38493 38501 189224 53526 189225 53530 195238 53533 
10 : 39066 39060 39070 39064 175953 250127 222138 175959 175950 222143 
10 : 39096 39097 39100 5650 173488 173490 5665 185421 5668 5673 
10 : 39102 39098 39106 39108 201754 253409 253411 201755 201756 260344 
10 : 39199 39205 12935 39202 150845 12944 150837 12959 203409 12952 
10 : 39235 39228 39232 39225 149853 194741 52519 149849 52506 52512 
10 : 39405 39394 4950 39409 109808 4974 241742 4954 109812 4978 
10 : 39513 39512 39508 35870 251123 222075 35898 222073 35896 35891 
10 : 39678 39670 39669 39667 193668 160249 138889 160234 138867 138862 
10 : 39798 39789 39800 17535 105238 249625 17556 105239 17543 17558 
10 : 39802 4484 39787 38726 4509 89854 38758 4491 4483 38731 
10 : 39922 34362 39937 39926 34369 101138 101128 34387 34375 160582 
10 : 39946 39958 39949 39951 97233 97220 97225 160570 207361 160550 
10 : 40092 40094 33199 40078 250156 33227 166954 33233 166961 33212 
10 : 40143 40145 40126 40149 245143 53327 245146 53328 252221 53333 
10 : 40164 40158 40178 33018 154028 198521 33033 154044 33028 33057 
10 : 40233 40247 40234 40246 77495 77476 77494 80945 265397 80944 
10 : 40264 40262 40261 40265 261254 259361 262600 259360 261255 259362 
10 : 1200 40372 40373 40371 1209 1213 1208 204215 200733 200741 
10 : 40376 40364 40362 12653 63154 50778 12682 50750 12658 12654 
10 : 40562 40559 40570 40560 45257 188672 119768 45265 45245 119782 
10 : 18464 40695 40700 40690 18488 18490 18483 258199 232743 232749 
10 : 40856 40847 40858 40854 89789 259682 249531 89793 89786 249535 
10 : 40897 40915 40898 40909 136938 136918 136928 156171 210025 156156 
10 : 41010 41031 36873 41004 198523 36887 96677 36907 96704 36877 
10 : 41149 41157 41159 41153 126394 126399 126387 201263 153283 153288 
10 : 41291 41284 39551 41293 180447 39582 262819 39563 180449 39585 
10 : 41292 41285 41290 41286 201113 259491 234769 201111 201107 234762 
10 : 41314 41305 41315 41311 241133 263617 257208 241134 241130 257209 
10 : 41420 41422 41424 41421 114616 114619 114613 150870 124801 124805 
10 : 41586 41581 41578 41580 231043 180045 190798 180035 190789 180031 
10 : 41588 41587 41576 41575 262244 170725 164190 170724 164189 164171 
10 : 41606 41615 41605 41611 241166 238390 241162 238395 254291 238393 
10 : 41683 27077 41685 41674 27094 197562 109681 27098 27084 109685 
10 : 41742 41738 41741 41740 48979 221473 218433 48975 48973 218431 
10 : 41888 5946 41887 41893 5962 221903 228148 5959 5971 221912 
10 : 42190 26146 42180 42186 26175 63602 235232 26152 26170 63596 
10 : 42233 42235 42238 42223 205051 205055 69374 225772 69378 69381 
10 : 42389 42383 42404 42384 114087 190113 115409 114103 114081 115428 
10 : 42461 42459 42468 42454 198080 209681 78698 198090 78695 78711 
10 : 42489 42479 42491 42481 152030 235513 152448 152031 152019 152449 
10 : 42633 42631 42628 42645 77289 46056 144399 46052 77302 46070 
10 : 42744 42747 42743 42748 63558 63275 63559 63284 138917 63287 
10 : 42760 42761 42759 42753 200241 183408 46533 183411 46537 46531 
10 : 42809 42796 42810 10000 77849 243836 10021 77850 10005 10022 
10 : 42561 42898 42893 42892 42594 42584 42577 251531 226843 226836 
10 : 42939 42924 42943 42933 117788 252817 230852 117792 117783 230858 
10 : 43395 43390 43401 43398 58395 144567 144563 58403 58397 159032 
10 : 43943 43948 43951 43952 231743 231747 231748 251938 251939 264225 
10 : 43989 43985 43992 43979 195963 233248 106383 195967 106379 106390 
10 : 1139 43123 44395 44394 1138 1144 1143 43131 43130 115141 
10 : 44459 44462 44443 44464 260060 126215 260062 126221 265124 126223 
10 : 44543 44549 44552 44535 215680 215686 59619 245048 59625 59638 
10 : 44558 44564 44563 44569 94638 94637 94641 176902 190065 176909 
10 : 44587 44580 44598 44594 62241 213084 213076 62255 62246 246998 
10 : 44672 44667 44675 44669 86973 208954 88587 86986 86968 88602 
10 : 44677 44665 44666 44676 72310 84712 263144 72288 72308 84709 
10 : 44869 44874 44879 44878 195842 195852 195850 220076 220072 263480 
10 : 45053 45037 45035 45046 142437 118843 217022 118821 142431 118836 
10 : 45129 45124 45136 45147 56127 179622 179635 56138 56147 229571 
10 : 45167 45164 45159 45151 258565 194278 92273 194273 92269 92256 
10 : 45210 45213 45205 45196 248584 210584 111564 210586 111569 111556 
10 : 45346 45334 45337 45329 211078 235227 114808 211070 114785 114792 
10 : 45441 45429 45436 45434 80414 166071 142868 80410 80407 142855 
10 : 45457 45451 45462 45449 77901 97964 53062 77913 53059 53071 
10 : 45862 45849 45850 45857 198177 205443 258465 198165 198172 205439 
10 : 45890 45893 45900 45897 104323 104333 104329 127015 127013 208164 
10 : 46101 46083 46085 46088 146218 159749 214921 146198 146204 159732 
10 : 46141 46143 46139 46146 112359 74850 112364 74859 167491 74863 
10 : 46159 46161 46158 29251 196783 115145 29271 115148 29277 29261 
10 : 36648 46179 46185 46177 36654 36662 36652 212719 166453 166465 
10 : 46172 42080 46171 46174 42088 108164 114839 42086 42090 108167 
10 : 46270 46277 46268 46279 70735 48694 70738 48714 187308 48717 
10 : 46276 14372 46282 46271 14390 183135 93113 14396 14379 93123 
10 : 46280 46278 46283 46272 190820 211169 99113 190827 99111 99127 
10 : 46291 46298 46294 46299 153242 153236 153246 167991 219651 167996 
10 : 46499 46503 35871 46515 181219 35884 181235 35890 210801 35903 
10 : 46786 46776 46775 46766 204542 180001 129337 179987 129325 129322 
10 : 47009 47008 47022 47029 48347 102108 102116 48364 48371 248247 
10 : 47021 47017 47016 47011 169496 163774 137783 163759 137768 137766 
10 : 47883 47885 47881 47250 163651 120734 47265 120743 47274 47256 
10 : 48024 48028 48030 48021 146369 146372 58619 240027 58632 58637 
10 : 48044 48048 48035 48043 253382 174022 238335 174032 238343 174019 
10 : 48168 48180 48181 48186 76613 76615 76620 249835 249845 258964 
10 : 48174 48184 48183 48178 240896 240893 240886 262624 246532 246531 
10 : 48385 48383 48379 48372 156548 126180 63445 126174 63441 63434 
10 : 48609 48610 48615 48607 252046 252050 238546 253417 238548 238557 
10 : 48663 48648 48654 48650 168454 225562 200345 168441 168438 200332 
10 : 48743 48755 38344 48744 67457 38346 67434 38368 83362 38347 
10 : 48774 48775 48761 48773 257498 155152 254476 155157 254482 155150 
10 : 49029 49030 49034 49027 68608 68614 55696 89561 55697 55700 
10 : 9596 49319 49311 49305 9616 9609 9599 210211 84708 84696 
10 : 49456 49446 49452 49455 107097 257412 264523 107091 107095 257411 
10 : 49575 49584 49581 49582 169391 169387 169388 227077 228449 227072 
10 : 49609 49604 49613 49596 189436 257682 123994 189445 123980 124002 
10 : 49742 49733 49740 49737 60426 157443 123461 60423 60417 123457 
10 : 47336 49862 17444 49853 47359 17443 47341 17473 159233 17453 
10 : 49865 45906 49873 49864 45908 54499 50786 45921 45907 50802 
10 : 49904 49900 49895 49888 252294 226963 120908 226955 120901 120893 
10 : 50013 50153 50158 50152 50029 50032 50028 222891 221915 221930 
10 : 22701 50200 50202 50186 22718 22720 22707 262236 87305 87308 
10 : 50302 50284 50294 50303 103870 217238 262411 103857 103871 217240 
10 : 50543 50539 50547 50542 114737 197296 178368 114742 114735 178374 
10 : 50556 50558 50557 50551 217638 217636 135382 228012 135384 135383 
10 : 21464 50678 50681 50683 21473 21475 21483 196135 196140 202748 
10 : 50705 19486 50704 50715 19500 163556 164462 19499 19509 163565 
10 : 50722 25647 50723 50709 25673 264756 196987 25674 25657 196988 
10 : 50742 50731 50748 50724 178354 244948 57792 178362 57778 57802 
10 : 51001 51012 51002 50998 112964 112951 61442 115887 61466 61444 
10 : 51270 51282 51275 51281 159946 159940 159944 207190 232844 207189 
10 : 51487 51472 51470 51466 198175 171752 86739 171735 86719 86716 
10 : 51586 51578 51585 51594 90729 188365 206285 90728 90745 188376 
10 : 51753 51752 51754 15906 73145 82278 15911 73147 15910 15914 
10 : 51767 7643 37364 51759 7664 37397 183686 7641 7651 37378 
10 : 51862 51856 51858 51868 109521 170082 194792 109517 109528 170090 
10 : 52013 52021 9073 52022 131396 9075 131398 9084 215616 9088 
10 : 16161 52190 52187 2116 16185 16178 2111 234399 2145 2139 
10 : 52266 52274 52263 52279 150230 114353 150239 114367 228770 114377 
10 : 52312 52301 52304 52318 58592 91744 193193 58582 58599 91754 
10 : 52420 52409 52412 52410 119335 140610 119821 119316 119314 119789 
10 : 52531 52545 52537 6748 73513 73504 6750 170577 6780 6762 
10 : 52737 52721 52715 52731 157384 104261 261012 104242 157380 104256 
10 : 53008 53000 53005 53002 245234 264623 261408 245231 245226 261403 
10 : 18771 53279 53278 53274 18791 18790 18787 257037 222728 222726 
10 : 53269 53275 53273 53280 115883 115877 115889 202575 226135 202587 
10 : 53430 53426 53422 53417 258548 218721 147117 218719 147109 147095 
10 : 53470 53476 53469 53479 135825 134458 135826 134465 207569 134467 
10 : 53471 53490 53465 53474 161279 98657 161260 98680 197345 98661 
10 : 53562 53557 53560 53567 123347 195486 206504 123345 123360 195496 
10 : 53632 53631 53622 53613 261741 213311 148384 213305 148381 148367 
10 : 54017 54018 54012 54013 244045 94895 180971 94896 180972 94891 
10 : 54048 54040 54037 54041 208919 195675 239344 195660 208909 195664 
10 : 5145 54122 10900 54112 5158 5143 5152 10923 114335 10907 
10 : 54136 54132 54129 28781 181343 139404 28802 139397 28792 28786 
10 : 54142 54141 54139 54133 254897 237325 185900 237324 185899 185893 
10 : 54279 23348 54280 54275 23369 188593 151292 23371 23361 151293 
10 : 54450 54437 54433 54441 123707 87528 170477 87502 123696 87511 
10 : 54779 54781 54768 54764 257241 183176 147644 183180 147648 147624 
10 : 54927 54924 54931 54913 211273 247846 115272 211276 115262 115277 
10 : 55005 55016 55011 55007 156701 156695 156692 213713 169708 169702 
10 : 55088 55093 55089 55105 148765 148762 148782 158439 173934 158450 
10 : 55174 55162 55161 55169 153659 137905 240984 137885 153652 137897 
10 : 55176 55183 55187 55186 70377 70383 70381 161162 161160 243164 
10 : 55448 55450 55461 55449 89775 89785 89774 124332 90774 90793 
10 : 18201 2444 55593 55586 2441 18221 18219 2470 2465 251562 
10 : 55579 55582 55587 55592 184373 184379 184381 229487 229490 252022 
10 : 55595 55598 55199 55611 73915 55200 73929 55209 179708 55228 
10 : 55748 55732 55739 55741 99364 205762 220279 99344 99347 205744 
10 : 55797 55802 55803 42143 192811 192816 42155 246605 42168 42171 
10 : 55888 55904 55906 55908 70437 70439 70443 244410 244415 256119 
10 : 56021 56026 56022 56016 234794 234789 169993 235351 170003 169994 
10 : 56211 56231 56234 56226 88012 88014 88009 264366 255216 255219 
10 : 56300 56301 51902 56288 252685 51930 81331 51935 81338 51904 
10 : 56339 56336 17906 56335 261953 17936 255903 17932 255898 17926 
10 : 56354 56350 56345 56352 203123 162795 209652 162789 203119 162792 
10 : 56447 56446 56444 56451 103898 83997 105218 83996 103908 84009 
10 : 56454 56456 56453 56448 231328 224955 129983 224958 129985 129981 
10 : 56464 56487 56474 56477 76688 76672 76677 223826 244076 223816 
10 : 56656 56640 46637 56637 118281 46669 75318 46643 75291 46638 
10 : 52050 56679 56667 56663 52074 52058 52053 143051 108441 108413 
10 : 56674 56676 56668 51652 204088 147309 51680 147314 51684 51669 
10 : 56791 28587 56783 56781 28608 210247 195184 28603 28601 195172 
10 : 56861 31071 50504 56858 31096 50532 250956 31070 31093 50529 
10 : 56889 56888 56882 56895 208970 150170 221333 150167 208978 150181 
10 : 56894 56881 56897 56878 150045 255391 119216 150052 119197 119225 
10 : 57110 57111 21875 57105 246014 21893 89872 21898 89879 21879 
10 : 57261 57282 57268 57278 78933 78912 78929 162668 261404 162663 
10 : 222 57412 56551 57402 245 221 231 56584 194214 56564 
10 : 57404 37892 29536 57407 37905 29549 202875 29535 37908 29554 
10 : 57411 57405 57410 57398 235778 248898 71957 235776 71949 71954 
10 : 57570 57585 57579 57590 74055 74049 74063 192261 218285 192267 
10 : 57718 57727 57738 57739 116168 116183 116184 203256 203257 263819 
10 : 57810 57805 57817 57811 126555 212883 212872 126568 126558 225982 
10 : 57856 57848 57855 57858 184303 249085 260736 184299 184306 249090 
10 : 58098 58097 58091 58090 246656 144068 142569 144065 142561 142545 
10 : 58110 58103 58120 58119 137141 232837 232836 137149 137148 264182 
10 : 58356 58361 58358 58357 165300 165298 165296 188775 167504 167500 
10 : 58369 3230 58367 58359 3256 258489 190801 3253 3241 190796 
10 : 58673 58668 58670 58679 112995 140244 168219 112991 113000 140249 
10 : 58694 58693 18356 58698 184825 18368 194696 18367 184830 18376 
10 : 59091 59090 59098 59086 177582 190815 126574 177598 126572 126593 
10 : 59107 59104 59117 59108 163075 208310 208295 163098 163078 218038 
10 : 59112 11566 59113 59102 11584 234480 139090 11588 11573 139093 
10 : 59543 59560 59566 59557 79133 79142 79130 238583 214626 214635 
10 : 59672 59685 14167 59684 153048 14184 153044 14196 239422 14192 
10 : 59801 59797 59795 59794 186537 116587 110056 116579 110049 110042 
10 : 59953 59941 59952 59954 167978 254646 257586 167977 167979 254647 
10 : 59992 59996 59979 59997 252600 142254 252602 142259 261014 142261 
10 : 60358 60355 60352 48121 252995 226649 48152 226646 48148 48143 
10 : 26982 60372 60373 60364 26998 26999 26986 263155 169231 169232 
10 : 60500 60506 60514 60504 99174 99185 99171 194945 172510 172526 
10 : 60667 60659 60663 60662 145016 192397 189804 145006 145005 189795 
10 : 60676 60666 60658 60660 226182 105851 145781 105837 145770 105829 
10 : 60764 60778 60767 60765 133703 133692 133691 155151 146994 146972 
10 : 22854 60786 60781 58447 22865 22856 22853 75200 58471 58450 
10 : 60959 60955 60961 60948 189869 201732 132638 189871 132635 132643 
10 : 61084 61071 61074 58309 106565 143586 58337 106554 58315 58318 
10 : 61099 61103 61092 61089 250276 165980 129224 165985 129227 129213 
10 : 61234 61239 61238 61236 231190 231189 231184 264094 237819 237818 
10 : 61506 61514 61504 61509 230196 223167 230188 223178 250006 223169 
10 : 61507 61501 61510 61503 194504 236046 210088 194510 194497 210095 
10 : 58144 61661 61663 61659 58157 58159 58155 198348 189632 189635 
10 : 61937 61940 61928 61944 159270 66425 159276 66427 195895 66430 
10 : 62130 62129 62127 62117 264858 262479 203686 262478 203685 203683 
10 : 62223 62219 62222 62213 212326 242448 111562 212325 111557 111561 
10 : 62350 62360 62352 13085 181791 181784 13094 206822 13110 13098 
10 : 62385 62376 62382 62381 221793 262436 262092 221789 221788 262086 
10 : 33925 62451 62464 62446 33938 33953 33935 223570 190955 190969 
10 : 62507 62502 62509 62512 63142 200967 200975 63149 63156 247904 
10 : 13972 62527 62525 62524 13987 13986 13985 250337 248838 248835 
10 : 54911 62661 62660 62659 54920 54917 54915 161890 143575 143572 
10 : 62776 62773 62771 62772 152229 135798 145701 135792 145694 135791 
10 : 62784 62797 62794 62790 102185 102183 102182 251596 237504 237502 
10 : 62785 62792 62795 62799 141718 141720 141725 248737 248743 255528 
10 : 62796 10384 62793 62787 10402 251480 209498 10398 10390 209494 
10 : 62957 62952 62944 62941 237493 161325 138885 161316 138877 138863 
10 : 63334 63335 63337 63338 168135 168140 168146 172301 172310 223238 
10 : 63348 63343 21321 63363 81926 21329 155038 21323 81946 21356 
10 : 63767 63755 63760 63756 147916 202199 155067 147906 147900 155050 
10 : 64166 57168 64172 64163 57183 252542 228886 57193 57181 228897 
10 : 64300 64303 64307 64302 91930 91939 91929 185082 177142 177156 
10 : 47646 64444 64431 64442 47669 47652 47666 143902 251870 143898 
10 : 64463 53491 64462 64469 53509 234339 250170 53507 53515 234344 
10 : 17569 64571 64575 64570 17578 17581 17577 138935 136168 136175 
10 : 64576 64566 64572 64567 82038 155356 89199 82032 82025 89194 
10 : 64709 64722 64720 64711 129289 129287 129274 258829 137170 137168 
10 : 64741 64739 64724 64744 256149 82846 258856 82844 256151 82848 
10 : 64841 61368 64843 64840 61372 101217 95297 61382 61371 95312 
10 : 64895 64897 64894 64909 131590 130346 131603 130349 156317 130361 
10 : 64992 2938 64989 64997 2949 144056 163527 2945 2955 144063 
10 : 65017 65013 65007 65015 181730 93249 231955 93238 181728 93247 
10 : 65144 65157 65147 65148 175567 175557 175558 225444 227560 225432 
10 : 65243 65246 9706 65252 146271 9714 146277 9720 199838 9733 
10 : 18304 65274 42974 65268 18316 18303 18308 42994 106681 42982 
10 : 11707 65306 65302 31664 11731 11726 11706 227806 31688 31684 
10 : 65400 65397 65407 65409 140817 183799 183802 140828 140836 241179 
10 : 65408 65411 65405 65403 247821 234852 217470 234856 217475 217465 
10 : 65583 65574 65570 55395 167717 118950 55422 118931 55402 55400 
10 : 58230 10089 66110 66107 10088 58243 58240 10108 10102 244821 
10 : 66261 66256 66262 6218 117031 209416 6233 117032 6224 6238 
10 : 66278 66284 66279 66281 177945 177940 177943 196905 208675 196898 
10 : 66393 8620 66385 66397 8635 80146 214079 8622 8646 80155 
10 : 66516 66515 24760 66521 205407 24773 224753 24768 205415 24784 
10 : 66689 66698 66686 66691 185938 154273 185928 154289 210907 154278 
10 : 66690 66700 66683 66699 196895 82590 196888 82614 263878 82607 
10 : 66798 66788 66799 5778 107035 254830 5800 107036 5782 5801 
10 : 67081 67085 67090 67086 168960 168967 168962 197947 197940 212165 
10 : 67248 67268 67255 67254 123140 123123 123122 164733 157862 157837 
10 : 7487 2246 67307 47836 2237 7491 7482 2256 2242 47847 
10 : 67509 67513 67516 67518 98808 98811 98818 166767 166771 239093 
10 : 67525 67532 9549 67533 184749 9556 184753 9565 214562 9567 
10 : 67683 67689 67693 67677 236628 236635 160994 249837 161001 161006 
10 : 67794 67795 67791 67788 262047 237242 200053 237243 200054 200044 
10 : 68043 68042 68044 68034 169695 170611 93112 169698 93111 93114 
10 : 68140 68148 68147 68143 143965 143960 143948 258034 168300 168297 
10 : 43811 68273 68276 53807 43818 43826 43810 188017 53819 53825 
10 : 68271 68280 1912 68270 172461 1922 117534 1935 117551 1918 
10 : 68275 68272 68277 53663 184371 218814 53681 184378 53677 53685 
10 : 68318 68299 68315 68309 69514 241644 193361 69509 69501 193356 
10 : 68561 68554 68555 68567 71508 100757 200851 71499 71523 100777 
10 : 68592 68605 68602 68587 174973 174971 82063 247867 82074 82070 
10 : 40861 68697 68711 68701 40863 40881 40865 129306 129296 196428 
10 : 68849 13382 68850 68848 13387 101080 92005 13388 13386 92007 
10 : 68868 68884 68873 52356 145023 145009 52366 198989 52391 52374 
10 : 68911 68894 68909 68902 173837 263102 255625 173834 173829 255622 
10 : 69132 69138 69131 69127 211138 200328 160282 200343 160297 160280 
10 : 69146 69155 69158 69147 150415 150420 150405 253149 175828 175833 
10 : 69261 69255 69259 69251 210984 250221 147541 210980 147527 147535 
10 : 69285 69287 69286 69299 112937 112936 112945 150972 151265 150989 
10 : 69440 69417 69428 69439 84806 180046 255631 84795 84802 180044 
10 : 69558 11373 69555 69562 11397 155360 238639 11387 11404 155368 
10 : 69678 69679 69675 69683 251582 230264 251587 230265 254234 230271 
10 : 69931 69924 69929 69934 104796 225369 235448 104795 104806 225379 
10 : 70121 39022 70118 70115 39037 238770 212752 39035 39029 212751 
10 : 70382 65315 70385 70378 65332 244760 182510 65339 65324 182518 
10 : 70533 26277 70531 50095 26303 250044 50120 26300 26274 50119 
10 : 70613 70603 70606 70614 106840 142456 246206 106826 106841 142458 
10 : 70642 70635 70620 70632 216825 79723 193881 79712 193867 79711 
10 : 51446 70750 70754 70756 51449 51460 51462 107577 107579 258332 
10 : 70760 70764 70761 70759 187765 187762 171755 206960 171766 171757 
10 : 70772 14052 70774 70770 14059 123237 71373 14064 14053 71378 
10 : 70800 70809 70805 70799 188500 188493 181649 217511 181663 181653 
10 : 71120 71108 16194 71123 222216 16224 262511 16207 222218 16228 
10 : 29489 71167 71162 71171 29499 29492 29502 140362 223562 140367 
10 : 71289 71281 71294 70718 79688 230819 70743 79694 70719 70747 
10 : 71295 25383 71301 71296 25384 80600 80587 25400 25390 104920 
10 : 71331 71328 71343 71324 158536 181183 82207 158550 82204 82229 
10 : 71340 71327 71338 6219 125311 245485 6246 125306 6225 6243 
10 : 43849 71438 71429 71427 43865 43854 43850 140709 95059 95042 
10 : 56442 71535 71526 71532 56455 56445 56452 89234 209315 89227 
10 : 71548 9326 71547 71556 9336 176856 180474 9334 9342 176868 
10 : 71561 71571 71586 71588 86662 86679 86682 205157 205160 263967 
10 : 71638 71614 71637 71613 119333 257067 111333 119331 111306 111330 
10 : 71677 8257 71679 71686 8259 85820 85827 8262 8266 167049 
10 : 71884 71883 64492 71896 110146 64497 138563 64495 110155 64513 
10 : 71898 71882 71894 71895 104974 229025 233136 104969 104971 229022 
10 : 71981 71976 71991 71975 168846 206109 153182 168862 153171 153199 
10 : 72342 72352 72348 72351 127031 127027 127028 230138 239421 230135 
10 : 72358 72363 72362 72371 102468 102467 102473 197144 199520 197149 
10 : 72488 72489 72490 41978 208192 208193 41999 237637 42003 42008 
10 : 42770 72522 72514 72513 42778 42773 42771 126703 117078 117071 
10 : 72640 72630 65871 72639 205532 65901 241701 65888 205526 65894 
10 : 72663 72666 72662 72681 117028 93231 117046 93235 163045 93257 
10 : 72907 72909 72906 72912 152818 149075 152820 149077 153927 149078 
10 : 72942 72957 72959 43901 116556 116563 43905 237385 43921 43928 
10 : 72952 72945 72956 72944 183531 200212 178919 183535 178915 178925 
10 : 49128 62466 73037 73040 49125 49154 49157 62486 62493 242385 
10 : 73050 73053 73051 73057 182288 182282 182294 188523 226685 188531 
10 : 73212 73213 73219 73215 127791 127802 127797 167054 167047 197756 
10 : 73228 73211 48206 73227 113979 48232 261609 48211 113978 48231 
10 : 73342 73339 73348 73341 157613 189607 177603 157619 157610 177610 
10 : 73743 73753 73741 68813 172584 164129 68821 164147 68842 68820 
10 : 55332 74331 74320 74321 55344 55339 55340 183386 184604 183377 
10 : 74334 74322 74325 57485 188899 230811 57509 188892 57496 57503 
10 : 74558 74565 74563 74561 215931 215929 215925 263323 258607 258603 
10 : 74652 32074 74660 74659 32076 77544 77543 32085 32084 189782 
10 : 74982 74978 74986 74985 254261 262817 262816 254264 254263 264600 
10 : 75093 75101 75091 75089 220694 214793 152340 214806 152361 152338 
10 : 75221 4023 27795 75223 4025 27796 97635 4019 4027 27797 
10 : 75256 75254 75264 75266 128383 178186 178187 128395 128398 264697 
10 : 75323 75321 75327 75320 98269 166368 96814 98275 96802 96823 
10 : 75335 75332 75342 75345 127569 191170 191177 127578 127581 238580 
10 : 75481 75468 20069 75477 137851 20092 227823 20072 137849 20088 
10 : 75496 75498 75486 75488 242491 109406 148796 109410 148804 109392 
10 : 75549 75539 75532 75544 195434 143274 225020 143261 195421 143267 
10 : 73374 75741 75740 75743 73388 73387 73390 227013 231446 227014 
10 : 75749 75757 75746 75754 128959 103237 128953 103249 180968 103240 
10 : 75833 75837 75834 75835 189673 189669 189670 200419 215762 200415 
10 : 75853 75856 75845 75852 211452 110424 208562 110426 208565 110423 
10 : 75860 45759 75859 75854 45774 251329 216705 45773 45771 216704 
10 : 76033 76032 76041 76044 201815 207775 207778 201824 201829 251012 
10 : 76449 76444 76443 76430 249130 239445 92775 239435 92765 92760 
10 : 76462 76452 76451 76468 124931 121611 234345 121597 124941 121622 
10 : 76699 76696 13383 76694 256353 13409 207161 13401 207158 13394 
10 : 76876 76861 76858 76851 164649 149745 78827 149718 78803 78801 
10 : 76951 76965 76948 76960 120366 88182 120359 88206 236540 88196 
10 : 77080 77073 63682 77081 198248 63699 253342 63694 198250 63702 
10 : 16999 77131 60707 77137 17009 16995 17011 60718 190935 60720 
10 : 31968 77287 77301 77299 31969 31986 31983 99561 99560 253192 
10 : 77374 77369 77359 77368 216492 132882 202927 132873 202917 132869 
10 : 42224 77490 77488 77480 42244 42240 42230 256899 164956 164953 
10 : 77504 77500 77498 77497 184603 139868 118391 139859 118380 118377 
10 : 25469 77541 72137 77552 25477 25467 25491 72147 179469 72160 
10 : 48094 77551 77534 77553 48114 48098 48118 92768 256772 92774 
10 : 77566 77561 77570 77562 131619 186731 138230 131623 131612 138235 
10 : 77622 77633 77626 77629 81304 81295 81300 189875 236716 189873 
10 : 77630 73779 77632 51658 73796 239806 51685 73801 51657 51690 
10 : 77775 77771 77765 77776 253265 220949 262961 220947 253268 220953 
10 : 77878 77874 77876 77862 208672 218553 127392 208669 127387 127389 
10 : 78018 78020 78024 78022 245751 245763 245754 248052 248044 253698 
10 : 78023 78013 78017 78012 142124 238379 135057 142113 135030 135045 
10 : 78030 78042 78036 78046 133482 133478 133485 237556 255181 237563 
10 : 78162 78172 28904 78175 165796 28910 165798 28927 241979 28931 
10 : 7265 78339 78340 78334 7281 7282 7276 258972 242700 242701 
10 : 78365 78353 78357 78348 199331 255529 150291 199323 150268 150281 
10 : 78714 78723 78726 78715 78769 78771 78759 229507 108204 108208 
10 : 78721 15379 78718 78722 15387 169102 225924 15383 15388 169103 
10 : 78780 78791 33789 61989 115091 33790 61993 33810 62008 33786 
10 : 78831 78830 78835 64662 176356 197783 64676 176362 64670 64684 
10 : 78847 78851 78845 78858 193064 172509 193075 172515 215948 172530 
10 : 78870 78872 78880 67321 197075 197079 67335 235478 67340 67345 
10 : 60041 78889 78895 24026 60048 60058 24025 164848 24035 24043 
10 : 78982 78980 7554 13416 90279 7567 13431 7556 13418 7547 
10 : 79029 74909 79013 61267 74934 161328 61296 74915 61266 61278 
10 : 79097 3578 79102 79104 3581 114514 114516 3594 3596 230261 
10 : 79246 79256 79258 79248 160828 160830 160821 244758 167591 167594 
10 : 79251 79252 65909 79253 223840 65922 223842 65924 226950 65925 
10 : 79517 21064 79514 79505 21088 263957 231551 21086 21077 231547 
10 : 79603 79610 79623 79612 167612 167625 167616 238317 238311 245197 
10 : 44440 79634 79626 79636 44458 44442 44461 100649 259722 100653 
10 : 79649 66181 79651 79652 66202 256891 256892 66206 66208 264195 
10 : 9207 79917 79919 79915 9211 9213 9209 172871 145267 145270 
10 : 80179 55669 80190 80181 55676 219658 219648 55692 55677 225547 
10 : 46952 80234 80232 80231 46974 46971 46970 250135 248190 248187 
10 : 80221 80238 80225 80227 139392 139377 139381 195501 228980 195489 
10 : 80324 80330 80319 80326 197870 98630 197866 98644 244459 98639 
10 : 80337 80351 80338 80344 157382 157367 157373 157939 224800 157925 
10 : 61652 80441 80440 80444 61665 61662 61670 206232 229218 206238 
10 : 80577 80571 18998 80581 169338 19014 240464 19006 169343 19019 
10 : 80583 80580 80567 45092 262557 122136 45122 122129 45118 45096 
10 : 80701 80710 80707 80706 139123 139118 139117 219052 205838 205830 
10 : 80716 80724 80718 80721 110482 110469 110475 129626 187225 129619 
10 : 25217 80798 26153 80804 25228 25208 25235 26166 211296 26171 
10 : 81106 81105 81111 81102 235515 240971 224380 235517 224379 224382 
10 : 81126 81113 81115 81117 100054 111691 134590 100042 100047 111685 
10 : 81244 81237 62314 81234 178321 62339 145044 62329 145027 62323 
10 : 70812 81360 81362 81364 70817 70823 70825 119892 119897 202271 
10 : 54410 81371 81368 81383 54413 54412 54423 152956 166929 152974 
10 : 81499 81503 81509 81495 198402 198408 82865 243343 82874 82883 
10 : 81539 81545 81526 81543 227360 81968 227359 81971 245403 81969 
10 : 81733 81735 81731 81738 152473 142336 152475 142341 171152 142345 
10 : 81761 15610 81758 81752 15630 190700 145277 15624 15617 145272 
10 : 81789 81794 81777 81790 237085 125103 237082 125111 244600 125105 
10 : 81864 81865 81867 81871 223667 223669 223674 229593 229600 241131 
10 : 82011 5533 82015 82008 5542 184690 170465 5547 5541 170467 
10 : 82114 82113 82117 82112 191886 201395 168872 191892 168871 168884 
10 : 82137 82139 82138 51905 131826 131825 51908 160666 51913 51912 
10 : 82254 27498 56237 82257 27513 56251 257562 27497 27518 56257 
10 : 80843 82379 82377 82375 80858 80853 80851 239380 220533 220527 
10 : 82400 82393 82395 82398 213868 232531 262242 213854 213865 232530 
10 : 34997 82515 82526 82528 35004 35013 35015 161807 161810 255497 
10 : 82559 20517 46639 37059 20522 46644 37064 20514 20512 37054 
10 : 67957 82618 69728 82629 67960 67954 67977 69733 125562 69755 
10 : 83029 83028 83025 83021 202167 140462 97563 140461 97562 97554 
10 : 83139 83143 83144 12151 179263 179264 12163 220157 12174 12175 
10 : 42355 83216 55202 83214 42372 42352 42367 55220 236970 55215 
10 : 83201 83202 83204 83212 109635 109639 109653 125816 125833 142970 
10 : 83317 83319 83328 83337 153442 153456 153462 177017 177022 253458 
10 : 59386 83405 83398 83393 59408 59396 59389 205207 116105 116093 
10 : 83402 15912 83395 83394 15935 148697 146021 15920 15918 146006 
10 : 83529 83547 83545 83542 94951 94948 94942 256992 231472 231469 
10 : 83822 61133 62315 83806 61159 62342 139074 61131 61141 62322 
10 : 37836 81527 48096 83868 37835 37832 37855 48095 81548 48115 
10 : 83867 83869 83873 83863 256768 256774 245405 259641 245409 245413 
10 : 34428 84041 84049 84039 34446 34453 34440 228733 185461 185473 
10 : 226 84201 84199 70270 238 237 224 248896 70293 70292 
10 : 84191 84196 84194 78617 127573 127571 78620 194200 78633 78624 
10 : 84315 84326 84325 84324 95008 95006 95005 238370 236827 236823 
10 : 84318 84332 51204 84322 142126 51206 142110 51237 220854 51219 
10 : 84336 741 84343 84350 747 130707 130713 759 762 244388 
10 : 84443 84446 84440 27121 185964 140766 27130 140770 27136 27124 
10 : 84604 84593 84608 84590 185792 263259 150153 185796 150139 150159 
10 : 84858 84853 84861 84850 229446 249915 203129 229449 203124 203134 
10 : 84867 84873 84878 84874 88818 88823 88820 184782 184778 195349 
10 : 84869 84882 26913 26769 150649 26917 26777 26943 26798 26764 
10 : 84898 84896 84886 84891 215061 126425 165047 126422 165044 126416 
10 : 84993 37916 84986 84995 37940 179957 248940 37924 37946 179966 
10 : 85010 4688 85013 6114 4710 242028 6131 4716 4681 6140 
10 : 85131 85139 85146 85135 128038 128042 128033 230704 178568 178577 
10 : 85252 25102 85251 85244 25123 258380 184208 25121 25109 184206 
10 : 85255 85247 35073 85253 203545 35096 261125 35083 203543 35093 
10 : 85413 85422 85424 85419 134754 134758 134750 231642 183738 183746 
10 : 85530 85526 85522 85532 228727 167149 255169 167141 228728 167150 
10 : 85564 85565 85553 85568 252668 125148 252669 125150 254281 125151 
10 : 72538 85654 71905 85652 72556 71904 72554 71930 261642 71926 
10 : 85665 85669 85660 85662 251461 229562 242410 229569 242417 229558 
10 : 913 85722 85736 85728 914 931 925 124453 124444 211824 
10 : 85795 85790 85784 85780 250474 140137 87943 140132 87938 87917 
10 : 41438 85956 85959 85960 41446 41449 41450 203078 203079 230019 
10 : 86131 86130 22599 86133 99239 22606 146430 22602 99241 22608 
10 : 86325 86338 86326 86324 128846 128831 127254 141043 127282 127257 
10 : 86336 86333 86334 86328 244124 247159 157932 244123 157930 157931 
10 : 86341 86349 86354 86353 116045 116052 116051 221399 221398 261105 
10 : 86488 86481 86495 86494 106039 200537 200535 106049 106046 250416 
10 : 86599 86601 86598 86594 241728 221488 151842 221495 151849 151835 
10 : 86616 86611 86607 86606 204901 168948 167803 168943 167796 167792 
10 : 42113 86708 86698 86709 42140 42132 42141 232091 264260 232092 
10 : 45815 86692 86706 86705 45821 45839 45836 158646 158645 260413 
10 : 86780 59312 86784 86790 59320 143830 143840 59325 59337 167435 
10 : 86785 86782 63245 86783 160122 63255 163167 63250 160120 63251 
10 : 86891 86897 86902 86901 171984 171991 171990 221673 221670 246393 
10 : 86925 86933 86940 86926 152574 152577 152565 239729 153719 153726 
10 : 86931 66003 86941 86939 66023 226292 226291 66033 66030 252652 
10 : 86936 86924 86935 86932 131306 241988 237862 131305 131303 237861 
10 : 86966 86965 86945 86954 258658 94826 197258 94825 197256 94809 
10 : 87083 87089 87080 87087 244331 217938 244330 217943 253704 217941 
10 : 87195 87186 87199 87185 149616 241633 146307 149622 146300 146318 
10 : 87443 87437 51599 87454 114567 51607 165124 51602 114587 51625 
10 : 73867 87460 87463 87468 73869 73874 73881 106906 106917 186655 
10 : 82258 87457 87462 87470 82259 82265 82275 97658 97671 183419 
10 : 87461 87469 87467 87464 150006 150004 150001 254676 194449 194447 
10 : 73063 87572 42653 87579 73068 42651 73078 42663 162281 42671 
10 : 87827 5291 87833 87824 5297 160023 145697 5307 5293 145710 
10 : 87953 87947 19433 87950 180027 19450 237913 19440 180025 19446 
10 : 87981 87973 87985 3732 131374 222886 3751 131380 3737 3757 
10 : 88097 88115 88109 88110 135112 135105 135106 236129 241183 236117 
10 : 88230 88243 88245 88235 130691 130696 130684 257469 202274 202283 
10 : 88389 11106 88384 88378 11126 230950 106748 11121 11107 106744 
10 : 88410 88411 87391 88404 258677 87416 236774 87417 236775 87405 
10 : 88438 88432 88441 88436 181115 257886 247213 181117 181112 247218 
10 : 88542 88545 88549 88546 244488 244492 244489 254236 254233 254774 
10 : 88619 88621 35593 26280 239880 35606 26299 35614 26307 26272 
10 : 88630 88636 88624 88625 232540 112978 121720 112986 121731 112967 
10 : 88792 88795 88801 88802 115745 115758 115759 159339 159340 251306 
10 : 88861 88863 88867 28322 119506 119517 28326 139539 28328 28342 
10 : 88886 88885 88875 88889 225550 161496 230093 161493 225554 161501 
10 : 88890 88883 88879 88880 216618 198576 200196 198567 200186 198563 
10 : 1330 77806 89101 89108 1327 1341 1349 77819 77826 185626 
10 : 89132 89128 89133 89141 93737 203147 203155 93738 93757 205901 
10 : 89270 8144 42082 89264 8172 42104 222130 8142 8162 42098 
10 : 30445 27825 89434 89447 27823 30452 30465 27832 27853 144623 
10 : 89533 89526 89531 24944 189791 249125 24967 189789 24956 24965 
10 : 89655 89659 89654 89652 187278 178136 154331 178142 154339 154329 
10 : 89664 34836 86944 89665 34838 86946 108697 34834 34839 86948 
10 : 89901 31816 82582 89913 31820 82585 159514 31814 31841 82605 
10 : 90032 82664 90027 90030 82688 90874 234905 82665 82680 90868 
10 : 90173 40732 90178 90171 40749 241841 230442 40752 40744 230445 
10 : 90231 90211 90232 90220 132203 250905 205585 132204 132195 205587 
10 : 90309 90312 90310 90301 236466 236462 105788 237553 105793 105789 
10 : 77150 90373 90363 90374 77155 77151 77156 92644 149296 92645 
10 : 10430 90440 90447 90442 10444 10453 10449 210133 210128 236725 
10 : 20641 90574 90582 90585 20647 20659 20663 127046 127060 200108 
10 : 82927 90689 90692 90685 82936 82944 82929 200246 154336 154347 
10 : 90711 90703 22790 90702 196094 22815 190545 22804 190534 22803 
10 : 90753 881 34367 90754 889 34382 223530 877 891 34383 
10 : 90999 90986 90998 90983 194818 263868 159748 194817 159730 159747 
10 : 91082 54453 91070 91085 54475 96661 242450 54455 54478 96664 
10 : 91200 91205 91207 91204 91965 91970 91964 181805 180597 180603 
10 : 91226 91220 91215 91224 243256 158456 264702 158445 243255 158455 
10 : 91245 43296 91241 91230 43322 263748 113421 43318 43297 113417 
10 : 91261 91269 91249 91253 258448 148798 174991 148809 174997 148788 
10 : 91348 91340 88180 91339 224462 88208 218167 88194 218156 88193 
10 : 83551 72425 91382 91378 72421 83554 83553 72431 72429 133820 
10 : 91508 91527 36913 91524 159779 36922 159771 36942 257361 36936 
10 : 91523 91519 91526 91521 253827 257199 254076 253832 253824 254081 
10 : 91765 91766 91776 91771 106297 106309 106302 124317 124304 216283 
10 : 91798 91806 91810 91803 175358 175364 175351 261098 234187 234192 
10 : 17981 91918 63981 91922 17990 17977 17994 63999 202865 64011 
10 : 91919 91921 91924 91917 210705 210709 166740 246329 166746 166753 
10 : 91932 91927 91926 91934 137156 132940 198850 132935 137158 132942 
10 : 91943 77921 61440 91955 77926 61446 161679 61436 77942 61468 
10 : 92064 92070 92059 92073 169596 111024 169608 111033 218849 111044 
10 : 20642 92093 92080 92079 20665 20655 20654 171374 167517 167498 
10 : 92081 92084 92091 67173 180204 180212 67187 200106 67191 67201 
10 : 89936 60875 82716 92169 60873 82714 89951 60872 60892 82739 
10 : 92182 17310 36426 52191 17319 36436 52201 17306 17307 36423 
10 : 92430 92431 92437 92439 146505 146513 146516 161994 161998 225027 
10 : 92785 92779 92781 92784 213459 234461 255290 213450 213453 234460 
10 : 92822 90319 92812 92819 90338 190287 250949 90323 90335 190286 
10 : 92912 92907 89061 92908 212930 89090 217478 89074 212921 89076 
10 : 92923 47953 92924 53666 47973 255542 53687 47974 47950 53688 
10 : 92935 92937 92933 92948 221526 187404 221540 187406 227145 187425 
10 : 93053 93051 93056 41108 194557 204970 41124 194568 41122 41135 
10 : 93185 93194 93189 93202 116627 116623 116636 150162 175871 150182 
10 : 9464 93838 93834 93829 9481 9475 9466 196406 118505 118490 
10 : 93844 11344 93866 93848 11349 140680 140666 11369 11350 159557 
10 : 93987 93989 93984 14671 257746 240377 14701 240380 14703 14695 
10 : 94084 94080 94089 94085 164369 235054 235051 164373 164371 242328 
10 : 94142 94148 94152 40185 199721 199725 40199 250878 40207 40212 
10 : 94516 15246 94514 94518 15273 262278 264484 15271 15274 262279 
10 : 66725 94561 81433 65482 66737 66724 65478 81455 65501 65479 
10 : 94798 94772 94788 94782 110952 245950 220341 110943 110939 220331 
10 : 94843 22759 94848 38586 22761 96932 38587 22770 22752 38598 
10 : 94975 94977 94983 44210 122239 122244 44213 165396 44217 44224 
10 : 95131 95115 95135 74875 114854 256970 74901 114859 74879 74907 
10 : 95257 95267 95249 95261 200306 95547 200303 95558 232463 95552 
10 : 95260 95268 95256 95259 231388 181013 210292 181020 210301 181010 
10 : 20158 91399 95277 95285 20157 20165 20176 91405 91417 162072 
10 : 95447 95441 95443 95439 158330 216114 124456 158324 124439 124447 
10 : 95516 95530 95520 95515 209642 209632 209155 223947 209167 209156 
10 : 11930 95576 80135 95585 11932 11929 11947 80136 98716 80153 
10 : 26378 95705 95699 95703 26403 26386 26395 179176 255902 179172 
10 : 23014 95943 95941 95945 23024 23018 23030 176943 229196 176950 
10 : 96085 96081 96089 96090 228674 246291 246295 228677 228680 259492 
10 : 96086 96080 96076 39554 218481 154411 39576 154404 39569 39560 
10 : 63775 96192 88321 96185 63791 63773 63778 88346 131894 88325 
10 : 96193 94497 96187 43160 94515 163677 43188 94503 43159 43168 
10 : 96251 96245 96234 96235 182318 130976 135466 130963 135458 130960 
10 : 96336 96338 96348 96351 136356 136368 136371 180699 180701 254806 
10 : 96403 86865 96398 15247 86879 142726 15264 86869 15244 15250 
10 : 96520 96534 96517 96539 155951 131756 155956 131773 259949 131777 
10 : 96731 96722 96729 96720 113358 250259 109926 113356 109905 109923 
10 : 96873 96874 96872 8590 258066 243750 8610 243755 8611 8609 
10 : 96904 96920 96910 63160 171284 171272 63167 185304 63188 63172 
10 : 55956 81138 96953 96949 55955 55970 55964 81151 81147 208167 
10 : 96976 11791 96988 95410 11796 127033 95412 11812 11790 95427 
10 : 80048 97118 10972 97108 80060 10971 80049 10987 143297 10973 
10 : 97205 97201 97207 30186 150248 202474 30203 150250 30193 30204 
10 : 97340 91246 97338 97353 91250 107907 160930 91247 91265 107927 
10 : 97351 97342 47550 97337 166117 47573 105288 47561 105275 47552 
10 : 95 97387 97376 97384 110 96 105 123805 197231 123801 
10 : 97436 97424 97443 97450 119039 217583 217593 119047 119056 254080 
10 : 97481 97474 97470 97476 250525 226545 251399 226539 250519 226540 
10 : 97589 97581 70236 97584 202073 70265 236347 70249 202067 70257 
10 : 49476 97605 97609 97610 49483 49484 49486 139597 139600 164651 
10 : 40396 97623 40610 97628 40402 40393 40409 40617 188748 40628 
10 : 97681 97673 38222 97675 101070 38231 129214 38224 101063 38225 
10 : 9793 97696 33611 97698 9803 9791 9807 33627 222671 33632 
10 : 13238 97717 93919 97703 13262 13236 13245 93938 149520 93924 
10 : 97826 97845 64356 97842 146061 64360 146053 64383 230274 64375 
10 : 97949 16165 97945 97950 16172 99317 189110 16166 16174 99318 
10 : 98058 98066 98061 98060 198489 198480 198479 222081 210800 210790 
10 : 98089 98087 98081 98083 245768 144424 186072 144421 186069 144411 
10 : 98179 98193 98188 98185 117284 117278 117272 227999 181827 181821 
10 : 98215 3733 98204 62019 3761 175829 62046 3741 3728 62027 
10 : 85910 98231 98223 98221 85927 85918 85917 190434 186895 186882 
10 : 98462 98452 84234 98459 155160 84272 252381 84239 155147 84260 
10 : 45012 98471 98464 98476 45018 45014 45023 131416 208444 131422 
10 : 98582 98580 31376 63983 139058 31383 63990 31381 63989 31369 
10 : 98696 98698 98697 69889 128598 128597 69894 153593 69900 69898 
10 : 1141 98737 98738 98731 1160 1161 1154 264068 250457 250458 
10 : 17982 83802 98729 43128 17980 17991 17974 83812 43125 43139 
10 : 98823 98828 98819 38589 236755 138236 38607 138242 38615 38595 
10 : 96016 98839 98834 65875 96036 96023 65873 163877 65893 65884 
10 : 98892 98899 98898 98897 103828 103825 103823 220969 199446 199438 
10 : 52262 99005 99014 99009 52272 52280 52275 220261 220251 231078 
10 : 83825 99142 99149 50099 83836 83843 50098 242377 50115 50124 
10 : 99395 99399 99401 99402 163709 163712 163713 212288 212289 219110 
10 : 99463 64494 99450 99452 64520 165511 228848 64501 64509 165499 
10 : 99665 99666 99660 99667 233126 204613 233130 204616 243513 204624 
10 : 99794 1647 99797 28745 1650 131244 28748 1655 1645 28753 
10 : 88939 99883 99869 89352 88957 88942 88938 109426 89370 89356 
10 : 99909 99913 99905 99916 206739 160162 206741 160168 233863 160173 
10 : 99951 81556 99952 99945 81572 225409 197429 81573 81567 197430 
10 : 100034 100025 100039 100032 118155 242172 226709 118162 118151 226722 
10 : 100065 33958 100088 100066 33960 112862 112841 33988 33961 122936 
10 : 100152 100156 64778 100154 245719 64800 245717 64807 249050 64803 
10 : 100160 100158 100164 100166 117248 182369 182370 117251 117253 213850 
10 : 83090 100180 100177 62995 83097 83095 62991 188994 63007 63003 
10 : 100308 100327 100328 100325 158025 158029 158022 254587 245810 245813 
10 : 89295 7334 100424 33205 7332 89321 33204 7361 7327 33230 
10 : 100433 100430 100428 100445 184259 158304 215656 158298 184270 158316 
10 : 100545 79872 100548 100551 79873 116628 116630 79881 79889 182882 
10 : 100627 100624 100620 100613 261773 230999 169586 230996 169584 169579 
10 : 68888 100678 25995 100681 68903 25994 68910 26018 257062 26021 
10 : 100806 100820 100814 35446 113588 113579 35448 185648 35474 35459 
10 : 100811 76408 100819 29093 76413 171415 29105 76424 29091 29119 
10 : 43271 101038 101045 101043 43272 43284 43280 134812 134809 205853 
10 : 101151 101159 101154 101156 115477 115470 115472 225484 240329 225477 
10 : 101168 93868 101179 101182 93873 176895 176901 93888 93893 249852 
10 : 101173 101180 101175 101170 216308 216302 183898 233364 183906 183900 
10 : 101211 101209 74361 101216 172941 74373 192045 74370 172947 74377 
10 : 101243 101242 101250 101231 226624 237994 142665 226636 142664 142676 
10 : 101289 40099 101285 101291 40107 128543 184289 40102 40108 128545 
10 : 101325 101321 101331 101333 132512 168067 168070 132520 132522 230706 
10 : 3207 101425 13419 101415 3222 3198 3209 13441 169521 13426 
10 : 101422 8873 101427 101426 8884 250894 250889 8890 8888 261020 
10 : 43878 101466 101462 101467 43892 43886 43894 235306 251791 235311 
10 : 77946 85455 101510 69890 77945 77961 69885 85476 69886 69909 
10 : 101580 101564 101571 101566 128157 210895 139854 128148 128143 139839 
10 : 101609 101615 101605 5614 211577 178922 5631 178926 5635 5622 
10 : 101699 101704 101696 68523 246053 169881 68542 169887 68549 68533 
10 : 101703 39684 101707 46818 39702 258297 46843 39707 39679 46850 
10 : 59546 21230 40706 101829 21228 40701 59553 21227 21236 40712 
10 : 101966 101969 101974 101975 139166 139177 139182 185608 185612 242277 
10 : 102064 102069 102067 73282 125098 125095 73286 172047 73299 73295 
10 : 102079 102088 80405 94021 172096 80411 94030 80424 94044 80404 
10 : 102186 102191 10942 9330 259607 10960 9349 10966 9357 9324 
10 : 102361 102354 102352 12510 181642 156962 12532 156952 12520 12515 
10 : 102823 102821 102828 58172 142596 171257 58178 142602 58174 58184 
10 : 26871 37589 103040 103039 26868 26879 26876 37600 37597 193950 
10 : 18609 103045 103060 103047 18611 18629 18613 122512 122498 139314 
10 : 103055 103057 103059 103046 253953 253956 138127 263406 138132 138136 
10 : 19434 103158 103169 103157 19437 19444 19436 115881 115037 115054 
10 : 103171 103162 103167 103170 168742 194165 237909 168734 168740 194162 
10 : 103281 103277 103283 103289 124408 157117 157128 124414 124433 192152 
10 : 103309 103303 103311 103301 203739 232123 187849 203741 187842 187850 
10 : 103428 103423 103421 103427 171389 124308 230151 124298 171387 124306 
10 : 103437 103424 103419 103426 189543 111178 216286 111161 189532 111166 
10 : 103550 103556 103554 83995 231333 231332 84015 258263 84020 84019 
10 : 103561 103545 103539 103548 181293 103919 224965 103905 181281 103911 
10 : 103687 103693 89296 103681 200689 89311 126182 89315 126189 89297 
10 : 103861 103868 103862 103863 241156 241150 241153 244284 249882 244283 
10 : 101735 63555 104033 83443 63554 101743 83442 63567 63552 83451 
10 : 104051 104055 104049 104041 192228 179353 104916 179363 104924 104915 
10 : 104100 104089 104102 104094 173326 256532 216049 173327 173323 216050 
10 : 104200 62570 104194 104197 62580 108539 127844 62572 62574 108532 
10 : 98561 104424 104427 104422 98568 98572 98564 199186 153492 153499 
10 : 104434 17447 104430 104436 17457 121357 179411 17450 17461 121363 
10 : 104454 104443 104462 104456 129762 239879 239873 129770 129766 245945 
10 : 104560 104565 14495 104566 140537 14500 140541 14507 194646 14509 
10 : 104581 16300 104578 104586 16305 114441 144878 16303 16307 114451 
10 : 104712 104717 104718 104724 216174 216177 216181 234284 234287 259612 
10 : 104933 19546 104934 104937 19552 199727 199737 19553 19564 202742 
10 : 61307 104973 104967 35403 61325 61315 35402 217604 35425 35414 
10 : 105071 105063 88971 105059 148519 88993 109692 88979 109672 88974 
10 : 105088 59570 105092 105086 59577 165553 143862 59580 59573 143865 
10 : 105346 102031 105341 105343 102053 237647 243219 102048 102050 237642 
10 : 105453 105448 9492 105452 211011 9513 246487 9504 211007 9508 
10 : 105595 105589 56684 105580 262783 56714 188927 56709 188923 56690 
10 : 105646 105638 105643 105637 212031 251772 203855 212026 203845 203849 
10 : 105716 105712 105714 105710 175212 187560 138631 175210 138627 138628 
10 : 105736 105731 105728 15408 160890 137752 15432 137739 15416 15414 
10 : 105945 105953 105947 105948 220092 220080 220085 231772 245867 231766 
10 : 68739 105968 105965 80268 68749 68746 68736 189618 80289 80283 
10 : 106068 106065 106059 15409 161387 117642 15421 117640 15417 15411 
10 : 106137 106136 106129 106128 234467 198836 195922 198835 195920 195913 
10 : 106217 106219 24793 106220 264860 24822 264861 24824 265234 24826 
10 : 46365 46193 32274 53197 46187 32269 46361 32268 46188 32271 
10 : 85721 106647 106643 104105 85743 85737 85720 238729 104135 104125 
10 : 106639 50643 40328 106635 50651 40336 124550 40325 50645 40330 
10 : 106665 38991 106669 104750 39013 260506 104774 39016 38990 104778 
10 : 106774 76075 106781 106773 76098 238994 217800 76109 76094 217813 
10 : 106784 106783 106799 106792 132192 174820 174813 132209 132201 242093 
10 : 106795 106793 22936 84236 247334 22959 84261 22956 84259 22929 
10 : 106936 106922 106935 106933 109787 235010 220586 109784 109781 220582 
10 : 106937 13359 106932 106923 13377 219241 115995 13372 13361 115987 
10 : 107004 107017 107018 107010 153758 153759 153751 264438 236779 236781 
10 : 107029 61848 107030 5658 61864 246593 5677 61865 5653 5679 
10 : 102169 107141 78395 107142 102188 78394 102189 78425 264273 78427 
10 : 107149 107143 107145 76076 111121 147178 76093 111113 76077 76080 
10 : 107171 107175 107167 107170 243429 213575 243060 213579 243070 213574 
10 : 107255 31556 67323 107261 31562 67331 171965 31554 31584 67353 
10 : 107316 57454 107314 107306 57477 258357 209741 57476 57464 209738 
10 : 107516 107508 107511 34714 118564 162676 34728 118557 34716 34723 
10 : 107533 107523 107535 107534 108264 221844 221839 108272 108266 236177 
10 : 107537 107552 107547 107551 113926 113921 113925 241894 251255 241893 
10 : 107646 107650 107651 107652 193755 193758 193761 213143 213144 217457 
10 : 107869 107873 107872 81188 221463 221462 81202 237452 81207 81205 
10 : 107875 107876 107874 82454 254442 251153 82473 251154 82475 82472 
10 : 108218 108222 108230 108226 183869 183874 183871 232517 232512 245806 
10 : 108254 77153 108250 108252 77178 246260 262978 77170 77173 246253 
10 : 108269 44917 108275 108260 44937 261278 208655 44942 44924 208664 
10 : 108355 108354 108353 108356 140117 114326 168733 114322 140120 114329 
10 : 108448 108453 108452 108451 207115 207113 207111 262017 260518 260516 
10 : 108471 108480 108474 108473 126119 126114 126113 168542 167312 167302 
10 : 108572 100630 108566 108574 100650 196769 260253 100639 100656 196774 
10 : 108825 108819 108817 108818 193818 130674 137878 130668 137867 130661 
10 : 108877 108879 108862 52913 256031 152013 52939 152016 52942 52917 
10 : 108961 108967 108976 108964 150957 150968 150955 187924 170340 170358 
10 : 109076 109082 109081 54943 166007 166003 54948 213585 54958 54955 
10 : 109114 73669 109102 109103 73686 137378 140574 73671 73673 137360 
10 : 109346 28253 30786 109344 28275 30809 261739 28249 28273 30807 
10 : 109497 109503 109502 109493 223022 223020 163763 248242 163778 163775 
10 : 109582 109581 109588 109593 129004 168655 168662 129011 129021 217026 
10 : 109586 109583 109591 109590 191471 214203 214201 191474 191473 234860 
10 : 109764 109753 101629 109762 139522 101657 248943 101633 139517 101650 
10 : 109959 109961 109955 109951 235389 196904 127393 196909 127396 127383 
10 : 109969 109977 109973 109966 255963 255958 201032 262391 201043 201038 
10 : 110079 24734 110081 93894 24748 244217 93912 24751 24733 93916 
10 : 110102 110095 62164 84129 195266 62187 84153 62177 84143 62161 
10 : 68304 110113 110109 110110 68316 68310 68314 213797 235487 213794 
10 : 69496 110343 110338 110348 69505 69499 69515 139536 226197 139543 
10 : 110455 110450 110451 110445 165866 186392 124208 165858 124197 124200 
10 : 110581 110582 110584 97142 261345 261346 97160 262146 97163 97165 
10 : 110606 110612 110621 73577 130336 130344 73578 232730 73590 73603 
10 : 110751 110744 110745 109044 116456 140480 109057 116451 109045 109048 
10 : 110762 79844 92872 110761 79868 92900 258484 79839 79866 92896 
10 : 110888 110891 110895 110884 218359 218365 204853 239684 204857 204868 
10 : 110937 110929 110942 110955 139086 218176 218185 139092 139102 240693 
10 : 110968 71693 40448 110982 71697 40453 174267 40444 71709 40473 
10 : 111098 111089 111104 111109 120998 241785 241789 120999 121004 260417 
10 : 111217 111212 111216 20227 207871 261506 20254 207870 20238 20253 
10 : 111232 111227 111231 111237 223024 250104 256387 223021 223031 250111 
10 : 111426 111430 111416 46111 256072 203410 46129 203417 46134 46119 
10 : 111494 59810 11540 111482 59830 11560 161405 11534 59815 11546 
10 : 111532 111525 111529 111531 127385 176200 197966 127380 127384 176199 
10 : 111537 111533 111539 43449 211184 230716 43475 211189 43469 43479 
10 : 111602 43734 111603 49943 43736 130825 49946 43737 43732 49947 
10 : 111865 111860 111873 111861 122990 226622 183394 122996 122985 183406 
10 : 111876 81029 111882 111888 81033 157444 157460 81036 81053 179023 
10 : 111889 111911 111908 111894 125332 125328 125314 258218 215909 215905 
10 : 112111 112103 112102 112113 135604 133201 197808 133192 135606 133202 
10 : 112122 28219 112107 112110 28245 185957 197045 28231 28235 185945 
10 : 112300 112299 112287 112283 258064 155427 113160 155426 113159 113144 
10 : 112333 112330 112331 112337 159506 174987 234078 159501 159513 174992 
10 : 19 112469 112458 112467 36 20 33 130233 250185 130230 
10 : 10992 112465 112471 34242 11003 11015 10989 229788 34253 34265 
10 : 29996 53495 3991 112504 29993 3981 30017 3982 53518 4017 
10 : 112494 112496 112493 112503 203913 193277 203926 193284 226357 193294 
10 : 112518 112517 112513 112520 222902 190597 234329 190593 222908 190601 
10 : 112575 112570 112574 75891 191898 260269 75913 191896 75898 75911 
10 : 112687 112681 112685 74736 153893 196238 74754 153888 74742 74749 
10 : 112714 67929 112731 112720 67932 140763 140755 67951 67939 228034 
10 : 25793 43233 112748 112733 25789 25811 25797 43258 43236 150286 
10 : 112839 112830 112840 112834 233242 265296 257759 233243 233238 257760 
10 : 41087 77266 112943 80137 41082 41099 41083 77280 77263 80151 
10 : 113062 113058 58146 113073 131144 58153 174975 58148 131160 58168 
10 : 113077 113090 90590 56522 174515 90596 56531 90609 56547 56519 
10 : 113136 113130 113115 113120 240484 138549 179277 138543 179271 138532 
10 : 113174 60539 113177 89357 60560 263376 89379 60561 60536 89381 
10 : 113190 113192 113189 113185 235678 224487 190868 224493 190871 190865 
10 : 113195 113191 113193 113194 245320 249307 251914 245311 245312 249298 
10 : 113197 71128 17820 113205 71129 17821 123369 17813 71139 17831 
10 : 113313 78595 20463 25249 78615 20482 25279 20458 25245 20456 
10 : 113369 113371 42983 79845 182807 42993 79855 42996 79857 42977 
10 : 113444 113438 113445 113435 209826 235660 185644 209830 185638 185649 
10 : 36695 113475 37003 86013 36697 36691 36694 37006 86016 37001 
10 : 97123 113558 113566 113562 97124 97134 97129 156891 156886 207281 
10 : 113591 113586 113584 113592 249448 243402 262532 243400 249450 243404 
10 : 113597 113595 113596 74623 129844 140897 74629 129843 74626 74628 
10 : 113868 113856 113861 113864 179471 202990 249128 179460 179465 202985 
10 : 113901 113905 113899 113907 186973 137572 186976 137590 254737 137593 
10 : 113960 113958 96543 113947 265111 96571 185455 96567 185453 96549 
10 : 93734 48100 113976 113962 48099 93752 93735 48116 48104 153402 
10 : 114010 55930 23633 114019 55933 23636 128906 23630 55948 23652 
10 : 114034 26318 94052 114033 26338 94076 248451 26316 26331 94070 
10 : 114157 114149 114161 114151 168641 248129 218641 168646 168635 218646 
10 : 114173 114177 114180 103772 205507 205513 103785 235196 103791 103799 
10 : 42212 114264 27525 114270 42214 27520 42219 27531 140146 27538 
10 : 114267 114273 114269 114262 159909 159901 117077 212908 117090 117083 
10 : 114285 114289 67036 10159 225404 67048 10176 67052 10180 10156 
10 : 114293 114284 114278 114281 221589 160049 167317 160036 167307 160029 
10 : 114313 114317 73118 114318 259446 73139 259447 73141 262289 73143 
10 : 114618 114622 46385 114624 169773 46392 169776 46399 227050 46403 
10 : 69626 114696 89188 114701 69630 69621 69637 89190 136173 89196 
10 : 101755 114702 114706 114699 101766 101774 101762 176378 155355 155361 
10 : 114818 114812 114810 114814 143144 117998 174569 117979 143132 117981 
10 : 108733 96046 114833 114835 96045 108749 108753 96062 96067 258006 
10 : 114943 114946 3582 114947 220248 3592 220249 3606 265285 3607 
10 : 114953 114961 114949 1169 223717 144439 1185 144449 1198 1177 
10 : 114998 115003 1619 114994 161761 1625 140764 1631 140772 1621 
10 : 115185 91112 115193 115191 91120 165663 165659 91136 91128 236282 
10 : 115192 67146 96142 115182 67164 96159 132323 67143 67149 96144 
10 : 115291 115286 44499 115292 164908 44509 227781 44505 164909 44510 
10 : 115297 115288 115287 115299 200574 172039 261184 172028 200576 172042 
10 : 115352 115355 85315 115369 166324 85322 166339 85324 197310 85342 
10 : 115452 115456 115457 115461 215753 215756 215757 249718 249722 252835 
10 : 115459 115463 115448 115451 260407 147613 214153 147620 214158 147605 
10 : 115567 115580 115578 115568 213265 213262 213256 257094 220221 220220 
10 : 115579 72396 115581 115574 72417 261111 249654 72418 72410 249656 
10 : 115688 115687 107713 115690 186375 107727 213488 107723 186382 107733 
10 : 115824 115825 115826 115823 219135 219136 214290 231169 214292 214294 
10 : 115895 115892 115898 115893 163541 222949 178897 163551 163535 178911 
10 : 115905 115901 115903 115909 131855 173009 187115 131852 131860 173015 
10 : 115915 115908 115910 115907 224909 242738 200204 224899 200188 200190 
10 : 116022 85180 116025 109300 85183 144683 109301 85185 85177 109304 
10 : 46468 116130 116128 116131 46479 46474 46480 213653 238383 213655 
10 : 116162 62415 19179 116147 62433 19205 198843 19173 62423 19189 
10 : 116361 116370 116369 116362 207922 207921 207915 242733 210022 210020 
10 : 116388 37918 116384 116386 37938 209809 228763 37930 37936 209806 
10 : 116624 116631 116620 116638 162833 122184 162839 122196 240164 122206 
10 : 75531 116736 116731 116729 75555 75547 75545 247536 235238 235229 
10 : 6980 93208 116748 116752 6979 6985 6992 93217 93223 240650 
10 : 116868 116871 116879 116880 131967 131976 131978 194710 194715 246721 
10 : 116897 56262 116888 116891 56277 127734 185440 56265 56269 127725 
10 : 92851 94477 116997 117006 92848 92861 92864 94485 94492 231770 
10 : 117001 116993 49377 102395 179501 49393 102413 49385 102402 49374 
10 : 41459 117107 53953 117106 41469 41456 41466 53968 225438 53962 
10 : 117115 77042 117117 117116 77062 259122 259121 77065 77064 262185 
10 : 117243 117231 102283 17278 167770 102309 17303 102287 17283 17276 
10 : 117364 98954 11824 117365 98962 11831 210203 11822 98963 11833 
10 : 117369 117372 117376 117366 235948 235952 216634 259576 216642 216644 
10 : 11710 117431 11858 117441 11719 11704 11734 11865 165140 11883 
10 : 117588 117603 35728 18832 161589 35737 18837 35753 18860 18828 
10 : 67413 117703 117700 94054 67422 67418 67410 188694 94061 94057 
10 : 117745 117740 117731 117727 259363 206901 145180 206895 145171 145163 
10 : 93079 117825 50308 1239 93085 50305 1236 50319 1251 1234 
10 : 112250 117844 30292 117846 112251 30291 112253 30293 134634 30299 
10 : 117937 117938 117941 7228 259239 259242 7250 260218 7251 7256 
10 : 35935 118052 118059 118063 35936 35944 35954 120377 120390 223584 
10 : 118086 118091 118084 118085 255960 227259 250529 227261 250535 227256 
10 : 118088 41341 118092 118090 41359 261867 261865 41361 41360 263443 
10 : 118144 118152 118161 61594 202007 202012 61603 229947 61615 61625 
10 : 118528 118523 118525 118533 153916 173600 245295 153903 153923 173605 
10 : 118642 118637 115120 118641 119157 115133 210291 115121 119156 115129 
10 : 11507 118796 118784 118795 11530 11511 11529 166153 263768 166152 
10 : 72199 118883 118880 17752 72204 72200 17747 125269 17760 17753 
10 : 119000 119002 119007 119004 164210 164216 164214 198982 198979 244294 
10 : 119126 94907 47401 119123 94915 47408 163169 47400 94911 47405 
10 : 119340 119342 113492 119350 130962 113494 130978 113500 157432 113517 
10 : 103702 80241 119381 119374 80239 103710 103706 80261 80249 194915 
10 : 119375 119378 119383 119377 200720 200726 200716 248504 213171 213179 
10 : 119592 119590 119593 119589 202713 247880 201684 202714 201678 201685 
10 : 57691 119853 119845 119844 57711 57704 57702 243365 236560 236544 
10 : 119945 9174 119947 119948 9188 224765 224767 9190 9192 250477 
10 : 119963 119958 119959 119969 237122 238286 258446 237119 237126 238289 
10 : 119999 4274 69863 93261 4292 69882 93288 4270 4273 69861 
10 : 112202 105652 120217 120213 105649 112220 112218 105676 105672 257516 
10 : 120214 120215 29096 120218 259994 29123 259997 29125 262533 29126 
10 : 40423 120346 75505 120338 40439 40419 40435 75526 239284 75515 
10 : 72996 120471 120470 120467 73017 73016 73012 262225 237815 237814 
10 : 120482 114962 120486 120497 114968 183085 183100 114973 114987 212680 
10 : 106310 120594 120603 120599 106316 106322 106320 179994 179990 228887 
10 : 120699 120693 120707 120700 124202 204728 204721 124217 124205 224009 
10 : 120813 120811 120806 120827 210576 163870 212964 163868 210592 163886 
10 : 120814 120821 120828 96645 217529 217532 96657 250300 96663 96668 
10 : 120924 120922 120928 120927 147416 179513 179512 147428 147426 246119 
10 : 120940 120955 54885 120938 215407 54893 206123 54908 206142 54891 
10 : 121048 116886 121040 121046 116900 194508 250002 116893 116899 194506 
10 : 121167 32997 121160 121158 33009 190341 189643 33001 33000 189631 
10 : 121203 96614 121193 121201 96626 152550 187680 96618 96625 152549 
10 : 95485 97772 121281 121278 95482 95502 95497 97794 97784 187942 
10 : 121518 106465 121522 121532 106469 174521 174537 106470 106486 203240 
10 : 35657 121891 121882 121894 35670 35659 35672 141826 262615 141830 
10 : 121890 69265 121893 121883 69275 258558 153161 69278 69267 153164 
10 : 52474 121998 50853 121989 52491 50843 52483 50869 224683 50859 
10 : 121996 68112 122000 22764 68127 251664 22779 68132 22756 22784 
10 : 122148 122149 121326 31856 259280 121343 31879 121346 31883 31855 
10 : 122344 122348 122347 122341 236141 236140 212382 260632 212392 212391 
10 : 111662 122478 11044 122470 111681 11041 111668 11066 170077 11051 
10 : 122484 58423 122496 122481 58430 197631 180335 58446 58426 180353 
10 : 122593 122611 122603 122607 128660 128650 128658 233573 254213 233567 
10 : 122601 122598 122596 122595 199357 197054 192729 197051 192728 192725 
10 : 122696 122701 122697 30967 127309 127300 30968 137040 30989 30972 
10 : 122713 122715 122711 122704 255227 232698 179295 232700 179297 179290 
10 : 122837 122834 122851 122835 132333 146520 143684 132350 132332 143704 
10 : 15047 122938 122947 122944 15048 15065 15061 131257 131252 257924 
10 : 122943 122945 122940 122941 253870 220785 225794 220789 225799 220775 
10 : 123079 123080 123075 123088 220079 186279 220086 186280 220967 186286 
10 : 123130 123126 123132 123128 199742 226626 209136 199745 199738 209142 
10 : 123189 37489 123186 123187 37513 234576 239394 37504 37507 234569 
10 : 123328 123329 123341 85346 169471 169484 85352 169818 85353 85372 
10 : 123425 123420 123421 123417 184701 185693 135491 184700 135483 135484 
10 : 123549 1359 70423 123544 1381 70445 239137 1357 1375 70436 
10 : 123564 123555 82558 123563 196871 82575 258637 82564 196870 82574 
10 : 123776 123772 123779 123778 166888 224023 224020 166891 166890 239276 
10 : 123910 42713 123908 123919 42731 208232 246117 42724 42741 208239 
10 : 124057 124056 124047 124055 264570 238077 263596 238076 263595 238074 
10 : 64335 124067 418 105244 64349 412 64333 434 105265 416 
10 : 124168 124171 77184 124165 239470 77199 214514 77208 214520 77193 
10 : 124176 124178 124175 14677 158303 151460 14682 151468 14691 14680 
10 : 124356 124358 124353 124354 216942 185511 195176 185517 195185 185507 
10 : 124359 48277 57628 124362 48292 57652 259278 48271 48298 57657 
10 : 124465 107225 124469 124471 107228 129523 129526 107236 107239 173708 
10 : 67271 44354 124492 70037 44347 67281 67269 44362 44348 70047 
10 : 124504 124516 124512 119554 244104 244096 119569 257414 119585 119579 
10 : 124600 124601 124613 124607 141383 141393 141389 142207 142199 181655 
10 : 124728 124719 124734 124727 175663 239211 238494 175672 175662 238501 
10 : 124962 27555 124969 124963 27567 224461 224454 27577 27568 224557 
10 : 124972 124992 96615 124975 132170 96616 132155 96641 155675 96619 
10 : 124982 124977 124985 124988 166596 226680 226683 166598 166603 233150 
10 : 125251 125247 125257 125259 243839 254142 254143 243851 243853 264148 
10 : 125315 125325 125331 125330 217248 217253 217252 245533 245532 260446 
10 : 125320 125324 18395 125329 228834 18408 228842 18412 241345 18422 
10 : 125438 125430 54886 125433 193248 54895 217232 54890 193246 54894 
10 : 125442 125435 125427 5178 221232 180802 5201 180795 5193 5184 
10 : 125515 125516 3097 125513 246950 3116 237806 3119 237807 3112 
10 : 103292 125542 125523 125543 103317 103293 103318 127934 259185 127937 
10 : 125540 125531 125541 125536 196648 250663 233949 196649 196642 233951 
10 : 125619 125631 125623 125628 175726 175710 175718 194530 241098 194518 
10 : 125635 125646 13275 30352 180655 13280 30358 13297 30378 13265 
10 : 94549 125880 125879 125890 94555 94552 94568 147517 170936 147540 
10 : 125887 125881 125888 125884 178551 252281 193871 178552 178541 193872 
10 : 125900 55932 119911 125901 55944 119929 255334 55931 55946 119930 
10 : 126126 126123 126109 12023 261619 127486 12054 127483 12048 12024 
10 : 111383 126247 11380 126237 111395 11378 111384 11398 144326 11384 
10 : 126298 126291 126293 126294 245124 259916 261082 245121 245122 259911 
10 : 126360 126351 54946 64529 191023 54964 64551 54950 64537 54934 
10 : 84358 126495 126496 123260 84373 84376 84356 245879 123284 123288 
10 : 126539 77976 126526 126533 78002 170094 225018 77984 77993 170087 
10 : 126657 126653 126658 126666 158591 196038 196046 158594 158601 216958 
10 : 126974 49503 33062 13903 49509 33066 13911 33059 13896 13894 
10 : 126992 771 127000 84661 778 187580 84667 790 769 84677 
10 : 127196 127195 37981 127200 195324 37991 200457 37990 195342 38011 
10 : 127444 74475 121598 3431 74482 121604 3438 74473 3424 3429 
10 : 127547 6407 127534 127545 6422 159004 244734 6412 6421 159003 
10 : 127675 47063 127670 16561 47087 223058 16584 47076 16553 16577 
10 : 127678 127681 127676 52954 261037 260539 52978 260541 52984 52977 
10 : 127714 127710 127709 63986 236586 235374 64012 235370 64008 64007 
10 : 127755 127753 127757 127747 239230 261939 143707 239233 143701 143712 
10 : 5580 95173 118475 127906 5576 5578 5599 95171 95189 118500 
10 : 128006 66566 85348 127998 66585 85369 197254 66563 66573 85356 
10 : 128063 128050 76359 128065 176869 76379 247030 76364 176870 76381 
10 : 128233 128231 128235 75394 165391 205607 75405 165392 75400 75406 
10 : 117709 97849 128474 128473 97848 117714 117713 97859 97858 204012 
10 : 128566 128571 34126 128576 170040 34131 170048 34143 235450 34154 
10 : 128618 128637 1815 128616 152667 1821 131874 1844 131896 1817 
10 : 128691 128693 45537 128696 160434 45545 160440 45546 164019 45556 
10 : 128730 128734 128722 128731 221346 145769 221342 145772 234966 145771 
10 : 128809 128815 128813 81191 207374 207372 81200 260810 81217 81213 
10 : 128875 11508 128874 25252 11514 167223 25261 11513 11501 25260 
10 : 128890 60681 128901 128903 60683 134417 134420 60691 60692 249930 
10 : 70158 85033 128913 128912 70157 70171 70166 85044 85039 203938 
10 : 100362 128928 128921 128922 100378 100371 100372 196910 197978 196896 
10 : 128947 128945 128948 128941 222719 226126 194369 222720 194368 194370 
10 : 28539 129036 129032 129034 28543 28540 28542 174091 218158 174088 
10 : 129149 129154 129153 69085 158682 158679 69088 252911 69108 69102 
10 : 129157 119632 129162 129160 119634 135864 135852 119648 119637 149517 
10 : 129239 129250 69629 118699 154244 69635 118704 69649 118718 69627 
10 : 129259 122555 51947 129265 122566 51955 220136 51945 122569 51958 
10 : 129359 129351 129358 129339 251395 265080 129913 251392 129902 129911 
10 : 129400 129402 42536 129390 264945 42559 195272 42560 195276 42549 
10 : 55451 129484 129480 129497 55459 55456 55467 177399 207548 177412 
10 : 129582 129594 129586 118476 184190 184181 118489 205670 118509 118495 
10 : 129598 129600 129602 129601 170768 170775 170769 182670 182666 194824 
10 : 129695 129703 129699 129707 152300 152297 152308 212526 225180 212540 
10 : 74279 129822 129826 62020 74292 74294 62017 249379 62041 62049 
10 : 129930 129932 115122 34436 200304 115128 34442 115136 34450 34434 
10 : 130046 117906 130047 40190 117911 177730 40194 117912 40188 40195 
10 : 130062 130065 130077 130075 133136 133151 133150 168483 168481 256323 
10 : 126876 102262 65847 130156 102260 65846 126883 65844 102274 65858 
10 : 130170 130168 130171 130163 198381 211331 157340 198382 157337 157341 
10 : 130290 130300 130304 130298 131799 131803 131796 248689 228825 228830 
10 : 76029 130526 46956 130527 76036 46951 76037 46966 231582 46969 
10 : 78183 130763 130768 130771 78188 78201 78204 191639 191648 248537 
10 : 130783 130786 130784 130777 242273 242269 206684 243385 206693 206685 
10 : 130793 130809 130789 130791 202907 131299 174915 131316 174935 131295 
10 : 40536 130882 130883 130885 40547 40552 40554 245793 245795 256795 
10 : 130999 131003 131009 32163 142617 142626 32166 196243 32176 32187 
10 : 131017 131020 96019 131016 207837 96030 193437 96034 193442 96027 
10 : 131109 97999 94432 131113 98011 94448 228314 94429 98017 94453 
10 : 131112 131104 62605 131106 136579 62631 198599 62607 136568 62616 
10 : 131130 131128 131129 54820 165390 191267 54831 165389 54824 54828 
10 : 67931 131209 131203 131200 67948 67943 67942 241757 232253 232244 
10 : 131212 131224 131226 31857 133894 133895 31858 258982 31878 31880 
10 : 131221 131220 131214 104878 253949 145400 104900 145399 104899 104880 
10 : 71183 131336 131345 131344 71191 71198 71197 227895 227893 262750 
10 : 131446 21792 131447 131448 21796 145230 145232 21797 21799 159025 
10 : 131471 131463 125729 131460 189611 125748 139095 125739 139080 125730 
10 : 131557 70549 131561 131567 70554 171903 171908 70561 70571 216494 
10 : 131578 26442 131579 45354 26455 233057 45371 26456 26435 45372 
10 : 131683 85088 131682 131678 85102 237025 202342 85097 85094 202339 
10 : 107960 131815 131806 52652 107976 107963 52650 145259 52670 52654 
10 : 132032 132038 132041 132030 175868 175872 159114 248424 159123 159134 
10 : 126546 63103 132043 132051 63102 126547 126559 63104 63117 133856 
10 : 132056 132054 23216 132058 248371 23233 253925 23231 248372 23235 
10 : 132165 132168 132167 132163 241967 241964 227736 243469 227739 227737 
10 : 132387 132378 132388 91274 175099 258268 91299 175100 91279 91300 
10 : 132426 132421 132428 132434 172591 198491 198501 172593 172602 208997 
10 : 132555 132564 132561 34373 220364 220355 34380 251866 34397 34389 
10 : 132583 132585 132575 132579 238305 161182 189471 161186 189477 161173 
10 : 42659 132660 132663 132658 42664 42669 42660 179145 151677 151682 
10 : 95233 47503 132803 132792 47499 95248 95235 47522 47505 167909 
10 : 132281 132914 26444 44753 132295 26443 44752 26465 44778 26433 
10 : 132920 132926 44214 40644 225424 44223 40656 44230 40662 40637 
10 : 132992 132983 116949 132995 144414 116967 227484 116951 144426 116977 
10 : 76973 97503 133009 133011 76970 76977 76981 97507 97510 159522 
10 : 133095 133099 133092 133093 240103 230317 230880 230322 230885 230315 
10 : 38959 65349 133106 133108 38956 38973 38975 65368 65369 235077 
10 : 118579 133118 102504 133128 118586 102503 118595 102508 202097 102523 
10 : 16497 107778 74072 133238 16494 16492 16509 74069 107794 74084 
10 : 18118 2421 133244 133254 2412 18119 18129 2422 2435 138738 
10 : 133444 49919 133450 133443 49923 175216 172962 49929 49922 172967 
10 : 133466 133063 133460 131163 133088 216557 131191 133073 131162 131173 
10 : 45198 133504 133499 65878 45216 45208 45194 242457 65905 65895 
10 : 89094 109226 110272 133568 89092 89093 89105 109222 109237 110282 
10 : 93348 133677 133673 133678 93353 93350 93356 156452 218731 156454 
10 : 133687 133688 133679 133683 261746 231721 244348 231722 244349 231714 
10 : 134046 134057 134061 134065 196742 196746 196753 248458 248461 260990 
10 : 134165 134162 132932 30971 252575 132949 30988 132947 30985 30970 
10 : 134261 134262 134259 134272 186360 171948 186368 171949 188844 171962 
10 : 134410 134402 134399 134404 233270 221633 245779 221620 233258 221624 
10 : 134499 95272 134507 134509 95278 188258 188262 95286 95289 252822 
10 : 79936 134617 134613 33357 79953 79945 33352 246909 33387 33377 
10 : 114390 134962 134959 134957 114406 114400 114398 255284 246436 246429 
10 : 134974 134972 112866 134973 244932 112885 250948 112880 244929 112882 
10 : 135010 135008 135027 49948 144407 152057 49953 144427 49951 49974 
10 : 77107 135082 129886 135079 77114 77106 77113 129895 214001 129889 
10 : 130552 135095 101255 135100 130557 101253 130562 101263 183795 101269 
10 : 135141 135148 135147 135142 203339 203337 203332 248401 205861 205860 
10 : 135154 135166 135164 116059 159407 159400 116062 231016 116080 116072 
10 : 135226 135225 16564 135235 178721 16575 189339 16574 178731 16581 
10 : 135267 28725 135266 135274 28732 239679 239711 28731 28738 239686 
10 : 135450 94025 135436 80273 94050 142880 80307 94026 80267 80275 
10 : 135528 124799 135523 135522 124822 233523 222866 124816 124812 222861 
10 : 135558 108996 135555 135565 109007 160886 206515 109001 109012 160891 
10 : 92558 135742 135741 135744 92566 92563 92568 210219 232114 210226 
10 : 105977 135847 135839 120139 105994 105978 105975 139608 120157 120141 
10 : 135873 45308 135870 135880 45310 184351 199863 45309 45320 184363 
10 : 136196 57457 136194 136197 57480 245107 263725 57472 57481 245108 
10 : 136627 136634 44754 136640 151047 44758 151052 44763 227069 44777 
10 : 136631 26445 70948 136629 26453 70957 158419 26438 26448 70954 
10 : 136646 136560 22315 136659 136569 22321 212231 22314 136583 22338 
10 : 38658 136770 136763 136759 38668 38662 38659 194992 146774 146761 
10 : 56465 136862 57863 136861 56484 56462 56480 57881 252878 57878 
10 : 136874 136868 136871 32483 224123 239539 32511 224116 32498 32501 
10 : 136946 136949 136952 136956 178505 178508 178511 209787 209792 221667 
10 : 136974 50568 136978 136983 50569 145224 145229 50579 50586 232975 
10 : 4553 137054 137066 137062 4558 4574 4567 215674 215669 259577 
10 : 137133 137139 121351 137131 171169 121356 156071 121364 156079 121354 
10 : 137145 137129 137144 137138 154830 247633 217692 154829 154823 217691 
10 : 133799 137184 137178 137182 133814 133804 133812 244463 261450 244461 
10 : 137313 55112 137318 137327 55116 169021 169033 55119 55136 207973 
10 : 137395 126318 29873 11989 126321 29879 11993 29867 11985 11976 
10 : 137425 127239 137426 137432 127241 162030 162034 127243 127248 186536 
10 : 38255 85431 137696 137693 38248 38265 38260 85441 85437 213667 
10 : 137703 137701 137704 137698 237934 255416 157542 237938 157538 157546 
10 : 137720 114208 137725 73289 114209 140900 73291 114216 73285 73296 
10 : 32220 72265 137802 137805 32218 32223 32231 72270 72280 197501 
10 : 137823 137815 137818 137817 222198 244849 237326 222194 222190 237321 
10 : 137929 125333 118908 137928 125348 118925 250033 118907 125347 118924 
10 : 138253 138249 138198 138248 241226 138219 225802 138209 225791 138207 
10 : 39808 138261 138265 138259 39815 39820 39812 205105 171112 171116 
10 : 138477 138471 138476 138470 181973 248823 178838 181970 178822 178835 
10 : 138794 120110 138793 138796 120128 214145 222972 120126 120134 214154 
10 : 138852 138855 138853 138844 243883 243881 203349 248094 203352 203350 
10 : 138899 138897 138895 138896 232384 200821 230491 200818 230488 200815 
10 : 33741 135773 83622 138929 33740 33735 33758 83621 135788 83643 
10 : 99042 139168 139176 91880 99049 99058 91873 195332 91890 91902 
10 : 139384 116424 139391 139383 116440 251787 248188 116447 116439 248200 
10 : 139439 139436 139425 139423 257175 183928 174774 183924 174768 174752 
10 : 30243 139454 91977 139442 30258 30241 30245 91997 151303 91980 
10 : 50589 139457 64948 139453 50610 50587 50604 64972 246947 64967 
10 : 88873 139441 139444 131847 88874 88877 88872 142735 131848 131851 
10 : 139449 139447 139448 139443 204773 210014 161491 204769 161488 161489 
10 : 138506 42686 139570 139574 42685 138516 138525 42699 42708 244287 
10 : 139560 139572 33278 5180 146731 33279 5181 33295 5202 5170 
10 : 139708 112526 110147 139711 112533 110153 208003 110144 112538 110156 
10 : 139764 139769 57491 139773 222499 57501 222503 57505 246020 57510 
10 : 139771 139765 139768 118376 225307 232638 118396 225302 118385 118386 
10 : 139789 139786 139783 65218 260343 251835 65240 251831 65236 65234 
10 : 139888 139889 139883 137859 240606 169144 137874 169148 137879 137864 
10 : 139909 106097 139919 139908 106102 170531 139959 106116 106098 139977 
10 : 139995 31325 139991 139992 31337 151897 157543 31327 31329 151884 
10 : 140107 140112 140108 140100 241730 241725 164663 247507 164669 164664 
10 : 140212 140211 139616 140207 180619 139626 140387 139623 140386 139617 
10 : 140431 140438 19632 140429 221127 19643 197584 19651 197597 19640 
10 : 80197 140502 140501 140507 80209 80208 80216 232047 235060 232055 
10 : 140511 140510 140520 140514 150011 152798 152786 150030 150018 188302 
10 : 140532 11798 110810 140523 11814 110829 153050 11794 11800 110811 
10 : 140762 130467 140761 140757 130493 253012 233476 130484 130481 233473 
10 : 140842 124091 29099 134690 124097 29108 134695 29097 124090 29098 
10 : 96237 140974 140973 113498 96257 96256 96233 265330 113524 113523 
10 : 141061 141072 141071 141074 159495 159493 159497 249049 249892 249054 
10 : 141108 27801 141121 141115 27806 210121 210118 27816 27813 253991 
10 : 141175 141169 141177 141178 197027 251317 251319 197030 197033 261370 
10 : 121536 141294 141285 98418 121548 121540 98413 168465 98438 98423 
10 : 94521 141401 141396 141391 94544 94541 94532 249474 200895 200888 
10 : 141412 141411 79343 141406 220303 79355 169514 79352 169512 79345 
10 : 141443 141448 141450 132955 149378 149380 132957 196629 132967 132970 
10 : 141546 87342 120369 84663 87364 120393 84684 87341 84656 84660 
10 : 141643 141640 62746 141638 205804 62764 176556 62758 176547 62752 
10 : 60970 141656 141660 141663 60978 60984 60989 246466 246470 255837 
10 : 141729 141739 58618 141734 163492 58622 163485 58647 228893 58631 
10 : 141746 1175 141744 21601 1191 217760 21617 1184 1162 21611 
10 : 141750 141759 141763 62023 150411 150416 62024 246590 62038 62047 
10 : 141877 122038 18236 141881 122055 18253 243696 18233 122060 18259 
10 : 93626 141979 13277 92875 93633 13271 92869 13282 92880 13270 
10 : 43303 142097 142087 142099 43313 43304 43317 146211 248343 146214 
10 : 129054 142177 95488 142171 129070 95487 129057 95508 165242 95491 
10 : 142182 142188 142191 142181 225174 225179 201051 255719 201059 201063 
10 : 142482 142481 70242 142480 227618 70256 225082 70255 225081 70253 
10 : 58689 142578 142579 142580 58703 58704 58705 261350 261351 264991 
10 : 117119 44501 142581 142583 44500 117120 117124 44502 44506 158168 
10 : 142685 142684 142686 142689 228900 245846 245848 228904 228907 257007 
10 : 142703 142705 142710 142709 179053 179064 179063 187828 187827 224845 
10 : 142791 142788 31791 26286 219684 31807 26304 31799 26293 26271 
10 : 142831 142825 142817 132857 236797 165485 132878 165482 132875 132860 
10 : 129935 142882 142888 142886 129938 129946 129941 178515 178510 235694 
10 : 142885 142881 47098 142887 151587 47108 225190 47099 151594 47116 
10 : 142892 142895 131613 142901 168802 131614 168809 131620 198281 131631 
10 : 142897 88428 142891 130215 88434 155398 130226 88429 88425 130216 
10 : 117484 143161 14794 37983 117500 14788 37978 14809 37999 14784 
10 : 143195 93601 110392 143198 93612 110405 230517 93598 93620 110411 
10 : 143311 143304 93896 143308 167109 93914 237956 93899 167107 93907 
10 : 143332 143330 143329 143341 171756 161610 205591 161606 171776 161634 
10 : 25890 143453 143451 143454 25899 25897 25901 221780 230054 221782 
10 : 143471 142193 143470 39162 142209 234851 39180 142208 39161 39179 
10 : 27192 87613 143512 143511 27187 27200 27194 87622 87615 166722 
10 : 17108 143541 143546 57073 17113 17117 17104 180172 57083 57087 
10 : 143562 123453 143568 143567 123463 187211 187208 123471 123468 234513 
10 : 143570 131349 143558 31712 131364 148631 31733 131350 31709 31713 
10 : 95833 112264 143608 11383 95831 95836 11376 112270 11379 11388 
10 : 143611 143621 143607 143609 205074 155357 169895 155370 169906 155353 
10 : 143637 143633 143624 38553 252265 151266 38577 151259 38570 38556 
10 : 143725 143731 110121 143732 225348 110131 225349 110140 256095 110141 
10 : 143737 143746 143740 101388 218819 218812 101402 241142 101414 101403 
10 : 143934 84920 33480 143933 84932 33489 203495 33476 84931 33488 
10 : 102118 144021 79787 144019 102131 79780 102124 79803 246747 79800 
10 : 144151 63248 144155 75947 63262 244370 75963 63271 63244 75972 
10 : 144176 60150 78910 144164 60172 78931 210167 60148 60160 78918 
10 : 144192 65291 140243 144191 65310 140266 255986 65290 65308 140265 
10 : 8593 45688 144243 144251 8584 8596 8614 45690 45709 171030 
10 : 144258 144262 144267 74741 206441 206444 74752 249257 74757 74765 
10 : 144271 144290 144284 144285 162809 162804 162805 258463 259063 258460 
10 : 24256 144346 144340 144343 24264 24257 24261 156532 208425 156529 
10 : 144362 144354 91275 144358 165790 91289 181470 91277 165783 91282 
10 : 144371 144366 144356 144363 256915 177493 233575 177488 233568 177484 
10 : 144376 144372 144378 144373 150894 180843 155651 150898 150892 155656 
10 : 144396 144392 144404 144388 232780 250761 149090 232790 149087 149100 
10 : 144535 92520 93263 144538 92529 93274 233609 92514 92537 93285 
10 : 144552 144549 16360 112894 198801 16365 112903 16364 112901 16358 
10 : 144651 92612 42279 144661 92617 42287 192053 42276 92627 42297 
10 : 92830 144679 144665 144666 92847 92836 92837 178261 179025 178245 
10 : 88120 144744 144743 90778 88124 88123 88116 192104 90786 90782 
10 : 132376 144826 134432 144831 132383 132375 132386 134444 215340 134453 
10 : 76995 144850 144838 103775 77009 76999 76992 197721 103796 103784 
10 : 144970 144978 144975 144973 185955 185951 185950 215500 208519 208515 
10 : 145113 117176 145122 145110 117180 174473 166938 117193 117179 166952 
10 : 145311 145309 145307 145321 239185 225376 255295 225371 239193 225385 
10 : 5452 145419 145423 145424 5458 5465 5468 207646 207655 249018 
10 : 145727 145729 145732 145736 162063 162070 162074 181575 181579 242591 
10 : 72647 145825 145826 145823 72655 72658 72654 226766 224550 224555 
10 : 132064 145924 145919 12160 132081 132075 12157 224851 12185 12178 
10 : 145927 145921 145922 145916 255150 255494 217872 255145 217869 217870 
10 : 145929 122557 145931 145937 122561 170024 170029 122564 122572 196495 
10 : 101 12630 7406 145944 91 90 104 7394 12634 7411 
10 : 146056 114507 146060 146046 114518 245555 168680 114521 114509 168687 
10 : 146042 146078 146074 73814 146063 146057 73813 251588 73834 73828 
10 : 146084 146098 146082 104784 208768 193910 104791 193926 104812 104790 
10 : 146450 146449 146456 146458 224967 229264 229267 224980 224983 259655 
10 : 146467 146460 146468 131165 149734 243461 131178 149737 131166 131181 
10 : 146576 120649 146574 146575 120657 217858 219173 120654 120655 217854 
10 : 146577 139264 146579 146566 139276 241727 161420 139282 139266 161427 
10 : 146605 146606 146610 146618 165276 165281 165293 179242 179254 228622 
10 : 100704 78375 122066 107588 78367 100701 100700 78369 78368 107584 
10 : 33889 146898 146895 146889 33904 33902 33898 255088 242380 242375 
10 : 146887 146890 146897 146896 208282 208290 208288 244528 244527 256330 
10 : 36722 146910 146902 146908 36740 36728 36736 175922 230530 175918 
10 : 146912 43741 144406 146909 43759 144429 250305 43740 43753 144422 
10 : 147043 85272 147042 57895 85284 248230 57917 85281 57889 57914 
10 : 14149 147136 147132 147133 14166 14160 14163 219752 241709 219740 
10 : 41802 147155 147147 147150 41823 41818 41821 242142 248665 242138 
10 : 1597 147333 147338 147331 1602 1608 1599 176375 169710 169720 
10 : 138930 147340 147341 147344 138943 138944 138951 240402 240408 242105 
10 : 147486 147489 147491 147482 246645 246652 227824 251754 227828 227835 
10 : 147577 147574 147565 147575 232053 162181 242330 162172 232050 162174 
10 : 147763 10434 147751 147762 10459 157239 263457 10436 10456 157237 
10 : 147765 84888 141244 147769 84892 141252 189043 84887 84902 141259 
10 : 148072 148070 148080 148067 224402 241071 181133 224406 181127 181144 
10 : 148201 148204 148209 148208 207773 207780 207779 247164 247163 261010 
10 : 148307 74477 148298 135371 74492 165951 135387 74480 74476 135373 
10 : 125632 148393 148391 148389 125645 125642 125637 248182 217808 217804 
10 : 148394 148396 121111 148402 151751 121113 151757 121117 176456 121131 
10 : 148502 134433 148496 148503 134447 207700 234739 134441 134450 207704 
10 : 148536 148543 148535 148529 246611 243165 185044 243174 185053 185042 
10 : 148596 92573 148603 148602 92574 166405 166403 92586 92584 258689 
10 : 148606 54344 148605 148614 54351 182485 182874 54350 54365 182502 
10 : 37617 148708 35879 148705 37625 35869 37621 35894 208103 35889 
10 : 148839 63831 148835 130626 63855 241876 130649 63843 63829 130640 
10 : 148931 48247 117408 26158 48261 117425 26172 48243 26147 26155 
10 : 149238 18571 149244 149239 18579 204353 204349 18584 18580 208521 
10 : 149242 149240 149250 113618 215498 224113 113636 215509 113631 113646 
10 : 7138 149276 69469 149270 7154 7134 7141 69489 190799 69476 
10 : 149278 149289 149287 95141 151710 151708 95144 250169 95162 95158 
10 : 91072 149341 149348 149338 91079 91084 91073 215554 163339 163348 
10 : 149344 124717 96021 149343 124724 96032 217526 96017 124723 96031 
10 : 149992 23830 149993 28788 23845 250997 28808 23848 23821 28812 
10 : 150078 150079 78276 150084 150538 78277 150550 78281 199415 78297 
10 : 19438 85184 55818 150212 19431 19430 19445 55811 85196 55834 
10 : 150224 150231 150225 150226 203876 203867 203870 205545 214932 205538 
10 : 5123 150299 150302 150293 5136 5140 5126 252893 190411 190417 
10 : 129614 150317 150306 98771 129637 129615 98768 150467 98794 98772 
10 : 5787 150348 106977 150347 5789 5781 5788 106981 153276 106979 
10 : 150350 150362 150356 150355 171279 171275 171274 205991 201267 201261 
10 : 147987 150418 150412 150406 148002 147995 147990 247074 203662 203653 
10 : 150530 150531 150519 150528 257583 159613 229551 159614 229552 159611 
10 : 150542 150539 150543 150544 214087 241694 241695 214089 214090 248039 
10 : 150729 150721 150724 150723 154569 218989 215225 154554 154553 215212 
10 : 150861 150866 150857 150865 247007 229594 247006 229597 253077 229596 
10 : 70223 151034 151036 123498 70228 70231 70219 203267 123507 123514 
10 : 151045 151055 151053 151043 207975 207974 158420 265043 158436 158435 
10 : 151138 151135 140994 151132 203633 141009 159736 141005 159731 140995 
10 : 151216 78865 128429 151215 78871 128434 179370 78862 78869 128432 
10 : 151314 151313 119659 30194 236254 119670 30211 119669 30206 30191 
10 : 151514 151522 151519 151518 166543 166536 166532 255144 249193 249187 
10 : 134540 140382 151531 4063 134538 134550 4058 140391 4062 4078 
10 : 150204 144681 99074 151643 144680 99073 150206 99072 144687 99077 
10 : 30296 59266 151746 151742 30286 30308 30302 59280 59274 223426 
10 : 151758 69956 151759 25959 69970 244607 25979 69971 25951 25982 
10 : 151862 123217 151868 4699 123219 166993 4700 123225 4695 4706 
10 : 58857 151996 86267 76200 58864 58852 58851 86278 76216 76193 
10 : 152066 152063 152061 67181 184945 167511 67200 167499 67188 67184 
10 : 152115 152121 152130 62170 164543 164551 62173 218424 62181 62190 
10 : 152293 109640 152305 152302 109643 160342 160335 109664 109656 236975 
10 : 4827 25507 152384 152376 4817 4847 4835 25529 25515 215976 
10 : 147473 152383 152375 152371 147490 147480 147476 206989 171944 171931 
10 : 50459 152398 26159 152403 50470 26148 50474 26176 258979 26179 
10 : 107422 152467 137048 82727 107430 107421 82719 137061 82741 82725 
10 : 152460 152465 10470 68819 188414 10474 68823 10487 68839 10461 
10 : 136419 125225 13246 132727 125223 13244 132725 13241 125222 13242 
10 : 152601 152606 63962 92646 189888 63963 92649 63970 92654 63955 
10 : 152627 94775 152639 21162 94776 154393 21163 94800 21155 21185 
10 : 68640 152821 152834 150654 68645 68655 68639 176209 150658 150680 
10 : 108736 152927 125706 89360 108739 108734 89355 125713 89365 89359 
10 : 152952 152940 152944 142337 193537 226042 142359 193528 142344 142348 
10 : 152998 82672 54766 152992 82683 54775 175279 54759 82673 54767 
10 : 153012 153006 109641 122749 186812 109652 122761 109644 122754 109634 
10 : 149861 153100 153101 153092 149873 149875 149865 254814 201688 201690 
10 : 153094 153103 153104 153090 203037 203039 153386 263185 153405 153406 
10 : 19286 153205 153202 7409 19293 19290 7395 207413 7421 7416 
10 : 152861 153221 153212 120884 152880 152865 120883 185050 120909 120888 
10 : 153208 36576 153210 153220 36577 160651 160663 36579 36593 166828 
10 : 153314 111361 153307 91468 111375 173637 91488 111365 91459 91473 
10 : 153328 153333 65100 120007 206589 65105 120015 65112 120025 65094 
10 : 153420 153408 100853 153414 159581 100871 219759 100854 159578 100861 
10 : 103647 146219 153425 153423 103645 103652 103649 146230 146225 178725 
10 : 153512 37810 153511 93897 37816 178811 93905 37812 37806 93903 
10 : 22904 153543 153545 153537 22923 22926 22911 261330 208467 208470 
10 : 153753 76332 153757 38557 76343 244730 38567 76352 38545 38578 
10 : 153948 110150 153953 149211 110152 195728 149214 110159 110149 149230 
10 : 153966 142715 153969 60311 142717 160332 60312 142721 60307 60322 
10 : 153971 92384 142956 153965 92396 142969 159863 92381 92387 142958 
10 : 154063 154067 125678 105003 221602 125692 105016 125702 105025 104999 
10 : 154104 154097 137538 154096 251941 137561 241817 137553 241805 137546 
10 : 29667 145896 154172 154182 29666 29669 29683 145898 145912 169589 
10 : 154275 154290 146328 154288 197306 146335 197304 146354 262039 146351 
10 : 154292 154291 154287 154293 264475 260879 264504 260878 264477 260881 
10 : 87052 154307 152838 154295 87059 87051 87054 152845 169898 152841 
10 : 154323 129056 154325 79704 129063 236154 79714 129068 79699 79719 
10 : 154373 154366 154365 154377 228650 222006 263529 221993 228653 222010 
10 : 154508 154507 144892 154494 245137 144907 166955 144905 166951 144894 
10 : 154510 154502 7343 154501 228689 7363 224728 7355 224719 7354 
10 : 123236 154518 154528 154517 123243 123253 123242 214788 208921 208933 
10 : 154579 154582 154592 154578 177844 177857 164363 218901 164367 164381 
10 : 154588 154581 57866 154587 203479 57880 245363 57868 203473 57877 
10 : 154635 154624 154628 149746 191802 238555 149778 191793 149752 149761 
10 : 101721 154650 154639 73293 101731 101724 73280 165322 73312 73294 
10 : 154678 154680 154677 154679 256976 250396 256972 250401 257328 250398 
10 : 154781 154780 154782 154778 259817 264010 248982 259820 248980 248985 
10 : 82809 154979 154981 154982 82820 82821 82822 262418 262420 263409 
10 : 128380 155001 155017 155011 128385 128394 128389 192284 192276 239889 
10 : 155084 4791 145560 155078 4812 145584 240544 4790 4803 145574 
10 : 71445 155193 155184 155187 71465 71447 71451 168173 195656 168154 
10 : 155220 155216 155223 155214 232784 262365 202295 232787 202286 202298 
10 : 155319 155322 155310 155309 253913 206985 205923 206990 205926 205906 
10 : 155335 120272 155331 155325 120290 229630 184213 120286 120275 184200 
10 : 74830 155611 89029 155600 74844 74825 74834 89044 202526 89036 
10 : 155688 88770 83116 104005 88775 83119 104011 83109 88765 83112 
10 : 155690 155692 143660 139643 219094 143668 139653 143677 139664 139641 
10 : 38351 6262 155823 155829 6255 38354 38359 6263 6275 180174 
10 : 155918 22454 155923 2946 22463 210849 2952 22473 2933 2956 
10 : 155991 155998 79810 155996 184582 79814 184580 79833 247992 79829 
10 : 34842 51809 156100 156097 34832 34857 34855 51826 51824 255920 
10 : 156099 156098 113832 156096 256080 113843 255553 113842 255551 113841 
10 : 156137 156142 156147 122309 159904 159915 122311 228504 122326 122337 
10 : 57575 22056 156294 156284 22050 57591 57576 22075 22057 159042 
10 : 42019 149481 113244 156295 42018 42016 42021 113243 149482 113246 
10 : 156404 156407 156409 133043 240287 240291 133050 254644 133055 133062 
10 : 51990 156630 156637 156634 52002 52009 52006 244327 244323 264120 
10 : 156978 156981 127351 59900 257143 127364 59919 127368 59922 59895 
10 : 58529 156989 88555 156986 58534 58524 58531 88562 169573 88558 
10 : 70775 157004 157012 157005 70778 70789 70779 194432 194425 203511 
10 : 58990 157016 136683 157029 58996 58988 59008 136690 198652 136704 
10 : 54084 8428 157058 157069 8419 54088 54105 8434 8452 197729 
10 : 157077 91962 42834 157080 91969 42840 190902 42826 91973 42849 
10 : 157101 157106 157096 157100 231761 165418 209137 165420 209145 165414 
10 : 5582 157165 157166 157178 5586 5587 5605 172023 172043 180266 
10 : 138836 157172 157169 118482 138847 138842 118479 200563 118497 118491 
10 : 157170 157174 70311 157173 202597 70324 202593 70333 239840 70327 
10 : 157215 157202 157201 157209 181643 161883 218437 161869 181631 161872 
10 : 157305 157313 157307 157314 234445 234438 234448 252088 264022 252090 
10 : 157375 142912 43597 107834 142922 43616 107849 43596 107831 43588 
10 : 157468 157477 157480 97023 191843 191847 97028 255460 97042 97046 
10 : 12294 138339 139957 112431 12291 12293 12289 138337 112427 112429 
10 : 133920 157576 157578 157577 133931 133933 133932 254666 254665 263034 
10 : 157684 157682 51526 54674 247785 51540 54693 51537 54690 51511 
10 : 157781 157786 157783 157782 241072 241069 241068 248731 247535 247528 
10 : 157824 41220 157829 141884 41228 206457 141891 41237 41218 141903 
10 : 157883 157876 5182 157882 180431 5207 264533 5183 180427 5204 
10 : 157997 157998 158005 119913 241677 241684 119924 242817 119925 119933 
10 : 147859 158094 158097 158090 147868 147871 147862 248972 212833 212839 
10 : 158143 98268 7519 158140 98285 7540 249530 7514 98278 7534 
10 : 158192 158196 113874 158194 228359 113886 228355 113891 239691 113888 
10 : 1478 158205 127588 158201 1483 1476 1479 127592 163275 127589 
10 : 158281 158280 156307 157549 265273 156327 157568 156326 157566 156306 
10 : 126506 158377 60849 102769 126512 60846 102768 60856 102780 60844 
10 : 101287 158486 158479 158488 101296 101288 101298 159342 263126 159346 
10 : 146839 128542 83231 158481 128541 83228 146847 83225 128551 83240 
10 : 158562 47527 158561 158565 47530 181978 186129 47529 47535 181986 
10 : 35078 120009 158651 59610 35075 35079 35071 120010 59605 59611 
10 : 158761 158766 158768 158769 202253 202260 202263 250100 250103 263909 
10 : 158864 158857 158860 158849 250637 258384 172982 250631 172969 172975 
10 : 158875 158878 158872 158867 255917 232846 184111 232850 184117 184108 
10 : 155088 7978 14388 136148 7975 14385 136145 7965 7974 14382 
10 : 71994 159142 159145 159146 71997 72002 72003 218113 218114 245657 
10 : 159160 159168 159166 18873 246030 246029 18886 261841 18899 18896 
10 : 159241 159250 159248 159239 206866 206862 185378 262470 185393 185390 
10 : 159278 57023 159269 112630 57037 193822 112643 57026 57020 112632 
10 : 159350 134866 151906 159352 134868 151908 179340 134865 134873 151915 
10 : 159369 83370 11864 159366 83391 11888 253629 11854 83385 11882 
10 : 159371 135529 159372 159381 135532 171706 171711 135533 135540 180366 
10 : 159499 109393 159504 159517 109395 163850 163860 109400 109412 215576 
10 : 71056 122651 159587 78691 71051 71060 71050 122655 78683 78699 
10 : 159586 98201 128665 124007 98206 128667 124011 98198 98197 124003 
10 : 143971 159630 159636 17755 143985 143989 17754 255706 17771 17778 
10 : 159811 159810 159807 159813 250756 236594 254093 236593 250758 236596 
10 : 67442 159820 86018 88714 67448 67436 67437 86025 88718 86012 
10 : 159886 159887 159875 159879 265058 162209 208845 162210 208846 162199 
10 : 159896 159890 124622 159891 192227 124639 195923 124626 192219 124627 
10 : 32082 25475 37842 92753 25464 32071 32078 25466 25471 37837 
10 : 117048 27559 160117 160105 27554 117068 117061 27578 27571 234705 
10 : 160113 160106 160115 160103 237153 254121 212838 237155 212829 212840 
10 : 120805 160421 160411 54460 120824 120810 54456 210377 54481 54470 
10 : 160413 160407 160409 160408 162362 193440 163872 162359 162354 163866 
10 : 160432 160430 160428 160433 252511 239441 262368 239438 252513 239444 
10 : 31258 80409 160458 59901 31250 31269 31249 80421 59888 59912 
10 : 113833 160453 160459 40804 113834 113838 40798 180239 40808 40816 
10 : 2947 51950 160546 160535 2935 2963 2948 51969 51951 161887 
10 : 27773 65161 101841 160612 27768 27771 27787 65158 65174 101854 
10 : 103983 160704 160702 155647 104000 103997 103981 247384 155676 155667 
10 : 160705 160706 92388 60313 180617 92389 60314 92390 60315 60304 
10 : 47070 160792 160787 160783 47091 47086 47080 257758 248388 248382 
10 : 82833 160827 160824 160833 82841 82837 82847 227994 243171 228001 
10 : 161021 161023 161011 67465 265282 171104 67489 171105 67490 67467 
10 : 147017 101101 161047 161043 101100 147033 147030 101121 101116 259927 
10 : 161113 161117 161112 161119 221077 176572 221078 176581 253865 176582 
10 : 161342 55090 104604 161334 55108 104624 249568 55085 55103 104613 
10 : 161468 10724 59184 161470 10727 59190 194803 10714 10732 59193 
10 : 120089 161556 161554 161555 120108 120102 120106 230203 255865 230201 
10 : 62388 161564 161561 161566 62399 62391 62400 192195 234455 192196 
10 : 23220 161841 48853 144702 23221 23208 23219 48854 144703 48852 
10 : 132313 136329 91119 161856 132310 91113 132318 91114 136338 91126 
10 : 18073 162023 31106 162025 18074 18062 18086 31109 173422 31120 
10 : 162032 21574 162037 84768 21580 214826 84774 21586 21569 84781 
10 : 162110 52745 162109 162115 52748 191029 207595 52747 52760 191044 
10 : 162159 162151 56123 162147 245307 56150 204393 56141 204379 56132 
10 : 90498 162211 162218 162214 90499 90509 90502 168445 168436 183938 
10 : 108458 162227 162229 162228 108460 108464 108461 204343 204341 222858 
10 : 162344 158491 162350 91027 158495 212820 91036 158502 91025 91047 
10 : 162426 162423 37214 14683 196556 37222 14692 37217 14687 14667 
10 : 162519 162520 162521 118960 179237 179240 118962 189467 118964 118968 
10 : 162527 162531 162528 162530 218864 218860 218863 234473 248280 234472 
10 : 162538 162529 84474 107964 247484 84487 107982 84480 107975 84469 
10 : 88232 114419 107206 42252 88229 88228 42247 107202 42250 42248 
10 : 140414 25798 66546 162927 25795 66543 140420 25791 25806 66556 
10 : 163025 163023 61247 163022 251716 61259 247214 61258 247211 61256 
10 : 63806 163106 163107 163099 63820 63825 63808 254757 178381 178387 
10 : 163100 146331 163105 163101 146334 193974 193968 146348 146338 204250 
10 : 163327 163322 163329 56954 193605 231691 56967 193608 56957 56968 
10 : 163363 163360 163378 120170 189310 206825 120175 189329 120173 120196 
10 : 91545 163419 163412 163416 91561 91549 91558 194750 261815 194748 
10 : 163428 68216 18532 163423 68226 18546 191989 18522 68220 18536 
10 : 35799 100726 139528 114356 35791 35796 35792 100722 100719 114352 
10 : 6043 105558 6696 163581 6041 6033 6048 6690 105562 6700 
10 : 163602 163610 163604 163616 168221 168217 168224 190198 243483 190203 
10 : 163657 163648 118803 163656 193415 118818 255863 118805 193414 118816 
10 : 163684 53317 105747 163687 53324 105756 214536 53309 53329 105765 
10 : 163821 163816 163825 84544 168946 239868 84560 168954 84545 84571 
10 : 163836 163842 107686 163832 226555 107698 201265 107709 201274 107693 
10 : 50045 163902 92228 163908 50050 50036 50056 92232 206214 92243 
10 : 163899 142613 118961 77592 142616 118963 77594 118958 77588 77580 
10 : 163941 163938 120399 163930 246481 120416 174770 120412 174764 120401 
10 : 4963 164205 133845 164206 4983 4959 4985 133867 262223 133869 
10 : 164301 164309 164313 12162 187834 187839 12165 255149 12183 12189 
10 : 164323 164330 126052 164317 232896 126060 206997 126068 207009 126056 
10 : 65573 59058 82034 164519 59049 65565 65575 59050 59060 82035 
10 : 164593 164596 81165 47997 225301 81172 48007 81173 48009 47987 
10 : 20766 164696 164693 164697 20771 20767 20773 187984 239195 187986 
10 : 43858 7014 164707 164709 7004 43863 43864 7021 7022 198026 
10 : 164769 14647 164770 4067 14648 170786 4068 14650 4050 4070 
10 : 164777 89306 144893 73847 89322 144911 73863 89302 73835 73842 
10 : 90344 164787 159989 164791 90351 90343 90357 160000 224403 160005 
10 : 164980 164979 61565 163956 250673 61583 163975 61581 163973 61564 
10 : 138388 164988 59699 35569 138391 59695 35565 59702 35575 35555 
10 : 109621 165015 43424 136273 109632 43418 109619 43442 136289 43422 
10 : 79658 110020 165082 165091 79655 79659 79666 110021 110038 167013 
10 : 165125 165121 165117 37525 260601 251900 37555 251896 37547 37542 
10 : 165178 113367 165177 30355 113372 195344 30364 113370 30350 30362 
10 : 165190 165188 165199 47843 169786 182192 47846 169798 47844 47862 
10 : 165247 94864 155162 165246 94879 155174 246431 94863 94875 155171 
10 : 11220 165253 165259 165250 11224 11236 11223 216018 202817 202830 
10 : 165436 103445 165446 165437 103450 222344 222336 103461 103451 231192 
10 : 165520 165525 165532 165523 170045 170049 170039 255278 225375 225383 
10 : 108169 163379 165615 118114 108168 108174 108165 163386 118113 118120 
10 : 1207 165722 93534 165721 1216 1202 1214 93547 227541 93541 
10 : 46471 165834 35276 165837 46478 35262 46482 35284 232173 35288 
10 : 139347 165920 54348 67330 139357 54343 67328 54362 67350 54335 
10 : 165919 165922 165915 19788 257141 179383 19806 179388 19810 19790 
10 : 166213 10876 51048 166202 10897 51071 213527 10869 10881 51054 
10 : 166299 166298 166294 166287 250066 232859 173063 232858 173062 173055 
10 : 166308 166306 166316 101637 196540 215945 101644 196549 101639 101655 
10 : 166327 166325 166336 166328 202245 207398 207390 202258 202246 210906 
10 : 166392 148329 166395 47998 148333 238800 48010 148339 47995 48016 
10 : 163929 121767 166497 166487 121766 163942 163933 121785 121770 191918 
10 : 166488 94753 166493 166495 94758 214415 214418 94766 94769 253668 
10 : 166654 166653 166658 166655 232057 233603 233596 232064 232058 234131 
10 : 166904 56377 99966 166903 56380 99970 169711 56371 56379 99968 
10 : 42902 166975 166978 166980 42904 42911 42912 176804 176807 228773 
10 : 109209 167076 167083 99106 109216 109219 99096 230997 99119 99126 
10 : 42953 167094 21768 103496 42962 21755 42949 21778 103507 21762 
10 : 167130 127378 150657 167126 127398 150679 217091 127373 127388 150671 
10 : 122392 167201 167200 61177 122408 122407 61172 258784 61198 61195 
10 : 167190 167189 167203 71765 190352 207782 71770 190370 71768 71791 
10 : 167197 144578 86715 167193 144593 86730 228968 86714 144587 86726 
10 : 167244 94655 167245 167247 94666 224519 224523 94667 94670 227290 
10 : 167355 167357 10596 167360 176331 10599 176333 10604 215870 10607 
10 : 114115 55275 167386 167390 55269 114120 114122 55282 55285 237538 
10 : 121655 167392 167395 167391 121665 121669 121664 254640 250986 250992 
10 : 167396 167385 126674 167394 234527 126696 261120 126682 234524 126691 
10 : 167479 137975 124008 78693 137992 124022 78705 124006 78688 78684 
10 : 167493 67731 167497 167492 67742 241877 233135 67753 67741 233143 
10 : 167554 121457 79852 167549 121467 79861 180529 79848 121459 79853 
10 : 17421 166815 167628 167633 17420 17422 17436 166816 166832 181828 
10 : 167742 167754 167745 107835 199503 199497 107837 230776 107856 107845 
10 : 167812 6173 167814 167822 6178 209988 209998 6181 6189 220593 
10 : 17695 167834 155838 112775 17712 17693 17690 155855 112797 112774 
10 : 167826 167828 167823 49238 218371 204988 49248 204991 49253 49241 
10 : 81604 12126 168116 54524 12123 81610 54514 12137 12119 54540 
10 : 111364 168139 168144 84098 111367 111371 84093 211730 84103 84111 
10 : 168237 34923 168250 168240 34929 236116 236105 34944 34934 246134 
10 : 93351 14031 168319 168320 14025 93363 93364 14044 14045 262166 
10 : 168316 154294 111388 168318 154309 111400 257373 111386 154311 111402 
10 : 168322 90095 168336 168328 90097 175723 175716 90116 90108 234972 
10 : 168399 168404 129713 168409 207102 129717 207105 129722 232322 129725 
10 : 99673 168897 168892 103384 99681 99676 99668 217697 103404 103389 
10 : 115102 168894 150058 168896 115109 115101 115113 150065 246839 150071 
10 : 146914 168915 168918 107806 146917 146921 107804 218615 107813 107819 
10 : 168964 168965 26922 164476 226678 26931 164487 26932 164488 26921 
10 : 168984 93900 65224 49690 93913 65233 49703 65211 49679 49673 
10 : 169066 94029 169060 169064 94043 189623 242184 94032 94041 189621 
10 : 169352 103497 104519 169356 103499 104522 181621 103489 103511 104533 
10 : 150196 111989 74348 74507 111988 74346 74506 74340 74501 74336 
10 : 65729 16238 169569 120172 16230 65752 65725 16261 16234 120194 
10 : 169554 169570 159753 157645 198900 159756 157651 159780 157676 157644 
10 : 113093 169652 169650 169654 113111 113101 113112 237206 257943 237207 
10 : 169747 169749 169748 140555 247498 247497 140571 262171 140580 140579 
10 : 169859 87071 143014 169867 87076 143018 194483 87070 87094 143034 
10 : 114550 169912 85433 169915 114553 85429 114561 85438 225295 85446 
10 : 170015 170013 170018 29724 206043 237708 29738 206046 29731 29742 
10 : 14897 170115 38881 170112 14910 14888 14903 38899 206254 38886 
10 : 170118 166883 141790 101529 166900 141808 101549 141789 101528 101526 
10 : 154640 170217 170209 170208 154653 154647 154646 239583 238430 238421 
10 : 170220 170227 58286 122313 171075 58287 122314 58300 122328 58279 
10 : 170237 66014 153704 170243 66016 153705 175036 66012 66024 153717 
10 : 170246 170245 69336 31108 247433 69357 31130 69354 31125 31099 
10 : 170297 170301 170299 84242 220837 220832 84253 242094 84269 84256 
10 : 118439 170319 36387 170320 118452 36379 118453 36394 261224 36396 
10 : 67305 170334 170328 23388 67319 67311 23382 236385 23410 23399 
10 : 170396 83373 140245 170399 83380 140256 240710 83369 83386 140264 
10 : 170513 170519 86019 10911 245524 86029 10922 86038 10929 10902 
10 : 170528 170525 170532 170529 221450 242878 242871 221453 221451 244644 
10 : 170586 132937 170584 101259 132950 234855 101279 132944 101254 101272 
10 : 88559 70734 136151 99108 70722 88554 88553 70728 70724 99101 
10 : 170663 53068 4669 92135 53074 4673 92145 4654 53061 4660 
10 : 145335 170704 52223 170706 145346 52221 145349 52240 245652 52244 
10 : 170699 170712 118238 12947 231343 118244 12956 118259 12967 12942 
10 : 170707 170702 20855 170711 239487 20869 254395 20866 239492 20874 
10 : 170971 170965 170976 91028 234514 248865 91051 234520 91042 91058 
10 : 170985 170980 88982 170977 216077 88992 179292 88987 179286 88984 
10 : 171229 171238 171234 171233 200287 200282 200281 243861 242505 242496 
10 : 171316 171314 171315 143481 222123 236534 143496 222120 143489 143491 
10 : 154398 171328 77841 171324 154413 77839 154407 77857 234764 77847 
10 : 171320 171323 19747 171318 184587 19751 180434 19755 180437 19749 
10 : 171356 75401 44218 54826 75422 44237 54847 44208 54816 44206 
10 : 171407 171402 134435 171405 225953 134457 240998 134445 225945 134448 
10 : 171418 171409 171420 171413 174280 257774 225752 174283 174274 225755 
10 : 47177 171428 171425 108420 47187 47183 47172 196181 108431 108425 
10 : 171429 171430 10631 171423 232319 10643 182831 10646 182834 10632 
10 : 171433 171426 166157 140998 203198 166172 141023 166163 141004 140996 
10 : 171613 10755 171606 171603 10772 211524 200748 10762 10757 200738 
10 : 56242 171622 171625 46115 56249 56252 46105 222400 46124 46131 
10 : 171697 171704 22733 171696 241077 22744 212690 22749 212696 22739 
10 : 171728 37759 171730 147303 37767 261851 147318 37769 37754 147321 
10 : 171798 76997 54085 171791 77011 54102 208466 54081 77001 54091 
10 : 95997 78538 171880 90904 78531 96012 90898 78559 78529 90931 
10 : 171914 171915 171923 171912 252145 252153 247290 252502 247293 247303 
10 : 171976 171968 171974 171969 202418 243471 209089 202413 202404 209085 
10 : 147679 61117 17139 167001 61111 17136 147677 17130 61116 17138 
10 : 172067 172070 172072 84546 190777 190781 84549 254871 84568 84573 
10 : 172172 142241 172173 172167 142253 243826 222614 142255 142248 222617 
10 : 172179 172181 172184 57206 188569 188573 57209 229887 57218 57224 
10 : 28983 158880 169299 107446 28981 28982 28979 158879 107442 107445 
10 : 172350 172346 172351 91278 179876 234082 91290 179879 91280 91291 
10 : 172357 172366 172364 37923 201350 201346 37926 258547 37947 37943 
10 : 172434 172437 172436 14530 239250 239249 14543 259585 14553 14550 
10 : 172440 172447 172451 172455 179787 179788 179795 236808 236814 256655 
10 : 172446 40739 172450 145562 40745 232331 145570 40751 40736 145575 
10 : 30455 112971 172464 141362 30448 30469 30451 112987 112969 141382 
10 : 172549 172540 158167 144099 211291 158181 144119 158170 144105 144097 
10 : 28515 172565 130308 38845 28530 28512 28508 130324 38869 38842 
10 : 94617 74604 172722 172724 74598 94618 94623 74606 74611 181727 
10 : 55383 24144 172844 140053 24130 55391 55377 24154 24137 140069 
10 : 39374 172846 95912 172856 39376 39370 39388 95914 184165 95937 
10 : 1686 17580 172862 172864 1679 1694 1697 17586 17589 228082 
10 : 172900 39830 95415 155411 39833 95418 155416 39827 39829 95414 
10 : 172922 29227 12984 172919 29244 13001 243023 12969 29237 12995 
10 : 172935 172930 172926 48215 239379 190522 48228 190515 48224 48216 
10 : 172995 32725 173001 126076 32727 206071 126080 32738 32719 126096 
10 : 173000 172989 172994 70317 184187 204520 70332 184180 70319 70325 
10 : 138609 37811 173109 81194 37809 138618 81192 37826 37802 81210 
10 : 173221 173218 173223 173216 201195 227051 188442 201199 188438 188445 
10 : 173236 173232 18660 173231 227166 18676 225177 18667 225172 18666 
10 : 173324 173318 16392 173319 182237 16401 188291 16393 182225 16394 
10 : 173358 129410 173360 25691 129416 207041 25696 129419 25681 25698 
10 : 173385 173379 173381 173375 220765 230139 184525 220760 184513 184516 
10 : 132156 173480 173473 173479 132166 132158 132164 187687 233146 187684 
10 : 173485 173486 173477 155649 262159 227745 155672 227747 155673 155662 
10 : 68157 173571 173561 173565 68166 68158 68163 183181 236241 183172 
10 : 138389 173613 145463 173618 138393 138385 138397 145469 204887 145476 
10 : 173644 173649 173643 85215 218614 187040 85224 187045 85231 85218 
10 : 63533 160155 173755 173758 63531 63534 63543 160158 160166 188524 
10 : 64177 173856 77048 173857 64188 64173 64189 77059 257177 77063 
10 : 96474 24282 173963 173957 24278 96479 96475 24287 24283 177674 
10 : 174083 174072 174080 39605 195017 231674 39627 195004 39608 39615 
10 : 172381 174220 174224 19597 172383 172394 19596 210507 19602 19618 
10 : 174251 174239 25548 174240 190849 25555 194521 25550 190841 25552 
10 : 66140 52179 174308 72400 52170 66141 66134 52181 52172 72402 
10 : 157729 161967 174330 111158 157727 157732 111155 161969 111156 111165 
10 : 174421 174419 174417 12031 229598 217135 12045 217129 12039 12037 
10 : 108842 174502 174493 174497 108856 108844 108849 191099 232911 191094 
10 : 107423 174599 74714 174615 107426 74710 107437 74720 210216 74733 
10 : 171376 76086 174734 40033 76083 171393 40032 76105 40022 40053 
10 : 174789 174788 6299 174787 207351 6308 207075 6303 207069 6302 
10 : 174814 90215 123026 16079 90228 123043 16096 90210 16066 16070 
10 : 145323 115234 8005 104521 115233 8003 104516 8001 104514 8000 
10 : 175016 175020 98153 175022 190493 98156 190495 98163 232510 98166 
10 : 24589 130701 175033 152546 24581 24598 24584 130711 130697 152560 
10 : 68618 99595 128403 175318 68609 68612 68625 99591 99607 128412 
10 : 175372 138293 175377 175370 138295 215141 189174 138302 138294 189182 
10 : 175437 74508 175436 175430 74520 255948 219972 74519 74513 219971 
10 : 160748 112402 105658 175485 112400 105657 160755 105650 112408 105662 
10 : 47653 127117 175515 175525 47650 47659 47667 127123 127129 210758 
10 : 175591 163382 175596 25037 163388 226188 25041 163395 25033 25049 
10 : 175604 175600 149587 175602 248654 149605 250731 149596 248646 149598 
10 : 175605 167865 18715 175611 167866 18716 175867 18714 167874 18724 
10 : 157630 85491 35456 134694 85490 35454 134693 35445 85487 35451 
10 : 41009 175857 175854 175856 41029 41023 41025 250040 254980 250036 
10 : 169677 113455 140917 108917 113453 140916 108916 113450 108912 108914 
10 : 175935 162827 175933 175934 162836 212974 236772 162829 162832 212968 
10 : 126115 175958 43333 41118 126121 43328 41111 43351 41133 41103 
10 : 167303 175952 175949 127469 167309 167306 127466 217131 127477 127473 
10 : 176046 159639 176045 176040 159644 211332 179182 159643 159640 179181 
10 : 42022 176238 176236 33364 42032 42029 33347 241086 33379 33375 
10 : 176315 176317 176314 176312 264332 257259 237449 257260 237451 237444 
10 : 70821 176337 176336 120763 70833 70831 70818 262116 120785 120779 
10 : 85092 176394 176393 121676 85105 85104 85087 254984 121693 121692 
10 : 176494 145134 176501 176500 145140 214554 214551 145151 145149 255769 
10 : 176521 152044 176524 176520 152052 244973 240786 152059 152051 240799 
10 : 176607 116325 53098 51915 116326 53100 51917 53089 51907 51901 
10 : 176683 176688 116166 176684 208076 116169 208066 116181 223701 116172 
10 : 176734 176736 176738 176745 198399 198400 198406 218232 218238 223446 
10 : 68990 49782 176784 103006 49777 68998 68987 49801 49778 103028 
10 : 176778 176777 176782 176783 183720 229584 229585 183726 183727 254390 
10 : 31158 176821 176822 176826 31161 31163 31166 233350 233356 242644 
10 : 176903 176919 176912 137364 206726 206721 137366 244505 137382 137374 
10 : 176988 176989 176986 153470 257317 251336 153483 251340 153487 153482 
10 : 177070 4795 177064 177066 4807 178819 237959 4796 4801 178813 
10 : 164415 177168 175996 84100 164432 164414 84096 176014 84123 84099 
10 : 114569 177202 177209 37527 114571 114580 37517 190451 37530 37546 
10 : 177434 45943 177440 177435 45950 230742 230738 45958 45951 235692 
10 : 177542 177533 177538 177531 222007 251436 202832 221999 202818 202821 
10 : 2575 177544 177545 177549 2578 2579 2590 189950 189964 190551 
10 : 86761 177632 177625 177628 86774 86764 86768 211760 227829 211747 
10 : 177737 177736 177733 289 226139 193014 306 193010 299 291 
10 : 177762 47227 177775 177774 47232 233654 233653 47248 47247 264612 
10 : 178023 178014 119065 178013 200811 119084 200560 119068 200541 119067 
10 : 178085 178096 178086 178092 207403 207391 207395 215073 252727 215068 
10 : 72770 178110 65355 178117 72772 65345 72787 65358 204508 65376 
10 : 100706 70956 178133 68334 70946 100716 68327 70974 68323 68354 
10 : 77426 178300 178311 148247 77427 77441 77422 185795 148249 148262 
10 : 178320 102010 178325 178318 102024 253459 250599 102027 102023 250605 
10 : 178421 178415 165407 121899 193937 165417 121910 165410 121902 121898 
10 : 178497 90699 53958 178500 90708 53964 231430 53949 90715 53974 
10 : 178615 178606 96294 161608 187819 96313 161635 96295 161609 96292 
10 : 178676 178680 178679 14345 245983 245979 14357 257627 14368 14364 
10 : 178704 102981 178698 172869 102999 243760 172893 102992 102980 172885 
10 : 178791 178793 55645 178784 261848 55660 211300 55662 211301 55650 
10 : 178868 98205 136711 178867 98212 136717 202667 98199 98208 136713 
10 : 178884 178878 165782 178892 199360 165792 234090 165786 199371 165803 
10 : 179050 148102 79312 38706 148122 79331 38723 79307 38702 38698 
10 : 179114 141465 118029 179119 141472 118036 216683 118026 141478 118044 
10 : 179128 179124 42254 179127 257467 42271 262942 42266 257465 42268 
10 : 179134 16500 179140 179138 16502 223783 223777 16513 16508 248024 
10 : 95022 179219 179221 179213 95035 95037 95024 264368 216087 216090 
10 : 97221 179217 6300 112178 97230 6293 97214 6315 112191 6294 
10 : 89333 179248 179238 179243 89344 89335 89340 198386 232511 198384 
10 : 179315 19311 179320 179314 19323 258166 249094 19325 19322 249098 
10 : 179401 179400 95051 172870 190698 95055 172875 95054 172873 95048 
10 : 179475 30737 59725 117983 30740 59730 117985 30731 30733 59721 
10 : 57440 159391 179570 179568 57438 57444 57441 159397 159393 180337 
10 : 78377 139720 26616 6121 78373 26603 6113 26610 6117 6105 
10 : 179674 922 179665 179667 938 221177 224850 928 929 221168 
10 : 179689 32885 179686 179695 32900 226538 245517 32891 32906 226544 
10 : 43859 141338 179915 179910 43855 43869 43861 141352 141341 188158 
10 : 180016 20042 56560 70280 20060 56581 70295 20033 20037 56553 
10 : 113121 180030 143361 12164 113138 113118 12154 143380 12190 12159 
10 : 180189 180197 180192 180196 190165 190158 190164 237866 252651 237865 
10 : 7041 50482 180354 180358 7033 7043 7056 50485 50500 180953 
10 : 180379 180384 180389 180388 223017 223026 223025 242933 242932 261280 
10 : 180557 180566 180556 126078 210172 202743 126081 202754 126093 126079 
10 : 175633 180573 67809 127498 175643 67808 127496 67821 127512 67799 
10 : 180577 180574 156074 155967 256415 156092 155986 156087 155981 155957 
10 : 92694 180741 180740 34133 92700 92698 34124 222516 34145 34141 
10 : 180759 164151 180761 180752 164164 260145 214033 164166 164154 214038 
10 : 180811 180815 180808 149170 210482 183582 149177 183592 149183 149171 
10 : 180827 167701 89485 180823 167714 89501 246705 89479 167710 89493 
10 : 180922 180917 176751 180912 212290 176765 183990 176759 183985 176752 
10 : 141315 181005 180994 181007 141326 141316 141327 187493 259669 187498 
10 : 57723 45944 83626 52812 45935 57715 52800 45937 45934 52801 
10 : 181255 181260 89835 181253 248775 89845 231648 89851 231657 89841 
10 : 35519 181337 181338 181332 35529 35530 35521 261034 204797 204798 
10 : 181415 181408 110683 181402 228099 110709 183022 110696 183008 110684 
10 : 181535 181536 141668 181544 209285 141672 209289 141676 225204 141685 
10 : 18944 118726 58427 181601 18939 18934 18948 58422 118728 58433 
10 : 181606 178973 181600 181609 178986 204321 244616 178976 178987 204326 
10 : 163306 35741 181692 39310 35739 163312 39306 35745 35724 39320 
10 : 172267 181703 83880 181701 172270 83879 172269 83883 194738 83881 
10 : 181749 181742 36129 29881 185759 36149 29900 36130 29883 29864 
10 : 161911 181758 181750 40196 161930 161915 40192 193021 40210 40198 
10 : 181767 181779 181773 181776 224608 224597 224605 245951 260931 245946 
10 : 181870 181885 626 181887 199505 628 199510 639 262697 642 
10 : 80611 181924 181922 181916 80628 80626 80620 258630 247084 247082 
10 : 181945 181947 3909 153489 232011 3917 153498 3919 153500 3906 
10 : 123385 182006 68535 182000 123398 68528 123388 68551 198686 68537 
10 : 105215 138647 181278 182021 105212 105214 105222 138646 138653 181284 
10 : 84616 182086 17458 77323 84622 17446 77308 17466 77332 17445 
10 : 182270 121359 77324 182271 121368 77329 247637 77312 121371 77334 
10 : 182444 182447 16198 182446 226166 16210 226164 16214 227489 16213 
10 : 161770 181294 125712 182543 161769 125708 161779 125711 181307 125722 
10 : 182547 182560 182559 51360 204681 204680 51365 265349 51388 51387 
10 : 182557 182558 182554 182556 265046 255023 261305 255024 261306 255021 
10 : 175772 131499 47373 182612 131498 47372 175782 47368 131507 47386 
10 : 182708 46739 182707 178448 46751 211343 178458 46745 46738 178452 
10 : 182732 182740 116327 82307 203101 116330 82309 116345 82323 82300 
10 : 141651 182795 182802 79200 141654 141659 79198 217724 79205 79216 
10 : 182801 182796 182804 182806 229009 252061 252065 229013 229017 261133 
10 : 182814 182811 182812 106680 235531 235970 106693 235528 106690 106691 
10 : 182873 182871 111713 182868 252609 111733 237406 111726 237399 111721 
10 : 182938 182939 96909 176074 188941 96912 176076 96913 176078 96907 
10 : 182963 164812 182952 182965 164839 214525 265251 164818 164840 214526 
10 : 183028 166588 183026 183029 166595 187682 224426 166589 166597 187683 
10 : 158231 126708 183083 58289 126701 158248 58283 126723 58280 58308 
10 : 88121 183190 183195 183187 88125 88128 88122 218751 183565 183574 
10 : 51296 115858 126764 93380 51289 51292 51287 115853 93371 93372 
10 : 37282 183265 129733 183269 37285 37277 37293 129738 207631 129745 
10 : 142172 160635 162010 51676 142169 142170 51667 160631 51671 51672 
10 : 183354 3036 140796 183353 3051 140814 264134 3029 3049 140812 
10 : 6361 33934 183424 183430 6351 6367 6374 33939 33950 230537 
10 : 21914 183437 183433 108919 21919 21915 21910 202155 108928 108922 
10 : 183620 183625 183630 183623 201454 201458 201453 252618 249607 249619 
10 : 177776 120091 183692 183691 120090 177780 177779 120098 120097 212511 
10 : 183719 183723 183721 134218 228672 228671 134227 234046 134231 134229 
10 : 183833 183834 140918 183828 247107 140928 201766 140929 201767 140922 
10 : 183951 183950 183955 183952 202338 230394 230388 202346 202340 240583 
10 : 183962 183958 172414 28794 185805 172426 28806 172415 28795 28790 
10 : 90456 7652 183970 183975 7646 90457 90463 7653 7657 205290 
10 : 53178 184048 184054 184053 53181 53190 53189 217137 217136 257203 
10 : 167645 184082 184081 184073 167660 167659 167648 261720 196592 196589 
10 : 184089 91696 184090 55856 91701 234427 55862 91702 55842 55863 
10 : 184091 118332 124624 93418 118343 124637 93429 118326 93406 93407 
10 : 184143 184145 87105 118030 251116 87116 118043 87118 118046 87099 
10 : 110126 184231 184230 184234 110139 110134 110142 241459 254266 241464 
10 : 171470 184318 148361 184311 171480 148359 171475 148376 202290 148365 
10 : 32459 184445 49104 184439 32470 32448 32467 49122 241413 49113 
10 : 184473 184472 136591 184471 233751 136604 227426 136603 227424 136601 
10 : 33149 43881 176831 80016 33141 33148 33143 43880 43874 80015 
10 : 107403 184507 184504 87257 107411 107407 87251 222229 87266 87259 
10 : 72650 184577 184572 111313 72657 72651 72644 200999 111324 111316 
10 : 12951 77844 66490 184592 12941 12940 12961 66477 77855 66505 
10 : 15030 184659 184657 184645 15045 15043 15035 263287 216576 216572 
10 : 184727 11255 184721 163073 11274 216408 163095 11257 11251 163077 
10 : 184735 127224 11084 184734 127237 11098 256398 11080 127235 11095 
10 : 184798 15889 83600 59615 15897 83613 59632 15881 15875 59600 
10 : 67706 184801 2494 29269 67711 2478 29253 2501 29279 2474 
10 : 98246 184803 31386 184802 98256 31375 98251 31397 228545 31393 
10 : 82160 152407 139187 184885 82158 82157 82165 139183 152411 139190 
10 : 184986 184980 116739 184985 189426 116758 253895 116741 189424 116753 
10 : 162575 167135 185006 185001 162573 162595 162580 167151 167139 222020 
10 : 185067 185070 185071 185065 252578 252579 252029 263391 252036 252038 
10 : 2706 78280 185235 26747 2699 2710 2695 78285 26733 26750 
10 : 185320 185322 185325 113393 240143 240145 113401 243104 113403 113410 
10 : 185341 39535 185339 185335 39549 257178 210679 39546 39540 210675 
10 : 107285 172008 185399 104147 107282 107293 104138 172016 104143 104162 
10 : 118297 185405 86248 185404 118300 86241 118299 86253 232571 86251 
10 : 185411 118604 185413 115046 118608 201480 115050 118614 115038 115055 
10 : 131335 185488 131853 185489 131339 131329 131340 131866 246155 131867 
10 : 185568 90397 185569 185571 90408 247395 247397 90411 90414 253090 
10 : 68646 30792 153058 98031 30783 68642 68634 30789 30785 98025 
10 : 185681 67153 91123 185682 67158 91132 240459 67142 67159 91133 
10 : 185729 104469 185737 185735 104471 196709 196708 104486 104484 263145 
10 : 185747 185739 146842 185740 207467 146857 214434 146844 207450 146846 
10 : 185832 185831 185824 185825 252015 209243 214670 209239 214666 209231 
10 : 55069 87599 133943 113662 55058 55063 55061 87592 87585 113653 
10 : 76540 154622 186104 186109 76537 76548 76552 154631 154636 251054 
10 : 50463 67842 117415 123622 50454 50457 50458 67831 67832 117404 
10 : 186372 186362 186366 151004 213392 251865 151026 213380 151009 151016 
10 : 60104 168827 186429 114920 60100 60113 60097 168840 114915 114938 
10 : 186432 136592 75813 186431 136602 75819 216485 75806 136599 75816 
10 : 52311 186441 165207 186445 52316 52309 52320 165218 227361 165221 
10 : 72543 186438 186440 186450 72544 72547 72557 196821 196829 215133 
10 : 16473 122653 137979 67868 16468 16471 16465 122649 67860 67865 
10 : 186552 147458 186555 186548 147466 238214 232188 147469 147463 232191 
10 : 23608 92590 186782 186787 23604 23609 23618 92592 92600 195584 
10 : 186788 186792 90122 186793 257861 90145 257866 90148 263392 90153 
10 : 56500 162601 186834 186833 56498 56510 56509 162616 162614 242517 
10 : 186839 186845 186843 96268 204132 204130 96270 256351 96281 96278 
10 : 71549 186913 108256 122259 71553 71543 71545 108265 122274 108255 
10 : 186925 186928 186929 186923 245727 245730 245658 263197 245664 245666 
10 : 186962 186961 113272 186956 259210 113284 246126 113283 246125 113281 
10 : 187007 187009 187006 185123 216001 204136 185130 204142 185136 185128 
10 : 177105 187032 187026 111314 177114 177108 111312 215832 111329 111318 
10 : 81806 187110 171852 187102 81821 81802 81809 171870 215837 171855 
10 : 187162 187170 144607 187164 206512 144610 206507 144616 217263 144611 
10 : 187255 36885 150475 187249 36899 150495 226079 36879 36895 150488 
10 : 187257 187247 121484 187258 220771 121504 263049 121494 220772 121505 
10 : 187262 96102 174269 104670 96105 174275 104678 96097 96092 104668 
10 : 5096 187341 12128 187346 5103 5084 5108 12138 252358 12143 
10 : 187347 187348 187340 164940 265353 251094 164959 251095 164961 164951 
10 : 169283 187350 187352 187366 169284 169288 169298 188328 188337 217203 
10 : 187436 187439 31420 187435 246655 31433 242516 31436 242519 31432 
10 : 142219 45105 187448 187462 45100 142222 142234 45107 45120 210229 
10 : 187529 87074 187533 187530 87082 241269 241261 87092 87085 248903 
10 : 185600 187703 168254 91887 185607 168253 91886 168264 91901 91884 
10 : 187708 187715 187712 187711 206226 206223 206222 237347 233569 233564 
10 : 187767 183324 187764 22945 183332 242087 22957 183330 22943 22955 
10 : 187803 105033 187794 187801 105058 195274 264421 105034 105053 195271 
10 : 187876 187866 69869 187871 196382 69884 245624 69871 196374 69878 
10 : 58995 124369 187898 187890 58987 59009 58997 124384 124373 216466 
10 : 187958 187968 187961 93267 195559 195551 93268 245623 93290 93279 
10 : 12987 111053 74371 187996 12975 12973 12991 74362 111056 74374 
10 : 72123 27275 188029 188030 27266 72124 72126 27278 27279 201759 
10 : 188040 188041 188043 115660 215733 215743 115667 216388 115668 115673 
10 : 188055 188050 188057 188049 210757 252868 190270 210759 190258 190272 
10 : 188122 188123 38814 16724 256756 38830 16745 38832 16746 16713 
10 : 22121 188217 188213 1654 22128 22125 1644 197732 1666 1657 
10 : 188226 188225 188229 125933 212096 224698 125937 212104 125935 125947 
10 : 188248 73069 67578 188239 73084 67594 221816 67566 73076 67582 
10 : 188322 166034 74745 188317 166044 74761 206180 74743 166035 74751 
10 : 94339 4831 188326 127119 4822 94340 94333 4832 4824 127120 
10 : 188381 14799 188377 117802 14813 195334 117813 14801 14789 117804 
10 : 188384 142129 188386 188380 142148 258541 246992 142152 142145 246996 
10 : 16815 188548 188558 35307 16816 16823 16803 195906 35308 35322 
10 : 188718 115087 188715 90621 115098 252352 90635 115092 90615 90628 
10 : 188733 188735 188728 188737 250929 229008 250931 229010 254256 229012 
10 : 103165 188938 188932 87921 103175 103168 87912 208594 87942 87926 
10 : 61804 72015 189025 85495 61793 61806 61795 72018 72007 85497 
10 : 20794 189035 66223 36469 20808 20783 20782 66236 36485 36456 
10 : 189266 189257 56691 100502 233100 56713 100527 56698 100512 56683 
10 : 56349 189291 67603 189295 56356 56340 56367 67614 241891 67625 
10 : 186430 70558 189483 13129 70556 186435 13128 70568 13120 13138 
10 : 189481 189485 99626 155765 196079 99629 155766 99641 155779 99621 
10 : 189512 189513 180852 189498 263722 180866 198132 180867 198134 180853 
10 : 189521 123029 34091 189525 123042 34100 245238 34082 123046 34108 
10 : 100411 189581 126181 189583 100416 100404 100418 126186 231636 126187 
10 : 189580 33258 156549 189578 33261 156553 201895 33254 33259 156551 
10 : 189676 130964 4864 36131 130975 4874 36142 4856 36122 4849 
10 : 189741 189745 9559 188183 247237 9569 188200 9575 188205 9557 
10 : 48944 185525 178540 189878 48943 48942 48956 178539 185541 178557 
10 : 98567 45200 64823 189926 45195 64813 98574 45193 45207 64833 
10 : 188392 174357 189921 4411 174356 188394 4410 174359 4408 4412 
10 : 25746 102488 190049 27092 25742 25765 25739 102500 27079 27113 
10 : 190093 190086 190095 165875 229263 258515 165897 229266 165889 165900 
10 : 28729 142089 190152 127156 28726 28734 28724 142100 127153 127169 
10 : 46246 190215 190220 141912 46247 46256 46238 192126 141913 141925 
10 : 47903 190218 153981 190223 47905 47898 47913 153984 210545 153990 
10 : 190224 130192 140980 190216 130207 140990 193798 130188 130193 140982 
10 : 10678 110791 190315 149722 10673 10689 10676 110803 110789 149740 
10 : 190498 190505 32174 190494 248883 32186 233038 32191 233044 32183 
10 : 181852 190753 190745 114088 181867 181859 114086 236376 114106 114094 
10 : 190909 190916 18842 133197 197042 18843 133200 18851 133207 18833 
10 : 188363 91435 52924 116703 91434 52923 116702 52909 91431 52914 
10 : 191067 18535 133198 54644 18543 133208 54654 18526 18521 54633 
10 : 191132 169017 179888 191135 169023 179894 223143 169016 169026 179896 
10 : 191180 191168 191182 191171 234805 265342 241619 234806 234796 241620 
10 : 191232 4633 111287 191227 4644 111293 214798 4624 4637 111288 
10 : 191234 191230 186293 105279 226479 186310 105298 186299 105283 105278 
10 : 191259 191248 191260 191251 210652 264639 235186 210653 210645 235187 
10 : 191331 191334 191329 191332 239116 228245 239114 228249 249169 228246 
10 : 120076 191341 155716 191338 120083 120073 120078 155733 240180 155724 
10 : 191350 108634 191348 99876 108639 205102 99884 108637 99867 99880 
10 : 191358 191347 191353 191357 200475 242502 259413 200463 200471 242501 
10 : 191447 83556 191443 191441 83567 232278 224656 83563 83562 224652 
10 : 191533 191539 140768 191537 254511 140777 254508 140784 261664 140780 
10 : 191542 191540 191549 90324 202951 221469 90331 202961 90327 90339 
10 : 41376 185748 168942 11997 41373 41371 11978 168941 11995 11992 
10 : 191726 191731 110172 121678 229430 110181 121684 110188 121690 110167 
10 : 191774 181783 189720 191775 181789 189729 257906 181782 181790 189730 
10 : 178394 53101 191790 160673 53099 178412 160668 53115 53094 160692 
10 : 191824 30127 7377 191828 30138 7390 262617 7366 30144 7393 
10 : 174786 191866 191859 191862 174798 174792 174795 252552 261504 252546 
10 : 184512 154136 145274 191880 154134 145271 184529 145265 154149 145283 
10 : 188419 168555 160861 191924 168553 160858 188431 160853 168569 160879 
10 : 26073 191927 161052 49547 26078 26070 26065 161056 49551 49541 
10 : 191974 165040 31826 191966 165059 31848 241668 31821 165050 31837 
10 : 192002 133373 192003 191999 133382 263342 245045 133384 133380 245047 
10 : 192087 192085 61692 78542 239814 61702 78556 61699 78549 61677 
10 : 192233 172942 1962 12989 172945 1965 12992 1960 12985 1943 
10 : 119174 192249 192252 50938 119183 119186 50932 253869 50948 50952 
10 : 11548 26252 192269 192260 11533 11562 11553 26269 26257 217274 
10 : 86272 25692 22061 166432 25678 22052 86269 22046 25690 22059 
10 : 192329 139228 192330 191899 139240 257464 191912 139244 139227 191916 
10 : 192353 192351 192352 192357 229204 230527 235735 229202 229207 230533 
10 : 159192 184922 151492 192365 159190 151487 159200 151491 184932 151502 
10 : 37261 66324 192425 162088 37252 37265 37257 66332 66321 162095 
10 : 74577 192523 192524 192517 74591 74595 74582 259192 225976 225981 
10 : 40430 25189 192584 192572 25178 40441 40432 25207 25192 206332 
10 : 192571 12298 192573 180707 12300 200703 180709 12301 12296 180715 
10 : 192604 124900 180522 192611 124905 180531 225146 124897 124910 180535 
10 : 174341 125796 192676 109679 125793 174351 109676 125807 109669 109700 
10 : 162438 192684 192682 186062 162451 162445 162437 254588 186078 186073 
10 : 192680 132966 192677 192683 132975 199528 245769 132968 132981 199532 
10 : 192694 4799 192697 192701 4806 254955 254960 4808 4811 260811 
10 : 192765 192762 192760 192759 234686 217862 210608 217861 210606 210601 
10 : 192775 192782 48997 10170 209072 49005 10173 49016 10187 10153 
10 : 68308 105335 192787 173077 68302 68307 68306 105334 105333 173076 
10 : 192942 192943 192941 116329 245741 219804 116337 219805 116338 116333 
10 : 138694 193119 170790 177495 138696 138690 138691 170794 177498 170787 
10 : 193122 92205 173925 89735 92217 173931 89744 92200 89724 89732 
10 : 193140 54062 193141 178063 54067 221383 178068 54070 54061 178072 
10 : 193206 193204 193202 3104 231185 197515 3118 197511 3109 3106 
10 : 184178 172027 193213 95183 172025 184183 95182 172031 95180 95188 
10 : 79410 193302 193303 193299 79426 79428 79424 261899 256158 256159 
10 : 193310 193315 99878 193305 235937 99886 203767 99892 203778 99879 
10 : 88774 193347 193335 193339 88788 88779 88781 216839 244645 216831 
10 : 193348 193342 138343 180708 252949 138360 180726 138357 180721 138342 
10 : 89035 193400 180500 147722 89042 89030 89028 180513 147732 147720 
10 : 121836 172417 27709 193396 121832 27701 121837 27705 172419 27711 
10 : 70652 193487 137627 193484 70666 70650 70660 137645 256862 137638 
10 : 193489 73699 193496 63141 73704 214617 63144 73723 63128 63158 
10 : 193557 193559 193555 128621 236023 203821 128627 203824 128633 128623 
10 : 193837 56130 193840 97429 56145 254759 97444 56146 56119 97446 
10 : 46906 193898 193895 107482 46921 46918 46897 261571 107496 107493 
10 : 26418 194059 112778 194051 26432 26408 26420 112801 208938 112781 
10 : 194143 194138 139505 116549 244381 139524 116568 139515 116559 116544 
10 : 194152 73700 153357 194155 73718 153376 259726 73697 73725 153382 
10 : 194218 194225 162395 194221 197805 162397 197800 162412 231067 162399 
10 : 133355 86111 51249 166411 86106 51242 133351 51240 86108 51245 
10 : 14586 194241 25190 73584 14595 14574 14579 25200 73594 25180 
10 : 98538 194395 194396 194397 98543 98545 98546 250270 250271 257399 
10 : 194419 194418 45792 194414 259482 45807 230984 45806 230983 45796 
10 : 75613 194536 194538 194541 75621 75623 75627 234523 234528 250993 
10 : 61721 93491 15891 194544 61712 15876 61728 15883 93496 15892 
10 : 95240 188990 184195 59618 95239 95236 59603 184194 59617 59614 
10 : 155328 83096 49105 6766 83093 49101 6761 49096 6751 6747 
10 : 194685 194680 67988 7413 236870 67999 7424 67992 7419 7400 
10 : 194724 232 194728 78626 235 221708 78635 239 225 78643 
10 : 164874 128942 18782 140121 128935 18779 140115 18774 128933 18777 
10 : 194757 194756 190010 194361 261897 190030 194383 190029 194381 190009 
10 : 158153 194762 194769 194761 158157 158163 158156 246725 235418 235424 
10 : 194780 194781 190508 194786 261925 190526 261929 190527 262442 190531 
10 : 194848 194850 194849 193007 257371 257367 193017 258811 193022 193019 
10 : 20796 24612 194876 194873 20780 20807 20801 24628 24622 253125 
10 : 195034 195031 186139 195041 255971 186151 262321 186149 255975 186158 
10 : 28234 171814 195104 195105 28228 28237 28239 171817 171818 200882 
10 : 139188 195207 57639 73408 139204 57629 73401 57656 73426 57623 
10 : 195219 195209 64788 195211 224713 64809 229077 64794 224702 64796 
10 : 195282 195283 158827 105659 255338 158837 105670 158847 105678 105656 
10 : 195464 144688 179261 195461 144701 179279 232869 144684 144692 179267 
10 : 195537 195532 195531 1998 216155 205135 2008 205127 2000 1999 
10 : 18946 168179 93015 195596 18942 18936 18953 93010 168183 93021 
10 : 11633 195616 195618 195619 11635 11636 11637 204975 204976 206735 
10 : 195693 195691 195688 170176 257398 225240 170194 225236 170191 170182 
10 : 195696 139152 1342 104640 139155 1344 104644 1335 104634 1331 
10 : 92473 58429 44797 195710 58418 44783 92481 44782 58440 44811 
10 : 3968 187744 195853 171543 3967 3969 3966 187747 171542 171545 
10 : 100566 195954 195958 104371 100574 100576 100558 229946 104382 104385 
10 : 185869 196031 159097 196034 185880 159096 185882 159105 254796 159110 
10 : 196209 80900 155554 58464 80915 155573 58487 80894 58451 58459 
10 : 122885 161797 112017 112069 122879 112004 112059 112009 112063 112003 
10 : 196509 43699 196512 196504 43705 249909 206913 43711 43700 206919 
10 : 83414 196525 196517 173079 83422 83418 83410 236469 173088 173084 
10 : 196527 196515 196524 99373 214776 255183 99393 214770 99374 99384 
10 : 42957 196532 196529 108769 42967 42961 42950 204169 108782 108775 
10 : 15858 196626 196622 162495 15869 15865 15856 254812 162514 162508 
10 : 196675 196677 128646 90910 228336 128649 90918 128654 90921 90900 
10 : 196679 196674 181465 196680 199363 181475 243056 181468 199369 181481 
10 : 196694 54243 34377 151007 54257 34393 151022 34363 54234 34374 
10 : 23516 196704 89866 88586 23531 23511 23510 89874 88603 88578 
10 : 196715 196714 192136 196731 208014 192140 210082 192139 208030 192154 
10 : 132341 196797 176640 196790 132349 132337 132343 176655 225032 176647 
10 : 95622 196853 145491 196850 95624 95615 95623 145502 235137 145495 
10 : 196965 196969 178396 196967 230183 178399 230176 178409 236729 178400 
10 : 49360 108717 197018 177328 49351 49362 49356 108719 108716 177334 
10 : 96028 197090 175651 197089 96039 96024 96038 175666 248581 175665 
10 : 197174 58714 197175 197182 58718 227095 227103 58719 58730 236561 
10 : 197188 197191 42391 197185 234961 42396 214359 42405 214367 42394 
10 : 197221 197215 197213 96818 253664 251763 96831 251756 96827 96826 
10 : 197293 129999 179945 197294 130014 179963 258543 129997 130015 179964 
10 : 197364 132439 197370 197360 132446 256478 231918 132452 132443 231924 
10 : 197382 75540 17393 197372 75554 17406 205279 17381 75542 17394 
10 : 58375 197537 197535 197536 58386 58381 58385 251432 255987 251431 
10 : 197619 197618 197616 197620 212067 204313 214833 204312 212068 204314 
10 : 80385 197774 197779 197777 80394 80399 80397 243679 243675 254016 
10 : 197791 164176 123506 197793 164187 123518 249198 123500 164188 123519 
10 : 149660 197842 197846 40338 149661 149670 40333 207860 40341 40355 
10 : 97002 197872 164813 164265 97013 97001 97000 164834 164282 164261 
10 : 65040 197879 197882 175464 65043 65047 65037 221362 175470 175471 
10 : 135990 130355 139861 197933 130347 135983 135993 130348 130360 139867 
10 : 138982 42997 197949 197948 42984 138993 138992 43008 43006 254593 
10 : 183053 197632 124902 197945 183052 124899 183060 124901 197637 124907 
10 : 188563 133580 125573 187932 133578 125572 187930 125564 133576 125570 
10 : 197996 197995 197999 197991 257113 258234 209150 257117 209148 209153 
10 : 150758 198017 39278 198020 150766 39276 150771 39291 250980 39292 
10 : 198094 116742 32604 198102 116743 32605 203025 32596 116759 32622 
10 : 64760 198215 110690 85221 64761 64751 64748 110692 85222 85209 
10 : 198217 198225 177515 198221 226119 177521 226114 177530 250677 177525 
10 : 198283 194013 79580 198277 194029 79596 245580 79579 194018 79586 
10 : 198314 166241 104150 156077 166252 104163 156088 104142 156070 104141 
10 : 148430 27869 56960 108770 27862 56952 108757 27857 27860 56950 
10 : 198689 198692 198691 198695 220959 220957 220963 228737 240130 228741 
10 : 26367 102700 27535 117081 26356 26353 26357 27523 102690 27526 
10 : 198722 56470 190588 198713 56486 190608 245322 56469 56478 190600 
10 : 198785 166015 188091 198790 166017 188094 217775 166012 166026 188105 
10 : 104848 157903 156826 198793 104845 104844 104855 156823 157910 156830 
10 : 198925 172125 198924 12821 172144 257390 12845 172139 12816 12836 
10 : 36081 152117 199004 198999 36078 36092 36085 152133 152122 220074 
10 : 199070 39028 121812 199073 39047 121825 264016 39026 39051 121828 
10 : 108887 199081 199074 199080 108905 108894 108903 226143 256447 226142 
10 : 39139 119510 199145 199149 39134 39148 39151 119519 119526 244684 
10 : 199159 159642 199152 199154 159655 241602 250049 159647 159649 241596 
10 : 199221 199214 199217 198584 212228 234516 198602 212221 198585 198591 
10 : 194496 87372 199268 81002 87371 194507 81000 87378 80990 81018 
10 : 136004 199388 162763 199381 136018 136002 136011 162776 223261 162767 
10 : 199390 66549 177952 199380 66559 177964 208393 66548 66552 177954 
10 : 186275 199542 199555 199543 186277 186291 186278 212743 212729 219614 
10 : 120122 155633 179603 192546 120113 120119 120121 155628 155632 179601 
10 : 181953 199560 199562 1510 181955 181957 1509 211135 1514 1519 
10 : 98959 74717 199655 199654 74708 98974 98973 74729 74728 261000 
10 : 8907 199728 87136 199735 8908 8897 8918 87137 204149 87147 
10 : 199772 199771 199773 107838 248848 253208 107851 248849 107850 107852 
10 : 187367 199777 136924 199782 187370 136922 187379 136931 217187 136940 
10 : 71356 5984 81061 194898 5976 71345 71355 5978 5982 81060 
10 : 199874 80761 162877 68951 80781 162892 68971 80757 68939 68946 
10 : 199940 176757 199938 199949 176760 207800 213458 176758 176770 207812 
10 : 200001 166690 199998 200004 166698 226033 239312 166695 166705 226041 
10 : 200002 199993 199996 200003 209880 222801 246147 209873 209881 222802 
10 : 200017 95717 200021 200013 95727 247285 215815 95730 95719 215818 
10 : 69983 200059 200060 200061 69989 69990 69993 219842 219844 228009 
10 : 200103 200105 200100 78129 232438 203265 78135 203269 78138 78130 
10 : 138714 199494 177330 127262 138713 138710 127255 177329 127260 127258 
10 : 9682 200157 1401 180436 9685 1383 9678 1407 180440 1395 
10 : 193098 59464 200211 183002 59462 193104 183001 59467 59457 183007 
10 : 200218 194936 200219 189551 194944 256942 189563 194947 189548 189566 
10 : 200226 200228 188163 15287 264062 188177 15304 188179 15307 15285 
10 : 200379 200387 200380 200384 232885 232880 232882 234012 245697 234009 
10 : 71720 190174 199673 196418 71715 71719 71718 190173 190172 196417 
10 : 1456 200514 200511 200513 1464 1458 1459 214984 218623 214977 
10 : 19083 118786 64397 200831 19079 19075 19088 64390 118794 64407 
10 : 107107 146176 200902 200905 107102 107115 107125 146184 146190 241344 
10 : 129482 200926 7522 200917 129493 7516 129485 7536 207941 7525 
10 : 200942 117302 185377 200940 117313 185391 255921 117298 117312 185386 
10 : 201083 153550 201082 201077 153563 246981 221040 153559 153554 221034 
10 : 201166 201168 153983 201163 259872 153992 246001 153994 246003 153988 
10 : 91828 96678 150479 121252 91815 91823 91821 96675 96672 121245 
10 : 201297 201292 201289 170820 235564 202115 170839 202111 170831 170821 
10 : 41886 187970 201305 112407 41885 41891 41882 187972 112404 112416 
10 : 201331 88844 201335 187057 88855 262364 187076 88858 88840 187080 
10 : 4520 201383 201378 201382 4531 4521 4530 215694 254165 215693 
10 : 78746 201397 201398 33682 78753 78755 33668 260226 33689 33691 
10 : 51788 201457 188164 83001 51797 51782 51773 188181 83012 82995 
10 : 201465 76917 201462 201469 76926 246563 254042 76922 76934 246569 
10 : 201553 201560 172029 189270 224101 172030 189274 172038 189283 172026 
10 : 201612 127157 201619 120035 127158 201963 120036 127171 120028 120053 
10 : 99051 61693 201633 201638 61680 99057 99069 61698 61707 237352 
10 : 192704 201637 141131 168258 192719 141129 168257 141145 168272 141128 
10 : 52558 201712 201709 76337 52564 52561 52548 231650 76345 76341 
10 : 201722 82676 140142 13563 82678 140148 13568 82670 13546 13552 
10 : 3211 201863 54796 201865 3213 3204 3218 54801 220308 54807 
10 : 64503 149215 201872 201877 64500 64504 64514 149217 149224 217601 
10 : 201919 187468 174451 175182 187476 174462 175193 174449 175179 174446 
10 : 201928 200310 40460 172470 200320 40467 172479 40459 172469 40452 
10 : 78354 44923 201986 201990 44913 78356 78363 44934 44941 251599 
10 : 136883 197383 201999 138869 136882 136891 136877 197392 138868 138883 
10 : 202063 202066 17039 202070 207188 17040 207192 17045 227624 17048 
10 : 202074 202069 40339 202065 245606 40359 225094 40351 225088 40344 
10 : 202151 202145 202142 84144 259977 222855 84165 222850 84155 84149 
10 : 202216 202209 202214 164941 216812 262270 164960 216808 164944 164955 
10 : 202307 103907 202310 202308 103909 217123 217121 103913 103910 221408 
10 : 202374 34692 202376 202373 34703 261614 260315 34707 34701 260319 
10 : 142057 167137 155458 39610 142054 142051 39597 155456 39604 39599 
10 : 202473 193786 96421 202481 193787 96422 212899 96419 193800 96435 
10 : 202492 202489 98778 187219 251526 98791 187234 98787 187230 98776 
10 : 1761 202533 202532 140589 1771 1770 1757 257066 140607 140605 
10 : 202550 67336 111715 19793 67337 111717 19795 67324 19773 19781 
10 : 202559 146587 202553 202554 146600 235483 237407 146591 146592 235473 
10 : 202563 202562 129785 202569 229455 129796 248296 129789 229460 129802 
10 : 202632 119272 169198 132342 119281 169210 132353 119267 119264 132335 
10 : 193423 76313 153783 202700 76311 153781 193431 76305 76318 153792 
10 : 202702 68368 183561 202706 68376 183572 253344 68364 68378 183576 
10 : 52482 3038 62868 167424 3023 52467 52476 3024 3034 62864 
10 : 57825 202783 202791 202794 57829 57835 57840 223858 223861 259146 
10 : 202152 202806 96680 123747 202160 96679 123746 96697 123764 96673 
10 : 202802 202803 108923 202798 249709 108929 212303 108930 212304 108925 
10 : 186563 202963 178921 183004 186566 178916 182998 178923 183006 178914 
10 : 202998 129129 166713 202992 129146 166730 204867 129122 129130 166715 
10 : 193576 203005 189681 176532 193587 189678 176531 189698 176544 176527 
10 : 203010 35520 203012 21646 35524 248815 21655 35527 21628 21661 
10 : 203075 203080 167870 111030 211614 167871 111032 167875 111037 111023 
10 : 135537 113348 110548 203299 113339 110545 135546 110542 113355 110559 
10 : 159378 203296 139292 195998 159379 139288 159376 139294 196000 139291 
10 : 103987 160161 203451 203448 103982 103994 103988 160171 160163 209083 
10 : 203460 203464 24435 203457 245829 24443 220782 24448 220788 24437 
10 : 203600 203597 203605 203599 258947 264245 262518 258951 258945 262520 
10 : 186829 203724 68674 203717 186836 68673 186832 68691 236985 68680 
10 : 194788 173728 203725 203715 173726 194798 194790 173743 173734 225026 
10 : 203794 203800 203795 178561 218918 218904 178564 223821 178580 178566 
10 : 203955 183304 38856 194281 183305 38857 194284 38849 183302 38853 
10 : 203990 179872 203986 203988 179884 242592 254209 179881 179883 242588 
10 : 204065 189821 172327 176861 189822 172330 176863 172324 176858 172321 
10 : 204101 191286 204105 204096 191296 236380 211750 191300 191287 211756 
10 : 204231 158707 99508 117643 158711 99510 117645 99502 117639 99499 
10 : 169770 143775 204346 61827 143769 169778 61822 143782 61819 61837 
10 : 97003 204412 155515 204405 97011 96998 97004 155527 209733 155517 
10 : 164708 96870 126055 140707 96865 126053 140702 96859 96862 126049 
10 : 118770 204424 204426 140562 118771 118773 118763 206719 140563 140565 
10 : 93608 204558 27837 204561 93615 27826 93621 27849 257026 27855 
10 : 204552 151152 204554 204553 151154 209551 209550 151159 151158 221239 
10 : 204598 78407 150270 204589 78428 150290 251601 78399 78420 150280 
10 : 134015 23489 204601 31422 23481 134017 31412 23492 23472 31424 
10 : 204645 204639 204652 204651 220727 258525 258524 220732 220731 264357 
10 : 84746 35177 88717 204736 35162 84743 84756 35163 35188 88739 
10 : 204815 204814 204816 201506 234633 238213 201515 234635 201513 201519 
10 : 62583 54177 204836 204841 54166 62584 62593 54178 54192 210952 
10 : 16938 110257 204980 196656 16927 16943 16934 110264 110253 196667 
10 : 190979 205058 205056 54530 190990 190987 54528 246195 54539 54538 
10 : 99052 177480 168259 54988 99044 99043 54971 168251 54982 54980 
10 : 48173 182250 9246 142452 48172 9232 48171 9244 142451 9239 
10 : 67531 109360 190934 193278 67521 67528 67530 109356 109357 190931 
10 : 65164 50210 30830 205413 50204 30817 65177 30815 50225 30840 
10 : 32782 162066 205499 205490 32778 32796 32790 162076 162071 247742 
10 : 52341 3713 205595 205604 3698 52346 52354 3714 3724 223762 
10 : 205640 31647 205642 205639 31657 258344 243120 31659 31652 243124 
10 : 124878 56804 183892 205697 56798 124875 124879 56801 56805 183894 
10 : 205713 205722 205718 205715 213985 213979 213977 247410 237509 237499 
10 : 205818 205823 205825 205816 255791 255793 246210 261996 246213 246215 
10 : 16691 146202 170056 205952 16687 16689 16698 146199 146212 170064 
10 : 205957 126228 87515 174662 126231 87521 174667 87504 126226 87513 
10 : 176260 93877 205980 205973 93872 176266 176262 93886 93879 209008 
10 : 156124 28238 206033 153181 28224 156125 153167 28240 28223 153184 
10 : 206191 206184 138205 112657 212811 138222 112675 138206 112659 112653 
10 : 194471 206262 76177 69062 194477 76172 69060 76184 69070 69050 
10 : 206303 119206 206312 206304 119209 233774 233769 119223 119211 236777 
10 : 3842 206429 206434 140164 3846 3853 3833 232288 140167 140176 
10 : 96766 23775 186494 206442 23765 96763 96776 23772 23785 186505 
10 : 114972 206480 206477 206478 114983 114979 114981 246526 253693 246523 
10 : 206492 178225 11871 206490 178235 11878 227803 11867 178231 11874 
10 : 173244 206503 206502 138007 173257 173255 138003 254297 138024 138023 
10 : 99246 206564 72571 206567 99249 72562 99257 72573 214374 72582 
10 : 973 69432 171361 206636 962 971 977 69427 69438 171368 
10 : 183118 66734 123830 170923 66732 123826 170919 66727 66730 123823 
10 : 192094 185530 136926 65498 185526 136923 65494 136921 65491 65484 
10 : 206781 206775 158516 170083 218219 158529 170099 158518 170085 158511 
10 : 206802 98875 49004 206801 98882 49014 254075 48988 98881 49013 
10 : 117495 141133 207171 91892 117483 117507 91875 141147 91881 91908 
10 : 207322 151612 153361 207321 151625 153372 252915 151604 151624 153371 
10 : 207392 207401 207400 126420 230210 230208 126426 263012 126441 126439 
10 : 207518 87896 155867 4413 87902 155873 4419 87890 4398 4405 
10 : 196211 207536 52632 207528 196225 52629 196217 52643 242521 52640 
10 : 207561 207552 207558 122915 212615 247792 122927 212613 122917 122923 
10 : 95896 196819 199753 153830 95892 95894 95885 196818 153826 153827 
10 : 120834 207589 165214 183392 120848 120829 120831 165224 183404 165206 
10 : 190391 207591 207593 128327 190393 190395 128322 212932 128328 128331 
10 : 71036 173337 207680 207676 71032 71048 71041 173350 173342 260495 
10 : 148410 87212 74918 207745 87206 74912 148414 74911 87216 74924 
10 : 201993 197402 207747 50073 197400 202000 50070 197414 50069 50085 
10 : 41909 207849 207846 197967 41923 41918 41908 256980 197983 197979 
10 : 167123 207842 191187 153932 167124 167118 153925 191188 153933 153929 
10 : 207893 207885 60688 119918 218008 60700 119938 60689 119920 60679 
10 : 207898 199480 207897 207899 199484 221592 228531 199481 199486 221593 
10 : 202483 207980 207976 207979 202496 202485 202490 217686 256486 217678 
10 : 208038 208052 144584 208042 213582 144585 213576 144604 250141 144597 
10 : 208120 167572 94389 102634 167580 94400 102643 94383 102628 94375 
10 : 193669 159523 208123 15137 159521 193672 15134 159527 15130 15142 
10 : 208131 38233 158636 208139 38237 158639 222067 38228 38244 158647 
10 : 206943 75640 208144 112072 75639 206947 112071 75643 75631 112076 
10 : 190741 187645 208152 208160 187641 190743 190752 187647 187657 219244 
10 : 208186 34522 106357 208189 34528 106366 253433 34508 34531 106370 
10 : 78075 124396 32728 95186 78067 32715 78065 32718 95172 32716 
10 : 161517 172514 46120 43918 161512 46113 43909 46116 43911 43900 
10 : 208247 10017 208249 195735 10032 258063 195755 10038 10013 195763 
10 : 130037 62375 190715 208262 62367 130035 130042 62372 62380 190721 
10 : 95221 208275 208267 183895 95227 95222 95217 213261 183905 183896 
10 : 208316 14803 208312 208321 14817 242128 258327 14811 14821 242134 
10 : 208330 98428 205928 208329 98437 205943 250953 98427 98435 205940 
10 : 192270 208355 208359 208357 192283 192287 192285 264302 264298 264699 
10 : 208346 208354 208347 208345 233114 233108 222271 239887 222284 222276 
10 : 77930 208417 208415 208420 77935 77932 77940 214964 238117 214970 
10 : 64341 208491 39690 68538 64347 39680 64329 39700 68546 39681 
10 : 208628 96055 205099 208623 96069 205113 259417 96054 96063 205108 
10 : 112294 159524 165572 177974 112288 112289 112290 159518 159520 165570 
10 : 145651 208793 146511 208798 145653 145642 145658 146515 229331 146518 
10 : 130439 164561 208878 208883 130431 130442 130447 164567 164571 238675 
10 : 204562 151172 123750 209034 151171 123749 204570 123740 151179 123758 
10 : 190101 209061 209049 209051 190121 190104 190107 242845 252093 242831 
10 : 209098 118858 122757 33368 118865 122765 33376 118849 33355 33356 
10 : 175791 78223 90250 154941 78218 90247 154939 78208 78214 90242 
10 : 209117 202498 47378 110304 202501 47380 110306 47376 110302 47366 
10 : 30083 209332 209331 125054 30085 30084 30078 209959 125057 125056 
10 : 53419 209344 69503 30632 53428 53414 30618 69518 30649 30619 
10 : 160842 209341 209339 28334 160849 160847 28329 226193 28341 28340 
10 : 209394 145856 192392 209387 145868 192402 234973 145851 145859 192396 
10 : 144991 209541 174664 124232 144993 144990 124220 174668 124236 124227 
10 : 167284 192193 209599 207798 167282 167292 167283 192197 192191 207806 
10 : 387 2169 209750 209749 376 392 391 2174 2173 226831 
10 : 209780 209776 5029 209781 231574 5039 244993 5036 231575 5041 
10 : 209843 209839 136008 76371 219383 136019 76386 136010 76372 76360 
10 : 209922 209921 209924 180792 223864 233607 180799 223866 180797 180801 
10 : 209996 208013 146934 209995 208026 146945 255662 146932 208023 146944 
10 : 56219 210053 210050 210049 56228 56222 56221 216639 216570 216558 
10 : 115620 176080 104373 187059 115614 104362 115615 104367 176075 104369 
10 : 41508 210184 44961 210179 41523 41500 41513 44973 240018 44966 
10 : 210268 93791 210270 44161 93802 255029 44171 93804 44146 44174 
10 : 60826 210331 210334 210329 60830 60836 60827 229949 227820 227832 
10 : 210337 210338 210342 210348 214535 214537 214542 218397 218402 255142 
10 : 210345 186473 210341 210347 186486 243362 260059 186479 186490 243364 
10 : 210408 91719 210399 210400 91736 216810 238275 91722 91723 216803 
10 : 202017 210414 209309 210416 202024 202016 202025 209318 250745 209320 
10 : 22689 194283 210427 189900 22688 22696 22686 194297 189898 189916 
10 : 210419 79552 210421 210424 79557 240500 240505 79559 79563 247825 
10 : 183463 115863 210483 126792 115859 183474 126787 115870 115854 126805 
10 : 210485 73128 210490 210493 73129 214177 214181 73138 73140 251092 
10 : 210641 160865 178270 210644 160867 178271 213103 160854 160872 178277 
10 : 210656 107 210659 152756 109 233940 152760 112 102 152765 
10 : 210716 210711 179180 210714 239875 179195 250045 179188 239874 179193 
10 : 210767 3372 122420 210768 3382 122428 253644 3363 3383 122430 
10 : 63561 210776 210782 210785 63566 63570 63572 230393 230396 258276 
10 : 188975 112044 84934 210842 112037 84922 188979 84917 112047 84942 
10 : 60550 210868 200460 210860 60562 60548 60555 200477 243862 200464 
10 : 210875 200395 210881 210877 200405 251949 251944 200408 200406 257258 
10 : 127049 210999 210997 211002 127055 127053 127061 239387 245778 239395 
10 : 168030 211062 129131 211064 168036 129123 168040 129139 250799 129145 
10 : 119740 17289 211083 184953 17279 119746 119739 17295 17286 184962 
10 : 211093 211087 211090 37683 253748 261489 37700 253742 37690 37695 
10 : 211112 111584 211109 198760 111593 216759 198766 111586 111582 198761 
10 : 107288 154007 211119 127505 107280 107295 107278 154020 127492 127516 
10 : 175239 146764 174182 27429 146759 174177 27426 146758 27422 27425 
10 : 211242 211240 211239 211234 256107 252876 223820 252873 223819 223818 
10 : 162552 211248 211249 211250 162556 162559 162562 232523 232525 247292 
10 : 167285 211313 93539 211320 167286 93535 167299 93540 223097 93553 
10 : 211330 56247 211327 211326 56258 260481 259493 56255 56253 259488 
10 : 211402 75510 206319 211394 75525 206330 230953 75509 75513 206322 
10 : 211449 40111 211450 211460 40112 213571 213580 40113 40124 214433 
10 : 187591 166741 197160 64001 166735 187588 63996 166737 63991 63998 
10 : 122706 211532 211531 109683 122709 122708 109668 222407 109687 109686 
10 : 138277 180675 73007 149937 138273 72999 138272 73003 149933 73000 
10 : 154175 14391 82310 81323 14384 82304 81313 14377 14376 81308 
10 : 86162 211790 153552 211789 86172 86151 86170 153566 259567 153562 
10 : 211813 119321 211812 40965 119328 239528 40973 119327 40952 40971 
10 : 98351 82677 211924 147628 82666 98354 98343 82681 82671 147636 
10 : 211922 140145 211992 139745 140144 211925 139744 140151 139737 139752 
10 : 29672 212180 212182 212183 29678 29680 29682 261774 261776 264412 
10 : 212184 109889 212176 120301 109903 215748 120321 109891 109880 120303 
10 : 32137 212321 121813 212320 32153 32133 32149 121827 257231 121822 
10 : 212344 212346 212343 212347 260864 256053 260865 256056 264116 256057 
10 : 212357 55998 63177 187061 56005 63186 187074 55979 55994 63173 
10 : 212485 212486 205987 185293 265015 206000 185308 206003 185309 185291 
10 : 40870 28883 95972 212490 28872 40862 40879 28876 28891 95980 
10 : 211791 212648 99080 85191 211804 99079 85190 99094 85201 85175 
10 : 212724 212723 64098 107484 242270 64106 107491 64104 107490 64089 
10 : 10373 212782 127228 70049 10381 10369 10364 127236 70064 70038 
10 : 32638 174203 138345 28029 32634 32633 28007 138341 28022 28019 
10 : 212918 212917 47472 103011 228673 47481 103020 47473 103015 47462 
10 : 212933 212931 212938 191030 213914 237370 191036 213922 191031 191045 
10 : 212990 89312 166942 212995 89319 166953 248176 89307 89323 166962 
10 : 213161 192471 213159 148158 192479 242681 148168 192478 148155 148165 
10 : 163462 213275 213270 193258 163477 163470 163461 248750 193273 193268 
10 : 213274 196138 213273 213277 196146 259189 260147 196145 196150 259193 
10 : 213317 213313 8299 213315 221309 8312 234127 8302 221303 8306 
10 : 213337 213329 213335 118729 244624 259037 118750 244619 118735 118742 
10 : 213340 90277 212524 201047 90281 212528 201053 90276 90273 201046 
10 : 80832 213417 7208 148159 80837 7190 80829 7216 148172 7197 
10 : 198454 213413 126454 208455 198456 126449 198452 126457 208456 126452 
10 : 58216 213474 213481 213478 58218 58227 58222 236821 236819 259294 
10 : 213559 213562 213563 213569 225423 225425 225430 249743 249747 253896 
10 : 171793 109869 85828 213703 109863 85821 171799 85816 109878 85839 
10 : 213701 213704 167404 58779 250311 167413 58791 167419 58796 58773 
10 : 213709 169576 213714 99114 169582 245344 99123 169588 99107 99128 
10 : 213757 117593 133203 109282 117599 133211 109290 117586 109268 109269 
10 : 213772 23518 86974 213771 23521 86976 218562 23509 23520 86975 
10 : 200683 213787 213789 213788 200691 200695 200693 257435 257432 261116 
10 : 185319 213823 161918 213824 185329 161913 185330 161931 263219 161932 
10 : 45829 170561 213894 129218 45823 45832 45818 170566 129215 129222 
10 : 41378 53504 74485 213958 41363 41364 41383 53492 53512 74493 
10 : 25802 204583 213982 213981 25800 25809 25807 204592 204590 255524 
10 : 67230 213993 187663 213995 67241 67227 67243 187674 261191 187676 
10 : 128601 213990 213996 213994 128605 128614 128610 241385 241382 262846 
10 : 214043 214044 214046 142453 254856 254858 142461 255795 142462 142467 
10 : 191724 214141 214142 214138 191734 191735 191732 258165 254985 254987 
10 : 214169 188695 214161 214167 188710 228566 262644 188699 188707 228561 
10 : 181505 214219 185510 214220 181516 181500 181519 185522 264865 185524 
10 : 214272 92597 200112 23082 92598 200114 23086 92594 23074 23080 
10 : 174408 139043 214333 201353 139038 174412 174407 139052 139042 201365 
10 : 214472 214475 214467 214471 242675 224117 237333 224120 237335 224115 
10 : 91721 80927 60882 214478 80920 60874 91724 60871 80931 60884 
10 : 163015 214609 214600 214601 163027 163016 163017 217830 221558 217814 
10 : 185767 205101 211559 88955 185764 185766 88951 205100 88953 88954 
10 : 214615 126206 214616 50763 126218 262699 50780 126219 50755 50781 
10 : 214683 88847 149083 176203 88860 149101 176216 88834 88839 149079 
10 : 180485 208053 214751 214750 180483 180492 180490 208060 208059 256919 
10 : 214754 84420 214753 189008 84437 265384 189024 84436 84415 189023 
10 : 173441 214809 214811 101797 173447 173453 101793 248839 101808 101812 
10 : 205215 127507 104155 214819 127504 104152 205227 104139 127519 104168 
10 : 94165 214821 116582 214820 94169 94157 94167 116585 224127 116584 
10 : 214834 210959 214841 190863 210961 227708 190866 210973 190861 190884 
10 : 214877 214878 214870 214869 264749 219531 218196 219532 218197 218186 
10 : 214946 126794 170736 183584 126801 170742 183593 126785 126788 170728 
10 : 141756 215014 215010 33038 141765 141760 33026 247075 33055 33043 
10 : 210261 194347 215009 123753 194346 210262 123751 194349 123745 123755 
10 : 50293 31358 211652 186887 31343 50292 50288 31357 31352 186886 
10 : 215152 215157 215156 96686 250164 250163 96695 262752 96700 96698 
10 : 163711 215169 215173 35848 163714 163717 35839 229953 35851 35856 
10 : 90731 211141 215306 133976 90730 90733 90723 211142 133974 133978 
10 : 152527 104496 71946 207275 104490 71938 152526 71934 104494 71945 
10 : 159011 215309 52927 156371 159019 52920 156365 52936 156378 52919 
10 : 215317 215316 126456 58781 248086 126467 58790 126465 58788 58767 
10 : 215318 26098 14770 215311 26105 14778 220530 14751 26099 14771 
10 : 33596 215579 168473 215580 33602 33592 33603 168478 240157 168479 
10 : 127948 215599 189449 191902 127960 127946 127947 189461 191915 189446 
10 : 85709 195378 215642 150670 85704 85711 85698 195380 150663 150674 
10 : 198000 175373 215703 215704 175371 198002 198003 175376 175378 232446 
10 : 180661 215791 215793 215792 180663 180668 180667 234110 234108 259753 
10 : 215880 152234 198428 215883 152237 198433 240611 152233 152243 198436 
10 : 215912 17322 215913 182335 17324 240107 182339 17326 17318 182340 
10 : 215935 119437 215936 41264 119442 233631 41266 119444 41245 41268 
10 : 215978 198741 215982 138009 198742 221360 138010 198753 138006 138025 
10 : 176061 88381 216032 216024 88380 176068 176062 88394 88382 219893 
10 : 172230 216060 216061 175736 172232 172234 172223 223689 175738 175740 
10 : 20561 157247 216075 216076 20554 20565 20567 157249 157251 223572 
10 : 182877 150168 216129 216133 150164 182886 182889 150180 150183 258808 
10 : 216124 89979 122191 216123 89986 122198 236770 89963 89982 122195 
10 : 173265 216157 216151 106502 173276 173267 106494 223514 106515 106503 
10 : 216247 216232 33527 216246 223749 33545 264863 33528 223748 33543 
10 : 106303 128014 216297 16885 106298 106306 16870 128023 16874 16892 
10 : 216368 9535 216369 175185 9536 220639 175187 9537 9527 175188 
10 : 30575 216393 120304 216382 30591 30567 30580 120320 237510 120308 
10 : 59969 59819 216440 216435 59808 59973 59971 59829 59820 217272 
10 : 204407 216453 216450 216444 204416 204414 204409 258358 238897 238893 
10 : 89546 9027 213869 168182 9011 89544 89542 9025 9017 168181 
10 : 216526 216518 216510 206750 251488 221877 206770 221870 206762 206751 
10 : 216584 216589 186650 104399 226214 186651 104400 186658 104415 104396 
10 : 68928 199183 216690 120016 68924 68935 68916 199190 120013 120022 
10 : 150309 134077 216717 187221 134069 150320 150307 134092 134072 187242 
10 : 206147 12131 216804 148133 12129 206153 148129 12135 12125 148138 
10 : 216851 154713 213912 28172 154714 213913 28173 154712 28164 28171 
10 : 216860 216855 87483 216859 227586 87496 261057 87484 227584 87493 
10 : 112116 216934 216927 184121 112121 112117 112106 223690 184130 184122 
10 : 211005 118665 216999 132642 118664 211008 132641 118670 118653 132651 
10 : 207600 217014 217011 121258 207604 207602 121255 226081 121269 121260 
10 : 217045 217044 217046 217053 234091 234782 234788 234093 234101 242182 
10 : 217225 217224 217228 30366 245390 248181 30372 245394 30371 30376 
10 : 35009 217306 28474 196578 35016 28455 35006 28488 196590 28469 
10 : 184542 217347 217355 217346 184546 184555 184545 236989 226833 226847 
10 : 217359 217357 204851 120040 224472 204856 120045 204854 120042 120037 
10 : 145448 217419 217414 131762 145456 145449 131753 233732 131772 131765 
10 : 197952 2800 143176 115265 2796 143172 115259 2790 2788 115252 
10 : 217663 217664 198971 140274 264371 198985 140285 198987 140287 140273 
10 : 217707 217706 129012 217703 261910 129027 234872 129025 234871 129015 
10 : 217743 217742 93146 217734 262885 93166 237049 93162 237046 93149 
10 : 184455 216333 193441 217784 184453 184448 184462 193439 216341 193448 
10 : 87545 217896 217899 141492 87546 87552 87536 218014 141493 141498 
10 : 207895 162483 217900 105014 162481 207901 105011 162489 105004 105022 
10 : 212205 201092 63718 217906 201090 63717 212215 63715 201101 63730 
10 : 218039 218047 218040 5191 223875 223865 5194 244286 5208 5195 
10 : 124612 218206 193686 177150 124615 124609 124606 193688 177153 177144 
10 : 175213 155439 12377 106151 155434 12369 106148 12366 106146 12361 
10 : 218392 43429 218390 218389 43436 259965 258763 43433 43432 258761 
10 : 111784 218447 218449 197665 111788 111790 111783 242362 197672 197677 
10 : 121059 218448 218450 185691 121066 121067 121056 256975 185700 185703 
10 : 99140 102861 218456 218454 99132 99144 99141 102867 102866 241591 
10 : 157553 72733 70991 39612 72723 70986 39601 70976 39589 39588 
10 : 218528 218537 166594 218529 237228 166599 237224 166606 242944 166600 
10 : 158885 178333 106359 201661 158881 106349 158883 106353 178329 106355 
10 : 218594 218596 218599 82595 224643 224647 82599 241666 82603 82608 
10 : 218741 218740 218739 218748 242763 230665 245091 230663 242770 230672 
10 : 53505 124928 178039 84555 53497 53501 53493 124921 84540 84547 
10 : 218820 218822 203387 122324 248826 203390 122329 203396 122333 122323 
10 : 218867 82415 91698 218866 82424 91710 252964 82401 82423 91709 
10 : 28264 53022 145472 218933 28251 28255 28268 53015 53027 145477 
10 : 218950 218945 10124 74237 252627 10143 74260 10137 74252 10114 
10 : 218956 218958 218962 176958 251662 251667 176963 256592 176965 176970 
10 : 44928 99117 90650 219083 44916 44915 44932 90636 99122 90657 
10 : 173408 219134 153786 102154 173414 153778 102142 153797 102168 102140 
10 : 219206 90651 150275 219203 90663 150285 259339 90639 90660 150282 
10 : 219316 32255 219314 49109 32260 229623 49114 32258 32239 49111 
10 : 219322 219331 219323 219325 237071 237065 237066 243805 244742 243797 
10 : 134050 219336 202285 219333 134059 134048 134056 202291 247540 202288 
10 : 67389 208380 209485 177700 67387 67388 67384 208379 177696 177697 
10 : 210643 219268 139843 135718 210642 139838 135713 139842 135717 135702 
10 : 219447 136109 111421 179714 136121 111433 179736 111409 136105 111413 
10 : 217714 219492 130935 219493 217726 130934 217731 130951 260290 130957 
10 : 128982 219738 164074 219732 128996 128973 128988 164091 242475 164079 
10 : 122142 64763 87898 61571 64753 87886 61561 64749 61554 61556 
10 : 219831 219830 219833 104891 252977 260543 104905 252981 104898 104906 
10 : 169117 219859 219857 219858 169126 169123 169124 250225 251002 250223 
10 : 219863 187027 212825 219851 187037 212845 223890 187025 187028 212828 
10 : 219922 55580 107186 53823 55589 107196 53831 55574 53805 53812 
10 : 205405 179859 59735 201567 179856 59733 201563 59726 179855 59732 
10 : 141410 220134 220131 220127 141419 141417 141414 261921 236430 236426 
10 : 199334 220144 158421 45368 199336 158417 45365 158424 45370 45359 
10 : 106790 220176 119095 216184 106794 106782 106789 119105 216191 119094 
10 : 220191 109151 220186 72693 109163 233987 72709 109155 72684 72696 
10 : 62976 150579 220195 108084 62967 62985 62965 150587 108075 108092 
10 : 220296 83758 189824 220297 83760 189826 230325 83756 83762 189828 
10 : 220434 75244 93147 120767 75252 93164 120784 75234 75236 93135 
10 : 15592 162383 182915 220467 15583 15585 15603 162376 162388 182925 
10 : 71038 209999 220503 58470 71037 71046 58448 210011 58468 58486 
10 : 220495 220496 171669 220498 223411 171671 223414 171673 239912 171677 
10 : 220559 170162 220556 220557 170169 233259 234571 170164 170165 233257 
10 : 88518 82968 48830 220579 82950 48809 88526 48808 82977 48837 
10 : 213606 41491 106360 107451 41490 106358 107449 41477 41478 106344 
10 : 187611 107329 125487 220618 107324 125483 187612 107321 107331 125489 
10 : 211381 104249 43608 141033 104247 43604 141030 43587 104240 43594 
10 : 53297 92392 122760 156470 53283 53284 53287 92376 92386 122750 
10 : 167575 220691 220692 17173 167582 167583 17166 254754 17188 17189 
10 : 174619 96272 132841 220737 96266 132835 174629 96259 96280 132847 
10 : 220748 205129 220744 121717 205139 231470 121726 205131 121712 121719 
10 : 220898 219449 204099 205910 219456 204107 205922 204098 205909 204095 
10 : 159310 206870 220936 157139 159307 159317 157130 206875 157136 157147 
10 : 221056 221057 190442 102779 260596 190453 102787 190456 102789 102773 
10 : 7047 221061 221066 221068 7049 7051 7053 222656 222659 245151 
10 : 221065 68396 221062 207928 68403 230539 207936 68398 68395 207930 
10 : 209939 164891 184355 111034 164888 184352 111031 164886 111022 111026 
10 : 203982 221191 221195 205216 203983 203993 203980 225951 205217 205225 
10 : 207236 221253 20144 30947 207238 20141 30943 20145 30951 20129 
10 : 144655 221257 32284 152235 144658 32276 144647 32287 152239 32278 
10 : 137944 134051 212351 148368 134042 137943 137935 134049 134044 148366 
10 : 41814 182065 202031 221314 41807 41809 41816 182062 182068 202033 
10 : 221386 64100 122786 221390 64105 122793 243386 64091 64114 122801 
10 : 88383 44015 221504 28031 44002 88386 28015 44021 28008 28033 
10 : 221520 206396 221516 65363 206402 233825 65371 206398 65359 65366 
10 : 103841 189872 177640 51683 103840 103836 51661 177635 51678 51674 
10 : 120154 19510 164657 151836 19494 120145 120142 19501 19496 151825 
10 : 178419 221703 186389 60193 178426 178413 60184 186399 60203 60187 
10 : 204720 94664 165415 148111 94661 165413 148107 94654 94652 148101 
10 : 221767 221769 182916 124234 250065 182922 124241 182926 124246 124228 
10 : 75877 91184 172332 102408 75862 75869 75863 91175 91168 102400 
10 : 217650 193995 108314 221776 193994 108310 217653 108309 193999 108316 
10 : 60932 79019 32696 221829 60925 32683 60941 32685 79030 32710 
10 : 39031 47105 110661 119563 39018 39024 39025 47096 47097 110650 
10 : 221959 221960 116171 23553 224863 116173 23555 116175 23556 23542 
10 : 73 221987 202336 61891 81 71 66 202344 61901 61886 
10 : 140250 11873 190194 121682 11862 140246 121672 11868 11859 121677 
10 : 39835 222028 18183 184514 39841 18165 39831 18188 184521 18180 
10 : 70782 177188 222036 214779 70777 70786 70781 177191 177186 214781 
10 : 65469 134466 21338 123854 65461 21322 65460 21328 123841 21327 
10 : 222098 198257 222092 85890 198271 243264 85906 198262 85888 85899 
10 : 5002 188353 213806 67737 4998 5001 4988 188351 67733 67736 
10 : 209472 212826 222156 140595 209469 209479 140591 212836 140593 140601 
10 : 171245 222220 61038 194705 171248 61032 171242 61044 194708 61034 
10 : 5131 136669 222245 48561 5121 5139 5116 136675 48547 48577 
10 : 209872 110662 222242 212748 110658 209882 209871 110669 110659 212754 
10 : 222255 202090 222254 168160 202100 262782 168171 202098 168158 168170 
10 : 222257 55242 222253 69094 55260 256600 69110 55252 55234 69104 
10 : 222263 222266 174107 222270 262795 174117 262797 174119 265032 174120 
10 : 211482 23226 222304 133853 23225 211491 133850 23237 23217 133868 
10 : 222308 222313 222312 222306 258148 258146 250601 264696 250606 250604 
10 : 222316 222315 212665 136253 265228 212683 136270 212682 136269 136250 
10 : 79474 218902 222328 222322 79472 79480 79476 218916 218908 233024 
10 : 222492 85397 222496 15731 85402 246734 15737 85407 15720 15749 
10 : 222552 222559 205831 158422 223151 205832 158423 205847 158432 158418 
10 : 222570 222573 167053 222577 241255 167056 241259 167060 257002 167067 
10 : 222639 201762 207421 95804 201771 207433 95814 201758 95798 95801 
10 : 178229 66354 222703 222710 66348 178230 178240 66355 66363 224542 
10 : 222830 129893 222833 214653 129906 257425 214667 129908 129890 214671 
10 : 140322 158617 153555 35315 140314 140313 35300 153546 35305 35304 
10 : 865 218357 222901 129134 864 874 858 218366 129133 129147 
10 : 222945 119015 17176 222947 119017 17179 230629 17162 119022 17186 
10 : 222990 51255 118837 205854 51260 118840 205859 51241 51254 118834 
10 : 223001 177126 105913 222996 177140 105926 252080 105907 177133 105918 
10 : 223068 92985 79818 223063 93002 79837 234710 79807 92988 79822 
10 : 134790 151445 178376 223165 134777 134781 134799 151437 151457 178388 
10 : 223208 223206 76339 145804 258678 76349 145818 76348 145815 76331 
10 : 390 144061 223217 217669 385 399 388 144067 144059 217680 
10 : 174548 32464 218824 65593 32458 174546 65586 32463 32452 65592 
10 : 4705 76569 46536 115149 4687 4683 4693 46519 76557 46524 
10 : 120616 223300 223292 223294 120624 120619 120620 243053 251159 243049 
10 : 150856 152317 189375 10175 150850 150854 10162 152316 10163 10169 
10 : 223391 94192 223388 200547 94204 253116 200558 94198 94189 200551 
10 : 223475 223468 223479 223474 243801 256355 256209 243804 243800 256213 
10 : 223547 223555 223550 223552 253863 253858 253860 260740 261396 260738 
10 : 197815 223694 6893 215497 197822 6884 197813 6899 215505 6890 
10 : 135230 144083 223771 47077 135224 135242 47066 144093 47068 47090 
10 : 223775 108132 201490 148892 108140 201498 148902 108131 108125 148888 
10 : 218223 4142 223828 130247 4140 218224 130246 4143 4134 130248 
10 : 152943 166694 223860 48421 152939 152953 48414 166709 48416 48437 
10 : 223915 12342 223909 141608 12352 250148 141623 12347 12335 141613 
10 : 221355 45923 173249 180151 45920 173248 180150 45915 45916 173241 
10 : 113126 144691 220158 223982 113119 113125 113128 144690 144693 220161 
10 : 85999 194501 223166 219296 85994 85998 85997 194500 194499 219295 
10 : 224074 134383 107065 17921 134385 107067 17923 107058 17911 17910 
10 : 88569 79687 48720 93119 79670 48698 88552 48696 79671 48699 
10 : 224151 208692 224152 175894 208696 241628 175897 208697 175890 175898 
10 : 224156 180233 80416 224149 180242 80427 231859 80412 180234 80418 
10 : 224218 154303 154234 224220 154308 154237 250587 154228 154312 154243 
10 : 163055 224264 224271 224263 163058 163069 163057 238278 229836 229847 
10 : 224337 184843 150903 224335 184855 150909 256238 150897 184853 150907 
10 : 199755 3373 224339 224338 3370 199761 199760 3381 3379 243437 
10 : 224396 122740 224398 70055 122743 261291 70063 122745 70036 70066 
10 : 178633 224412 128107 169792 178634 128101 169785 128108 169793 128100 
10 : 66303 50625 22502 28339 50615 22484 28318 22482 28314 22478 
10 : 213020 157422 36138 23676 157418 36136 23673 36127 23669 23658 
10 : 146849 110427 224628 185197 110414 146851 146841 110433 110420 185199 
10 : 224761 103075 220315 224757 103082 220322 248837 103072 103078 220318 
10 : 224824 28954 224814 21339 28969 232582 21357 28956 21319 21343 
10 : 224828 124857 34729 224831 124859 34731 233795 34717 124864 34736 
10 : 224829 196697 224835 133741 196702 246016 133745 196711 133739 133756 
10 : 224867 45949 151724 224868 45953 151726 242716 45941 45955 151728 
10 : 204774 224905 82091 198569 204783 82088 198564 82105 198578 82087 
10 : 190318 203092 224938 224931 190316 190327 190325 203102 203097 253011 
10 : 69037 165372 224949 224951 69031 69045 69047 165377 165378 256054 
10 : 224993 170738 186717 224988 170746 186726 240745 170729 170739 186719 
10 : 102246 150023 185692 224996 102237 102242 102250 150017 150025 185696 
10 : 141207 118337 81700 213738 118327 81690 141205 81688 118334 81697 
10 : 225108 23162 122122 225109 23172 122128 262549 23153 23173 122132 
10 : 159488 225112 40011 39323 159494 39999 39304 40015 39327 39294 
10 : 163316 94537 190915 175739 94523 163307 163304 94528 94525 175731 
10 : 225330 225332 202408 225331 233866 202409 233865 202417 253015 202416 
10 : 225336 182381 149964 26819 182386 149972 26828 149959 26812 26808 
10 : 62427 225363 124631 225364 62428 62416 62429 124635 234468 124638 
10 : 225388 225391 134898 225386 240366 134900 227962 134909 227970 134899 
10 : 225396 135208 9379 225399 135214 9384 248642 9365 135217 9389 
10 : 225505 195422 25230 77995 195424 25231 77996 25226 77988 25216 
10 : 220903 225518 172492 225522 220907 172491 220909 172495 247321 172501 
10 : 120617 225575 37818 190278 120618 37808 120611 37822 190281 37814 
10 : 225586 17044 105405 70254 17056 105420 70266 17027 17026 70237 
10 : 135303 225597 225590 225588 135315 135309 135304 255841 229298 229287 
10 : 178786 225637 225638 205268 178792 178794 178783 261895 205277 205281 
10 : 151335 62333 225640 133174 62325 151336 133162 62335 62321 133175 
10 : 225700 147181 225701 206752 147187 256124 206765 147189 147177 206766 
10 : 141434 170241 161292 225756 141425 141423 141435 161281 170242 161293 
10 : 62142 170908 118863 4077 62139 62134 4053 118854 4069 4056 
10 : 179241 225836 225837 225834 179246 179249 179244 240943 233034 233036 
10 : 86000 225883 225884 225885 86001 86003 86007 226777 226782 247717 
10 : 129832 39285 44334 219297 39272 44324 129831 39264 39282 44333 
10 : 207020 49083 225921 225922 49079 207023 207024 49091 49092 263178 
10 : 225927 225929 225926 141010 238000 232218 141013 232221 141016 141011 
10 : 136546 188874 71657 225935 136539 71646 136547 71653 188875 71658 
10 : 189954 148960 22811 225934 148952 22802 189955 22795 148961 22812 
10 : 199319 226008 215734 226001 199329 199316 199322 215746 252132 215738 
10 : 171632 226045 57752 226050 171633 57749 171641 57753 228620 57768 
10 : 35972 226103 96301 119097 35974 35958 35959 96307 119100 96286 
10 : 168424 226104 90223 171761 168428 90213 168418 90227 171765 90214 
10 : 192992 226116 226120 226117 192998 193004 193001 258162 258160 264349 
10 : 226176 164016 203484 226172 164023 203492 234971 164012 164017 203485 
10 : 75758 214893 226273 62485 75756 75766 62467 214904 62481 62499 
10 : 130523 226322 226313 226315 130530 130524 130528 228975 250138 228971 
10 : 226381 135232 133426 226382 135238 133434 259159 133412 135240 133436 
10 : 226021 226505 75440 15467 226028 75439 15466 75450 15477 15447 
10 : 226563 226564 205145 226558 256643 205152 242127 205155 242130 205147 
10 : 123129 205330 106267 226610 123127 106253 123139 106263 205342 106277 
10 : 71918 199757 215122 165217 71915 71916 71909 199754 165212 165215 
10 : 44901 201140 220977 226661 44899 44900 44906 201138 201147 220981 
10 : 119515 120234 128749 226760 119504 119505 119524 120223 120242 128759 
10 : 226850 226848 226855 163280 241163 255549 163290 241170 163283 163294 
10 : 112757 183757 53925 226859 112753 53913 112763 53920 183764 53931 
10 : 151546 151704 226888 31539 151540 151553 31526 151709 31527 31545 
10 : 128371 226920 65076 178071 128374 65067 128362 65080 178075 65069 
10 : 227036 227031 226949 181820 253904 226965 181829 226959 181825 181819 
10 : 19010 143978 199111 227104 19001 19009 19011 143975 143979 199112 
10 : 92453 227150 227154 227153 92456 92462 92461 240405 240404 260317 
10 : 186546 227207 173594 227206 186550 173586 186549 173596 232240 173595 
10 : 227213 117342 214019 19194 117346 214024 19197 117340 19180 19191 
10 : 227229 163209 227217 188615 163224 235731 188636 163212 163205 188618 
10 : 186718 79321 227295 227298 79313 186723 186728 79330 79335 263407 
10 : 58597 227364 183395 227363 58607 58590 58606 183403 261640 183401 
10 : 154425 227390 70015 176178 154439 70009 154419 70031 176197 70010 
10 : 222055 227394 123578 86279 222058 123577 86277 123581 86282 86266 
10 : 132612 159012 227639 207279 132606 132620 132608 159021 159009 207286 
10 : 227636 227637 227631 227635 257566 228436 257436 228438 257437 228435 
10 : 227642 152528 58748 227634 152540 58763 251177 58739 152532 58752 
10 : 227922 159287 70434 191505 159289 70435 191506 70427 159282 70431 
10 : 227933 226590 199359 90917 226599 199365 90927 199358 90916 90913 
10 : 227937 98667 227946 227948 98668 231908 231910 98678 98679 262881 
10 : 187357 227983 226706 61613 187362 187356 61600 226714 61623 61611 
10 : 227993 117734 227986 120554 117744 238208 120567 117737 117726 120559 
10 : 228053 45553 228048 43176 45557 228824 43180 45555 43152 43177 
10 : 228060 228052 122452 187506 242771 122462 187523 122453 187513 122446 
10 : 210114 107428 129958 228067 107425 129955 210120 107420 107432 129966 
10 : 228062 88004 195981 216631 88008 195987 216636 87996 88003 195979 
10 : 26589 65595 106156 25117 26573 26579 25096 65585 25101 25103 
10 : 127249 56651 84778 37077 56643 84763 37065 56638 37055 37060 
10 : 152734 147396 228395 228391 147389 152744 152738 147406 147402 243222 
10 : 145548 82342 103789 171572 82334 103776 145542 82329 82336 103780 
10 : 228507 228508 228506 168375 235672 235192 168383 235194 168384 168381 
10 : 47661 47689 228573 137872 47645 47665 47651 47692 47680 137876 
10 : 192310 56695 69097 228705 56693 69090 192322 56682 56715 69112 
10 : 222249 44483 176622 182093 44480 176621 182092 44475 44476 176616 
10 : 149144 228750 208497 197227 149151 149143 149142 208504 197241 197224 
10 : 133120 228802 58568 228801 133127 58556 133126 58576 256297 58575 
10 : 228864 228858 228863 184955 261302 264652 184976 261301 184971 184975 
10 : 109985 228924 164745 190787 109988 109979 109982 164751 190795 164740 
10 : 145549 228935 133532 228928 145555 133521 145550 133540 233677 133534 
10 : 40281 206810 228959 18882 40280 40291 18864 206821 18881 18892 
10 : 229040 229041 229037 229034 261577 250382 238235 250386 238239 238229 
10 : 229053 178160 172493 229050 178173 172506 259295 172486 178168 172497 
10 : 163946 81041 22324 229056 81034 22316 163951 22305 81047 22330 
10 : 141191 52891 199585 137581 52880 141189 137566 52885 52879 137579 
10 : 176575 185642 221683 85502 176567 176573 85492 185639 85494 85499 
10 : 229135 106714 112185 179289 106725 112201 179304 106699 106704 112179 
10 : 229185 138322 229184 205932 138329 239589 205939 138327 138321 205935 
10 : 229230 191368 229233 229238 191369 239913 239918 191374 191382 260723 
10 : 229246 229249 47381 229251 252023 47387 252024 47391 260443 47392 
10 : 229304 1215 211029 229305 1228 211045 265277 1212 1229 211046 
10 : 125860 229494 229493 101025 125862 125861 101007 239476 101031 101029 
10 : 20501 192533 210145 175822 20492 20498 20491 192530 175816 175818 
10 : 170698 229582 229583 122166 170703 170705 122158 244005 122169 122173 
10 : 229637 137016 220096 229638 137018 220099 241275 137014 137022 220106 
10 : 174507 72837 181449 149728 72832 174505 149719 72833 72828 149721 
10 : 174162 229815 16091 161617 174169 16078 161607 16097 161623 16075 
10 : 229861 229860 102292 184956 233979 102295 184961 102294 184958 102288 
10 : 229870 229869 215194 80029 249948 215205 80035 215204 80034 80027 
10 : 216801 103967 80929 54533 103965 80928 54531 80922 54517 54513 
10 : 55782 147912 227755 229931 55769 55780 55784 147911 147914 227757 
10 : 221969 229951 229960 193917 221970 221981 193914 234466 193918 193929 
10 : 229994 166349 229997 227588 166354 260851 227598 166358 166348 227602 
10 : 115937 230001 230002 230003 115943 115944 115948 257568 257572 259411 
10 : 203634 193772 159422 220472 193766 159417 203631 159415 193769 159419 
10 : 167210 160779 204786 52966 160774 167206 52959 160776 52958 52963 
10 : 230246 230244 128676 221301 259677 128688 221310 128683 221307 128674 
10 : 19237 138850 230303 230301 19230 19244 19243 138858 138857 265351 
10 : 52484 96173 94305 169877 52472 52471 52477 94288 96165 94297 
10 : 230384 230381 219597 230380 249705 219611 248663 219604 248656 219603 
10 : 69454 65109 37647 167898 65087 37633 69451 37631 65101 37643 
10 : 122524 125534 149681 203738 122513 122515 122520 125527 125533 149679 
10 : 230414 202862 166744 122075 202871 166751 122084 166738 122073 122068 
10 : 194987 84939 197056 230431 84926 194981 194989 84929 84943 197062 
10 : 95128 151661 8163 143490 95119 8146 95117 8153 143480 8149 
10 : 216471 74080 230581 230578 74079 216482 216477 74090 74087 261137 
10 : 81891 130837 179553 116969 81878 81884 81877 130832 116948 116958 
10 : 125512 230638 230637 19154 125522 125519 19144 264496 19170 19169 
10 : 230643 230641 230646 104646 241080 249201 104657 241084 104651 104661 
10 : 134735 204928 170539 89205 134731 134729 89189 170535 89201 89197 
10 : 79769 230679 225395 207073 79773 79767 79766 225397 207079 207071 
10 : 148824 142093 230726 120044 142088 148828 120031 142101 120030 120055 
10 : 215270 230794 230788 230789 215287 215274 215278 248201 251963 248189 
10 : 123486 13222 86551 180877 13212 86541 123480 13210 13217 86547 
10 : 230926 43341 230929 230928 43346 254259 254258 43353 43352 261130 
10 : 221198 179530 226362 231020 179526 221197 221202 179527 179536 226365 
10 : 42934 217325 231026 205456 42932 42935 42929 217326 205452 205457 
10 : 120838 52317 231083 231088 52305 120843 120849 52321 52327 259635 
10 : 231162 231161 231163 211749 251748 253312 211758 251749 211757 211759 
10 : 231209 231206 161314 154455 238892 161320 154459 161317 154457 154442 
10 : 153097 231264 179462 91751 153102 153091 91740 179468 91758 91742 
10 : 202710 231270 231263 231271 202723 202719 202724 255730 264042 255731 
10 : 182622 231307 92888 217799 182626 92879 182619 92892 217805 92885 
10 : 231314 231318 30008 231321 242162 30009 242165 30012 253614 30015 
10 : 227853 23056 117921 187151 23053 117920 187149 23036 23050 117914 
10 : 231440 231439 134080 231438 257420 134090 251529 134086 251524 134084 
10 : 126159 222208 231576 225614 126155 126166 126157 222215 222205 225625 
10 : 40433 79050 2339 146658 40420 2317 40426 2319 79042 2328 
10 : 200102 206608 164182 104647 200101 164177 104641 164179 104643 104636 
10 : 29175 231682 131531 27717 29178 29166 27695 131539 27730 27702 
10 : 231744 130614 53239 103655 130619 53244 103660 53229 103643 53226 
10 : 206065 231753 231754 26488 206067 206068 26486 234890 26489 26490 
10 : 231775 200169 1929 189535 200183 1939 189544 1926 189529 1924 
10 : 63080 35283 36175 231800 35265 36154 63094 35260 35291 36183 
10 : 231794 126023 61041 227869 126026 61045 227871 61028 126022 61040 
10 : 201460 231816 231819 209210 201464 201466 201459 252937 209219 209220 
10 : 156928 231829 231824 223992 156944 156936 156926 256953 224006 223999 
10 : 209158 231821 80769 194908 209162 80765 194901 80773 194912 80760 
10 : 211114 205146 143391 195330 205144 143388 195327 143386 195326 143385 
10 : 59821 231868 231871 137748 59824 59827 59814 257021 137755 137758 
10 : 231870 231865 231866 27838 252070 252678 27851 252068 27843 27845 
10 : 34020 57754 231998 232000 34007 34023 34026 57761 57762 244630 
10 : 214389 206151 210159 229835 206146 210155 214388 206144 206150 210158 
10 : 232120 136339 232115 232122 136350 261878 264894 136346 136353 261884 
10 : 111654 180058 214702 191586 111643 111648 111645 180052 180050 191583 
10 : 230115 23969 224537 232197 23967 224536 230118 23966 23974 224541 
10 : 108022 232206 29404 232201 108030 29391 108024 29413 248384 29407 
10 : 232214 199586 232208 24005 199595 241614 24018 199587 23999 24007 
10 : 105583 232265 182097 232264 105593 105579 105591 182106 263580 182105 
10 : 227605 232314 232315 232311 227611 227612 227607 255753 237346 237350 
10 : 125062 57220 201647 113675 57197 125052 113649 57212 57196 113665 
10 : 232349 182236 232353 216042 182242 250403 216046 182248 182231 216054 
10 : 145887 60061 182675 60027 60046 145876 60011 60053 59998 60017 
10 : 231732 230427 232486 203503 230426 231733 203502 230428 203501 203504 
10 : 150690 232495 90134 23087 150691 90121 23075 90136 23090 23072 
10 : 232537 223506 2004 154946 223511 2011 154955 2002 154944 1991 
10 : 198481 8130 35892 232551 8123 35887 198490 8109 8140 35902 
10 : 232563 232561 46659 90792 246776 46666 90796 46662 90794 46640 
10 : 182203 227413 86060 232594 182201 86051 182209 86057 227419 86069 
10 : 50444 232611 232609 207717 50449 50448 50440 244546 207727 207725 
10 : 232635 221287 232642 232645 221290 257828 257829 221295 221298 264466 
10 : 232658 232659 201819 232660 255436 201827 255440 201828 258786 201835 
10 : 224436 197716 148163 208458 197714 148162 208457 148156 197713 148157 
10 : 8942 181785 163365 18883 8933 8932 8921 163359 18876 18874 
10 : 232823 232828 192095 81456 238923 192097 81458 192103 81464 81448 
10 : 232824 232825 102379 151298 243780 102380 151300 102383 151304 102371 
10 : 156832 232840 93122 210035 156837 93107 156828 93129 210039 93116 
10 : 162726 232954 63664 232950 162731 63657 162727 63671 234412 63665 
10 : 174525 232956 232957 232953 174534 174535 174527 261657 249848 249849 
10 : 73766 232992 203936 148046 73774 73760 73756 203942 148059 148041 
10 : 233002 232999 227458 205544 252255 227471 205553 227465 205549 205542 
10 : 88668 206890 173509 99352 88664 88659 88655 173504 99345 99339 
10 : 134769 63815 78287 66771 63801 78274 66753 63798 63797 66748 
10 : 233275 233277 113995 186145 263459 114003 186153 114007 186156 113987 
10 : 92361 31728 233296 222860 31703 92362 92358 31730 31723 222862 
10 : 53599 233400 210465 135580 53608 53597 53590 210471 135593 135578 
10 : 178211 233399 214780 233394 178218 178208 178214 214789 243345 214783 
10 : 233436 83815 228543 64005 83816 228544 64010 83813 63980 64004 
10 : 233440 187593 43143 233438 187605 43149 247584 43135 187597 43144 
10 : 221075 72020 233481 148897 72019 221079 148891 72025 72010 148903 
10 : 85043 233491 85895 148047 85045 85030 85034 85898 148050 85883 
10 : 27677 233501 103790 168379 27681 27663 27669 103795 168385 103778 
10 : 177960 231444 233594 223254 177959 177970 177958 231453 223253 223270 
10 : 169182 42875 233635 233644 42864 169184 169193 42876 42885 242458 
10 : 200355 233638 51160 233641 200359 51151 200361 51165 253246 51166 
10 : 165264 164894 233690 63035 164884 165271 63026 164897 63025 63046 
10 : 233758 189990 169404 233757 189998 169411 247294 169400 189992 169407 
10 : 233800 233809 55359 161973 241008 55361 161974 55371 161985 55353 
10 : 233817 233814 233811 54534 252355 241122 54544 241118 54541 54535 
10 : 154202 157198 132431 153809 154196 132419 153802 132420 153803 132418 
10 : 189470 133274 207409 152759 133266 189465 152752 133269 133260 152755 
10 : 233871 233876 118970 233873 250719 118973 250718 118977 263380 118976 
10 : 121421 233916 233913 162302 121430 121424 121411 242140 162318 162308 
10 : 191624 233918 169964 199440 191630 169961 191620 169971 199450 169962 
10 : 233934 200418 233938 213022 200425 257704 213034 200430 200414 213036 
10 : 27960 152006 233969 100991 27955 27962 27953 152010 100980 100995 
10 : 20503 234019 234023 8484 20505 20506 8453 251932 8487 8488 
10 : 164910 183816 201665 234031 164904 164905 164916 183811 183823 201672 
10 : 234030 203047 234032 234029 203052 253435 239690 203058 203050 239696 
10 : 117128 234137 107457 234135 117133 107440 117129 107468 239698 107458 
10 : 228951 234195 234200 234196 228955 228958 228956 246026 246021 247453 
10 : 116651 139234 234212 13597 116642 116663 13580 139246 13584 13611 
10 : 225943 234258 234260 234256 225950 225954 225949 258610 254210 254215 
10 : 234270 180488 82941 226894 180495 82949 226905 82931 180487 82940 
10 : 227522 155943 234419 116837 155941 227527 116834 155954 116823 116850 
10 : 234418 16640 78949 151683 16645 78960 151693 16623 16626 78937 
10 : 57906 198197 234428 81702 57900 57907 57888 198198 81695 81703 
10 : 209126 234491 234496 10918 209127 209131 10915 239331 10920 10934 
10 : 234537 112274 210806 234539 112278 210811 261612 112273 112281 210813 
10 : 202886 14957 171092 169515 14953 171088 169508 14950 14949 169507 
10 : 205021 1518 148254 160287 1512 148251 160281 1505 1506 148245 
10 : 80648 234627 234629 197248 80654 80657 80642 258115 197255 197257 
10 : 234683 26195 64345 234682 26199 64351 261718 26186 26198 64350 
10 : 171843 234830 234834 191509 171847 171850 171834 254715 191513 191518 
10 : 87723 234850 86120 234846 87730 86104 87726 86128 262423 86124 
10 : 234882 232685 234879 206384 232687 237226 206389 232686 206382 206385 
10 : 234895 125694 190618 212943 125700 190623 212950 125683 125690 190613 
10 : 183673 234916 89489 55412 183687 89486 55404 89506 55427 55396 
10 : 234922 118247 234920 234917 118258 253096 235927 118254 118248 235917 
10 : 15843 234923 115236 234924 15844 15832 15846 115240 246511 115243 
10 : 234931 234928 234929 83351 246822 256009 83360 246819 83354 83357 
10 : 229781 234994 105613 234992 229786 105610 229782 105621 239229 105615 
10 : 233105 153450 235039 235031 153449 233115 233107 153463 153452 238378 
10 : 235159 235157 130358 70996 263777 130372 71011 130370 71009 70981 
10 : 222470 235205 215048 235202 222475 215047 222472 215052 246383 215049 
10 : 113483 220817 213040 235210 113481 113480 113488 213037 220820 213044 
10 : 235256 235255 168235 235254 245639 168241 235850 168239 235848 168236 
10 : 44133 157306 114093 217950 44125 44121 44132 114083 157304 114091 
10 : 26135 204087 235283 235290 26130 26140 26145 204092 204094 252803 
10 : 235319 41688 235324 147937 41691 252446 147940 41699 41680 147948 
10 : 88006 95400 215664 216563 87988 88001 88002 95396 95397 215658 
10 : 235343 61008 235335 235339 61022 258626 262305 61016 61020 258625 
10 : 59766 232917 235410 8485 59764 59778 8455 232929 8482 8493 
10 : 86169 235405 106872 235408 86171 86148 86173 106879 262680 106881 
10 : 235527 22742 235526 115057 22751 264728 115064 22750 22728 115063 
10 : 235551 2261 235548 13924 2266 249801 13931 2263 2238 13928 
10 : 49628 213502 101027 31572 49624 49615 31553 101019 31566 31555 
10 : 228588 21450 235614 235611 21448 228596 228589 21460 21451 235869 
10 : 222706 235624 8307 166141 222714 8303 166137 8313 166151 8294 
10 : 92989 177865 235638 235631 92980 93000 92994 177872 177869 247994 
10 : 75410 235642 235648 235650 75411 75419 75421 238531 238533 264402 
10 : 235655 128652 197649 235652 128659 197657 241981 128647 128655 197652 
10 : 235701 179533 178900 113033 179537 178905 113039 178895 113023 113022 
10 : 179878 235705 28925 90920 179886 28915 90906 28938 90933 28906 
10 : 235712 50659 124452 225083 50669 124458 225091 50644 50658 124449 
10 : 64075 235823 235827 235819 64082 64085 64077 249952 239740 239743 
10 : 152100 229611 235876 235879 152098 152105 152111 229614 229616 250988 
10 : 235934 235931 235935 158349 246353 258003 158356 246354 158353 158357 
10 : 235953 98967 4563 195983 98976 4573 195996 4548 98958 4555 
10 : 173270 94943 47383 184621 94934 47371 173262 47364 94936 47374 
10 : 135019 235979 23869 235981 135023 23858 135026 23870 244972 23876 
10 : 161686 96530 111591 115545 96522 111581 115533 96512 96513 111575 
10 : 175072 236142 236139 224787 175082 175077 175070 251014 224799 224794 
10 : 143045 87607 57221 224613 87593 57201 143042 57194 87605 57216 
10 : 215019 176791 117760 17729 176788 117755 17728 117752 17724 17717 
10 : 152615 236195 236191 210442 152623 152619 152612 254567 210453 210447 
10 : 124690 33458 45512 236242 33443 45502 124691 33437 33462 45521 
10 : 113996 236308 204168 236305 114008 113992 114001 204179 261464 204170 
10 : 57757 236326 76834 26297 57763 57741 26275 76842 26302 26279 
10 : 219676 236409 236412 95924 219682 219685 95918 252226 95930 95936 
10 : 236575 74196 236580 185134 74199 258137 185140 74202 74186 185147 
10 : 127895 236622 219320 158499 127898 127892 127886 219327 158505 158496 
10 : 236961 236962 214511 230440 263227 214522 230450 214523 230451 214506 
10 : 92293 205053 120557 236992 92289 92288 92299 120550 205060 120565 
10 : 227652 237104 218245 237107 227654 218244 227660 218248 242602 218254 
10 : 237105 214372 12529 237103 214375 12534 239927 12524 214373 12530 
10 : 8272 213158 8444 126461 8267 8250 8261 8439 126453 8426 
10 : 110382 237182 190432 24354 110386 110374 24339 190438 24363 24347 
10 : 115338 109190 131657 209082 109167 115322 115333 109168 109181 131648 
10 : 237250 190637 188444 237252 190642 188451 260055 188434 190644 188452 
10 : 134677 222515 104797 237261 134674 104782 134687 104794 222528 104808 
10 : 119646 36038 201842 237304 36023 119641 119647 36033 36040 201846 
10 : 41768 144571 193546 21808 41763 41765 21791 144565 21795 21801 
10 : 51346 88033 237312 171936 51333 51348 51338 88035 88019 171940 
10 : 160478 210946 108673 109689 160472 108656 109673 108662 109682 108650 
10 : 115317 176766 192454 221810 115303 115306 115312 176754 176763 192451 
10 : 150858 237422 206794 160040 150863 150855 150851 206799 160044 160034 
10 : 53795 150255 140987 80123 53786 53785 53778 140975 80113 80112 
10 : 205546 179955 209810 114371 179948 205536 114361 179949 114358 114362 
10 : 237615 20720 173597 237610 20729 173606 260690 20709 20725 173603 
10 : 222994 215895 237631 188620 215889 222999 188613 215906 188610 188629 
10 : 237663 72183 94416 237664 72188 94426 265090 72170 72189 94427 
10 : 195567 237709 143578 34289 195573 143576 34281 143585 34290 34276 
10 : 22008 214894 209316 237719 22005 22003 22013 209311 214901 209322 
10 : 132614 8238 237726 58750 8230 132619 58738 8244 8225 58758 
10 : 237733 237746 237736 111167 241140 241137 111168 249354 111181 111172 
10 : 124331 84223 177404 153346 84214 124323 124321 84218 84216 153337 
10 : 237767 237769 216162 237770 250700 216164 250702 216166 259680 216167 
10 : 201725 150124 98355 237821 150120 98350 201728 98344 150126 98357 
10 : 228278 202650 233145 237825 202648 228277 228281 202649 202655 233152 
10 : 237824 188526 107361 237826 188527 107364 244718 107352 188536 107371 
10 : 201983 227016 237829 177705 201979 201987 177695 227021 177702 177713 
10 : 237830 10395 237833 235568 10404 262374 235578 10406 10394 235586 
10 : 71603 24620 151891 217886 24602 71594 71601 24609 24617 151888 
10 : 237936 237933 97153 40777 253465 97159 40782 97157 40781 40761 
10 : 83957 226184 39467 213226 83951 39445 83943 39462 213224 39457 
10 : 238030 15733 164078 198054 15740 164083 198060 15726 15729 164072 
10 : 46914 170370 122789 117309 46903 46899 46898 122778 117295 117293 
10 : 50246 238079 238086 101804 50249 50257 50229 241038 101806 101813 
10 : 238080 136906 170472 2341 136911 170476 2347 136900 2326 2331 
10 : 238154 180129 238157 122689 180139 263076 122694 180142 122679 122695 
10 : 238202 88670 213517 238206 88671 213518 243710 88665 88678 213526 
10 : 89571 214726 11585 218175 89567 11568 89570 11581 214724 11582 
10 : 238261 238260 75019 238264 260776 75029 261393 75027 260782 75034 
10 : 89175 215548 216337 238301 89172 89173 89185 215545 215561 216346 
10 : 187452 238350 14989 17767 187454 14982 17761 14991 17769 14971 
10 : 160376 225202 238447 238449 160373 160380 160381 225206 225207 262219 
10 : 238453 238455 53927 238456 253847 53932 253848 53936 258135 53937 
10 : 121566 161688 42676 84295 121554 42658 84281 42662 84282 42652 
10 : 142826 68682 134110 238504 68664 134094 142830 68663 68686 134115 
10 : 53726 238517 238518 78548 53728 53730 53713 244409 78552 78554 
10 : 224514 52043 231147 238563 52038 224510 224515 52039 52048 231153 
10 : 238565 32643 73591 216828 32644 73592 216830 32627 32640 73587 
10 : 238647 118864 217387 238645 118871 217390 246903 118860 118866 217389 
10 : 173790 174831 210739 220583 173776 173785 173787 174826 174828 210733 
10 : 170371 238693 238688 191212 170379 170376 170362 255922 191226 191220 
10 : 237792 197568 234104 127860 197567 234103 127859 197566 127848 127858 
10 : 204444 238745 238744 47940 204452 204451 47932 261126 47946 47945 
10 : 223237 233020 178570 207720 223236 178565 207711 178569 207718 178562 
10 : 219254 173889 238860 219802 173886 219266 219252 173900 173887 219813 
10 : 178125 44765 238863 6130 44759 178128 6120 44770 6106 6136 
10 : 213190 238866 206830 4709 213195 206827 4704 206836 4717 4702 
10 : 238906 233245 35032 238905 233255 35043 259800 35030 233252 35038 
10 : 238916 238914 87264 230214 260564 87272 230227 87270 230226 87263 
10 : 47163 213421 41854 170927 47158 41828 47152 41849 170925 41840 
10 : 238925 238929 16402 197670 248169 16407 197674 16412 197678 16395 
10 : 238926 238932 141677 238924 256534 141682 247671 141688 247676 141679 
10 : 238958 201747 66992 91043 201751 66996 91049 66989 91034 66976 
10 : 194252 239064 226075 239062 194259 194250 194256 226082 250487 226080 
10 : 88907 239105 239108 151112 88910 88913 88899 254642 151117 151119 
10 : 85071 214727 99605 239202 85066 85056 85081 99601 214737 99614 
10 : 226987 239247 16218 239251 226988 16212 226992 16221 252903 16225 
10 : 15595 5963 112211 239289 5943 15580 15597 5949 5967 112215 
10 : 237262 226810 239292 239295 226809 237268 237271 226814 226816 261072 
10 : 9663 152213 103793 239301 9653 9649 9664 103777 152219 103800 
10 : 205091 144715 239349 239353 144706 205093 205097 144716 144724 248751 
10 : 34668 226811 112212 239356 34665 34657 34672 112209 226813 112217 
10 : 63842 151811 219402 239366 63832 63835 63849 151805 151818 219409 
10 : 190482 239556 239557 10804 190483 190484 10792 253835 10811 10812 
10 : 99377 160258 239574 239577 99369 99387 99392 160269 160272 262114 
10 : 239599 178250 237526 168679 178255 237532 168685 178249 168671 168678 
10 : 239628 190516 239626 239624 190525 253153 242241 190520 190518 242237 
10 : 110263 239708 204858 239707 110266 110256 110265 204866 257480 204865 
10 : 126269 152945 239761 239759 126265 126276 126271 152949 152948 246562 
10 : 34412 239804 133297 74755 34422 34404 34401 133306 74767 74738 
10 : 149401 239805 177642 81459 149404 149393 81441 177645 81461 81445 
10 : 239858 158922 239860 162885 158931 263420 162893 158932 158912 162895 
10 : 239896 228120 142142 14810 228128 142149 14818 142140 14807 14793 
10 : 239904 106911 194443 104402 106912 194444 104403 106908 104390 104397 
10 : 237272 239945 157848 209141 237275 157845 209138 157858 209152 157843 
10 : 100798 213783 227172 239947 100791 100793 100800 213780 213785 227173 
10 : 128773 236414 105616 162000 128772 105599 128763 105614 161999 105601 
10 : 239996 239992 89740 239997 243252 89746 255247 89741 243253 89749 
10 : 240089 190773 95155 121613 190779 95163 121620 95150 121605 95139 
10 : 36233 219618 72156 92761 36230 36219 36221 72153 92758 72140 
10 : 222655 124532 240170 240172 124529 222663 222665 124535 124538 262199 
10 : 240203 133585 133955 10644 133589 133962 10651 133571 10621 10622 
10 : 49336 215477 38136 234293 49333 38116 49334 38132 215475 38133 
10 : 199985 66359 166142 31685 66350 166134 31680 66345 31665 31673 
10 : 87233 86877 240243 163668 86862 87242 87230 86885 86871 163674 
10 : 207755 205432 86729 240278 205427 86724 207757 86722 205436 86734 
10 : 142811 2584 240281 200869 2572 142813 142806 2588 2580 200874 
10 : 221154 8017 240282 158074 8011 221161 158064 8023 8004 158080 
10 : 240290 108806 201358 94308 108814 201366 94316 108799 94291 94301 
10 : 224595 240307 214659 220330 224610 214654 220326 214676 220346 214652 
10 : 240300 240302 218061 240299 258617 218065 257424 218071 257427 218064 
10 : 174435 76517 240415 240410 76504 174442 174436 76524 76518 242455 
10 : 174729 158718 206757 230153 158704 174722 174727 158709 158716 206753 
10 : 240577 101992 225719 240576 101999 225728 261318 101989 101997 225725 
10 : 105236 217515 38747 177053 105234 38733 105228 38743 177048 38739 
10 : 240604 98713 193955 240603 98720 193960 260852 98706 98718 193958 
10 : 46599 57033 114931 221422 46587 46589 46596 57021 57030 114925 
10 : 82185 233189 224352 240642 82182 82181 82195 224347 233198 224361 
10 : 240697 85864 240698 240699 85868 254969 254972 85872 85873 260711 
10 : 240703 50467 80803 31430 50472 80810 31438 50455 31405 31409 
10 : 113002 240767 240764 240769 113010 113004 113014 251693 259086 251696 
10 : 240807 124311 90014 76101 124315 90021 76106 89995 76078 76073 
10 : 240816 164927 230700 233021 164931 230705 233025 164924 164925 230698 
10 : 6391 69176 240861 240863 6378 6396 6397 69179 69180 261059 
10 : 240862 190249 111458 235008 190253 111462 235015 111448 190246 111457 
10 : 229482 2461 47967 240866 2458 47965 229484 2443 2463 47969 
10 : 46092 240918 10736 240919 46096 10713 46097 10738 248340 10739 
10 : 219387 16697 240922 212083 16695 219397 212080 16707 16692 212092 
10 : 193833 5730 201027 157661 5721 193827 157649 5724 5719 157652 
10 : 844 171002 53213 145709 838 831 835 53202 145698 53199 
10 : 195903 36039 241111 221032 36031 195905 195901 36042 36036 221035 
10 : 241116 77168 219691 241112 77174 219703 254989 77164 77171 219694 
10 : 212999 230252 203389 64687 212998 203386 64680 203388 64685 64679 
10 : 241148 61750 241146 92113 61762 262085 92125 61756 61737 92122 
10 : 196678 234081 195246 197063 196676 195236 196671 195245 197059 195237 
10 : 221084 241202 241197 196921 221100 221092 196917 257202 196935 196927 
10 : 78100 241239 241245 241244 78101 78108 78107 250256 250254 263869 
10 : 175622 59197 159425 159740 59187 159412 159728 59182 59183 159409 
10 : 219388 10737 214912 241242 10731 214905 219395 10729 10742 214916 
10 : 125554 199116 56573 241262 125550 56556 125558 56565 199117 56578 
10 : 12305 174205 241359 38293 12295 12310 12286 174210 38285 38298 
10 : 241377 241379 237290 198434 265298 237302 198445 237303 198446 198431 
10 : 241491 172951 168782 212460 172958 168790 212470 168769 172944 168775 
10 : 241503 190621 202749 241507 190624 202756 260558 190612 190628 202762 
10 : 241518 241519 241515 43034 259653 246597 43043 246601 43046 43036 
10 : 221895 126428 241529 157146 126424 221897 157140 126435 126414 157149 
10 : 241532 171674 82602 132003 171686 82613 132015 82586 131991 82583 
10 : 241560 20024 231273 204218 20025 231276 204223 20021 20016 204217 
10 : 39870 241564 3115 5506 39872 3092 5475 3117 5508 3089 
10 : 86699 241629 154666 241632 86700 86691 86704 154667 242321 154669 
10 : 131581 191794 205836 241670 131573 131575 131584 191791 191798 205841 
10 : 179702 241672 219049 241669 179709 179701 179703 219061 242892 219050 
10 : 114178 241714 148746 152215 114183 114167 114168 148757 152221 148739 
10 : 9032 241736 241734 118733 9038 9037 9014 252402 118741 118740 
10 : 241764 63396 131534 241763 63402 131538 247257 63387 63400 131536 
10 : 241769 75820 227425 155774 75826 227433 155778 75818 75810 155771 
10 : 42521 149617 177423 40814 42509 42514 40792 149611 40803 40807 
10 : 175623 141014 241835 241831 140999 175631 175625 141024 141017 248802 
10 : 238044 211717 9416 241871 211713 9415 238048 9407 211723 9420 
10 : 238104 241903 161880 241905 238105 161878 238108 161881 242631 161884 
10 : 226800 79744 200550 199284 79740 200549 199280 79737 79736 199275 
10 : 204709 241953 221752 241952 204719 204705 204718 221762 264532 221761 
10 : 192434 241959 37017 88728 192435 37009 88716 37022 88732 37002 
10 : 99559 86397 242073 98041 86381 99563 98022 86398 86380 98046 
10 : 242160 227493 242159 130252 227508 262946 130269 227505 130249 130262 
10 : 234338 242167 95156 188195 234346 95154 188194 95166 188206 95149 
10 : 129764 237013 242265 214006 129761 129769 129756 237019 214004 214012 
10 : 242278 168266 242275 119694 168274 247464 119700 168267 119679 119695 
10 : 242313 242311 190704 154144 258652 190713 154157 190710 154150 154135 
10 : 181421 114479 242339 74245 114467 181423 74231 114482 74227 74248 
10 : 203579 165894 242345 200591 165878 203588 200577 165901 165877 200599 
10 : 160660 66578 242524 152869 66568 160662 152862 66582 66567 152875 
10 : 211414 242576 140829 217468 211419 140821 211405 140840 217477 140823 
10 : 1017 242613 127736 210089 1027 1006 1014 127745 210099 127728 
10 : 105841 242630 189805 242623 105850 105833 105842 189820 244299 189806 
10 : 26698 242712 92763 242710 26703 26692 26701 92773 258661 92769 
10 : 206400 209655 242726 143071 206393 206406 143060 209665 143061 143078 
10 : 138071 242750 60062 242755 138078 60045 138083 60066 261554 60069 
10 : 156908 242754 196314 194828 156920 156903 156902 196326 194842 194821 
10 : 242759 234094 117038 32434 234098 117042 32438 117034 32431 32423 
10 : 242808 242804 16219 200592 256826 16227 200602 16222 200596 16201 
10 : 240813 182988 131741 151501 182986 131739 151499 131732 151490 131726 
10 : 222724 242896 241749 87936 222727 222723 87930 241754 87940 87935 
10 : 227593 192649 232245 242898 192645 227589 227599 192646 192656 232251 
10 : 195298 228235 242905 189096 195295 195304 189089 228241 189093 189101 
10 : 242987 242990 153690 242984 256501 153697 248351 153701 248356 153694 
10 : 241315 242995 37649 121588 241320 37648 121587 37658 121594 37639 
10 : 209861 207484 243008 26626 207481 209869 26620 207488 26619 26633 
10 : 171338 117390 172217 134206 117384 171330 134191 117385 117378 134192 
10 : 243032 243034 243030 161498 252006 246157 161503 246159 161505 161500 
10 : 243075 181617 243080 243076 181619 246846 246837 181628 181620 249488 
10 : 162056 87644 161097 27435 87640 161091 27424 87639 27413 27423 
10 : 243128 180403 243126 213106 180411 247849 213117 180404 180398 213108 
10 : 93477 243148 243144 162309 93484 93480 93466 252656 162320 162315 
10 : 128528 139864 243196 243194 128522 128536 128529 139873 139865 244901 
10 : 143839 10452 243240 151115 10433 143846 143825 10458 10435 151123 
10 : 217497 62846 234662 59624 62843 217496 59621 62844 59596 59623 
10 : 243286 85099 243276 243283 85112 245995 262976 85100 85109 245993 
10 : 243287 216008 243281 134348 216021 258605 134359 216013 134342 134351 
10 : 218530 243291 206740 243290 218534 206736 218531 206745 253016 206742 
10 : 221440 2737 243305 243307 2733 221442 221445 2741 2747 252501 
10 : 243373 240057 243368 243369 240069 255468 257210 240059 240060 255458 
10 : 243408 89469 120237 229535 89476 120243 229544 89453 89466 120235 
10 : 83634 243432 243434 243433 83637 83640 83639 255116 255115 257227 
10 : 11205 36266 243493 168881 11190 11210 11199 36270 36256 168889 
10 : 87196 42522 243498 243502 42501 87197 87203 42523 42527 254880 
10 : 94922 163259 169220 243584 94912 94913 94926 163248 163266 169229 
10 : 243638 201028 243639 243641 201037 262106 262107 201039 201042 263444 
10 : 243642 233060 243645 44767 233062 250714 44768 233065 44764 44779 
10 : 90710 243689 201437 238942 90713 90704 90709 201443 238947 201436 
10 : 75001 65082 82449 3289 65061 74989 3265 65063 3263 3266 
10 : 187541 145452 13602 243741 145444 13589 187547 13585 145460 13612 
10 : 138210 243768 50944 243767 138218 50934 138217 50957 261412 50955 
10 : 196462 243775 128219 160289 196463 128213 160279 128220 160292 128209 
10 : 243778 120130 148257 173426 120138 148264 173437 120112 120118 148246 
10 : 43582 243875 158262 205751 43583 43570 43575 158266 205756 158255 
10 : 136957 233009 24208 38413 136954 24191 38397 24205 38412 24184 
10 : 19048 243917 233896 202522 19056 19046 19042 233905 202528 202521 
10 : 230433 243921 195248 233422 230435 195242 230429 195251 233425 195244 
10 : 202329 238114 106452 243953 202328 106447 202333 106450 238121 106462 
10 : 161568 167293 243998 179149 161559 161570 161560 167298 167281 179157 
10 : 9054 197731 244029 28762 9051 9063 9039 197741 28756 28771 
10 : 15507 125248 244044 219865 15499 15517 15503 125260 125245 219880 
10 : 64600 145680 163971 5639 64585 64586 5610 145664 5619 5620 
10 : 244092 86193 61579 110702 86198 61587 110711 61555 86177 61558 
10 : 211143 91676 244130 156374 91672 211145 156370 91677 91667 156376 
10 : 214883 27810 244204 244206 27807 214887 214889 27819 27821 262307 
10 : 13350 67944 244314 77725 13333 13354 13334 67947 67926 77729 
10 : 75927 244359 244360 229283 75936 75938 75924 260294 229290 229291 
10 : 102316 11810 159530 235136 11792 102311 102315 11801 11808 159528 
10 : 244450 225314 144306 244451 225322 144310 260848 144302 225324 144311 
10 : 243537 45666 230702 244471 45665 230701 243544 45660 45675 230707 
10 : 244482 148021 229677 174926 148027 229682 174928 148018 148011 174920 
10 : 156444 197148 173086 218784 156438 156432 156440 173080 197146 173082 
10 : 179864 24776 10336 20245 24765 10325 20230 10316 20219 10315 
10 : 244713 202653 211972 96635 202654 211973 96636 202646 96627 96628 
10 : 244714 117149 155666 244716 117151 155668 251638 117139 117154 155670 
10 : 36968 244781 229664 164949 36969 36965 36959 229665 164950 164945 
10 : 179500 108318 183667 174852 108307 179492 174842 108308 108306 174843 
10 : 195081 171296 33844 223996 171289 33834 195077 33832 171291 33838 
10 : 139948 244964 223754 103397 139954 139943 103381 223764 103410 103392 
10 : 152008 243901 147425 156375 152007 147410 152001 147424 156373 147412 
10 : 244994 45983 244996 225618 45989 260583 225626 45991 45980 225628 
10 : 177192 245035 208929 71394 177200 177184 71380 208937 71402 71385 
10 : 196907 153941 218556 217088 153931 196901 196900 153936 153935 217079 
10 : 245083 139194 245086 245088 139197 252806 252808 139201 139205 263539 
10 : 245090 187514 1836 245092 187517 1839 252534 1825 187524 1846 
10 : 245116 245115 198107 219346 263317 198113 219353 198111 219352 198105 
10 : 43704 245120 36617 60578 43708 36599 43692 36621 60582 36601 
10 : 245134 179929 104501 52933 179936 104503 52940 104493 52921 52912 
10 : 124860 245222 162659 194830 124861 124852 124854 162660 194831 162650 
10 : 174167 225356 205582 215217 174160 174156 174158 205577 215213 205576 
10 : 223533 245244 194560 43344 223537 194558 43339 194565 43350 43335 
10 : 245276 128630 245270 104405 128636 247331 104416 128631 104391 104406 
10 : 245280 210873 55522 232291 210874 55523 232294 55516 210870 55521 
10 : 166351 245291 190020 245293 166353 166341 166355 190025 260689 190027 
10 : 101869 201570 245326 20246 101864 101871 20226 201572 20236 20247 
10 : 139610 177613 151843 473 139599 139594 451 151827 456 452 
10 : 102086 224154 245422 245420 102084 102093 102090 224159 224158 260416 
10 : 203127 193164 245428 244105 193148 203131 203126 193172 193163 244108 
10 : 236389 245451 151177 62037 236394 151176 62035 151187 62048 62025 
10 : 18484 93773 94310 198676 18468 18469 18480 93761 93769 94300 
10 : 82291 245492 37385 146018 82296 37367 82281 37398 146028 37371 
10 : 146416 12492 6244 93252 12475 6226 93234 6217 12472 6221 
10 : 238612 238461 212739 114458 238458 212735 114457 212734 114456 114450 
10 : 245583 208366 7244 245584 208376 7255 264718 7237 208378 7257 
10 : 62689 118201 245631 234295 62674 62692 62685 118205 118199 234299 
10 : 72814 168186 245707 5342 72800 72815 5317 168188 5327 5345 
10 : 232125 16738 2300 245713 16733 2297 232131 2273 16749 2309 
10 : 245732 105511 7575 169518 105520 7586 169527 7557 105497 7561 
10 : 245743 245746 245747 130482 254546 254547 130485 256785 130488 130489 
10 : 63263 140806 47420 167434 63247 47395 63252 47402 140795 47406 
10 : 174909 50527 245787 202112 50515 174912 174903 50536 50519 202120 
10 : 55077 209965 245819 307 55073 55079 278 209968 297 312 
10 : 56041 245825 212236 245824 56045 56035 56043 212249 258333 212244 
10 : 245871 245872 180080 202752 251080 180081 202753 180084 202755 180070 
10 : 245967 245968 245358 240324 256110 245361 240331 245367 240337 240323 
10 : 188256 189380 160041 166846 188249 160031 166836 160032 166837 160028 
10 : 72302 168756 229726 246013 72296 72300 72305 168751 168759 229730 
10 : 246045 241639 237552 246042 241647 237560 261281 237549 241646 237558 
10 : 229091 209828 76239 35472 209823 76238 35469 76233 35462 35442 
10 : 206269 246178 17464 246221 206268 17460 206277 17463 246182 17468 
10 : 32703 237490 61294 158954 32700 32684 32691 61290 158953 61277 
10 : 246284 246283 200118 246288 247079 200120 251079 200119 247088 200132 
10 : 28890 246326 99354 246324 28895 28877 28893 99357 251240 99355 
10 : 218941 246459 230007 246457 218952 218939 218946 230015 257809 230012 
10 : 96177 62874 246536 198677 62857 96180 96170 62877 62867 198681 
10 : 246538 246071 17298 235590 246077 17301 235597 17297 235589 17292 
10 : 107900 94450 198596 91048 94430 107888 91017 94443 91016 91032 
10 : 156834 246679 246676 48723 156839 156835 48706 259172 48728 48725 
10 : 119995 44303 114771 243149 44293 114756 119994 44292 44302 114770 
10 : 246684 228711 192560 52242 228710 192559 52241 192558 52232 52227 
10 : 69177 75648 145 203429 69159 130 69168 131 75638 140 
10 : 246788 245638 246787 246118 245643 257028 246130 245640 245637 246124 
10 : 246799 67712 178144 246797 67722 178152 261994 67703 67718 178149 
10 : 246814 19049 180510 49424 19058 180516 49431 19037 19029 49412 
10 : 199946 246863 212293 246865 199947 199939 199952 212294 255757 212298 
10 : 246958 175074 127623 246960 175076 127625 249772 127613 175078 127628 
10 : 136136 247019 247017 111512 136141 136140 111496 259485 111522 111519 
10 : 247059 247062 235456 135497 253449 235459 135499 235465 135504 135492 
10 : 239715 67822 217207 104160 67819 217206 104159 67818 67798 104156 
10 : 116921 247136 123759 247130 116926 116907 116923 123770 250492 123762 
10 : 179977 93800 26662 247068 93788 26651 179976 26643 93799 26661 
10 : 209035 247131 62040 203654 209040 62031 203645 62043 203658 62030 
10 : 215491 92508 204144 247180 92500 204135 215494 92497 92512 204152 
10 : 233411 148874 214342 247232 148869 214339 233416 148864 148879 214349 
10 : 108158 193288 110916 178044 108150 108145 108147 110905 178036 110901 
10 : 89425 224097 247268 70330 89423 89430 70303 224104 70326 70338 
10 : 242349 247319 187413 226093 242354 187411 226092 187421 226097 187405 
10 : 247353 227245 182141 158719 227247 182144 158723 182136 158714 158706 
10 : 102022 210688 235372 135048 102015 102019 102002 210686 135038 135044 
10 : 148875 96309 247365 205584 96290 148877 148863 96312 96296 205588 
10 : 49392 108319 136284 134596 49376 49380 49379 108303 108302 134583 
10 : 239863 247510 121614 247509 239865 121612 239864 121618 251130 121616 
10 : 170330 191096 162404 16851 170322 162390 16838 162394 16841 16837 
10 : 247522 223635 113757 210244 223643 113763 210252 113752 210237 113749 
10 : 230072 247601 184871 176008 230081 184864 176001 184884 176019 175997 
10 : 247600 224049 247594 84114 224059 248931 84125 224050 84105 84115 
10 : 54356 157953 247614 247608 54346 54366 54361 157966 157958 257859 
10 : 247609 54248 247604 247602 54256 251863 248317 54253 54249 248315 
10 : 79770 225411 160558 108674 79768 79764 79761 160554 108668 108657 
10 : 247648 247650 247647 247649 260309 255288 260308 255291 263844 255289 
10 : 8356 184109 70261 124566 8346 8339 8342 70247 124553 70239 
10 : 197212 166370 167855 137663 166362 167845 137656 166359 137652 137653 
10 : 118942 217071 37387 246702 118936 37370 118941 37380 217070 37386 
10 : 247812 107815 49932 187044 107820 49936 187048 49917 107809 49924 
10 : 246848 216306 244422 82223 216305 244420 82222 216303 82214 82220 
10 : 248010 34936 13526 248012 34937 13528 259213 13505 34941 13531 
10 : 248030 126640 85771 225849 126642 85773 225851 85751 126637 85767 
10 : 9690 230870 115273 248035 9686 9673 9696 115267 230876 115280 
10 : 183762 243103 248117 212086 183761 183768 183755 243107 212084 212091 
10 : 248123 7658 118943 19610 7662 118951 19617 7649 7639 19591 
10 : 104098 201098 222597 182241 104092 104095 104090 201093 182228 182232 
10 : 248206 156318 248203 39618 156328 259731 39631 156325 39600 39622 
10 : 35747 18583 40013 248252 18555 35725 35755 18556 18592 40021 
10 : 199887 109288 200887 39326 109280 199879 39316 109281 39298 39317 
10 : 248250 3407 227889 18853 3416 227896 18861 3405 3392 18850 
10 : 202134 248259 151256 38749 202139 151252 38742 151267 38757 38735 
10 : 125667 188731 26555 248276 125656 26540 125670 26543 188738 26565 
10 : 248294 248292 204367 182920 259770 204371 182924 204370 182923 182912 
10 : 110638 248396 108398 92265 110649 108383 92248 108409 92276 92247 
10 : 161456 218372 214785 178754 161451 161450 161446 214778 178747 178745 
10 : 79161 248412 234797 201597 79164 79157 79153 234804 201607 201593 
10 : 236796 202925 218313 155776 202922 218311 155773 202918 155767 155770 
10 : 109464 175056 168659 248510 109456 109455 109467 168648 175061 168663 
10 : 189773 248520 117786 205461 189780 117773 189766 117796 205470 117777 
10 : 186269 69204 231173 38866 69193 186264 38851 69202 38839 38862 
10 : 206660 248600 248601 243019 206662 206672 206657 249495 243020 243026 
10 : 219931 248712 248711 155172 219936 219934 155164 261732 155178 155177 
10 : 171716 58265 209952 248754 58254 171710 171718 58262 58267 209953 
10 : 168129 248803 195966 241544 168133 168122 168128 195971 241547 195964 
10 : 20323 134082 197497 248811 20308 20317 20326 134075 134088 197505 
10 : 76295 212211 248842 244595 76292 76296 76294 212216 212210 244599 
10 : 157376 156672 212388 71779 156654 157371 71764 156662 71763 71771 
10 : 218882 104252 157933 248850 104248 157922 218884 104243 104254 157936 
10 : 248858 156729 188764 228300 156731 188767 228302 156722 156725 188762 
10 : 189523 151376 90230 235538 151362 90218 189520 90212 151372 90224 
10 : 146251 3598 163285 248909 3585 146245 146253 3588 3601 163288 
10 : 14933 196999 65333 227903 14926 14914 14928 65326 196992 65330 
10 : 197291 119309 37941 216400 119294 37925 197286 37919 119300 37934 
10 : 201427 37165 248995 114372 37152 201430 114360 37170 37145 114376 
10 : 181081 212370 111171 117548 181075 111159 117537 111164 117542 111151 
10 : 249027 131506 249025 110313 131513 256994 110323 131511 110295 110318 
10 : 169248 170258 53106 81330 169235 53095 81317 53096 81318 53086 
10 : 249074 233472 249077 51929 233475 263399 51937 233477 51925 51940 
10 : 246476 38828 233948 249080 38827 233947 246482 38825 38833 233955 
10 : 236369 178479 249140 115418 178477 236370 115416 178481 115408 115421 
10 : 101465 188841 249180 49555 101458 101469 49531 188846 49545 49563 
10 : 148226 130570 135922 224708 130555 135907 148221 130553 130564 135914 
10 : 249196 174455 225074 249195 174468 225080 264767 174452 174467 225079 
10 : 249222 198232 111948 248781 198239 111956 248790 111938 198231 111947 
10 : 151550 186287 199445 4008 151542 151543 3993 186274 3997 4000 
10 : 9571 249229 211201 200048 9572 9564 9562 211202 200049 200041 
10 : 201428 236479 179959 100741 201424 179947 100731 179954 100738 100729 
10 : 89040 121847 49425 182171 89024 49404 89032 49405 121834 49414 
10 : 144527 13572 139754 116101 13553 139738 116085 13551 13547 116083 
10 : 49665 249295 165689 249296 49669 49651 49671 165691 259220 165693 
10 : 173146 249321 54250 249320 173157 54239 173152 54262 262590 54258 
10 : 249317 249315 235304 203313 250237 235308 203318 235305 203314 203309 
10 : 77098 75002 249326 249325 74988 77101 77100 75004 75003 262670 
10 : 249355 249356 247713 219301 262033 247716 219304 247718 219307 219300 
10 : 249359 240158 212971 119214 240162 212978 119222 212969 119212 119207 
10 : 249395 245933 87237 22654 245936 87245 22659 87236 22651 22633 
10 : 249403 243358 206529 249407 243363 206535 263963 206527 243367 206539 
10 : 243055 91869 195250 192740 91867 195247 192738 91855 91854 192723 
10 : 249507 159766 217580 196922 159775 217592 196932 159760 159755 196916 
10 : 160531 224099 184186 239838 160528 160525 160529 184182 224095 184184 
10 : 249521 151844 222923 185225 151848 222927 185229 151837 151828 185219 
10 : 249631 43783 249633 248447 43784 254723 248448 43785 43782 248450 
10 : 249635 249632 196315 213672 257652 196323 213677 196317 213674 196310 
10 : 249641 201030 145996 249643 201040 146003 264004 145989 201041 146004 
10 : 233080 167857 249669 241595 167850 233087 233076 167864 167852 241603 
10 : 248885 246880 33046 121267 246878 33045 121266 33042 121263 33024 
10 : 189942 249820 249821 239779 189945 189948 189939 263666 239784 239785 
10 : 179230 129656 176187 231959 129645 176175 179227 129642 129652 176180 
10 : 245753 249844 249838 249840 245764 245759 245761 262678 264378 262675 
10 : 168858 18585 134934 229073 18573 134921 168853 18565 18582 134930 
10 : 241883 72782 249917 249916 72779 241889 241887 72791 72790 263624 
10 : 249978 249977 248228 81709 252961 248234 81713 248231 81711 81708 
10 : 198100 161060 33633 188842 161053 33624 188832 33617 161050 33622 
10 : 238194 134058 232779 250030 134053 232775 238197 134052 134062 232783 
10 : 38085 150749 170186 137377 38073 38074 38071 150738 137361 137363 
10 : 222438 231458 225228 244226 222433 222432 222436 225225 231455 225226 
10 : 250052 14776 54220 58789 14783 54225 58797 14752 14753 54200 
10 : 9949 250054 117656 250057 9950 9940 9957 117658 252073 117666 
10 : 92971 231217 32933 250059 92965 32912 92972 32929 231220 32937 
10 : 15598 226812 227303 250064 15593 15594 15602 226807 226815 227309 
10 : 152053 132977 206552 162889 132959 152047 152041 132969 132960 162878 
10 : 245142 250234 238821 68964 245148 238818 68962 238830 68975 68959 
10 : 72444 89235 49156 88470 72424 49127 72423 49133 88443 49132 
10 : 47518 250376 121589 59627 47519 47502 47492 121590 59628 59606 
10 : 214213 250390 10339 195183 214218 10334 195175 10346 195192 10328 
10 : 226743 210513 245675 54691 210510 226741 54683 210511 54681 54687 
10 : 126997 211219 20570 250426 126995 20551 127006 20560 211230 20581 
10 : 250512 63295 83635 151729 63301 83642 151735 63276 63286 83624 
10 : 225344 30486 250549 247415 30482 225352 225342 30494 30485 247428 
10 : 79947 250572 122455 43182 79951 79934 43155 122460 43186 43162 
10 : 226928 59035 154147 203680 59028 154141 203675 59016 59024 154138 
10 : 233462 250626 87011 5509 233467 87004 5503 87014 5518 5483 
10 : 112369 126749 120258 241337 112356 112354 112365 120244 126747 120255 
10 : 238970 150441 179961 231072 150437 179956 231069 150425 150433 179953 
10 : 250689 214376 206177 32188 214379 206182 32192 206168 32180 32177 
10 : 124745 250737 250440 250732 124753 124744 124748 250449 258123 250445 
10 : 160111 238810 250222 79832 160108 160110 79811 238809 79825 79831 
10 : 190150 43315 212089 120049 43306 190145 120033 43307 43298 120039 
10 : 250777 250779 250775 113409 261764 257481 113415 257483 113418 113412 
10 : 250789 231700 250786 148054 231706 251205 148060 231701 148045 148055 
10 : 240201 183763 72613 220946 183760 72611 220942 72600 183756 72608 
10 : 250831 66201 250832 63041 66204 259131 63043 66205 63020 63044 
10 : 106815 120661 250858 217151 106802 106820 106809 120665 120653 217155 
10 : 226693 250868 250870 209238 226699 226703 209233 260755 209245 209251 
10 : 59536 250922 91194 239096 59540 59518 59535 91198 239100 91190 
10 : 197292 156191 19515 231073 156178 19504 197288 19498 156186 19513 
10 : 250973 91259 109407 166119 91264 109411 166127 91248 91252 109396 
10 : 121848 250998 180512 185807 121851 121833 121835 180515 185810 180499 
10 : 185898 247254 172429 182172 185896 172416 182156 172428 182170 172413 
10 : 60755 251035 44769 149765 60763 44747 60741 44780 149779 44757 
10 : 27842 251190 251195 57370 27846 27854 27824 252767 57373 57380 
10 : 128883 103893 251220 197911 103874 128888 128877 103897 103883 197918 
10 : 40287 163371 13105 229561 40274 13083 40282 13092 163364 13100 
10 : 210090 185443 81015 122276 185435 81005 122267 80996 122258 80995 
10 : 182884 251320 122200 251315 182891 122188 182887 122210 259826 122204 
10 : 99832 251334 106113 38297 99837 99813 38277 106120 38306 38279 
10 : 125608 191561 251330 112448 125593 125612 112424 191565 112435 112452 
10 : 251353 91726 251350 251348 91737 259918 253998 91733 91729 253989 
10 : 251357 170629 251359 242035 170632 263094 242040 170635 170627 242042 
10 : 251383 251377 251372 251382 260454 256419 265204 256413 260453 256418 
10 : 251402 211499 144717 137346 211512 144723 137357 144707 137338 137332 
10 : 232998 236482 216402 147106 232994 216397 147099 216398 147100 147094 
10 : 56144 16255 250527 119045 16229 56143 56120 16254 16233 119044 
10 : 207498 177229 242640 129657 177220 207496 129648 177227 129644 129654 
10 : 112561 223170 251534 81016 112557 112564 80993 223173 81011 81021 
10 : 92339 3849 172156 215297 3832 92326 92331 3836 3844 172146 
10 : 251546 98880 7725 196923 98886 7732 196928 7704 98872 7714 
10 : 87873 251574 60471 201687 87883 60448 87869 60480 201698 60464 
10 : 175248 251610 249598 66919 175249 175246 66908 249599 66920 66918 
10 : 251633 23403 232903 130130 23414 232914 130138 23398 23385 130123 
10 : 184248 249282 189979 242940 184247 184238 184245 189978 242939 189976 
10 : 251644 251648 251642 10136 264040 254795 10146 254797 10150 10139 
10 : 226939 190091 251676 200594 190085 226948 200585 190099 190077 200603 
10 : 64884 198663 224440 192481 64873 64875 64870 198654 192468 192472 
10 : 170808 251851 181227 251843 170813 170801 170810 181234 257148 181231 
10 : 42880 76520 5641 183017 42856 5606 42866 5611 76506 5624 
10 : 251882 251881 27397 251884 256787 27403 261165 27402 256789 27404 
10 : 129087 179070 15782 213888 129072 15757 129078 15763 179056 15769 
10 : 59251 251979 197498 251977 59258 59242 59256 197506 259549 197503 
10 : 234503 224354 251976 215898 224348 234505 215892 224358 215890 215901 
10 : 89574 198340 157626 99608 89565 89562 89558 157615 99598 99593 
10 : 205840 242884 45377 249760 205837 45366 205839 45374 242883 45376 
10 : 246378 123585 209624 11557 123580 209621 11554 123575 11542 11551 
10 : 24554 186593 65600 229625 24546 24538 24552 65588 186588 65596 
10 : 249945 30642 252138 105796 30639 249947 105794 30652 30623 105803 
10 : 54903 249878 252180 252181 54901 54905 54909 249881 249886 260080 
10 : 94876 169048 196095 252206 94865 94868 94878 169038 169050 196096 
10 : 244018 252208 252209 108781 244024 244025 108780 261728 108784 108785 
10 : 169187 177526 4421 111566 169175 4406 111547 4409 111548 4401 
10 : 134643 98404 242036 223424 98389 134641 134639 98400 98398 223420 
10 : 7796 168784 74382 252316 7784 7781 7797 74369 168787 74385 
10 : 133930 12311 244641 139662 12290 133927 133917 12308 12292 139657 
10 : 157563 155470 247291 239823 155450 157561 157559 155468 155466 239819 
10 : 199553 144883 220968 59439 144873 199544 59427 144879 59418 59430 
10 : 240563 210131 252439 169250 210129 240569 169246 210137 169242 169257 
10 : 123686 224778 111459 252458 123680 111438 123691 111454 224783 111463 
10 : 183453 245236 252493 35981 183451 183454 35966 245237 35976 35982 
10 : 220521 241233 148876 154566 220519 148865 154555 148871 154561 148857 
10 : 2716 63818 214091 252495 2696 2709 2718 63810 63821 214094 
10 : 43706 100005 152874 243167 43694 43697 43703 99992 100003 152870 
10 : 252529 252524 252522 218574 261952 257810 218587 257807 218583 218578 
10 : 21247 62723 211875 252580 21229 21241 21248 62721 62727 211879 
10 : 205136 74899 143494 193464 74890 143486 193456 74883 74888 143484 
10 : 252630 246895 216769 121724 246896 216770 121725 216767 121722 121716 
10 : 54389 234411 231702 149123 54384 54382 54372 231696 149118 149116 
10 : 169088 252667 63670 238313 169093 63659 169085 63678 238319 63666 
10 : 168359 157521 252690 73463 157511 168363 73442 157525 73440 73467 
10 : 234880 223228 168037 252700 223225 168034 234881 168032 223229 168038 
10 : 195880 252705 172058 235458 195884 172046 195876 172061 235466 172052 
10 : 241679 180322 252774 252772 180319 241687 241683 180329 180325 263998 
10 : 252842 188483 176474 233994 188487 176479 234001 176465 188480 176471 
10 : 51590 163694 96227 39006 51583 51579 38985 96218 38997 38989 
10 : 252857 16983 147611 218314 16992 147621 218323 16971 16979 147606 
10 : 252897 252899 252904 225620 252930 252933 225621 258517 225624 225630 
10 : 228945 208814 17187 234246 208805 17178 228940 17170 208807 17180 
10 : 246422 226476 178906 248867 226473 178901 246421 178899 226475 178904 
10 : 224577 230010 84705 88598 224574 84699 88590 84700 88592 84687 
10 : 251386 252959 21176 252954 251391 21175 251387 21183 257429 21179 
10 : 250320 193704 153583 252987 193703 153582 250321 153575 193707 153586 
10 : 149669 244167 253027 238724 149667 149671 149666 244169 238722 238727 
10 : 249741 240677 216549 253031 240676 216548 249742 216544 240678 216551 
10 : 80213 162177 253104 164374 80202 80214 80204 162184 162162 164377 
10 : 154737 215349 253129 191767 154732 154745 154727 215356 191759 191772 
10 : 74217 210808 231716 234182 74211 74214 74215 210804 210805 231712 
10 : 86534 82191 252691 253168 82173 86533 86535 82190 82192 252692 
10 : 211386 128843 253210 253212 128835 211388 211393 128847 128850 262963 
10 : 253325 163393 88199 166459 163396 88202 166461 88187 163380 88188 
10 : 253330 146642 135470 18587 146644 135472 18588 135454 18570 18566 
10 : 203731 253334 48149 160975 203737 48135 160958 48153 160980 48129 
10 : 153793 253398 194293 225264 153801 153782 153787 194299 225270 194288 
10 : 224228 245661 253422 201907 224225 224229 201898 245662 201904 201908 
10 : 253446 46204 5308 72159 46209 5313 72165 5287 46190 5289 
10 : 129854 198962 206964 253450 129848 129850 129860 198957 198965 206972 
10 : 232557 37049 240741 251268 37044 232553 232556 37045 37048 240740 
10 : 198341 221491 164665 475 198333 164652 460 164656 465 455 
10 : 224084 60439 246083 253489 60430 224081 224088 60435 60441 246086 
10 : 14300 39979 245349 182516 14279 14297 14289 39975 39969 182511 
10 : 167597 117630 129444 120904 117611 129431 120886 117608 117605 120882 
10 : 142007 11333 224959 243510 11320 142002 142005 11329 11332 224957 
10 : 184569 195527 133834 142771 184562 133821 142756 133822 142757 133818 
10 : 35720 247080 52937 133988 35718 35696 35704 52934 133984 52915 
10 : 200233 27727 28811 182173 27710 28798 182157 27694 27706 28793 
10 : 59382 45668 164930 79481 45648 59375 59371 45655 45650 79465 
10 : 204889 190961 41565 225499 190953 41556 204884 41552 190956 41560 
10 : 432 44971 224678 93775 410 426 415 44963 44949 93770 
10 : 240015 253795 46838 247417 240019 46832 240013 46845 247423 46834 
10 : 199024 5438 115786 212464 5428 115770 199017 5421 5429 115771 
10 : 168903 85608 253880 61460 85594 168907 61447 85610 61437 61463 
10 : 253917 178404 7830 170261 178408 7834 170266 7818 170250 7816 
10 : 21944 183835 94281 28174 21936 21929 21925 94273 28167 28159 
10 : 109038 248941 240624 161083 109037 109034 109022 240623 161081 161078 
10 : 186576 59476 163976 189561 59459 163959 186559 59455 59460 163960 
10 : 111273 51410 254000 221109 51393 111275 111267 51412 51406 221110 
10 : 252642 254003 240779 252587 252643 240777 252586 240782 252589 240776 
10 : 194633 254036 25236 143273 194637 25224 143259 25239 143275 25219 
10 : 169107 175627 254090 74791 169095 169108 74775 175630 74777 74795 
10 : 254094 244272 248457 202196 244280 248460 202204 244271 202191 202194 
10 : 214214 30337 117997 201284 30331 117989 201278 30321 30328 117986 
10 : 138419 254195 119574 212757 138420 119555 138408 119577 212759 119561 
10 : 196723 254220 124427 217956 196729 124415 196716 124432 217959 124420 
10 : 110408 109013 254225 254226 108995 110410 110413 109015 109016 261590 
10 : 124508 121820 173827 254246 121808 124499 124514 121810 121826 173836 
10 : 247096 179380 67346 237400 179379 67344 237396 67332 179375 67341 
10 : 230189 235298 224301 194008 230186 224293 193998 224294 194000 193996 
10 : 254465 254467 48572 246660 257930 48575 246664 48581 246670 48571 
10 : 61669 83059 254473 254472 61654 61674 61672 83062 83061 262487 
10 : 103118 254507 185969 254510 103121 103108 103123 185972 260733 185975 
10 : 79971 224064 151395 174567 79967 79960 79962 151392 174563 151385 
10 : 253558 226930 155424 4374 226929 155423 4373 155417 4366 4356 
10 : 250569 237699 122768 228828 237697 122767 228826 122764 228822 122762 
10 : 142393 254632 254631 49255 142398 142397 49236 258923 49258 49257 
10 : 222895 105871 224476 21622 105863 222893 21613 105864 21596 21614 
10 : 248674 254652 254653 243260 248675 248676 243257 255319 243261 243263 
10 : 63322 254659 161735 252410 63331 63308 63321 161743 252419 161734 
10 : 254657 231505 93027 16744 231507 93030 16748 93022 16732 16715 
10 : 145333 99232 223756 84973 99218 145326 84960 99224 84952 84967 
10 : 254760 185718 225248 250528 185723 225251 250533 185712 185717 225247 
10 : 114075 213287 59769 202670 114069 59747 114068 59759 202663 59758 
10 : 254785 254782 133863 225973 255091 133865 225977 133864 225974 133854 
10 : 229379 229656 228498 58302 229373 228493 58298 228494 58299 58297 
10 : 224590 118274 253661 98283 118269 224589 98272 118273 98264 98282 
10 : 254888 197216 68408 252480 197218 68409 252481 68393 197214 68407 
10 : 148338 246017 53971 71666 148336 53957 71648 53969 71662 53946 
10 : 245543 220970 87674 4011 220966 87672 4006 87665 4003 3988 
10 : 255040 219511 200321 255041 219514 200324 259921 200314 219515 200326 
10 : 178641 62907 138740 13930 62892 138730 13912 62885 13898 13906 
10 : 236221 255072 235066 228433 236230 235064 228427 235074 228447 228426 
10 : 246850 255073 229343 255075 246851 229341 246853 229344 255766 229350 
10 : 250690 53165 174767 190794 53164 174765 190792 53158 53160 174753 
10 : 41055 255100 209566 131184 41056 41043 41040 209568 131185 131171 
10 : 98862 255103 147941 86854 98864 98849 86828 147943 86856 86835 
10 : 182789 174349 184711 235460 174339 182781 182788 174340 174345 184704 
10 : 203369 253502 255129 172136 203367 203371 172126 253506 172135 172143 
10 : 81524 225695 253876 54963 81518 81523 54936 225694 54956 54962 
10 : 244473 159321 255201 228360 159318 244478 228356 159324 159314 228362 
10 : 213800 152745 30645 250680 152731 30633 213798 30627 152742 30640 
10 : 77146 6461 200051 178049 6431 77134 77130 6447 6443 178037 
10 : 128802 23565 185280 38416 23543 128790 38395 23550 23535 38403 
10 : 156447 190071 206724 255230 156435 156439 156449 190062 190074 206728 
10 : 240072 214732 22039 255246 214728 22034 240073 22027 214733 22042 
10 : 150567 150884 227055 196767 150552 150558 150556 150880 150872 196760 
10 : 174420 255270 59873 191842 174423 59860 174416 59881 191851 59863 
10 : 219951 127480 97041 255269 127474 97029 219954 97020 127482 97043 
10 : 202736 236656 248022 185139 202731 202733 185127 236650 185135 185138 
10 : 155610 228816 181352 19053 155603 155597 19034 181345 19045 19038 
10 : 255322 118691 231812 221289 118693 231813 221292 118688 118683 221286 
10 : 255325 195010 213860 220833 195012 213863 220834 195000 195003 213852 
10 : 235480 237854 179381 220417 235474 179374 220407 179376 220409 179372 
10 : 226467 66232 37083 75316 66228 37076 75309 37057 66210 37058 
10 : 142925 236605 230774 44659 142920 142918 44637 230765 44650 44647 
10 : 240312 157957 255452 67347 157951 240318 67343 157963 67329 67351 
10 : 183541 249870 191397 255506 183539 183528 183544 191394 249873 191401 
10 : 255507 202974 255505 193112 202978 261076 193115 202977 193100 193114 
10 : 59306 99584 255541 186075 59289 59309 59298 99589 99576 186083 
10 : 62815 123374 245206 251560 62804 62810 62812 123371 123372 245203 
10 : 255604 224680 255009 94314 224681 255011 94315 224679 94303 94313 
10 : 76274 255645 14361 166850 76278 14332 76262 14370 166858 14343 
10 : 89696 255652 111677 159743 89697 89678 89687 111678 159744 111667 
10 : 255673 194812 255668 248795 194819 257707 248799 194813 194810 248796 
10 : 212478 192695 24750 240535 192687 24745 212476 24744 192690 24747 
10 : 133914 180700 247910 194294 133901 133910 133903 180697 180692 194291 
10 : 239152 214028 208859 255732 214023 208854 239153 208849 214029 208860 
10 : 255736 80675 218988 161627 80680 218992 161632 80667 80663 161613 
10 : 94744 211037 227548 237752 94736 94737 94741 211028 211031 227542 
10 : 131585 139730 245957 68347 131569 131582 68328 139725 68330 68344 
10 : 253412 44772 58930 45380 44771 58928 45379 44746 44745 45350 
10 : 152593 127435 34149 239186 127420 34130 152590 34125 127429 34144 
10 : 208761 255819 225377 254410 208765 208752 208760 225381 254415 225374 
10 : 232137 255846 114935 249610 232138 114929 232136 114936 249611 114932 
10 : 255873 144793 238662 235014 144800 238665 235017 144789 144787 235007 
10 : 23465 250025 219337 30802 23464 23461 23446 219334 30800 30795 
10 : 135287 232973 253546 93552 135281 135286 93531 232971 93546 93551 
10 : 196563 246382 151476 255968 196560 151466 196573 151474 246389 151486 
10 : 87489 256024 214256 256023 87499 87482 87495 214265 262774 214261 
10 : 135978 188369 100998 246123 135970 100978 135977 100986 188368 100994 
10 : 172097 180240 142873 59917 172084 142857 59904 142861 59905 59897 
10 : 199014 225289 5279 231240 199008 5268 199010 5273 225285 5274 
10 : 55131 220150 138764 39765 55123 55113 39742 138758 39758 39748 
10 : 256087 46690 240846 149769 46694 240850 149773 46687 46674 149762 
10 : 256089 110242 225175 218300 110247 225181 218308 110234 110231 218291 
10 : 32436 256090 183152 256091 32437 32427 32441 183153 256269 183159 
10 : 41521 433 256096 68547 409 41524 41502 435 413 68550 
10 : 256103 26460 256102 68348 26462 263593 68352 26461 26437 68350 
10 : 90206 256142 241662 252721 90208 90201 90205 241667 252726 241661 
10 : 119962 256143 244854 256139 119970 119961 119966 244862 260880 244855 
10 : 138421 158907 256177 110671 138406 138426 110654 158911 110655 110677 
10 : 227222 59254 252074 256190 59244 227220 227224 59252 59255 252076 
10 : 74930 188968 256236 158961 74917 74935 74914 188971 158936 158964 
10 : 256249 55658 177805 26173 55661 177810 26178 55644 26150 26161 
10 : 76275 256304 155732 8800 76281 76260 8776 155739 8809 8783 
10 : 205494 232677 115600 256302 205488 115585 205495 115589 232678 115601 
10 : 74725 11841 137060 68840 11821 74711 68814 11826 11818 68818 
10 : 256367 148586 134325 132652 148588 134326 132653 134305 132631 132628 
10 : 26141 244848 164061 41859 26137 26124 26113 164058 41856 41839 
10 : 256385 247946 224442 167036 247950 224444 167041 224438 167029 167023 
10 : 250069 13888 212445 109324 13884 212441 109319 13876 13867 109310 
10 : 221944 218645 48574 212761 218634 48560 212747 48558 212746 48557 
10 : 129192 74358 214445 75445 74342 129188 75430 74353 74337 75437 
10 : 174746 76644 107607 115158 76631 107592 115144 76625 76626 107583 
10 : 256525 245362 225488 245315 245365 225491 245319 225482 245308 225481 
10 : 256572 250910 157762 207082 250915 157765 207088 157760 207078 157751 
10 : 256625 223308 179978 256621 223312 179984 261665 179973 223309 179981 
10 : 114201 179231 256641 167620 114192 114204 114191 179235 167606 167627 
10 : 192718 228127 247461 256646 192708 192714 192722 228123 228129 247467 
10 : 253760 235806 23725 4425 235805 23724 4423 23721 4418 4387 
10 : 256690 179630 256692 204385 179633 262109 204388 179638 179620 204394 
10 : 256701 241304 130203 96432 241312 130210 96438 130200 96426 96410 
10 : 152200 254443 256722 184037 152198 152203 152186 254448 184034 184044 
10 : 171162 256724 33814 119450 171163 33797 119432 33816 119451 33791 
10 : 95351 256755 189562 110707 95353 95344 95338 189567 110710 110686 
10 : 256752 101653 24662 240626 101654 24663 240628 24637 101647 24655 
10 : 170230 256781 158242 228499 170233 158228 170226 158246 228501 158234 
10 : 256845 153140 241600 207943 153144 241604 207949 153133 153127 207934 
10 : 256849 87303 55287 256851 87307 55289 264061 55265 87310 55292 
10 : 246025 152717 39731 13107 152715 39728 13103 39714 13091 13082 
10 : 154239 106961 205071 256888 106947 154232 154241 106954 106962 205073 
10 : 54621 245484 219891 209011 54620 54614 54611 219888 209009 209007 
10 : 256928 23977 165141 190204 23982 165147 190209 23959 23964 165127 
10 : 148854 206370 106274 209147 148845 106257 148846 106264 206365 106266 
10 : 110409 252762 256971 221247 110407 110412 110403 252770 221244 221251 
10 : 11843 215668 256990 255213 11832 11851 11840 215673 215666 255218 
10 : 20776 130710 254365 234300 20762 20775 20770 130708 130704 234298 
10 : 97497 16674 215972 219974 16651 97488 97492 16664 16665 215961 
10 : 252869 243664 25523 255949 243660 25521 252867 25519 243662 25522 
10 : 195612 98762 7089 234052 98749 7079 195609 7065 98755 7082 
10 : 58870 129425 249524 166445 58856 58869 58858 129423 129408 166442 
10 : 227395 227248 214647 257106 227242 214641 227397 214640 227250 214649 
10 : 112599 257135 252262 256321 112600 112596 112598 252266 256324 252261 
10 : 2743 190000 247337 232528 2731 2739 2735 189993 189989 232524 
10 : 60296 58894 251040 257186 58875 60294 60298 58891 58898 251043 
10 : 1699 251209 204937 257211 1698 1690 1703 204934 251214 204942 
10 : 243648 61752 257213 150179 61751 243654 150175 61759 61741 150186 
10 : 146388 212135 249585 257215 146380 146385 146389 212133 212136 249586 
10 : 257224 191476 257222 215620 191478 258922 215622 191477 191472 215621 
10 : 93095 180702 257234 208862 93081 93098 93086 180705 180693 208867 
10 : 96352 50328 122431 214031 50306 96334 96342 50310 50321 122421 
10 : 257263 171444 186989 107575 171449 186993 107580 171435 107558 107560 
10 : 257292 153838 81972 257290 153846 81979 262651 81956 153842 81975 
10 : 177592 249541 257302 236726 177590 177596 177588 249543 236723 236731 
10 : 167787 257314 249684 257315 167788 167786 167790 249685 261070 249687 
10 : 187910 112392 248304 257316 112377 187907 187912 112388 112395 248305 
10 : 250358 82194 75794 246620 82187 75786 246614 75768 82186 75784 
10 : 51895 217250 257370 188626 51886 51899 51883 217254 188612 188633 
10 : 171066 249996 136499 234719 171062 136479 171055 136494 234716 136487 
10 : 83766 108321 130506 257397 83747 83749 83770 108301 108322 130509 
10 : 257417 184162 252225 189195 184166 252227 189199 184159 184149 189191 
10 : 9193 216957 132822 187232 9186 9175 9182 132815 187222 132813 
10 : 257449 198891 257195 217588 198892 257196 217589 198890 198883 217587 
10 : 107672 195669 124665 243154 107664 107659 107668 124651 195665 124657 
10 : 7027 141350 191881 113157 7011 7020 7008 141343 113142 113148 
10 : 144984 249889 18857 109293 144981 18835 109272 18854 109289 18831 
10 : 241795 191990 257585 175748 191987 241798 175743 191992 175732 175752 
10 : 186990 208447 216970 233999 186982 186983 186986 208441 208442 216964 
10 : 243377 175799 106513 143499 175796 106507 143492 106495 143482 106492 
10 : 257632 117764 2895 38831 117765 2899 38835 2878 38811 2876 
10 : 226575 140451 257637 50921 140445 226577 50914 140454 50903 50926 
10 : 234274 177388 18326 212167 177382 18323 212161 18315 177380 18318 
10 : 130620 223057 24933 253526 130611 24911 130618 24925 223054 24931 
10 : 257716 119185 189100 257714 119190 189104 261414 119173 119187 189102 
10 : 120976 92371 98019 247986 92347 97994 120971 92345 92367 98016 
10 : 44456 56424 86064 50776 44435 44441 44434 56401 50749 50751 
10 : 65531 249336 66034 174930 65528 65514 65520 66029 174927 66015 
10 : 122640 257798 128561 202360 122643 122626 122632 128564 202365 128547 
10 : 204293 32262 6779 184205 32254 6768 184197 6745 32252 6763 
10 : 183847 257848 11269 245999 183852 11254 183845 11271 246002 11264 
10 : 249579 257618 193796 226525 249578 193792 226518 193795 226524 193789 
10 : 72817 116077 161737 187857 72796 72799 72803 116063 116066 161720 
10 : 161382 137206 257874 225623 137199 161385 161375 137210 137201 225631 
10 : 221380 125152 175383 170897 125144 175374 170888 125142 125141 170881 
10 : 10773 231278 247899 86065 10766 10769 10750 231274 86059 86062 
10 : 116538 76066 227418 257935 76051 116533 116542 76061 76072 227422 
10 : 209070 67056 189388 253078 67047 189372 209068 67041 67054 189385 
10 : 134039 216534 113158 235143 134030 113140 134034 113151 216527 113155 
10 : 257529 70598 165580 257941 70597 165579 257535 70583 70600 165586 
10 : 257955 245554 230268 254290 245556 230270 254292 230262 245551 230266 
10 : 206360 7633 230446 257995 7624 206354 206364 7627 7637 230455 
10 : 119399 248575 243155 239341 119394 119392 119390 243152 239338 239335 
10 : 239373 211583 223375 145686 211579 223368 145677 211574 145670 145672 
10 : 53054 105920 108904 215904 53038 53039 53045 105903 105911 108890 
10 : 57185 248624 252591 58643 57182 57184 57167 248622 58638 58641 
10 : 163487 258105 179995 258103 163494 163481 163490 180003 261826 179997 
10 : 258152 117003 247035 258153 117004 247036 258212 116998 117005 247037 
10 : 239816 242276 237348 38452 239812 237342 38448 237344 38449 38446 
10 : 227791 258289 230871 258285 227797 227787 227792 230877 259198 230872 
10 : 182121 235987 258318 258316 182116 182126 182122 235991 235988 259864 
10 : 78521 185184 220206 247072 78509 78515 78518 185178 185179 220203 
10 : 194353 179979 27145 151185 179968 27132 151169 27128 151167 27126 
10 : 177307 31808 170898 237018 31795 170882 177299 31793 31801 170892 
10 : 184917 11232 222002 132740 11221 184910 132729 11225 11217 132736 
10 : 211895 53331 255139 33466 53323 211893 33454 53330 33438 33463 
10 : 258409 50888 162567 169414 50892 162571 169418 50876 50877 162551 
10 : 168333 147208 258468 258472 147197 168334 168338 147209 147215 260794 
10 : 204918 137994 50087 3760 137980 50072 3746 50064 3738 3727 
10 : 258479 175044 243393 241998 175045 243394 242001 175039 175038 241989 
10 : 58135 118546 123111 258499 58125 58126 58139 118535 118549 123116 
10 : 66717 165546 214111 24815 66705 66708 24786 165536 24802 24803 
10 : 229590 226666 69209 66891 226659 69201 66885 69199 66883 66858 
10 : 144868 105846 241088 234968 105828 144866 144864 105840 105838 234964 
10 : 238743 209885 151599 48576 209877 151589 48565 151581 48555 48550 
10 : 202011 186054 258552 171942 186040 202014 171930 186058 171925 171946 
10 : 254557 131842 258555 258556 131838 254559 254561 131843 131846 263458 
10 : 32795 213360 155734 258583 32783 32777 32797 155717 213364 155737 
10 : 120842 91160 258588 245407 91141 120844 120839 91164 91155 245410 
10 : 258592 257724 254401 240475 257727 254403 240477 254400 240474 240471 
10 : 74494 234341 110921 258706 74487 74472 74497 110913 234347 110925 
10 : 254791 236164 149947 237812 236162 149945 237809 149941 236156 149942 
10 : 257454 137757 166447 258750 137756 166446 257457 137741 137763 166448 
10 : 40411 87875 139823 21022 40395 40397 20994 87865 20998 21003 
10 : 243549 216343 127836 255419 216339 127831 243547 127826 216342 127834 
10 : 179253 233086 242783 179198 179245 179247 179178 233077 179186 179190 
10 : 242171 243666 113546 215973 242169 113541 215966 113542 215967 113534 
10 : 253983 223122 92029 258875 223119 92024 253986 92021 223124 92031 
10 : 88263 72050 258878 258879 72029 88266 88267 72053 72054 265395 
10 : 258914 218471 258912 247298 218474 264893 247307 218472 218465 247302 
10 : 258968 182324 126930 23692 182329 126935 23695 126917 23670 23662 
10 : 186706 258989 223651 258988 186710 186699 186709 223655 264107 223654 
10 : 148191 2105 241753 125984 2089 148190 125956 2102 2086 125976 
10 : 259020 130860 145816 87418 130865 145820 87420 130847 87395 87396 
10 : 200486 62459 70413 191421 62448 70402 191409 62438 62447 70401 
10 : 259032 31987 43756 259027 31991 43761 261422 31963 31988 43757 
10 : 214505 248072 252965 102907 214497 214503 102885 248069 102898 102904 
10 : 252136 225609 192131 83988 225605 192127 83984 192120 83976 83974 
10 : 234160 259153 243440 1262 234163 234155 1255 243442 1266 1256 
10 : 162942 259167 259168 259006 162945 162946 162941 265162 259013 259014 
10 : 216002 142543 202737 108906 142534 202726 108891 142532 108883 108888 
10 : 81109 58895 137668 256329 58876 81094 81108 58880 58893 137667 
10 : 255997 226553 107251 153299 226552 107249 153297 107246 153289 107233 
10 : 15091 83742 190186 220669 15071 15075 15079 83724 83731 190176 
10 : 210515 16857 113760 73422 16844 113750 73411 16832 16829 73399 
10 : 201216 178258 152977 259303 178246 152961 201217 152958 178259 152978 
10 : 225465 156915 207341 229667 156906 207333 225459 156904 156907 207334 
10 : 255610 95528 156937 259356 95526 156935 255614 95511 95532 156942 
10 : 51646 259372 232703 259373 51647 51638 51650 232705 262620 232708 
10 : 40093 245138 240669 228687 40090 40088 40087 240665 228686 228684 
10 : 253171 140398 7360 155280 140397 7358 155279 7339 140383 7344 
10 : 41636 36445 186235 172498 36422 41626 41622 36434 36430 172487 
10 : 52140 156428 20356 259223 52123 20333 52139 20340 156427 20355 
10 : 181099 152719 259430 100234 152704 181102 100221 152726 100216 100239 
10 : 22562 49639 239482 222987 22543 22557 22553 49630 49626 222978 
10 : 76719 238271 256895 251090 76715 76718 76716 238270 238267 251089 
10 : 206160 242288 245253 259443 206154 206155 206161 242282 242291 245255 
10 : 256384 121024 242687 163781 121021 242683 163780 121019 121006 163769 
10 : 225350 252200 237993 138969 225345 225340 138958 237989 138966 138960 
10 : 146797 248524 145817 38576 146793 145798 38555 145811 38568 38554 
10 : 222389 103081 141806 174675 103073 141797 174665 103063 103068 141791 
10 : 250107 83989 111839 93677 83983 111834 93671 83968 83962 93653 
10 : 259532 228251 182755 259538 228252 182757 259745 182748 228255 182762 
10 : 259560 241475 51691 259562 241476 51693 265134 51686 241478 51695 
10 : 177291 242967 227628 236343 177287 177284 177286 227621 236331 227619 
10 : 259590 133811 105122 245180 133816 105127 245184 105104 133805 105117 
10 : 91539 215836 224320 234703 91531 91532 91534 215822 215824 224309 
10 : 259603 208654 81019 90661 208658 81023 90664 81004 90647 80991 
10 : 20409 211909 202827 134353 20402 20401 20397 202816 134340 134337 
10 : 25204 241034 219892 106751 25199 25195 25184 219886 106745 106741 
10 : 246277 259649 104593 115394 246282 104588 115388 104597 115402 104579 
10 : 237673 191003 163158 36742 191001 163154 36737 163149 36731 36725 
10 : 259674 228662 146115 136723 228663 146116 136724 146109 136718 136708 
10 : 173740 256007 170097 214311 173739 170079 173731 170095 214309 170084 
10 : 126517 251895 253387 105048 126513 126515 105028 251892 105045 105047 
10 : 259734 55974 234442 115427 55975 234444 115429 55968 55957 115415 
10 : 154223 69751 243906 71958 69736 154221 71939 69747 69727 71952 
10 : 259781 252765 236537 193468 252769 236542 193474 236533 193465 193462 
10 : 3195 259784 227323 228559 3197 3186 3187 227324 228565 227311 
10 : 259782 259783 40885 30175 264472 40886 30178 40887 30179 30145 
10 : 259852 259850 73993 70861 263996 73998 70869 73996 70865 70835 
10 : 255611 193744 259889 259888 193742 255618 255613 193750 193745 263161 
10 : 174368 167982 250632 259891 167966 174365 174370 167976 167985 250636 
10 : 91014 250746 259907 198502 91011 91015 91006 250748 198498 198506 
10 : 212559 259107 259920 245396 212557 212560 212555 259109 245395 245398 
10 : 259252 249704 259942 137642 249703 259254 137641 249708 137634 137647 
10 : 115522 259990 67400 249385 115527 67379 115518 67405 249391 67395 
10 : 66335 112419 249447 259995 66315 66333 66337 112415 112422 249449 
10 : 108029 260030 168002 52975 108032 108017 52952 168003 52979 52960 
10 : 33343 225296 233662 24055 33334 33336 24022 225290 24044 24047 
10 : 185005 213495 195013 95780 184999 184996 95760 194999 95765 95762 
10 : 235173 160563 120385 252545 160557 120378 235170 120370 160561 120382 
10 : 258608 242053 242594 241983 242052 242593 241982 242046 241974 241976 
10 : 155347 206835 260243 252165 155337 155350 155345 206840 206834 252168 
10 : 260268 33690 52210 168888 33693 52213 168890 33666 33676 52197 
10 : 146440 257834 114803 206019 146439 114781 146434 114800 206018 114784 
10 : 91711 118347 248284 19955 91692 91705 19925 118345 19926 19950 
10 : 131746 175988 258486 254102 131731 131745 131743 175987 175986 254101 
10 : 168072 182993 170723 79484 168065 168062 79466 170714 79470 79467 
10 : 260354 248899 260352 78645 248906 262261 78653 248900 78641 78647 
10 : 57036 51795 253963 74523 51770 57035 57017 51792 51772 74517 
10 : 257323 212806 28769 50953 212802 28766 50950 28757 50940 28741 
10 : 260398 253225 104618 258880 253229 104620 258883 104614 253223 104617 
10 : 260421 249483 104539 103406 249485 104541 103408 104532 103399 103378 
10 : 163435 184133 260424 260425 163422 163436 163437 184134 184135 260589 
10 : 243459 100968 18551 156172 100960 18545 156163 18524 100951 18530 
10 : 123376 96134 2469 47390 96117 2450 47367 2447 47365 2442 
10 : 131801 92400 230670 260439 92379 131797 131802 92397 92401 230671 
10 : 75250 108502 195230 260209 75235 75242 75249 108495 108501 195228 
10 : 249668 34030 228621 179200 34025 228616 179192 34019 34018 179185 
10 : 249068 195068 260497 141504 195065 249071 141501 195070 141487 141505 
10 : 148720 260526 260530 168097 148723 148727 148712 263490 168103 168105 
10 : 260528 36539 214714 100893 36543 214719 100901 36534 36528 100887 
10 : 106918 260531 260532 79136 106919 106920 79121 263026 79138 79139 
10 : 260551 37196 222649 142774 37197 222650 142775 37188 37181 142763 
10 : 159405 260570 260567 252414 159408 159406 159403 265352 252420 252418 
10 : 193198 48803 153840 111521 48793 153825 111504 48787 48782 111498 
10 : 240454 37969 29414 257754 37965 29406 240452 29386 37968 29410 
10 : 6926 21279 254847 236281 6903 6924 6919 21276 21270 236278 
10 : 4946 22012 71242 146878 4922 4927 4932 21992 21997 71221 
10 : 254057 229382 56109 102304 229378 56108 102303 56101 102291 56093 
10 : 49047 219483 21180 128419 49040 21153 49033 21166 128408 21159 
10 : 246235 203237 167623 135362 203233 167617 135358 167608 135350 135348 
10 : 221012 120434 199290 221628 120427 199278 221007 120424 120428 199279 
10 : 193235 79028 260336 154468 79016 193234 154446 79027 79011 154467 
10 : 146853 13734 208572 139663 13718 146845 139642 13725 13716 139651 
10 : 195588 260744 235070 90147 195591 195583 90125 235072 90152 90135 
10 : 254316 29962 208915 100894 29959 208913 100891 29954 29945 100886 
10 : 178626 107673 209940 208916 107663 178621 178620 107666 107665 208906 
10 : 253681 260796 260798 49259 253682 253684 49254 261913 49260 49262 
10 : 3254 200825 233954 229797 3243 3245 3244 200819 200814 229789 
10 : 260839 243158 93287 131064 243161 93291 131067 93278 131055 93262 
10 : 255509 237682 69237 183491 237681 69235 183490 69233 183486 69220 
10 : 260639 260854 260196 99859 260641 260195 99858 260198 99860 99855 
10 : 260908 205295 246746 259505 205298 246749 259512 205291 205293 246744 
10 : 115967 260482 177043 260918 115966 115954 115969 177042 260485 177044 
10 : 260941 64405 260942 250728 64408 263736 250729 64410 64403 250730 
10 : 211444 260954 135053 64148 211445 135039 64135 135054 64150 64123 
10 : 9061 138216 257006 260970 9047 9057 9066 138213 138223 257011 
10 : 260971 254700 190455 260762 254703 190458 260764 190450 254699 190454 
10 : 260975 13141 260974 200198 13148 261856 200203 13143 13132 200200 
10 : 48087 182125 189463 260993 48076 48077 48090 182110 182128 189464 
10 : 250511 138927 230747 257229 138924 230740 250510 138920 138925 230743 
10 : 208061 187283 50358 29290 187276 50350 29275 50345 29270 29252 
10 : 261063 54811 169523 66470 54814 169525 66474 54792 54783 66450 
10 : 182196 244877 162410 232912 182190 162392 182189 162403 232900 162401 
10 : 254832 74313 246598 65377 74312 246595 65375 74309 65346 65372 
10 : 261100 226342 208437 258841 226344 208438 258842 208423 226339 208433 
10 : 257992 260278 261101 184041 257991 257993 184038 260279 184039 184042 
10 : 124889 244978 16187 203943 124884 16168 124877 16180 203939 16173 
10 : 213264 73776 36013 234401 73762 36002 213259 35988 73767 36007 
10 : 79163 249589 261144 125280 79162 79165 79145 249591 125277 125283 
10 : 253796 260256 245576 261162 253793 245570 253797 245574 260257 245577 
10 : 244320 232782 260984 148380 232776 244319 148373 232781 148370 148379 
10 : 78928 60065 229842 164954 60042 78922 78913 60060 60049 164946 
10 : 51592 261198 187140 246128 51593 51584 51589 187141 246129 187134 
10 : 240209 104573 257508 242430 104567 240208 240206 104572 104569 242429 
10 : 261222 150049 208981 259823 150051 208984 259825 150040 150048 208979 
10 : 261244 261242 261243 261239 263809 264281 262190 263808 262188 262189 
10 : 212570 207328 105767 45528 207316 105754 45510 105750 45507 45498 
10 : 225738 150074 3086 217699 150064 3078 217689 3069 150063 3076 
10 : 261273 136396 221162 21785 136397 221166 21786 136386 21766 21777 
10 : 37607 11096 199960 219365 11071 37599 37605 11087 11090 199954 
10 : 245249 255475 199042 261131 245242 199037 245247 199039 255474 199040 
10 : 183552 261315 163267 1100 183556 163250 1076 163272 1101 1075 
10 : 173774 232689 196668 209090 173772 173767 173770 196661 209080 196658 
10 : 171751 256798 205441 251959 171748 171737 171747 205438 251953 205437 
10 : 141310 254755 214095 78294 141308 141298 78275 214093 78292 78282 
10 : 163809 222064 250272 226414 163802 163807 163803 222063 222060 226412 
10 : 233977 28306 253519 116723 28295 233972 116710 28300 28284 116718 
10 : 261434 170689 122550 224203 170691 122551 224206 122537 170682 122540 
10 : 182482 24752 82479 81214 24741 82461 81195 24731 24730 81183 
10 : 254952 11671 258687 147737 11667 254951 147733 11670 11657 147735 
10 : 259232 64889 205516 242689 64886 205512 242684 64874 64881 205510 
10 : 229539 191592 261466 164470 191585 229542 164465 191594 164456 164471 
10 : 249035 88171 261498 36483 88164 249036 36476 88173 36461 36484 
10 : 261334 56112 119754 37696 56110 119753 37694 56095 37663 37672 
10 : 243593 261510 260554 260607 243594 243590 243591 260557 260609 260552 
10 : 261529 124751 206049 261394 124754 206050 261397 124740 124750 206048 
10 : 261543 197004 252909 195652 197005 252912 195654 197002 195637 195649 
10 : 233183 135812 194668 261547 135804 194663 233185 135800 135815 194673 
10 : 108524 183504 135947 261555 108510 108508 108527 135934 183509 135952 
10 : 259040 174749 68264 228551 174747 68261 228549 68244 174741 68255 
10 : 217372 252532 80549 261599 217370 80538 217377 80545 252535 80554 
10 : 218976 64406 103896 100267 64399 103886 100256 64388 64387 100240 
10 : 258026 152436 9258 161005 152434 9256 161004 9241 152421 9242 
10 : 255785 261649 227065 149772 255787 227064 149768 227068 149776 149757 
10 : 95606 187478 9543 227000 95597 9521 95600 9528 187472 9538 
10 : 184249 202656 150908 107370 184239 150896 107351 150899 107354 107343 
10 : 196961 162289 212297 192462 162275 196954 192444 162278 162274 192448 
10 : 239085 261713 63123 261714 239088 63119 239089 63125 264674 63126 
10 : 261723 221366 191375 132009 221367 191378 132013 191364 132000 131992 
10 : 27019 50890 130369 244902 27002 27007 27015 50873 50882 130359 
10 : 107774 122303 261731 238677 107758 107776 107769 122305 122294 238678 
10 : 136375 50332 164576 261667 50312 136355 136374 50315 50331 164575 
10 : 59687 110830 235145 171027 59668 59683 59676 110823 110813 171018 
10 : 87627 53939 250801 255770 53912 87623 87625 53930 53934 250798 
10 : 137408 36148 135473 134940 36125 135451 134914 36124 36123 134913 
10 : 135218 219165 108680 259754 135207 108652 135216 108665 219161 108677 
10 : 258179 12617 160566 261503 12614 160562 258178 12603 12616 160565 
10 : 122386 218896 231885 245364 122374 122377 122381 218889 218893 231875 
10 : 18755 16486 146117 221308 16459 18744 18749 16472 16480 146107 
10 : 218150 136725 234124 261816 136715 218147 218151 136722 136729 234129 
10 : 66063 76647 251733 83512 66038 66059 66039 76642 76621 83506 
10 : 78903 233663 148146 196320 78896 78887 78893 148137 196313 148128 
10 : 240720 256673 260210 137353 240718 240719 137344 256672 137348 137352 
10 : 171164 199688 245024 41281 171153 171159 41254 199679 41259 41269 
10 : 70369 224090 237536 258172 70361 70365 70368 224079 224086 237533 
10 : 105101 171538 236931 168690 105091 105097 105090 171534 168669 168677 
10 : 67455 185118 220826 37023 67444 67449 36997 185108 37007 37013 
10 : 173583 252648 25409 253045 173581 25395 173582 25406 252647 25407 
10 : 213388 229292 130954 79221 213374 130933 79204 130939 79210 79197 
10 : 248644 186645 106723 27107 186640 106717 27104 106705 27091 27081 
10 : 128758 89635 175171 179106 89613 128741 128742 89616 89617 175155 
10 : 261937 8733 191593 240981 8734 191597 240985 8721 8729 191587 
10 : 261941 241922 220768 239428 241924 220774 239434 220763 239420 220762 
10 : 219042 261945 162617 237691 219044 162606 219036 162619 237694 162611 
10 : 71367 255275 261981 261982 71363 71368 71369 255276 255279 264813 
10 : 165204 257999 2270 232913 165202 2252 165194 2267 232910 2260 
10 : 227661 261984 254932 143299 227662 227658 143287 254933 143301 143296 
10 : 232336 164835 258359 230449 164822 232332 230439 164830 164820 230447 
10 : 253410 162270 240781 5683 162267 240778 5680 162261 5664 5675 
10 : 239048 234402 251208 142331 234393 239042 142318 234397 142317 142324 
10 : 169277 219486 262045 220340 169268 169279 169269 219489 219472 220342 
10 : 46353 126437 168591 241663 46337 46341 46348 126417 126429 168585 
10 : 62274 262075 242492 262077 62275 62269 62277 242494 263815 242495 
10 : 220754 189863 262098 175831 189857 220755 175820 189864 175815 175832 
10 : 254762 65750 189325 157671 65745 189322 157666 65734 65726 157648 
10 : 178990 231509 118745 5350 178982 118725 5328 118732 5340 5324 
10 : 127696 226805 110289 84977 127690 110271 84957 110281 84968 84954 
10 : 253195 191422 262145 257761 191418 253200 253194 191427 191420 257768 
10 : 248367 224065 16053 262156 224062 16050 248370 16047 224068 16059 
10 : 110979 211977 26797 262163 110969 26772 110981 26786 211979 26799 
10 : 35694 261068 191025 213592 35693 35685 35687 191024 213591 191013 
10 : 222789 242867 254371 153301 222783 222785 153287 242865 153292 153295 
10 : 260244 171562 171964 220422 171561 171963 220421 171541 171547 171952 
10 : 35829 235481 239483 111732 35824 35826 35815 235475 111720 111722 
10 : 111276 188107 235352 193631 111261 111269 111262 188096 188090 193620 
10 : 149389 227486 261418 229127 149381 149388 149382 227485 227473 229126 
10 : 210152 106878 202674 124028 106866 202662 124016 106864 106853 124014 
10 : 137734 75146 262295 155154 75127 137735 137724 75147 75131 155155 
10 : 262297 254479 183344 252377 254485 183347 252379 183336 252368 183334 
10 : 209798 128805 255118 52829 128792 209795 52816 128801 52804 52825 
10 : 151356 93619 222129 193472 93604 151348 151345 93611 93607 193459 
10 : 262367 260987 247545 202202 260992 247549 202208 247543 202198 202193 
10 : 221080 203182 19165 85511 203175 19153 85498 19150 85496 19142 
10 : 45145 227191 250534 157672 45135 45139 45126 227185 157656 157664 
10 : 253064 262408 211737 232406 253066 211734 232398 211740 232408 211726 
10 : 132232 243524 128317 212953 132228 128290 132225 128311 212947 128301 
10 : 137515 232182 260646 262425 137508 137513 137518 232181 232185 260647 
10 : 94796 260753 105421 236348 94793 94771 94784 105418 236345 105407 
10 : 258597 17471 262475 155984 17469 258599 155983 17474 17451 155988 
10 : 254386 260044 214521 209743 254383 214516 209736 214519 209740 209723 
10 : 213065 186124 8025 103407 186111 8010 103387 8006 103385 7999 
10 : 89288 42816 256559 179731 42797 89286 89275 42813 42803 179725 
10 : 146619 243680 245155 262527 146613 146614 146622 243672 243684 245158 
10 : 161188 260025 222664 262526 161187 161179 161190 222662 260027 222667 
10 : 40414 228254 259486 149880 40405 40412 40399 228250 149867 149876 
10 : 262576 171101 262578 261016 171102 263806 261019 171103 171099 261023 
10 : 209356 214650 76225 15439 209348 76212 15422 76213 15424 15405 
10 : 115650 99522 230165 216284 99498 115639 115636 99514 99512 216269 
10 : 248236 237446 19957 213750 237439 19949 213743 19944 213740 19936 
10 : 258649 59045 256444 4383 59039 256438 4378 59038 4350 4375 
10 : 261186 227764 224738 187077 227762 224736 187075 224730 187065 187064 
10 : 110805 76872 253165 95676 76854 110802 95651 76869 76853 95674 
10 : 74065 86289 215820 260466 74041 74054 74064 86276 86287 215819 
10 : 232567 258576 216104 118278 232564 216096 118270 216100 118276 118266 
10 : 262674 232985 179107 240983 232989 179110 240986 179099 232979 179100 
10 : 236000 217077 255184 147646 217066 235995 147635 217073 147629 147643 
10 : 89180 51167 228096 245616 51145 89174 89177 51157 51163 228092 
10 : 191004 59307 262725 153076 59299 191005 153059 59308 59292 153077 
10 : 259332 105622 143708 231243 105620 143706 231241 105600 105611 143697 
10 : 248567 75912 29246 182349 75907 29239 182343 29220 75895 29230 
10 : 121569 249161 151692 116848 121568 121553 116819 151687 116842 116822 
10 : 102524 262784 259090 249971 102529 102522 102516 259096 249974 249969 
10 : 245547 199556 115400 242145 199549 115386 242136 115377 199548 115385 
10 : 251937 53249 86461 52526 53243 86453 52521 53224 52494 52497 
10 : 262373 257240 253746 256132 257239 253744 256130 253740 256127 253739 
10 : 262812 260706 209323 204034 260707 209325 204037 209321 204030 204013 
10 : 248778 87753 164042 261146 87743 164034 248776 87736 87752 164040 
10 : 178308 243334 158048 200201 178305 158033 178301 158043 200191 158035 
10 : 211478 141240 261152 68266 141233 211475 68252 141239 68240 68263 
10 : 36447 191322 160075 228457 36435 36428 36438 160057 191313 160063 
10 : 110011 262907 245699 201911 110013 110007 110002 245701 201912 201905 
10 : 193255 203627 177409 14238 193241 177394 14214 177396 14216 14210 
10 : 250701 206140 262929 257282 206135 250704 250698 206141 206136 257286 
10 : 158145 204714 262933 257283 158132 158146 158142 204715 204712 257284 
10 : 262938 198391 118975 262937 198395 118980 265076 118966 198394 118978 
10 : 134064 171487 261900 56008 134045 134063 55982 171484 55987 56006 
10 : 37858 36242 262964 239442 36216 37859 37850 36243 36232 239443 
10 : 134863 91397 4947 169673 91379 4931 134849 4930 91383 4933 
10 : 34419 263019 263016 8768 34423 34420 8737 264450 8772 8770 
10 : 195703 253320 258422 221630 195701 195702 195697 253319 221625 221627 
10 : 263046 36046 255484 99758 36047 255489 99763 36043 36022 99753 
10 : 152836 177950 204082 217092 152822 152824 152827 177942 177944 204074 
10 : 37297 201740 252282 263069 37284 37292 37298 201736 201742 252285 
10 : 57450 72821 58445 227703 57434 57433 57445 58416 72807 58437 
10 : 41057 90608 263091 44233 41036 41059 41033 90612 44209 44238 
10 : 224469 126693 250990 250649 126679 224468 224467 126689 126688 250643 
10 : 173110 223296 195127 64287 173106 173105 64271 195118 64274 64273 
10 : 252818 207624 38722 28489 207619 38718 28484 38711 28473 28456 
10 : 43999 156584 73692 241423 43981 43978 43991 73675 156575 73684 
10 : 186032 45777 208574 245891 45767 186024 186027 45769 45772 208568 
10 : 263192 148003 1638 151188 148004 1641 151190 1622 147988 1623 
10 : 46785 260604 47834 135591 46784 46762 46768 47831 135588 47814 
10 : 240065 240187 247744 97050 240055 240058 97034 240175 97035 97038 
10 : 159476 261156 142780 88477 159474 142752 88452 142777 88475 88451 
10 : 129885 152156 142678 157861 129866 129864 129868 142654 152136 142656 
10 : 91398 232281 221415 142781 91390 91387 91380 221407 142766 142762 
10 : 162127 188068 159180 84156 162121 159169 84136 159173 84141 84135 
10 : 207792 263311 263312 201582 207794 207795 201564 264393 201583 201584 
10 : 75285 150129 263315 234903 75271 75286 75278 150132 150122 234906 
10 : 137085 186309 17190 69918 137074 17163 69897 17168 69902 17156 
10 : 248965 197897 4650 226374 197894 4647 226366 4634 197892 4642 
10 : 263326 6552 191323 172503 6553 191324 172504 6541 6539 172488 
10 : 253248 174443 42883 245617 174441 42881 245614 42865 174437 42877 
10 : 207970 199349 256360 240851 199333 207968 207963 199347 199337 240847 
10 : 189263 6858 38540 145176 6849 38530 145161 6836 6843 38523 
10 : 139389 201831 254672 75708 139378 139385 75689 201826 75694 75704 
10 : 203384 259397 97801 196192 203380 97790 196177 97798 196188 97788 
10 : 145065 214960 263386 238339 145057 145068 145059 214961 214951 238344 
10 : 261573 76246 19166 148906 76245 19164 148905 19141 76228 19145 
10 : 98888 198895 97449 242418 98873 97422 98877 97432 198886 97442 
10 : 263401 206443 263402 214378 206447 265121 214380 206449 206435 214381 
10 : 234650 247347 238718 255633 234646 234641 234647 238713 247344 238715 
10 : 250293 61262 34264 89380 61257 34258 89374 34236 61241 34237 
10 : 16026 263440 172716 260869 16027 16014 16022 172718 260870 172715 
10 : 176812 128044 18823 223243 128032 18814 176802 18804 128036 18818 
10 : 227113 142232 255702 199428 142224 227110 199421 142228 142221 199425 
10 : 255747 67556 199121 194212 67554 199118 194208 67546 67545 194196 
10 : 154084 246237 242647 245196 154079 154076 154078 242639 245186 242638 
10 : 91998 216623 263483 225559 91989 92000 91991 216627 216614 225560 
10 : 134961 225665 244822 155179 134953 134956 134947 225658 155165 155169 
10 : 188884 252112 95560 78263 188876 95546 78250 95555 78257 78240 
10 : 209283 232806 157915 108096 209278 157904 108081 157911 108086 108076 
10 : 68073 263509 62434 208373 68076 62410 68062 62437 208377 62425 
10 : 239564 112646 263513 255954 112638 239565 239562 112647 112640 255955 
10 : 234238 175266 127632 251015 175257 127620 234234 127614 175260 127627 
10 : 120267 233201 254536 252698 120253 120262 120260 233194 233193 252693 
10 : 194768 232175 195851 166430 194760 194758 166412 195845 166421 166413 
10 : 77970 156361 105299 248872 77953 77947 77965 105272 156358 105292 
10 : 232800 91375 163859 102651 91368 163852 102638 91356 91349 102626 
10 : 139145 263577 36450 262542 139146 36427 139144 36451 262544 36446 
10 : 263586 263370 253521 133994 263372 253522 133996 253520 133993 133987 
10 : 199876 65999 263589 152519 65986 199878 152504 66002 65982 152521 
10 : 259767 87809 28180 92150 87807 28177 92147 28157 87786 28158 
10 : 110620 263601 246373 79062 110624 110616 79037 246376 79065 79055 
10 : 49225 2621 15302 261118 2600 15276 49224 2596 2618 15300 
10 : 253985 13406 1059 231419 13400 1050 231409 1031 13398 1049 
10 : 63362 255688 257579 161274 63358 63359 63349 255686 161268 161269 
10 : 254552 48295 28613 106247 48290 28609 106242 28584 48273 28592 
10 : 239056 235085 263645 134300 235075 239058 134286 235088 134285 134302 
10 : 205316 130694 119905 56427 130685 119893 56413 119889 56404 56403 
10 : 240264 67559 263651 207143 67552 240265 207135 67561 67548 207145 
10 : 255381 170916 246908 122773 170912 246902 122769 170909 122753 122766 
10 : 10894 263698 198131 262640 10896 10879 10893 198133 262642 198129 
10 : 10895 263724 261557 100525 10898 10891 10872 261559 100531 100522 
10 : 254430 88679 263721 145177 88676 254431 145170 88680 88657 145178 
10 : 57953 262517 259613 108097 57951 57948 57928 259609 108095 108093 
10 : 36371 35984 16102 171777 35957 16063 36356 16062 35965 16077 
10 : 255080 246172 117878 254481 246164 117872 254475 117868 246163 117871 
10 : 255926 126804 37362 93398 126800 37359 93393 37338 93373 37334 
10 : 166524 19767 263742 144222 19746 166525 144200 19768 19743 144223 
10 : 90768 260298 263756 79226 90765 90770 79193 260302 79219 79231 
10 : 135313 157964 101146 213390 135294 101125 135299 101127 157949 101131 
10 : 101624 263767 223378 225129 101625 101611 101612 223380 225131 223366 
10 : 45931 142649 193861 254372 45913 45917 45929 142638 142646 193856 
10 : 185599 131285 233850 242513 131267 185593 185595 131275 131277 233842 
10 : 140044 110162 252364 217611 110148 140041 140033 110157 110154 217605 
10 : 35955 95034 254842 262273 35934 35949 35951 95028 95032 254840 
10 : 262404 263791 257894 223585 262405 257892 223583 257895 223587 223579 
10 : 263789 7697 84681 252548 7698 84682 252549 7667 7687 84674 
10 : 210378 199668 142952 263801 199658 142938 210382 142936 199671 142954 
10 : 39823 258005 200474 221556 39821 39814 39817 200469 221551 200462 
10 : 41078 240652 263805 176852 41070 41080 41065 240653 176843 176854 
10 : 205616 32618 54843 80038 32606 54834 80025 32593 32594 54817 
10 : 263167 133935 249087 216709 133934 249086 216708 133928 133924 216702 
10 : 260849 257041 241758 192658 257036 241755 192654 241752 192651 192648 
10 : 232683 255234 91425 257628 232676 91412 232679 91420 255233 91423 
10 : 67884 136730 232926 78712 67864 67878 67858 136720 78687 78703 
10 : 74296 251933 122669 106880 74293 74277 74276 122666 106875 106852 
10 : 263824 62595 197441 241383 62598 197445 241386 62582 62591 197435 
10 : 171266 188517 262483 38455 171253 171265 38434 188516 38436 38454 
10 : 29657 198424 88857 155073 29646 29634 29637 88843 155048 88836 
10 : 141460 120752 97328 49976 120730 97305 49949 97300 49944 49941 
10 : 79007 238016 154671 232089 79002 78992 79001 154665 232078 154664 
10 : 211585 64608 249874 225130 64593 211581 211575 64602 64596 225124 
10 : 60585 47245 243172 54546 47220 60577 54511 47233 47219 54536 
10 : 226281 204835 60207 46847 204823 60196 46828 60190 46822 46815 
10 : 95533 175545 240796 256951 95514 95524 95527 175536 175540 240789 
10 : 263906 166649 230861 205468 166650 230864 205469 166640 166632 205455 
10 : 174234 141103 226417 263910 141095 174230 174235 141097 141104 226419 
10 : 245486 216309 99336 230955 216304 99328 230949 99321 216301 99324 
10 : 163617 255487 144941 249099 163615 144917 163612 144934 249093 144932 
10 : 263003 239620 242824 210230 239618 242820 210228 239614 210221 210223 
10 : 150115 87064 118717 263938 87050 118703 150116 87045 87066 118719 
10 : 172678 29829 251557 225042 29809 172674 172668 29823 29814 225034 
10 : 204274 259106 256164 241468 204271 204270 204268 256160 241461 241460 
10 : 252278 76723 103975 60901 76717 103970 60890 76705 60869 60876 
10 : 54165 7800 32294 42301 7780 32272 42274 7777 7778 32267 
10 : 197838 181482 192747 248547 181467 192727 197835 181464 181477 192739 
10 : 228343 96013 242280 61706 96006 228338 61696 96009 61679 61700 
10 : 210867 239124 251166 158363 210857 210862 158345 239120 158350 158354 
10 : 140743 213953 32190 245803 140734 32165 140739 32179 213948 32185 
10 : 203560 49019 157673 196933 49002 157653 196913 48994 48999 157650 
10 : 241028 179351 17901 182980 179344 17892 182971 17877 179336 17879 
10 : 108994 130598 104930 55871 108978 104907 55847 104908 55849 55844 
10 : 160952 225610 46262 193801 160940 46242 160934 46252 193788 46248 
10 : 244225 256468 73997 149979 244221 73985 149971 73991 149974 73969 
10 : 177139 138193 228202 262718 138180 177128 177137 138185 138192 228201 
10 : 50159 264046 264048 240220 50160 50161 50154 264128 240221 240223 
10 : 207036 141330 264054 41137 141318 207038 41125 141331 41112 41138 
10 : 264059 247435 126646 179615 247438 126649 179618 126639 179611 126629 
10 : 179504 231604 134604 189835 179498 134587 179493 134594 189827 134589 
10 : 220301 252641 108297 259968 220299 108286 220300 108291 252640 108296 
10 : 242934 241648 213803 264069 241638 213796 242937 213795 241651 213805 
10 : 98114 197047 159617 262736 98101 98098 98112 159605 197046 159616 
10 : 141403 258781 263896 215508 141399 141402 141392 258780 215504 215506 
10 : 206837 245958 264079 238552 206832 206839 206829 245961 238543 238556 
10 : 263692 70972 58933 6143 70971 58932 6142 58904 6111 6108 
10 : 255330 160507 264097 257765 160501 255332 255328 160508 160503 257769 
10 : 67139 227001 84434 259778 67128 67117 67136 84424 226999 84432 
10 : 110874 257378 262629 123165 110870 110873 110856 257377 123161 123164 
10 : 264124 127809 220535 174656 127810 220536 174657 127800 127792 174641 
10 : 249233 69753 60731 243813 69748 60726 243808 60704 69746 60725 
10 : 214240 261677 108214 139416 214238 108202 139403 108212 139414 108193 
10 : 212508 264192 236387 34896 212510 212499 34879 236388 34898 34886 
10 : 174254 125011 181039 258929 124995 174238 174252 124997 125007 181033 
10 : 179832 144870 175724 203857 144857 175708 179823 144856 144860 175714 
10 : 251762 255087 137671 162710 251758 137664 162700 137666 162704 137651 
10 : 264209 39737 100488 191685 39740 100490 191687 39710 39719 100474 
10 : 85150 232614 224058 233029 85141 85137 85142 224045 232606 224046 
10 : 264219 241853 218922 244550 241854 218923 244552 218912 241848 218914 
10 : 169311 203057 34533 178345 169303 34516 169300 34520 178330 34517 
10 : 36506 222964 240234 249755 36497 36500 36502 222955 222956 240225 
10 : 255803 262378 194922 256952 255800 194916 255798 194919 256948 194918 
10 : 63677 118372 32939 135364 63651 32910 63653 32915 118351 32916 
10 : 264277 228444 252040 264278 228445 252041 264513 228431 228446 252042 
10 : 41944 138658 68518 243514 41929 41925 41939 68497 138654 68512 
10 : 111235 155548 48369 30216 111222 48349 30188 48353 30195 30182 
10 : 195560 264296 92542 235747 195561 92523 195547 92543 235749 92531 
10 : 262217 21112 66440 112001 21110 66438 111999 21091 21093 66421 
10 : 217010 141906 243475 247382 141893 217003 217004 141901 141902 243467 
10 : 264320 59171 248698 177895 59172 248699 177896 59165 59154 177885 
10 : 239676 262128 264322 262719 239673 239677 239674 262129 262127 262720 
10 : 213640 264336 264334 207813 213645 213643 207801 264993 207818 207816 
10 : 264343 252686 134185 14402 252689 134186 14404 134179 14398 14381 
10 : 244086 228020 236124 257545 228014 236119 244084 228010 228016 236122 
10 : 239316 264085 250581 111076 239315 239308 111059 250579 111074 111064 
10 : 199271 53660 262519 210096 53649 199269 199264 53658 53650 210094 
10 : 261756 53251 146241 207005 53248 146239 207003 53231 53235 146229 
10 : 55808 236149 82850 148478 55800 55788 55792 82839 148469 82831 
10 : 33783 182598 2271 138745 33768 2241 33763 2254 138731 2249 
10 : 234607 198582 147539 65512 198573 147531 65505 147522 65496 65486 
10 : 249830 168058 32772 79624 168050 32764 79614 32755 79604 32747 
10 : 259774 233359 70029 231967 233355 70024 231962 70017 231954 70016 
10 : 154796 252280 261395 253997 154791 154795 154792 252275 252274 253992 
10 : 214188 6625 60903 264268 6612 60881 214187 6595 6624 60902 
10 : 213641 176771 219120 35862 176761 213632 35847 176762 35841 35849 
10 : 84605 264409 179616 214155 84607 84592 84595 179617 214157 179606 
10 : 245851 107954 264416 262071 107943 245855 245849 107958 107953 262073 
10 : 187204 204923 226309 262208 187190 187194 187201 204914 204920 226308 
10 : 249982 261697 264427 264428 249980 249985 249986 261698 261699 265380 
10 : 123342 94828 210680 72090 94802 123334 72060 94813 72058 72074 
10 : 68206 241493 115793 255240 68197 68184 68199 115780 241490 115788 
10 : 233187 152246 42302 253496 152236 42291 233182 42282 152241 42295 
10 : 245465 139494 196342 255624 139484 196333 245460 139480 139488 196339 
10 : 155550 109509 113786 36786 109491 113771 36764 109489 36754 36757 
10 : 249642 67061 130759 49020 67053 130751 49011 67037 48986 48993 
10 : 247929 98933 173523 262643 98926 173510 247928 98921 98932 173520 
10 : 151455 264476 263014 210911 151456 151453 151444 263015 210912 210909 
10 : 203144 262668 54844 264486 203143 54832 203145 54842 262669 54846 
10 : 138104 107495 19363 176679 107472 19341 138091 19338 107477 19344 
10 : 119502 124770 140471 225501 119487 119488 119500 124757 124765 140464 
10 : 188061 261550 263856 252306 188058 188060 188054 261549 252302 252305 
10 : 262296 256552 165326 232409 256550 165323 232405 165321 232400 165317 
10 : 123730 254704 104622 102793 123728 104601 102767 104616 102785 102765 
10 : 194072 58901 261779 235199 58884 194069 194063 58897 58889 235197 
10 : 184823 253549 70475 202280 184819 70460 184810 70471 202272 70464 
10 : 244001 11443 243229 237562 11432 243217 237551 11431 11428 237550 
10 : 260759 264537 196171 203517 260761 196169 203513 196174 203518 196153 
10 : 229710 257279 202437 239935 229709 202427 229706 202435 239930 202431 
10 : 196485 110806 209571 216556 110794 196471 196472 110795 110796 209559 
10 : 247367 161373 171780 259663 161368 171767 247366 161357 161371 171772 
10 : 236872 12645 264589 152771 12639 236873 152762 12646 12632 152772 
10 : 135620 215636 109297 40020 135607 109271 39994 109283 40008 39987 
10 : 124339 196873 216106 218758 124325 124327 124328 196865 196866 216092 
10 : 238763 264604 264522 263363 238766 238762 238761 264525 263365 263362 
10 : 177118 204629 257070 251008 177106 177115 177113 204623 204620 251003 
10 : 181100 15714 245305 13115 15698 181096 13093 15708 13080 13102 
10 : 262316 40294 152723 189736 40293 152721 189733 40272 40279 152708 
10 : 92704 61363 33193 249422 61348 33169 92701 33167 61359 33187 
10 : 118782 233841 262905 260111 118774 118779 118778 233837 233834 260106 
10 : 209682 121506 264636 228163 121490 209683 209679 121507 121495 228165 
10 : 126282 63517 62015 119453 63503 61995 119427 61987 63502 61994 
10 : 9322 242772 264642 43189 9314 9323 9297 242773 43179 43190 
10 : 168337 251774 242559 131897 168331 168329 131878 242551 131889 131885 
10 : 136756 233777 256326 89992 136747 136751 89966 233772 89981 89987 
10 : 206316 221792 264645 263984 206300 206317 206314 221794 221790 263985 
10 : 36116 42106 166467 118135 36095 36102 36100 42092 42089 118115 
10 : 4604 167341 217156 219180 4595 4597 4598 167330 167332 217145 
10 : 182327 246346 249464 263954 182319 182321 182326 246338 246345 249462 
10 : 154269 223153 256364 242894 154260 154266 154264 223147 223145 242886 
10 : 206216 126908 260920 226435 126897 206213 206209 126905 126899 226433 
10 : 190402 27295 87811 264311 27276 87797 190401 27267 27294 87810 
10 : 111638 206974 251804 215233 111624 111629 111625 206962 206957 215222 
10 : 249517 261762 264712 18515 249515 249519 18507 261763 18512 18518 
10 : 44143 63884 241558 264498 44118 44134 44141 63876 63882 241557 
10 : 260719 263933 263875 132014 260718 260717 132007 263871 132012 132011 
10 : 216020 149317 132746 93945 149301 132735 93926 132726 93923 93921 
10 : 141992 180783 264731 195358 141977 141993 141980 180786 180773 195360 
10 : 198022 212033 264153 241095 198011 198021 198015 212032 212024 241093 
10 : 261850 229779 125587 57229 229778 125583 57227 125578 57217 57198 
10 : 45325 109164 232374 243630 45305 45315 45318 109154 109157 232367 
10 : 113570 263113 190950 6467 113569 113561 6435 190947 6465 6445 
10 : 177579 264280 255358 207565 177578 177576 177569 255357 207564 207562 
10 : 263929 177345 122934 264738 177344 122933 263930 122909 177346 122935 
10 : 259177 61052 35290 246727 61050 35289 246722 35264 61047 35287 
10 : 264672 103259 33542 104290 103258 33541 104289 33513 103235 33514 
10 : 231647 261115 263521 201914 231643 231645 201900 261114 201910 201913 
10 : 191006 264755 229211 186081 191007 190999 186060 229212 186082 186066 
10 : 198466 239633 239382 237143 198461 198460 198459 239377 237133 237132 
10 : 242031 245960 264799 45383 242023 242033 45373 245962 45375 45385 
10 : 69018 36871 231951 213310 36847 69011 69008 36865 36863 213298 
10 : 114778 41737 185996 124671 41706 114764 114757 41714 41708 124650 
10 : 206298 204595 248742 227024 204581 206292 206288 204588 204584 227019 
10 : 201087 114080 238328 35326 114067 201081 35310 114072 35295 35318 
10 : 259793 168551 264763 222149 168546 259791 222140 168549 168538 222147 
10 : 108528 225911 224250 130868 108514 108513 108507 224235 130853 130852 
10 : 43227 184499 228318 62637 43212 43220 43207 184487 62613 62622 
10 : 81134 194012 91199 174861 81125 81112 81121 91181 174845 91176 
10 : 254362 105848 126823 194528 105844 126820 194523 105827 105834 126809 
10 : 116925 73110 227409 100848 73092 116918 100823 73104 73089 100839 
10 : 185189 26668 250039 33056 26652 185182 33030 26664 26637 33047 
10 : 257500 214355 154575 161636 214347 154570 161629 154552 161611 154550 
10 : 46050 230594 27691 224386 46042 27661 46040 27676 224377 27673 
10 : 8413 264871 264444 247301 8415 8412 8402 264445 247306 247300 
10 : 219716 99447 150551 63824 99435 150541 63811 99430 63799 63804 
10 : 144052 191599 32363 256631 144040 32338 144048 32345 191590 32357 
10 : 110569 263494 220929 109930 110567 110551 109904 220927 109929 109916 
10 : 226249 211599 182580 261520 211590 182566 226246 182564 211597 182578 
10 : 144177 59282 101856 196325 59264 101838 144162 59261 59271 101847 
10 : 76905 263794 57803 256452 76904 57771 76902 57800 256449 57797 
10 : 264898 260046 247690 256652 260048 247691 256654 247687 256649 247685 
10 : 12770 47546 24303 153592 12751 12749 12754 24274 47526 24281 
10 : 263007 98309 264916 185472 98306 263008 185469 98312 98293 185474 
10 : 12465 251625 62346 64017 12460 12441 12442 62338 64013 62312 
10 : 112824 47978 239008 251564 47958 112819 112820 47966 47971 239001 
10 : 184385 264501 17843 245211 184383 17824 184377 17841 245210 17833 
10 : 242728 107176 246806 184776 107169 242723 184769 107172 107164 184771 
10 : 171450 257588 255579 188489 171445 171443 171436 255573 188486 188485 
10 : 101077 222068 119424 82451 101073 101062 82429 119415 82443 82430 
10 : 263712 263476 263203 264941 263475 263201 263713 263200 263477 263204 
10 : 159184 181459 150383 264401 159172 150366 159182 150370 181457 150380 
10 : 260463 222929 203782 484 222926 203772 478 203763 467 461 
10 : 236377 217964 264499 263827 217951 236375 236373 217962 217961 263826 
10 : 16157 263707 264955 264954 16155 16160 16158 263709 263708 265271 
10 : 263293 264956 264176 264420 263295 263290 263292 264179 264424 264174 
10 : 237781 252202 77474 260831 237777 77463 237779 77468 252201 77472 
10 : 114405 37798 253239 244905 37775 114399 114397 37793 37789 244895 
10 : 229478 264984 160730 155180 229480 160719 155166 160734 155183 155161 
10 : 116522 264394 28616 51543 116521 28595 51521 28615 51542 28585 
10 : 139472 79453 259954 263582 79430 139470 139471 79448 79450 259952 
10 : 16800 261148 231662 262435 16795 16789 16797 231658 261145 231659 
10 : 182908 183063 230066 262091 182894 182898 182905 183057 183061 230063 
10 : 257780 264990 231550 240341 257779 231543 240333 231549 240340 231532 
10 : 261626 264957 135261 88210 261625 135255 88203 135260 88209 88184 
10 : 157415 254724 214168 95992 157411 157402 95966 214164 95985 95974 
10 : 143943 54332 196172 71401 54308 143932 71376 54317 54306 71383 
10 : 131690 198651 255990 209904 131677 131686 131679 198646 198639 209899 
10 : 144195 11737 244242 121699 11715 144189 121673 11728 11711 121687 
10 : 242122 222457 160769 257518 222446 160759 242120 160756 222450 160765 
10 : 262614 223925 207212 173178 223922 207209 173174 207203 173164 173162 
10 : 264788 108052 211952 30141 108050 211951 30140 108040 30121 30129 
10 : 77531 235176 112198 141572 77520 77511 77513 112187 141563 112173 
10 : 234693 258008 242506 251168 234691 234687 234688 242500 251162 242497 
10 : 154021 147387 67828 55002 147361 67803 54978 67802 54977 54968 
10 : 263941 80402 133285 180959 80400 133283 180954 80380 80382 133265 
10 : 260428 86592 168863 216265 86589 168861 216262 86573 86580 168849 
10 : 255692 81949 265033 170846 81939 255691 170835 81948 81928 170845 
10 : 257718 9067 253873 112676 9058 253868 112668 9056 9045 112665 
10 : 193541 212605 220733 246399 193525 193526 193533 212591 212597 220725 
10 : 184838 121139 10817 214591 121119 10791 184828 10785 121124 10796 
10 : 256613 240634 264582 85241 240625 256612 85233 240631 85229 85238 
10 : 42972 136398 169058 124000 42952 42954 42951 136380 123976 123977 
10 : 60868 254707 193387 25644 60864 60852 25616 193381 25634 25625 
10 : 220143 216961 252161 98799 216950 220138 98784 216955 98781 98788 
10 : 905 229018 265113 261233 890 906 900 229020 229014 261235 
10 : 250246 118233 255840 79229 118222 250238 79213 118226 79195 79217 
10 : 132042 107678 263884 263271 107660 132040 132039 107676 107674 263266 
10 : 52142 156622 242604 250420 52124 52135 52137 156615 156618 242601 
10 : 212158 246558 136827 231179 212152 136810 212150 136819 231171 136815 
10 : 234547 73396 131091 206470 73389 131086 206465 73378 73384 131081 
10 : 158226 75151 165328 264594 75132 158215 158224 75133 75149 165327 
10 : 44743 248895 255779 34897 44736 44739 34862 248890 34889 34893 
10 : 240647 259182 263345 218096 240641 240645 218082 259180 218089 218092 
10 : 265139 264506 178669 75064 264507 178670 75065 178668 75063 75047 
10 : 191955 173295 126724 64694 173280 126709 64674 126704 64669 64664 
10 : 93365 223614 260520 86319 93355 93362 86291 223609 86306 86318 
10 : 30310 151401 265151 265152 30295 30311 30312 151402 151403 265178 
10 : 170636 138081 98409 186331 138064 98393 170623 98391 138066 98396 
10 : 217188 185540 123948 134329 185534 123934 134317 123927 134312 123920 
10 : 82554 156738 257220 161637 82535 82551 82537 156732 156719 161628 
10 : 251027 98866 232707 228307 98860 232696 228301 98857 98856 228293 
10 : 214244 264997 180519 247262 214242 180504 214236 180517 247261 180511 
10 : 196069 202103 195657 259095 196054 195636 196064 195639 202096 195651 
10 : 203117 236661 145155 166732 203108 145138 166714 145144 166721 145133 
10 : 172868 71247 264876 24519 71226 172867 24500 71246 24486 24517 
10 : 260310 251985 221979 34155 251980 221975 34151 221972 34147 34140 
10 : 247764 260252 262118 126222 247761 247762 126211 260248 126216 126217 
10 : 104575 62695 132603 241899 62672 104559 104568 62676 62687 132597 
10 : 228542 147514 168692 260151 147501 168675 228540 147496 147511 168689 
10 : 241839 225141 42680 119083 225134 42677 119073 42670 119070 42656 
10 : 126544 137228 188088 35189 126523 126528 35167 137218 35169 35173 
10 : 224651 159325 113897 201677 159312 113885 201663 113875 159306 113880 
10 : 63272 149651 262928 176969 63249 63269 63254 149645 149632 176966 
10 : 197446 179544 27112 259761 179523 27093 197438 27089 179539 27105 
10 : 197901 101519 178913 153616 101503 178896 153598 101501 101498 153594 
10 : 209692 186968 265221 56585 186950 209694 56568 186969 56562 56587 
10 : 127680 136475 204802 248389 127666 127668 127672 136460 136466 204788 
10 : 244010 23346 52247 234055 23335 52238 234047 23317 23333 52236 
10 : 179834 254617 265229 261375 179829 179835 179830 254618 254614 261376 
10 : 262361 183652 246571 245026 183649 246568 245025 183644 183643 245017 
10 : 218851 243631 261303 236896 218840 218844 218839 243624 236879 236888 
10 : 191483 123258 129029 265142 123240 129006 191482 123234 123257 129028 
10 : 36906 91846 203687 165717 36876 36890 36882 91829 91824 165699 
10 : 261652 137329 151054 46699 137325 151051 46693 137310 46672 46675 
10 : 232391 265237 38837 203753 232392 38824 203740 38838 203754 38818 
10 : 235738 86405 260370 153080 86396 235734 153066 86399 86383 153073 
10 : 257904 258598 196848 254083 257901 196846 254077 196847 254078 196844 
10 : 237478 72340 221746 151268 72326 221736 151255 72324 72318 151254 
10 : 248261 98721 89855 150997 98715 89843 150983 89827 98705 89832 
10 : 156819 182127 127961 253669 156805 127944 156814 127945 182119 127955 
10 : 265245 174484 264455 79361 174486 264457 79362 174482 79348 79360 
10 : 189304 9579 69079 146549 9558 69058 146528 9551 9554 69053 
10 : 147972 87559 126101 265249 87538 126073 147973 87535 87560 126102 
10 : 189697 211493 109142 180090 189683 109124 180067 109132 180073 109123 
10 : 255467 9998 257477 261357 9985 255459 255464 9989 9993 257472 
10 : 227228 217257 228206 108911 217245 227216 108895 217246 108892 108896 
10 : 123816 165035 260922 258193 123798 123812 123810 165031 165030 258188 
10 : 265261 36597 247148 227916 36598 247149 227917 36588 36585 227902 
10 : 240267 203827 198814 211884 203822 198806 211872 198800 203818 198803 
10 : 211191 40604 196755 174306 40583 196734 174290 40580 40577 174287 
10 : 196467 254253 126648 263275 196465 126631 196466 126643 254250 126645 
10 : 241280 90518 1806 265145 90507 1798 241279 1781 90517 1805 
10 : 167541 250539 264822 264710 167530 167539 167538 250537 250536 264708 
10 : 225833 173722 107000 126412 173712 106991 126400 106983 126391 106974 
10 : 73253 265248 248314 234134 73252 73245 73244 248313 234133 234121 
10 : 198855 135110 195593 163740 135099 195578 163721 135098 135094 163720 
10 : 18353 263249 258742 74392 18351 18350 18332 258738 74391 74389 
10 : 253889 204455 221542 255457 204447 221535 253886 204441 204448 221536 
10 : 232068 192638 167239 263771 192622 167228 232063 167225 192634 167237 
10 : 215422 233018 243614 248708 215413 215415 215418 233008 233010 243605 
10 : 210202 241890 204513 244114 210192 204499 210193 204502 241881 204503 
10 : 263703 210070 47697 211192 210069 47695 211188 47683 210062 47685 
10 : 202183 35587 260347 225503 35577 202179 202170 35585 35578 225500 
10 : 214572 247860 146550 265294 214564 146532 214573 146539 247862 146551 
10 : 37972 256235 213923 263550 37967 37962 37970 213916 256233 213921 
10 : 254070 260781 208309 226532 254065 208300 226521 208306 226527 208297 
10 : 265087 103084 136916 239287 103083 136915 239286 103062 103077 136907 
10 : 265274 248841 170481 174679 248840 170480 174678 170475 174671 170462 
10 : 155120 256296 192751 90936 155114 155103 90902 192743 90929 90909 
10 : 262714 208643 258523 134361 208639 258519 134355 208637 134339 134350 
10 : 173607 219593 105161 261238 173591 105138 173604 105144 219588 105156 
10 : 261455 238102 71280 158085 238101 71277 158081 71267 158072 71254 
10 : 154328 175814 117929 224625 154316 117907 154320 117910 175806 117918 
10 : 242304 202931 171220 214314 202924 171214 214306 171203 202915 171205 
10 : 252619 42409 44205 234452 42399 44196 234439 42380 42395 44189 
10 : 263283 113472 246891 207434 113470 246887 207429 113463 113460 207422 
10 : 144491 92824 72482 237461 92808 72465 144485 72458 92816 72473 
10 : 241322 245049 244937 265321 241317 241316 241323 244928 245051 244939 
10 : 256615 265165 252984 31888 256614 252973 31875 252983 31886 31873 
10 : 117228 78562 191522 248553 78532 117213 117221 78541 78553 191512 
10 : 264847 180981 75185 210840 180979 75183 210838 75162 180964 75164 
10 : 261562 173296 262084 192843 173290 261560 192836 173291 173281 192837 
10 : 199007 44880 43294 51267 44871 43279 51253 43263 44859 43264 
10 : 111955 20839 55535 180982 20813 55509 111937 20811 20818 55511 
10 : 228734 157567 231675 222023 157555 228720 222011 157556 157554 222012 
10 : 130426 161212 164066 259221 130412 130414 130422 161191 161208 164062 
10 : 226112 251202 49672 156174 226110 49659 156159 49666 156164 49649 
10 : 143129 158650 250281 254881 143111 143119 143120 158642 158643 250268 
10 : 120476 172786 159112 3129 120460 120459 3096 159093 3101 3099 
10 : 574 177511 260766 248161 553 569 565 177507 177504 248151 
10 : 261056 156585 44051 228459 156581 44046 228455 44034 156574 44040 
10 : 208334 160465 245005 80306 160454 208327 80286 160460 80278 80297 
10 : 48640 74596 133870 237048 48619 48623 48632 74571 74584 133858 
10 : 140936 264953 212313 254983 140935 140924 140931 212310 254981 212307 
10 : 101120 215440 53696 117561 101107 53667 101097 53679 117543 53671 
10 : 232552 100873 210802 143084 100862 210792 143067 100860 100851 143063 
10 : 167397 245471 238843 243125 167389 167387 167388 238833 243116 238831 
10 : 97742 80133 265289 30219 80106 97741 30187 80132 30185 30218 
10 : 178518 81848 149717 243615 81828 149698 178513 81825 81841 149707 
10 : 180596 100530 145182 220280 100500 145158 180583 100495 100508 145164 
10 : 246720 213924 128341 259905 213915 128335 246716 128329 213917 128338 
10 : 121217 211980 150911 233157 121205 121192 121207 150900 211969 150906 
10 : 264892 155478 222024 71012 155476 222021 71010 155462 70984 70993 
10 : 251361 260847 22401 98411 251356 22393 98403 22398 98407 22383 
10 : 258759 262064 54198 153617 258757 54189 153609 54193 153612 54171 
10 : 30924 7031 8615 52529 7003 8582 30902 7000 7005 8585 
10 : 55665 248734 205282 235239 55657 55649 55654 205274 235230 205270 
10 : 191062 209132 130927 220830 191056 130911 191058 130914 209125 130917 
10 : 64916 225670 167157 253242 64904 64900 64911 167140 225660 167146 
10 : 255341 134429 264625 265184 134418 255337 255339 134425 134428 264624 
10 : 130109 156862 261883 210234 130084 130102 130089 156856 156850 210227 
10 : 77803 174102 177874 213237 77784 77785 77787 174085 174087 177860 
10 : 154915 250716 256105 70975 154904 154909 70952 250710 70965 70970 
10 : 259311 255745 132854 231421 255741 132850 231416 132846 231412 132842 
10 : 264119 245345 43261 237511 245341 43256 237508 43249 237498 43248 
10 : 199332 265372 259343 265254 199330 199324 199328 259342 265253 259341 
10 : 175368 262170 264197 265327 175360 175362 175367 262165 262169 264196 
10 : 71149 229254 53840 259928 71137 53808 71143 53824 229248 53833 
10 : 96140 131515 47979 263800 96118 47954 96136 47959 131512 47976 
10 : 203816 265326 262761 261524 203815 203811 203810 262759 261523 261519 
10 : 116268 4219 243517 239543 4192 116261 116260 4204 4203 239527 
10 : 256593 181314 106464 246862 181305 106455 246856 106443 181299 106453 
10 : 128972 232305 33546 21667 128960 33515 21640 33530 21650 21627 
10 : 263298 3826 172695 169211 3824 172693 169209 3804 3803 169194 
10 : 198115 34741 162671 231926 34727 162651 198106 34722 34730 162656 
10 : 264041 22190 73023 88610 22186 73018 88605 22160 22161 72993 
10 : 736 111682 16711 257710 718 711 731 16684 111679 16701 
10 : 205682 133039 197841 191523 133024 197824 191502 133023 133022 191501 
10 : 120727 255056 235750 258194 120720 120716 120721 235742 255052 235743 
10 : 255515 232228 220488 159752 232224 220479 159742 220473 159737 159735 
10 : 89582 75035 208311 240694 75005 89566 89572 75015 75020 208298 
10 : 65205 105929 18426 188637 65180 18390 65185 18393 105908 18402 
10 : 236866 133411 264920 200980 133399 236864 200964 133410 133394 200976 
10 : 228600 6286 196085 150160 6272 196072 150147 6268 6260 150143 
10 : 215008 230674 228832 265103 214996 214995 215006 228821 230673 228831 
10 : 247117 90118 187525 33389 90111 187515 33378 90099 33353 33365 
10 : 260665 205742 88352 242561 205735 88345 242554 88334 205729 88339 
10 : 84452 161766 197399 264253 84442 84444 84449 161757 161764 197396 
10 : 248446 226440 220797 258195 226429 220783 248439 220776 226431 220787 
10 : 240530 115655 189546 251490 115641 189537 240523 115635 115645 189539 
10 : 265401 264626 71524 221733 264627 71525 221734 71521 221730 71509 
10 : 253875 6590 189109 195815 6578 189098 195803 6566 6568 189090 
10 : 100947 142522 258495 164757 100927 100940 100928 142517 142500 164752 
10 : 84536 113238 113017 253630 84516 84515 84530 112989 113231 113005 
10 : 63495 248599 246082 184979 63489 63487 63484 246072 184965 184963 
10 : 228719 256508 23347 47491 228715 23331 47474 23342 47487 23316 
10 : 217795 195131 168471 237965 195116 168458 217790 168457 195119 168460 
10 : 231289 181119 125728 176972 181109 125717 176959 125710 176954 125709 
10 : 265357 226786 126826 250007 226785 126825 250005 126813 226779 126818 
10 : 169488 160665 58580 117636 160653 58559 117612 58557 117610 58554 
10 : 196670 206392 131665 253019 196657 131644 196666 131647 206386 131658 
10 : 89349 47217 146446 98178 47191 89328 89324 47196 47192 98148 
10 : 264665 264857 237211 222361 264664 237209 222358 237210 222359 222352 
10 : 71096 94178 182473 217895 71076 71085 71088 94161 94166 182463 
10 : 162050 56658 186542 21591 56645 162040 21575 56648 21564 21578 
10 : 188810 265127 151904 40790 188809 151886 40770 151903 40789 40766 
10 : 260808 76497 62016 227383 76495 62013 227379 61988 76484 62002 
15 : 688 693 685 707 691 48056 22158 48067 48055 22172 172784 149932 22189 22170 149953 
15 : 690 699 692 705 696 103452 103443 103458 103446 159101 232075 197512 159108 159099 197519 
15 : 2023 2033 2019 2036 2020 94899 20812 94903 21636 20829 251907 21658 20833 20809 21664 
15 : 2208 2195 2207 2213 2200 15296 242829 249249 115419 15295 15303 15280 242840 115417 115430 
15 : 3357 3334 3337 3335 3349 12800 67033 13295 195357 12776 12772 12789 13266 67018 13283 
15 : 5389 5374 5379 5386 5376 90490 174100 244778 118134 90474 90481 90472 174094 118116 118125 
15 : 5874 5866 5883 5873 5879 128768 191941 176639 191939 128774 128766 128771 176653 231237 176649 
15 : 6693 6714 6701 6704 6686 134582 134565 134571 61174 224803 238240 61201 224788 61185 61189 
15 : 7306 7291 7290 7292 7303 132331 62736 142238 263469 62710 132311 132325 62712 62731 142233 
15 : 7466 7465 7476 7472 7477 240106 241445 241441 241446 240117 240113 240119 250578 261801 250580 
15 : 7766 7772 7770 7763 7761 198528 198527 112312 105281 238284 112323 105290 112320 105286 105271 
15 : 8224 8227 8236 8246 8222 35700 35714 35721 23068 91674 91687 23073 228443 23085 23103 
15 : 8682 8693 8706 8701 8697 57154 57163 57160 57157 210395 210389 210386 255728 245411 245404 
15 : 8827 8838 8824 8842 8841 203035 100339 203040 203038 100353 260537 260535 100358 100355 263695 
15 : 8976 8982 8979 8972 8981 193426 193424 102146 193425 211360 102151 214289 102149 211359 102150 
15 : 9143 9144 9154 9167 9147 33639 33651 33662 33642 40306 40318 40299 204627 111317 111335 
15 : 9394 9398 9412 9419 9418 56189 56200 56207 56205 80647 80655 80651 228136 228134 255918 
15 : 9924 9918 9919 9910 9911 199603 199662 29440 64832 199600 29433 64824 29434 64825 29420 
15 : 10104 10091 10106 10109 10099 98300 253306 253308 210296 98303 98308 98296 261729 210297 210303 
15 : 10306 10291 10307 10309 10295 88168 257781 257787 151895 88170 88176 88158 259634 151896 151900 
15 : 10859 10866 10864 10854 10855 230812 230809 132534 184865 258935 132548 184879 132544 184876 132528 
15 : 11288 11294 11278 11281 11298 206616 37501 77823 206617 37509 77829 253321 37483 37514 77832 
15 : 12080 12078 12083 12079 12082 178654 218253 218077 218252 178662 178653 178661 218086 250415 218084 
15 : 12400 12396 12387 12402 12393 150372 31232 194321 134807 31224 150374 134801 31236 31222 134814 
15 : 13358 13363 13368 13364 13365 98597 98607 98600 98601 124130 124121 124122 146931 157118 146925 
15 : 13485 13484 13495 13503 13477 121919 123724 123733 37519 121932 121944 37518 232153 37534 37554 
15 : 13630 13631 13613 13619 13621 263387 28964 197341 227690 28966 197342 227691 28950 28955 197328 
15 : 13798 13813 13816 13812 13805 162471 162474 162468 162459 262677 258960 236839 258963 236844 236835 
15 : 11675 15025 15029 15028 15033 11680 11685 11684 11691 90524 90523 90526 164067 164132 164071 
15 : 15090 15072 15074 15067 15092 142358 149549 48432 259142 142335 48410 142360 48412 149551 48433 
15 : 15512 15504 15506 15511 15502 222399 243843 256554 195754 222394 222398 195740 243841 195745 195752 
15 : 16337 16348 16340 16331 16325 253736 253727 218769 90140 257448 218780 90154 218772 90143 90131 
15 : 17419 17410 17413 17432 17423 39530 94806 160661 160655 39525 39544 39536 94820 94808 191216 
15 : 19715 19716 19721 19718 19727 105852 105861 105855 105873 107789 107782 107796 166717 216474 166727 
15 : 19838 19834 19830 19831 19826 181269 118200 127232 44368 118197 127223 44360 118193 44352 44355 
15 : 20749 20745 20750 20755 20754 112379 199831 199835 199834 112383 112391 112389 221909 221906 249683 
15 : 20947 20942 20949 20945 20944 33614 125853 54231 49535 33618 33610 33609 54238 49543 49528 
15 : 21920 21924 21923 21904 21907 249714 249713 91838 95808 264312 91844 95813 91843 95812 91814 
15 : 22110 22105 22103 22111 22109 189689 105019 236855 236058 105006 189692 189688 105021 105018 236061 
15 : 23443 23440 23444 23429 23437 236915 264519 63049 184974 236918 63036 184960 63051 184978 63030 
15 : 23750 23760 23759 23751 23756 139162 139160 139149 139157 253322 185633 239396 185630 239392 185625 
15 : 23924 23904 23927 23905 23919 96665 257831 111570 241703 96670 96644 96660 111574 241710 111560 
15 : 24076 24066 24060 24062 24067 118918 26657 44163 151174 26645 44148 118909 26639 26650 44151 
15 : 24129 24147 24148 24133 24139 46046 46047 46027 46034 240967 82347 152450 82348 152451 82335 
15 : 24675 24684 24676 24685 24680 186860 186850 186863 186855 239171 263125 251311 239173 239167 251314 
15 : 24995 24996 24989 24982 24991 259499 227142 53219 244155 227143 53220 244156 53209 227138 53215 
15 : 3938 25418 25415 25420 25416 3946 3941 3950 3943 116092 183175 146009 116104 116086 146024 
15 : 25782 14610 25786 25771 25781 14627 229107 172334 218188 14635 14617 14625 172341 218195 172331 
15 : 26360 26359 26371 26373 26364 139016 140023 140027 140017 139030 139035 139021 230257 178831 178841 
15 : 26842 26848 26855 26854 26856 48497 48504 48503 48505 192609 192607 192610 249415 254486 249416 
15 : 26997 26992 26990 26989 26979 241541 227355 210136 42737 227350 210130 42729 210124 42726 42725 
15 : 27178 27167 27180 27176 27181 69064 218236 211193 218237 69069 69063 69072 211200 247853 211204 
15 : 27454 27452 27460 27453 27458 62551 91100 75424 91094 62559 62549 62554 75435 114117 75429 
15 : 27926 27911 27918 27914 27907 116229 246203 167603 69393 116220 116211 69365 167592 69382 69369 
15 : 28062 28074 28063 28071 28073 109242 109223 109239 109241 116206 234572 245774 116198 116203 234570 
15 : 28516 28521 28509 28517 28523 173405 76306 173404 173406 76312 183560 198243 76309 76315 183564 
15 : 28549 23178 28550 28548 28544 23201 251179 244774 234699 23202 23199 23196 244775 234700 234698 
15 : 29938 29919 29917 29932 29931 76326 38870 235132 225269 38840 76317 76316 38863 38861 225262 
15 : 30324 30335 30333 16827 30319 185514 185513 16840 106228 231060 16852 106240 16848 106238 16830 
15 : 30695 30688 30686 30697 30690 192906 114485 256012 218577 114468 192908 192893 114488 114472 218580 
15 : 31743 31737 31745 31739 31741 77959 205485 112313 186295 77971 77948 77957 112329 186311 112308 
15 : 31902 31910 31914 31901 31908 63966 63974 36017 63961 208638 36034 149509 36044 149521 36030 
15 : 32032 32035 32044 32041 32046 77639 77648 77644 77650 171657 171648 171658 210754 245560 210756 
15 : 32151 32150 32148 32141 32145 257407 255620 238782 246666 255619 238779 246663 238777 246661 238772 
15 : 2415 33760 33759 33761 33762 2418 2417 2419 2420 49805 67300 67301 49807 49808 128095 
15 : 34960 34953 34954 34950 29250 101595 154341 76638 29281 101588 76624 29260 76630 29265 29255 
15 : 35348 35354 35351 35344 35347 239576 239569 167025 237548 253725 167043 237561 167033 237555 167024 
15 : 36791 36790 36801 36803 36798 100718 111647 111650 111646 100732 100734 100730 209803 199199 199202 
15 : 36844 36832 36842 36836 25097 179437 263263 223808 25130 179434 179426 25108 223805 25127 25115 
15 : 36976 36975 36986 36985 36973 82298 94129 94128 73432 82317 82312 73430 222350 73459 73455 
15 : 37096 37097 37099 9999 37089 252504 252507 10026 66501 254140 10027 66502 10037 66509 10004 
15 : 38108 38094 38103 38096 38100 132715 199970 149125 175475 132707 132699 132703 149112 175467 149107 
15 : 38637 38653 38639 38645 38640 160010 159990 160003 159994 173070 235237 181147 173057 173047 181130 
15 : 38796 38801 38783 38788 38790 198184 60605 136689 165128 60609 136695 165133 60599 60602 136687 
15 : 39651 39652 39660 39654 38583 109470 109486 109481 38592 131633 131626 38594 247217 38617 38610 
15 : 39805 579 39824 39807 39806 587 108646 108626 108625 606 589 588 125725 109438 109415 
15 : 41019 41026 41006 41020 41014 227408 118919 227405 203649 118927 246883 203660 118922 118916 203652 
15 : 41345 41349 41352 41338 41351 166610 166617 43331 166614 196255 43336 196251 43343 222134 43338 
15 : 41756 41752 41757 41758 24785 154233 223612 223613 24806 154245 154246 24799 264454 24821 24823 
15 : 11316 41938 41928 41931 41942 11331 11318 11323 11335 138441 171861 242677 138433 138444 171869 
15 : 42109 42142 42138 42133 42120 51830 51827 51821 51808 263205 242192 146323 242191 146317 146308 
15 : 42897 42896 42895 42899 42889 263567 263560 264130 187240 263558 263571 187238 263562 187237 187244 
15 : 42920 42903 42914 42919 42910 172317 241851 262285 223824 172308 172316 172302 241849 223815 223823 
15 : 43383 43380 25615 43387 43382 229969 25635 255250 249558 25628 229972 229967 25642 25631 249566 
15 : 43533 43095 43524 43534 43539 43113 51188 205114 205120 43096 43115 43120 51190 51197 213095 
15 : 44023 11101 44001 44010 44007 11129 73596 206327 180722 11104 11115 11112 73585 73583 180711 
15 : 17975 44402 44406 44389 44408 17989 17993 17979 17995 197164 68248 197165 68257 247205 68260 
15 : 44526 44523 44528 44533 31995 191819 212720 212727 32011 191820 191827 32006 223926 32014 32029 
15 : 27317 45725 45729 45741 45737 27322 27325 27342 27334 81415 81432 81428 169767 169763 254296 
15 : 47440 47442 2753 47439 47433 244182 2775 239175 159552 2779 239177 159558 2773 2761 159550 
15 : 32099 47777 47766 47776 47773 32124 32106 32123 32118 154861 264526 255435 154858 154851 255432 
15 : 47789 47798 47787 47784 4051 203830 156466 125019 4073 156476 125028 4083 125014 4065 4057 
15 : 2570 28428 48200 48190 48202 2569 2586 2571 2591 28448 28430 28451 71271 256710 71275 
15 : 48750 48753 48754 48747 36996 251287 251288 213043 37021 263659 213046 37024 213047 37025 37011 
15 : 49058 49061 49063 49066 49059 187809 187812 187818 187807 220516 220522 214337 235542 214340 214346 
15 : 49442 49434 49436 49438 2275 69487 174769 229796 2306 69473 69479 2277 174757 2289 2296 
15 : 34678 50002 50006 49998 50003 34689 34697 34680 34690 162957 63024 162948 63037 168090 63027 
15 : 43763 26314 50227 50218 50214 26313 43790 43781 43777 26340 26329 26325 232239 213678 213666 
15 : 50588 50599 50609 50595 50591 77429 77442 77425 77423 202086 173011 151081 173024 151096 151074 
15 : 50692 50696 50687 2276 50695 164743 93008 2287 164739 93016 2295 187841 2279 93014 2293 
15 : 51626 51631 51640 51637 51648 73188 73200 73199 73206 121232 121229 121243 230889 238632 230898 
15 : 51890 51882 51891 51898 51897 146182 234497 234508 234507 146183 146192 146191 235730 235729 259547 
15 : 52151 52165 52156 52154 52160 188335 188329 188327 188332 227085 215975 255953 215962 227080 215970 
15 : 53131 53126 53118 53125 53132 243794 144912 228690 265160 144904 228685 243795 144901 144913 228691 
15 : 54851 54854 54856 54849 54861 220706 220712 214101 220715 244691 214106 244701 214112 260081 214116 
15 : 55165 55164 32329 55158 55167 164454 32343 120146 180055 32341 120144 164463 32335 32352 120155 
15 : 56046 56054 18797 14824 56049 76285 18798 14828 76282 18807 14836 91466 14823 18799 14830 
15 : 56172 56163 56165 56170 56171 56628 78489 180418 180947 56617 56624 56625 78483 78485 180415 
15 : 56313 56317 56320 56312 56314 235710 235713 225859 235708 240483 225863 236007 225869 236012 225860 
15 : 48327 33906 56589 56595 32128 33905 48330 48343 32127 33912 33923 32125 102234 32131 32156 
15 : 56729 56740 56738 56739 56730 61421 61418 61420 61409 190489 196235 77598 190488 77595 77597 
15 : 57689 57712 57695 57698 57696 114260 114241 114246 114242 186491 206538 188456 186472 186468 188439 
15 : 58724 58712 58716 58708 58715 190641 206532 126213 200970 190632 126199 190630 126205 200961 126203 
15 : 59228 45621 59234 59232 59226 45641 226759 226758 199204 45646 45645 45635 256627 199212 199211 
15 : 59505 59512 59500 59495 59497 210007 159837 82966 131997 159843 82976 132010 82955 131989 82951 
15 : 59935 59933 59938 59932 59930 119066 198774 115535 84284 119082 115529 84279 115552 84304 84278 
15 : 60219 60233 60237 60229 60231 125417 125421 125412 125413 259724 236553 247900 236559 247906 236545 
15 : 60493 60490 60483 60488 60486 200027 103136 165702 150484 103134 165697 150478 103131 103129 150473 
15 : 38217 3262 61097 61102 61091 3260 38239 38243 38227 3288 3292 3274 241412 150809 150815 
15 : 61252 61242 61250 61243 61249 96053 181105 99875 171108 96052 96043 96051 99874 171107 99873 
15 : 61346 49069 61337 61343 1235 49088 164572 245898 1261 49074 49085 1233 164570 1245 1258 
15 : 61394 61402 22896 7188 61401 109868 22901 7193 109865 22912 7207 197751 7186 22908 7206 
15 : 61805 61810 61813 61794 61808 203181 203185 76232 203180 257698 76244 252449 76251 252453 76241 
15 : 62934 62932 62930 10318 62926 253687 245681 10344 201579 245676 10340 201576 10338 201571 10330 
15 : 63214 55668 63218 52948 63216 55680 233236 52967 233234 55686 52947 55683 52969 248379 52968 
15 : 63783 63782 1812 63796 43153 205725 1831 215007 43173 1830 205741 43172 1848 1809 43191 
15 : 63788 63780 63777 63772 63795 147203 122454 80543 247116 122443 80531 147213 80526 122464 80553 
15 : 64217 64222 64229 64226 5481 162677 162684 162681 5489 213096 213093 5498 260833 5514 5512 
15 : 65537 47918 65539 65533 65541 47928 158897 74367 158899 47931 47919 47934 74372 190405 74375 
15 : 65955 65961 65967 65962 65965 68740 68747 68742 68745 136837 136831 136834 142865 175889 142858 
15 : 66156 66171 66154 66155 66177 140907 101912 135477 140911 101925 135498 251800 101910 101929 135506 
15 : 67073 67066 28619 67075 67072 176416 28645 235044 225742 28635 176418 176412 28647 28641 225744 
15 : 68055 68074 68075 68068 19174 86560 86561 86553 19176 264168 240372 19208 240373 19209 19196 
15 : 68165 45470 68159 68151 68154 45494 205210 99985 146027 45481 45472 45475 99974 146012 99963 
15 : 68287 35533 68282 68293 68291 35540 97056 163142 163140 35534 35550 35546 97069 97064 218434 
15 : 69245 69247 69248 69249 51655 85153 85155 85156 51660 118002 118003 51662 131475 51665 51666 
15 : 72496 72507 72500 72505 72495 151341 151334 151339 127968 211443 250602 127989 211439 127979 127984 
15 : 74162 74170 74173 74157 74158 160442 160444 122444 131876 253070 122458 131890 122459 131893 122440 
15 : 74282 74285 67857 74278 3731 187192 67869 128668 3743 67873 128671 3747 67862 3729 3736 
15 : 75370 75373 75368 75390 75382 103127 91816 103146 103138 91822 128340 128330 91842 91835 226083 
15 : 76121 76125 76135 76124 76137 81927 81942 81924 81944 161270 135817 161273 135835 259316 135836 
15 : 77652 77643 77637 77636 77647 193820 97296 83007 221426 97285 82999 193816 82984 97290 83002 
15 : 77866 77376 77864 77868 77865 77381 167115 177939 177670 77378 77382 77380 167117 167114 177672 
15 : 77880 77888 77883 77881 443 97608 97603 97602 446 120143 110518 453 110513 449 447 
15 : 46334 78070 78085 53360 78082 46342 46358 46333 46352 182311 53369 182308 53394 258252 53389 
15 : 78337 78331 26240 78342 15406 209625 26265 257023 15434 26256 209628 15423 26268 15400 15438 
15 : 78466 29186 78468 35834 78471 29197 221973 35850 221976 29204 29183 29208 35855 254412 35861 
15 : 79299 79304 79283 79294 79303 240401 117424 211295 240399 117429 211304 264689 117418 117428 211303 
15 : 79382 79377 79383 79380 79375 203428 244222 217328 112080 203433 203424 112070 217335 112086 112073 
15 : 79912 79920 79911 45679 52495 102985 95039 45683 52501 95056 45693 52513 45682 52499 45676 
15 : 81135 81128 81114 81119 81129 221151 108325 140290 239102 108313 140275 221143 108304 108317 140278 
15 : 81429 81422 81423 25953 10784 231128 238394 25983 10813 231119 25973 10800 25975 10802 10778 
15 : 81515 9824 81511 9708 29092 9833 112403 9716 29109 9826 9699 9819 9711 29094 9701 
15 : 81852 46791 81853 79336 66443 46800 226868 79354 66461 46802 46790 46788 79356 66462 66442 
15 : 81874 81858 81861 12019 41106 166625 187499 12049 41136 166609 12028 41115 12033 41121 12017 
15 : 18202 34797 82005 82003 81994 18198 18225 18222 18206 34831 34829 34802 263799 110324 110322 
15 : 82531 42923 44599 82523 82530 42945 44625 245098 263905 42921 42938 42944 44616 44624 245097 
15 : 82908 82915 82924 82921 82919 84224 84232 84231 84226 243897 243895 243891 262970 252489 252486 
15 : 72941 83687 83688 83680 83675 72961 72963 72955 72946 256941 223374 191398 223376 191400 191387 
15 : 84058 84060 84066 84054 84062 249055 249060 196334 249057 252892 196335 252889 196341 255428 196338 
15 : 84396 84388 84395 84397 84394 204324 244063 246307 240326 204320 204325 204318 244064 240322 240327 
15 : 85270 85279 85271 19924 44053 123153 123142 19928 44057 136491 19945 44076 19929 44058 19920 
15 : 85690 85679 66153 74619 85688 174890 66169 74642 235453 66160 74632 174888 66151 66167 74639 
15 : 86080 2755 86084 27974 86087 2762 166053 27984 166059 2769 2751 2774 27990 212040 28000 
15 : 86919 86906 86909 86912 86905 103916 163755 200669 88472 103904 103906 88446 163745 88454 88457 
15 : 87971 87960 87956 87961 87964 178239 113230 190201 209897 113222 178224 178226 113223 113224 190192 
15 : 65843 88285 88274 43623 88272 65862 65853 43622 65850 195667 43643 185985 43633 185978 43630 
15 : 88376 88374 88362 88369 88370 226124 93865 187399 212044 93860 187392 212037 93851 93854 187384 
15 : 88916 20156 66896 30658 88923 20159 66899 30660 104218 20155 20154 20163 30655 66904 30669 
15 : 89528 89534 89537 89523 89535 196302 196306 145702 196303 253494 145712 253491 145719 255430 145713 
15 : 91211 57313 79698 91209 91201 57338 79720 236718 131493 57312 57332 57315 79715 79700 131484 
15 : 91639 91640 91632 91635 91630 239568 147399 193355 105790 147401 193357 105792 147394 105773 105779 
15 : 11653 92572 92575 28784 92577 11656 11658 11649 11661 145359 28787 145362 28791 180501 28799 
15 : 7192 93563 93557 93558 93554 7218 7203 7205 7196 192486 197728 137797 192466 137772 137773 
15 : 93716 93718 93724 93713 93714 156209 156215 101390 111154 198472 101396 111162 101404 111169 101382 
15 : 94100 94102 19300 94099 94107 163606 19310 156757 163611 19314 156759 206493 19309 19320 156768 
15 : 94713 94714 94715 94725 94717 129466 129467 129478 129471 151973 151984 151976 152720 152709 191682 
15 : 88420 94844 94849 93507 94856 88424 88433 88419 88440 121987 93511 121999 93516 186735 93527 
15 : 95071 38393 95075 95080 95077 38398 149703 149709 149706 38405 38415 38411 205753 205747 228556 
15 : 95349 95337 95339 95340 85203 101651 161082 163972 85230 101634 101636 85205 161066 85212 85213 
15 : 26242 95713 95714 95712 76194 26249 26250 26248 26239 158703 145586 76201 145587 76202 76199 
15 : 95816 73836 95819 95824 4055 73840 139619 139630 4060 73844 73855 4054 155271 4064 4075 
15 : 96357 93622 96368 96360 96362 93628 150652 150637 150641 93645 93634 93636 195359 217812 195347 
15 : 96746 96751 11412 96750 58766 214768 11426 214767 58780 11436 244498 58786 11433 11409 58785 
15 : 97084 97094 97089 97086 97100 123664 123660 123654 123670 188001 133628 239314 133622 188009 133637 
15 : 89703 97454 97460 97458 97463 89704 89710 89708 89721 98748 98744 98763 164070 192563 164090 
15 : 97756 97748 97755 97757 97760 145884 219341 226484 226487 145881 145886 145890 219343 219347 229839 
15 : 69664 97830 97841 73808 97831 69668 69674 69662 69669 162484 73817 162476 73825 163281 73818 
15 : 98108 98106 98104 98102 98096 228474 216254 208520 153191 216250 208518 153189 208516 153185 153183 
15 : 99203 99191 99194 99204 99214 115330 144434 206376 206387 115324 115331 115342 144435 144446 206459 
15 : 99404 99400 99398 35836 99409 213452 193919 35854 251988 193911 35846 213462 35843 193930 35868 
15 : 99424 99412 99417 58419 99415 178988 205663 58441 190874 178977 58425 178974 58432 190860 58428 
15 : 101086 101088 101082 101085 101094 235431 174622 231405 235438 174624 231408 251972 174620 174632 231420 
15 : 101309 101302 101306 101307 101315 184334 207615 226013 238417 184328 184331 184336 207613 207622 226016 
15 : 101596 2487 83485 101584 101597 2505 83504 115154 247203 2482 2488 2506 83487 83505 115155 
15 : 102321 102317 102322 15126 102318 253563 262804 15157 259438 253564 15149 253560 15158 259439 15151 
15 : 83923 74829 103183 103190 103184 74824 83928 83934 83930 74835 74843 74837 207159 207150 233902 
15 : 103341 103332 103337 103324 103338 193450 238498 142951 241704 193443 142934 193445 142945 238495 142947 
15 : 103689 103692 103701 103695 103699 219192 219199 219195 219198 234231 234222 234229 246038 263522 246036 
15 : 103727 20070 103719 103729 103722 20084 104378 221207 155054 20071 20087 20073 104380 104365 155056 
15 : 103951 103960 21535 103952 103956 228045 21551 228037 228041 21560 232815 259267 21552 21557 232813 
15 : 104046 82403 104056 104053 93400 82409 166061 166052 93413 82420 82413 82402 198201 93431 93420 
15 : 104337 104327 104334 104326 104335 197156 262988 181724 264157 197151 181713 197153 181721 262986 181722 
15 : 104874 104864 97141 104866 104861 205903 97166 217894 157547 97150 205891 157530 97152 97146 157532 
15 : 105699 105704 105698 105691 105696 236315 233180 154845 198430 233184 154854 198439 154844 198429 154842 
15 : 106401 106403 106402 40025 106409 111111 111110 40026 111122 115630 40028 124305 40027 115638 40042 
15 : 106640 106641 106646 63577 106642 172148 172162 63583 172150 216888 63592 216880 63604 236014 63597 
15 : 107526 107530 107532 107527 107524 176138 176141 176132 122255 198729 176860 122262 176865 122271 122256 
15 : 31324 82557 107770 107765 36462 31320 31333 31332 31315 82570 82565 36459 211364 36477 36473 
15 : 108163 108156 20041 108149 108160 216331 20062 190949 253134 20052 190938 216330 20047 20057 190945 
15 : 62109 94268 87789 108375 95787 62106 62104 62118 62107 87787 94277 94267 87800 87788 95802 
15 : 108713 108699 108707 108701 108703 149208 228137 169819 185388 149198 149187 149189 169813 185380 169807 
15 : 108952 59693 108946 108948 108956 59708 188274 223561 244186 59700 59704 59709 188269 188278 223565 
15 : 108960 108974 108966 108977 108971 131698 131693 131705 131696 179993 248630 234811 180004 179991 234820 
15 : 109773 109788 109774 109782 109768 174835 174821 174829 124409 187655 224670 124430 187648 124412 124422 
15 : 109855 109852 109849 109844 5616 249872 228095 189565 5644 228093 189560 5640 189554 5633 5626 
15 : 110599 110602 110588 110592 110594 234226 126188 172798 201902 126194 172803 201909 126178 126183 172789 
15 : 3491 110986 110996 111000 110987 3494 3507 3515 3496 138961 138970 138952 244984 142667 142675 
15 : 111088 111108 111107 111102 109539 113847 113845 113840 109540 263711 254879 109571 254877 109570 109564 
15 : 111340 111339 111349 111344 5019 128072 142851 142843 5023 128091 128079 5020 222217 5044 5033 
15 : 111615 111610 111607 111612 111608 244974 158933 250308 179567 158923 244970 179558 158926 158914 179559 
15 : 105456 111764 111762 111766 93405 105462 105461 105463 93401 159538 175002 93415 159543 93412 93419 
15 : 113609 113602 113593 18231 101903 185695 114224 18251 101922 114219 18242 101918 18232 101904 18230 
15 : 113938 113942 113936 113931 113647 203194 193765 163627 113666 193778 163636 113679 163624 113664 113656 
15 : 104465 114308 6604 82721 114311 104468 6603 82718 104475 6608 82730 168754 6599 6616 82736 
15 : 99464 52615 114498 114503 114501 52613 99468 99489 99485 52618 52641 52638 143272 143270 237686 
15 : 110105 114611 114602 114609 105771 110117 110108 110115 105769 173089 250681 105800 173087 105776 105795 
15 : 115927 115919 115922 115916 88579 180678 229729 133747 88600 180676 133736 88582 133742 88591 88581 
15 : 115931 115945 89063 115930 115947 137041 89068 132934 137044 89087 132951 260672 89065 89089 132953 
15 : 13639 94476 116241 116250 82857 13637 13640 13656 13635 94479 94494 82853 136288 82859 82877 
15 : 116360 116368 116366 116363 116356 187117 187116 187114 134194 230091 224898 134203 224896 134202 134200 
15 : 117434 117435 117437 117440 117442 187886 187888 187891 187899 198179 198182 198191 203249 203258 237035 
15 : 118056 84659 118054 86831 118064 84666 157242 86841 170994 84664 84655 84683 86838 157264 86860 
15 : 51020 118758 118760 118756 118753 51032 51037 51030 51024 253804 241606 201601 241616 201609 201595 
15 : 70487 118998 118999 118997 25540 70490 70491 70489 25533 144853 126806 25544 126807 25545 25543 
15 : 119249 119245 119242 63708 119248 222601 151210 63729 244598 151201 63719 222596 63709 151205 63722 
15 : 119979 119971 119982 119985 119983 145862 254917 254922 254918 145866 145869 145867 263623 263620 264154 
15 : 119997 120002 43627 119998 119986 248579 43644 248576 131059 43653 258192 131068 43649 43628 131062 
15 : 120061 120070 71251 120067 120069 186121 71258 186114 186118 71273 231361 249790 71264 71270 231358 
15 : 120077 120072 66900 120079 27418 144498 66911 212013 27430 66902 144503 27421 66914 27411 27434 
15 : 120339 50232 120345 120336 120332 50251 246372 206325 146663 50253 50238 50235 206329 146668 146653 
15 : 10549 96879 72595 57774 120799 10546 10544 10543 10554 72591 57772 96882 57770 72602 57779 
15 : 121442 97639 120498 121446 121436 97647 120513 237710 143180 97637 97650 97640 120519 120501 143188 
15 : 114525 122298 122293 122292 122301 114542 114538 114535 114546 235126 214297 254342 214293 235128 214298 
15 : 122476 122472 59178 122477 122471 193779 59202 255512 182835 59189 193781 182822 59204 59188 182839 
15 : 123304 123297 123300 123309 55510 184424 226268 255050 55524 184420 184429 55512 226274 55519 55534 
15 : 123338 66565 123337 123336 123335 66584 253899 252292 227911 66583 66581 66575 252290 227909 227904 
15 : 8690 123786 36223 123791 123789 8691 8681 8702 8696 36228 203034 203032 36240 36234 242238 
15 : 124183 124186 52878 124185 124190 254522 52895 254521 254528 52901 261423 261962 52900 52907 261431 
15 : 105741 124692 124686 124689 124687 105766 105752 105757 105755 211523 215695 213175 211516 211515 213166 
15 : 124733 124729 120803 124720 124731 240416 120826 184464 248588 120818 184459 240411 120808 120820 184461 
15 : 124784 96515 124794 124789 124777 96527 214070 214062 148556 96537 96531 96518 240275 148570 148565 
15 : 125295 125286 125289 125285 125293 166834 226968 129452 256301 166820 129430 166830 129437 226961 129447 
15 : 125343 125350 125355 125335 125339 246588 246591 151178 203651 255031 151184 203659 151189 203663 151170 
15 : 125452 122063 31380 125449 125450 122081 31400 250454 251731 31379 122077 122078 31398 31399 250452 
15 : 126487 126497 1502 85750 126485 147357 1504 85754 128206 1526 85776 128224 1499 1503 85752 
15 : 126740 126741 126743 126756 18396 149213 149218 149229 18399 165497 165508 18401 219413 18404 18423 
15 : 126863 126871 126869 102137 126872 177469 177464 102143 177470 246777 102162 258204 102158 246778 102163 
15 : 102261 119170 6564 112650 126898 102259 6560 102258 102269 6562 112649 119177 6561 6571 112660 
15 : 126931 126914 126918 126926 126923 148033 215635 249461 241052 148015 148026 148020 215630 215626 241044 
15 : 127073 127074 127066 127072 110515 238666 164661 222920 110530 164662 222921 110531 164658 110519 110527 
15 : 128015 128017 128024 128018 40029 216512 216520 216513 40041 238991 238986 40046 239772 40056 40047 
15 : 128484 72826 128486 128495 128483 72829 153869 153877 148994 72831 72843 72827 164643 148996 149006 
15 : 128851 128854 128852 128861 128858 132396 132395 132404 132400 146926 165850 165845 146936 146930 192142 
15 : 129051 96213 129046 129053 116696 96230 187139 260508 116722 96220 96232 96212 187144 116701 116724 
15 : 129344 105395 110928 129354 129357 105403 110938 219482 219485 105393 105416 105419 110946 110948 257426 
15 : 129692 129690 123616 104110 124544 200503 123635 104130 124567 123623 104117 124555 104107 123615 104109 
15 : 129723 129712 30031 129721 129710 166168 30049 231970 159426 30036 166166 159411 30048 30035 159423 
15 : 130276 130288 130274 127489 130280 200455 177478 127502 200449 177492 127515 217210 127497 177482 127508 
15 : 70192 72765 130881 130876 130879 70190 70204 70198 70200 72778 72771 72775 180155 208827 180146 
15 : 130896 130898 130900 130904 130894 218658 218661 218664 211214 238627 238631 211217 257891 211221 211224 
15 : 127134 131018 131015 131012 131019 127142 127138 127135 127143 186406 142941 217527 142932 186408 142942 
15 : 66424 16657 112627 74504 131922 16647 66422 66418 66434 16654 16648 16673 74502 112642 74521 
15 : 132066 132062 132077 132071 132073 138531 167336 167328 167333 138542 138535 138538 211825 221170 211823 
15 : 132083 132065 916 132072 132079 158333 939 216887 253596 921 158325 158331 926 937 216886 
15 : 132399 124120 132406 115972 132403 124128 187651 115978 187646 124135 115971 124134 115993 217952 115986 
15 : 129237 103850 132672 132682 132684 103849 129240 129249 129251 103854 103869 103872 197139 197142 262167 
15 : 132893 41391 132899 132900 132903 41397 181426 181427 181428 41412 41414 41416 257805 257808 259575 
15 : 132991 20275 132987 132986 80753 20286 175533 166637 80766 20281 20279 20272 166627 80759 80758 
15 : 134496 134511 134505 14337 134510 152327 152319 14339 152326 240186 14367 261353 14355 240185 14366 
15 : 135197 135184 64213 135186 135198 145793 64230 197521 263452 64214 145785 145795 64220 64231 197524 
15 : 135564 135552 1988 135559 57349 141371 2006 216768 57369 1989 141367 57350 2001 1981 57364 
15 : 135622 135629 135632 116299 135630 156642 156653 116300 156646 247666 116308 247655 116319 257010 116311 
15 : 135988 136000 78245 135995 135994 181024 78248 181018 181016 78268 259729 253241 78260 78258 253235 
15 : 136959 136950 40479 136962 136958 210319 40504 257309 246390 40486 210323 210315 40513 40501 246401 
15 : 65822 87101 137186 137188 137189 65816 65823 65827 65828 87102 87108 87110 155026 155027 197903 
15 : 137418 137415 12365 137422 137414 223799 12381 228992 203999 12378 223802 203998 12383 12375 204004 
15 : 139114 139116 139120 139126 139124 142720 142723 142730 142727 179895 179906 179902 236976 236971 249764 
15 : 139463 139465 139469 139466 139473 208068 208074 208070 208080 240582 240579 240586 247043 258050 247049 
15 : 140085 140095 140094 138624 126939 188402 188399 138629 126945 258383 138645 126965 138642 126960 126937 
15 : 73520 140119 140127 140130 140134 73525 73531 73538 73545 190014 190018 190028 227592 227600 241756 
15 : 140730 140740 140731 140732 140737 189246 189240 189242 189245 196242 206174 240945 196237 196239 206172 
15 : 140876 140875 140877 140867 140866 256728 258848 181661 175749 256732 181660 175747 181664 175754 175728 
15 : 141070 141062 57598 141059 141068 172406 57613 144979 229071 57605 144967 172405 57599 57612 144977 
15 : 75919 118210 142073 142084 142072 75917 75926 75939 75925 118219 118228 118218 235313 230213 230229 
15 : 143438 143430 143442 143432 143439 178460 256347 207138 256345 178466 178451 178464 207144 263465 207142 
15 : 143741 123365 143739 107180 101099 123370 233701 107192 101111 123368 107179 101098 107189 101110 101096 
15 : 8715 144037 144044 144039 143682 8717 8727 8719 8714 172688 172680 143687 179098 143698 143689 
15 : 144085 133413 16567 144078 144076 133428 16580 191033 172881 16563 133420 133417 16576 16573 172874 
15 : 144227 144226 144234 144233 144228 147960 177750 177746 177743 147969 147966 147962 202747 189276 189271 
15 : 145080 145079 145073 145081 145072 251994 242975 252708 241807 242974 251996 241806 242976 241799 241808 
15 : 146034 146040 124918 146038 6438 203923 124925 203918 6448 124940 251133 6463 124937 6436 6460 
15 : 21391 132217 146149 146151 146146 21389 21396 21400 21394 132220 132227 132219 202232 167607 167611 
15 : 146278 146293 146295 146283 146289 159208 159210 159198 159205 259035 224498 249306 224499 249309 224494 
15 : 146679 2088 73521 146676 146686 2096 73530 194365 220886 2083 2093 2107 73526 73544 194379 
15 : 109370 146174 146802 146815 146804 109369 109372 109382 109373 146175 146188 146177 163220 163207 215899 
15 : 47314 148488 148492 113873 148484 47318 47333 47313 47316 206882 113881 168577 113895 168593 113877 
15 : 148918 148913 59321 148916 148911 170417 59340 214969 163179 59326 170409 163166 59332 59324 163171 
15 : 41481 148942 106005 48817 144094 41492 41476 41474 41480 106017 48831 144106 48810 106003 48816 
15 : 104729 120502 148985 34277 29723 104726 104743 34270 29717 120518 34272 29719 34291 29745 29711 
15 : 3365 102740 149060 1242 149061 3361 3387 1231 3389 102763 1237 102764 1263 261671 1267 
15 : 80733 149133 149129 99619 149140 80744 80737 80732 80749 175336 99633 236800 99623 175343 99642 
15 : 151425 140648 151433 151431 126386 140649 182728 182723 126392 140660 140659 126383 247544 126409 126403 
15 : 152271 152256 152263 152260 120166 167537 247456 229570 120193 167529 167525 120171 229560 120184 120179 
15 : 152277 114211 152276 152287 152282 114217 172044 174892 174887 114215 114227 114222 172057 172050 218986 
15 : 152566 152576 152580 148008 131291 168447 168452 148010 131294 249337 148025 131310 148031 131314 131290 
15 : 152891 152887 24950 92750 152885 179467 24966 92766 153397 24953 92754 153384 24945 24952 92752 
15 : 117138 152900 80865 152906 152902 117145 80863 117155 117146 80879 224433 224427 80891 80882 233155 
15 : 41903 116400 149076 152921 152919 41900 41901 41921 41915 116398 116420 116415 149098 149089 244056 
15 : 153334 153330 153332 153327 153326 250379 254650 199670 153507 250378 199665 153502 199666 153504 153493 
15 : 153665 110473 153670 153674 153666 110480 223215 223219 223211 110487 110491 110481 252160 226837 226841 
15 : 153740 153736 153746 153741 153737 226697 259477 259473 236342 226704 226698 226690 260086 236354 236344 
15 : 114884 10624 153773 153764 153770 10619 114906 114893 114902 10650 10638 10645 214918 248797 214913 
15 : 62091 129499 142525 154361 154357 62088 62089 62102 62099 129498 129516 129513 142544 142540 248028 
15 : 154872 153252 154880 154878 51082 153257 185426 185425 51087 153270 153267 51081 240775 51102 51098 
15 : 49355 104069 107833 75691 156686 49349 49350 49346 49365 104060 75683 104078 75684 107848 75701 
15 : 156898 156896 156897 95145 156882 256264 261030 95165 178054 256263 95161 178051 95164 178052 95147 
15 : 157090 157089 157088 44152 27127 236390 204568 44167 27140 204567 44165 27139 44158 27133 27115 
15 : 157593 106980 157592 157604 157596 106985 185288 188584 188577 106984 106993 106986 185301 185289 201269 
15 : 157690 157688 157691 157689 48708 170613 219009 183132 48719 170616 170610 48712 183134 48722 48713 
15 : 158121 158120 158129 158127 158122 219580 232193 232192 232186 219591 219589 219581 261536 232254 232252 
15 : 158401 158405 137151 158407 158411 166226 137153 166230 166234 137163 243014 243016 137169 137173 260673 
15 : 87316 56497 158522 158531 48248 56491 87324 87336 48242 56506 56515 48240 229394 48257 48266 
15 : 159056 159054 159062 121114 159060 163441 205042 121122 205038 163452 121115 163448 121137 235080 121129 
15 : 159071 159067 159068 81315 73441 182734 183131 81324 73453 182731 81321 73445 81322 73447 73429 
15 : 159685 159687 68666 159672 159671 261954 68692 170100 168301 68695 170101 168305 68670 68669 168277 
15 : 160313 71473 160310 140476 160312 71495 248697 140493 263983 71489 71471 71494 140489 248696 140492 
15 : 160140 160327 32723 160322 160320 160151 32722 160145 160144 32740 251085 239845 32737 32732 239839 
15 : 161018 161010 161017 138749 161013 169032 259380 138768 218303 169030 138750 169022 138766 218302 138757 
15 : 161254 161256 161253 125707 149628 255371 252474 125721 149643 252476 125726 149647 125720 149642 125705 
15 : 161944 161942 161943 112151 77318 163370 196841 112160 77331 163362 112152 77319 112155 77325 77311 
15 : 162999 162997 162990 154916 112064 256469 179455 154936 112088 179451 154929 112083 154918 112066 112062 
15 : 163134 163123 163128 149526 163131 199686 246566 149550 255587 199680 149533 199683 149542 246564 149546 
15 : 163303 163310 159601 6877 163319 171816 159602 6879 171830 159606 6885 199892 6874 159618 6901 
15 : 163404 65036 80896 132702 163405 65051 80905 132713 248721 65029 65031 65054 80893 80908 132717 
15 : 164015 164013 145760 122445 164021 205727 145768 122450 217369 145767 122448 205731 122442 145773 122456 
15 : 164127 164125 49812 164114 164120 253935 49831 169802 232908 49829 169799 232905 49813 49820 169794 
15 : 9130 58398 164680 25689 137740 9120 9141 9119 9128 58410 25675 58394 25705 137759 25684 
15 : 165282 165285 165286 165287 165277 234937 234939 234940 207932 242775 242776 207935 244627 207937 207938 
15 : 165516 165519 165518 42151 165514 220029 220027 42161 206905 262809 42177 206922 42174 206920 42157 
15 : 165632 165620 165634 165625 165630 168448 251782 220105 246940 168453 168440 168446 220110 246945 220103 
15 : 165965 165957 165969 165966 165961 187921 252541 252538 234812 187927 187923 187918 263048 234819 234816 
15 : 135967 166089 113268 104755 166100 135968 113263 104753 135982 113270 104758 179520 104751 113292 104780 
15 : 92325 166564 166565 104115 166560 92336 92337 92322 92332 239663 104126 225085 104129 225089 104122 
15 : 167345 167350 21331 167344 167343 231907 21342 227678 170828 21347 227683 170836 21340 21332 170826 
15 : 167476 153547 167473 167484 8468 153557 213282 229530 8481 153553 153567 8466 213293 8476 8491 
15 : 79266 106377 168131 168127 168132 79263 79276 79272 79277 106394 106385 106395 241421 259540 241422 
15 : 126241 152840 69636 168317 168321 126238 69628 126254 126260 69634 152852 152859 69646 69650 260318 
15 : 168343 36385 53788 97727 34584 36391 53794 97735 34593 36375 36378 34563 53779 34567 34572 
15 : 168410 168411 115490 92958 168412 172542 115491 92959 172543 115496 92964 228872 92952 115499 92967 
15 : 169189 169178 29430 65885 169180 210588 29447 65902 219745 29437 65890 210580 29421 29439 65892 
15 : 13799 169456 169468 169459 169463 13800 13814 13803 13810 183099 183087 183094 222287 253696 222279 
15 : 169642 169635 169639 102882 44060 222054 248238 102913 44089 222047 102888 44071 102899 44080 44055 
15 : 169645 169643 169656 82305 169649 182419 190330 82308 190320 182437 82306 182422 82325 228033 82315 
15 : 170306 170303 139646 170311 170305 191555 139654 221459 216697 139650 191567 191554 139668 139652 216712 
15 : 170317 148742 48358 169489 36767 148752 48365 169502 36780 48351 148741 36762 48357 36751 36766 
15 : 16239 170442 170447 170445 157646 16243 16247 16245 16235 204377 204373 157654 217575 157657 157655 
15 : 130891 170669 7676 157241 141552 130893 7672 130889 130888 7678 157246 141559 7674 7673 141549 
15 : 163047 125161 73124 170779 60014 125160 73122 163059 60013 73120 125172 60008 73136 60000 60028 
15 : 17235 171148 171149 64239 171147 17242 17244 17226 17241 260892 64254 259313 64258 259317 64253 
15 : 171191 171192 45504 171198 171187 255137 45522 255141 238823 45523 255158 238824 45532 45516 238829 
15 : 171476 171479 171489 171488 63168 224415 224423 224422 63180 244282 244281 63182 264290 63194 63193 
15 : 102858 171636 171637 171634 171639 102869 102874 102863 102875 248138 234941 248139 234944 255083 234946 
15 : 7711 171887 171886 159754 171893 7721 7720 7709 7728 216213 159761 221090 159759 216222 159769 
15 : 172375 172374 106702 108537 109675 252442 106721 108553 109695 106720 108552 109693 106696 106698 108530 
15 : 83807 172645 172635 172643 172642 83823 83808 83819 83817 174750 250455 247582 174745 174744 247579 
15 : 172739 61144 133164 127969 63992 61145 133166 127972 63995 61139 61138 61132 127965 63988 63987 
15 : 118558 172773 51183 172776 5490 118563 51176 118566 5485 51187 204684 5496 51192 5479 5501 
15 : 61375 172918 172921 172914 172923 61380 61389 61376 61391 231228 172949 231230 172956 255455 172959 
15 : 171375 173036 173042 173032 173028 171392 171396 171390 171380 248486 239767 206761 239775 206767 206756 
15 : 158609 173661 146104 173663 173654 158626 146101 158628 158612 146118 262133 202673 146120 146105 202676 
15 : 173849 173840 150137 151075 158032 188604 150155 151094 158051 150140 151077 158034 150133 150136 151073 
15 : 174052 60156 162648 174047 60016 60168 162662 219350 60032 60153 60162 59999 162653 60012 60024 
15 : 163799 74675 42127 158634 165971 74673 42125 158631 163798 42112 74672 74674 42123 42126 158632 
15 : 163335 127821 54464 174445 174444 127818 54461 163357 163355 54458 127839 127838 54486 54484 265039 
15 : 99706 174882 138978 174877 164477 99720 99702 99714 99704 138991 215365 164493 138985 138975 164485 
15 : 21164 110932 175320 175326 175313 21157 21173 21184 21165 110944 110953 110935 246004 214008 214017 
15 : 175398 175395 175388 175392 175399 216386 176873 189163 255940 176864 189156 216387 176857 176874 189164 
15 : 175404 175403 13516 175406 104757 235772 13523 236104 104767 13522 235775 104766 13525 13510 104769 
15 : 45871 175687 175685 175682 175681 45883 45882 45875 45873 263668 229326 221030 229324 221027 221019 
15 : 75507 176070 73582 28023 106732 75529 73574 28014 75504 73604 28044 106756 28013 73576 28017 
15 : 176228 176219 176222 176225 176220 183082 203400 259012 192841 183067 183078 183065 203392 192824 192835 
15 : 176233 145848 176230 176232 90098 145858 203483 212021 90105 145854 145857 90094 203482 90100 90104 
15 : 54312 176713 176705 156046 33484 54333 54316 54310 33473 194997 156066 33506 156047 33486 33482 
15 : 176814 116272 176806 176803 176798 116292 231548 223825 207731 116284 116282 116277 223811 207716 207712 
15 : 88903 177452 131392 170337 177447 88912 88897 88902 88906 131402 170355 228888 131391 131397 170346 
15 : 86808 157222 177585 177587 177599 86805 86812 86814 86823 157226 157231 157238 219816 219826 234818 
15 : 119661 177839 34586 141910 36768 119673 34577 119658 36758 34600 141934 36787 34580 34564 36761 
15 : 49871 177901 177906 177907 177905 49872 49878 49879 49877 180160 180162 180159 254300 251952 251955 
15 : 177923 177918 177919 44790 177909 252719 256503 44821 180352 252714 44812 180346 44813 180347 44792 
15 : 177933 116779 177927 177938 177937 116792 219666 251345 251343 116787 116798 116795 219672 219670 257858 
15 : 178034 40711 72203 20199 104394 40728 72218 20217 104418 40702 20185 40707 20188 72197 20193 
15 : 178196 173802 178198 76916 41257 173811 252349 76925 41273 173813 76915 41256 76929 41276 41243 
15 : 165456 180101 155246 106678 180104 165458 155245 106675 165461 155250 106684 197942 106673 155254 106688 
15 : 180186 180184 69768 180181 180182 241511 69784 185387 191222 69779 185382 191214 69769 69770 185374 
15 : 180647 72971 180646 79854 180653 72978 184779 79859 199106 72974 72965 72984 79856 184786 79865 
15 : 24889 30762 118932 99971 180817 24876 24885 24883 24890 30759 30757 30764 99962 118933 99972 
15 : 64457 181316 181322 181320 84548 64461 64466 64464 64447 226352 226349 84556 251131 84569 84566 
15 : 181533 181538 125795 43496 181546 195875 125797 43498 195885 125801 43506 234282 43489 125809 43512 
15 : 182010 17317 182014 160056 165590 17325 240518 160064 165597 17334 17313 17315 160073 165609 160053 
15 : 179839 80871 166587 107349 155652 80870 166586 107347 155650 80868 80862 80866 107346 155648 107345 
15 : 125908 182852 182850 179438 70847 125917 125915 125907 70839 227124 179445 70855 179443 70853 70846 
15 : 174142 120483 183282 64130 127974 120481 174144 64127 127970 120485 64121 120477 64134 127978 64122 
15 : 183606 183600 183597 183602 183604 223703 185284 247047 259951 185270 223696 223700 185277 185282 247044 
15 : 173901 183841 183842 183854 55706 173906 173907 173917 55704 208296 208307 55708 218182 55710 55726 
15 : 183881 140979 183878 183888 93660 140986 192123 236257 93668 140981 140992 93655 192135 93662 93681 
15 : 74959 1760 183976 183974 119794 1753 74966 74964 74954 1767 1766 1755 239529 119809 119807 
15 : 184815 184812 56410 12671 184824 205005 56416 12678 231281 56412 12675 205015 12655 56431 12691 
15 : 121657 128743 185175 185173 185167 121653 121670 121667 121659 128760 128756 128747 256632 214862 214859 
15 : 23190 185249 185243 185245 185246 23203 23195 23197 23200 226771 237154 247993 226764 226767 237149 
15 : 185503 185494 34246 97883 185500 217825 34261 97899 250182 34250 97887 217822 34239 34257 97895 
15 : 18841 165674 185960 54643 39311 18839 18859 18830 18829 165692 54639 39307 54659 39334 39295 
15 : 166869 186006 166793 186008 22944 166878 166789 166880 22940 166807 256549 22962 166810 22939 22965 
15 : 186685 83321 186684 186686 186679 83333 258144 262663 222283 83331 83336 83323 258145 222281 222286 
15 : 186707 88952 186701 186700 186698 88967 232983 225682 217826 88961 88959 88956 225673 217818 217815 
15 : 139150 121181 186798 77820 164175 121175 139153 77815 139147 121183 77810 121179 77822 164178 77817 
15 : 158729 186943 77715 186938 186937 158741 77713 158739 158735 77728 237202 228028 77721 77720 228024 
15 : 187629 187632 187637 35409 187634 241326 241333 35422 241331 248266 35426 248265 35433 257973 35432 
15 : 54175 187667 159955 187668 127845 54182 54172 54186 54167 159961 226877 127856 159964 127842 127861 
15 : 187878 187883 132704 187884 82962 213054 132709 213055 82967 132721 264222 82978 132722 82952 82979 
15 : 30570 10948 188034 90641 188047 10937 30571 30564 30587 10949 10940 10963 90642 189168 90666 
15 : 176545 188316 188310 188315 170817 176565 176549 176563 170816 232583 264432 170844 232581 170829 170842 
15 : 188407 95391 188417 188404 137051 95395 214888 191656 137053 95408 95392 95388 191667 137064 137052 
15 : 188425 188422 1398 182646 115257 213107 1412 182657 115271 1405 182655 115264 1397 1389 115255 
15 : 188466 148273 177877 122318 188467 148275 177878 122320 191948 148272 122308 148276 122315 177879 122321 
15 : 188562 97706 188550 188552 188549 97721 208642 219705 205379 97710 97711 97709 208629 205356 205359 
15 : 188804 71598 176937 188806 157528 71605 176948 253405 157541 71597 71611 71596 176952 157526 157545 
15 : 71086 189034 116580 40771 157529 71092 71078 40758 71082 116591 40779 157540 40764 116576 40768 
15 : 189053 189039 82587 189050 58462 199258 82615 263970 58489 82591 199255 58467 82609 58452 58483 
15 : 20902 77159 134336 189895 189882 20894 20900 20917 20904 77154 77177 77161 134363 134338 205382 
15 : 190930 190924 117887 190923 120507 229277 117904 197962 120521 117895 197953 120511 117889 117882 120508 
15 : 13724 88772 191153 191154 191160 13713 13731 13732 13739 88782 88783 88791 245884 245894 249091 
15 : 192440 7853 192433 171200 192439 7870 235872 171219 264840 7863 7851 7869 171210 235871 171218 
15 : 160470 188755 147930 192670 179282 160469 147922 160475 160467 147929 188760 179281 147935 147926 179287 
15 : 192954 192965 173684 192964 192962 225309 173687 225308 225306 173700 264464 258937 173699 173695 258936 
15 : 21472 125685 180069 193584 193583 21467 21469 21489 21486 125681 125701 125699 180085 180082 253938 
15 : 193652 167664 193649 73975 193653 167676 250303 73994 260183 167673 73972 167677 73990 250304 73995 
15 : 194048 25070 194046 194049 194045 25086 227316 243606 220269 25081 25089 25078 227318 220266 220274 
15 : 194129 64759 23713 194133 155864 64764 23717 223807 155870 23700 64775 64757 23731 23707 155882 
15 : 113965 36227 194775 194774 194778 36222 113967 113966 113975 36231 36229 36241 203160 237096 203166 
15 : 177395 194966 194961 194954 194956 177411 177405 177401 177402 249534 221759 230551 221753 230543 221749 
15 : 195470 195481 195479 72070 85355 236101 236099 72078 85361 258118 72088 85373 72085 85370 72056 
15 : 147703 196362 193680 181651 153178 147717 147702 147700 147697 193693 181666 153197 181650 153177 153175 
15 : 196550 139508 196538 196551 43914 139525 198919 264147 43934 139510 139526 43907 198920 43915 43936 
15 : 196787 76566 196782 122071 83495 76575 197168 122083 83513 76567 76558 76553 122072 83496 83488 
15 : 196857 196852 196855 15135 4363 244847 262206 15159 4385 244845 15146 4371 15155 4382 4345 
15 : 197097 197105 197094 197102 197096 238164 200171 238161 221863 200178 248484 221872 200175 200168 221867 
15 : 197280 197271 91318 197268 91608 230987 91332 201696 91626 91321 201683 91612 91319 91304 91609 
15 : 181161 197448 184450 186404 175652 181162 181159 181160 175648 184451 186405 175653 184447 175649 175650 
15 : 192334 197526 137317 197525 197527 192339 137316 192337 192340 137321 218292 233510 137320 137322 218296 
15 : 197698 64221 132440 51186 98126 64232 132454 51201 98144 64212 51171 64208 51178 98119 51174 
15 : 197857 197858 67604 65357 197852 245426 67616 65370 208832 67617 65373 208835 65344 67607 65360 
15 : 76003 198008 169001 30202 34588 76007 76000 30184 34569 169012 30214 34596 30197 34585 30181 
15 : 198474 78664 198473 198477 198470 78675 248056 253144 237740 78673 78680 78670 248066 237735 237747 
15 : 198778 160125 198783 198779 47410 160132 237437 237433 47419 160139 160135 47403 256766 47426 47422 
15 : 198884 198898 198885 86635 198896 225258 225242 86639 225256 227263 86653 264709 86640 227262 86652 
15 : 199385 177694 199384 78406 199389 177708 235570 78419 251481 177704 78403 177716 78415 235576 78423 
15 : 199801 199797 108635 199804 89366 208617 108640 231282 89371 108638 208619 89368 108641 89354 89372 
15 : 69431 188773 148553 200095 67190 69430 69422 69435 67169 148551 188779 67189 148563 67179 67197 
15 : 193333 200713 11114 200712 28027 193344 11113 193341 28026 11130 251397 28041 11127 11099 28037 
15 : 10841 5926 123145 201624 201621 5912 10834 10845 10842 5918 5935 5929 123155 123147 213742 
15 : 15109 201772 117054 77786 201773 15113 15103 15099 15114 117058 77790 225469 77780 117060 77792 
15 : 9184 202486 184538 134102 168281 9187 9181 9176 9180 184543 134107 168287 134101 168279 134099 
15 : 202897 202887 97178 147279 202889 236432 97199 147300 243952 97186 147283 236422 97171 97188 147285 
15 : 203711 203704 203707 123146 57902 247196 249997 123163 57920 247189 123154 57912 123157 57916 57892 
15 : 203869 203883 203871 203886 203868 212434 212427 212437 209802 216404 258546 209815 216407 209804 209818 
15 : 10269 203972 190714 203977 87401 10276 10267 10280 10259 190718 252862 87412 190724 87399 87419 
15 : 204040 204053 204044 204046 204043 206606 206595 206598 206593 239894 253700 236845 239883 236824 236831 
15 : 204398 204399 204402 204395 109059 218282 218284 214637 109064 222059 214638 109065 214646 109069 109062 
15 : 204406 204408 118034 204417 61285 215861 118035 215867 61287 118037 217851 61288 118047 61269 61299 
15 : 81626 204750 204751 204757 204754 81628 81630 81634 81632 230068 230076 230073 232634 232632 248924 
15 : 204895 130560 204897 204909 204905 130561 211408 211420 211416 130563 130576 130572 219850 219848 257548 
15 : 205034 8126 106106 125934 112437 8141 106119 125951 112454 8115 8118 8116 106094 106093 112425 
15 : 205173 4041 148977 61005 205172 4049 148992 61023 260741 4034 4021 4046 61002 148988 61017 
15 : 29370 70404 205243 205251 205250 29355 29372 29383 29382 70406 70420 70419 234566 234565 265340 
15 : 205867 205866 43602 127263 205870 209695 43605 127266 218888 43603 127264 209705 43589 43620 127283 
15 : 194643 132592 206455 63539 60132 132591 194650 63535 60131 132598 63528 60123 63544 60137 60115 
15 : 192706 207168 117806 37993 207167 192716 117803 37989 192712 117814 38002 242126 37979 117810 38001 
15 : 207383 73195 779 207376 207386 73203 794 216084 260964 768 73196 73208 781 798 216089 
15 : 98943 207444 207443 115536 116826 98945 98944 98936 98937 224162 115540 116832 115539 116831 115528 
15 : 135119 98508 161968 141366 101397 98500 135115 135113 101386 98503 98501 98497 141360 101391 101387 
15 : 207883 115878 207879 149418 207877 115891 238122 149435 213891 115884 115874 115882 149426 213881 149421 
15 : 208356 208360 136249 208348 208350 264379 136265 244582 253695 136271 244587 253701 136256 136260 244576 
15 : 160353 208478 208477 208476 198027 160357 160355 160354 160351 212415 208551 198033 208550 198030 198028 
15 : 208699 208691 208698 109554 80287 211427 242183 109563 80296 211426 109555 80288 109562 80295 80269 
15 : 208719 208714 208713 208721 208716 248786 232299 264667 261040 232292 248789 248783 232302 232296 261042 
15 : 208960 208950 41399 165880 208945 230017 41418 165903 216645 41407 165890 216633 41394 41403 165882 
15 : 95872 209107 209110 209108 88062 95879 95883 95880 88044 258655 258653 88074 258865 88078 88075 
15 : 209197 197633 116460 180527 209194 197643 116474 180541 254597 116458 180524 197639 116454 116469 180534 
15 : 209269 209272 209268 209266 209273 252247 244853 215067 252250 244860 215072 264050 215065 244863 215074 
15 : 179081 125576 209337 201640 209333 125569 179089 179079 179083 125584 125574 125577 201653 224623 201644 
15 : 15232 94937 209448 90251 209444 15222 15238 15221 15233 94949 90236 94939 90260 216773 90252 
15 : 209678 3529 202441 114650 36891 3532 202444 114653 36894 3528 3521 3518 114648 36889 36878 
15 : 203186 210058 133952 196180 57215 203191 133948 196176 57213 133953 196183 57219 133946 57200 57210 
15 : 49488 210276 210273 210274 120149 49498 49492 49494 49479 229323 239783 120163 229318 120156 120158 
15 : 176429 163052 182669 210154 148131 163048 176426 176428 148126 163049 163051 148125 182668 148127 148130 
15 : 210627 120150 210624 210623 203757 120159 221489 219539 203768 120153 120152 120148 219536 203760 203759 
15 : 210916 186041 210918 113533 210920 186043 219517 113536 219521 186045 113530 186052 113539 230282 113544 
15 : 211289 211282 211284 211283 211286 231221 234390 233892 238320 231215 231214 231216 233877 234381 233879 
15 : 211724 206674 122783 211725 211716 206689 122797 263109 241512 122782 206690 206682 122798 122790 241513 
15 : 211939 150688 211938 211934 211932 150704 259410 257444 252039 150701 150697 150693 257439 252034 252032 
15 : 212277 22206 212279 100226 212283 22209 231844 100228 231848 22212 22196 22216 100230 247454 100233 
15 : 15991 202499 88305 212717 184617 15990 15979 15999 15987 88304 202509 184613 88313 88301 184629 
15 : 213762 213769 182951 164270 213764 239475 182954 164275 239465 182964 164285 245111 164263 182956 164278 
15 : 69695 124528 213976 7526 213965 69688 69707 7513 69700 124540 7515 124530 7544 230552 7527 
15 : 214052 214051 214049 162578 214050 254860 231669 162591 232460 231668 162590 232459 162582 231665 162583 
15 : 30273 164603 214459 214456 205450 30266 30283 30276 30272 164613 164606 164602 223945 205462 205454 
15 : 214477 214476 214491 214479 214489 216802 233656 233648 233652 216813 216805 216811 251096 264271 251093 
15 : 215027 93739 215029 215032 215033 93744 239951 239956 239959 93746 93754 93759 242242 242247 261610 
15 : 215464 215466 38860 102152 215469 246554 38864 102157 246557 38867 102161 254343 38841 38868 102165 
15 : 46451 215535 215541 215540 103388 46454 46459 46458 46444 226802 226801 103393 256709 103403 103402 
15 : 215736 215744 215739 189155 215737 245342 245339 189159 245338 255525 189165 251598 189162 251595 189161 
15 : 186771 189785 40623 26010 215886 186768 40616 26004 186780 40618 26006 189794 25992 40632 26020 
15 : 187277 187470 184278 197314 216372 187270 184272 187272 187282 184273 187466 187477 184274 184283 197322 
15 : 196617 136364 122422 208850 216607 136361 122417 196616 196624 122411 136362 136373 122419 122433 208865 
15 : 113323 216783 216780 214620 207130 113336 113324 113322 113320 217947 214636 207148 214621 207131 207129 
15 : 215546 42873 127827 217216 217215 42872 127825 215558 215553 42861 42882 42878 127837 127832 248587 
15 : 217489 181448 31235 42551 217490 181451 31238 42553 246330 31227 42544 181452 31214 31239 42554 
15 : 130687 217631 70467 169617 217628 130692 70453 130682 130689 70473 169627 238130 70458 70470 169622 
15 : 217849 217846 155519 217852 217847 237486 155526 240222 238891 155523 237497 237485 155533 155524 238900 
15 : 218346 49788 218339 122161 144209 49802 228682 122179 144224 49789 49779 49780 122164 144211 122156 
15 : 7983 157906 219008 70739 93118 7976 7985 7968 7971 157909 70732 93108 70742 93120 70723 
15 : 219435 219434 219440 219432 10125 246450 246955 236159 10134 246460 236158 10133 236169 10148 10127 
15 : 11805 112295 219571 219567 145492 11795 11811 11807 11799 112297 112296 112286 233323 145501 145494 
15 : 215193 20169 155719 219777 219779 20168 155718 215197 215203 20162 20171 20174 155722 155726 239738 
15 : 108968 219791 108801 219788 58627 108973 108789 108969 58615 108807 219818 58635 108802 58614 58628 
15 : 165114 219836 219835 219837 149001 165118 165115 165119 148997 232143 253221 149007 232144 149002 149008 
15 : 220022 148466 220024 99998 220025 148473 254128 100006 254129 148474 99990 148476 100008 258832 100010 
15 : 126135 93472 137015 221324 66021 93460 126129 126143 66006 93461 93481 66004 137023 66009 66031 
15 : 137097 59162 71485 221336 178828 59146 71469 137104 137093 59143 59169 59155 71493 71480 178839 
15 : 188253 32785 59866 221587 97030 32779 59862 188261 97027 32775 32794 32776 59877 59856 97045 
15 : 58036 109152 222175 56382 102290 58028 58041 56368 58027 109156 56373 102282 56384 102296 56372 
15 : 10733 222185 222180 141008 222183 10744 10735 10719 10743 235366 141022 260386 141012 235365 141021 
15 : 223007 223008 51366 24652 223011 248219 51373 24657 248221 51374 24658 252975 24632 51379 24664 
15 : 161581 28241 162862 135608 159609 28226 161571 135597 159599 28227 28221 28225 135598 159600 135596 
15 : 101768 224217 224216 205065 136177 101773 101772 101767 101757 238634 205069 136180 205068 136179 136176 
15 : 206871 224650 106362 224641 224645 206885 106356 206874 206881 106372 239697 258253 106365 106368 239693 
15 : 225069 46398 22323 225070 222856 46409 22334 257720 222867 22303 46413 46397 22337 22322 222869 
15 : 225171 66846 142844 126156 87770 66856 142852 126168 87783 66840 66837 66835 126147 87760 87758 
15 : 226157 226152 226159 146980 176000 239582 263518 146997 176012 239586 146985 176004 147000 176017 146976 
15 : 77670 226218 66991 226224 43030 77671 66975 77679 43012 66994 240783 43033 67001 43010 43044 
15 : 219800 226331 130479 71808 222346 219812 130476 71804 219798 130491 71825 222356 71796 130477 71806 
15 : 215121 58596 205619 226338 111508 58595 205618 215126 111507 58593 58601 58584 205629 111506 111517 
15 : 226732 169005 215138 226730 217873 169010 215144 240080 217878 169002 169009 169003 215142 215136 217876 
15 : 153767 226865 226857 220939 226866 153775 153769 153766 153776 243110 220950 263218 220944 243111 220952 
15 : 226867 217311 54802 97182 105505 217312 54803 97183 105506 54799 97180 105502 54786 54787 97169 
15 : 158394 31056 13432 226917 201052 31051 13424 158399 158387 13410 31063 31054 13445 13428 201062 
15 : 225647 199731 227274 74193 227275 199729 225649 74192 225650 199732 74188 199734 74194 233557 74198 
15 : 201544 227790 211266 160870 227798 201548 201539 160862 201552 211272 160874 246194 160866 211280 160881 
15 : 227840 163255 214962 227844 227839 163263 214968 255113 246854 163254 163270 163262 214975 214966 246860 
15 : 173975 227925 227924 198350 197827 173981 173980 173973 173972 254713 198358 197837 198357 197836 197823 
15 : 81066 228329 228332 228325 228324 81078 81079 81073 81067 262376 240230 230856 240232 230859 230848 
15 : 222297 228406 225964 228401 228402 222301 222296 222298 222299 225969 231294 237040 225965 225967 231291 
15 : 211947 228467 64102 42163 32016 211950 64097 42160 32010 64110 42176 32025 42144 31996 31994 
15 : 83735 189706 120537 196423 194112 83723 83717 83726 83725 120526 189700 189699 120531 120530 194105 
15 : 228849 190178 192064 25082 228851 190183 192067 25087 246323 190170 25068 190184 25069 192069 25088 
15 : 210567 228876 193514 97539 144107 210570 193512 97536 144104 193519 97548 144117 97533 144101 97527 
15 : 229000 162954 184357 229001 228997 162964 184366 263488 236891 162951 162966 162955 184367 184359 236893 
15 : 229645 217547 30007 229649 188192 217551 30011 244267 188198 30006 217556 188190 30018 30001 188207 
15 : 29853 119419 54071 51817 117308 29840 29834 29833 29839 54055 51805 117292 51798 54054 51804 
15 : 229807 198258 229804 148044 229806 198268 234413 148057 249651 198261 148040 198265 148049 234409 148053 
15 : 229831 229830 33839 109917 139297 251269 33849 109927 139305 33848 109924 139302 33822 33830 109908 
15 : 230102 230105 30796 149086 230103 258827 30805 149092 258821 30812 149102 260371 30788 30806 149093 
15 : 33749 116174 60608 230292 61893 33738 33733 33752 33734 60597 116178 61878 60613 60591 61899 
15 : 85473 226361 186300 230631 113031 85471 85467 85483 85457 186298 226376 113030 186312 113024 113046 
15 : 20979 230737 177225 230731 195062 20991 20972 20986 20974 177236 254237 195072 177230 177217 195066 
15 : 23779 230842 230846 26969 12528 23782 23792 23762 12502 242605 26971 12531 26978 12540 12504 
15 : 231194 65773 221211 205916 61616 65774 221212 205917 61617 65766 65763 61589 205911 61608 61604 
15 : 225784 231258 11362 27995 195919 225789 11359 27993 195917 11365 28003 195925 11339 11357 27988 
15 : 169044 231433 190542 231352 231426 169056 169036 169043 169046 190555 231365 238954 190541 190544 231354 
15 : 202952 231495 114675 72472 112875 202954 114672 72469 112873 114677 72475 112877 72462 112863 72461 
15 : 147200 88337 231557 112907 43178 88326 147205 112895 43167 88343 88322 43158 112909 43183 43161 
15 : 231737 223616 191117 196159 53541 223621 191123 196167 53551 191115 196158 53538 191107 53528 53531 
15 : 46067 145475 188271 190957 231952 46057 46061 46062 46075 145465 145467 145483 188266 188283 190968 
15 : 25752 231992 179531 197565 231988 25762 25745 25748 25756 179542 197577 241384 179524 179535 197569 
15 : 54183 163544 231986 231987 231991 54173 54184 54185 54194 163545 163546 163550 234102 234112 234249 
15 : 125246 232380 232381 198905 10020 125254 125255 125242 10008 258801 198915 10033 198916 10036 10014 
15 : 232541 78229 205132 184620 57366 78238 205142 184633 57382 78222 78219 57342 184614 57361 57359 
15 : 119880 104077 46967 228965 44649 104062 46954 119878 44635 46953 104075 44632 46965 44628 44646 
15 : 232721 164349 217563 232723 51094 164359 217571 262501 51110 164346 164360 51084 217572 51091 51111 
15 : 232831 86666 143392 117808 232829 86674 143398 117815 246989 86659 86656 86672 117797 143395 117811 
15 : 232931 225182 232936 222793 232932 225189 244811 222800 244807 225196 222792 225191 222813 246669 222803 
15 : 79797 172761 4202 32500 119803 79789 4188 32479 79782 4196 32487 119792 4185 4193 32482 
15 : 140035 195721 233317 35420 233307 140032 140047 35406 140036 195732 35412 195723 35437 238888 35421 
15 : 175275 233432 116095 148692 233430 175282 116091 148685 175277 116102 148698 236234 116087 116096 148694 
15 : 70170 72407 36006 233494 149117 70155 35986 70174 70160 35987 72411 72399 36009 35992 149122 
15 : 73560 4285 85926 24353 131050 4271 73548 24334 73552 4272 4264 4277 24335 85912 24341 
15 : 233921 211727 233926 14847 73304 211735 256461 14852 73311 211741 14844 73302 14860 73316 14826 
15 : 234313 234310 222469 234307 234309 263152 222481 240385 263131 222480 240382 263128 222471 222479 240381 
15 : 224911 67026 182138 234586 199901 67024 182135 224914 199899 67017 67031 67019 182143 182130 199906 
15 : 234583 180936 234587 86280 214642 180938 241655 86281 214643 180941 86271 180933 86286 214648 86275 
15 : 234619 234622 234620 220097 200334 244484 244480 220100 200336 245437 220109 200341 220102 200337 200330 
15 : 90506 234654 173424 160288 123280 90510 90501 90497 90494 173428 160293 123285 160276 123267 123265 
15 : 143727 53749 44964 234734 234736 53743 44953 143729 143734 44946 53752 53760 44969 44974 247426 
15 : 166520 28710 52237 39573 134230 28702 52222 39561 134214 28692 28689 28697 39553 52219 39557 
15 : 108721 635 234987 39901 75698 614 108722 39882 75685 636 608 610 39902 75699 39881 
15 : 105114 235818 235817 164273 235811 105129 105126 105107 105116 263572 164284 244466 164283 244464 164277 
15 : 233728 235984 235992 235986 116838 233730 233737 233731 116836 240277 240270 116840 256926 116852 116843 
15 : 72277 163213 18410 236034 236031 72267 18392 72282 72278 18400 163221 163218 18421 18415 252695 
15 : 191660 236084 68838 195984 216564 191669 68824 191651 191657 68846 195997 216577 68825 68832 195978 
15 : 204443 95311 226089 212459 218637 95305 204442 204439 204440 95309 95306 95307 212456 218635 212453 
15 : 171094 236421 79358 54805 7572 171093 79346 54793 7562 79357 54804 7571 54785 7555 7551 
15 : 167920 224815 236513 236514 236516 167917 167921 167923 167929 224816 224817 224823 250559 250564 254495 
15 : 200953 12457 236582 102021 127982 12453 200952 102013 127975 12456 12443 12446 102020 127981 102001 
15 : 185012 44965 172615 236752 214249 44959 172609 185013 185010 44956 44967 44962 172617 172612 214252 
15 : 226229 50494 180422 152761 236767 50490 180421 152757 226236 50483 50481 50502 152751 180430 152776 
15 : 156797 237009 54993 37998 91899 156802 54979 37985 91883 55000 38009 91909 37973 54970 37977 
15 : 234034 53966 237171 201435 237168 53965 234044 201434 234042 53975 53961 53973 201451 259139 201446 
15 : 205193 140804 228603 1089 237431 140798 205190 1081 205194 140800 1071 140807 1086 228606 1094 
15 : 212432 150436 37162 100739 237587 150429 37154 100733 212435 37148 100724 150443 37143 37171 100746 
15 : 96250 4873 157425 237880 215761 4854 96243 96254 96246 4859 4876 4869 157434 157420 215771 
15 : 237889 56139 217577 237888 237882 56149 217596 264820 242422 56134 56148 56140 217594 217579 242421 
15 : 99690 141193 237975 152429 151473 99684 99700 99687 99686 141197 141181 141180 152438 151482 151458 
15 : 184751 193594 20054 238037 238039 184746 20043 184754 184756 20048 193595 193597 20056 20058 248897 
15 : 148347 238150 212438 105148 114334 148352 148345 105135 114324 212443 105153 114336 105142 114332 105131 
15 : 238187 238189 212667 51223 222274 257949 212673 51229 222280 212679 51231 222285 51218 212664 51220 
15 : 143024 6921 154116 69067 199113 6911 143013 69052 143019 6912 6907 6916 69054 154110 69061 
15 : 111592 200802 227197 120431 84294 111583 111588 111577 84277 200800 120425 84286 120430 84290 84280 
15 : 238327 238323 144929 221031 99745 246256 144940 221042 99759 144931 221033 99749 144928 99734 99743 
15 : 35809 37163 218716 163569 214934 35787 35807 35800 35806 37156 37149 37155 163563 214926 163562 
15 : 237229 203879 238971 130011 147102 203877 237231 130010 147101 203882 130002 147091 130013 147107 129991 
15 : 228403 48920 239084 193264 133859 48917 228405 193262 133855 48922 48912 48905 193266 133860 133849 
15 : 6733 77031 8567 239142 239146 6720 6715 6738 6743 8551 77035 77039 8572 8578 255659 
15 : 239204 239206 193444 186411 239210 243545 193446 186413 243551 193447 186414 250299 186403 193454 186419 
15 : 203029 81540 219617 203161 239246 81534 203028 203026 203041 81538 81536 81552 203159 219630 203171 
15 : 204956 30134 153157 173168 239605 30128 153154 173161 204962 30123 30124 30139 153146 153162 173176 
15 : 19266 239811 189874 57333 180605 19273 19260 19247 19259 189879 57340 180616 57325 180599 57322 
15 : 236639 239854 178441 239849 232753 236648 178440 236641 232752 178446 244741 232763 178442 178438 232755 
15 : 46507 239923 169761 18379 170654 46514 46496 18355 46497 169765 18385 170660 18365 169750 18366 
15 : 129874 209507 239943 239942 239944 129872 129881 129880 129882 209517 209514 209519 257114 259462 257115 
15 : 239986 239989 194578 77393 26824 244176 194580 77396 26825 194586 77400 26833 77387 26815 26804 
15 : 561 60859 229963 92214 209298 545 560 548 559 60855 60842 60854 92212 209296 92209 
15 : 240359 240360 178279 240361 135723 264640 178287 264641 135732 178289 265048 135734 178290 135705 135736 
15 : 240812 115642 240810 240809 240808 115654 263057 259388 258143 115651 115648 115647 259385 258140 258138 
15 : 52460 199547 87670 222539 241021 52451 52442 52454 52462 87662 199545 199551 87666 87673 222541 
15 : 216217 241196 112158 97441 241201 216223 112156 97435 216230 112163 97445 254895 97423 112170 97451 
15 : 167748 241429 241427 173536 241431 167755 167751 167739 167758 254438 173545 262184 173541 254440 173550 
15 : 78333 209350 241653 145602 117651 78330 78335 78328 78327 209352 145594 117644 145603 117655 117638 
15 : 242261 242263 178526 242264 242260 250866 178529 250867 245939 178530 254924 245941 178532 178527 245943 
15 : 240249 165304 3248 234643 69483 165303 3247 234642 69482 3238 165302 69471 3246 3231 69481 
15 : 243138 81840 212595 40497 240419 81846 212602 40507 240423 81831 40477 81839 40487 212594 40495 
15 : 120360 114852 151662 243378 193463 114837 120351 120364 120352 114842 114856 114844 151669 151656 193470 
15 : 243424 184297 32315 214420 243428 184298 32316 214421 246802 32306 184294 184304 32311 32323 214425 
15 : 237942 243732 191393 228091 145679 237950 191390 228090 145676 191406 228101 145691 191388 145668 145674 
15 : 243048 241449 242319 170570 192922 241448 242318 170569 192920 241447 170567 192918 170568 192919 170556 
15 : 209202 179610 85769 208508 123282 179605 85764 208505 123272 85758 179604 123268 85763 85749 123271 
15 : 148625 243974 184491 212517 198595 148633 148618 148621 148619 184497 212521 198603 184485 184484 198586 
15 : 244208 223183 244211 242466 244210 223186 250944 242470 250943 223191 223182 223190 242474 263284 242473 
15 : 244247 136548 148965 190546 201439 136553 148968 190548 201444 136537 136540 136543 148953 148958 190536 
15 : 114660 244440 244438 95424 228154 114665 114663 95411 114656 259568 95437 228162 95433 228158 95420 
15 : 169308 213610 48834 201667 132005 169305 48821 169302 131990 48828 201660 131998 48824 48815 131996 
15 : 244673 244672 244671 244675 244670 261669 259894 264324 256745 259892 261672 256743 259895 256742 256747 
15 : 244767 244761 244759 244757 244765 262565 257126 246204 264617 257121 246199 262560 246198 257123 246201 
15 : 244796 244797 33656 171863 212831 250740 33658 171866 212835 33659 171868 212837 33649 33652 171854 
15 : 244802 237148 244795 244804 223878 237156 250228 260801 223885 237151 237157 223877 250229 223881 223887 
15 : 238148 245286 73540 125978 232246 238149 73536 125975 232242 73541 125979 232249 73519 73533 125973 
15 : 76679 231876 245497 245493 245495 76675 76684 76680 76681 231883 231877 231878 246311 251913 246308 
15 : 245585 196387 245588 193265 245589 196389 250209 193269 250210 196396 193257 196397 193274 264711 193275 
15 : 174474 132252 54809 147288 245725 132238 54795 147277 174479 54789 132236 132255 54790 54810 147292 
15 : 219051 125839 245927 245928 159867 125831 219058 219060 159859 125844 125846 125821 262277 159872 159874 
15 : 246322 3190 215416 206892 220271 3191 215417 206893 220272 3183 3182 3184 206888 215409 206889 
15 : 111489 9948 135673 137749 217259 9939 111479 111480 111488 9942 9943 9947 135663 135670 137745 
15 : 246440 179776 97414 89743 246031 179778 97417 89748 246034 97402 89734 179775 89726 97413 89742 
15 : 231565 246545 246544 184523 59033 231569 231568 184518 59030 259581 184533 59046 184531 59043 59020 
15 : 141591 15632 243746 191039 246715 15615 141590 141581 141595 15631 15625 15634 191038 243749 191043 
15 : 246829 44304 195552 43642 24356 44305 195554 43645 24358 44296 43621 24332 43632 24348 24331 
15 : 246864 162286 141143 97929 221812 162288 141146 97933 221814 141127 97911 162280 97908 141136 97919 
15 : 207378 247186 247182 211218 6309 207385 207380 207375 6304 254843 211228 6319 211220 6313 6305 
15 : 173446 144997 136909 87525 101541 144989 136901 87512 101530 136899 87507 101527 87505 101525 87500 
15 : 175075 239165 190359 61191 212387 175073 175065 61178 175069 190358 61190 212384 61181 190353 61184 
15 : 200909 214844 149205 247449 247448 200907 149192 200916 200912 149196 214850 214846 149210 149206 255923 
15 : 79969 98401 236936 247555 111194 79955 79968 79972 79958 98399 98405 98388 236939 111192 111198 
15 : 160611 27940 26904 247556 247558 27933 26897 160614 160615 26885 27947 27950 26908 26910 265131 
15 : 154828 121367 159223 247572 155974 121352 154816 154834 154815 121355 121372 121353 159230 155959 155982 
15 : 247621 169779 114253 124820 196764 169782 114259 124828 196772 114240 124804 169769 114237 114244 124809 
15 : 128514 121189 206614 1350 239390 121173 128507 1334 128511 121184 1332 121186 1343 206611 1347 
15 : 176894 247874 229342 27255 206252 176899 176891 27239 176889 229348 27260 206256 27248 206250 27242 
15 : 247942 13438 242882 240843 247937 13446 242893 240854 261021 13436 13435 13442 240842 242888 240849 
15 : 164233 71728 226038 246561 209218 71714 164228 164232 164227 71723 71727 71722 226036 209208 209216 
15 : 41968 217507 86586 234853 248771 41965 41947 41966 41974 86582 217504 217514 86584 86593 234859 
15 : 172408 248767 247815 146637 176115 172409 172407 146626 172395 247819 146641 176119 146636 176114 146627 
15 : 41608 245549 231123 248913 248915 41607 41604 41616 41617 231122 245557 245559 231131 231134 260153 
15 : 8570 182513 65928 210670 120900 8558 8550 8562 8552 65917 182507 120887 65921 65911 120890 
15 : 248961 208812 237795 248967 248968 208813 237796 250863 250864 208809 208819 208820 237801 237802 264452 
15 : 125414 249109 249111 73714 196766 125416 125419 73694 125407 256817 73716 196768 73720 196771 73701 
15 : 219455 65776 249115 229915 66638 65765 219461 219451 66632 65782 65772 65755 229922 66646 66635 
15 : 171717 249120 240739 220919 196006 171719 171715 171712 171708 240742 220924 196011 220916 196004 196001 
15 : 99259 249255 8764 233039 239928 99262 8744 99253 99254 8767 233042 239932 8758 8759 233033 
15 : 249431 169668 163752 75173 249433 169671 163757 75178 260967 163741 75161 169675 75160 163758 75184 
15 : 189609 64943 139278 221022 217150 64932 139267 189605 189603 64925 64936 64935 139272 139271 217146 
15 : 28140 249827 27483 70021 249826 28147 27464 28125 28146 27488 70028 260692 27467 27486 70026 
15 : 248043 246522 51227 136259 238374 246521 51226 136258 238373 51225 136257 238372 51205 51224 136254 
15 : 250053 55365 237737 161397 250055 55366 237738 161398 251651 55360 55352 55368 161396 237743 161404 
15 : 50421 131816 137552 86452 250353 50412 50413 50408 50427 131804 86437 131824 86438 137565 86466 
15 : 190688 107117 163217 250360 250355 107106 163206 190693 190691 107105 107126 107122 163222 163219 254456 
15 : 216529 18160 250392 177981 171021 18151 216532 177975 171015 18161 18149 18148 177984 171023 171011 
15 : 247394 77257 169324 223185 122172 77256 169322 223184 122171 77242 77250 77240 169318 122157 122163 
15 : 239727 182073 151923 182975 222542 182070 151920 182970 222537 151909 182059 182066 151910 151916 182968 
15 : 21894 4565 250780 250781 234167 4538 21896 21899 21889 4568 4571 4562 261001 234170 234173 
15 : 19386 231588 250821 250822 250133 19380 19388 19390 19385 231591 231593 231587 258785 250137 250140 
15 : 250860 246350 160973 210610 250855 246360 160978 210619 251169 160972 210609 246351 160961 160974 210611 
15 : 35088 205420 250926 138638 234663 35084 35090 35077 35087 205423 138634 205419 138639 234664 138636 
15 : 251278 129679 251282 127738 249999 129681 253427 127739 250000 129686 127721 129678 127742 250004 127737 
15 : 251543 251544 225866 251542 104131 263384 225872 261515 104136 225873 261516 104137 225870 104123 104134 
15 : 195828 251627 211440 145043 251624 195836 195819 145029 195833 211448 145052 264737 145033 211446 145049 
15 : 147671 82049 251830 170546 169900 82031 147675 147662 147661 82052 82037 82036 170552 169909 169892 
15 : 251850 40549 251846 251848 143074 40558 259520 263625 143083 40555 40557 40537 259518 143079 143081 
15 : 243143 226290 251891 246339 157433 226286 243147 243142 157428 226299 226288 157423 246344 157438 157430 
15 : 252054 127600 166927 252053 231125 127603 166933 258168 231130 127590 127602 127595 166932 166921 231129 
15 : 186670 72330 252102 247151 38750 72323 186675 186667 38741 72336 72327 38729 247155 38756 38748 
15 : 252435 131836 7829 252434 1095 131840 7833 256764 1098 7812 131839 1070 7832 1061 1097 
15 : 233413 225357 151378 123044 252494 225355 151371 123038 233417 151366 123035 225360 123023 151380 123047 
15 : 40629 202986 135808 237292 252510 40622 40613 40626 40630 135802 202983 202987 135805 135809 237293 
15 : 166824 252517 252514 58571 227905 166831 166825 58558 166821 253352 58577 227913 58572 227907 58566 
15 : 4149 252882 45984 221723 14546 4151 4131 4141 4130 45985 221724 14548 45979 14521 14538 
15 : 253141 1934 16890 53686 53829 1938 16895 53693 53836 1908 1909 1910 16863 16864 53662 
15 : 212331 163351 253250 253245 251264 163338 212335 212332 212329 163356 163352 163349 255423 251267 251265 
15 : 65714 47051 118363 253372 249650 47030 65697 65717 65713 47034 47054 47050 118366 118361 249653 
15 : 12575 215465 193433 231174 189912 12566 12562 12568 12560 193427 215462 189904 193428 189897 189907 
15 : 253408 249033 253407 66231 20539 249038 264521 66238 20546 249037 66230 20537 66237 20545 20515 
15 : 229447 56360 211105 206404 253579 56355 211097 206397 229451 56353 56351 56365 206395 211107 206410 
15 : 113209 208744 245204 53830 253675 113201 113206 53814 113212 208740 53820 208750 53826 245213 53839 
15 : 188022 253674 248057 249347 215431 188026 188018 188020 188015 248062 249352 215437 248055 215427 215428 
15 : 253781 142417 237867 174929 183942 142419 237871 174931 183946 142412 142406 142408 174922 183934 174914 
15 : 233632 187328 51538 5839 227373 187325 51536 5834 227370 51529 5829 187323 5816 51535 5832 
15 : 59593 163472 236928 248106 21147 59576 59589 59590 21117 163466 163468 21127 236927 21139 21143 
15 : 240821 90536 254032 15741 58335 90532 240827 15734 58329 90543 15722 58313 15748 58340 15719 
15 : 90177 247683 77203 254387 254389 90174 77180 90184 90186 77201 247689 247692 77211 77213 263573 
15 : 6852 254427 180859 149710 99356 6854 6846 6844 6840 180861 149712 99358 149700 99340 99338 
15 : 113256 89820 203488 145774 254616 89797 113250 113242 113261 89809 89801 89824 145766 203493 145778 
15 : 85609 254685 225318 71820 254687 85611 85598 71793 85613 225321 71822 256788 71807 225325 71824 
15 : 202385 94512 86884 112910 254804 94506 86874 112902 202389 86863 94500 94519 86868 86889 112919 
15 : 253608 213614 84835 113892 53388 213612 84834 113890 53386 84824 113884 53376 84815 53361 53365 
15 : 208745 233706 17837 251559 110317 208737 17825 208742 110303 17830 233703 110309 17836 17818 110316 
15 : 140234 91327 149874 182754 21020 91310 140223 140226 21004 91311 91316 21000 149864 21005 21008 
15 : 255448 255449 168758 89873 255445 264611 168765 89881 261402 168768 89883 261407 89863 168761 89877 
15 : 245350 253348 117631 226960 210673 245348 117624 226953 210668 117628 226957 210672 117617 117615 210666 
15 : 198949 96388 158311 137591 240375 96378 158301 137578 198947 96373 96371 96385 137570 158308 137587 
15 : 181304 256137 256136 163178 167439 181313 181309 163168 167423 264133 163186 167446 163184 167444 163165 
15 : 117900 256155 2807 207208 19359 117905 2789 117891 19339 2812 207214 19367 2798 2783 19350 
15 : 155751 155641 47725 214152 88734 155626 47708 155744 88713 47707 155635 88712 47714 47698 88719 
15 : 84465 174003 205276 247531 181140 84455 84460 84463 84457 173994 174000 173991 205272 181124 181135 
15 : 256306 166120 256305 256308 141262 166123 260197 260859 141267 166121 166128 141249 260200 141263 141271 
15 : 256576 179365 175013 248283 55868 179368 175014 248286 55870 174999 179364 55855 175012 55854 55867 
15 : 256609 196220 23499 256606 256608 196226 23504 259434 264688 23488 196222 196224 23501 23503 259432 
15 : 196132 53457 182978 115393 248661 53444 182966 115376 196129 53442 53438 53455 115374 182974 115389 
15 : 105997 196981 177617 125750 218030 105986 105984 105976 105988 177604 125740 196974 125735 177607 125742 
15 : 247193 256886 256885 102906 52677 247200 247198 102897 52667 264306 102914 52682 102911 52680 52649 
15 : 238012 211430 245000 72882 257052 211424 238010 72877 238015 211428 72873 211432 72879 245001 72883 
15 : 89472 214706 257394 32358 240977 89461 89475 32332 89468 214708 32348 214703 32360 240982 32354 
15 : 59538 75885 183668 134599 218192 59517 59528 59522 59530 75871 75865 75875 134588 183661 134591 
15 : 28246 190920 197820 113643 39332 28232 28236 28220 28216 190910 113624 39312 113626 39315 39299 
15 : 257615 209422 257614 209012 106750 209424 260559 209015 106754 209423 209003 106736 209014 106753 106735 
15 : 255256 230202 114257 31735 212520 230200 114255 31732 212519 114250 31727 212513 31706 114247 31722 
15 : 257958 176252 92241 227956 232023 176254 92242 227957 232025 92229 176246 176247 92234 92236 227952 
15 : 153991 257988 11592 163090 240686 153993 11575 153977 153987 11595 163091 240689 11577 11587 163083 
15 : 81635 190001 258018 146995 232402 81625 81638 81619 81629 190005 146977 189988 146999 232411 146982 
15 : 11593 258071 128418 258073 55723 11597 11572 11598 11565 128425 265066 55729 128426 55699 55730 
15 : 70939 205340 101248 244981 247752 70930 70920 70934 70935 101239 205334 205335 101244 101245 244979 
15 : 88650 242664 258203 28302 243905 88645 88654 28279 88646 242669 28297 242659 28311 243911 28298 
15 : 9693 258286 182659 129557 258290 9695 9679 9674 9697 182661 129559 262826 129538 182665 129564 
15 : 149312 258363 258364 245988 205371 149313 149315 149309 149298 258518 245989 205372 245991 205375 205368 
15 : 258367 105587 37319 69105 102520 105596 37329 69111 102528 37304 69083 102501 37302 37303 69082 
15 : 200653 105588 258437 168169 249968 105582 200657 168157 200648 105594 105577 105584 168172 249973 168165 
15 : 157896 45560 205734 258471 131892 45544 157887 157900 131875 45549 45564 45539 205739 131882 131898 
15 : 258504 80517 195142 187398 86315 80520 195147 187401 86320 80509 80507 80500 187382 86301 86300 
15 : 117875 132208 34107 161630 215227 117855 34080 117860 117867 34083 132189 132199 34087 34094 161612 
15 : 258805 245012 139521 258302 195757 245015 139527 258310 195764 139516 245011 195747 139520 139507 195756 
15 : 197885 221853 191372 82974 155563 197880 191362 82965 155555 191365 82970 155559 82963 155553 82954 
15 : 259328 163530 259331 51966 125494 163532 261067 51967 125495 163534 51952 125480 51970 125498 51946 
15 : 259453 255806 160266 243224 148176 255808 160270 243227 148179 160265 243223 148174 160259 148153 148166 
15 : 187635 246300 107951 217607 259459 187631 107936 187626 187639 107944 217603 246305 107938 107955 217613 
15 : 20664 241082 77831 67204 123520 20662 20639 20638 20646 77825 67199 123515 67170 77812 67176 
15 : 226600 197658 259495 197067 248542 197646 226601 197055 226596 197661 197050 197653 197070 248546 197064 
15 : 248649 259496 224546 259497 167233 248650 224540 248653 167231 224547 259999 167234 224548 167227 167238 
15 : 206952 161809 203432 73992 234063 161799 203420 73977 206949 161798 73971 161803 73976 203427 73984 
15 : 198649 202347 113011 60618 259643 198637 112998 60606 198650 112999 60607 202348 60595 113013 60619 
15 : 251374 71583 147382 220401 246993 71580 147381 220398 246988 71563 71574 71577 147376 147378 220395 
15 : 2924 253324 74903 154958 57379 2922 2905 2911 2904 74900 154953 57374 74885 57341 57356 
15 : 21558 203341 166427 204995 217027 21545 21539 21546 21549 166416 203331 203333 166417 166419 204986 
15 : 257664 234218 65635 193175 254301 234217 65632 193170 254298 65627 193160 234216 65616 65630 193169 
15 : 247442 158528 236984 237689 168299 158527 236981 237685 168293 158524 158525 158510 236979 168289 168290 
15 : 163640 10649 201652 187948 260099 10627 163626 163623 163644 10634 10633 10653 187933 201655 187951 
15 : 9876 258091 118020 236717 165239 9875 9855 9872 9863 118019 236715 165236 118015 118006 165234 
15 : 215724 260262 260266 141264 260263 215726 215732 141256 215728 261950 141268 261948 141275 263969 141270 
15 : 178891 222744 256292 259841 248545 178881 178889 178890 178887 222742 222743 222741 256291 248540 248544 
15 : 89474 153656 260458 164667 219545 89456 89473 89458 89462 153655 153643 153649 164666 219544 164655 
15 : 88995 207355 260618 112193 108678 88985 88996 88975 88973 207356 112181 108661 112195 108679 108651 
15 : 41076 260676 43895 260678 9991 41077 41060 41079 9958 43897 261323 9992 43899 9959 9997 
15 : 229955 260769 183992 200259 260768 229958 183988 200254 229956 184000 200265 263846 183983 183995 200261 
15 : 24104 140240 259484 261027 91624 24096 24102 24108 24093 140236 140242 91600 259487 91622 91628 
15 : 206407 67622 162808 134299 244112 67606 162791 134279 206401 67601 67599 67615 134276 162800 134289 
15 : 65780 261249 259466 227831 226718 65783 65779 65770 65769 259469 227834 226721 227830 226717 226705 
15 : 219875 256557 260475 203416 10035 219871 219874 203402 10019 256556 203411 10030 203415 10034 10015 
15 : 261337 102305 72706 105187 243625 102308 72711 105191 243628 72682 102281 102297 72683 72699 105178 
15 : 103558 232279 37198 250341 204032 103551 37179 103553 103546 37191 232276 204023 37194 37184 204025 
15 : 7179 253588 261595 162783 235577 7174 7184 7161 7171 253594 162775 235572 162787 235584 162771 
15 : 221348 192400 52387 242555 261628 192394 52377 221345 221349 52372 192398 192401 52381 52388 242558 
15 : 149879 253054 60477 205634 91625 149872 60456 149866 91601 60472 205627 91620 60465 60449 91610 
15 : 194765 61051 86123 259114 261861 61035 86112 194763 194772 61026 61049 61053 86122 86126 259117 
15 : 94420 115031 44339 233785 262032 94407 44319 94415 94422 44322 115024 115033 44335 44340 233789 
15 : 162450 200487 245815 140374 97325 162441 162444 140354 97309 200483 140359 97316 140368 97322 97303 
15 : 52466 239525 212742 212587 242143 52459 52453 52452 52461 212736 212576 239520 212571 212738 212579 
15 : 38539 167011 262304 185283 251695 38526 38544 38529 38536 167014 167003 167007 185286 251697 185278 
15 : 135661 150946 238841 261117 250648 135646 135650 135660 135654 150940 150945 150943 238840 238834 250647 
15 : 32768 148676 242645 231964 262452 32753 32763 32762 32770 148668 148665 148677 231957 242648 231966 
15 : 89556 246245 262013 118746 151510 89550 89555 89539 89541 246244 118737 151504 118744 151509 118723 
15 : 230711 262506 176091 262508 224737 230714 176087 230717 224731 176093 263142 224739 176095 176085 224741 
15 : 259354 262742 248505 254170 262739 259357 248501 254167 259355 248508 254175 263158 248498 248506 254171 
15 : 239033 220729 151601 40510 261170 220720 151590 40493 239031 151583 40488 220728 40481 151600 40509 
15 : 262858 220452 247167 254671 212394 220454 247169 254673 212396 220448 220450 212379 247161 212386 212390 
15 : 261292 262909 244199 179732 234767 261293 244197 179729 234765 244201 179734 234771 179722 234759 179718 
15 : 262410 221235 262936 186903 14239 221233 262414 186902 14237 221237 186889 14223 186907 14245 14213 
15 : 243559 204256 260876 262037 152358 204246 243556 243558 152347 204252 204255 152336 260874 152353 152356 
15 : 228947 237800 197682 25849 247677 228941 197667 25835 228943 197669 25837 237794 25830 197673 25839 
15 : 113381 248183 263255 180782 263256 113377 113382 113368 113383 248184 180778 248185 180784 264825 180785 
15 : 94284 256678 183242 202164 249712 94282 94272 94275 94280 183241 202162 249710 183231 183237 202157 
15 : 50868 251493 68129 231521 75971 50865 50846 50861 50847 68126 231519 75965 68124 68107 75961 
15 : 241027 134885 41824 263415 162319 134878 41817 241029 162305 41800 134888 134867 41827 41805 162321 
15 : 150848 20873 259490 39583 144221 20853 150847 39559 144198 20870 20842 20851 39580 144219 39558 
15 : 211065 16515 263436 224481 255771 16501 211066 211060 211063 16516 16503 16512 224482 255772 224477 
15 : 168810 29828 211570 263439 247216 29807 168803 168812 168805 29811 29830 29821 211572 211564 247219 
15 : 256344 62730 211356 263441 17775 62726 211351 256348 17772 62720 62734 17745 211357 17764 17780 
15 : 94402 156360 178910 112327 17191 94382 94384 94377 17158 156347 112305 17165 112307 17167 17160 
15 : 242730 105391 263640 39473 216909 105388 242732 39468 216901 105392 39448 105381 39475 216911 39459 
15 : 128273 261632 262132 59774 234128 128271 128272 59750 128267 261630 59772 234123 59773 234125 59765 
15 : 30724 213729 263304 263681 228892 30714 30723 30727 30716 213727 213732 213717 263305 228891 228895 
15 : 210363 131255 263759 195811 112674 131247 210364 195797 112658 131259 131245 112652 195813 112678 112655 
15 : 263210 20183 252827 8806 261355 20182 252826 8804 261354 20177 8774 20181 8797 252823 8803 
15 : 262492 179009 223504 186241 259293 179008 223503 186238 259290 178998 178996 179006 186225 223502 186234 
15 : 74984 230934 263442 12053 222146 74976 74983 12018 74975 230933 12040 222132 12052 222145 12038 
15 : 168938 249476 131089 119786 192554 168935 131076 119766 168925 131087 119780 192551 119760 131079 119769 
15 : 112144 260188 161276 28967 264101 112143 112129 28940 112145 161271 28963 260189 28944 161277 28968 
15 : 209188 81945 262880 232580 202118 81932 209186 209178 202106 81943 81935 81930 232578 202117 202109 
15 : 187303 243617 108408 194279 135592 187295 108390 187287 135574 108397 194270 135583 108391 108386 135575 
15 : 240872 92926 62819 264162 264163 92921 62808 240873 240875 62802 92927 92929 62820 62823 264502 
15 : 22587 264203 254413 200262 264204 22590 22581 22575 22592 254417 200266 265313 200257 254418 200268 
15 : 94017 93994 263151 254743 215057 93973 94015 94012 94006 93991 93986 93982 254738 215055 215050 
15 : 264331 111953 200410 229174 21665 111954 200412 229178 21666 111939 111944 21638 200397 21645 21649 
15 : 247629 213954 224205 98175 233043 213949 224199 98169 233037 213942 98159 213944 98161 224194 98164 
15 : 226506 209056 150949 264384 264383 209046 150938 226508 226507 150936 209058 209057 150951 150950 264535 
15 : 207465 143680 159344 185206 216711 143664 159332 185193 207451 143661 143662 143667 159328 159334 185196 
15 : 235271 264408 21461 128225 123291 235273 21449 128218 123281 21462 128228 123294 21438 21437 123262 
15 : 127005 264482 199174 252550 6320 127007 126993 126998 6295 199176 252551 6322 199163 6301 6312 
15 : 197124 262730 246699 263579 255188 197121 197115 197123 197118 246696 262729 255185 246697 246693 255187 
15 : 208495 41529 21318 261721 46848 41507 21303 208493 46823 21290 41526 41501 21316 21291 46846 
15 : 58074 263268 207068 185995 243162 58071 58061 58059 58066 207064 185991 243159 185979 207058 185984 
15 : 239461 254174 213181 194923 68974 239456 213169 194910 68960 213173 194914 68967 194904 68957 68950 
15 : 161211 213431 136941 234608 81463 161199 136919 161202 81442 136930 213420 81454 136934 81440 81457 
15 : 159022 264638 236114 60732 71960 159023 159013 60714 71940 236115 60733 71961 60722 71950 60706 
15 : 204676 66615 261304 172529 258306 66603 204675 172513 204674 66613 66595 66610 172528 258304 172525 
15 : 22628 249960 72589 74766 240952 22626 22597 22598 22621 72586 74759 240947 72558 72578 74756 
15 : 154761 137883 221429 190274 252308 137861 154755 154751 154758 137869 137866 137877 190261 221424 190269 
15 : 31847 171685 263876 264817 263968 31822 31844 31849 31845 171681 171688 171683 263880 263872 263971 
15 : 262635 126317 46103 11067 113420 126313 46099 11065 113416 46081 11045 113385 11037 46080 11042 
15 : 163828 112505 165955 234348 178059 112488 163815 163820 163817 112489 112497 112491 165949 165939 178041 
15 : 135550 33194 58276 250265 196016 33171 58252 135547 135536 33166 33188 33176 58268 58259 196008 
15 : 78906 99000 156919 85451 257653 78886 78888 78884 78900 98982 85427 98994 85432 156913 85445 
15 : 10564 239678 138195 40213 317 10560 10551 10540 273 138187 40204 303 40191 285 275 
15 : 209691 259216 145977 235860 70301 209689 145961 209684 70284 145969 235854 70294 145963 70276 70287 
15 : 264959 236441 42438 218168 25056 236443 42439 218170 25057 42431 218159 25044 42425 25023 25040 
15 : 203812 180327 242818 240733 264989 180314 203808 203807 203813 180321 180318 180328 240726 242819 240735 
15 : 164734 187304 209521 106618 129338 164720 164722 106600 129320 187290 106604 129323 106607 129326 106594 
15 : 249390 209504 223269 256863 245870 209493 223257 249381 245857 209486 209497 209492 223262 223256 245860 
15 : 160837 161169 185054 264614 54549 160819 160823 160835 54521 161156 161168 54522 185052 54526 54547 
15 : 236957 172266 260121 249758 224008 172257 236953 236951 223994 172263 172261 172255 249753 224000 223998 
15 : 260963 95036 260175 187585 7699 95030 260172 187582 7693 95029 95023 7668 187581 7692 7677 
15 : 200429 208098 36151 255698 12013 200413 36132 200424 11998 36134 208092 11999 36144 11977 12006 
15 : 46632 86431 237330 49432 172431 46610 46621 46606 46616 86423 49403 86413 49421 172424 49411 
15 : 263990 262416 244418 206243 191521 262415 244417 206242 191520 244414 206240 191517 206235 191511 191503 
15 : 239765 71735 48439 255591 194127 71725 48423 239762 194114 48405 71731 71717 48430 48419 194121 
15 : 144268 180311 265115 218256 189367 144254 144270 144259 144257 180312 180306 180302 218258 189370 189352 
15 : 62567 256853 127022 262987 262237 62562 62555 62565 62564 127016 256847 256846 127018 127017 262235 
15 : 207636 48955 252283 250219 132655 48947 207630 207629 132639 48950 48949 48936 250212 132650 132649 
15 : 217181 245069 237332 131543 182179 217175 217173 131529 182161 237322 131535 182168 131533 182166 131523 
15 : 114006 27884 255972 189443 191688 27861 113998 113988 113989 27877 27866 27867 189435 191679 189429 
15 : 175153 238058 199433 261879 211210 175141 175135 175148 175136 199422 238056 211197 199427 199418 211206 
15 : 238018 149624 260418 80304 175907 149615 238014 80292 175896 149621 80276 149610 80302 175902 80281 
15 : 129612 261566 97769 89882 60038 129609 97747 89860 60009 97765 89878 60034 89856 60005 60004 
15 : 227897 242737 82107 229688 161509 227887 82093 227884 161494 82098 229676 161497 82094 82084 161495 
15 : 253176 18679 228222 243950 259899 18674 228213 243944 253172 18668 18670 18675 228210 228216 243946 
15 : 216231 257201 36943 119060 229573 216225 36928 119038 216215 36935 119051 229565 36918 36930 119042 
15 : 138687 26431 154533 176486 205000 26412 138670 138671 138672 26413 26416 26419 154513 154516 176466 
15 : 216391 219534 265275 81026 236182 216380 216390 81007 216381 219533 81009 219526 81025 236181 81014 
15 : 101079 98548 165987 150818 264967 98523 101069 101067 101078 98532 98530 98547 150799 165986 150817 
15 : 253507 51415 208439 259689 12844 51408 208432 253503 12833 51403 51413 12806 208435 12823 12838 
15 : 243216 259975 134827 264423 62195 243210 134817 243213 62186 134822 259973 62189 134824 62166 62193 
15 : 38953 144010 9101 265335 263306 38937 9072 38954 38948 9076 144011 144006 9102 9097 263307 
15 : 262406 262276 20582 141574 263223 262271 20577 141569 262403 20576 141568 262272 20553 20579 141570 
15 : 227038 148544 138105 258837 206924 148532 138095 227034 206906 138086 148538 148531 138100 138093 206916 
15 : 1807 245440 263276 31136 160300 1799 1804 1779 1783 245438 31124 160291 31134 160296 31105 
15 : 257537 258069 188160 62310 45710 257530 188153 62304 45704 188154 62305 45705 62293 45692 45677 
15 : 209771 139640 228692 217395 186819 139625 209762 209759 186807 139632 139628 139624 217381 186811 186808 
15 : 211650 243702 262694 172064 91493 211642 211649 172049 91479 243697 172054 91484 172062 91490 91472 
15 : 264934 200165 161909 192565 58342 200164 161908 192564 58341 161894 192556 58326 161892 58319 58324 
15 : 251635 258717 138724 263540 122937 251630 138717 251632 122925 138718 258714 122928 138720 122901 122932 
15 : 265396 259371 224390 171592 168395 259370 224389 171591 168394 224381 171583 168389 171571 168373 168365 

