score: 17977.7
6 : 7 1 9 119957 210852 119960 
6 : 19 21 25 102236 102241 106803 
6 : 32 20 24 102616 225082 102603 
6 : 45 41 50 87438 169070 87448 
6 : 79 76 64 196752 72929 72924 
6 : 175 169 174 67197 251271 67195 
6 : 188 201 185 129526 85903 85919 
6 : 357 362 348 194295 20881 20892 
6 : 359 367 351 196648 53552 53568 
6 : 483 486 487 95438 95439 195555 
6 : 517 495 518 38709 258634 38711 
6 : 653 658 656 19272 19270 75738 
6 : 686 684 689 189983 195549 189992 
6 : 776 760 757 121683 54397 54379 
6 : 825 824 835 91758 92042 91778 
6 : 841 849 840 128973 117218 117227 
6 : 989 986 996 48829 155102 48842 
6 : 997 990 998 200627 259198 200628 
6 : 1016 1020 1022 243867 243871 260242 
6 : 1032 1034 1037 152753 152757 181195 
6 : 1146 1158 1147 97155 97150 164231 
6 : 1162 1165 1175 52390 52407 79909 
6 : 1180 1172 1166 207506 100569 100553 
6 : 1321 1320 1325 185051 191951 185057 
6 : 1333 1342 1347 172669 172673 249396 
6 : 1341 1345 1349 239689 239693 263405 
6 : 1486 1480 1491 33669 228479 33675 
6 : 1541 1535 1544 222988 260930 222993 
6 : 1627 1611 1621 62278 231708 62263 
6 : 1631 1640 1646 21956 21961 168448 
6 : 1656 1676 1655 98117 49506 49536 
6 : 1803 1798 1804 167337 255594 167338 
6 : 1812 1817 1830 117637 117652 153250 
6 : 1963 1965 1955 257314 142602 142603 
6 : 1964 1956 1959 199830 234444 199824 
6 : 1996 1999 2007 99770 99777 133767 
6 : 2013 2008 1997 234549 109176 109166 
6 : 2064 2063 2052 258515 119053 119052 
6 : 2116 2122 2123 107584 107585 248477 
6 : 2180 2196 2179 103123 74883 74918 
6 : 2286 2290 2283 167916 112799 112815 
6 : 2289 2284 2293 123519 235344 123529 
6 : 2420 2432 2425 18855 18846 136979 
6 : 2435 2427 2431 221131 259877 221126 
6 : 2451 2445 2449 214488 228843 214485 
6 : 2456 2462 2459 9905 9898 39253 
6 : 2460 2473 2476 66060 66064 254238 
6 : 2478 2479 2501 41440 41466 59822 
6 : 2493 2485 2498 159223 233408 159230 
6 : 2571 2581 2579 84742 84741 243713 
6 : 2572 2570 2578 48582 128634 48591 
6 : 2587 2592 2584 110672 4179 4192 
6 : 2590 2598 2585 158110 43198 43220 
6 : 2719 2729 2734 10041 10046 224627 
6 : 2730 2732 2733 226500 226504 245117 
6 : 2738 2748 2750 13964 13967 201044 
6 : 2753 2757 2749 247478 210881 210891 
6 : 2833 2841 2818 217048 65258 65271 
6 : 2902 2913 2911 62920 62913 214861 
6 : 2909 2905 2906 84129 101424 84118 
6 : 2918 2936 2941 32377 32385 241062 
6 : 2926 2917 2939 13351 143908 13366 
6 : 3050 3046 3052 182648 219921 182651 
6 : 3063 3071 3061 152980 126769 126782 
6 : 3065 3054 3075 23166 196887 23175 
6 : 3068 3064 3058 191684 90600 90596 
6 : 3111 3128 3110 106467 81086 81117 
6 : 3113 3121 3127 131675 131682 237339 
6 : 3203 3205 3198 176711 50078 50081 
6 : 3218 3217 3215 137038 100919 100915 
6 : 3365 3378 3377 47813 47812 262322 
6 : 3366 3375 3369 62773 62761 128276 
6 : 3388 3381 3393 31115 134397 31121 
6 : 3392 3401 3394 177837 177828 222296 
6 : 3417 3410 3414 92875 170558 92870 
6 : 3554 3558 3549 256782 235185 235195 
6 : 3555 3544 3548 20149 214008 20139 
6 : 3564 3569 3565 124711 124707 130353 
6 : 3571 3572 3575 240302 240307 253550 
6 : 3596 3579 3593 43601 245169 43598 
6 : 3727 3726 3730 16853 19946 16859 
6 : 3744 3728 3739 59551 221566 59547 
6 : 3882 3881 3877 248906 222075 222067 
6 : 3894 3898 3886 208876 32836 32844 
6 : 3921 3911 3925 185355 243797 185360 
6 : 3926 3902 3905 11346 45660 11319 
6 : 4040 4043 4053 118163 118178 139012 
6 : 4056 4061 4075 19921 19939 94453 
6 : 4064 4067 4073 151586 151591 205086 
6 : 4065 4057 4070 52291 169753 52302 
6 : 4117 4130 4120 208751 208745 235488 
6 : 4225 4221 4214 235070 139405 139396 
6 : 4232 4239 4231 205403 201133 201140 
6 : 4237 4242 4227 248511 17372 17379 
6 : 4275 4273 4291 89411 147841 89431 
6 : 4276 4287 4272 150424 26989 27004 
6 : 4278 4292 4284 160520 160511 201466 
6 : 4281 4286 4290 189764 189771 230294 
6 : 4378 4381 4385 14752 14765 62006 
6 : 4391 4380 4390 61859 258549 61858 
6 : 4407 4404 4410 211697 237488 211701 
6 : 4415 4418 4426 40658 40671 73185 
6 : 4542 4547 4539 147161 48158 48180 
6 : 4548 4537 4546 38077 194979 38064 
6 : 4594 4586 4597 216624 249479 216627 
6 : 4598 4577 4583 43219 198705 43204 
6 : 4599 4581 4575 162854 22001 21978 
6 : 4704 4697 4705 113511 222667 113513 
6 : 4714 4727 4715 132978 132966 142630 
6 : 4719 4722 4717 193576 162010 162018 
6 : 4720 4725 4723 225353 225350 238849 
6 : 4863 4857 4865 105947 194933 105948 
6 : 4919 4909 4908 210518 205515 205502 
6 : 5001 5002 5003 150921 150923 169903 
6 : 5018 5011 5009 163140 119758 119740 
6 : 5019 5008 5020 102160 262371 102162 
6 : 5031 5027 5023 120537 13846 13840 
6 : 5171 5153 5165 43727 217286 43719 
6 : 5175 5174 5176 116115 166102 116117 
6 : 5481 5485 373 130660 381 384 
6 : 5499 5506 5494 220334 70809 70827 
6 : 5655 5652 5660 96442 153303 96446 
6 : 5661 5663 5656 214682 157409 157410 
6 : 5667 5650 5653 12881 101203 12861 
6 : 5676 5680 5682 242023 242026 258040 
6 : 5694 5701 5699 152965 152963 233602 
6 : 5818 5815 5817 25396 69302 25395 
6 : 5825 5828 5822 216808 204839 204848 
6 : 5911 5916 5903 154202 36648 36654 
6 : 5955 5964 5966 18238 18245 245111 
6 : 5971 5973 5968 189600 50321 50329 
6 : 5991 6001 5998 168981 168979 226258 
6 : 5992 6002 6004 170324 170327 257632 
6 : 5996 5993 6000 182302 201036 182311 
6 : 6124 6114 6119 71372 250480 71368 
6 : 6306 6317 6309 24347 24337 80286 
6 : 6310 6313 6320 112106 112116 149319 
6 : 6333 6343 6330 138898 123935 123946 
6 : 6522 6531 6538 36177 36181 137269 
6 : 6539 6523 6534 48025 168710 48019 
6 : 6543 6542 6541 257258 257019 257017 
6 : 6547 6533 6529 146734 112990 112967 
6 : 6588 6593 6589 166140 166135 201676 
6 : 6632 6628 6637 212160 235759 212164 
6 : 6635 6626 6643 209313 244943 209323 
6 : 6761 6757 6764 27678 83199 27687 
6 : 6768 6766 6759 167618 49490 49479 
6 : 6782 6776 6784 95362 256045 95368 
6 : 6815 6840 6818 63462 63442 143561 
6 : 6923 6921 6924 232976 238359 232986 
6 : 6934 6941 6931 105617 87956 87974 
6 : 6936 6933 6929 105025 13070 13058 
6 : 6939 6935 6945 167691 214182 167694 
6 : 6951 6960 6946 157290 45825 45846 
6 : 7064 7067 7069 93641 93642 209625 
6 : 7065 7071 7073 159791 159792 238652 
6 : 7079 7088 7090 52563 52568 228008 
6 : 7087 7093 3998 193361 4021 4034 
6 : 7233 7239 7236 25398 25397 84549 
6 : 7249 7234 7235 64717 68372 64690 
6 : 7254 7264 7266 104505 104507 196808 
6 : 7374 7376 7383 115718 115730 166113 
6 : 7386 7400 7406 32374 32381 206336 
6 : 7415 7427 7418 95410 95405 135006 
6 : 7421 7411 7430 31895 141292 31910 
6 : 7549 7558 7554 161353 161349 249829 
6 : 7551 7548 7555 150314 194188 150323 
6 : 7556 7544 7559 17489 259418 17491 
6 : 7563 7561 7570 99395 101014 99405 
6 : 7572 7568 7565 209145 154696 154691 
6 : 7578 7566 7573 165333 239481 165327 
6 : 7579 7564 7574 148445 245310 148439 
6 : 7592 7585 7591 38582 120818 38580 
6 : 7595 7594 7600 142995 150623 143007 
6 : 7596 7583 7601 19003 190007 19014 
6 : 7718 7722 7716 85658 63994 64006 
6 : 7719 7725 7713 98849 17637 17664 
6 : 7724 7714 7715 20434 45279 20408 
6 : 7748 7751 7741 259393 215975 215981 
6 : 7789 7790 7792 115979 115982 116511 
6 : 7803 7785 7791 29994 123419 29977 
6 : 7812 7825 7819 50871 50863 128039 
6 : 7901 7905 7895 252316 206902 206905 
6 : 7916 7913 7924 27357 90935 27370 
6 : 7922 7918 7917 145750 94827 94822 
6 : 7925 7928 7915 248434 89627 89635 
6 : 7927 7923 7914 199557 88935 88921 
6 : 7952 7934 7947 96413 251707 96411 
6 : 8056 8062 8065 16218 16219 203127 
6 : 8058 8059 8063 105126 105133 146283 
6 : 8085 8077 8083 48447 90195 48443 
6 : 8176 8184 8181 97573 97567 189563 
6 : 8200 1207 8201 1228 235118 1237 
6 : 8203 8191 8198 94879 219713 94861 
6 : 8250 8248 8255 238500 251449 238503 
6 : 8251 8243 8240 226932 205530 205520 
6 : 8344 8349 8342 145748 118071 118077 
6 : 8346 8351 8354 156554 156561 199967 
6 : 8386 8381 8374 233890 133153 133141 
6 : 8499 8498 8496 52690 32963 32962 
6 : 8501 8505 8510 58189 58199 160291 
6 : 8511 8497 8494 44309 16416 16389 
6 : 8529 8532 8513 243014 16560 16564 
6 : 8654 8650 8651 46216 148162 46211 
6 : 8656 8652 8658 179032 235472 179037 
6 : 8703 8719 8704 39857 39838 54652 
6 : 8813 8804 8807 104640 150682 104635 
6 : 8821 8829 8834 38944 38959 193665 
6 : 8844 8843 8856 163358 174113 163373 
6 : 8852 8840 8847 97801 206535 97798 
6 : 8966 8973 8965 154829 95991 96017 
6 : 8968 8963 8970 20701 165768 20705 
6 : 8981 8983 8982 188229 188226 211130 
6 : 9120 9116 9125 35195 125655 35210 
6 : 9306 9321 9305 84672 46404 46420 
6 : 9428 9437 9422 220633 65522 65535 
6 : 9600 9606 9613 63953 63961 204283 
6 : 9655 9648 9650 226806 238136 226799 
6 : 9656 9646 9638 193004 115324 115310 
6 : 9724 9728 9735 18976 18991 207421 
6 : 9731 9729 9727 226366 194200 194195 
6 : 9741 9743 9747 90194 90201 123716 
6 : 4875 9769 9755 4898 4878 67543 
6 : 9771 9754 9761 19504 209600 19488 
6 : 9881 9888 9879 72491 33840 33857 
6 : 9886 9892 9880 224613 39145 39149 
6 : 9890 9883 9878 139716 25823 25808 
6 : 9923 9920 9941 71741 122835 71759 
6 : 10049 10043 10039 245124 216269 216258 
6 : 10110 10104 10102 78287 36089 36075 
6 : 10165 10163 10174 34388 59608 34404 
6 : 10217 10199 10204 31448 128062 31420 
6 : 10224 10245 10248 125685 125689 260488 
6 : 10333 10338 10326 249780 204551 204562 
6 : 10342 10341 10349 131582 167910 131595 
6 : 10345 10351 10347 171829 171824 190034 
6 : 10350 10343 10352 169945 235340 169951 
6 : 10399 10380 10393 26585 214436 26581 
6 : 10400 10390 10392 169578 198063 169571 
6 : 10500 10495 10514 21203 79996 21217 
6 : 10636 10640 10632 216075 172238 172253 
6 : 10657 10655 10671 134438 153539 134464 
6 : 10792 10788 10789 259901 261108 259899 
6 : 10793 10780 10794 72747 264516 72748 
6 : 10798 10796 10802 61621 82564 61626 
6 : 10819 10827 10835 31633 31640 160127 
6 : 10834 2350 10838 2365 215502 2375 
6 : 10841 10851 10853 27216 27219 184341 
6 : 10842 10860 10855 37910 37905 231297 
6 : 10847 10859 10856 153532 153531 233382 
6 : 10945 10942 10943 173596 226619 173591 
6 : 10946 10939 10937 153416 48781 48761 
6 : 10956 10955 10968 192330 208297 192342 
6 : 10972 10970 10979 111211 149512 111226 
6 : 10984 10975 10981 206232 246513 206225 
6 : 10987 10985 10980 264860 241310 241309 
6 : 11106 11111 11108 245543 245538 250966 
6 : 11252 11262 11251 27062 19508 19543 
6 : 11264 11260 11261 228774 261438 228771 
6 : 11269 11267 11283 56017 69290 56038 
6 : 11274 11278 11288 170460 170474 209594 
6 : 11404 11406 11418 89266 89278 116843 
6 : 11549 11547 11551 248648 251832 248651 
6 : 11559 11567 11568 189886 189887 260306 
6 : 11580 11581 11577 226003 186297 186298 
6 : 11584 11578 11574 201832 102999 102983 
6 : 11604 11592 11587 76699 18130 18116 
6 : 11693 11701 11697 15313 15302 87225 
6 : 11705 11704 11694 238083 32470 32469 
6 : 11707 11700 11695 203081 83412 83401 
6 : 11725 11717 11714 151078 72677 72662 
6 : 11735 11756 11739 59238 59227 103607 
6 : 11886 11906 11903 16964 16961 258424 
6 : 11888 11890 11897 63438 63445 100896 
6 : 11922 11916 11921 129095 231330 129093 
6 : 12010 12001 12014 41199 236050 41204 
6 : 12054 12041 12047 183529 248945 183525 
6 : 12177 12174 12172 197631 191207 191202 
6 : 12181 12175 12173 205580 193304 193291 
6 : 12328 12320 12334 63851 174630 63862 
6 : 12329 12327 12333 164458 215800 164464 
6 : 12330 12322 12324 105553 125878 105540 
6 : 12338 12357 12352 77828 77821 256112 
6 : 12350 12353 12355 248938 248939 259444 
6 : 12408 12412 12410 236223 236222 243376 
6 : 12466 12465 12461 265212 223468 223467 
6 : 12664 12661 12660 205271 188776 188774 
6 : 12788 12800 12797 155045 155043 257200 
6 : 12798 12796 12793 255885 252783 252781 
6 : 12799 12789 12791 198032 217285 198020 
6 : 12808 12801 12820 21210 150485 21225 
6 : 12812 12817 12804 213604 89536 89543 
6 : 12830 12823 12851 55472 138144 55494 
6 : 12924 12921 12929 96553 153917 96566 
6 : 12927 12932 12920 234118 55061 55070 
6 : 12966 12976 12958 202368 29405 29418 
6 : 13093 13091 276 189790 294 291 
6 : 13133 13139 13134 143672 143662 145606 
6 : 13142 13147 13129 249011 95236 95240 
6 : 13168 13178 13171 211890 211884 243722 
6 : 13173 13169 13150 233708 15069 15065 
6 : 13286 13281 13271 201918 38990 38977 
6 : 13309 13306 11765 233496 11802 11796 
6 : 13429 13434 13432 186265 186262 221080 
6 : 13436 13437 13421 250535 30524 30531 
6 : 13438 13422 13428 58772 175925 58758 
6 : 13577 13572 13578 118198 237301 118202 
6 : 13579 13568 13575 56573 227070 56566 
6 : 13586 13590 13585 130071 100870 100881 
6 : 13603 13597 13606 71744 128573 71748 
6 : 13630 13631 13621 133223 60359 60361 
6 : 13725 13717 13722 154245 211628 154238 
6 : 13726 13728 13712 249731 67539 67541 
6 : 13732 13731 13742 130584 162395 130597 
6 : 13743 13738 13737 215415 200009 200001 
6 : 13873 13872 13879 43312 85696 43318 
6 : 13878 13874 13886 87104 136492 87124 
6 : 13885 13884 13883 262174 255104 255101 
6 : 13888 13897 13898 14831 14832 209601 
6 : 13895 13901 13903 183150 183155 248706 
6 : 13908 13907 13925 54772 73595 54800 
6 : 13911 13923 13914 113517 113499 134947 
6 : 14029 14031 14035 207012 207016 243373 
6 : 14046 14042 14040 202673 168757 168744 
6 : 14065 14055 14057 36937 62037 36925 
6 : 14068 14070 14052 249499 21425 21434 
6 : 14169 14170 14177 110046 110063 117216 
6 : 14175 14172 14166 147374 41172 41156 
6 : 14192 14199 14189 255511 240287 240293 
6 : 14333 14334 14339 127292 127299 144341 
6 : 14336 14335 14342 196182 207156 196190 
6 : 14346 14360 14363 27774 27780 241640 
6 : 14348 14357 14345 63531 25505 25513 
6 : 14359 14351 14354 80516 126183 80506 
6 : 14361 14347 14356 61184 168046 61177 
6 : 14394 14397 14404 188299 188303 236715 
6 : 14400 14391 14390 134180 122168 122148 
6 : 14401 14396 405 224742 430 423 
6 : 14403 14402 14389 255303 105965 105961 
6 : 14477 14470 14478 88770 248758 88771 
6 : 14485 14496 14492 64229 64223 262504 
6 : 14489 14483 14484 26579 59136 26559 
6 : 11443 14643 14639 11458 11454 168442 
6 : 14646 14640 14638 178507 161369 161359 
6 : 14648 14645 14644 235787 224700 224692 
6 : 5243 14687 14675 5269 5255 106346 
6 : 14682 14680 14674 189024 86222 86217 
6 : 14686 14683 14679 241011 171667 171664 
6 : 14696 14711 14704 144809 144804 227441 
6 : 14788 14790 14792 174020 174024 214206 
6 : 14798 14808 14812 105247 105250 256534 
6 : 14800 14813 14801 145717 145695 151551 
6 : 14840 14833 14836 231930 248730 231925 
6 : 14848 14871 14845 76240 32666 32699 
6 : 14962 14957 14969 160979 212465 160995 
6 : 14964 14968 14956 218604 128492 128502 
6 : 14983 14978 14972 212462 83919 83911 
6 : 15251 15247 15252 208487 248041 208489 
6 : 15263 15260 15261 146919 152708 146916 
6 : 15273 15269 15268 234974 227585 227572 
6 : 15276 15266 15267 213083 221959 213064 
6 : 15277 15262 15258 166012 79087 79058 
6 : 15390 15393 15387 145640 88665 88676 
6 : 15397 15396 15398 262805 265120 262807 
6 : 15402 15404 15423 71295 71309 107904 
6 : 15412 15405 15416 110109 204812 110114 
6 : 15576 15573 15578 173142 203863 173149 
6 : 15581 15569 15567 114442 77401 77373 
6 : 15730 15731 15722 205046 45835 45845 
6 : 15733 15732 15723 264975 125918 125917 
6 : 15734 15725 5611 146871 5648 5623 
6 : 15740 15747 15746 144802 144801 217845 
6 : 15803 15792 15806 219376 265368 219377 
6 : 15876 15881 15885 50255 50264 157621 
6 : 15892 15900 15904 169091 169096 237489 
6 : 15895 15905 15908 208463 208465 263485 
6 : 15907 15906 15894 263887 185385 185384 
6 : 15942 956 15939 982 244471 977 
6 : 16040 16042 16053 79839 79856 108380 
6 : 16167 16166 16169 72243 76246 72249 
6 : 16181 16180 16187 138725 148085 138745 
6 : 16183 16184 16178 191761 86218 86220 
6 : 16186 16182 16179 157396 129351 129342 
6 : 14224 16204 16193 14248 14239 205616 
6 : 16195 16197 16202 226663 226667 232623 
6 : 16224 16228 16227 243997 243996 253016 
6 : 16298 16300 16304 163865 163870 174735 
6 : 16299 16294 16302 18260 164762 18263 
6 : 16311 16308 16322 21638 98983 21656 
6 : 16324 16325 16319 260695 220358 220359 
6 : 16337 16333 16350 171891 221664 171903 
6 : 16352 16330 16339 28643 224634 28627 
6 : 16460 16454 16453 71319 40192 40175 
6 : 16462 16455 16452 90554 17945 17922 
6 : 16464 16478 16474 34241 34234 211644 
6 : 16465 16463 16481 16697 75390 16725 
6 : 16476 16475 16467 244172 112292 112290 
6 : 16490 16484 16493 73985 157332 73993 
6 : 16618 16617 3432 132798 3441 3439 
6 : 16634 16638 16626 242091 83633 83641 
6 : 16649 16643 16645 94226 131607 94223 
6 : 16663 16653 16644 221224 120976 120962 
6 : 16782 16766 16773 26922 86489 26902 
6 : 16845 16835 16833 131202 98391 98378 
6 : 16847 16832 16838 87603 171363 87591 
6 : 16937 16935 16939 133778 168321 133785 
6 : 16955 16957 16959 176283 176285 242394 
6 : 16960 16949 16962 100904 252398 100907 
6 : 17073 17069 17074 17443 170222 17446 
6 : 17091 17101 17106 150752 150757 233935 
6 : 17121 17123 17126 212972 212978 232708 
6 : 17154 17153 17135 265448 192905 192904 
6 : 17231 17236 17234 153173 153170 196197 
6 : 17241 17232 17242 188850 250904 188852 
6 : 17258 17250 17254 78909 149014 78903 
6 : 17276 17294 17270 146331 91642 91661 
6 : 17324 17339 17346 79309 79321 234867 
6 : 17385 17381 17390 60755 202579 60763 
6 : 17395 17407 17405 71479 71477 241822 
6 : 17402 17393 17392 34429 32641 32628 
6 : 17413 17431 17415 57713 57698 109546 
6 : 17416 17422 17411 124504 29562 29565 
6 : 17488 17487 17471 254995 141102 141100 
6 : 2295 17511 17496 2317 2299 87731 
6 : 17521 17522 17533 71718 71734 139382 
6 : 17523 17527 17532 185748 185756 218340 
6 : 17538 16967 17546 16979 190864 16987 
6 : 17539 17547 17541 197306 197292 207556 
6 : 17693 17688 17689 37236 96472 37230 
6 : 17695 17687 17694 32840 214576 32837 
6 : 17827 17828 17838 74626 74639 77189 
6 : 17836 17837 17843 229865 229870 240760 
6 : 17875 17860 17867 43064 118461 43053 
6 : 17992 17998 17997 187426 187425 234233 
6 : 18012 18016 18013 155225 155219 204396 
6 : 18022 18034 18036 22681 22682 209559 
6 : 18042 18041 18046 242135 251371 242141 
6 : 18150 18163 18165 18343 18344 262541 
6 : 18156 18155 18152 197309 110616 110615 
6 : 9836 18172 18181 9840 9852 68302 
6 : 18220 18237 18234 68200 68195 220640 
6 : 18318 18321 18325 83081 83088 223590 
6 : 18326 18324 1755 236053 1790 1781 
6 : 18366 18384 18382 65095 65094 261573 
6 : 18378 18368 18372 91096 109663 91083 
6 : 18458 18473 18464 38793 38783 157846 
6 : 18467 18461 18459 89671 54243 54233 
6 : 18481 18482 18483 31228 31229 33366 
6 : 18494 18502 18485 237471 135969 135987 
6 : 18496 18497 18498 244634 244635 253514 
6 : 18526 18515 18510 168020 120381 120360 
6 : 18552 18557 18538 237318 131063 131072 
6 : 18641 18655 18654 40808 40807 250071 
6 : 18643 18644 18658 115963 115976 151338 
6 : 18649 18647 18642 191698 103709 103704 
6 : 18674 18670 18686 145465 175255 145480 
6 : 18803 18805 15524 165888 15541 15546 
6 : 18824 18832 18838 196646 196653 254485 
6 : 18839 18853 18856 23790 23796 252950 
6 : 15652 18877 18885 15666 15677 214554 
6 : 18935 18943 18934 203424 182554 182573 
6 : 18939 8204 18945 8215 237297 8228 
6 : 18964 18949 18950 77367 114381 77348 
6 : 18985 18988 18980 257578 242959 242960 
6 : 19000 18992 19006 21013 137378 21018 
6 : 1609 19105 19103 1618 1615 153932 
6 : 19153 19152 19150 227883 221281 221280 
6 : 19243 19237 19242 72631 185164 72630 
6 : 19244 19239 19240 151483 162482 151474 
6 : 19269 19273 19271 51957 51955 78822 
6 : 19383 19390 19398 63194 63208 202000 
6 : 19391 19387 19394 178228 203024 178232 
6 : 19437 19428 19420 220562 106199 106186 
6 : 19554 19566 19565 158545 158544 260544 
6 : 19570 19567 19556 263176 185566 185562 
6 : 19595 19590 19594 154577 208829 154575 
6 : 19602 19599 19586 251576 30970 30966 
6 : 19612 19620 19619 112237 112236 162316 
6 : 19713 19708 19716 142346 236176 142354 
6 : 19725 19717 19721 63020 147284 63015 
6 : 13317 19741 19749 13323 13334 104231 
6 : 19766 19772 4173 182710 4190 4197 
6 : 19858 19860 19864 27954 27962 53685 
6 : 19863 19865 19872 97052 97058 205132 
6 : 19908 19915 19905 203581 192566 192586 
6 : 19913 19898 19897 74580 70166 70131 
6 : 19935 19929 19932 237181 246526 237179 
6 : 12419 20019 20022 12435 12441 210286 
6 : 20010 20020 20012 34516 34507 57902 
6 : 20023 20024 6720 264233 6753 6756 
6 : 20158 20163 20155 86145 41742 41753 
6 : 20179 20178 20187 183991 193808 184007 
6 : 20321 20324 20320 143349 141160 141169 
6 : 20348 20365 20368 121632 121635 258387 
6 : 20356 20359 20355 210282 204585 204590 
6 : 20361 20352 20360 161770 233329 161769 
6 : 20499 20508 20507 130136 130135 231756 
6 : 20506 20494 20504 33222 206530 33220 
6 : 20534 20520 20533 134538 258218 134536 
6 : 20575 20589 20593 73611 73619 232680 
6 : 20632 20638 20637 24366 24363 190789 
6 : 20635 20641 20640 151273 151270 244713 
6 : 20652 20658 20646 229872 149728 149744 
6 : 20714 20699 5743 153623 5775 5757 
6 : 20785 20792 20778 115339 31728 31738 
6 : 20794 20783 20795 93840 260147 93841 
6 : 1546 20796 20799 1548 1551 37516 
6 : 20802 20803 20810 121208 121221 162039 
6 : 20819 20820 20800 264479 97743 97744 
6 : 20838 20845 20856 43942 43955 151222 
6 : 20841 20859 20848 122404 122391 181417 
6 : 20942 20941 20945 30589 31486 30596 
6 : 20944 20954 20956 103646 103647 260449 
6 : 20948 20958 20946 170297 135959 135984 
6 : 20966 20962 20974 144800 217690 144811 
6 : 21000 20999 20995 254511 236667 236666 
6 : 21106 21099 21098 64594 54216 54195 
6 : 21129 21126 21124 197612 137975 137972 
6 : 21151 21143 21140 107621 52401 52393 
6 : 21267 21275 21268 165453 165451 203881 
6 : 21277 21273 21266 249229 106919 106910 
6 : 21279 21278 21284 27100 93761 27111 
6 : 21290 10181 21286 10195 227466 10192 
6 : 21325 21351 19507 82894 19512 19544 
6 : 21445 21446 21440 211403 132732 132740 
6 : 12802 21461 21453 12816 12806 124209 
6 : 21462 21463 21464 242714 242719 247906 
6 : 21510 21499 21495 89864 83407 83391 
6 : 21595 21586 21589 51862 81658 51845 
6 : 21604 21601 21614 25948 102702 25967 
6 : 21609 21611 21613 183787 183790 227753 
6 : 21617 21602 21605 38541 143069 38526 
6 : 7726 21628 21631 7744 7747 236392 
6 : 21629 10356 21632 10372 241612 10376 
6 : 21731 21727 21734 63470 169641 63478 
6 : 21735 21729 21738 142611 211883 142620 
6 : 21741 21740 21395 26979 21398 21396 
6 : 21754 21755 21743 261057 134706 134710 
6 : 21777 21775 21767 263096 192121 192117 
6 : 21918 21906 21908 162932 194589 162920 
6 : 21952 6844 21958 6849 127852 6858 
6 : 21957 21959 21947 198490 75130 75135 
6 : 22036 22049 22044 73346 73336 168750 
6 : 22039 22042 22050 123884 123893 160604 
6 : 22065 15115 22059 15130 121094 15122 
6 : 5406 22122 22107 5428 5412 86874 
6 : 22109 22110 22129 133404 133421 148448 
6 : 22210 22206 22208 171262 195291 171260 
6 : 22221 22218 22217 62928 55156 55147 
6 : 22280 22277 22271 106498 31085 31079 
6 : 22362 22359 22367 29360 147999 29380 
6 : 22365 22366 22363 191009 150675 150677 
6 : 22400 22392 22401 137633 258969 137638 
6 : 22407 4174 19341 4182 19354 4172 
6 : 22450 22430 22433 70269 111919 70253 
6 : 22508 22501 22498 69052 53969 53950 
6 : 22511 22504 22512 152064 264149 152066 
6 : 22514 22517 22513 51326 50066 50073 
6 : 22520 22515 22518 78268 185263 78266 
6 : 22687 22672 22692 107502 236967 107515 
6 : 22807 22820 22818 150948 150946 261791 
6 : 22821 22831 22838 85420 85427 220342 
6 : 22860 22866 22865 229315 229310 250432 
6 : 18246 22945 22944 18271 18270 258420 
6 : 22933 22943 13010 108977 13018 13039 
6 : 22939 22936 22938 176282 228894 176281 
6 : 22946 22934 22941 120350 241828 120342 
6 : 23107 23110 23106 258740 250686 250689 
6 : 23108 23105 23101 247101 209525 209518 
6 : 23119 23111 23125 28628 226509 28644 
6 : 23155 23173 23158 90604 90590 146762 
6 : 23270 23276 23271 224095 224087 229574 
6 : 23287 23288 23291 181280 181289 182093 
6 : 23296 23293 23283 244860 155795 155790 
6 : 23411 23399 23405 62121 185537 62108 
6 : 23412 23409 23401 213778 89234 89219 
6 : 23419 23426 23418 141131 128256 128272 
6 : 10430 23575 23572 10439 10436 85945 
6 : 23573 23581 23576 113376 113369 186284 
6 : 23583 23586 23591 94175 94178 188883 
6 : 23598 23589 23595 201059 254868 201053 
6 : 23716 23724 23718 37619 37609 81189 
6 : 23729 23731 23728 249886 247167 247169 
6 : 23730 23726 23725 238418 235712 235709 
6 : 23769 23767 23755 262763 162227 162224 
6 : 23879 23883 23877 163792 92292 92307 
6 : 23909 23915 23901 193174 68218 68229 
6 : 23953 23963 23945 119624 45094 45106 
6 : 23966 23946 23957 49487 159540 49477 
6 : 24008 24017 24014 37907 37903 184345 
6 : 24026 24013 24018 175471 238718 175460 
6 : 11403 10583 24041 10582 11415 10607 
6 : 24031 24039 24035 48743 48737 164784 
6 : 24042 24030 24036 41403 177788 41393 
6 : 24098 24103 24080 258934 121940 121943 
6 : 24187 24185 24186 224471 225300 224468 
6 : 24194 24201 24198 88451 88448 202725 
6 : 24207 24202 24204 251508 255732 251498 
6 : 24259 24285 24267 108415 108391 180643 
6 : 24331 24328 24327 135015 128490 128478 
6 : 24353 24346 24350 196927 234823 196918 
6 : 24354 3055 24339 3076 102860 3059 
6 : 24364 24375 24372 192355 192351 260489 
6 : 24471 24485 24477 67787 67772 154786 
6 : 24483 24472 24478 87115 168477 87106 
6 : 24489 24473 24482 98620 239829 98610 
6 : 24515 24514 24519 240848 241916 240853 
6 : 24635 24618 24633 39562 242506 39560 
6 : 24639 24650 24647 38392 38387 206913 
6 : 24641 24651 24644 108431 108418 147701 
6 : 24696 24688 24697 117260 212363 117262 
6 : 24766 24764 24761 244763 233449 233443 
6 : 24778 24770 24780 32770 157404 32772 
6 : 24783 24772 24776 78300 108459 78280 
6 : 24794 24801 24802 190578 190579 244267 
6 : 24829 24819 24837 110834 205146 110847 
6 : 5078 24875 24850 5110 5086 116903 
6 : 24928 24918 24927 133261 253184 133258 
6 : 24930 24931 18275 90692 18280 18289 
6 : 24937 24938 24939 185222 185224 203404 
6 : 25019 25030 25017 180155 146031 146050 
6 : 25080 25079 25076 167066 89146 89141 
6 : 25107 25116 25118 46943 46944 200149 
6 : 25240 25249 25241 197363 197357 197935 
6 : 25254 25265 25259 137486 137478 193785 
6 : 25257 25255 25262 159431 170508 159437 
6 : 25276 25269 25289 43943 159698 43959 
6 : 25286 25270 25278 44429 193447 44424 
6 : 25294 25313 25305 101538 101529 224820 
6 : 25308 25296 25302 113539 184028 113526 
6 : 25390 25386 25384 230947 204220 204214 
6 : 18660 25425 25435 18677 18689 184008 
6 : 25461 25443 25441 131044 115120 115093 
6 : 1920 25554 25563 1928 1944 145562 
6 : 22845 25551 25562 22847 22864 26682 
6 : 25564 25560 24104 225382 24135 24127 
6 : 25595 25592 25617 28853 143914 28867 
6 : 25693 25696 25685 174599 42354 42360 
6 : 25702 25711 25706 96776 96771 153817 
6 : 25709 25714 25705 188771 133245 133260 
6 : 11112 25851 25848 11127 11125 196614 
6 : 25850 25847 25855 190459 204305 190470 
6 : 25858 14259 25872 14264 86700 14280 
6 : 25860 25857 25861 53524 186173 53527 
6 : 25990 25987 25988 39841 67660 39840 
6 : 26000 25997 25998 211556 218976 211544 
6 : 3433 26139 26138 3451 3444 192207 
6 : 26134 26136 22745 89904 22752 22757 
6 : 26304 26303 26305 40719 59744 40720 
6 : 26327 26345 26342 94170 94167 263044 
6 : 26328 26329 26338 102645 102657 110219 
6 : 26332 26341 26331 156184 142284 142311 
6 : 26434 26436 26442 175484 175489 215960 
6 : 26440 26435 26438 215887 231641 215885 
6 : 26458 26456 26459 170173 206362 170176 
6 : 26461 26448 26451 43451 74527 43437 
6 : 26463 26446 26457 34727 196203 34719 
6 : 26464 26445 26465 31713 255077 31714 
6 : 26466 26462 26452 229992 92583 92573 
6 : 26506 26521 26498 182482 64433 64453 
6 : 25739 26603 26613 25745 25765 118088 
6 : 26622 26631 26620 191016 147989 148000 
6 : 26681 26676 24105 188863 24129 24121 
6 : 26726 26747 26742 67110 67104 257363 
6 : 26738 26733 26745 187990 238167 187994 
6 : 26740 26734 26727 203578 70161 70146 
6 : 26756 26758 21228 170724 21244 21249 
6 : 26781 26775 26776 259322 261434 259317 
6 : 26797 26789 26796 151075 245125 151074 
6 : 26875 26881 26873 257704 254414 254420 
6 : 22244 26889 26893 22259 22265 200782 
6 : 26901 26916 26910 69387 69383 200967 
6 : 26907 26266 26913 26278 168661 26286 
6 : 26945 26925 26932 57858 155181 57839 
6 : 27024 27020 27013 254336 109550 109545 
6 : 27027 27041 27040 45016 45015 253244 
6 : 27060 27048 27058 45358 226491 45349 
6 : 27173 27175 27182 160337 160347 215700 
6 : 27185 27188 3461 88890 3466 3470 
6 : 27237 27248 27246 107188 107186 177511 
6 : 27338 27335 27328 151933 29220 29207 
6 : 27359 27355 27367 89178 94417 89192 
6 : 27403 27407 27410 55970 55975 119005 
6 : 27465 27468 27470 148877 148881 230190 
6 : 27469 27471 27462 236955 57481 57488 
6 : 27481 27477 27474 225266 113224 113208 
6 : 27484 27473 27480 46111 259019 46105 
6 : 27513 27521 27523 170492 170496 232439 
6 : 27515 27531 27519 189609 189599 221173 
6 : 27601 27597 27605 99702 223235 99708 
6 : 27612 27615 27613 186105 186101 197813 
6 : 27617 27609 27620 95937 225735 95944 
6 : 27627 27637 27646 76629 76639 174153 
6 : 27742 27747 27743 51963 51954 59749 
6 : 27745 27741 27753 51152 86922 51169 
6 : 27784 27787 27793 102383 102385 170765 
6 : 27792 27803 27805 188067 188070 263604 
6 : 27839 27835 27847 37747 79669 37757 
6 : 27915 27922 27911 102210 60931 60948 
6 : 27923 27924 27920 259290 251768 251770 
6 : 28062 28061 28058 121552 48047 48037 
6 : 28074 28072 28066 255416 216335 216328 
6 : 28094 28095 28091 263621 254571 254572 
6 : 28201 28189 14749 69324 14777 14754 
6 : 28202 28192 28194 165883 192741 165871 
6 : 28215 28214 28209 244178 177253 177244 
6 : 28258 28256 28247 200275 146969 146966 
6 : 28345 28344 28343 83003 55613 55612 
6 : 28351 28349 28355 170736 188145 170752 
6 : 28377 28362 28378 123059 260000 123061 
6 : 28385 28392 14559 116128 14568 14586 
6 : 28393 28395 28383 252842 94480 94484 
6 : 28495 27376 28508 27382 117566 27398 
6 : 28506 28505 28494 238175 85368 85365 
6 : 28509 28507 28504 250996 228982 228977 
6 : 28525 28529 15352 228122 15374 15377 
6 : 28652 26143 28651 26168 254064 26167 
6 : 28658 28657 28647 262773 165922 165920 
6 : 28666 28677 28672 103844 103829 162366 
6 : 28676 28668 28669 123702 131849 123687 
6 : 28680 6990 28682 7000 136461 7005 
6 : 28684 28689 28678 192785 56778 56782 
6 : 28685 28688 28693 217821 217828 225552 
6 : 28727 28738 28733 72879 72871 149530 
6 : 28792 28796 28793 166868 166863 170191 
6 : 28801 28806 28818 33537 33557 151550 
6 : 28807 28802 28815 52432 152781 52444 
6 : 28811 28804 28810 101767 209073 101766 
6 : 28955 28947 28954 89821 178604 89818 
6 : 28971 28966 28969 166740 185287 166737 
6 : 28979 28987 29001 46950 46952 244129 
6 : 29106 29107 29120 51153 51174 92397 
6 : 29108 29115 29105 109885 35623 35643 
6 : 29121 29112 29113 151108 168650 151088 
6 : 29134 29128 19438 154126 19464 19451 
6 : 29156 29153 29160 135442 163723 135448 
6 : 29169 17756 29148 17786 72302 17759 
6 : 29199 29180 29176 134235 78176 78153 
6 : 29428 29426 29425 185285 181406 181401 
6 : 1049 29446 29447 1065 1066 228119 
6 : 29603 29610 29607 193003 193000 232776 
6 : 29758 29766 29769 113289 113293 244395 
6 : 524 14873 29775 522 535 14891 
6 : 29773 29778 29784 119104 119113 213787 
6 : 29774 29787 29779 148397 148386 223278 
6 : 29793 29795 29799 147321 147326 173144 
6 : 29798 29789 29807 65517 207689 65531 
6 : 29837 29844 29850 91646 91650 161051 
6 : 29912 29905 29910 187372 256966 187369 
6 : 29919 29936 29926 87927 87914 221692 
6 : 29930 29932 29927 252967 234912 234917 
6 : 30088 30085 30081 205505 47007 46999 
6 : 30094 30111 30115 104310 104314 258186 
6 : 30095 30110 30100 127696 127684 182828 
6 : 30096 30099 30109 146090 146100 165789 
6 : 30130 30129 6358 207129 6381 6378 
6 : 30132 30120 3289 82038 3318 3296 
6 : 30133 30126 30140 178304 248932 178308 
6 : 30138 30137 30123 258142 129221 129220 
6 : 30241 30229 30227 141436 76564 76547 
6 : 30242 30246 30245 259050 259047 264916 
6 : 30267 30264 30249 260329 69295 69293 
6 : 30293 30275 30294 42068 243964 42070 
6 : 30374 30382 30372 68409 50068 50085 
6 : 30378 30383 30376 122025 105171 105190 
6 : 695 25340 30392 694 703 25349 
6 : 30476 30480 30484 234671 234674 244122 
6 : 30487 30482 30475 256628 227404 227396 
6 : 30537 30535 30540 164849 183973 164862 
6 : 30558 30555 30561 184297 211611 184300 
6 : 30572 30581 30587 131214 131221 204163 
6 : 30687 30691 30690 48537 48534 184817 
6 : 30735 30742 30743 117576 117578 166013 
6 : 30828 30838 30827 200197 192204 192225 
6 : 30833 30837 30835 250525 250522 261237 
6 : 30848 30850 30847 187948 185093 185094 
6 : 30877 30863 3834 88529 3862 3838 
6 : 30984 30991 30981 108626 58989 59008 
6 : 30999 31011 31013 135182 135186 241879 
6 : 31001 31014 30997 142781 61485 61510 
6 : 31006 31002 30996 161837 46851 46843 
6 : 31030 31040 31034 203937 203929 252222 
6 : 31035 27781 31024 27798 149648 27786 
6 : 31181 31188 31178 118436 82723 82730 
6 : 31215 31225 19669 191027 19689 19697 
6 : 31307 31300 31312 149143 237548 149153 
6 : 31452 31449 31450 45496 79199 45487 
6 : 31477 31469 31478 184609 252453 184613 
6 : 31520 31513 31521 158122 248040 158123 
6 : 31535 31547 31538 90674 90664 136395 
6 : 31541 31560 31533 145161 53688 53713 
6 : 31601 31600 31598 163431 110585 110582 
6 : 31605 31608 31602 242741 203974 203977 
6 : 31615 7605 31614 7613 81517 7611 
6 : 31619 31625 30491 121392 30500 30526 
6 : 31623 31617 31616 113181 110118 110103 
6 : 31762 31759 31767 119146 156299 119157 
6 : 31784 31777 31790 120687 237629 120696 
6 : 31785 31786 31787 239207 239208 248579 
6 : 31788 31774 31783 100906 215268 100897 
6 : 31922 31931 31928 146914 146910 251150 
6 : 31938 31937 10741 193485 10764 10758 
6 : 31940 31939 31935 240047 173663 173662 
6 : 31941 31932 31934 78378 169793 78361 
6 : 31952 31947 31944 125223 85483 85466 
6 : 32092 32085 32095 80660 191511 80665 
6 : 32107 32117 32112 155533 155525 239323 
6 : 32248 32244 32261 52425 97970 52446 
6 : 32252 32257 32243 180422 47231 47244 
6 : 2655 32267 32283 2656 2674 44488 
6 : 32306 32322 32295 234907 131243 131254 
6 : 32397 32396 32394 192595 126965 126960 
6 : 32398 32391 32400 93177 241551 93180 
6 : 32410 32420 32417 142938 142933 228635 
6 : 32438 20125 32446 20140 222436 20153 
6 : 32447 32440 32433 242465 121817 121802 
6 : 32623 32619 32605 234283 94237 94234 
6 : 32710 32719 32713 172182 172172 184923 
6 : 32720 32708 32721 140349 261390 140350 
6 : 32727 32737 32730 129821 129814 157847 
6 : 32757 32759 32751 255831 165916 165919 
6 : 349 32856 18419 355 347 18424 
6 : 32862 32863 32864 227330 227331 259822 
6 : 32867 32870 32873 53386 53392 78283 
6 : 32882 32869 32878 68503 238507 68497 
6 : 32919 9807 32920 9825 234620 9826 
6 : 32935 25767 32932 25784 119637 25778 
6 : 32991 32997 32994 37732 37731 108970 
6 : 33004 33000 32998 245562 185209 185199 
6 : 33016 33006 33013 108033 252059 108026 
6 : 33039 33024 33030 114863 190713 114851 
6 : 33178 33182 33175 249085 153509 153514 
6 : 33200 33201 33196 265104 247445 247446 
6 : 33297 33302 33301 142699 142692 253709 
6 : 33327 33322 26523 83218 26539 26528 
6 : 33356 33365 33348 245764 202340 202355 
6 : 33441 33445 33452 41327 41346 117382 
6 : 33459 33455 33443 259399 102350 102347 
6 : 33462 33473 33474 103182 103183 248185 
6 : 33611 33604 33606 199609 214585 199596 
6 : 33619 33614 33615 110732 119523 110729 
6 : 33620 33633 33627 148806 148794 195626 
6 : 33626 33635 33617 195193 132282 132297 
6 : 33664 33673 33665 174647 174641 196379 
6 : 33668 33666 33670 217231 223634 217233 
6 : 33746 33754 33745 62578 54374 54393 
6 : 33900 33916 33909 151936 151928 224297 
6 : 33921 33924 33926 123917 123919 155432 
6 : 33922 33929 33927 131898 131890 196737 
6 : 33925 33930 33920 161706 121741 121754 
6 : 33940 33949 33950 147757 147758 240739 
6 : 33948 33947 33939 231912 143487 143486 
6 : 34063 18661 34060 18668 115092 18664 
6 : 34079 34076 34077 174501 194958 174496 
6 : 34096 34101 34094 246001 231448 231456 
6 : 34110 34119 34116 139225 139220 203233 
6 : 34134 34135 34136 114083 114091 129255 
6 : 34192 20870 34196 20894 248072 20897 
6 : 34211 34207 34204 216293 195636 195633 
6 : 34240 17188 34219 17217 49669 17189 
6 : 34294 34281 34283 144344 187002 144335 
6 : 34352 34360 34363 113555 113566 232382 
6 : 34362 34355 34359 179677 222692 179670 
6 : 34365 34385 34378 66483 66476 231068 
6 : 34433 13012 34439 13034 237395 13041 
6 : 34488 34486 34501 37359 100972 37368 
6 : 34492 34494 34503 184513 184522 207723 
6 : 34506 34526 34518 43579 43571 233341 
6 : 34525 34520 34513 243566 183478 183469 
6 : 34527 34542 34533 50790 50775 150588 
6 : 34530 34534 34536 100874 100880 154035 
6 : 34535 34532 34548 140205 155833 140228 
6 : 34586 34589 34592 142020 142022 183537 
6 : 34643 34636 440 156450 472 451 
6 : 34703 34693 34681 254797 119376 119369 
6 : 34748 34745 34737 197069 128271 128263 
6 : 34806 34807 34800 237555 84413 84416 
6 : 34814 34827 34828 163123 163124 264641 
6 : 34831 34837 34842 115269 115275 191247 
6 : 34834 34832 34838 125273 153154 125279 
6 : 34854 34863 34865 153897 153899 235506 
6 : 34967 34968 34965 155835 145035 145036 
6 : 35012 35004 35028 50724 153838 50733 
6 : 35104 35111 35098 180889 75457 75472 
6 : 35106 35109 35108 186393 186391 212026 
6 : 35124 35117 35127 65233 221726 65241 
6 : 35130 35136 35139 71366 71370 242502 
6 : 35142 35159 35150 50627 50617 147089 
6 : 35160 35145 35153 71367 160867 71356 
6 : 4854 35240 35246 4859 4871 112342 
6 : 35258 35271 35265 197659 197657 238568 
6 : 35379 35383 35391 61544 61552 143519 
6 : 35398 35399 35401 45565 45569 67905 
6 : 35404 35412 35415 186118 186120 256322 
6 : 35405 35400 35410 95104 186959 95114 
6 : 35465 35456 35470 197488 237672 197494 
6 : 24656 35508 35513 24657 24667 39583 
6 : 35517 35515 8929 176850 8954 8945 
6 : 35527 35534 35526 198871 195387 195405 
6 : 35664 35666 35662 70225 51177 51179 
6 : 35674 35683 35671 188159 158140 158159 
6 : 35682 35680 35665 248124 86764 86759 
6 : 35685 35691 35687 67995 67994 133486 
6 : 35696 35692 35699 185159 248691 185163 
6 : 35702 35711 35725 44627 44641 169897 
6 : 35703 35704 35709 62354 62361 95585 
6 : 35705 35724 35717 106168 106161 226544 
6 : 35715 35707 35708 121506 151284 121502 
6 : 35826 35835 35828 57415 57399 155469 
6 : 35840 35856 35849 88624 88617 248505 
6 : 35850 35855 35841 255634 112077 112081 
6 : 35863 35858 35875 53547 176163 53565 
6 : 35880 35897 35896 40334 40333 246009 
6 : 35890 35902 35893 191630 191617 231973 
6 : 35967 35974 35971 112687 112683 208404 
6 : 35981 35980 35993 89469 90040 89489 
6 : 35986 15923 35989 15932 158167 15935 
6 : 35988 35992 35987 182182 159917 159926 
6 : 36015 36004 36005 252026 254259 252018 
6 : 36134 36129 36141 103477 181109 103486 
6 : 36143 36132 36145 125377 251166 125379 
6 : 36146 36162 36149 39532 39519 47112 
6 : 36153 36152 36151 117928 86209 86207 
6 : 36157 5247 36167 5260 168524 5271 
6 : 36263 36268 36262 114580 46077 46104 
6 : 36276 36286 36275 167038 165924 165939 
6 : 36306 36305 36295 235360 106083 106082 
6 : 36354 36351 36349 194580 170660 170657 
6 : 36411 6722 36410 6739 210898 6735 
6 : 36419 36418 36425 108417 145024 108427 
6 : 36432 36444 36441 61854 61848 189395 
6 : 36451 36443 36434 227090 109552 109537 
6 : 36468 36455 36472 52569 253791 52574 
6 : 36513 36504 36525 55155 137255 55173 
6 : 36539 36540 36538 263702 257868 257869 
6 : 36542 36535 36530 249477 176118 176107 
6 : 34606 36553 36560 34614 34624 165256 
6 : 36558 36562 36555 223405 199024 199031 
6 : 28820 36599 36594 28829 28823 96475 
6 : 36597 36602 5277 169012 5292 5308 
6 : 36624 36636 3957 188805 3974 3990 
6 : 36680 28156 36673 28183 198211 28168 
6 : 36703 36711 36726 59350 59364 194663 
6 : 36715 36705 36723 69922 217462 69935 
6 : 36836 36840 21230 168153 21243 21255 
6 : 36839 36842 36845 213964 213966 263739 
6 : 36849 36855 36862 120670 120675 218726 
6 : 36863 36859 36846 254770 58587 58581 
6 : 36868 36878 36875 154604 154598 210158 
6 : 36879 36873 36887 201616 243505 201623 
6 : 36993 37001 36999 112504 112500 205200 
6 : 37003 36998 36995 204037 179465 179460 
6 : 37009 37017 37012 43531 43529 207979 
6 : 37013 37014 37011 224467 183436 183437 
6 : 37020 37021 37023 263532 263533 265152 
6 : 37038 37031 37039 178927 231031 178928 
6 : 37151 37159 37147 227979 187573 187582 
6 : 37181 37189 37180 174736 173179 173191 
6 : 37207 37213 37210 153634 153630 187905 
6 : 37315 37319 37318 40489 40484 81936 
6 : 37321 37320 37317 141064 81648 81643 
6 : 37414 37417 37419 78219 78226 115069 
6 : 37428 37415 37413 93460 57197 57175 
6 : 37443 37435 37437 91337 121304 91327 
6 : 37582 37583 37581 255766 223464 223465 
6 : 37588 37584 37598 41544 105263 41554 
6 : 37601 37595 37590 219251 154070 154061 
6 : 37603 37597 37586 235093 84450 84438 
6 : 37738 37745 32629 241831 32646 32660 
6 : 37739 37742 37737 243222 237387 237388 
6 : 37743 37730 37736 104101 228900 104093 
6 : 37769 37746 37749 63588 104971 63565 
6 : 37786 37788 37780 222301 96559 96565 
6 : 37797 37796 37789 265305 243056 243055 
6 : 37860 37869 37871 112158 112164 256110 
6 : 37861 37868 37863 138451 138446 183385 
6 : 15986 37965 37969 16007 16014 253096 
6 : 38020 38027 38031 192667 192674 244216 
6 : 38091 38092 38098 196008 196016 209906 
6 : 38152 38163 38157 232809 232802 259673 
6 : 38218 38229 38221 194425 194415 232632 
6 : 38230 38228 38220 263689 214662 214659 
6 : 38274 38286 38290 136377 136379 248793 
6 : 38297 38305 38298 77995 77974 80170 
6 : 38323 38307 38312 62669 149995 62649 
6 : 38453 7507 38449 7539 241536 7533 
6 : 38469 38458 38455 150045 96089 96080 
6 : 38617 38610 38609 197057 187095 187085 
6 : 38620 38606 38615 99070 237505 99058 
6 : 38632 38635 38625 258487 140673 140681 
6 : 38660 38659 38644 235138 120621 120616 
6 : 38673 38680 38685 207257 207260 250817 
6 : 38766 38763 29964 163535 29989 29982 
6 : 38777 38774 38778 137590 219545 137592 
6 : 38787 38801 38790 205598 205586 231577 
6 : 38815 38820 38818 173016 173009 192363 
6 : 38890 38895 38897 124732 124733 261021 
6 : 38893 38900 38894 216821 216812 230070 
6 : 38930 38928 23060 221053 23082 23074 
6 : 38935 38932 38922 249476 153827 153820 
6 : 38988 38987 38985 245734 235770 235769 
6 : 39024 39022 39023 73574 101417 73570 
6 : 39052 39056 39059 192070 192075 248196 
6 : 39061 39050 39058 148720 258553 148712 
6 : 39117 39104 39099 207417 163049 163038 
6 : 39167 39168 31883 242708 31913 31914 
6 : 39178 39179 39174 211239 162212 162213 
6 : 39318 39322 39321 184533 184532 213063 
6 : 39330 39326 39324 252369 240228 240219 
6 : 39341 39331 19016 40853 19039 19017 
6 : 39349 39332 7606 45508 7631 7609 
6 : 39354 39373 39352 121025 54051 54072 
6 : 39367 39362 39366 180131 223651 180130 
6 : 39370 39364 39356 192627 138929 138921 
6 : 39374 39381 39394 46650 46662 190261 
6 : 39474 39467 39478 166957 256212 166961 
6 : 39487 39484 39501 154946 224320 154963 
6 : 39535 5248 39525 5268 138747 5258 
6 : 39619 39621 39624 157379 157382 197566 
6 : 39620 39629 39623 163984 163978 202551 
6 : 39627 39617 39616 73512 63108 63090 
6 : 39637 39636 39649 125554 133499 125579 
6 : 39639 39631 39651 64521 183597 64539 
6 : 39756 24876 39755 24901 209754 24900 
6 : 24580 39910 39917 24596 24602 191707 
6 : 39911 39915 39908 194252 151322 151333 
6 : 39924 39933 39929 104862 104855 199491 
6 : 39930 39932 39936 204035 204043 217854 
6 : 39959 39939 39950 71033 197556 71023 
6 : 40066 40068 40060 263813 142963 142968 
6 : 40085 40069 40074 48024 143549 48016 
6 : 40095 23279 40114 23280 53489 23302 
6 : 40128 40140 40129 218371 218362 223281 
6 : 15323 40397 40399 15331 15334 187986 
6 : 40401 40395 40398 166780 204128 166766 
6 : 40420 40413 40411 164767 149639 149633 
6 : 40430 40441 40440 40670 40669 201285 
6 : 40521 40524 40522 74534 74533 87854 
6 : 40523 40525 40530 105407 105420 120589 
6 : 40538 40541 40536 165158 78691 78698 
6 : 40551 40566 40557 109713 109701 176498 
6 : 40561 40560 34874 228580 34896 34891 
6 : 40562 40555 40565 165940 255577 165943 
6 : 40578 40571 34445 128792 34465 34451 
6 : 40586 40573 40587 170111 261844 170114 
6 : 40647 40656 40646 190219 188426 188443 
6 : 40685 40688 40682 224254 191033 191038 
6 : 40690 40687 40691 226719 255230 226721 
6 : 40783 40788 40020 119106 40027 40044 
6 : 24581 40813 40801 24606 24598 199670 
6 : 34734 40834 40820 34756 34738 134321 
6 : 40827 40831 40826 234428 225607 225616 
6 : 9984 40841 40849 9989 9998 81522 
6 : 40872 40870 40884 124934 136699 124945 
6 : 40948 40945 40936 223710 152502 152500 
6 : 40955 40965 40962 71941 71939 248977 
6 : 40960 40959 40958 155346 151518 151508 
6 : 40971 40970 40989 119120 136573 119143 
6 : 40990 41002 40995 64502 64495 124208 
6 : 40996 40997 12577 138024 12586 12589 
6 : 41082 41073 41076 97486 178783 97480 
6 : 41128 41133 4922 118986 4926 4931 
6 : 41141 41138 41132 242842 159130 159127 
6 : 41224 41212 41213 54047 56792 54029 
6 : 41230 41226 41237 64406 184187 64422 
6 : 38231 41246 41242 38249 38240 108784 
6 : 41240 41247 41239 47687 45782 45794 
6 : 4439 41355 41361 4442 4454 66830 
6 : 41371 41382 41380 186806 186804 248950 
6 : 41520 41510 41511 169196 169288 169179 
6 : 41525 41519 41512 242038 177526 177518 
6 : 41578 41573 41565 223975 121226 121220 
6 : 41583 41601 41593 44491 44484 197569 
6 : 41659 41668 41657 146016 130932 130942 
6 : 41775 41782 41779 134205 134195 179374 
6 : 41796 41807 41803 199098 199088 247675 
6 : 41933 41944 41941 50565 50558 222072 
6 : 41948 41947 41953 48190 114022 48198 
6 : 41977 41978 41288 235580 41309 41310 
6 : 42043 278 42032 303 176870 288 
6 : 42080 42093 42089 96415 96412 257455 
6 : 42086 42091 42083 203423 180688 180706 
6 : 42087 42092 42078 215020 49079 49093 
6 : 42103 42104 42099 134596 111535 111536 
6 : 42107 42095 42094 72135 49374 49357 
6 : 14818 42168 20407 14819 14817 20411 
6 : 42234 42236 42229 154309 47765 47766 
6 : 42251 42250 42258 148037 173337 148055 
6 : 42254 42256 42245 233298 64440 64448 
6 : 42393 42394 42390 227539 176682 176683 
6 : 42435 42448 42439 76893 76882 139688 
6 : 42536 42532 42533 50251 54346 50248 
6 : 42559 42553 37105 150063 37138 37121 
6 : 42568 42576 42575 159558 159557 231582 
6 : 23260 42654 42644 23278 23268 173176 
6 : 42646 42649 42655 185314 185320 244109 
6 : 42809 42810 42811 185911 185918 189027 
6 : 18662 42840 42847 18679 18687 209166 
6 : 42985 42966 42981 59357 233194 59354 
6 : 43088 43090 43098 177678 177686 198049 
6 : 43115 43112 43107 207913 135510 135497 
6 : 43124 43125 43134 178850 178870 179874 
6 : 43146 43154 43138 160219 73866 73873 
6 : 43159 43148 43149 164597 179290 164585 
6 : 43226 43224 43232 107714 115291 107725 
6 : 43227 43231 43233 143529 143532 188964 
6 : 43240 43243 43230 256264 188195 188200 
6 : 43253 27561 43265 27574 200939 27588 
6 : 43283 43278 43284 223448 255830 223451 
6 : 43291 43295 43297 152056 152057 226365 
6 : 43381 43387 43388 120065 120067 258897 
6 : 43386 33637 4137 33653 4157 4134 
6 : 43459 43483 43481 53904 53903 262520 
6 : 43520 43525 43518 101594 65537 65546 
6 : 43686 31652 43674 31684 104698 31657 
6 : 43709 43707 43723 66099 106167 66115 
6 : 43839 43830 43835 197462 248734 197456 
6 : 42017 43850 43857 42019 42034 54089 
6 : 43872 43457 43889 43463 95799 43480 
6 : 43984 43972 43982 54628 198362 54622 
6 : 44027 44025 44034 220294 232572 220308 
6 : 44073 44092 44078 190359 190344 224636 
6 : 44104 44108 44098 237583 203388 203396 
6 : 44109 44103 44097 231986 163758 163748 
6 : 44122 44123 239 255236 266 268 
6 : 44173 44161 44169 231518 249549 231511 
6 : 8822 44244 44249 8830 8831 198382 
6 : 44262 7608 44263 7632 262347 7633 
6 : 44286 44274 44273 198427 191860 191851 
6 : 17086 44395 44393 17094 17090 146555 
6 : 44398 44402 44399 201830 201826 202693 
6 : 44542 44541 44551 141044 166858 141055 
6 : 44548 44543 44540 179075 110380 110374 
6 : 44608 44598 44609 46501 178457 46502 
6 : 44678 44687 44690 84418 84421 257480 
6 : 44736 44747 44741 173841 173837 228214 
6 : 44742 44731 44752 52328 233261 52337 
6 : 44833 44830 44831 251139 255862 251137 
6 : 44868 44861 35794 243196 35822 35815 
6 : 34218 44878 44872 34224 34220 49898 
6 : 44877 44884 10125 73168 10130 10150 
6 : 44972 44975 44977 244997 245000 261424 
6 : 44974 44973 44969 249419 169892 169890 
6 : 44976 44968 44978 113471 261503 113475 
6 : 45002 45012 45013 166169 166170 241486 
6 : 21005 45138 45134 21026 21020 230014 
6 : 45183 45181 45180 213335 201907 201905 
6 : 45290 45295 45292 171636 171631 212690 
6 : 18023 45309 45305 18039 18035 212572 
6 : 45304 45310 45312 208822 208826 261539 
6 : 19896 45316 45331 19901 19914 117952 
6 : 45328 45325 45322 249613 231955 231954 
6 : 45367 45372 45381 166386 166395 227818 
6 : 45382 45379 45373 259315 228196 228193 
6 : 45421 45420 45415 247358 115943 115936 
6 : 45424 45422 45428 61587 86695 61603 
6 : 45434 45433 45425 256362 113541 113540 
6 : 45457 45449 45441 225282 125804 125795 
6 : 45563 45561 45555 255239 169878 169874 
6 : 45708 45703 45705 215179 235882 215173 
6 : 45750 45752 35730 258139 35753 35757 
6 : 45458 45781 45757 45484 45460 62054 
6 : 45873 15947 45877 15965 237193 15972 
6 : 45878 45874 45864 246179 53941 53931 
6 : 45885 45889 45895 197369 197385 213779 
6 : 45997 45988 46000 101407 226336 101414 
6 : 46002 45990 45992 140871 187933 140857 
6 : 46014 17916 46020 17933 225758 17943 
6 : 46017 46023 46018 256116 256113 257057 
6 : 46034 46035 46025 207250 55420 55422 
6 : 46160 46175 46183 101548 101559 209812 
6 : 46187 46193 46200 149133 149151 193943 
6 : 46197 46191 46189 184867 158928 158920 
6 : 46223 46212 46206 150060 65671 65662 
6 : 1968 46306 46303 1982 1978 199986 
6 : 46302 46304 46300 158026 75184 75191 
6 : 46440 46438 46448 118372 159006 118388 
6 : 46466 46463 46460 262877 244772 244768 
6 : 46471 46473 46482 150294 150308 166188 
6 : 46593 46588 46591 70521 122273 70518 
6 : 46600 46601 46598 264575 258952 258954 
6 : 46603 46613 46606 63432 63415 129948 
6 : 10820 27203 46632 10818 10840 27228 
6 : 46729 8573 46736 8576 118994 8589 
6 : 46730 46732 46737 123542 123550 160692 
6 : 46746 46740 46742 108965 181663 108954 
6 : 46750 46743 46752 202816 264903 202818 
6 : 46763 46775 46753 182384 56207 56229 
6 : 46767 46772 46762 229889 168709 168713 
6 : 46813 20664 37682 20672 37687 20660 
6 : 46869 46880 46873 55395 55390 147895 
6 : 46887 46875 46876 159742 166616 159721 
6 : 46903 46900 46895 253041 141440 141437 
6 : 46913 46915 46918 136812 136815 172117 
6 : 46916 46929 46924 196095 196091 252068 
6 : 46920 46925 46909 243128 103714 103718 
6 : 46932 46938 46948 115615 115626 162392 
6 : 47033 47041 47030 134642 108654 108666 
6 : 47037 47039 47036 195787 186041 186044 
6 : 47059 47070 15450 194645 15470 15485 
6 : 47166 47171 15688 177826 15696 15705 
6 : 47182 47191 47194 103539 103542 243202 
6 : 47204 47214 47215 221481 221483 259638 
6 : 47322 47331 47334 73733 73735 168011 
6 : 47325 47338 47345 102605 102610 232324 
6 : 47330 47340 47337 160022 160018 225328 
6 : 47343 12235 47341 12265 238548 12262 
6 : 47354 47360 47364 224902 224905 261900 
6 : 47375 47376 47380 169958 169964 179621 
6 : 47383 44502 47369 44534 111803 44508 
6 : 47498 14225 47507 14240 211181 14255 
6 : 47502 47508 47499 246147 215990 216001 
6 : 47641 47644 47649 52373 52382 111195 
6 : 47659 47670 47674 113310 113317 259623 
6 : 38516 47792 47790 38533 38523 116169 
6 : 47801 47804 47798 158619 71098 71105 
6 : 47806 47808 47803 213745 191523 191527 
6 : 47831 207 9238 230 9272 204 
6 : 47835 47840 47854 76948 76963 125971 
6 : 47855 47852 19672 240034 19698 19695 
6 : 47930 47937 47932 116707 116693 146676 
6 : 47936 47929 47931 107151 141106 107126 
6 : 47940 47952 45816 146126 45822 45852 
6 : 47948 47953 47945 245529 205047 205054 
6 : 48000 47994 47991 201048 196218 196212 
6 : 48083 48077 48079 73214 99145 73204 
6 : 48085 48084 48088 222515 232871 222521 
6 : 48097 48098 48099 251467 251469 258436 
6 : 48236 45022 48231 45047 206460 45032 
6 : 48242 48241 47123 146343 47143 47133 
6 : 48258 48257 3959 171209 3972 3971 
6 : 48266 48259 48250 188801 55745 55737 
6 : 48382 48381 48377 181616 121325 121324 
6 : 48390 48392 48405 50821 50835 97804 
6 : 48402 48407 48400 233639 231757 231762 
6 : 48403 14407 48401 14428 232385 14427 
6 : 48510 48505 48511 241130 264198 241131 
6 : 48518 48519 48514 232424 177861 177862 
6 : 48533 48541 48540 179252 179250 210760 
6 : 48568 48572 48556 227429 99674 99677 
6 : 48666 48663 48664 246497 247325 246493 
6 : 48732 48735 48738 97065 97068 146410 
6 : 48820 48807 29866 124956 29896 29872 
6 : 48822 48821 48812 264275 206923 206922 
6 : 48964 48970 48972 110660 110664 234636 
6 : 48981 48983 48976 194289 53551 53553 
6 : 48992 48876 48978 48900 139471 48880 
6 : 24684 49005 49009 24691 24695 162075 
6 : 3754 49100 49109 3758 3770 129923 
6 : 49097 49104 49105 53476 53479 172703 
6 : 49098 49111 49102 114589 114564 151206 
6 : 49116 49115 49114 183304 144222 144221 
6 : 49122 39994 49117 40016 213275 40010 
6 : 49143 49127 49144 143281 258596 143283 
6 : 49245 49246 49247 121966 121968 171641 
6 : 49281 49284 49290 117805 117811 183067 
6 : 49402 49394 49390 222729 198235 198221 
6 : 19608 49417 49415 19625 19624 225997 
6 : 49409 49404 49410 70502 168343 70504 
6 : 49540 49548 49538 109516 50357 50374 
6 : 49566 49554 49562 112695 208638 112684 
6 : 49575 49580 49573 239991 229733 229739 
6 : 49583 49577 49574 248493 239329 239318 
6 : 20069 49681 49688 20073 20087 85426 
6 : 49679 49690 49687 78894 78888 243047 
6 : 49704 49695 42018 128235 42036 42026 
6 : 49740 49742 49759 115980 115996 124978 
6 : 49771 49778 49761 213540 52161 52177 
6 : 49819 49818 49836 60348 66278 60379 
6 : 49828 49833 49825 184083 116535 116548 
6 : 28588 49848 49844 28600 28598 175643 
6 : 49966 49962 49956 194812 119985 119979 
6 : 49970 49981 49986 93489 93495 245922 
6 : 49972 49980 49978 107067 107065 181962 
6 : 49988 49974 49976 118181 155213 118165 
6 : 50004 49997 50002 160019 208625 160012 
6 : 50099 50098 50107 164890 168187 164908 
6 : 50104 50103 50102 218363 213784 213782 
6 : 50126 50135 24108 116661 24114 24128 
6 : 50134 50124 50136 96964 214602 96973 
6 : 50139 50138 50129 260541 161379 161375 
6 : 50232 50242 50233 140329 140311 141949 
6 : 50240 50234 50239 147231 212754 147228 
6 : 50307 50311 50309 253923 253922 264279 
6 : 50395 50398 50384 259378 163836 163841 
6 : 50404 50412 50419 141492 141498 209666 
6 : 50415 50407 50400 163046 93833 93822 
6 : 50416 50402 50409 115344 200370 115336 
6 : 50430 50421 50437 71190 165272 71197 
6 : 50435 50427 50444 119625 217096 119630 
6 : 50560 50562 50554 240815 168476 168479 
6 : 50676 50675 50682 68345 108395 68359 
6 : 40431 50697 50712 40433 40448 69031 
6 : 50705 50707 50700 197124 96583 96587 
6 : 50816 50801 50813 74030 246578 74021 
6 : 1969 50828 50829 1980 1983 221821 
6 : 19739 22849 50850 19736 19747 22858 
6 : 50846 50851 50856 146711 146720 225024 
6 : 50950 50947 50949 156051 190514 156047 
6 : 50955 50954 20279 261254 20311 20310 
6 : 50963 15602 50960 15618 112178 15606 
6 : 50966 50957 10551 90062 10575 10556 
6 : 50984 50988 50978 207324 119253 119259 
6 : 51103 51102 51106 107101 114554 107112 
6 : 51249 51245 51247 135036 199196 135034 
6 : 51273 51285 51279 59886 59880 229271 
6 : 51313 51323 51318 252243 252239 259093 
6 : 51388 51392 51395 131645 131647 180445 
6 : 51394 51385 51389 117604 131809 117600 
6 : 51423 51431 13183 229137 13205 13214 
6 : 51436 51445 51447 71359 71362 177219 
6 : 51578 51576 51584 199171 241680 199176 
6 : 51581 51586 33399 252294 33430 33439 
6 : 51678 51679 51680 201658 201659 206450 
6 : 51688 51681 51669 224767 130853 130840 
6 : 51700 51693 51705 65383 171462 65386 
6 : 51708 51699 51702 165326 203308 165320 
6 : 51781 51774 51783 97517 239620 97524 
6 : 51782 51776 51780 132380 237930 132379 
6 : 51797 51803 51808 74115 74124 139686 
6 : 51800 49353 51810 49359 97741 49377 
6 : 51801 51809 51796 106146 58836 58856 
6 : 51946 51932 51944 82330 238617 82325 
6 : 52068 52064 1111 137711 1126 1120 
6 : 52077 52075 52070 140292 53093 53089 
6 : 52086 52071 52091 65735 223646 65741 
6 : 52097 52100 52111 131687 131699 182437 
6 : 52229 52227 52225 137309 60283 60279 
6 : 52234 52240 52231 228518 215461 215478 
6 : 52256 52245 52246 97717 114370 97708 
6 : 52257 27487 52255 27503 215328 27502 
6 : 52273 52283 52280 227434 227432 263804 
6 : 52276 52272 37045 207133 37072 37060 
6 : 52343 52355 52344 63543 63527 72528 
6 : 52348 3404 52351 3416 193262 3418 
6 : 52365 52361 39836 142341 39852 39846 
6 : 52377 27204 52375 27214 128812 27209 
6 : 52387 2351 52385 2379 263776 2377 
6 : 39063 52503 52501 39092 39086 260870 
6 : 52511 52508 52517 115888 157007 115895 
6 : 52524 52534 52521 129895 68890 68909 
6 : 52565 52577 52556 231613 54653 54665 
6 : 52636 52621 52626 170879 198213 170859 
6 : 52645 52660 52651 175068 175059 217064 
6 : 52750 52756 4465 148927 4477 4488 
6 : 45363 52765 52766 45366 45371 134640 
6 : 52772 52774 52762 265470 108679 108681 
6 : 52784 52786 52789 195516 195518 247969 
6 : 52809 52806 52808 242555 257622 242553 
6 : 52817 52815 52831 94689 123185 94701 
6 : 52872 52887 52885 96120 96118 259513 
6 : 52873 52883 52871 99783 67060 67084 
6 : 52888 52877 52881 204029 247145 204023 
6 : 52893 52896 25803 154112 25809 25826 
6 : 52906 52912 52903 138368 100060 100066 
6 : 52936 52928 52935 162314 259617 162313 
6 : 53014 53013 53018 116649 151613 116654 
6 : 53019 26663 53024 26679 220084 26686 
6 : 53026 53029 53036 55149 55171 87200 
6 : 53027 53031 53040 56004 56012 185359 
6 : 53034 53028 53038 62939 229231 62948 
6 : 53045 53058 53053 133530 133523 231619 
6 : 53054 53044 53061 98703 234544 98714 
6 : 53074 53069 53066 188820 113784 113779 
6 : 53077 53062 29720 59657 29755 29721 
6 : 53165 53159 53164 85832 196211 85831 
6 : 53167 53166 53160 207474 105926 105923 
6 : 53172 53181 53188 106516 106524 239819 
6 : 53177 53184 53175 205761 172187 172197 
6 : 53179 53176 53183 178874 213696 178884 
6 : 53307 53308 53305 259296 197252 197255 
6 : 53320 53318 53328 127219 156560 127235 
6 : 53322 53316 53315 105201 89617 89603 
6 : 53365 53360 53369 90737 192857 90744 
6 : 53442 53441 53447 150969 175128 150970 
6 : 53452 53454 53444 248925 190376 190387 
6 : 45333 53465 53458 45351 45339 115051 
6 : 53462 53463 53457 155074 98768 98776 
6 : 53472 53477 53484 90300 90315 177721 
6 : 53481 53487 53490 214617 214620 263741 
6 : 53717 53715 53721 196464 197475 196481 
6 : 37514 53729 53732 37523 37527 168942 
6 : 53725 53739 53722 106150 57289 57311 
6 : 53726 53727 53728 132768 132770 145722 
6 : 53731 53734 53723 190063 92569 92572 
6 : 53744 53740 53753 72006 177925 72016 
6 : 53748 53746 53752 183556 210324 183564 
6 : 53751 53745 53758 182618 235112 182629 
6 : 53800 53804 53795 249588 219105 219108 
6 : 53848 53849 53842 265298 222758 222760 
6 : 53602 53859 53860 53605 53611 206573 
6 : 53867 53873 16729 87556 16734 16751 
6 : 53868 53875 53877 112600 112603 249809 
6 : 53871 5904 53869 5910 126334 5907 
6 : 47655 53989 53987 47660 47657 60215 
6 : 53993 53986 53995 56307 225050 56308 
6 : 54013 53999 54006 59250 243235 59244 
6 : 54018 54027 2070 189916 2087 2107 
6 : 54026 54020 54019 226129 198792 198776 
6 : 54033 54037 54043 142574 142578 190003 
6 : 54116 54123 54126 137690 137697 232030 
6 : 54119 54114 54113 112521 108783 108778 
6 : 54155 54168 54165 184733 184731 251909 
6 : 54184 54186 54171 247131 122858 122860 
6 : 54258 31041 54235 31063 126896 31045 
6 : 54284 54289 54283 177094 167159 167167 
6 : 54408 54406 54412 107860 155116 107871 
6 : 54431 54432 54427 231344 178317 178318 
6 : 54437 29523 54428 29555 192050 29538 
6 : 25721 54466 54472 25722 25730 78230 
6 : 54559 54558 17269 251294 17292 17291 
6 : 54561 54549 54551 74577 192581 74566 
6 : 54565 54562 54564 264096 264850 264094 
6 : 34103 54576 2852 34123 2847 2873 
6 : 54567 54568 54573 108949 108958 125603 
6 : 54580 54579 54570 264526 156014 156012 
6 : 54673 54678 1112 192722 1125 1138 
6 : 54680 54675 54672 202429 163542 163533 
6 : 54690 54685 54699 130589 189514 130604 
6 : 54698 54686 54692 152559 247287 152556 
6 : 54732 54741 54726 128866 56766 56786 
6 : 54814 54801 54809 92069 214857 92063 
6 : 54830 54826 32155 213385 32169 32165 
6 : 54946 54951 54954 102257 102262 235664 
6 : 54956 54965 54966 82626 82627 222120 
6 : 54963 54971 54957 204723 93968 93978 
6 : 54981 54992 54973 151604 88947 88968 
6 : 54984 54988 1243 205130 1260 1268 
6 : 55082 55080 55079 216159 171123 171120 
6 : 55103 55104 55102 248166 245441 245444 
6 : 55135 55132 55139 180689 211169 180697 
6 : 55137 55129 55140 99277 218129 99282 
6 : 54548 55227 2539 54555 2538 2553 
6 : 55222 55225 55226 170348 170350 220002 
6 : 55233 40718 55223 40747 171602 40731 
6 : 38806 55284 55289 38811 38817 132438 
6 : 55353 55358 55367 105526 105534 170528 
6 : 55398 55397 55399 237300 245189 237304 
6 : 55506 55508 55502 265420 205437 205439 
6 : 55509 55514 55512 61528 61526 127451 
6 : 55516 55525 55522 231398 231394 249142 
6 : 55526 55523 55527 258742 265119 258744 
6 : 55529 9337 55539 9338 63556 9350 
6 : 55652 55662 55657 160787 160781 217214 
6 : 55663 48410 55661 48437 244771 48430 
6 : 55684 2204 55686 2213 172363 2215 
6 : 55802 55810 55814 150755 150763 259321 
6 : 55804 55811 55801 180575 131283 131298 
6 : 55809 55798 55805 78940 223532 78935 
6 : 55813 55797 55808 65129 233801 65117 
6 : 55822 55827 55821 159225 143920 143931 
6 : 55845 55849 55843 233608 223526 223536 
6 : 55860 55873 55874 164133 164134 258206 
6 : 30543 55892 55883 30559 30546 92417 
6 : 55880 55903 55896 86729 86723 249107 
6 : 55888 55887 55882 112520 88374 88371 
6 : 55890 55886 55894 105692 177297 105700 
6 : 31154 55960 55959 31162 31161 167081 
6 : 55966 55964 55962 226871 202522 202503 
6 : 56087 56094 56093 97691 97689 209451 
6 : 10218 56110 56111 10236 10238 231104 
6 : 27809 56114 56109 27831 27821 215677 
6 : 56134 56122 56131 190354 248413 190349 
6 : 56135 56129 56125 244456 228032 228022 
6 : 56280 56287 56290 196529 196532 260685 
6 : 56386 56394 56390 111426 111413 165090 
6 : 56388 56387 56389 140657 146220 140658 
6 : 56408 56410 56404 224436 200219 200221 
6 : 56476 56475 56483 117480 122482 117486 
6 : 56542 41324 56535 41351 210068 41337 
6 : 22273 56556 56548 22290 22281 215259 
6 : 56672 56676 21399 238265 21422 21428 
6 : 56673 56677 56667 248404 209386 209391 
6 : 56704 56711 56698 230689 164391 164406 
6 : 56794 56800 56801 67504 67506 241474 
6 : 56797 56798 56795 157625 107252 107254 
6 : 56811 56816 56813 103652 103648 130610 
6 : 36 56834 56842 44 53 164063 
6 : 56843 56830 56845 81074 237008 81075 
6 : 56848 56832 56837 123397 194442 123386 
6 : 56941 56947 56945 178828 178822 222466 
6 : 56943 56949 56939 209028 159920 159936 
6 : 56950 56938 56944 129446 211563 129438 
6 : 56965 56966 56957 262819 116551 116554 
6 : 56967 56959 56960 154273 217067 154261 
6 : 56976 56980 56981 186953 186954 231294 
6 : 57037 57025 57041 136918 256297 136924 
6 : 57079 57082 57080 197932 197930 222942 
6 : 57092 57096 36368 243265 36394 36401 
6 : 57095 57088 57089 88093 222946 88087 
6 : 57103 17349 15451 17355 15463 15448 
6 : 57211 57210 57209 177712 177009 177007 
6 : 57214 57203 46075 118300 46099 46078 
6 : 2606 57225 57223 2620 2616 231629 
6 : 57221 57219 57228 158636 204891 158644 
6 : 57222 57217 57218 104925 105582 104913 
6 : 57246 57234 57247 74402 201828 74405 
6 : 57252 57239 57241 141156 165791 141141 
6 : 57261 57271 57255 193997 82280 82294 
6 : 57349 57351 24877 134610 24885 24892 
6 : 57369 57372 57370 190070 190067 234983 
6 : 57377 57388 57383 136899 136895 225891 
6 : 57384 35795 57387 35813 228037 35820 
6 : 54482 57504 57498 54495 54485 90455 
6 : 57499 39787 57513 39793 125837 39805 
6 : 57505 57501 57509 128709 169613 128713 
6 : 57515 57500 57503 127352 161850 127336 
6 : 57529 57531 57519 253624 145616 145622 
6 : 57643 57640 57644 82385 148989 82387 
6 : 29615 57655 57667 29624 29639 148114 
6 : 57656 57661 57664 156262 156269 232667 
6 : 57658 57652 57653 74285 127431 74271 
6 : 57785 57790 56903 83864 56906 56921 
6 : 57794 57791 57786 212323 92428 92415 
6 : 57806 57811 57814 219680 219685 254479 
6 : 57809 57804 57812 217968 245909 217971 
6 : 57831 57832 57818 246162 61324 61326 
6 : 57874 53082 57880 53102 215241 53110 
6 : 57878 57881 57869 223644 188255 188262 
6 : 57879 57861 57870 84808 189281 84797 
6 : 57917 57926 57922 87347 87340 230540 
6 : 57925 57920 54048 192630 54070 54058 
6 : 57943 57933 57946 176631 260823 176633 
6 : 57960 57955 43487 177420 43507 43499 
6 : 58051 31075 58054 31081 121621 31086 
6 : 58091 58089 8259 148198 8276 8272 
6 : 58116 58105 58118 169230 242255 169242 
6 : 58138 58130 58122 179558 114608 114596 
6 : 58175 58174 58176 116112 117082 116114 
6 : 58180 58177 31411 141977 31443 31423 
6 : 58201 44290 58198 44311 257589 44305 
6 : 58237 58227 58228 185633 204553 185622 
6 : 58310 58318 58322 139264 139271 226508 
6 : 58323 58336 58329 61563 61550 195573 
6 : 58452 58442 58444 77872 106286 77860 
6 : 58453 58458 58463 88899 88909 171014 
6 : 58595 58600 58592 188839 122350 122364 
6 : 58741 58733 58746 82282 203374 82295 
6 : 58754 58770 58771 113187 113188 263565 
6 : 58756 58752 58766 98352 140490 98364 
6 : 58867 58869 58873 85435 85445 97318 
6 : 58890 58907 58901 88236 88223 226224 
6 : 58898 58904 58897 203203 193777 193794 
6 : 59041 59033 59038 115203 217786 115198 
6 : 59154 59159 59153 171451 165613 165630 
6 : 59158 40250 59155 40268 205528 40260 
6 : 59167 59166 59165 222815 186053 186048 
6 : 59184 59186 56732 218171 56751 56755 
6 : 59298 59296 59294 223320 171942 171937 
6 : 59302 31963 59301 31988 259124 31985 
6 : 59316 59312 59320 228716 249804 228718 
6 : 59428 59430 59431 86838 86842 152819 
6 : 59429 59432 41042 152755 41050 41056 
6 : 59442 59443 59449 175784 175792 195610 
6 : 59444 59447 59446 203943 203941 220981 
6 : 59476 44035 59495 44036 75171 44061 
6 : 24522 242 59572 237 24541 261 
6 : 59577 59569 59573 149396 238984 149392 
6 : 59585 59593 59595 118155 118159 260686 
6 : 59598 59606 59603 63350 63347 138393 
6 : 59611 59602 59614 134912 202406 134918 
6 : 59626 59622 18753 130260 18768 18758 
6 : 59693 59704 59695 65074 65063 140088 
6 : 59694 59696 59703 127199 127210 154378 
6 : 59698 59699 59700 183799 183800 227174 
6 : 59713 59716 59720 171377 171384 214905 
6 : 59715 59705 59707 64097 83170 64085 
6 : 59721 59709 59710 113184 113338 113167 
6 : 51150 59747 59753 51159 51162 142376 
6 : 59755 59746 59761 134579 209576 134588 
6 : 59847 59835 59843 119292 248293 119286 
6 : 59856 59859 59867 173917 173923 190883 
6 : 59961 59964 59963 206444 206443 255047 
6 : 59996 60011 60009 131346 131345 255344 
6 : 60119 60117 60112 136904 61596 61593 
6 : 60122 60120 60132 175622 200630 175639 
6 : 60133 60139 60142 72233 72239 228334 
6 : 60160 60152 60165 82840 156440 82845 
6 : 60267 60261 60271 178020 234324 178026 
6 : 60385 8144 58957 8148 58967 8143 
6 : 60386 60392 60387 154705 154693 219581 
6 : 60395 60406 60398 98971 98959 181158 
6 : 60396 60405 60399 105630 105626 187070 
6 : 60417 60421 60425 186699 186703 236085 
6 : 60429 60428 60422 254992 238633 238629 
6 : 60450 60434 51843 153960 51872 51851 
6 : 60519 60530 60520 90724 90708 90785 
6 : 60528 60524 60521 187556 136185 136174 
6 : 60672 60670 60673 214762 255626 214766 
6 : 8207 60680 60681 8209 8210 149501 
6 : 60683 60690 60677 216090 81810 81830 
6 : 60703 60701 8452 217407 8472 8470 
6 : 60778 60796 60777 169628 166280 166296 
6 : 60811 60805 60807 229720 248288 229717 
6 : 60812 60813 60799 255062 98909 98910 
6 : 60817 60810 60802 252729 181587 181577 
6 : 60830 60824 60820 171195 65554 65549 
6 : 60959 21036 60960 21041 125216 21044 
6 : 60961 60962 60972 197234 197244 201453 
6 : 60968 60963 60969 216249 261982 216251 
6 : 60975 60986 60984 111285 111282 251385 
6 : 60981 60982 60979 215398 198219 198225 
6 : 61095 61104 61097 248484 248474 249636 
6 : 61098 61093 61100 225652 251512 225655 
6 : 61123 61126 61117 251617 211493 211498 
6 : 61135 61140 61137 224004 223999 244282 
6 : 61149 61166 61168 225006 225007 264640 
6 : 61232 61237 61230 241565 218758 218770 
6 : 61264 61275 61270 133808 133803 242921 
6 : 61269 61258 61267 68334 164629 68327 
6 : 61294 61282 4176 139065 4198 4183 
6 : 61391 61382 61398 189383 251917 189389 
6 : 61395 61381 61396 178929 260215 178930 
6 : 61409 61403 61407 78523 196828 78521 
6 : 61410 61406 61400 190761 66687 66683 
6 : 61521 61517 57173 155745 57195 57183 
6 : 61551 61546 61554 159690 216487 159691 
6 : 61577 61573 61582 212874 247414 212881 
6 : 61661 61660 61666 178299 189759 178307 
6 : 47701 61674 61681 47712 47718 178216 
6 : 61682 61677 61676 218459 201202 201196 
6 : 48529 61700 61694 48548 48535 185601 
6 : 61691 61703 61688 124358 76650 76674 
6 : 61722 26404 61729 26416 222972 26424 
6 : 48302 61797 61798 48315 48319 189546 
6 : 61806 61810 61808 121496 121492 163129 
6 : 61817 61807 61815 122108 264749 122106 
6 : 61818 61833 61822 69507 69492 119777 
6 : 61820 1209 61826 1212 110069 1219 
6 : 61855 61851 61857 192731 229981 192738 
6 : 61874 61873 61862 173023 66682 66681 
6 : 61924 61925 61926 120430 120435 130830 
6 : 61951 61936 61938 121103 138064 121079 
6 : 61966 61954 61961 129338 246947 129327 
6 : 62064 62065 62068 247758 247765 248873 
6 : 28980 62077 62069 29000 28982 111091 
6 : 62071 62072 62076 123484 123492 156710 
6 : 42260 62192 62186 42274 42265 162958 
6 : 62207 62203 62206 198379 248157 198378 
6 : 21923 62229 62227 21941 21939 250075 
6 : 62217 62218 26835 130194 26840 26842 
6 : 62228 62225 62221 223963 191709 191699 
6 : 62327 62328 62318 263688 149349 149350 
6 : 30713 62381 62389 30719 30725 123888 
6 : 62455 62460 62451 126777 66674 66686 
6 : 62461 62456 62453 146756 102846 102834 
6 : 62466 62462 62459 224932 186482 186474 
6 : 62469 62470 62474 117063 117066 121768 
6 : 62473 62476 62468 203443 69591 69598 
6 : 62496 62481 62495 82165 257621 82164 
6 : 62616 62618 62610 245377 189202 189204 
6 : 62619 62614 62606 230875 100084 100072 
6 : 62625 44202 62638 44204 76957 44224 
6 : 62668 62667 54634 255778 54661 54659 
6 : 62708 62716 47220 136157 47227 47241 
6 : 37202 62738 62755 37203 37224 98021 
6 : 62791 62792 62798 199177 199182 203972 
6 : 62862 62851 62854 152885 213643 152874 
6 : 62876 62881 62868 258931 156967 156970 
6 : 62890 62884 62891 99380 215162 99383 
6 : 62894 62885 62888 184367 190792 184360 
6 : 62987 62983 62984 162205 208236 162198 
6 : 63039 63036 63042 130699 141680 130704 
6 : 63043 63044 63038 198479 141400 141401 
6 : 63128 63123 63125 64942 143548 64935 
6 : 63132 63139 63144 129798 129801 224091 
6 : 63137 63134 63145 166689 205579 166701 
6 : 63192 63191 63205 148266 155044 148283 
6 : 63244 63240 63234 171981 114137 114133 
6 : 63251 63255 63261 141942 141952 212761 
6 : 63289 63291 63295 162343 162347 191842 
6 : 63377 63373 63382 123486 189855 123491 
6 : 61667 1083 63411 1082 61684 1102 
6 : 63398 2688 1402 2689 1403 1399 
6 : 63409 63410 63406 260010 241479 241481 
6 : 63495 63500 63493 130818 64151 64168 
6 : 63521 63525 63515 238402 145732 145738 
6 : 63524 26206 63510 26226 107118 26209 
6 : 63538 63535 20751 215739 20770 20765 
6 : 63551 63562 63552 164704 164694 165610 
6 : 63645 63649 15834 170332 15842 15852 
6 : 63660 63670 63654 152359 73760 73777 
6 : 63795 63793 63786 262961 211730 211727 
6 : 21813 63810 63805 21832 21824 149657 
6 : 42167 63906 63902 42174 42171 113902 
6 : 63903 63912 63899 138338 67266 67288 
6 : 63945 63930 19439 97360 19466 19440 
6 : 63976 63973 63974 119124 145039 119121 
6 : 41043 64043 47255 41072 41041 47286 
6 : 64030 64033 64039 147015 147021 165478 
6 : 64038 64032 64042 160858 208729 160878 
6 : 64192 64190 64204 78818 90443 78841 
6 : 64199 64207 6724 233029 6737 6752 
6 : 64200 64209 64197 249126 161773 161779 
6 : 64328 64330 64325 198581 81944 81952 
6 : 64354 64356 64357 256257 256258 259414 
6 : 64378 64383 64394 133292 133300 183291 
6 : 64387 64388 64391 224546 224548 242407 
6 : 64390 64385 24843 202222 24869 24861 
6 : 38082 64464 64465 38102 38104 264250 
6 : 64478 64471 64469 137467 135811 135803 
6 : 64483 64473 64472 166565 139493 139484 
6 : 64486 64474 64484 190335 237154 190332 
6 : 64507 64498 64491 212300 88389 88382 
6 : 64607 64609 64611 141373 141376 178602 
6 : 64619 64631 64626 211085 211083 256965 
6 : 23624 64671 64688 23632 23648 153624 
6 : 64687 64680 64679 231006 209767 209758 
6 : 64754 64750 49059 91124 49092 49065 
6 : 64755 64753 64756 248499 262908 248503 
6 : 64773 64763 64767 201921 235776 201910 
6 : 64787 64788 34906 228118 34924 34925 
6 : 22219 64884 64887 22231 22237 230752 
6 : 22406 35420 64909 22405 22425 35442 
6 : 64896 64904 64910 144088 144093 245112 
6 : 64952 64933 64941 135486 214216 135474 
6 : 65046 65054 65047 181995 181985 206590 
6 : 65050 65043 65044 73610 153653 73600 
6 : 65059 65072 65060 89325 89308 109734 
6 : 65081 65089 65091 102256 102259 229934 
6 : 65093 65085 65076 207121 87733 87727 
6 : 65178 65179 45517 215872 45536 45540 
6 : 65180 65168 65183 88357 243086 88359 
6 : 65193 65195 65189 253931 224234 224236 
6 : 65319 65333 65334 106544 106552 260829 
6 : 65326 65325 65323 219448 204467 204465 
6 : 22786 65343 4299 22791 4297 4321 
6 : 65345 65335 65347 65556 249759 65563 
6 : 65459 65456 41468 109971 41489 41473 
6 : 42686 65466 65482 42691 42705 126460 
6 : 65467 65472 65465 128342 86736 86745 
6 : 65470 65480 11772 145017 11783 11806 
6 : 65486 65503 65501 99009 99005 249827 
6 : 65488 65504 42280 150327 42287 42307 
6 : 62081 65611 65609 62089 62086 167365 
6 : 65614 65612 65615 235746 247180 235748 
6 : 65622 31106 65633 31116 151500 31128 
6 : 65627 65626 25911 179185 25921 25919 
6 : 65654 9690 65674 9693 83303 9717 
6 : 65786 65792 65794 245816 245821 260553 
6 : 65890 55551 65886 55571 208335 55562 
6 : 65907 65894 65901 83560 196617 83551 
6 : 65918 65932 65916 136382 125190 125208 
6 : 65929 65914 65919 85338 147815 85327 
6 : 66021 66024 66022 181508 181505 189122 
6 : 66027 31076 57885 31101 57911 31074 
6 : 9660 66030 66042 9661 9679 105040 
6 : 66052 66046 62024 108535 62038 62029 
6 : 66169 66174 66170 110303 110301 111539 
6 : 66213 66215 18422 254291 18446 18450 
6 : 66332 66335 66340 203575 203582 239512 
6 : 66333 66339 66327 206144 117939 117950 
6 : 66334 66331 66326 200134 86223 86219 
6 : 66345 66341 66352 86332 156339 86337 
6 : 66393 66384 34761 160649 34780 34771 
6 : 66445 27956 66442 27979 218630 27968 
6 : 66457 66451 66456 114707 253668 114701 
6 : 66475 66469 66472 199492 206754 199487 
6 : 66525 66522 66529 227946 238600 227950 
6 : 66572 66571 66570 239060 225208 225204 
6 : 66576 66588 66584 136163 136154 233112 
6 : 66577 29040 66582 29046 141920 29053 
6 : 66581 52119 66587 52132 192084 52142 
6 : 66606 66590 66602 108003 240631 107997 
6 : 528 44787 40026 527 526 40021 
6 : 66704 66706 66708 125240 125245 164896 
6 : 66709 66710 66707 210659 187150 187151 
6 : 66712 66705 14881 128139 14899 14884 
6 : 66744 66739 66741 79300 119244 79298 
6 : 66747 66750 66743 198835 138177 138179 
6 : 66768 66772 66769 187208 187206 189308 
6 : 66845 66849 66848 88740 88739 142171 
6 : 66851 66852 66846 212150 123410 123414 
6 : 67022 67013 67020 224052 256909 224051 
6 : 34976 67028 67030 34985 34987 173183 
6 : 67153 67159 67160 180527 180528 248120 
6 : 67156 67155 67157 188709 193363 188711 
6 : 67179 67165 67173 83918 211957 83910 
6 : 67204 67205 67223 75239 75255 102036 
6 : 4729 67295 67302 4732 4748 155046 
6 : 44712 67294 67298 44714 44720 139949 
6 : 67300 67297 67293 215253 112075 112070 
6 : 67311 40818 67315 40829 247700 40837 
6 : 67358 67354 67335 261399 75479 75473 
6 : 67429 67436 67435 115368 115365 166688 
6 : 67438 67432 28758 141745 28776 28768 
6 : 67554 67552 67558 198058 218461 198064 
6 : 67567 67564 67571 134329 164277 134334 
6 : 67594 67595 67596 259316 259318 259728 
6 : 67692 67699 67696 117330 117329 182393 
6 : 67702 67697 67703 203280 235581 203285 
6 : 67711 67719 67721 136143 136144 261544 
6 : 67733 67735 67736 208118 208120 226183 
6 : 67741 67742 67727 265460 121074 121075 
6 : 67833 67832 67834 78398 102783 78400 
6 : 67860 67856 64689 205990 64710 64707 
6 : 67879 67889 23363 111521 23367 23382 
6 : 67924 67918 67908 240979 180816 180807 
6 : 68002 698 67999 716 217718 712 
6 : 68006 68007 68004 255631 248496 248497 
6 : 65375 58960 68098 58959 65376 58962 
6 : 68107 68125 68126 83509 83510 248357 
6 : 68116 68117 68120 207676 207679 209641 
6 : 68133 68144 68146 97466 97470 251415 
6 : 68137 68145 68134 157517 132278 132290 
6 : 68241 68246 68243 244421 244417 254135 
6 : 63544 68251 29202 63554 29201 29209 
6 : 68261 68255 68263 247517 262202 247520 
6 : 5882 27988 68386 5878 5894 28004 
6 : 68398 68393 68394 171576 173977 171563 
6 : 68516 68523 68511 227421 84953 84965 
6 : 68533 68530 68524 152387 76980 76978 
6 : 68534 44644 68537 44659 218561 44663 
6 : 68574 68581 68565 245286 122956 122969 
6 : 68656 68649 68652 182238 239331 182227 
6 : 68678 68661 68668 142473 238945 142460 
6 : 68681 68696 68682 97799 97790 100785 
6 : 68685 68692 68689 116105 116102 180714 
6 : 49251 68799 68789 49272 49252 77227 
6 : 68797 68795 68801 206735 223005 206748 
6 : 68808 68804 68815 158144 221250 158158 
6 : 68818 23947 68832 23952 113291 23969 
6 : 68828 68824 68827 159537 206581 159535 
6 : 68873 68880 68872 225131 214052 214061 
6 : 68923 68938 68930 73481 73468 147623 
6 : 68929 68939 50908 140224 50912 50938 
6 : 68933 68934 68928 156256 131708 131711 
6 : 68936 68940 68924 236250 84807 84819 
6 : 68944 68957 68951 148683 148675 241940 
6 : 68946 68943 68947 145698 195661 145702 
6 : 68969 68968 68976 190771 210198 190782 
6 : 69065 69076 39811 122703 39813 39833 
6 : 69070 69075 22750 223262 22769 22778 
6 : 69079 69081 69090 118014 118026 124656 
6 : 10675 69148 69151 10685 10689 199062 
6 : 42310 69147 69140 42322 42315 108659 
6 : 69157 69152 69150 227072 211438 211429 
6 : 69198 69193 69206 71256 140299 71266 
6 : 69212 69199 69195 147597 101754 101727 
6 : 69221 10499 63993 10513 64012 10497 
6 : 69222 69219 69220 211612 221964 211610 
6 : 69304 69312 69306 91242 91234 110016 
6 : 69473 69466 69461 179300 127141 127117 
6 : 69480 69478 69484 164872 207740 164882 
6 : 69501 69496 69504 153546 204658 153552 
6 : 69632 69631 9691 194013 9705 9701 
6 : 69636 69634 69624 234614 80847 80838 
6 : 69638 56611 69627 56632 128607 56617 
6 : 69783 69784 25195 253361 25223 25224 
6 : 69787 53214 69779 53238 230797 53228 
6 : 69794 69791 69789 100137 76839 76833 
6 : 69879 69877 69883 99497 117989 99503 
6 : 69880 69884 69889 138258 138263 208921 
6 : 69893 45462 69904 45463 72476 45478 
6 : 69899 69895 39247 179638 39264 39256 
6 : 69955 69945 69948 175047 215065 175034 
6 : 61277 70039 70038 61292 61291 212097 
6 : 70051 70055 70052 147213 147208 157947 
6 : 70076 70061 70068 140541 194819 140529 
6 : 70096 70078 70094 118677 234910 118674 
6 : 6128 70178 70183 6141 6149 215992 
6 : 46956 70185 70181 46979 46973 244049 
6 : 70179 70182 70172 226299 138484 138490 
6 : 70188 70198 70193 131168 131162 209382 
6 : 70194 16358 70199 16372 219067 16378 
6 : 46614 70205 70206 46616 46619 77324 
6 : 34392 70233 70241 34408 34414 204175 
6 : 12824 70317 70316 12852 12849 264307 
6 : 41541 70315 70313 41553 41548 182043 
6 : 42815 23650 19674 23649 19670 19668 
6 : 70361 70352 36799 171481 36828 36810 
6 : 70378 70369 70371 159340 163663 159330 
6 : 70379 70382 70365 254811 119158 119163 
6 : 70455 23337 6551 23355 6576 6549 
6 : 70457 70466 70470 106594 106596 251711 
6 : 70462 18929 70458 18937 176481 18933 
6 : 70476 70483 70474 140323 122898 122912 
6 : 70481 70477 70489 143533 215029 143542 
6 : 70493 70501 36759 83217 36760 36774 
6 : 70494 70507 70512 98362 98371 226000 
6 : 70577 70587 70578 163935 163914 174047 
6 : 70580 70576 70582 93548 195512 93549 
6 : 50997 70592 70598 51004 51021 165219 
6 : 70616 70608 54636 159939 54664 54645 
6 : 56102 70713 70725 56103 56112 94209 
6 : 70715 70727 70720 115020 115010 190799 
6 : 70724 70719 70714 185104 95115 95102 
6 : 70752 70758 11053 160579 11064 11071 
6 : 70767 70759 70757 213720 209465 209449 
6 : 70768 70764 70760 245221 221784 221774 
6 : 70865 63054 70866 63068 173949 63079 
6 : 70868 70864 70872 147500 253629 147506 
6 : 70914 70928 70921 140493 140486 218682 
6 : 71006 71009 71010 256987 256988 264583 
6 : 71079 71084 71089 131771 131774 235020 
6 : 42563 51664 71146 42561 42565 51671 
6 : 71148 71157 71159 163515 163522 224766 
6 : 71153 71155 71150 197053 186639 186642 
6 : 71165 71172 71164 132238 129677 129682 
6 : 71286 71281 71283 121040 203293 121033 
6 : 71287 54510 71284 54532 222249 54527 
6 : 71349 71337 71345 243477 261555 243472 
6 : 71459 71461 71443 251289 87505 87511 
6 : 71521 71527 71538 78519 78535 186487 
6 : 71537 71526 71528 159635 196837 159624 
6 : 71554 71544 71540 194349 124334 124309 
6 : 71567 71565 71578 180491 185257 180507 
6 : 71568 71573 71569 198913 198907 209989 
6 : 71667 71668 71674 232541 232546 242276 
6 : 71673 71663 71669 125126 244810 125123 
6 : 71697 71709 71702 143462 143458 195956 
6 : 71705 41860 71703 41877 196612 41876 
6 : 3710 71816 71819 3720 3724 250616 
6 : 71825 22131 13678 22147 13695 13674 
6 : 71831 71827 30176 222786 30203 30195 
6 : 71940 71938 71929 245240 152702 152698 
6 : 71954 71946 71945 94444 91831 91810 
6 : 71969 71980 71977 189859 189856 257716 
6 : 72050 72053 72058 106859 106863 174512 
6 : 72059 72051 72054 155423 188242 155417 
6 : 72066 72067 72073 152262 152278 178423 
6 : 72069 41832 72075 41844 198410 41856 
6 : 72154 72168 72148 187890 144713 144727 
6 : 59726 72175 72179 59728 59731 80777 
6 : 72178 72185 72180 166731 166724 171108 
6 : 72186 72183 72177 232505 104462 104452 
6 : 72200 72199 72206 217328 223078 217334 
6 : 72201 72188 3161 92274 3184 3163 
6 : 72216 72214 72220 241065 255200 241068 
6 : 72219 31378 16130 31401 16157 16125 
6 : 72320 72332 72325 84392 84385 162950 
6 : 72394 39940 72396 39943 87547 39944 
6 : 72447 72456 72458 162169 162170 242308 
6 : 72470 72479 72465 238995 201458 201470 
6 : 72568 72566 72574 183063 221473 183073 
6 : 29813 32795 72577 29811 29818 32798 
6 : 72581 72582 72579 256502 187310 187311 
6 : 72585 72576 3003 114732 3039 3007 
6 : 72587 72605 72599 84770 84760 223790 
6 : 72597 72590 72601 124943 216971 124947 
6 : 72609 72612 72621 145320 145338 179891 
6 : 72694 72697 72692 164972 141830 141836 
6 : 72700 72699 72695 249144 176187 176185 
6 : 18859 10255 72742 10250 18886 10276 
6 : 72849 72864 72862 90551 90548 251181 
6 : 72853 72861 72860 167411 167410 246407 
6 : 72886 72878 72882 208768 236729 208761 
6 : 72900 34551 72911 34560 181561 34569 
6 : 72987 72985 72988 257702 264902 257703 
6 : 38963 72999 73000 38983 38984 232672 
6 : 72991 12548 28011 12551 28013 12543 
6 : 73008 20379 73010 20382 129984 20383 
6 : 73016 73013 20667 210728 20682 20680 
6 : 73020 73007 73014 107192 210753 107190 
6 : 73123 73135 24434 101023 24436 24467 
6 : 73138 73144 73142 102267 102266 194191 
6 : 73272 73262 73270 101143 223076 101142 
6 : 73277 73295 73280 101175 101154 123985 
6 : 73314 73301 73305 131471 148430 131463 
6 : 73315 73325 73300 215844 127922 127940 
6 : 73337 73330 73351 144118 180773 144135 
6 : 73396 35422 56471 35439 56496 35418 
6 : 73400 73402 73411 119568 119579 147353 
6 : 73406 73408 73404 247847 179869 179873 
6 : 73424 73428 73416 247097 123104 123111 
6 : 73530 73522 33867 85580 33880 33869 
6 : 73547 73543 18695 216833 18715 18708 
6 : 38204 73663 29835 38219 29833 29851 
6 : 44599 73665 73661 44617 44613 189868 
6 : 15784 73691 73697 15791 15799 210936 
6 : 73708 9692 73704 9702 121553 9696 
6 : 73787 73786 73792 209794 222157 209802 
6 : 73816 73824 25160 110819 25164 25185 
6 : 73823 73817 73815 133464 99152 99135 
6 : 73830 73831 73833 122384 122388 129014 
6 : 73922 73919 73925 84432 185234 84436 
6 : 73924 73929 73921 220077 157331 157339 
6 : 73927 41441 73931 41453 244036 41464 
6 : 73932 73942 3004 97078 3006 3031 
6 : 73939 73945 73943 224986 224984 256837 
6 : 73944 73938 12740 216225 12768 12757 
6 : 73948 73937 73947 177949 265464 177948 
6 : 73957 73949 73964 82839 155241 82852 
6 : 73977 74001 73978 89961 89938 90123 
6 : 74074 74067 74073 119364 211199 119362 
6 : 74076 74079 74071 247350 188344 188355 
6 : 74080 74078 74070 263929 169138 169135 
6 : 74082 74093 74087 132902 132895 213500 
6 : 36050 74100 74108 36057 36070 161518 
6 : 74097 74103 74104 76632 76633 230760 
6 : 74113 74116 74112 114548 77832 77839 
6 : 74209 74215 74221 79822 79833 203152 
6 : 74220 74212 74211 103540 84957 84940 
6 : 2150 74341 74339 2155 2152 86714 
6 : 74349 74340 74337 92429 80566 80533 
6 : 74354 74361 74350 174755 81378 81393 
6 : 33043 41263 74372 33041 33047 41269 
6 : 74387 74411 74403 80675 80664 204473 
6 : 71463 74492 74487 71484 71473 215270 
6 : 74490 74491 74485 255284 182400 182402 
6 : 74505 67900 74504 67920 243612 67919 
6 : 74547 74539 74552 137850 225246 137862 
6 : 74620 74624 48036 238360 48053 48066 
6 : 74657 74663 74661 188506 188500 210364 
6 : 74774 74782 74780 146514 146512 224691 
6 : 74775 74786 25620 147460 25628 25647 
6 : 74783 74784 74772 234260 105584 105585 
6 : 74813 74798 74797 179219 156858 156835 
6 : 74866 29299 74860 29314 102719 29301 
6 : 74921 74924 74930 90713 90721 136594 
6 : 74933 10902 74922 10932 97240 10906 
6 : 74934 74926 74923 202568 136194 136177 
6 : 75081 75085 75077 161145 117122 117137 
6 : 75103 75106 75112 193622 193634 224443 
6 : 75116 75111 75104 247041 214128 214126 
6 : 75219 75215 75213 217521 186978 186973 
6 : 75223 21069 75235 21070 87924 21093 
6 : 75233 75232 75225 241632 124095 124094 
6 : 75348 75349 75354 144907 144918 164002 
6 : 75351 75346 75358 79327 173081 79347 
6 : 75356 75357 75350 264814 167101 167102 
6 : 75486 75483 75492 135885 153882 135894 
6 : 75508 75505 75504 207981 203862 203854 
6 : 75514 75528 75527 91631 91630 255568 
6 : 75532 75534 75530 261079 256939 256941 
6 : 75533 75512 75525 77536 245399 77528 
6 : 75649 16538 75660 16549 161848 16566 
6 : 75659 75644 75661 128721 253873 128728 
6 : 75677 75671 75670 181823 175609 175602 
6 : 75803 75783 75791 130625 171184 130612 
6 : 75837 75841 75836 180522 167344 167346 
6 : 75912 75915 75918 98499 98504 172961 
6 : 75922 75919 75913 223657 151874 151868 
6 : 75928 75938 75937 129179 129178 260176 
6 : 75940 17890 75934 17912 254321 17907 
6 : 75953 18754 75952 18782 256840 18781 
6 : 75973 75980 75967 243103 199511 199525 
6 : 76037 76049 76038 83537 83516 97215 
6 : 76042 76041 76036 207838 83404 83402 
6 : 76045 28242 76039 28264 175137 28250 
6 : 76114 76116 76113 113021 91015 91020 
6 : 76126 76133 76125 217839 215984 215998 
6 : 76170 76166 76167 120583 133246 120571 
6 : 24954 75537 76187 24953 24969 75557 
6 : 76190 76181 76191 131544 263368 131547 
6 : 76310 76316 76318 198911 198916 232564 
6 : 76321 76336 76335 99008 99007 254994 
6 : 76342 76358 76355 79810 79807 230182 
6 : 76375 76387 76379 208158 208148 238813 
6 : 76384 76385 76371 261649 177592 177595 
6 : 76461 76462 76465 258203 258205 262455 
6 : 76474 76475 25507 264859 25535 25536 
6 : 37946 76493 28126 37949 28125 28128 
6 : 76596 27206 39400 27217 39411 27202 
6 : 31655 76617 76615 31668 31665 190363 
6 : 76719 76724 76723 238495 238492 256402 
6 : 76737 76739 76731 215315 155998 156000 
6 : 76744 76742 76730 244466 155875 155869 
6 : 76746 76741 44439 238326 44473 44464 
6 : 76782 57143 76790 57151 194582 57158 
6 : 76784 39685 76795 39693 201039 39705 
6 : 76785 76781 69842 170658 69857 69854 
6 : 76793 76780 76791 162928 235557 162925 
6 : 76868 76874 76873 183873 183868 253477 
6 : 76892 76879 75876 131453 75898 75881 
6 : 76894 4816 76884 4843 156221 4827 
6 : 76907 76915 76909 254383 254379 257373 
6 : 76908 76906 76898 212562 131560 131555 
6 : 77006 77018 77011 130464 130447 165392 
6 : 77015 77012 77021 166668 198832 166684 
6 : 77044 69509 77034 69531 139497 69514 
6 : 77060 77046 77054 129780 200666 129772 
6 : 77129 77130 77132 225723 225725 232914 
6 : 77135 72914 77131 72938 236045 72931 
6 : 77137 77149 77148 113135 113134 264937 
6 : 77142 77144 29300 233923 29317 29321 
6 : 77145 77150 77151 264291 264292 265270 
6 : 77288 67744 77295 67756 208288 67760 
6 : 77293 77297 77292 237140 235936 235944 
6 : 77409 77411 6397 194228 6409 6416 
6 : 77413 77408 77407 192641 171816 171805 
6 : 77423 33639 71900 33647 71912 33638 
6 : 77459 77470 77466 181794 181791 258148 
6 : 77546 77547 77548 182532 182534 202035 
6 : 77553 77552 77549 264453 235136 235133 
6 : 77565 77554 77566 77705 264238 77709 
6 : 77593 77602 77594 129669 129660 133142 
6 : 77672 77671 77667 258702 210888 210886 
6 : 77703 77693 77706 140947 261651 140951 
6 : 77799 77805 77806 142565 142568 240101 
6 : 77812 77819 77814 153306 153298 172841 
6 : 77924 44645 77925 44657 201674 44662 
6 : 77929 77927 77926 239181 236099 236096 
6 : 78074 78072 78070 216161 154148 154141 
6 : 78078 76800 78077 76829 265477 76828 
6 : 78088 78089 78081 174911 117224 117228 
6 : 78092 78091 78090 222632 209511 209510 
6 : 78100 78086 78097 161555 247366 161550 
6 : 78107 18861 78120 18871 161116 18884 
6 : 78185 63676 78181 63694 104927 63678 
6 : 78189 78183 25622 176929 25646 25631 
6 : 78251 78248 78249 116516 123609 116510 
6 : 78312 78307 78315 151166 221343 151171 
6 : 78318 42402 78313 42423 228831 42419 
6 : 78321 78306 78314 130927 236459 130923 
6 : 78340 78346 78351 162587 162593 224284 
6 : 78342 78337 78344 112403 190208 112408 
6 : 78431 78428 78433 80967 127627 80977 
6 : 78445 78457 78448 85588 85574 143384 
6 : 78452 78451 78459 195603 199259 195611 
6 : 15143 78621 78615 15159 15152 168927 
6 : 2480 78726 78727 2494 2495 235087 
6 : 78721 41442 8306 41447 8316 8301 
6 : 1521 78733 78744 1525 1543 115766 
6 : 55435 78764 78751 55460 55447 200231 
6 : 78750 78745 38235 93004 38247 38237 
6 : 78753 78763 78760 206962 206959 261840 
6 : 78761 78762 78758 263797 248416 248417 
6 : 78855 78848 78852 103943 196674 103936 
6 : 78920 78927 3962 90764 3964 3970 
6 : 79109 79089 79095 83786 108314 83773 
6 : 7253 79141 79131 7272 7255 108465 
6 : 79140 49870 79132 49891 134212 49874 
6 : 79251 79253 79252 174335 174333 185280 
6 : 79254 79255 79257 199254 199258 241526 
6 : 35007 79266 79264 35017 35016 201287 
6 : 79283 79286 79287 199142 199143 207604 
6 : 79285 79280 79276 171081 83169 83163 
6 : 79288 79293 79279 226910 158046 158051 
6 : 79295 24879 79290 24914 251149 24906 
6 : 70364 79388 79391 70376 70381 230957 
6 : 79389 79384 34304 153852 34322 34311 
6 : 54321 79394 74450 54328 54319 74458 
6 : 66897 79446 79426 66927 66899 94740 
6 : 79525 79518 79522 162827 243899 162823 
6 : 79534 79538 79530 229190 136400 136414 
6 : 79543 79549 21401 180116 21407 21416 
6 : 79553 79541 79547 121336 203815 121328 
6 : 79647 79648 79645 221107 160744 160762 
6 : 79662 79657 61056 186289 61088 61070 
6 : 79678 79680 79671 257527 213092 213094 
6 : 79780 79783 79774 234116 110351 110358 
6 : 79927 79931 79930 202459 202457 255408 
6 : 79951 79943 79945 233940 251591 233930 
6 : 79974 79960 79968 176965 226015 176952 
6 : 79986 79980 79992 102014 150475 102020 
6 : 79999 80001 79982 263605 124214 124215 
6 : 7933 80059 80065 7935 7955 102803 
6 : 80069 80082 80077 95835 95834 203346 
6 : 80071 80068 40454 93799 40458 40455 
6 : 80098 19115 80091 19135 218872 19125 
6 : 80111 80107 80109 128888 134929 128885 
6 : 80145 80142 80141 263433 262071 262068 
6 : 80184 80189 80186 206252 206249 242860 
6 : 80196 46343 6687 46365 6717 6684 
6 : 80199 80209 80204 132665 132658 205534 
6 : 80206 80208 80202 247481 176779 176782 
6 : 78874 80215 80218 78882 78889 171924 
6 : 80219 35252 80221 35270 254854 35272 
6 : 80222 80220 80217 255864 243043 243041 
6 : 46231 80235 80225 46246 46237 133852 
6 : 80300 80312 80306 84424 84407 189492 
6 : 80302 36479 80301 36484 114132 36482 
6 : 77027 50196 80349 50195 77029 50201 
6 : 80347 80354 80351 81550 81549 155968 
6 : 80431 80433 80436 91543 91552 157209 
6 : 73856 2388 80472 2386 73867 2398 
6 : 80469 80473 80465 159072 102143 102151 
6 : 80573 80569 80567 153304 83658 83648 
6 : 80580 80568 80577 101202 256108 101196 
6 : 80597 80599 80590 261992 169790 169794 
6 : 80716 80713 31723 163037 31737 31731 
6 : 80722 39094 80715 39119 194203 39102 
6 : 80735 80741 80729 257886 230029 230036 
6 : 80766 70770 14908 70799 14939 14907 
6 : 80994 81000 81002 219874 219881 255845 
6 : 80999 80996 80990 227822 118929 118924 
6 : 81005 81014 11472 85536 11473 11488 
6 : 81009 81017 64541 191497 64552 64569 
6 : 81076 81066 81081 101880 249087 101888 
6 : 81126 81130 81122 259056 223888 223894 
6 : 81273 81270 81276 139771 220661 139777 
6 : 81292 81284 53124 161849 53152 53130 
6 : 81294 81290 81295 249670 259413 249672 
6 : 81352 81344 81342 188270 176566 176555 
6 : 81419 81420 81411 201183 131714 131719 
6 : 81545 81548 81544 102194 100307 100313 
6 : 81547 81553 81557 136889 136898 188730 
6 : 78919 81562 81571 78928 78939 171288 
6 : 81615 81635 81609 185088 137064 137086 
6 : 81701 74388 81712 74397 141158 74417 
6 : 81709 81705 44896 226012 44922 44915 
6 : 81710 81704 81707 218739 245610 218733 
6 : 43119 81719 81716 43127 43123 156053 
6 : 81738 81729 81727 120244 98529 98520 
6 : 80121 81757 81756 80132 80131 165925 
6 : 81767 81762 81766 206982 234282 206978 
6 : 81768 81759 81751 174572 120970 120956 
6 : 81788 81793 81796 231842 231847 256641 
6 : 81791 81783 81787 192130 225611 192123 
6 : 25320 81868 81867 25327 25325 149030 
6 : 81891 81889 81899 224280 238931 224288 
6 : 64759 13273 81970 13272 64766 13283 
6 : 81425 81986 81984 81443 81440 257209 
6 : 81975 81987 81983 150264 150260 251636 
6 : 81988 81978 81976 217258 155570 155557 
6 : 36415 81999 81992 36428 36422 202593 
6 : 81991 81996 81993 192409 192407 202804 
6 : 81995 26926 4081 26937 4092 4077 
6 : 82009 6525 82006 6537 143547 6532 
6 : 82054 82061 82076 197487 197499 235564 
6 : 82078 82087 82084 128567 128564 238176 
6 : 82080 82083 82081 135353 135347 168092 
6 : 82082 82085 82086 201114 201115 240598 
6 : 82089 82090 82102 125615 125626 137383 
6 : 82091 82099 11511 143002 11516 11523 
6 : 82097 82093 82096 215753 224553 215752 
6 : 82118 82117 82124 213575 214973 213586 
6 : 82131 82137 6878 186011 6889 6897 
6 : 82182 82187 82185 199180 199178 211951 
6 : 82204 82207 82203 169118 158918 158924 
6 : 82208 82210 82206 220220 176681 176686 
6 : 82342 82337 47458 159555 47478 47470 
6 : 82345 82340 82338 206434 186651 186640 
6 : 82361 82365 40142 256858 40163 40169 
6 : 82367 82374 82380 88450 88457 220046 
6 : 82530 82525 82527 240700 245445 240696 
6 : 82625 82634 82624 182439 182388 182403 
6 : 82628 82619 82622 109479 164316 109473 
6 : 45713 82647 82641 45725 45718 146759 
6 : 18994 82688 82679 19012 18997 133465 
6 : 12485 82756 82751 12501 12487 145557 
6 : 82752 82755 82754 177909 177908 225011 
6 : 82796 82800 82784 252832 117814 117818 
6 : 74005 82949 82930 74032 74006 91048 
6 : 82945 82937 25770 161056 25795 25785 
6 : 82957 82958 82967 164606 164611 184568 
6 : 61011 83044 8262 61029 8260 8295 
6 : 83058 83053 83062 152567 218384 152575 
6 : 83069 83068 83066 259256 246887 246886 
6 : 83072 83079 22006 139349 22012 22024 
6 : 83096 83104 83098 176156 176151 200352 
6 : 83097 83109 83103 194297 194292 219436 
6 : 83114 83105 83107 243998 248270 243994 
6 : 83116 83117 83093 262977 85234 85236 
6 : 83187 83189 30594 166060 30599 30604 
6 : 41966 83197 83208 41970 41982 137184 
6 : 19610 83227 83228 19626 19630 238173 
6 : 83215 83225 83212 124998 85346 85360 
6 : 83239 83247 83238 180401 163059 163072 
6 : 83321 65715 24146 65743 24177 24142 
6 : 83327 83334 66459 204644 66471 66477 
6 : 83462 83466 83468 182614 182619 223839 
6 : 83463 83461 80367 159551 80379 80373 
6 : 83586 83587 83585 183880 183649 183652 
6 : 6847 83710 13539 6863 6843 13561 
6 : 83701 83704 83711 170004 170011 222882 
6 : 83723 83720 83722 231917 248356 231916 
6 : 83841 27563 42195 27579 42211 27560 
6 : 83851 50717 83846 50739 262046 50734 
6 : 83894 83884 83892 215667 263551 215664 
6 : 47985 83994 83993 48001 47996 210879 
6 : 83988 83985 83995 91908 129902 91930 
6 : 84069 46522 73857 46525 73859 46520 
6 : 84120 84121 84134 120700 120712 128893 
6 : 84135 84119 84124 102132 141685 102123 
6 : 84152 84143 84149 141494 195148 141490 
6 : 84199 84189 84202 146838 231034 146841 
6 : 58517 84207 84214 58522 58540 147394 
6 : 84212 84213 84208 226378 160957 160960 
6 : 84221 84239 84232 127309 127300 242254 
6 : 84345 84339 84342 142844 185786 142839 
6 : 84369 84368 84365 174140 149879 149878 
6 : 75810 27990 23032 27989 23029 23024 
6 : 84458 84457 81172 138175 81178 81176 
6 : 84461 50975 84459 50987 175171 50981 
6 : 84473 84481 84468 192250 117460 117465 
6 : 84491 84495 84490 153690 102195 102205 
6 : 84496 84493 50198 182289 50221 50213 
6 : 84499 84494 60927 187177 60952 60939 
6 : 84508 84500 56199 89926 56213 56200 
6 : 84579 76802 84574 76812 151864 76808 
6 : 84580 84583 84581 223654 223652 230533 
6 : 84595 84590 84593 110828 136577 110826 
6 : 84615 84621 84632 159884 159896 204483 
6 : 84628 84625 84626 227875 236668 227872 
6 : 84731 84739 84747 106681 106691 233718 
6 : 84748 84755 32040 97201 32041 32049 
6 : 84750 84749 84762 128782 129579 128794 
6 : 23470 30767 84789 23466 23492 30791 
6 : 3266 84856 84858 3276 3281 227810 
6 : 80462 84850 84861 80471 80475 169478 
6 : 84853 84857 84852 202938 191270 191280 
6 : 84873 84866 62028 238993 62052 62039 
6 : 84885 84891 32293 217101 32301 32313 
6 : 84890 84888 84883 231049 193229 193222 
6 : 84903 76217 84909 76231 227126 76234 
6 : 85009 85027 16508 123928 16511 16526 
6 : 85119 54915 85121 54933 233313 54936 
6 : 85122 85114 17193 129559 17216 17200 
6 : 85123 85124 85115 263049 158155 158156 
6 : 53063 85135 85131 53075 53071 199886 
6 : 76137 85162 85181 76139 76159 93814 
6 : 85248 63464 85242 63473 131927 63469 
6 : 85252 85253 85249 235119 211504 211505 
6 : 85272 85273 85263 257367 180637 180638 
6 : 85276 85277 85269 264484 231039 231040 
6 : 85404 85397 85411 129117 251171 129125 
6 : 85499 85509 85507 100265 100262 243456 
6 : 85508 85505 79218 218515 79241 79232 
6 : 85521 85525 85527 249484 249486 262065 
6 : 85522 85524 85517 251856 211494 211495 
6 : 63170 85529 85539 63171 63185 98641 
6 : 85630 85634 85627 252170 107143 107148 
6 : 85640 85643 85639 164077 131282 131285 
6 : 85654 10501 28306 10505 28314 10496 
6 : 85769 85780 85783 92764 92766 250148 
6 : 85782 85777 85778 222788 231452 222782 
6 : 85790 85787 1810 171644 1824 1820 
6 : 53171 85859 85861 53182 53185 253804 
6 : 72321 85862 85854 72337 72328 187758 
6 : 33323 85872 57319 33328 33321 57328 
6 : 85868 60303 85875 60306 135354 60311 
6 : 85881 85894 85889 103664 103659 229737 
6 : 85895 85892 85897 250302 261647 250303 
6 : 85976 21693 85977 21696 158233 21704 
6 : 85984 85985 85988 254493 254494 254505 
6 : 85991 85992 85994 102363 102365 108917 
6 : 85997 86000 59921 207583 59939 59942 
6 : 80348 86137 86131 80363 80359 225394 
6 : 86128 26951 86126 26957 98801 26952 
6 : 16041 86150 86153 16056 16059 257002 
6 : 86149 86147 86148 211109 212028 211107 
6 : 68837 86169 86171 68853 68856 251216 
6 : 86334 86342 86345 190850 190854 249251 
6 : 59031 72412 86359 59029 59042 72433 
6 : 44556 86387 86384 44559 44557 104830 
6 : 86390 86389 86400 181750 183818 181768 
6 : 86393 35544 86398 35554 204661 35559 
6 : 86412 86410 86405 198758 171100 171098 
6 : 86496 86497 86494 230581 213653 213654 
6 : 86499 86492 86490 157415 96459 96443 
6 : 86517 86502 86518 93836 256795 93838 
6 : 86646 86638 86648 153288 258131 153290 
6 : 86666 86659 86662 254472 260249 254467 
6 : 86775 86774 86776 197329 244271 197335 
6 : 16190 52814 86785 16189 16194 52825 
6 : 76192 46488 86784 46487 76204 46505 
6 : 86797 86808 38110 180295 38116 38144 
6 : 86806 86803 86807 256678 262107 256679 
6 : 86821 27261 86824 27272 222176 27279 
6 : 67930 86891 86886 67939 67931 104247 
6 : 86906 86901 86898 232627 126688 126674 
6 : 86909 86911 86907 161110 98272 98273 
6 : 86924 86916 83119 214557 83149 83134 
6 : 86964 86970 86975 214971 214976 248952 
6 : 10383 87021 87025 10398 10404 256287 
6 : 87024 87022 87018 256511 199894 199889 
6 : 46468 87134 87133 46479 46477 184737 
6 : 87143 87146 87148 231423 231426 254021 
6 : 55881 87152 87161 55889 55898 147670 
6 : 45926 83254 87176 45925 45948 83278 
6 : 87172 87178 87182 173713 173716 254376 
6 : 87251 87264 87262 149870 149869 253955 
6 : 87267 87278 87285 97821 97829 246205 
6 : 87273 87284 87277 212172 212163 241348 
6 : 87290 87288 52979 168733 53005 52987 
6 : 87293 87289 78125 209211 78145 78135 
6 : 14438 87304 87309 14447 14455 168013 
6 : 87397 87406 87409 102372 102374 233256 
6 : 87413 87412 87408 260428 239964 239958 
6 : 87414 87429 87428 98458 98456 251880 
6 : 73276 87530 87523 73294 73281 134273 
6 : 87529 87525 60351 175066 60374 60364 
6 : 87531 87533 58018 258578 58045 58049 
6 : 87545 87541 87536 250608 133859 133853 
6 : 87555 71014 87546 71027 95619 71016 
6 : 87563 87561 78024 92771 78029 78026 
6 : 14410 77635 87772 14409 14411 77636 
6 : 87774 87778 87779 132586 132587 241244 
6 : 2923 66 87786 61 2928 74 
6 : 87789 72915 87787 72927 184994 72921 
6 : 8938 87809 87795 8960 8940 113792 
6 : 13776 87822 87814 13792 13783 162220 
6 : 87897 87895 87891 221539 171896 171890 
6 : 88027 88028 88023 207254 168285 168294 
6 : 88032 88026 88030 194368 250072 194364 
6 : 88034 88040 88037 102672 102665 135933 
6 : 88042 88035 88045 114959 194708 114961 
6 : 88044 88036 88051 134662 203509 134674 
6 : 88062 51214 88063 51228 207394 51232 
6 : 88158 75284 88157 75289 106897 75287 
6 : 88166 88156 88165 100534 259710 100532 
6 : 88171 88179 88181 117107 117109 224816 
6 : 88208 45337 88202 45360 226393 45348 
6 : 88306 88309 88305 147927 133975 133984 
6 : 40620 82408 88334 40619 40635 82431 
6 : 88364 88361 88354 260632 236838 236836 
6 : 88467 88480 88471 184544 184537 240231 
6 : 88469 88473 74131 219210 74144 74150 
6 : 88574 88577 88582 188906 188913 231562 
6 : 88576 88575 33114 202573 33129 33126 
6 : 88589 88585 63598 107494 63602 63601 
6 : 88591 88590 40349 244653 40376 40371 
6 : 88595 88597 47418 133308 47422 47430 
6 : 88603 88598 88600 185077 209233 185071 
6 : 88623 88609 88615 112083 217287 112071 
6 : 60430 88744 28877 60446 28875 28891 
6 : 88784 88799 88792 177306 177303 261821 
6 : 60181 88839 88843 60193 60199 209682 
6 : 88841 88842 88847 234464 234468 236512 
6 : 88844 88837 88840 178573 211571 178563 
6 : 88855 88856 71599 173525 71609 71610 
6 : 88859 88853 88852 126316 122982 122972 
6 : 88874 88885 88868 200596 89215 89237 
6 : 88884 28429 88882 28451 260312 28448 
6 : 88986 55048 88988 55059 222302 55063 
6 : 89031 89036 89032 209147 209144 222446 
6 : 89112 89110 89111 232451 243666 232448 
6 : 89128 89124 89119 226540 182588 182586 
6 : 89130 89127 89132 239945 253119 239949 
6 : 89131 89121 89118 220822 160416 160405 
6 : 52792 89246 89242 52810 52800 179833 
6 : 89240 44757 89245 44758 91430 44780 
6 : 89284 89303 89295 103188 103181 243709 
6 : 89304 89299 89296 250544 244489 244482 
6 : 89386 89389 89383 262570 258273 258277 
6 : 89397 89393 64396 176442 64408 64405 
6 : 89402 89392 4954 144577 4978 4963 
6 : 89423 89428 3798 238262 3815 3822 
6 : 89652 89657 89660 108716 108723 148521 
6 : 89775 89784 76427 109601 76429 76454 
6 : 89790 35033 89793 35042 176411 35051 
6 : 89796 89794 89787 255449 148934 148931 
6 : 62231 42052 89804 42050 62241 42062 
6 : 89806 89810 89798 222354 143162 143171 
6 : 89807 89811 89803 225417 205740 205746 
6 : 89887 13624 58019 13646 58048 13620 
6 : 89895 89901 89889 177438 111519 111532 
6 : 89903 89909 67257 122696 67264 67272 
6 : 86089 90004 4304 86099 4301 4314 
6 : 90000 90003 90001 97042 97041 104896 
6 : 90023 13653 90015 13664 134641 13656 
6 : 90025 90019 90020 189294 194828 189289 
6 : 90028 47029 90014 47048 116950 47031 
6 : 82490 90031 90038 82493 82501 109778 
6 : 62605 90129 90128 62615 62611 194199 
6 : 90131 90127 90130 180252 242955 180250 
6 : 90133 59972 90134 59991 263570 59993 
6 : 4383 90146 90144 4394 4393 260380 
6 : 90148 90143 90135 258552 110036 110032 
6 : 90165 90161 90160 250551 244486 244483 
6 : 90252 90245 90255 161363 207232 161370 
6 : 90254 90250 90248 188862 179905 179896 
6 : 90268 90271 90256 232502 90336 90347 
6 : 90298 90305 90303 165889 165886 183741 
6 : 90386 88400 90388 88418 254469 88429 
6 : 90390 49303 90400 49307 118261 49321 
6 : 90399 90396 77091 232378 77114 77108 
6 : 90413 90408 90412 178880 236720 178878 
6 : 90419 90411 90414 218520 239813 218510 
6 : 90649 90652 90656 193496 193502 226664 
6 : 90687 90696 90702 107082 107090 209046 
6 : 90802 90794 90792 244035 228159 228150 
6 : 82003 46759 90826 46756 82010 46766 
6 : 90928 49787 10747 49789 10749 10742 
6 : 90977 90965 90970 166680 203792 166669 
6 : 8839 91066 91071 8841 8848 135369 
6 : 91213 91212 91209 234284 157751 157745 
6 : 91364 91363 91361 186259 171080 171079 
6 : 91366 91365 91357 219035 107896 107894 
6 : 83048 91407 91402 83070 83059 232035 
6 : 91401 91398 88775 194730 88787 88786 
6 : 91473 71737 91474 71747 164951 71749 
6 : 91486 91488 91495 189178 189190 208754 
6 : 43439 91598 31692 43453 31686 31712 
6 : 91606 91611 91605 216076 210979 210992 
6 : 91617 91616 91625 155635 171553 155642 
6 : 91624 91633 34907 221673 34921 34939 
6 : 91730 91726 91722 224292 116186 116178 
6 : 91738 91733 91743 112174 192174 112190 
6 : 58223 91756 52391 58238 52388 52412 
6 : 91749 91752 91748 225594 222439 222445 
6 : 17304 91839 91842 17309 17315 204535 
6 : 581 91850 87984 591 578 87994 
6 : 27358 88913 91879 27354 27374 88937 
6 : 52794 91962 91963 52798 52799 155754 
6 : 91966 91964 91961 170153 149527 149524 
6 : 91969 91965 91960 184886 100261 100256 
6 : 92004 91989 91992 112628 144851 112611 
6 : 92012 73203 92007 73218 133455 73208 
6 : 92077 92085 13189 109502 13192 13211 
6 : 92079 89437 92083 89444 155268 89458 
6 : 92091 92102 21856 170825 21867 21885 
6 : 92116 92114 92110 187478 117128 117126 
6 : 69376 92239 92245 69386 69395 251070 
6 : 92235 92241 53648 152679 53655 53667 
6 : 48825 14265 92261 14261 48850 14287 
6 : 92253 92258 92250 217753 179981 179987 
6 : 92343 92342 92344 110082 122367 110083 
6 : 92346 92341 92351 98896 164931 98907 
6 : 92348 92352 9242 181218 9252 9269 
6 : 321 92360 15533 328 314 15555 
6 : 68455 92372 92369 68466 68463 201375 
6 : 78877 92365 85412 78880 78875 85414 
6 : 14955 92466 92468 14965 14966 231383 
6 : 92481 92482 66282 260791 66312 66316 
6 : 92512 43762 92513 43766 163987 43767 
6 : 92543 92557 92554 235248 235247 263916 
6 : 92589 92587 13057 147801 13068 13064 
6 : 92590 87954 1764 87962 1771 1761 
6 : 39657 92600 65137 39662 39654 65147 
6 : 92603 92613 63306 204679 63318 63333 
6 : 92604 92597 92599 106303 141429 106297 
6 : 92610 92598 92601 131146 191936 131137 
6 : 92616 92625 92621 97164 97160 163250 
6 : 92629 92642 87609 137057 87613 87634 
6 : 92632 92641 11964 205193 11975 11991 
6 : 92703 71903 92706 71910 154327 71922 
6 : 92829 67337 55759 67339 55764 55757 
6 : 54974 92859 86982 54987 54972 86999 
6 : 92849 92854 92855 138560 138561 196826 
6 : 92861 92850 92848 151602 108163 108145 
6 : 92903 47608 92899 47621 201212 47614 
6 : 26371 92950 92957 26387 26398 247523 
6 : 92956 92948 92955 199690 263328 199689 
6 : 93093 66539 93098 66542 121149 66554 
6 : 35303 93110 93105 35316 35308 131928 
6 : 93114 93111 93113 221434 238846 221433 
6 : 93130 93134 63465 224150 63481 63486 
6 : 93219 57754 93222 57756 116141 57761 
6 : 93230 73157 93233 73160 114870 73164 
6 : 93242 93237 93232 209945 140140 140123 
6 : 93255 93258 93264 227242 227246 249352 
6 : 93305 93297 93290 203979 156947 156931 
6 : 93366 20415 93369 20426 225252 20430 
6 : 93384 93373 93380 163640 243154 163637 
6 : 93515 93509 93506 231858 219757 219746 
6 : 93516 93513 46115 257223 46143 46138 
6 : 3616 93593 32966 3633 3607 32987 
6 : 37416 93590 93591 37423 37427 210600 
6 : 93718 93720 93724 94193 94198 102077 
6 : 82865 93735 93749 82868 82895 98788 
6 : 93741 5415 19516 5424 19528 5405 
6 : 93779 93778 93785 172978 180663 172983 
6 : 62900 93797 93805 62905 62912 113506 
6 : 93857 93873 93862 97077 97064 133910 
6 : 93867 93879 93863 184716 142705 142727 
6 : 93951 93940 93934 205956 173697 173679 
6 : 94003 93993 94002 117116 252065 117113 
6 : 94017 47837 94019 47849 222956 47853 
6 : 94130 94128 94133 207855 212571 207859 
6 : 94134 94136 94132 247024 226149 226154 
6 : 94148 94150 94144 259038 217499 217505 
6 : 16509 94275 94260 16533 16514 159766 
6 : 29203 94274 94270 29224 29221 263329 
6 : 94277 94273 94264 264519 215983 215980 
6 : 94296 94315 94293 216106 140769 140787 
6 : 94331 94326 94321 203566 165003 164993 
6 : 94373 94384 94380 126120 126112 173689 
6 : 94376 25109 94382 25112 152756 25117 
6 : 32430 94395 94394 32439 32437 219749 
6 : 94495 94491 94493 145540 177853 145537 
6 : 39353 94627 94623 39369 39363 191918 
6 : 94633 94635 43796 170507 43801 43811 
6 : 94649 94657 94654 138207 138203 242825 
6 : 94748 94745 94744 204276 193197 193193 
6 : 94761 94755 94772 122256 221424 122267 
6 : 94881 94882 94886 116679 116688 134616 
6 : 95036 63564 95034 63591 264752 63590 
6 : 95043 95057 95040 184732 147468 147479 
6 : 43393 95130 87851 43405 43391 87879 
6 : 93540 53494 95131 53493 93557 53513 
6 : 95127 95129 95123 239984 163924 163929 
6 : 95152 95159 88402 230289 88413 88425 
6 : 95157 95145 95162 147906 257390 147910 
6 : 80032 95262 95255 80057 80045 238764 
6 : 95263 95272 95267 104750 104742 172412 
6 : 95370 95382 95374 99626 99612 156605 
6 : 95377 49421 95379 49429 218504 49433 
6 : 95395 95398 95393 254679 214209 214211 
6 : 95407 95411 95416 141285 141293 198997 
6 : 95509 95513 95522 142647 142660 181646 
6 : 95511 95512 95519 155051 155065 159857 
6 : 6130 95539 95548 6133 6146 166171 
6 : 95544 95555 95543 228117 226660 226672 
6 : 95643 95644 64956 251790 64975 64980 
6 : 75665 82174 31893 75663 31888 31890 
6 : 95694 95696 95697 203559 203560 220148 
6 : 95703 95695 95700 214860 252028 214859 
6 : 95759 78820 95765 78829 210285 78836 
6 : 95760 68839 95758 68850 161766 68845 
6 : 95763 71375 57888 71388 57904 57887 
6 : 59439 95770 95776 59441 59450 165808 
6 : 95773 95777 95779 211910 211914 258565 
6 : 95775 95772 33870 195607 33884 33878 
6 : 95798 86428 95800 86455 260513 86456 
6 : 95887 7997 95896 7998 103642 8014 
6 : 95909 95477 71766 95507 71796 71765 
6 : 95913 95924 53951 152062 53956 53979 
6 : 96020 96019 96018 188502 164809 164802 
6 : 96035 45610 96026 45631 114147 45612 
6 : 64637 96041 73596 64647 64636 73601 
6 : 96047 27679 67794 27705 67824 27676 
6 : 96125 53244 96129 53248 132913 53253 
6 : 96138 96143 96144 106815 106816 190267 
6 : 96142 96152 96148 171274 171266 242423 
6 : 96159 96170 96153 166342 121085 121111 
6 : 96172 96181 96174 126532 126525 159020 
6 : 96261 96256 96252 241471 218686 218679 
6 : 96262 23979 96254 24006 222199 23993 
6 : 73430 96277 96283 73443 73453 204108 
6 : 96273 96282 96280 171925 171923 239168 
6 : 96370 96371 90983 131529 90988 90989 
6 : 96374 96367 95606 103574 95614 95607 
6 : 96379 81318 96382 81324 152976 81330 
6 : 96386 96384 96377 212625 126781 126778 
6 : 96395 96396 96397 121887 121889 138150 
6 : 96491 7644 96492 7645 114020 7649 
6 : 96493 96496 45819 171632 45828 45841 
6 : 96506 96514 96510 205354 205347 229261 
6 : 96640 96641 41470 150313 41479 41480 
6 : 96642 96645 48757 208674 48768 48786 
6 : 96643 96639 33779 139144 33793 33785 
6 : 96668 96678 96671 207983 207976 213584 
6 : 96708 96703 96688 264506 183666 183665 
6 : 96741 9207 96746 9216 183540 9222 
6 : 96758 20607 96766 20609 101389 20624 
6 : 96761 96760 96764 157608 168551 157615 
6 : 96762 96759 96765 127320 218571 127328 
6 : 96773 96782 96770 201863 151944 151963 
6 : 96774 96777 96768 209727 133247 133254 
6 : 96775 9002 96778 9014 221055 9020 
6 : 96811 40722 96807 40733 151091 40727 
6 : 96885 96889 96890 238436 238438 251017 
6 : 96897 88869 96891 88880 127389 88870 
6 : 96898 96899 96903 251795 251798 255475 
6 : 96901 39658 96895 39678 191940 39664 
6 : 96906 96923 61332 111408 61336 61360 
6 : 96934 96941 96944 208445 208446 259888 
6 : 96940 96938 96925 244040 126683 126679 
6 : 97015 97011 97014 141067 163528 141066 
6 : 97017 97013 81932 147057 81946 81937 
6 : 97020 97019 40486 230544 40508 40507 
6 : 97030 49589 15145 49600 15157 15141 
6 : 90661 97047 97054 90666 90675 156293 
6 : 97095 80479 97083 80492 100686 80480 
6 : 97142 97140 97133 248705 129116 129115 
6 : 97144 97137 97138 233216 246986 233208 
6 : 97147 97148 97153 125629 125636 131172 
6 : 97156 97154 97149 261048 162223 162222 
6 : 97169 83672 97168 83694 259090 83692 
6 : 97253 29331 24586 29335 24591 24579 
6 : 97256 97252 97262 120915 197529 120926 
6 : 97277 12363 97278 12381 228938 12382 
6 : 97280 97270 97279 176693 251145 176691 
6 : 97403 97410 97399 191457 166301 166309 
6 : 97412 97406 97402 196397 186036 186023 
6 : 97414 90729 97405 90754 196143 90739 
6 : 97429 97432 31415 261147 31444 31447 
6 : 59870 97465 20229 59881 20225 20241 
6 : 97459 97472 97467 174942 174941 254071 
6 : 97552 97544 53952 189203 53973 53961 
6 : 97619 86059 97610 86077 116034 86061 
6 : 97658 97660 67262 233691 67279 67284 
6 : 97659 97657 97661 217170 234412 217173 
6 : 97666 97674 97670 120443 120432 146039 
6 : 40994 97786 97783 41004 40999 187003 
6 : 97778 97775 97788 105457 149971 105475 
6 : 14412 97805 97797 14430 14425 196301 
6 : 95804 97808 68318 95806 68317 68320 
6 : 95062 97928 97931 95078 95080 241525 
6 : 97930 97932 97927 246494 221738 221742 
6 : 97937 97940 97951 104167 104189 146315 
6 : 97947 97949 97944 245898 217422 217430 
6 : 97956 97953 97954 123297 171751 123295 
6 : 97963 97968 97964 238838 238834 241934 
6 : 5338 12059 98065 5334 5350 12083 
6 : 98066 98073 98068 118876 118870 170706 
6 : 98097 98084 98094 177614 261965 177611 
6 : 98100 98113 28762 176854 28771 28785 
6 : 98109 98102 98111 199888 256282 199891 
6 : 98112 26566 98099 26586 163184 26572 
6 : 21555 20439 98126 20437 21569 20455 
6 : 98182 98177 98185 227507 247278 227512 
6 : 98189 42314 98203 42318 121600 42337 
6 : 98204 98196 98197 222822 223470 222809 
6 : 98216 95955 47421 95976 47442 47420 
6 : 98217 98215 98205 248277 130736 130735 
6 : 98218 64149 98207 64169 183906 64159 
6 : 67226 98239 98231 67249 67241 214084 
6 : 98309 98302 98300 166998 117944 117931 
6 : 98326 98322 97082 169563 97103 97091 
6 : 69431 98440 98438 69450 69444 235604 
6 : 98441 98439 98435 249786 173980 173973 
6 : 98455 98460 98454 247384 231288 231292 
6 : 98457 98450 98444 169312 131970 131951 
6 : 98491 98476 98481 120426 207331 120414 
6 : 77976 98500 98496 77988 77983 151863 
6 : 98585 33046 37116 33069 37140 33040 
6 : 98612 98609 42197 221950 42217 42208 
6 : 96662 98682 98685 96674 96675 217393 
6 : 98678 98680 98686 167305 167307 189008 
6 : 98684 98683 98677 219553 117743 117742 
6 : 98692 98708 98705 137635 137630 245452 
6 : 98695 98694 98690 163741 122847 122846 
6 : 98701 98711 98691 231339 132606 132623 
6 : 98732 98731 98729 265443 261909 261908 
6 : 98831 43314 98836 43320 180042 43333 
6 : 98832 98833 789 209351 798 799 
6 : 98841 98842 98847 150471 150483 154844 
6 : 98859 98867 98865 235406 235404 259586 
6 : 98863 98864 98851 248077 106087 106088 
6 : 48251 29942 98955 29937 48273 29963 
6 : 88055 98949 98947 88068 88061 202111 
6 : 98945 51217 98951 51220 127559 51236 
6 : 99001 99004 20283 181472 20290 20297 
6 : 99003 98996 99010 114117 216027 114126 
6 : 99073 99074 49645 121142 49648 49649 
6 : 99089 99083 99090 203434 257593 203435 
6 : 47680 99122 99128 47684 47690 177298 
6 : 99194 99200 99197 159206 159201 195973 
6 : 99195 99199 99203 169804 169809 223531 
6 : 99201 99207 99204 235058 235054 253999 
6 : 19059 99239 99233 19085 19075 245457 
6 : 99243 99250 99256 134487 134494 171155 
6 : 99246 99249 99251 140415 140419 143570 
6 : 99252 63342 99244 63359 135938 63346 
6 : 99339 99335 99340 112523 170891 112526 
6 : 99345 99346 99334 263311 108801 108803 
6 : 99353 99352 99354 159800 160808 159801 
6 : 99391 99374 99377 181241 190437 181224 
6 : 99466 97173 99475 97182 183152 97189 
6 : 99470 99465 99471 157328 211021 157333 
6 : 99482 99485 59504 167138 59510 59513 
6 : 99484 99480 99488 139036 174912 139040 
6 : 99579 99586 99590 121262 121273 217320 
6 : 99582 99578 99588 114767 188490 114774 
6 : 99600 99605 99593 250105 131621 131627 
6 : 99621 99615 99618 192187 218757 192184 
6 : 99722 99718 99724 193937 250889 193938 
6 : 75830 99734 11778 75842 11776 11790 
6 : 99782 99780 99769 250662 112872 112871 
6 : 15259 99864 99862 15275 15271 260948 
6 : 99852 99860 41471 139149 41477 41495 
6 : 75955 99876 99873 75972 75968 205948 
6 : 99867 99871 57988 162902 57994 57998 
6 : 99984 99974 99976 134088 161530 134075 
6 : 99994 99989 99996 128113 169263 128118 
6 : 100000 100003 74161 232026 74187 74197 
6 : 100018 100024 100019 176831 176828 178606 
6 : 100027 33962 100020 33978 202811 33970 
6 : 100058 100056 100044 265311 217580 217578 
6 : 100090 100093 100086 239605 104453 104455 
6 : 100096 100091 100092 248733 249634 248726 
6 : 11424 100103 100104 11429 11430 153383 
6 : 100101 62155 100099 62159 106065 62157 
6 : 100123 100121 45958 255583 45979 45977 
6 : 10478 9903 100211 9896 10491 9914 
6 : 100215 100221 100232 137570 137580 196899 
6 : 100227 100226 100224 239900 231284 231282 
6 : 100229 100230 100219 261974 159447 159448 
6 : 39218 100247 100237 39244 39232 176877 
6 : 100242 100233 100240 104182 227258 104177 
6 : 100351 100358 100355 150958 150954 183714 
6 : 100353 100356 100357 160491 160492 202763 
6 : 19117 100368 46694 19126 19109 46712 
6 : 100365 65222 100374 65228 163908 65244 
6 : 100366 100370 100363 190848 111341 111349 
6 : 100380 62529 100383 62531 137605 62537 
6 : 49124 100467 100466 49132 49126 124873 
6 : 100579 4010 100575 4031 218980 4024 
6 : 100580 100577 100582 245043 264001 245046 
6 : 100609 100598 26234 185617 26258 26245 
6 : 100702 100700 100706 102538 116009 102551 
6 : 14183 100716 100723 14186 14195 222281 
6 : 100718 100719 100724 246384 246388 249818 
6 : 100732 100731 100727 186623 128712 128711 
6 : 100832 100847 100834 161628 161619 170204 
6 : 100960 100949 100957 129269 239013 129265 
6 : 100961 100956 100951 234956 165006 164999 
6 : 100963 100955 100965 230311 258508 230316 
6 : 66512 100973 100976 66527 66530 247867 
6 : 100981 100993 100989 119703 119697 218743 
6 : 101088 101082 101089 105919 182962 105921 
6 : 101095 101091 62400 210270 62420 62411 
6 : 34131 23809 101096 23803 34133 23811 
6 : 101097 8677 101098 8680 126050 8683 
6 : 101107 101111 101117 103322 103329 177129 
6 : 101228 101217 101231 135848 262843 135851 
6 : 101229 101221 101222 190684 202521 190667 
6 : 37205 101273 101256 37225 37208 156972 
6 : 101264 101261 101269 190211 228142 190216 
6 : 101271 101259 101253 171413 107548 107523 
6 : 95404 101340 101342 95420 95423 259157 
6 : 101341 101331 101338 143152 257861 143148 
6 : 29697 101344 101353 29699 29715 112536 
6 : 101355 101349 93308 258332 93339 93333 
6 : 101361 37382 101366 37392 175785 37394 
6 : 101373 101365 101370 196209 259493 196204 
6 : 101449 65396 101455 65409 213950 65416 
6 : 101471 101473 101472 238199 238198 238616 
6 : 101476 101466 101470 176962 235489 176954 
6 : 101490 101481 101487 124293 223668 124288 
6 : 101580 101586 101568 258263 121569 121573 
6 : 101584 101588 11966 262339 11994 11998 
6 : 101624 60033 101616 60055 156220 60039 
6 : 101625 101615 101619 148607 221016 148602 
6 : 101632 101634 101629 172490 151859 151862 
6 : 24213 70546 101691 24210 24220 70559 
6 : 101694 101696 101697 224751 224752 235159 
6 : 101701 101700 101698 263863 249190 249189 
6 : 78583 101705 101716 78589 78599 159654 
6 : 101712 101711 101704 235855 137148 137147 
6 : 101717 101706 101715 162642 248206 162637 
6 : 62379 101847 49926 62393 49924 49947 
6 : 40143 101860 101865 40153 40166 202349 
6 : 70386 101862 101866 70400 70405 252577 
6 : 84141 101863 101864 84156 84158 256963 
6 : 51463 101967 101966 51478 51477 229139 
6 : 75666 101960 101962 75667 75672 148993 
6 : 101984 22951 101975 22966 176493 22957 
6 : 101996 102006 102004 198522 198520 230176 
6 : 30389 102106 46406 30401 30388 46426 
6 : 102102 102104 102101 171855 163058 163066 
6 : 102107 102105 102109 241058 246296 241063 
6 : 60990 46161 69967 46156 60987 46157 
6 : 102134 102137 7516 262253 7538 7543 
6 : 92711 12242 56439 12240 56438 12236 
6 : 102243 102244 102237 245627 127468 127469 
6 : 102352 88626 102355 88633 162651 88636 
6 : 102369 102379 102367 195800 166596 166613 
6 : 102407 102405 102422 108751 121876 108769 
6 : 56166 57046 102490 56163 56178 57057 
6 : 102493 102489 102488 186250 178280 178271 
6 : 16066 102499 55467 16068 16061 55473 
6 : 44576 102496 102500 44577 44580 115924 
6 : 102503 102509 75031 181560 75043 75057 
6 : 102520 102532 29871 200281 29881 29893 
6 : 102547 102546 102550 231864 232333 231869 
6 : 102626 102629 102637 146636 146641 184605 
6 : 51218 90758 102734 51216 51224 90766 
6 : 102738 102744 102745 213381 213382 264613 
6 : 102586 102762 102761 102593 102589 127450 
6 : 102776 102781 102777 253941 253936 256748 
6 : 91105 102793 102798 91115 91120 217720 
6 : 102871 102872 102864 253658 211348 211349 
6 : 102879 102885 102884 146637 146635 173082 
6 : 103016 103007 103009 103435 140625 103421 
6 : 103017 103010 103018 151004 265172 151005 
6 : 103025 59121 103026 59128 146012 59133 
6 : 103044 103034 103047 103158 245369 103160 
6 : 103046 103040 103043 181451 241958 181447 
6 : 103052 64638 103051 64641 108271 64639 
6 : 103129 103127 103128 259928 260884 259926 
6 : 36897 103244 103254 36899 36921 128452 
6 : 103274 103278 103272 213748 198195 198201 
6 : 103286 103307 103285 119513 115654 115674 
6 : 103374 103375 103377 168149 168150 176715 
6 : 103385 103400 103393 140736 140728 219518 
6 : 103399 61037 45338 61052 45359 45334 
6 : 103403 103414 103407 121976 121965 167814 
6 : 103418 103419 103425 124171 124182 126776 
6 : 103499 103505 103506 126056 126057 190528 
6 : 103507 103501 103503 163778 173656 163775 
6 : 103525 103519 103514 247256 196145 196140 
6 : 103654 103658 77881 171809 77891 77899 
6 : 103751 103758 103753 125950 125940 160154 
6 : 103756 103762 103752 223699 153111 153127 
6 : 24817 10908 55727 10900 24814 10901 
6 : 18567 103784 103794 18573 18586 155963 
6 : 77978 103817 103801 78001 77984 154155 
6 : 89368 103888 103879 89387 89373 158369 
6 : 103889 51219 55728 51244 55755 51212 
6 : 103911 90584 103927 90594 187828 90609 
6 : 1029 104018 104023 1038 1046 240814 
6 : 104022 10708 104021 10738 256629 10735 
6 : 104024 104030 104039 126011 126019 202979 
6 : 104029 104025 104044 145819 197446 145836 
6 : 26530 104056 16265 26549 16256 16283 
6 : 104109 104113 104107 159946 142285 142289 
6 : 104132 104136 104139 138774 138777 186104 
6 : 104140 104137 104133 201967 178142 178138 
6 : 104147 104157 104165 158501 158509 233553 
6 : 104316 104294 104296 169822 195987 169799 
6 : 67903 104323 104319 67914 67907 165698 
6 : 104339 98375 104345 98384 190824 98387 
6 : 104381 43052 104370 43084 238812 43074 
6 : 104399 104389 104395 126630 229094 126624 
6 : 12397 104405 104408 12399 12405 148187 
6 : 104410 100772 36231 100787 36254 36230 
6 : 53388 49873 2205 49867 2202 2201 
6 : 104508 104502 104513 172367 229158 172373 
6 : 83727 104525 104535 83732 83744 181850 
6 : 104614 27715 104615 27725 205722 27731 
6 : 104618 104613 39280 160328 39313 39287 
6 : 96736 104630 99543 96750 96735 99568 
6 : 100133 104631 6653 100151 6652 6677 
6 : 104730 104728 6039 175429 6050 6048 
6 : 104733 104732 104736 231564 244305 231580 
6 : 104747 104748 104741 236133 152921 152922 
6 : 104774 104781 104791 151690 151701 225994 
6 : 104861 104854 104859 198220 213014 198218 
6 : 104867 40409 12683 40410 12684 12680 
6 : 104873 104879 104875 223765 223759 243066 
6 : 104886 104893 104894 206081 206082 261348 
6 : 104903 104909 104900 212215 159335 159347 
6 : 104985 104980 72658 191419 72671 72666 
6 : 16950 17498 104996 16945 16956 17510 
6 : 104991 105001 104994 146820 146813 182395 
6 : 81299 65798 105013 65795 81304 65805 
6 : 105014 44316 105008 44332 111524 44318 
6 : 105017 105019 41864 214101 41879 41885 
6 : 105054 105060 39843 204537 39855 39863 
6 : 19171 105105 105098 19192 19184 237701 
6 : 105096 105095 105103 200425 214946 200445 
6 : 105124 82442 67385 82475 67418 67382 
6 : 105164 105169 105161 253335 246321 246328 
6 : 28097 105265 6006 28114 6005 6027 
6 : 105268 41443 105259 41460 216297 41451 
6 : 105369 105371 65280 184786 65286 65295 
6 : 105382 105376 105380 141632 222801 141624 
6 : 93858 105386 105391 93860 93865 114712 
6 : 38355 105406 67603 38356 38349 67606 
6 : 90834 42342 45521 42341 45519 42338 
6 : 105606 105609 105601 248172 132610 132626 
6 : 19678 75179 105712 19675 19679 75180 
6 : 39219 79559 105713 39215 39223 79561 
6 : 105731 78605 105723 78619 119600 78608 
6 : 105751 46695 105741 46705 111342 46696 
6 : 48376 105853 105858 48378 48387 171971 
6 : 105877 105872 101652 249354 101686 101674 
6 : 105906 14603 99160 14623 99184 14600 
6 : 105984 105991 105982 229160 220932 220941 
6 : 91518 106010 106008 91536 91535 242724 
6 : 106096 106097 106106 205585 205594 208189 
6 : 106101 106094 106095 146195 149736 146182 
6 : 106105 106102 19350 254117 19376 19375 
6 : 90048 106233 106239 90050 90060 120106 
6 : 106234 106232 106241 115332 154403 115342 
6 : 106236 106244 106240 180922 180917 235824 
6 : 28950 57838 106250 28945 28956 57846 
6 : 91082 94043 106260 91079 91088 94048 
6 : 106271 106259 106256 186353 115653 115637 
6 : 106301 106309 106306 197378 197376 226980 
6 : 71964 106354 31727 71967 31722 31732 
6 : 106352 106353 106358 141487 141497 145172 
6 : 106374 106379 91260 237878 91283 91288 
6 : 106480 106488 106486 156708 156707 247773 
6 : 106492 106481 106477 187373 111092 111076 
6 : 1330 72870 106514 1329 1335 72876 
6 : 106521 90404 106512 90421 172674 90407 
6 : 106595 32606 106590 32625 206985 32614 
6 : 106607 106599 106605 148785 248488 148784 
6 : 32431 106623 60484 32444 32429 60512 
6 : 106611 106622 106621 139337 139335 249097 
6 : 106695 106701 26098 172556 26103 26109 
6 : 106707 106706 82047 249053 82070 82067 
6 : 106711 106719 106715 142104 142099 215611 
6 : 106720 56324 106713 56345 201621 56331 
6 : 106740 106738 106732 261890 224375 224373 
6 : 31794 106819 106820 31804 31806 242416 
6 : 82763 106834 106835 82777 82779 255238 
6 : 106838 106823 106825 125997 162852 125978 
6 : 106843 106847 106844 158389 158384 195043 
6 : 106872 35035 106857 35059 160048 35038 
6 : 106927 82537 69996 82556 70025 69995 
6 : 71425 35450 106928 35447 71427 35452 
6 : 106943 98890 9245 98913 9275 9244 
6 : 106987 106983 106994 114693 162894 114702 
6 : 107041 107034 107040 108875 221282 108872 
6 : 107061 107069 107072 157991 157993 232435 
6 : 107091 107083 107095 211922 246615 211925 
6 : 48826 107158 107156 48841 48834 216112 
6 : 107198 107182 107184 163732 174928 163720 
6 : 107284 107288 107283 204886 188859 188864 
6 : 107289 107291 26099 241314 26118 26122 
6 : 107290 27717 107282 27732 184216 27724 
6 : 101497 107316 107326 101504 101514 184836 
6 : 107318 107321 107324 191091 191093 217900 
6 : 107373 107370 107371 233548 241618 233547 
6 : 107380 107361 107378 163525 256050 163521 
6 : 20030 107423 107424 20043 20044 256114 
6 : 107421 107422 107420 253870 212952 212953 
6 : 107559 107561 65656 120154 65658 65661 
6 : 107599 107604 107595 207009 164386 164405 
6 : 107601 107593 61060 130154 61075 61063 
6 : 62357 107678 27137 62376 27134 27162 
6 : 107676 107666 107665 169894 153196 153180 
6 : 97174 107698 107706 97186 97190 231928 
6 : 107695 107696 107708 138880 138891 177065 
6 : 54512 107811 107803 54535 54514 132480 
6 : 107817 107826 107828 186948 186950 263116 
6 : 107823 40001 107813 40014 133443 40002 
6 : 107846 107851 107843 244002 219433 219443 
6 : 107877 62358 107863 62373 182594 62364 
6 : 56955 107945 90216 56961 56952 90231 
6 : 107942 107939 101921 195820 101936 101934 
6 : 107975 107984 107967 224415 124186 124193 
6 : 108000 107991 107995 211417 235922 211413 
6 : 108067 108079 108068 134376 134365 157756 
6 : 108089 108090 108085 213544 167230 167232 
6 : 108098 2792 108103 2799 173825 2804 
6 : 108127 108123 108130 182907 216291 182911 
6 : 108208 108206 108200 219233 159734 159726 
6 : 108220 25012 108227 25024 226972 25031 
6 : 108226 108224 108225 249469 255001 249468 
6 : 108228 108216 108219 140086 206458 140076 
6 : 108245 33844 39128 33863 39157 33838 
6 : 55997 67797 45093 55994 45087 45088 
6 : 106981 108345 108355 106982 106993 111063 
6 : 108353 108352 23365 184191 23386 23380 
6 : 108386 104793 108366 104825 174891 104804 
6 : 108473 108468 108474 197381 258768 197382 
6 : 108490 108478 75032 193800 75062 75046 
6 : 88994 108503 108491 89015 88997 142856 
6 : 108500 108492 108501 185792 249757 185796 
6 : 108579 108584 108586 128795 128800 248004 
6 : 108581 33716 108580 33719 146961 33718 
6 : 50125 108594 108591 50132 50130 180428 
6 : 108602 108589 108598 116669 258748 116665 
6 : 85030 108609 108617 85038 85047 213045 
6 : 108688 87743 108692 87767 259558 87771 
6 : 108695 108696 108698 132436 132441 163247 
6 : 108744 6654 61421 6673 61439 6646 
6 : 108809 108814 98516 119584 98519 98528 
6 : 108826 108822 108832 134762 175798 134773 
6 : 108840 108856 108842 122381 122368 131630 
6 : 108843 108855 51743 150343 51747 51767 
6 : 108857 108846 108853 199745 259071 199743 
6 : 108964 108955 108962 181703 239270 181701 
6 : 108982 108978 108979 260051 260846 260049 
6 : 109068 28470 109070 28474 169482 28479 
6 : 109069 109066 109065 163628 149979 149977 
6 : 109084 109081 28274 180233 28295 28280 
6 : 109110 109114 109117 209358 209361 239825 
6 : 109115 33782 79053 33797 79076 33778 
6 : 91371 109187 109183 91384 91383 225462 
6 : 109185 71352 58990 71364 59005 58988 
6 : 109193 109208 109198 145160 145149 205165 
6 : 109200 109203 91541 221098 91551 91559 
6 : 109220 109224 109212 260696 168834 168836 
6 : 109307 74976 109311 74981 180101 74990 
6 : 109313 109317 43492 248039 43511 43516 
6 : 109315 109314 109309 248398 208410 208408 
6 : 109316 109312 109310 239748 220959 220950 
6 : 34656 109340 109342 34670 34671 237328 
6 : 109337 109334 109336 124845 153204 124841 
6 : 97287 109442 109445 97300 97303 236391 
6 : 109439 109444 109446 200205 200207 240906 
6 : 109464 109459 109465 215440 260279 215445 
6 : 91233 109514 109508 91245 91240 178923 
6 : 28878 109565 109563 28896 28890 238753 
6 : 109558 109560 109557 202421 172788 172793 
6 : 94291 13780 109578 13777 94312 13797 
6 : 109573 109575 109569 227835 140770 140776 
6 : 109576 109574 109577 245664 256554 245669 
6 : 109676 109679 66541 162353 66545 66547 
6 : 109817 109808 109811 188018 234145 188007 
6 : 85300 109826 109818 85308 85301 111830 
6 : 109838 3337 106064 3341 106070 3336 
6 : 109881 109882 109889 205406 205415 214553 
6 : 109924 109921 43639 145043 43652 43643 
6 : 109925 109923 109927 206721 220266 206729 
6 : 86548 94341 109933 86543 86562 94356 
6 : 109939 109937 109953 170459 197692 170471 
6 : 109998 109997 110004 217715 228586 217724 
6 : 35799 100308 81235 35798 35796 81234 
6 : 110043 110044 110039 232639 173875 173882 
6 : 85669 110059 110062 85684 85689 255532 
6 : 62739 47094 110158 47091 62742 47095 
6 : 110166 110169 110168 237536 237535 257293 
6 : 110171 110157 110160 129358 138749 129341 
6 : 92701 24233 110175 24231 92702 24237 
6 : 110174 110181 110180 133549 133548 263226 
6 : 110191 110189 110201 152472 187690 152488 
6 : 5386 63212 110287 5382 5400 63224 
6 : 36052 110396 110397 36063 36065 239852 
6 : 110392 110394 110398 135004 135023 149894 
6 : 54709 110522 110527 54714 54721 180869 
6 : 110525 86524 110533 86535 229703 86541 
6 : 110644 110637 110650 163041 213924 163052 
6 : 110647 110645 110642 226882 207416 207409 
6 : 110778 110770 110773 148942 206186 148939 
6 : 110817 11513 110821 11527 236924 11534 
6 : 64339 110887 110884 64350 64345 212947 
6 : 110959 110956 110961 141959 161745 141963 
6 : 111014 111019 96339 243688 96356 96362 
6 : 111015 111016 111012 244799 225330 225331 
6 : 111021 111017 111018 247263 256749 247258 
6 : 111022 111011 111020 212423 262663 212421 
6 : 98316 111024 111033 98317 98329 123421 
6 : 111028 111030 33404 209485 33421 33432 
6 : 111052 9210 99546 9236 99574 9208 
6 : 111134 111135 111136 232750 232752 241532 
6 : 21120 111146 87826 21130 21119 87839 
6 : 111143 111150 111147 196345 196344 233884 
6 : 111152 111154 111164 155143 155158 182717 
6 : 111161 111157 19351 220646 19377 19364 
6 : 111243 111244 111251 166379 166392 167056 
6 : 91084 111255 50359 91086 50352 50363 
6 : 111259 111261 111256 239736 169529 169532 
6 : 111300 68753 111296 68776 211338 68771 
6 : 11296 111376 111367 11316 11305 195647 
6 : 111372 111369 111363 221631 139522 139518 
6 : 111374 111364 111371 145587 234197 145581 
6 : 111381 70934 111386 70943 180681 70957 
6 : 111424 111428 111416 231669 191377 191383 
6 : 4444 8263 111433 4437 4446 8264 
6 : 111442 74792 111441 74809 250811 74808 
6 : 111444 111434 111445 172126 262899 172128 
6 : 75360 111476 111475 75372 75371 263290 
6 : 111481 111479 111490 134398 201323 134409 
6 : 111485 111477 15691 122258 15713 15692 
6 : 111491 111482 111489 216457 263706 216456 
6 : 111494 54203 111503 54207 144165 54219 
6 : 111498 64581 111496 64592 182486 64588 
6 : 111500 111492 43194 129915 43208 43195 
6 : 111597 111592 111596 150155 252216 150154 
6 : 111610 111613 111612 231218 231215 233721 
6 : 22908 111627 111624 22923 22918 246152 
6 : 25253 111620 111622 25261 25264 211456 
6 : 111617 4629 111621 4632 169088 4636 
6 : 111728 111727 111735 212829 216311 212842 
6 : 111741 111758 111759 156921 156922 263175 
6 : 111752 111738 111739 139860 148433 139851 
6 : 111772 72501 111767 72518 185958 72512 
6 : 111854 111844 111846 188548 230645 188540 
6 : 111861 111868 111867 204248 204247 263803 
6 : 111880 111872 111878 122394 193439 122393 
6 : 111985 55581 111988 55603 238841 55608 
6 : 111998 111999 111992 234222 117233 117234 
6 : 110338 112111 112119 110350 110356 197978 
6 : 112105 112115 112113 144411 144407 213712 
6 : 112122 82306 112138 82307 115438 82329 
6 : 112143 112126 109250 152932 109276 109256 
6 : 112197 85322 112199 85336 259352 85340 
6 : 112203 112208 112211 167190 167198 249184 
6 : 112219 112222 112225 185144 185148 236964 
6 : 112223 112224 112230 245652 245661 247027 
6 : 112258 112266 112255 157700 126550 126558 
6 : 112262 77509 61623 77520 61633 61620 
6 : 51613 112307 112309 51621 51625 173850 
6 : 33534 31269 41615 31262 33531 31263 
6 : 112344 112336 112335 197640 184401 184386 
6 : 9004 112448 6619 9026 6615 6642 
6 : 112473 112463 112454 224688 166759 166741 
6 : 112559 112558 112557 245788 230792 230786 
6 : 112583 112586 91760 245191 91771 91779 
6 : 112606 112601 112596 254627 224569 224561 
6 : 13295 112643 49647 13302 13289 49654 
6 : 112638 112639 112646 123686 123694 129553 
6 : 112641 112644 112645 170406 170409 202405 
6 : 35983 112656 103218 35991 35982 103232 
6 : 112661 38780 112666 38784 166936 38789 
6 : 112670 112663 112672 204972 258079 204976 
6 : 112763 112757 112755 228100 192745 192730 
6 : 112769 75240 12583 75246 12599 12579 
6 : 112775 98892 112785 98894 145370 98903 
6 : 112776 51744 26100 51750 26106 26092 
6 : 112915 83729 112917 83739 257802 83742 
6 : 89265 48733 58381 48731 58379 48730 
6 : 113020 113027 4348 123181 4351 4360 
6 : 32608 113072 86430 32618 32603 86445 
6 : 113058 113070 113060 128999 128994 165930 
6 : 109487 113114 76973 109494 76972 76988 
6 : 113115 109278 113117 109287 218562 109295 
6 : 113119 72416 113118 72440 254035 72435 
6 : 113123 2693 113132 2698 154243 2708 
6 : 97024 113232 113234 97032 97038 229129 
6 : 113251 113252 113239 261039 151227 151228 
6 : 113258 113260 113266 140096 140105 160962 
6 : 113261 10221 113269 10231 192352 10247 
6 : 113452 113451 113455 126313 175900 126323 
6 : 113453 113458 113454 220545 220541 251594 
6 : 113460 113463 113473 126505 126520 182595 
6 : 113468 113476 23499 255891 23526 23536 
6 : 113474 62359 113461 62375 151296 62360 
6 : 56105 113575 113570 56115 56107 180821 
6 : 48128 113581 113583 48132 48140 175249 
6 : 97664 113578 113584 97668 97679 127902 
6 : 113588 113577 113582 127215 209168 127206 
6 : 113675 84381 113687 84384 152365 84400 
6 : 113676 113682 113679 175204 175202 236724 
6 : 54350 113710 2392 54359 2385 2399 
6 : 113720 60747 33117 60768 33144 33112 
6 : 113721 20610 113717 20630 252664 20622 
6 : 113823 64693 113824 64719 265594 64720 
6 : 113833 38830 113836 38844 236551 38848 
6 : 113928 24987 113927 24998 181390 24991 
6 : 113953 113962 31109 132983 31114 31123 
6 : 64210 114044 114048 64216 64218 218458 
6 : 114051 114049 114046 263352 242224 242219 
6 : 114055 50072 114054 50080 185260 50079 
6 : 114173 90073 114172 90090 228698 90085 
6 : 114174 106042 114167 106062 153126 106045 
6 : 92531 56325 114270 56323 92552 56346 
6 : 114279 114274 114275 138293 174762 138278 
6 : 50861 114285 114293 50868 50883 181540 
6 : 114287 90689 114290 90695 193090 90699 
6 : 114298 114294 114296 262706 265084 262704 
6 : 114303 104560 114306 104569 189823 104572 
6 : 114324 114336 114325 231440 231428 233113 
6 : 114389 114395 5283 132982 5287 5294 
6 : 114391 114392 114396 134861 134863 142704 
6 : 59179 114412 22435 59188 22429 22451 
6 : 75152 114514 114509 75174 75163 210625 
6 : 114528 114522 91167 239666 91195 91190 
6 : 114532 114538 114539 204791 204793 250058 
6 : 114550 114547 114552 145725 186550 145728 
6 : 66047 10409 114629 10408 66051 10416 
6 : 114633 114625 114632 179642 248825 179640 
6 : 114635 114637 114627 256803 210090 210091 
6 : 114636 114628 114630 226131 236390 226121 
6 : 114647 114652 114639 238439 133350 133357 
6 : 114678 114670 114684 148903 222827 148914 
6 : 114737 114735 114738 212629 254943 212630 
6 : 114764 114777 114769 140404 140397 205899 
6 : 114783 114773 114765 219975 142629 142614 
6 : 114874 114871 114872 150633 191868 150630 
6 : 114887 114882 114884 148727 172509 148725 
6 : 114893 114891 19201 246402 19228 19218 
6 : 114918 114920 114923 254055 254060 259958 
6 : 110105 115002 115003 110120 110121 238664 
6 : 115007 115009 115014 176425 176432 184348 
6 : 9662 115026 25472 9666 9658 25478 
6 : 115035 103440 115028 103467 208085 103451 
6 : 115131 115129 115128 230074 207204 207201 
6 : 115133 32519 115125 32535 192978 32526 
6 : 115138 115146 10589 166467 10595 10604 
6 : 115150 115144 115153 219221 254047 219225 
6 : 115160 21927 115158 21933 158849 21931 
6 : 115183 115179 115172 182202 117135 117125 
6 : 115185 115180 115177 187715 162688 162679 
6 : 115244 115250 115245 203511 203505 229577 
6 : 115268 30310 31854 30318 31861 30300 
6 : 962 115288 115294 971 980 192803 
6 : 115315 115304 115309 141403 172040 141396 
6 : 61039 115393 13060 61051 13051 13083 
6 : 115382 115385 115396 148366 148376 189455 
6 : 72346 115416 115414 72368 72365 262273 
6 : 115399 115418 115410 151441 151428 237262 
6 : 115474 115480 115479 126650 126647 230134 
6 : 98735 115503 81237 98750 81233 81253 
6 : 115515 115511 115524 117099 187628 117112 
6 : 115600 115606 115597 192643 145897 145913 
6 : 115602 113296 115610 113303 230927 113314 
6 : 115616 115621 100643 177185 100648 100651 
6 : 115622 115614 115628 138624 214700 138630 
6 : 115634 115627 115617 237595 179746 179731 
6 : 94044 115649 50360 94060 50354 50380 
6 : 115645 115646 115635 239470 153324 153327 
6 : 115722 115725 115732 211919 211929 230646 
6 : 115724 115720 115728 196616 218472 196620 
6 : 50270 115742 32967 50280 32960 32982 
6 : 115879 115868 115877 131508 253556 131507 
6 : 91786 115950 115954 91795 91800 187907 
6 : 115956 22615 40751 22633 40774 22611 
6 : 115964 115974 115978 152163 152166 263730 
6 : 115968 115975 115965 207259 179205 179218 
6 : 115969 115977 115972 242349 242345 250080 
6 : 116010 53333 116012 53351 249859 53353 
6 : 116090 116094 108860 194880 108870 108879 
6 : 116111 116110 116098 261389 123217 123214 
6 : 116198 116202 116197 134615 124982 124997 
6 : 116205 116201 3166 219041 3194 3183 
6 : 116212 116217 116209 214702 179726 179735 
6 : 116216 116219 116213 244120 216592 216594 
6 : 116224 116211 116225 191560 263326 191562 
6 : 116241 116229 116230 157932 178616 157922 
6 : 116294 116269 16544 135189 16572 16546 
6 : 116322 116330 116325 154743 154736 206407 
6 : 116340 84823 79685 84831 79691 79683 
6 : 116346 116339 10289 162828 10319 10297 
6 : 116350 116337 116341 128477 207351 128460 
6 : 116352 116360 116357 133940 133937 227887 
6 : 116457 116456 116451 260515 165944 165942 
6 : 116461 116459 116467 152067 171493 152074 
6 : 116464 116468 116469 184414 184417 234474 
6 : 116481 116479 116482 198131 210279 198132 
6 : 116489 116487 116490 244037 250723 244038 
6 : 116575 116583 116585 144692 144696 223013 
6 : 61456 46374 47464 46369 47456 46367 
6 : 77570 116672 116678 77580 77587 192804 
6 : 116673 27300 113138 27311 113154 27299 
6 : 116677 116674 50771 210955 50797 50781 
6 : 116702 77511 116692 77532 126565 77513 
6 : 116706 116705 116698 263135 228542 228540 
6 : 116712 111286 116709 111297 174215 111293 
6 : 3412 62401 72502 3405 3408 62398 
6 : 116778 116781 116775 193263 168034 168038 
6 : 55051 116790 116798 55056 55064 197974 
6 : 116786 116793 66131 149313 66134 66145 
6 : 116856 46785 75002 46787 75005 46780 
6 : 116905 116913 116914 125621 125622 217822 
6 : 116924 116926 116916 216798 152140 152142 
6 : 116929 45227 8456 45248 8481 8448 
6 : 13912 117039 117042 13919 13922 225207 
6 : 117043 117041 4512 245501 4533 4528 
6 : 117062 117053 117052 198685 173178 173156 
6 : 26905 117067 117079 26912 26920 207780 
6 : 117073 117064 117069 164881 213417 164874 
6 : 117075 13952 68886 13975 68913 13948 
6 : 117089 117094 117090 194399 194388 199345 
6 : 117161 117156 117159 196048 239723 196041 
6 : 117170 117171 47760 220496 47773 47775 
6 : 117173 117177 58353 230390 58369 58376 
6 : 117191 117195 117193 255952 255951 263724 
6 : 117289 117288 117298 130655 139032 130671 
6 : 117301 117316 105818 117361 105819 105844 
6 : 117302 57422 117308 57424 118102 57437 
6 : 117335 117339 117337 248117 248114 258423 
6 : 117409 117416 117403 203275 142822 142835 
6 : 117435 117452 99690 157624 99694 99713 
6 : 97582 20723 117508 20721 97586 20725 
6 : 117542 117550 117539 188833 166883 166896 
6 : 117552 117537 117543 135511 191806 135493 
6 : 112032 117592 93956 112053 93955 93979 
6 : 104291 117671 117667 104312 104307 243646 
6 : 117657 117663 117673 141151 141159 221119 
6 : 117664 117669 117668 222259 222258 246076 
6 : 69359 18200 64826 18197 64822 18196 
6 : 117764 117759 117765 219141 243586 219146 
6 : 58800 117770 11476 58809 11467 11481 
6 : 117779 117769 117772 180579 233938 180569 
6 : 84167 28849 37549 28845 37544 28842 
6 : 118036 118030 118034 149555 176654 149551 
6 : 118043 118042 118039 257548 240705 240703 
6 : 25723 118144 118143 25734 25733 257580 
6 : 118141 118140 118137 232715 207342 207338 
6 : 118150 118153 118145 217175 146741 146747 
6 : 118151 104441 90323 104450 90335 90320 
6 : 118173 118179 118168 232441 189729 189737 
6 : 118177 118183 118170 258114 212522 212526 
6 : 118247 8110 118242 8130 194977 8118 
6 : 118249 118251 39131 128216 39132 39135 
6 : 118264 118262 46117 258709 46145 46140 
6 : 118269 118271 118265 181318 127662 127665 
6 : 118276 118278 118274 261926 224516 224518 
6 : 118377 118378 104586 192090 104594 104596 
6 : 71188 118404 68887 71206 68883 68914 
6 : 118395 118398 118394 210121 201043 201046 
6 : 118485 118490 118482 233249 120217 120226 
6 : 118489 118493 118491 252076 252074 261850 
6 : 118502 118494 118503 129466 238710 129467 
6 : 41367 118514 118520 41375 41386 223718 
6 : 118511 71215 118522 71227 209657 71246 
6 : 118526 118535 118530 167707 167701 198061 
6 : 11868 118597 118600 11873 11875 201507 
6 : 118604 118601 118595 256084 168768 168758 
6 : 104655 118605 77884 104656 77882 77885 
6 : 118612 118614 80397 261127 80418 80426 
6 : 118613 14605 118609 14626 228915 14617 
6 : 118622 118618 118624 205798 238165 205800 
6 : 118726 96709 118723 96729 227840 96723 
6 : 85652 118734 118736 85663 85664 255148 
6 : 86713 17641 28313 17636 28307 17634 
6 : 118759 55469 115920 55479 115931 55468 
6 : 118829 118828 118830 243485 248759 243486 
6 : 118835 93637 118833 93639 139612 93638 
6 : 118842 118844 118836 220500 165620 165624 
6 : 118860 118854 118856 223406 236283 223402 
6 : 118867 118850 118858 177146 245525 177134 
6 : 88215 77763 118878 77760 88229 77781 
6 : 118982 118974 118975 219001 229098 218995 
6 : 119080 119097 119096 126657 126656 265225 
6 : 47197 94518 119176 47196 47207 94529 
6 : 72705 119171 119174 72709 72713 174920 
6 : 119193 119184 7185 149408 7210 7192 
6 : 109488 119198 44652 109489 44649 44654 
6 : 119209 119208 109279 254032 109298 109297 
6 : 5087 119307 11359 5095 5077 11370 
6 : 119315 119306 88943 165414 88967 88952 
6 : 119316 119327 119318 122452 122436 136983 
6 : 61868 103906 119336 61866 61875 103912 
6 : 119335 119332 119349 157345 190766 157360 
6 : 119414 119415 31418 193087 31428 31429 
6 : 119418 119429 119423 233837 233833 256660 
6 : 119432 78464 119440 78465 123923 78475 
6 : 108506 119574 20286 108516 20284 20299 
6 : 119576 119575 119573 249826 228536 228533 
6 : 13324 119708 24115 13343 13318 24139 
6 : 60933 50204 100309 50193 60930 50202 
6 : 119786 119787 98795 134000 98797 98803 
6 : 119804 119810 91235 232882 91250 91257 
6 : 46005 119826 119816 46024 46010 179994 
6 : 119827 4445 119835 4448 132029 4459 
6 : 119836 119833 66818 244746 66843 66836 
6 : 74956 119895 119903 74960 74967 189403 
6 : 119905 119902 119897 260216 205361 205355 
6 : 56139 119918 26375 56159 26369 26395 
6 : 120035 120029 120030 143684 192139 143669 
6 : 120040 82511 120053 82516 137637 82534 
6 : 120050 120042 120054 162784 253570 162788 
6 : 25950 120068 120055 25971 25952 143067 
6 : 70603 105046 120152 70602 70615 105063 
6 : 120157 120161 120163 190013 190014 235973 
6 : 120162 120155 120169 150054 236020 150064 
6 : 120177 120180 120173 226359 148837 148847 
6 : 61565 120265 120269 61569 61581 145051 
6 : 38643 46786 120290 38636 38664 46807 
6 : 120279 120283 120286 183978 183982 229504 
6 : 120291 120301 120293 123832 123822 128368 
6 : 120306 120294 120296 157263 174066 157244 
6 : 120404 15018 120407 15029 193085 15037 
6 : 59897 120419 120415 59910 59906 216727 
6 : 120442 120445 120449 210205 210214 228665 
6 : 101521 120568 61591 101540 61589 61617 
6 : 120558 120550 120553 149108 172682 149105 
6 : 67206 21206 120639 21201 67222 21224 
6 : 120183 112795 120648 112794 120197 112810 
6 : 120755 120757 120754 212637 194970 194972 
6 : 120760 120768 120769 125639 125646 261816 
6 : 78261 120877 22140 78278 22132 22154 
6 : 120886 120888 120882 263126 224357 224359 
6 : 120905 120889 120904 136598 257764 136596 
6 : 120921 29334 120929 29344 233827 29354 
6 : 95014 121003 121005 95024 95029 242592 
6 : 121019 77979 121011 77994 124291 77981 
6 : 2356 121037 121038 2367 2369 222244 
6 : 111186 121034 121036 111193 111194 208309 
6 : 121122 121116 121117 154130 161956 154116 
6 : 49000 121132 79096 49012 48998 79110 
6 : 65964 121138 121129 65981 65971 186481 
6 : 121139 121127 121125 160587 142920 142903 
6 : 121240 90483 121236 90504 166802 90487 
6 : 47551 11938 62426 11934 47548 11935 
6 : 121358 121349 121348 136951 134010 133995 
6 : 121367 121375 121371 122240 122231 213987 
6 : 121390 70913 121386 70927 219424 70922 
6 : 121466 121473 57459 132567 57460 57491 
6 : 56713 121480 121482 56718 56725 194887 
6 : 121499 72094 121495 72114 179292 72101 
6 : 121581 121577 121585 129346 191766 129356 
6 : 121709 121718 121714 221323 221319 249146 
6 : 121711 91565 1286 91578 1298 1281 
6 : 121730 121720 121739 131929 210326 131942 
6 : 121733 121721 121727 135694 196689 135691 
6 : 121738 121729 121723 203269 176304 176295 
6 : 121776 901 121779 916 251791 920 
6 : 121823 121830 121828 182926 182922 259169 
6 : 121824 121827 121820 198768 159456 159472 
6 : 121948 53619 121960 53620 133738 53645 
6 : 121957 121947 121954 125288 227467 125282 
6 : 121974 121972 121967 262723 189215 189209 
6 : 122065 122063 122067 190580 253727 190583 
6 : 122068 96467 32824 96489 32848 32823 
6 : 122070 122083 122078 159008 159005 256230 
6 : 122079 122072 119592 174838 119609 119597 
6 : 122084 122074 122077 213209 256017 213202 
6 : 122091 102140 122096 102145 187352 102149 
6 : 108246 122125 122113 108266 108255 205376 
6 : 122134 122136 122142 223758 223762 237627 
6 : 122179 122177 5088 160334 5097 5093 
6 : 110206 122197 122194 110220 110214 222288 
6 : 122203 122214 29561 134087 29564 29581 
6 : 122228 122224 122237 156886 177457 156894 
6 : 122245 122227 122223 176476 148450 148428 
6 : 122304 122303 122309 178742 192346 178744 
6 : 122322 89333 115921 89346 115933 89332 
6 : 122326 118753 122320 118766 182050 118757 
6 : 60017 122341 122337 60027 60023 239817 
6 : 122377 122375 122376 247657 252099 247655 
6 : 122413 122416 90614 219938 90627 90629 
6 : 122419 7033 122420 7057 261648 7058 
6 : 122430 122435 122427 251062 243494 243497 
6 : 122433 122423 122426 223325 242253 223317 
6 : 78899 114841 122470 78897 78916 114860 
6 : 122456 114082 122463 114087 147225 114090 
6 : 28667 17198 66543 17187 28664 17192 
6 : 122526 122532 122535 137013 137021 246266 
6 : 122529 103824 122533 103833 211689 103841 
6 : 58187 122542 52582 58194 52580 52593 
6 : 122655 122645 1410 154249 1427 1412 
6 : 122656 122653 122649 260355 214442 214438 
6 : 122675 122676 122678 226332 226333 228711 
6 : 122679 122674 47465 225176 47482 47476 
6 : 100752 122759 122761 100766 100767 260009 
6 : 106877 122753 67517 106880 67516 67520 
6 : 28569 122773 122777 28578 28581 244256 
6 : 42997 71837 122776 42993 43012 71853 
6 : 122769 122768 65576 166581 65582 65580 
6 : 122804 122817 20074 158914 20077 20089 
6 : 122881 122876 122879 193283 211812 193274 
6 : 122883 122878 122880 209445 246583 209439 
6 : 123008 123011 39282 220082 39296 39304 
6 : 123024 123017 123022 166516 241491 166509 
6 : 123120 121421 123116 121436 164204 121428 
6 : 123132 123127 123130 143019 170405 143016 
6 : 123133 34396 123142 34409 206375 34413 
6 : 123138 123137 123126 230891 138403 138402 
6 : 123151 123150 89410 181615 89417 89416 
6 : 31355 123164 123163 31362 31361 201193 
6 : 123161 123165 123170 186852 186855 233945 
6 : 123193 123182 107386 189875 107415 107398 
6 : 123221 113078 31232 113079 31233 31231 
6 : 123226 123227 118303 233579 118317 118328 
6 : 64262 123236 123237 64274 64276 216555 
6 : 123239 123234 123230 201130 133585 133564 
6 : 64805 92773 123261 64799 64810 92780 
6 : 123279 123275 123277 139393 166501 139391 
6 : 123316 20669 44789 20673 44794 20663 
6 : 123330 123334 123333 172162 172159 192536 
6 : 123340 83999 39542 84013 39563 39541 
6 : 123350 123354 123347 229868 183653 183657 
6 : 123353 123346 112918 177768 112937 112926 
6 : 123355 123349 123352 194274 249263 194271 
6 : 123398 12862 87435 12877 87459 12858 
6 : 123430 30659 123426 30678 199439 30665 
6 : 123443 123442 33996 261059 34018 34016 
6 : 13654 123448 123452 13660 13663 180227 
6 : 123478 123476 55766 261396 55790 55786 
6 : 71189 123536 14104 71194 14101 14116 
6 : 123534 123532 123533 164873 188880 164871 
6 : 123540 123537 123535 230421 210892 210878 
6 : 8577 123544 123548 8586 8590 186130 
6 : 63710 123545 84942 63716 63706 84948 
6 : 123588 123600 31537 217618 31549 31559 
6 : 123651 26815 123653 26817 144522 26821 
6 : 123765 123764 120842 235236 120856 120853 
6 : 92972 123803 123819 92974 92993 135071 
6 : 83617 123835 123827 83630 83621 174058 
6 : 123877 123876 61062 164761 61066 61065 
6 : 124014 124003 124004 159543 166021 159528 
6 : 55388 112573 124109 55387 55391 112577 
6 : 41836 124129 74699 41848 41833 74717 
6 : 91050 124123 124130 91051 91059 145353 
6 : 124128 120428 124126 120444 178414 120438 
6 : 37206 124162 124159 37221 37217 237446 
6 : 44267 112232 124222 44266 44276 112239 
6 : 124224 48471 16583 48485 16596 16579 
6 : 124226 27383 124227 27396 253089 27397 
6 : 88894 124238 124229 88903 88896 130794 
6 : 124243 124241 84688 261797 84713 84711 
6 : 95038 124250 27867 95050 27865 27883 
6 : 124246 124257 124245 196153 192017 192036 
6 : 124249 124247 124251 212458 223359 212459 
6 : 49178 124266 18288 49187 18277 18301 
6 : 70519 124261 124273 70524 70533 169509 
6 : 124338 124337 45095 200529 45104 45103 
6 : 86277 124353 124350 86288 86284 178140 
6 : 124371 124370 124369 215316 209984 209982 
6 : 2661 124458 124466 2669 2681 190935 
6 : 33815 46985 124464 33807 33826 47008 
6 : 124490 46208 56616 46215 56628 46205 
6 : 124497 124498 124493 264979 205378 205379 
6 : 38581 35773 124655 35762 38597 35786 
6 : 82982 95609 120817 82976 82981 95608 
6 : 107739 124704 124700 107756 107749 213017 
6 : 124699 124693 124703 140879 210508 140886 
6 : 45173 116246 124720 45172 45191 116267 
6 : 124731 24412 89210 24429 89230 24407 
6 : 72125 124745 77833 72136 72121 77848 
6 : 124748 124738 124744 156224 234650 156215 
6 : 82655 113749 124797 82654 82662 113756 
6 : 124793 124800 124801 182624 182628 261477 
6 : 124823 124822 124833 141082 150317 141093 
6 : 9006 125014 125015 9024 9025 259465 
6 : 125009 125016 125013 180875 180871 249259 
6 : 125055 125051 125045 241336 214142 214139 
6 : 51696 79892 100538 51694 51695 79891 
6 : 112824 125134 125136 112832 112840 203312 
6 : 100830 125142 125146 100835 100842 172297 
6 : 125143 125148 125147 179080 179078 243323 
6 : 125145 70966 125141 70976 170193 70969 
6 : 125252 20670 40029 20688 40048 20661 
6 : 125301 125297 125317 178315 225762 178333 
6 : 125330 125334 125332 241444 241440 242510 
6 : 3757 125343 125349 3761 3766 172707 
6 : 48307 125346 125347 48316 48317 206018 
6 : 106668 125478 97366 106688 97365 97390 
6 : 125469 21786 125477 21790 158517 21801 
6 : 125482 23544 125468 23570 142628 23546 
6 : 11740 125484 125485 11747 11748 165469 
6 : 125490 125489 41047 232724 41062 41061 
6 : 21331 85440 125510 21326 21355 85463 
6 : 125499 125505 125508 209059 209064 240643 
6 : 125523 125514 125525 149732 240756 149734 
6 : 125581 125591 125586 139152 139143 173602 
6 : 33964 125609 125596 33983 33968 156010 
6 : 125611 125612 125604 264525 215323 215325 
6 : 111873 120798 125706 111871 111876 120805 
6 : 125705 79429 88895 79434 88898 79425 
6 : 125709 44413 125704 44428 134892 44416 
6 : 82764 125717 125722 82767 82772 152246 
6 : 125725 125727 125719 258693 162844 162847 
6 : 125835 125838 125830 237622 128717 128723 
6 : 125843 125840 54490 259188 54507 54504 
6 : 125860 125861 125850 244393 174390 174393 
6 : 125931 125934 9958 188023 9968 9976 
6 : 103907 125944 125939 103915 103910 157348 
6 : 19683 44211 120002 19671 19680 44208 
6 : 126029 126033 126030 138360 138344 210064 
6 : 126034 117364 38722 117392 38754 38720 
6 : 126099 83284 126092 83293 186460 83288 
6 : 126104 126089 38723 144027 38748 38725 
6 : 60899 126127 126113 60923 60912 205957 
6 : 126136 126130 126135 126347 262114 126344 
6 : 126141 103442 126151 103449 199313 103466 
6 : 126249 126251 126245 215025 154038 154041 
6 : 126254 126248 65719 203393 65739 65729 
6 : 126264 126270 126265 207399 207393 208922 
6 : 126283 126282 126276 252121 194446 194441 
6 : 126352 32492 74424 32499 74440 32483 
6 : 83496 126400 126394 83506 83501 210986 
6 : 126423 126430 126413 242301 172410 172419 
6 : 126427 126428 126411 255920 150370 150372 
6 : 126538 126547 126526 240013 175176 175188 
6 : 502 126582 115559 516 500 115573 
6 : 126357 126574 123845 126358 123844 123848 
6 : 126581 126583 104945 238689 104964 104973 
6 : 11623 126595 126588 11640 11631 195962 
6 : 126609 58779 8002 58791 8022 7994 
6 : 126610 126607 126605 237468 214627 214624 
6 : 5716 126695 126698 5719 5733 166976 
6 : 126704 126694 126699 157065 252410 157054 
6 : 124959 126713 43351 124979 43350 43377 
6 : 126706 58245 126710 58252 209893 58265 
6 : 126796 126794 126791 181940 156820 156816 
6 : 32364 105296 126806 32363 32375 105314 
6 : 40570 126807 126808 40576 40582 224206 
6 : 126801 126809 126804 181914 181907 199419 
6 : 28159 126909 126914 28175 28186 243478 
6 : 126912 126907 126908 162150 204560 162133 
6 : 126920 126921 126925 197532 197535 197893 
6 : 126949 126942 90051 219549 90066 90057 
6 : 127030 127036 127028 184337 127227 127238 
6 : 127042 127040 62561 179880 62568 62566 
6 : 6042 127064 127062 6067 6063 261563 
6 : 112920 127052 127060 112925 112936 175437 
6 : 127050 49715 127054 49716 145538 49719 
6 : 127051 77173 127063 77177 153901 77197 
6 : 127253 127254 127248 253540 230087 230088 
6 : 127280 107608 127290 107617 201414 107632 
6 : 127286 127287 112825 250445 112845 112846 
6 : 127307 127294 60871 171948 60893 60878 
6 : 127347 53126 127350 53151 255811 53154 
6 : 127357 82176 127362 82178 133745 82190 
6 : 127368 127382 127371 136544 136535 205461 
6 : 127482 127484 8003 168888 8006 8010 
6 : 127490 52395 100540 52396 100542 52392 
6 : 127492 127502 127500 171468 171464 241926 
6 : 127503 127507 127501 262429 249981 249984 
6 : 127506 127489 61305 142412 61331 61308 
6 : 35572 127520 127522 35587 35590 253641 
6 : 127517 80795 127523 80808 230649 80821 
6 : 127530 127529 79687 208603 79696 79695 
6 : 127539 101275 127527 101293 174662 101279 
6 : 70747 127605 127611 70748 70755 139260 
6 : 127621 47733 23036 47736 23039 23026 
6 : 127727 41989 127734 41996 219480 42014 
6 : 2768 127753 127756 2773 2777 207041 
6 : 61280 127752 127766 61287 61300 182716 
6 : 127813 127814 3216 213757 3222 3225 
6 : 127842 127841 127843 263204 264534 263205 
6 : 127957 127950 127952 165428 193626 165419 
6 : 127985 127983 127993 156929 194103 156939 
6 : 127989 127988 128002 203456 214697 203467 
6 : 128066 49763 128064 49766 133539 49764 
6 : 99350 128077 128083 99357 99365 214428 
6 : 112333 128085 58664 112346 58663 58688 
6 : 128081 128084 105938 258597 105963 105966 
6 : 128102 72661 128103 72672 244455 72684 
6 : 128209 128202 128200 192196 156608 156595 
6 : 128212 128201 128203 156785 217896 156774 
6 : 128290 128285 128287 153757 221760 153753 
6 : 128307 128302 110340 243495 110361 110353 
6 : 128308 128306 128309 254966 263988 254968 
6 : 128316 22978 128311 22990 171263 22981 
6 : 46986 128328 128331 47004 47006 213013 
6 : 109935 128327 128334 109941 109949 205508 
6 : 128330 128339 107740 217771 107750 107763 
6 : 128338 128325 128326 196947 198236 196939 
6 : 128390 128386 128389 152657 230282 152656 
6 : 128393 128392 59928 244460 59948 59945 
6 : 128400 128402 128397 206559 134173 134176 
6 : 128407 128412 119521 249008 119542 119551 
6 : 128409 42590 122147 42605 122170 42589 
6 : 69098 77571 64994 69093 64986 64988 
6 : 128414 70648 32198 70652 32201 32194 
6 : 128424 64115 128421 64138 233560 64131 
6 : 58737 15609 7763 15604 7758 7754 
6 : 36620 24823 128527 24811 36623 24827 
6 : 128525 128526 128523 157445 136169 136170 
6 : 27762 80507 128539 27760 27770 80515 
6 : 128562 26532 128559 26544 198610 26541 
6 : 128621 74454 115682 74478 115703 74453 
6 : 128623 128624 128622 263798 262989 262992 
6 : 128632 128642 128636 231876 231870 248949 
6 : 18667 128672 128665 18681 18673 165187 
6 : 41838 128677 120429 41857 41835 120453 
6 : 128742 54999 128738 55013 234126 55008 
6 : 128743 128740 128741 246657 249249 246655 
6 : 128745 117984 128739 118001 237058 117997 
6 : 128748 128752 117004 137313 117006 117013 
6 : 128832 128830 128828 244811 209741 209737 
6 : 6998 128859 109149 7008 6996 109165 
6 : 4860 128870 128882 4861 4873 134185 
6 : 128877 128883 124863 212991 124880 124895 
6 : 128879 128873 128881 184399 247546 184403 
6 : 128934 118161 128930 118174 189114 118167 
6 : 128947 128937 128949 165605 260287 165607 
6 : 128948 128951 128944 262491 252161 252164 
6 : 128958 128957 128964 156289 192520 156298 
6 : 95426 110449 129033 95424 95448 110474 
6 : 96803 129054 129058 96817 96821 230492 
6 : 129055 129057 129049 239502 192570 192572 
6 : 70282 129151 129157 70289 70303 171403 
6 : 129296 6211 118911 6230 118934 6210 
6 : 42406 129318 6249 42430 6240 6272 
6 : 104773 129399 129393 104787 104782 233564 
6 : 123556 129405 129407 123562 123571 193461 
6 : 129404 63468 14914 63472 14919 14906 
6 : 129417 129412 129423 138941 189078 138948 
6 : 129449 129444 129439 257147 218985 218977 
6 : 129512 58246 129504 58272 183646 58250 
6 : 54980 11361 116876 11352 54979 11357 
6 : 129516 129522 129523 144410 144412 224406 
6 : 661 102895 129540 659 672 102904 
6 : 37948 129633 129622 37970 37957 214589 
6 : 129629 129615 129618 133034 177500 133019 
6 : 129630 129632 129621 263027 191649 191655 
6 : 129643 129637 58665 166697 58682 58669 
6 : 129731 109010 129745 109017 155250 109031 
6 : 129744 129736 129732 216580 192286 192274 
6 : 129749 129742 129734 240913 209528 209515 
6 : 129764 113275 129761 113294 258953 113290 
6 : 129864 129858 129861 197336 238675 197328 
6 : 22824 129868 129870 22826 22827 177579 
6 : 129873 68457 129866 68472 163321 68458 
6 : 129880 81904 129886 81921 240847 81931 
6 : 85721 129919 129910 85733 85727 183748 
6 : 129965 129963 129957 240073 145564 145559 
6 : 64399 129976 129972 64415 64409 224913 
6 : 89370 55855 51221 55853 51215 51213 
6 : 130068 130072 130067 154037 150567 150575 
6 : 12710 130085 130078 12722 12711 132283 
6 : 130095 130084 130091 191786 255964 191782 
6 : 130177 130175 130174 161857 140880 140875 
6 : 65933 14885 37688 14880 37685 14874 
6 : 130184 130181 40030 138509 40040 40031 
6 : 130186 130190 130182 230117 148387 148395 
6 : 130202 130198 130195 234639 156855 156848 
6 : 85010 29671 130214 29668 85022 29681 
6 : 101359 130287 130291 101363 101368 188847 
6 : 130306 130296 130309 147372 255460 147377 
6 : 58123 93618 73755 58120 58119 73752 
6 : 130412 101789 114590 101808 114602 101787 
6 : 130432 130436 130442 224420 224429 235561 
6 : 52905 130542 130541 52917 52915 236873 
6 : 73139 130543 130545 73151 73152 256414 
6 : 45491 130578 130569 45510 45495 184663 
6 : 130568 130580 85347 164620 85350 85371 
6 : 130571 130567 70497 155341 70506 70499 
6 : 130635 45096 24724 45112 24737 24712 
6 : 130639 130640 130633 265277 200545 200546 
6 : 130650 130653 130647 256973 212451 212457 
6 : 92919 8898 127420 8895 92917 8897 
6 : 130755 130766 130753 174521 148917 148932 
6 : 130763 130767 75288 239085 75302 75311 
6 : 67586 130874 115447 67588 67584 115454 
6 : 130876 130871 9926 164959 9937 9929 
6 : 130887 43614 130888 43626 233089 43630 
6 : 130962 130961 91264 230771 91281 91279 
6 : 54015 130978 130976 54021 54016 179637 
6 : 130988 130983 130982 255075 248833 248827 
6 : 124663 26533 130990 26531 124666 26536 
6 : 130992 130989 130991 135350 144889 135345 
6 : 125847 131010 131009 125853 125852 216056 
6 : 131078 131083 44791 168183 44797 44808 
6 : 5693 113631 131094 5689 5702 113643 
6 : 131092 18726 115448 18739 115461 18725 
6 : 131310 86431 131309 86437 141532 86433 
6 : 131317 43465 131315 43485 250925 43475 
6 : 131319 1119 18122 1123 18126 1108 
6 : 131320 7281 131323 7287 170303 7291 
6 : 105742 131351 131362 105743 105759 138267 
6 : 125060 131403 109254 125072 109253 109272 
6 : 127243 131410 131416 127247 127256 216638 
6 : 131408 131409 131412 192145 192147 203574 
6 : 131526 23658 129102 23678 129121 23657 
6 : 131569 131570 10560 193900 10567 10568 
6 : 116140 10751 131651 10748 116157 10776 
6 : 131646 131649 124053 227039 124063 124069 
6 : 131653 131656 6882 147174 6883 6894 
6 : 131661 131665 17961 252090 17976 17985 
6 : 131690 131695 131701 202188 202193 247017 
6 : 131742 131737 131738 175116 217111 175107 
6 : 131745 131741 131744 251905 262274 251903 
6 : 131751 131758 131762 197671 197678 248407 
6 : 98190 69143 131773 69139 98201 69158 
6 : 131888 131891 131895 167887 167892 202189 
6 : 106020 131981 131978 106025 106021 145900 
6 : 131993 131995 131992 212491 195690 195697 
6 : 132085 132086 132093 163295 163306 186134 
6 : 132087 106108 132091 106114 191830 106121 
6 : 132095 132088 132082 217137 136081 136069 
6 : 132130 132122 132129 223186 258123 223184 
6 : 132132 132121 15359 217023 15385 15367 
6 : 120039 23686 132141 23684 120049 23703 
6 : 84025 132199 30041 84033 30037 30056 
6 : 132198 132200 74427 234864 74441 74444 
6 : 132208 97110 132207 97121 199980 97120 
6 : 132249 132245 132244 242683 236531 236518 
6 : 132314 132304 122386 144324 122405 122387 
6 : 132315 20194 132307 20219 202155 20208 
6 : 132320 132321 132326 202572 202580 208411 
6 : 132324 60749 132317 60762 170374 60752 
6 : 132399 132394 132395 191024 192557 191019 
6 : 132431 90732 132432 90750 251914 90752 
6 : 132504 132506 46262 146509 46264 46267 
6 : 132517 132511 126286 241747 126306 126297 
6 : 132529 132526 11658 244587 11676 11672 
6 : 132628 102012 63999 102016 64004 63996 
6 : 132638 81489 132637 81494 148091 81492 
6 : 3582 132660 87351 3591 3580 87366 
6 : 132685 132673 30944 149711 30964 30947 
6 : 132701 132696 64117 169779 64128 64123 
6 : 132752 132755 132753 250822 250821 262144 
6 : 132754 120234 83124 120259 83150 83123 
6 : 132848 83160 132847 83179 242638 83176 
6 : 79014 132858 132855 79020 79016 145280 
6 : 122221 132871 132885 122225 122243 159427 
6 : 132960 132961 132957 228305 161471 161472 
6 : 132968 132972 132973 162013 162014 211054 
6 : 14141 132979 132991 14142 14163 134408 
6 : 133007 132928 132999 132939 184653 132934 
6 : 133060 133049 133040 211264 160544 160532 
6 : 94663 133063 132929 94669 94662 132935 
6 : 133065 133062 133068 164609 204095 164613 
6 : 133069 133067 133066 229713 228983 228972 
6 : 118284 122476 133071 118282 118286 122478 
6 : 78105 86178 133092 78103 78121 86200 
6 : 60305 27385 133103 27379 60310 27391 
6 : 128551 133101 36770 128560 36767 36782 
6 : 133170 133181 73207 137033 73210 73225 
6 : 133184 133185 133203 191412 191430 196783 
6 : 69099 133283 113140 69113 69096 113166 
6 : 133281 85304 133279 85316 254065 85315 
6 : 86093 133287 133286 86097 86096 147769 
6 : 133364 133366 121548 250734 121564 121567 
6 : 133365 94941 100914 94957 100935 94938 
6 : 53362 133396 99942 53374 53361 99961 
6 : 133401 133398 133389 254337 185835 185831 
6 : 3780 132459 133476 3779 3788 132477 
6 : 33817 38483 74589 33806 33810 38482 
6 : 133515 133503 133505 177708 213025 177693 
6 : 21561 44935 133526 21552 21574 44949 
6 : 133540 38525 99789 38530 99793 38519 
6 : 14441 133608 120355 14449 14440 120363 
6 : 133613 18511 133610 18525 245628 18524 
6 : 133622 133623 133625 251898 251902 252469 
6 : 51465 133644 31894 51480 31885 31912 
6 : 133708 133713 70136 197121 70144 70171 
6 : 133710 56355 133711 56363 208887 56368 
6 : 42149 133737 133729 42164 42153 211513 
6 : 133735 133728 133734 202272 250268 202268 
6 : 133797 133801 117481 144082 117482 117488 
6 : 133799 133807 126874 177674 126882 126902 
6 : 133819 124751 133818 124769 245167 124768 
6 : 133830 133838 39579 186146 39592 39600 
6 : 72096 102141 133925 72092 72102 102144 
6 : 133934 133939 133942 151133 151135 252763 
6 : 133943 93596 133938 93614 248956 93606 
6 : 79030 133968 133969 79044 79045 235015 
6 : 133972 90485 7481 90507 7503 7476 
6 : 90540 134022 134027 90545 90549 244510 
6 : 134035 40621 34250 40632 34264 34244 
6 : 134055 134051 134041 236825 144615 144607 
6 : 77047 134062 134058 77057 77048 136834 
6 : 134066 134074 134064 244055 231163 231172 
6 : 134117 134131 134133 134162 134165 252879 
6 : 134119 134125 8266 172116 8277 8286 
6 : 134121 134118 134120 170541 180712 170538 
6 : 134150 46788 134148 46792 140339 46789 
6 : 134164 134160 134156 250032 205456 205451 
6 : 106109 134246 134241 106118 106113 186132 
6 : 134244 134242 134243 191825 196668 191822 
6 : 134248 134240 134247 167280 260033 167275 
6 : 134355 124078 134356 124088 189333 124089 
6 : 134373 134368 101301 204831 101325 101315 
6 : 134478 134477 134471 252237 210088 210086 
6 : 134481 134482 134479 265184 259359 259360 
6 : 134501 134506 113191 140434 113192 113199 
6 : 134517 134513 134503 255004 151202 151198 
6 : 66361 123481 134636 66360 66377 123499 
6 : 134627 134635 134632 224678 224676 260467 
6 : 134723 134718 19792 231200 19821 19806 
6 : 2000 96102 5933 1995 1992 5928 
6 : 134829 134840 8268 161431 8274 8292 
6 : 134830 134838 134835 170547 170545 198528 
6 : 117985 37084 134853 37082 117994 37093 
6 : 134857 134855 134856 235599 251174 235596 
6 : 134881 134876 134872 245165 238277 238271 
6 : 134953 77209 110986 77218 110993 77205 
6 : 134960 134977 57049 148175 57051 57068 
6 : 103194 135079 135081 103205 103212 225801 
6 : 135093 135096 135097 239258 239259 248776 
6 : 135100 9310 119275 9326 119290 9308 
6 : 135194 135193 135196 222121 238111 222125 
6 : 88917 135199 135210 88918 88936 161278 
6 : 91860 135202 135203 91865 91866 193751 
6 : 135207 135198 122588 153533 122611 122591 
6 : 135216 135218 31422 182719 31427 31430 
6 : 105254 135308 135309 105261 105269 235094 
6 : 135305 28098 135303 28100 143918 28099 
6 : 128552 88516 135351 88514 128561 88524 
6 : 135408 135406 115532 153407 115541 115534 
6 : 63803 135421 135422 63812 63813 215571 
6 : 94503 135415 135414 94505 94504 136932 
6 : 135427 135426 135437 135912 194571 135921 
6 : 135434 135433 135435 239706 245998 239708 
6 : 135466 135487 135482 137279 137277 264687 
6 : 135521 135514 135527 146139 217338 146152 
6 : 135526 3167 135518 3195 206412 3179 
6 : 135538 135539 57613 241272 57628 57632 
6 : 53218 135544 135555 53220 53235 138291 
6 : 135553 135556 135558 223813 223820 260981 
6 : 19321 135636 135629 19337 19323 149992 
6 : 135631 135635 135630 217778 159923 159934 
6 : 53219 52694 47132 52689 47125 47124 
6 : 135743 87909 135751 87913 208294 87925 
6 : 135753 135754 135762 144736 144747 145231 
6 : 135760 135767 135768 217972 217975 262407 
6 : 135763 135766 121078 249381 121102 121104 
6 : 4700 135773 135780 4701 4711 205672 
6 : 135775 135778 134928 237763 134941 134945 
6 : 47708 135862 135859 47723 47713 187238 
6 : 116458 30251 56024 30250 56023 30248 
6 : 135874 135873 135880 208403 218573 208413 
6 : 135878 135867 135875 154910 219289 154905 
6 : 135884 135891 135900 152116 152127 201511 
6 : 136096 136093 136091 228707 204854 204842 
6 : 84123 83345 136105 83341 84137 83364 
6 : 136125 136136 136127 149298 149288 173951 
6 : 136156 136161 57180 235246 57193 57199 
6 : 136208 135440 136206 135454 212379 135450 
6 : 136218 136220 94519 207816 94525 94527 
6 : 136239 23038 136234 23053 216731 23046 
6 : 120488 132270 136309 120487 120500 132291 
6 : 83051 136311 107003 83054 83049 107006 
6 : 136310 136324 136318 138673 138667 232029 
6 : 136330 136339 136331 169956 169939 176277 
6 : 136332 136335 136334 196353 196352 235438 
6 : 35336 60187 117121 35329 35335 60186 
6 : 136423 136421 136418 215186 187491 187486 
6 : 136425 136424 136420 253144 196062 196061 
6 : 136426 136422 136416 228072 162697 162689 
6 : 136428 104106 136417 104128 181139 104112 
6 : 136524 136528 136521 202374 172209 172230 
6 : 99245 24084 41868 24076 41863 24073 
6 : 136557 122031 58284 122034 58288 58282 
6 : 107228 136749 136744 107242 107236 210225 
6 : 136790 136805 136797 198190 198184 246585 
6 : 136804 129082 136792 129099 217115 129091 
6 : 99727 136862 136855 99736 99730 167348 
6 : 136863 136867 136859 233318 180787 180795 
6 : 32611 80128 136879 32602 32617 80135 
6 : 125647 136896 136888 125659 125650 150254 
6 : 98463 136989 136988 98474 98467 216822 
6 : 137019 58616 137008 58629 162363 58617 
6 : 137029 137034 99137 236278 99149 99157 
6 : 100157 137096 65684 100171 65681 65707 
6 : 137092 22438 121639 22446 121646 22436 
6 : 137093 137090 70255 154760 70267 70257 
6 : 137098 137099 137101 260818 260820 260828 
6 : 137106 95406 137112 95412 212227 95421 
6 : 137108 137103 137115 174148 245820 174157 
6 : 137219 118633 137224 118634 138578 118643 
6 : 137326 137310 137324 180177 256474 180174 
6 : 137335 31996 137340 32020 261385 32030 
6 : 137365 137366 137367 254847 254848 259829 
6 : 137371 137370 137368 265105 264499 264497 
6 : 137394 137403 136574 241875 136592 136600 
6 : 137435 137433 137431 190485 168925 168923 
6 : 137440 137436 137438 231692 257601 231688 
6 : 48107 137442 137451 48108 48113 141475 
6 : 119948 137476 137470 119971 119961 229957 
6 : 137460 137464 137469 166556 166562 199752 
6 : 137535 137533 137544 206005 216628 206008 
6 : 23116 67729 94963 23112 23113 67725 
6 : 105066 64695 137551 64691 105087 64715 
6 : 114546 137564 137563 114555 114553 234646 
6 : 137559 53819 137560 53827 206360 53828 
6 : 137573 59797 137572 59811 219245 59808 
6 : 137576 137579 8310 260345 8328 8331 
6 : 137607 9398 137603 9408 139712 9400 
6 : 71746 137651 131276 71757 71745 131292 
6 : 137650 128571 137649 128580 240517 128579 
6 : 52642 137659 52266 52656 52263 52275 
6 : 137655 137657 137658 175055 175057 189723 
6 : 137673 137666 96947 160317 96963 96950 
6 : 137748 137701 137759 137705 158993 137717 
6 : 137766 137765 137769 185102 241886 185105 
6 : 137812 107716 137814 107731 250309 107733 
6 : 137874 137869 130827 210212 130847 130838 
6 : 137879 137887 137884 143622 143618 206519 
6 : 137880 137889 137885 149172 149167 216663 
6 : 137888 137881 137891 187977 254850 187981 
6 : 24932 137988 137997 24936 24946 162490 
6 : 123705 137996 9038 123725 9036 9057 
6 : 138002 138010 138007 166662 166654 220018 
6 : 138008 35913 138011 35927 241818 35934 
6 : 138012 124151 138000 124169 140720 124153 
6 : 138013 138003 47096 171672 47122 47102 
6 : 138019 138016 127111 199198 127129 127120 
6 : 15287 81044 99499 15280 15283 81040 
6 : 138108 47424 138111 47444 256336 47452 
6 : 34531 138124 138118 34547 34541 233959 
6 : 138121 138116 138114 226805 203163 203157 
6 : 9182 17580 104946 9171 9178 17576 
6 : 138208 138198 138212 171048 258637 171052 
6 : 138214 138217 138221 156433 156436 221728 
6 : 138229 137526 6045 137541 6058 6044 
6 : 138243 8740 112852 8749 112864 8738 
6 : 138244 44511 138239 44532 181152 44522 
6 : 138303 138299 138298 182724 156512 156499 
6 : 138318 138316 82308 228636 82326 82321 
6 : 138430 138425 138415 255593 176169 176164 
6 : 6470 138432 138440 6476 6492 193132 
6 : 138434 138435 138433 216699 205153 205155 
6 : 138436 44183 138438 44194 262685 44197 
6 : 101870 138452 37264 101885 37262 37292 
6 : 136244 138473 36645 136258 36644 36666 
6 : 138534 138532 138537 220501 244974 220504 
6 : 138546 138554 138553 195189 195188 261168 
6 : 138585 138586 138581 253002 221985 221989 
6 : 13604 106729 138649 13600 13611 106734 
6 : 98225 138659 138656 98244 98237 252951 
6 : 83052 138665 138663 83057 83055 176082 
6 : 109685 29531 138753 29528 109687 29534 
6 : 138766 138769 138760 245417 195299 195303 
6 : 138770 76651 138776 76652 145701 76662 
6 : 138771 138775 138785 150220 150230 202954 
6 : 138818 138807 138805 186799 152504 152494 
6 : 138859 138858 39873 171489 39883 39880 
6 : 138861 138862 138867 226830 226836 240175 
6 : 138863 111263 138865 111281 249686 111283 
6 : 138864 138856 138857 168912 170467 168898 
6 : 138871 138877 112947 176351 112953 112960 
6 : 138872 7519 69977 7524 69982 7511 
6 : 138874 138878 138873 216425 214853 214858 
6 : 97176 138321 138881 97175 97183 138324 
6 : 115845 69406 138886 69402 115860 69422 
6 : 138892 138882 138888 197463 252345 197459 
6 : 94409 138977 138979 94419 94422 238713 
6 : 138978 5055 95095 5067 95112 5052 
6 : 138986 138993 138995 185881 185884 260860 
6 : 138988 27071 1722 27080 1731 1715 
6 : 138990 138991 138994 239261 239265 252726 
6 : 22080 139017 115096 22102 22076 115122 
6 : 25446 139008 138997 25456 25448 144606 
6 : 44733 139027 382 44746 375 393 
6 : 95144 139024 139019 95155 95147 159732 
6 : 102364 139023 139020 102373 102370 197168 
6 : 139078 139077 139075 226037 220105 220104 
6 : 139082 139080 47294 246768 47316 47314 
6 : 139085 139084 47425 265567 47453 47450 
6 : 139100 139108 139106 203409 203407 237265 
6 : 139105 139114 139110 235870 235866 257444 
6 : 18868 139121 139115 18874 18870 160830 
6 : 139116 139137 139134 164489 164487 264156 
6 : 139191 139200 139196 181384 181373 233656 
6 : 139197 106670 139193 106686 191381 106675 
6 : 122437 139202 139213 122439 122447 178596 
6 : 5418 139255 139252 5436 5433 262353 
6 : 3440 139313 139312 3458 3457 261235 
6 : 139314 139318 113141 146474 113144 113156 
6 : 139344 139352 14302 173557 14306 14319 
6 : 139353 16976 139357 16990 241177 16995 
6 : 139416 139413 139411 222825 197394 197389 
6 : 2885 139427 139424 2896 2893 248052 
6 : 139422 62382 139420 62387 173086 62385 
6 : 139426 139430 139425 255054 254315 254318 
6 : 139540 139530 139536 140410 215668 140399 
6 : 139555 126002 139562 126003 146079 126014 
6 : 139566 48979 139567 48993 263333 48995 
6 : 38646 139646 12121 38661 12113 12147 
6 : 139647 139657 139655 190420 190414 251397 
6 : 139683 139681 139682 148596 156207 148595 
6 : 139692 139703 80827 146248 80828 80842 
6 : 88102 139734 139738 88113 88119 237879 
6 : 139730 139733 139729 179212 168279 168290 
6 : 101871 139742 118452 101883 101868 118470 
6 : 139746 88630 139739 88656 238809 88645 
6 : 139758 24988 62648 24994 62655 24979 
6 : 139808 139806 139809 213621 234565 213623 
6 : 139823 139813 82411 184372 82435 82420 
6 : 139827 139826 139815 265081 190805 190803 
6 : 139829 139833 139848 151611 151625 184220 
6 : 139831 139841 139832 160322 160312 161368 
6 : 139877 139875 51029 142947 51035 51030 
6 : 139922 139929 124278 172602 124281 124296 
6 : 139925 139928 138913 231230 138925 138932 
6 : 133484 139945 139961 133485 133500 160947 
6 : 140031 15216 140037 15217 154681 15242 
6 : 140063 140057 140052 242545 176873 176862 
6 : 30552 140147 93312 30565 30547 93335 
6 : 140150 140156 140153 175826 175824 197004 
6 : 140188 140193 140187 171911 163608 163616 
6 : 140264 30884 140266 30901 260284 30906 
6 : 140265 140263 56057 254256 56080 56071 
6 : 140290 29155 103848 29173 103874 29150 
6 : 59998 140357 140353 60006 60000 171180 
6 : 140355 98650 140351 98658 148773 98651 
6 : 140364 140367 140365 189095 189091 194825 
6 : 77715 118887 64429 77711 64425 64427 
6 : 34399 63348 140422 34389 34412 63363 
6 : 140453 140454 140455 156045 156046 179862 
6 : 140457 140458 140459 222150 222151 240588 
6 : 109451 140468 140471 109453 109455 152389 
6 : 140469 140473 140472 166137 166136 201768 
6 : 140475 140470 140474 166434 236097 166433 
6 : 140582 140573 140575 192448 196624 192431 
6 : 140590 140589 140595 241233 251354 241235 
6 : 140591 140586 140594 220234 251575 220237 
6 : 140596 13657 140585 13670 208839 13662 
6 : 74840 140609 140602 74856 74845 216068 
6 : 140621 140615 116878 160341 116899 116883 
6 : 140665 107125 140664 107132 181462 107131 
6 : 127948 140683 140687 127953 127960 214127 
6 : 140704 98001 136342 98002 136344 97999 
6 : 140705 140706 86211 168512 86214 86215 
6 : 140746 36237 140740 36249 180719 36242 
6 : 84001 140809 95221 84011 83998 95234 
6 : 140817 140825 140822 164594 164588 200983 
6 : 132635 140902 140904 132647 132651 243837 
6 : 140900 140901 50914 220804 50930 50931 
6 : 140918 140911 128455 236347 128476 128466 
6 : 19881 140919 140920 19883 19888 171918 
6 : 141008 73984 141010 73997 243442 74000 
6 : 82787 13158 141014 13156 82788 13161 
6 : 141035 141029 141030 193949 195314 193945 
6 : 141039 141038 3512 258780 3539 3533 
6 : 141040 141036 141028 246856 190203 190197 
6 : 141049 141056 141046 209535 170560 170571 
6 : 2975 18572 141128 2970 2978 18577 
6 : 141218 141222 141220 189782 189781 252696 
6 : 141242 55285 141231 55296 192371 55290 
6 : 141266 141270 141279 184245 184257 207332 
6 : 60750 91302 141452 60745 60760 91318 
6 : 141453 141454 141449 249627 199415 199417 
6 : 127620 75816 141467 75813 127634 75825 
6 : 130310 56502 141476 56501 130319 56511 
6 : 141474 141478 141469 210348 173350 173354 
6 : 141559 141558 141561 159031 166333 159040 
6 : 141575 141571 141573 199793 232728 199787 
6 : 80370 141606 141605 80382 80381 225192 
6 : 67472 141675 82251 67484 67471 82264 
6 : 141683 101418 141690 101430 225433 101441 
6 : 133284 141700 141711 133295 133303 228893 
6 : 141719 141723 74164 190512 74175 74183 
6 : 141757 141759 84273 207460 84278 84287 
6 : 32563 141769 15611 32569 15601 15621 
6 : 51158 141773 141301 51161 51157 141303 
6 : 74516 63877 141789 63870 74522 63881 
6 : 116982 141786 141796 116984 116991 169987 
6 : 70209 141860 141868 70214 70222 191726 
6 : 141858 141862 122589 175876 122595 122605 
6 : 141861 141865 134436 191738 134450 134460 
6 : 141866 141856 141857 153537 166899 153521 
6 : 141887 141889 100916 262338 100944 100947 
6 : 141994 141997 141991 252285 163279 163280 
6 : 55973 142010 142007 55988 55982 233934 
6 : 100136 142035 142027 100153 100143 229791 
6 : 73688 142089 142093 73689 73700 170875 
6 : 142098 81586 27266 81589 27268 27259 
6 : 142106 142108 142102 261684 240875 240877 
6 : 142122 142120 21863 249947 21883 21881 
6 : 142193 142190 142196 164877 221597 164880 
6 : 142207 142212 68614 228879 68626 68637 
6 : 142242 142244 30627 190838 30631 30632 
6 : 142248 142239 142257 165381 218873 165397 
6 : 142321 105506 78827 105514 78834 78823 
6 : 142324 142319 142327 233027 258384 233030 
6 : 142339 142332 142338 195725 258461 195722 
6 : 142384 142375 142387 172313 249865 172315 
6 : 107610 142404 142392 107626 107611 146945 
6 : 60118 142427 142421 60125 60123 224110 
6 : 97748 142423 66823 97763 66815 66833 
6 : 142449 2020 142444 2038 249461 2033 
6 : 142454 142458 142467 166349 166354 217835 
6 : 142456 142469 142461 193507 193501 244042 
6 : 142462 142457 142470 194417 248311 194422 
6 : 42835 142540 142536 42849 42845 259133 
6 : 142531 142539 142535 176634 176629 259020 
6 : 142533 142537 142530 245704 176105 176115 
6 : 142548 142550 142543 218883 161067 161079 
6 : 111411 142563 142559 111422 111417 194120 
6 : 111493 142640 142637 111507 111502 238383 
6 : 142641 142633 142639 202370 243659 202361 
6 : 142646 142655 142649 162990 162984 202217 
6 : 142656 142659 142657 246677 246674 256191 
6 : 142681 142665 142672 183369 236310 183353 
6 : 142773 142769 46839 178312 46852 46845 
6 : 142783 88753 21864 88755 21865 21855 
6 : 56586 142868 122149 56607 56582 122171 
6 : 142881 142887 39580 146013 39582 39588 
6 : 142928 142943 142932 198857 198849 224650 
6 : 99300 142975 142974 99310 99309 215764 
6 : 142977 142978 142970 246878 161575 161580 
6 : 143031 34400 22303 34407 22309 22293 
6 : 143098 141643 143112 141648 211018 141656 
6 : 143104 143105 143099 241140 211552 211555 
6 : 134759 57294 93029 57293 93027 57287 
6 : 143189 143186 63878 220509 63891 63885 
6 : 143191 143190 125411 159899 125415 125413 
6 : 16216 143211 143214 16226 16230 249508 
6 : 143202 143204 64294 176038 64296 64301 
6 : 98853 143292 120210 98866 98852 120229 
6 : 143285 143287 143291 160594 160606 201512 
6 : 143295 109012 143299 109014 147560 109021 
6 : 143296 143309 143305 154177 154169 245744 
6 : 143304 143302 143303 233155 235768 233153 
6 : 110917 143319 143310 110928 110918 145558 
6 : 143396 143394 143395 167891 228271 167889 
6 : 143404 143407 143417 158232 158251 192903 
6 : 143439 143451 13508 223980 13518 13527 
6 : 143449 143447 50315 252590 50344 50339 
6 : 143520 143525 120801 244252 120813 120816 
6 : 47842 143609 138126 47850 47841 138135 
6 : 88518 143626 60568 88535 60560 60588 
6 : 135344 143615 143617 135348 135349 174547 
6 : 143638 143633 143632 229941 229387 229381 
6 : 143716 129481 143721 129490 202254 129499 
6 : 143855 143856 143859 213522 213523 217330 
6 : 143861 112234 3168 112245 3187 3165 
6 : 143940 130581 143947 130582 153374 130594 
6 : 143941 35075 60903 35077 60907 35068 
6 : 143949 143946 143942 219627 173686 173681 
6 : 95706 143957 143962 95713 95722 251212 
6 : 143953 143952 101790 162430 101799 101793 
6 : 13754 143989 59874 13768 13751 59892 
6 : 144037 144046 144044 183256 183254 262937 
6 : 144042 144041 144040 236869 227013 227011 
6 : 144065 144063 144066 148517 189106 148518 
6 : 144072 144069 110988 228459 111001 110996 
6 : 144075 144073 58024 250231 58044 58040 
6 : 144086 144084 144090 225764 234372 225770 
6 : 139765 91677 144107 91676 139775 91688 
6 : 144095 144106 129924 188543 129932 129943 
6 : 144096 144111 144101 193713 193706 232888 
6 : 144153 144146 144147 213511 217581 213490 
6 : 68044 76015 144171 68037 68064 76035 
6 : 144196 144201 144193 175148 146523 146533 
6 : 144199 144200 144215 224261 224277 226820 
6 : 11451 144272 144285 11453 11463 158648 
6 : 144283 24554 104916 24576 104936 24553 
6 : 144284 6851 144274 6866 194607 6856 
6 : 133756 7001 144309 6999 133774 7019 
6 : 144319 144315 144330 161242 220068 161255 
6 : 37632 144386 100178 37648 37630 100198 
6 : 144378 50457 72813 50463 72821 50450 
6 : 144380 144385 105639 236904 105647 105654 
6 : 107834 139456 144400 107832 107853 139476 
6 : 144509 144503 120953 181571 120966 120957 
6 : 144525 144523 47763 184807 47778 47768 
6 : 144532 144544 144541 227570 227561 258996 
6 : 144536 144538 144539 249851 249852 257658 
6 : 144546 127963 144563 127966 158709 127977 
6 : 144551 144562 34310 178123 34316 34328 
6 : 144622 144621 70411 145227 70419 70412 
6 : 36961 144632 144639 36964 36980 171201 
6 : 117180 133285 144637 117179 117188 133297 
6 : 70322 144752 134326 70345 70320 134350 
6 : 19477 144754 67519 19480 19474 67524 
6 : 74862 21670 144767 21665 74875 21687 
6 : 122707 144791 144793 122725 122729 264888 
6 : 144865 144863 144861 219285 211045 211044 
6 : 144884 144870 144873 166258 230588 166249 
6 : 144982 144980 144979 223407 219179 219170 
6 : 144993 144991 53916 224621 53927 53926 
6 : 6471 31540 145104 6463 6488 31558 
6 : 145106 145100 145099 216197 205162 205152 
6 : 145110 143113 111665 143115 111671 111664 
6 : 145129 145132 145125 225840 173297 173302 
6 : 145131 5554 145130 5564 234331 5563 
6 : 145137 145124 145142 167442 254864 167448 
6 : 145170 145162 145164 173575 195152 173568 
6 : 145184 145189 145186 184419 184418 256541 
6 : 145190 41746 145203 41749 159314 41770 
6 : 145192 116272 145195 116275 168790 116281 
6 : 145193 145194 55768 186389 55773 55774 
6 : 145215 145206 131277 146561 131290 131278 
6 : 145218 145211 145216 195981 240522 195975 
6 : 32891 145310 26237 32904 26229 26260 
6 : 145303 145301 145307 148896 176642 148907 
6 : 29010 29979 100671 29003 29006 29975 
6 : 17421 145416 145413 17428 17424 212017 
6 : 106044 145414 145412 106052 106049 211410 
6 : 145423 145422 145427 234684 240554 234690 
6 : 2132 145432 145438 2136 2142 196659 
6 : 145434 145430 145441 153814 221057 153823 
6 : 145453 145457 145452 237960 225498 225504 
6 : 66034 134096 145519 66033 66041 134109 
6 : 103386 145513 119713 103390 103381 119714 
6 : 145529 145522 145528 154127 241104 154125 
6 : 112923 125512 6046 112919 6040 6041 
6 : 145535 145542 145546 153896 153902 232489 
6 : 145631 145628 64154 167457 64166 64157 
6 : 78588 125191 145741 78587 78591 125195 
6 : 103387 145740 134097 103388 103383 134098 
6 : 117635 145793 145794 117639 117640 156550 
6 : 79431 145843 145841 79443 79439 218277 
6 : 145842 145840 145839 206387 161152 161144 
6 : 145858 95665 145849 95677 197712 95668 
6 : 145865 145866 60064 206212 60071 60073 
6 : 57583 145880 81645 57592 57579 81655 
6 : 109013 145886 145883 109025 109024 216571 
6 : 145893 145885 51850 224805 51875 51867 
6 : 86672 144643 145961 86671 86688 144662 
6 : 146057 146065 146056 171852 149548 149573 
6 : 146059 146058 45673 193373 45682 45681 
6 : 26377 146072 146071 26399 26397 264660 
6 : 38527 146073 111189 38542 38521 111205 
6 : 18820 146076 146085 18823 18836 178962 
6 : 115156 146157 146162 115159 115168 172121 
6 : 88463 146167 146178 88468 88476 200938 
6 : 104634 146180 146172 104654 104642 237798 
6 : 110578 98026 146175 98023 110599 98040 
6 : 69228 146218 146213 69247 69240 234777 
6 : 146210 146215 146212 218389 218380 230196 
6 : 121426 39228 146310 39224 121435 39240 
6 : 109226 146360 82412 109241 82409 82432 
6 : 118266 146369 146381 118270 118277 200210 
6 : 146367 146366 146370 154159 157087 154162 
6 : 139432 10915 146389 10913 139449 10927 
6 : 92732 146488 146484 92744 92742 261010 
6 : 146490 146483 22467 246969 22493 22482 
6 : 131048 146522 146539 131050 131070 150787 
6 : 146592 91022 107389 91039 107403 91014 
6 : 136343 22619 146685 22617 136357 22629 
6 : 12488 146710 146709 12498 12492 197091 
6 : 84085 146706 146713 84086 84093 154224 
6 : 146707 146714 146718 190244 190249 237149 
6 : 137262 146730 146724 137272 137268 214208 
6 : 99369 146777 1587 99379 1581 1593 
6 : 25627 146800 105572 25638 25624 105583 
6 : 146803 24555 146793 24570 168444 24558 
6 : 146806 146795 146807 213165 258368 213167 
6 : 146815 41297 146816 41305 207116 41307 
6 : 146885 146893 73757 178882 73763 73774 
6 : 146887 146899 146886 193858 179548 179565 
6 : 146917 146923 146931 166003 166008 229464 
6 : 146926 79056 146933 79072 239830 79085 
6 : 83347 130700 33080 83344 33074 33077 
6 : 146993 141390 146996 141406 232778 141415 
6 : 146998 147008 147004 170396 170393 231166 
6 : 135562 147016 103594 135565 103593 103598 
6 : 134485 89289 41870 89287 41867 41862 
6 : 59073 147100 147098 59076 59074 151968 
6 : 47611 147113 147112 47631 47630 247098 
6 : 95560 105068 147130 95557 95567 105076 
6 : 147139 147141 147128 265207 172913 172915 
6 : 147183 91441 147170 91464 214295 91451 
6 : 147299 147303 147297 224685 210455 210463 
6 : 147301 147304 147296 240413 166746 166752 
6 : 147306 147308 147307 194145 194144 196297 
6 : 54083 147320 147333 54085 54099 152507 
6 : 147323 147336 106768 189018 106774 106789 
6 : 17472 109959 147355 17468 17492 109983 
6 : 46314 147349 147352 46335 46337 260308 
6 : 112093 147406 147410 112095 112101 216102 
6 : 147415 147413 147407 263420 249943 249942 
6 : 56664 147423 147424 56671 56675 236443 
6 : 147429 147438 147435 171894 171892 221770 
6 : 142060 147524 147519 142083 142066 225617 
6 : 147515 147526 20916 150312 20918 20939 
6 : 147516 143663 147517 143667 184736 143670 
6 : 147529 147527 147532 159513 194946 159515 
6 : 147530 2209 36083 2221 36090 2200 
6 : 147548 147546 137161 206583 137178 137171 
6 : 147550 28016 147549 28033 246400 28030 
6 : 147588 147579 147589 162524 242677 162526 
6 : 147596 147584 147595 230703 263388 230702 
6 : 24624 144048 147631 24623 24627 144051 
6 : 147642 84828 78222 84835 78233 78217 
6 : 147664 147667 93315 184298 93320 93325 
6 : 129791 134658 147687 129788 129810 134680 
6 : 147717 147714 147713 161761 158945 158941 
6 : 18968 147730 147726 18978 18969 149760 
6 : 147729 147735 147731 203380 203373 239766 
6 : 35011 147750 147749 35024 35023 256449 
6 : 147739 69169 147743 69172 153830 69175 
6 : 147819 52695 147821 52696 174201 52711 
6 : 147827 147825 56480 258828 56498 56494 
6 : 147918 147915 147916 212444 212695 212441 
6 : 147924 136650 97479 136654 97482 97477 
6 : 147946 147937 147939 221890 228194 221883 
6 : 91412 148009 148010 91414 91415 155755 
6 : 148019 148017 148011 262027 179834 179830 
6 : 18540 17728 148024 17724 18545 17735 
6 : 148023 148034 148030 196328 196325 247264 
6 : 148031 108170 96343 108190 96357 96338 
6 : 148033 148021 13227 160030 13255 13230 
6 : 148069 148067 148056 252848 154987 154983 
6 : 148082 148078 111564 201522 111578 111570 
6 : 16860 148137 148126 16878 16861 149669 
6 : 148127 148135 148138 153267 153269 257825 
6 : 148142 148156 148143 197715 197703 214499 
6 : 148193 77645 148191 77659 247355 77656 
6 : 109015 148229 148244 109016 109027 154170 
6 : 148265 148262 148255 252310 191942 191938 
6 : 148351 148349 148343 256735 186139 186136 
6 : 148356 29465 129366 29472 129376 29461 
6 : 148368 148364 13065 160528 13071 13066 
6 : 148468 93248 148472 93252 181098 93257 
6 : 148478 20384 40032 20405 40056 20372 
6 : 145990 148491 148486 146008 145998 224114 
6 : 148574 148580 148575 233593 233587 236106 
6 : 148581 109373 148565 109398 152407 109374 
6 : 148593 148584 128032 184201 128061 128038 
6 : 71699 148647 83542 71704 71692 83552 
6 : 148668 148673 76653 152775 76656 76663 
6 : 148751 148752 35198 163494 35203 35206 
6 : 148754 35801 148753 35818 221570 35812 
6 : 148765 148762 101657 244660 101680 101672 
6 : 121427 44218 111667 44209 111658 44207 
6 : 148861 125958 79566 125965 79570 79563 
6 : 145962 76952 75183 76951 75182 75177 
6 : 148873 148874 148872 246449 231758 231761 
6 : 139811 86006 148961 86005 139821 86021 
6 : 148965 50210 5756 50211 5758 5745 
6 : 148976 148981 99045 203490 99050 99060 
6 : 149056 149060 149058 246644 246643 252476 
6 : 149057 149054 149052 243192 150259 150256 
6 : 149065 23920 149069 23935 223037 23944 
6 : 149159 149161 149158 238818 238329 238335 
6 : 149169 59669 149165 59678 204622 59676 
6 : 149179 12714 19449 12721 19456 12706 
6 : 149219 149222 149211 224858 173397 173408 
6 : 126199 28883 5555 28880 5552 5545 
6 : 109319 149274 73432 109331 73431 73460 
6 : 149265 149266 149271 209855 209859 229157 
6 : 149272 149270 149268 243042 238569 238565 
6 : 92111 94713 149276 92108 92118 94723 
6 : 149286 149290 83932 149619 83933 83943 
6 : 149296 126977 114972 126995 114985 114970 
6 : 40004 144217 149365 40003 40012 144232 
6 : 149358 149356 75453 170947 75458 75456 
6 : 149379 108915 149375 108933 203240 108925 
6 : 149384 111538 75883 111541 75885 75880 
6 : 149389 149395 252 222238 258 270 
6 : 149466 149473 149471 194067 194066 232528 
6 : 149491 149498 149500 159811 159814 244104 
6 : 33786 111688 149585 33783 33803 111710 
6 : 149578 48760 149584 48767 194187 48782 
6 : 149588 149595 149591 152441 152436 191644 
6 : 149592 149594 149589 216612 154778 154785 
6 : 60136 146241 37120 60135 37108 37119 
6 : 149602 149608 36376 198282 36385 36398 
6 : 149625 23845 149623 23855 228347 23853 
6 : 12715 149678 143263 12728 12713 143280 
6 : 149677 149680 149679 241109 241106 255305 
6 : 149694 149693 149687 259879 224449 224446 
6 : 57105 106855 149809 57101 57116 106866 
6 : 86550 149866 45526 86557 45518 45542 
6 : 57801 149922 149912 57813 57802 158937 
6 : 109584 149919 149920 109592 109595 233595 
6 : 149914 76432 149916 76439 193930 76442 
6 : 18056 18598 148312 18047 18055 18597 
6 : 149998 2824 100401 2826 100403 2822 
6 : 150024 150025 150013 244518 170868 170869 
6 : 150097 150092 150096 170100 220442 170099 
6 : 51596 52005 60874 51587 51589 51999 
6 : 150105 150100 150104 243054 262690 243053 
6 : 150110 150115 138589 213120 138600 138604 
6 : 150114 150112 20917 220131 20930 20928 
6 : 150117 150113 124402 222044 124419 124410 
6 : 129592 74429 127786 74426 127783 74425 
6 : 150202 150203 60935 254430 60949 60950 
6 : 150212 150209 121296 186616 121307 121302 
6 : 150272 150276 150275 172594 172593 230532 
6 : 150287 103930 4930 103945 4945 4924 
6 : 150335 145358 77481 145371 77497 77480 
6 : 150381 150383 108528 248546 108540 108545 
6 : 150404 150414 150406 217259 217248 228531 
6 : 150405 150408 150407 226604 226600 234176 
6 : 150435 89412 150439 89434 264582 89436 
6 : 52431 150495 150494 52439 52436 201611 
6 : 150488 150498 150500 171799 171800 256827 
6 : 150509 27305 150514 27314 229697 27322 
6 : 150517 150522 150524 216360 216361 263097 
6 : 150521 103475 150518 103489 221289 103483 
6 : 78467 150602 150604 78469 78471 162701 
6 : 150618 39948 75545 39949 75548 39941 
6 : 150638 150640 150631 248607 201124 201126 
6 : 103054 23008 150711 23002 103067 23019 
6 : 150715 15958 150716 15963 220535 15964 
6 : 150728 150741 27871 199002 27877 27893 
6 : 150760 150750 131279 223539 131300 131288 
6 : 112612 11212 150813 11211 112625 11228 
6 : 150809 73629 150819 73638 230714 73654 
6 : 150815 150810 150807 231424 188510 188504 
6 : 27435 150824 105340 27441 27430 105345 
6 : 129482 150828 150822 129491 129483 162112 
6 : 54778 150846 150855 54790 54796 224498 
6 : 150920 150916 150917 199848 230504 199837 
6 : 150935 150938 150939 187382 187383 228521 
6 : 150940 150934 150943 179636 236193 179641 
6 : 132237 151016 151007 132248 132241 217116 
6 : 151011 151009 151012 236517 237580 236519 
6 : 127066 114692 151021 114689 127077 114700 
6 : 151017 11120 103346 11121 103347 11117 
6 : 151025 151022 138831 253670 138853 138847 
6 : 28621 151077 53917 28636 28613 53935 
6 : 151111 151110 104918 168438 104920 104919 
6 : 151114 151121 75124 190664 75128 75147 
6 : 151116 151118 151113 231831 184210 184214 
6 : 151122 54084 151129 54086 164200 54095 
6 : 151245 151247 151251 177182 177187 191549 
6 : 151261 151255 151262 250659 263801 250660 
6 : 37899 56972 5056 37893 5044 5046 
6 : 151275 151263 151267 185110 231307 185097 
6 : 151345 118661 151342 118673 205077 118670 
6 : 151349 151344 151346 213573 238230 213561 
6 : 102124 9785 151356 9780 102130 9794 
6 : 151357 95689 101419 95698 101432 95681 
6 : 124695 938 151364 935 124698 945 
6 : 151371 151363 133653 179473 133672 133656 
6 : 151376 151378 151390 155196 155215 178676 
6 : 130771 151466 151465 130784 130782 248220 
6 : 151490 151491 151481 263458 212704 212708 
6 : 151496 151494 136603 177932 136606 136605 
6 : 151539 151536 123729 209076 123741 123737 
6 : 146074 48884 53544 48883 53543 48877 
6 : 114255 151570 151562 114262 114258 174656 
6 : 29650 118803 151592 29648 29665 118823 
6 : 151582 151584 91817 191835 91826 91828 
6 : 151670 151672 151680 163692 163701 211039 
6 : 151673 151676 45057 215464 45066 45072 
6 : 151678 75647 142763 75657 142778 75646 
6 : 27492 114358 151710 27490 27501 114366 
6 : 151726 151728 36377 227311 36389 36392 
6 : 151767 151775 151778 218513 218523 253808 
6 : 151776 151764 100274 172202 100301 100278 
6 : 151799 151798 115331 265232 115352 115350 
6 : 66516 151836 151824 66533 66521 207724 
6 : 73282 13632 116958 13623 73279 13627 
6 : 148514 58027 151888 58026 148525 58043 
6 : 151887 151885 123968 212518 123979 123974 
6 : 151896 151905 35940 226330 35955 35961 
6 : 151897 151906 77515 228126 77525 77537 
6 : 51112 31510 5220 31505 5215 5212 
6 : 128936 151930 151935 128941 128952 242196 
6 : 137116 151932 26378 137130 26376 26389 
6 : 116251 12555 151973 12550 116259 12565 
6 : 113480 152009 24594 113496 24588 24609 
6 : 151996 152005 103701 194256 103705 103719 
6 : 151999 152010 152003 223969 223962 250081 
6 : 152023 152016 152013 234580 199096 199082 
6 : 152089 134906 152087 134911 180784 134908 
6 : 1614 152101 152105 1619 1625 203180 
6 : 152100 152102 132056 174231 132059 132063 
6 : 152164 152154 103702 220927 103721 103708 
6 : 152205 152207 152204 220188 209755 209762 
6 : 95431 152221 152224 95442 95446 220753 
6 : 152225 152211 151207 159955 151224 151209 
6 : 146242 94944 33050 94943 33049 33045 
6 : 152232 139693 152231 139697 158004 139695 
6 : 152253 152251 21976 249071 21991 21989 
6 : 152308 111908 80655 111909 80656 80653 
6 : 152317 106529 152311 106542 202696 106534 
6 : 152326 152320 152321 153021 159035 153012 
6 : 152350 152349 152355 169584 173439 169593 
6 : 152373 21368 152385 21372 175656 21393 
6 : 152401 152394 152398 217792 236098 217788 
6 : 152410 145058 152417 145062 194870 145077 
6 : 152413 152424 152416 212007 211999 241267 
6 : 107205 117929 70138 107203 70132 70133 
6 : 152433 28129 152444 28130 154285 28151 
6 : 152437 152438 152443 196902 196910 214583 
6 : 152526 152517 152519 172911 224935 172899 
6 : 93929 57991 152560 57986 93953 58014 
6 : 152554 152552 152553 228827 236450 228826 
6 : 14445 152636 7193 14464 7178 7215 
6 : 152635 152633 57615 235309 57636 57626 
6 : 152639 152645 152641 192350 192347 220285 
6 : 152646 147381 82414 147397 82434 82413 
6 : 152662 383 152670 395 257508 404 
6 : 139853 152701 152705 139872 139874 264126 
6 : 152732 7650 152738 7653 186858 7671 
6 : 152735 152730 51355 162799 51367 51357 
6 : 152739 152737 152736 249917 246273 246267 
6 : 29672 30738 152740 29666 29674 30741 
6 : 131884 152745 28017 131892 28015 28025 
6 : 152743 117572 127658 117580 127663 117569 
6 : 145637 152846 152849 145645 145646 253621 
6 : 152841 152845 152847 155026 155029 224811 
6 : 58226 152935 152939 58230 58240 207507 
6 : 79167 152943 152942 79170 79168 169586 
6 : 93621 152946 152945 93626 93624 225792 
6 : 79101 152975 65967 79105 65958 65973 
6 : 90592 152983 102836 90606 90583 102855 
6 : 152985 114672 152982 114686 247246 114681 
6 : 92894 93562 141957 92890 92892 93561 
6 : 153036 153035 153039 192473 201914 192480 
6 : 89021 85442 98767 85434 89018 85436 
6 : 153142 57561 153141 57567 212243 57564 
6 : 153147 153149 132720 262066 132739 132742 
6 : 82658 153161 153159 82669 82664 242726 
6 : 32585 153177 132721 32598 32583 132741 
6 : 153295 153289 153280 261251 209916 209909 
6 : 153296 153300 108441 157406 108442 108449 
6 : 112477 153342 153346 112479 112488 205506 
6 : 153345 153344 153341 217846 205204 205202 
6 : 153348 153337 153347 179348 236714 179346 
6 : 153367 57992 153382 57993 157897 58015 
6 : 133633 147464 153460 133631 133650 147485 
6 : 153467 153464 84305 204671 84318 84313 
6 : 153475 42407 153466 42428 210446 42414 
6 : 153574 153578 126614 245624 126626 126635 
6 : 153577 153575 88246 254096 88268 88262 
6 : 153591 153594 153587 263878 254936 254938 
6 : 153598 98652 153604 98653 162308 98664 
6 : 137568 153685 115925 137575 115923 115938 
6 : 153682 153680 143916 181554 143926 143922 
6 : 153683 153688 32522 223164 32530 32543 
6 : 153803 77646 153800 77652 180715 77648 
6 : 153808 153805 92321 247360 92339 92330 
6 : 47393 153864 153869 47394 47407 167997 
6 : 153892 153907 153893 200068 200053 208196 
6 : 153913 153910 153918 209294 225034 209298 
6 : 110413 153983 153981 110431 110425 241217 
6 : 153985 153982 153974 261213 191225 191222 
6 : 154082 154092 154090 160381 160375 244319 
6 : 154098 104636 27571 104641 27577 27565 
6 : 72485 154103 154111 72486 72495 161230 
6 : 117163 154190 154188 117172 117167 169522 
6 : 136460 154212 109156 136471 109151 109178 
6 : 154287 32827 154275 32852 177506 32831 
6 : 154290 154305 154295 187801 187793 243858 
6 : 154306 154293 154292 216003 205623 205604 
6 : 154314 154313 154318 206310 207006 206317 
6 : 139694 154324 37124 139696 37118 37127 
6 : 154336 154325 154335 207711 265075 207707 
6 : 5222 154394 154386 5234 5224 162242 
6 : 45765 154387 75571 45770 45758 75576 
6 : 154401 137582 154404 137586 193908 137597 
6 : 129987 154417 154420 129994 129996 196010 
6 : 154423 154430 154418 230119 202988 203003 
6 : 154427 154424 154416 231814 187163 187155 
6 : 154448 106405 52844 106419 52869 52840 
6 : 154505 114447 134439 114448 134441 114445 
6 : 154513 27211 154512 27225 259229 27224 
6 : 154521 154529 154527 210725 210722 260400 
6 : 154627 154629 43001 198153 43006 43010 
6 : 154633 154626 154631 193591 251738 193589 
6 : 132151 154642 16397 132162 16396 16404 
6 : 154643 115067 154640 115076 213428 115075 
6 : 154645 114318 154649 114329 255587 114339 
6 : 34659 154653 154651 34668 34665 205154 
6 : 44184 108146 88948 44182 44176 88940 
6 : 104899 24854 154655 24847 104904 24865 
6 : 154658 54982 154662 54990 261696 54993 
6 : 2770 61284 154708 2763 2771 61285 
6 : 91542 154724 154721 91554 91550 218624 
6 : 154717 27634 68211 27636 68212 27625 
6 : 154731 154742 55914 174628 55916 55934 
6 : 154753 154748 154749 179182 213097 179170 
6 : 154804 154797 61486 178332 61513 61491 
6 : 126714 154812 154818 126723 126728 237023 
6 : 154814 154815 154806 248682 220300 220303 
6 : 116143 154890 154897 116146 116155 173671 
6 : 120932 154893 62682 120940 62679 62686 
6 : 46529 154909 13229 46543 13218 13245 
6 : 138572 154919 154051 138574 138571 154053 
6 : 154922 59800 8313 59807 8320 8303 
6 : 122903 126851 154932 122897 122910 126859 
6 : 155000 154998 155002 248014 264651 248016 
6 : 155001 154997 154996 222681 200288 200276 
6 : 6160 155108 155101 6176 6169 256367 
6 : 155114 60330 155109 60337 169886 60331 
6 : 155128 103728 155136 103737 224755 103745 
6 : 155183 155184 65543 156287 65544 65545 
6 : 155187 155193 155185 181639 159844 159856 
6 : 155190 155188 36962 202219 36979 36967 
6 : 43561 31082 155302 31072 43565 31089 
6 : 140204 155309 155312 140209 140218 188256 
6 : 155313 155310 155320 189280 236251 189288 
6 : 155321 155318 147600 263868 147630 147627 
6 : 155328 155327 144218 227974 144236 144228 
6 : 155332 155326 155322 187585 170965 170948 
6 : 155386 43498 155397 43510 239751 43517 
6 : 155403 155399 155401 222950 235047 222941 
6 : 155404 155413 113632 214049 113638 113648 
6 : 30740 155441 155440 30753 30751 247394 
6 : 155434 155438 155444 182432 182442 228279 
6 : 155511 155510 155515 239881 246734 239891 
6 : 84878 23009 155618 23001 84886 23012 
6 : 155622 155619 155624 226140 262584 226142 
6 : 124034 117638 147275 117634 124033 117636 
6 : 155690 95191 155696 95204 237185 95214 
6 : 132694 155711 155714 132712 132716 260706 
6 : 155734 155731 155728 262646 257096 257094 
6 : 155753 52585 155738 52607 207352 52591 
6 : 16786 155805 155802 16795 16789 205613 
6 : 155811 155807 155810 255386 264924 255384 
6 : 53765 126732 134930 53762 53764 126730 
6 : 155812 102125 83810 102126 83812 83804 
6 : 155820 155818 155817 264958 241539 241537 
6 : 101728 155831 71257 101748 71251 71274 
6 : 155907 153178 155912 153191 244630 153197 
6 : 155920 155932 154965 212781 154974 154992 
6 : 155926 155916 89576 182476 89592 89580 
6 : 9845 155960 142474 9855 9844 142487 
6 : 156018 156020 156026 185221 185230 193714 
6 : 156034 156039 156033 236588 232087 232094 
6 : 156041 121978 156038 121994 256499 121991 
6 : 156157 156161 156159 171361 171357 193534 
6 : 111412 156176 156172 111423 111415 187718 
6 : 156178 156177 156169 253151 162696 162695 
6 : 156248 156246 156239 246763 174966 174963 
6 : 156249 141422 156240 141439 191939 141425 
6 : 156250 96739 156252 96752 259348 96755 
6 : 127424 156267 156271 127437 127442 252176 
6 : 156284 156282 156278 249426 208990 208986 
6 : 81325 142902 80281 81322 80272 80276 
6 : 156334 112107 156331 112118 224410 112114 
6 : 156350 156343 156348 240971 261156 240963 
6 : 156414 127787 156409 127804 252277 127802 
6 : 156432 12941 126979 12948 126990 12938 
6 : 156467 156463 81800 235559 81822 81817 
6 : 156536 33082 50919 33094 50932 33070 
6 : 156540 156529 81493 162789 81515 81495 
6 : 154323 156637 156638 154328 154333 236972 
6 : 156636 92291 119038 92293 119040 92286 
6 : 94545 156639 156651 94546 94554 165389 
6 : 156671 156670 156668 238011 232828 232825 
6 : 156693 140093 156691 140106 241166 140103 
6 : 156752 147382 156750 147389 165691 147385 
6 : 100217 156765 75036 100222 75030 75047 
6 : 127401 126980 83934 126976 83929 83928 
6 : 156877 156872 156874 168949 181966 168941 
6 : 156881 156884 99663 263000 99680 99685 
6 : 30799 58968 5420 30792 5407 5409 
6 : 133405 97316 156915 97313 133417 97328 
6 : 137139 82879 127915 82876 127912 82874 
6 : 157081 93443 157069 93463 157269 93444 
6 : 30230 157184 157179 30237 30234 210432 
6 : 157274 157277 157275 160815 160811 191209 
6 : 157284 24666 157288 24669 169573 24673 
6 : 157289 157287 80939 206649 80958 80951 
6 : 157291 125895 157292 125912 255259 125913 
6 : 101592 157369 157371 101603 101606 243845 
6 : 157385 157381 122153 202550 122165 122161 
6 : 157386 157384 157383 208266 205211 205197 
6 : 157475 101792 157469 101809 194905 101802 
6 : 157488 97629 157487 97639 221678 97638 
6 : 157495 157480 157484 168276 194820 168262 
6 : 157508 157499 157501 202848 225789 202839 
6 : 157512 157515 54587 191257 54590 54592 
6 : 157578 157581 157580 204448 204440 241169 
6 : 157592 157601 96470 187978 96473 96483 
6 : 157686 157679 146438 196970 146458 146443 
6 : 116512 157696 43352 116526 43349 43372 
6 : 157694 29011 139782 29025 139795 29009 
6 : 157708 156043 157713 156057 259419 156058 
6 : 42668 78492 128904 42657 42661 78487 
6 : 79407 157772 157775 79408 79416 170138 
6 : 157776 14508 157773 14521 182655 14510 
6 : 60162 137704 157781 60156 60163 137709 
6 : 73958 118412 157789 73952 73976 118429 
6 : 157821 48195 157831 48207 235357 48217 
6 : 108042 94849 157862 94846 108043 94850 
6 : 157869 2024 157868 2044 260180 2040 
6 : 157877 157875 157874 243203 234130 234123 
6 : 157878 111889 157872 111902 221732 111895 
6 : 157902 157912 157905 200625 200617 208491 
6 : 117165 157986 157975 117176 117166 165635 
6 : 78265 14727 61764 14719 61759 14717 
6 : 158076 158069 158082 185770 242444 185782 
6 : 158083 158079 158077 255747 250473 250469 
6 : 80589 112015 158097 80587 80600 112030 
6 : 158109 158102 158107 198746 241385 198741 
6 : 129436 158177 158169 129448 129440 232280 
6 : 158278 158283 158280 252008 252006 263043 
6 : 158291 158293 158288 216642 189044 189048 
6 : 152286 158308 158315 152293 152302 208993 
6 : 158375 2700 158377 2707 241477 2711 
6 : 92733 49621 107638 49616 92728 49617 
6 : 158382 158395 158388 173287 173275 236412 
6 : 158386 158392 158391 217478 217476 252946 
6 : 158403 158397 158406 180934 256064 180937 
6 : 93904 152241 29400 93903 29393 29399 
6 : 119925 23186 158415 23183 119930 23190 
6 : 158423 21977 158413 21994 198704 21982 
6 : 158429 137282 46841 137287 46850 46838 
6 : 113402 158469 158474 113405 113411 188521 
6 : 158476 56915 17647 56930 17659 17635 
6 : 158525 158527 9078 263210 9110 9114 
6 : 158583 158594 158592 171245 171244 264446 
6 : 158591 113548 158586 113565 242504 113562 
6 : 83880 140396 158598 83878 83883 140398 
6 : 158601 158596 158605 193453 212279 193460 
6 : 158606 158608 158604 244792 236673 236682 
6 : 64959 158671 158675 64960 64965 164494 
6 : 158674 69380 158679 69382 185405 69392 
6 : 158676 158680 158678 212749 212746 232835 
6 : 158687 158682 158694 183332 229560 183340 
6 : 158700 158705 158701 184639 184633 190879 
6 : 158786 158784 158785 217793 243896 217790 
6 : 158788 158787 29078 259853 29100 29098 
6 : 158790 158789 135712 169498 135716 135714 
6 : 158795 158797 122275 257441 122289 122292 
6 : 158816 23284 158826 23294 249518 23303 
6 : 158825 158820 151938 259602 151964 151959 
6 : 158832 21042 158834 21049 221390 21051 
6 : 158864 158868 158867 215287 215286 254858 
6 : 158882 158879 94096 198674 94107 94102 
6 : 158888 158877 158881 188723 206379 188713 
6 : 34373 154236 158902 34372 34387 154253 
6 : 158907 73435 158904 73445 179370 73438 
6 : 158967 158968 158974 161710 161720 168154 
6 : 98301 6503 158982 6499 98312 6519 
6 : 158977 39526 22620 39531 22625 22610 
6 : 58151 88126 1122 58146 1113 1115 
6 : 158991 158994 158995 242534 242536 253919 
6 : 151026 17803 158998 17802 151028 17804 
6 : 127314 99695 159067 99691 127317 99699 
6 : 149397 159069 159073 149405 149407 191278 
6 : 21470 159084 159085 21477 21479 233883 
6 : 159095 159107 159105 178757 178753 260487 
6 : 37663 159183 66135 37680 37657 66163 
6 : 109041 159188 159190 109045 109049 200634 
6 : 116274 159198 159187 116293 116278 192049 
6 : 123464 46842 159199 46836 123479 46868 
6 : 159300 22168 159288 22193 160541 22169 
6 : 133428 159313 159304 133442 133431 174884 
6 : 159307 159309 159306 192040 187651 187655 
6 : 30576 159386 150883 30584 30574 150904 
6 : 159385 34252 59401 34263 59410 34245 
6 : 108362 159399 159400 108369 108370 186388 
6 : 57972 45494 9995 45486 9987 9986 
6 : 159490 97813 120574 97814 120575 97810 
6 : 159491 159493 67608 180865 67614 67620 
6 : 159502 10530 159504 10536 219668 10538 
6 : 159575 159572 159577 171103 230905 171107 
6 : 7284 153950 159621 7283 7301 153964 
6 : 64156 130718 159717 64150 64172 130739 
6 : 159712 159708 159703 220107 183903 183898 
6 : 94779 159779 159776 94785 94781 181386 
6 : 159788 159797 159796 201256 201255 254697 
6 : 159798 40412 25202 40428 25228 25193 
6 : 159879 159871 159877 185946 257199 185940 
6 : 81734 106530 159890 81728 81742 106540 
6 : 159967 159963 159969 175324 197926 175334 
6 : 159977 40494 159976 40502 191789 40500 
6 : 159980 159982 159974 216943 180969 180976 
6 : 159983 159981 100674 225605 100693 100689 
6 : 159998 159987 159988 186039 192744 186021 
6 : 159999 160005 160008 202223 202227 260803 
6 : 160058 127789 30044 127795 30052 30040 
6 : 111394 17279 160063 17274 111396 17282 
6 : 160072 113973 160073 113987 264833 113988 
6 : 131192 87590 159817 87588 131191 87589 
6 : 123883 160205 153384 123892 123882 153392 
6 : 160202 160204 160206 230562 230565 243748 
6 : 160203 160213 160208 234370 234367 259590 
6 : 160264 160259 49214 168267 49226 49216 
6 : 160272 48416 160273 48420 174639 48422 
6 : 160293 160283 52586 210605 52606 52592 
6 : 160371 160379 160370 213826 189042 189055 
6 : 160373 160369 65430 182309 65442 65432 
6 : 160377 123381 160376 123395 244361 123393 
6 : 129104 160392 160389 129110 129108 219243 
6 : 160452 136786 160457 136788 195284 136803 
6 : 138575 160548 160545 138583 138577 185553 
6 : 160556 160551 160553 251881 260546 251877 
6 : 160558 160564 160561 174218 174216 240281 
6 : 160665 160664 142504 164803 142507 142505 
6 : 160670 160666 30316 219961 30334 30322 
6 : 160675 160674 160677 194178 201092 194180 
6 : 118985 115777 160683 115770 118988 115780 
6 : 160693 103931 8581 103944 8596 8574 
6 : 160700 129565 160698 129574 183196 129570 
6 : 87058 160775 160768 87079 87063 212111 
6 : 160772 160769 157833 220430 157850 157840 
6 : 160784 160776 160778 164062 203219 164055 
6 : 160893 160883 160881 218837 201229 201211 
6 : 97116 160904 160896 97128 97119 192561 
6 : 160899 160898 160902 207199 221823 207205 
6 : 160900 160906 75185 230079 75194 75202 
6 : 160905 79567 111670 79580 111683 79560 
6 : 160917 160926 160912 242971 195565 195572 
6 : 160999 161001 161004 205243 205247 221443 
6 : 161000 153150 160998 153155 183557 153152 
6 : 161012 117009 161009 117020 187658 117011 
6 : 161013 161010 85544 215466 85556 85552 
6 : 107428 45931 8616 45929 8613 8605 
6 : 146585 161026 25783 146589 25781 25794 
6 : 146317 46497 161037 46496 146325 46508 
6 : 68688 14422 156591 14408 68687 14421 
6 : 161138 161130 161136 243150 262796 243146 
6 : 25399 5792 64697 5782 25393 5785 
6 : 161194 161191 161192 196395 198601 196385 
6 : 161197 161201 161203 173540 173545 234551 
6 : 161199 54036 5912 54038 5915 5905 
6 : 10680 161206 161222 10683 10700 188464 
6 : 9505 161228 41422 9516 9498 41432 
6 : 150838 161283 161287 150849 150859 238141 
6 : 5359 161292 161297 5371 5376 246197 
6 : 161308 161316 161318 224792 224794 264315 
6 : 161312 161314 27107 235352 27119 27123 
6 : 161394 41331 38727 41347 38747 38714 
6 : 161397 161390 161393 204325 244191 204314 
6 : 56144 161412 161411 56157 56154 258898 
6 : 133538 99522 25956 99519 25951 25947 
6 : 161492 161490 38485 179459 38491 38488 
6 : 11941 161504 11660 11960 11646 11683 
6 : 67066 161503 161501 67079 67075 214792 
6 : 161505 161499 161500 204032 204911 204017 
6 : 161509 161519 149875 213259 149886 149897 
6 : 161620 40664 161626 40666 172300 40675 
6 : 161691 161695 56882 169754 56883 56892 
6 : 161697 137968 7693 137985 7708 7690 
6 : 161709 161699 161705 167902 258723 167894 
6 : 161783 134417 137501 134421 137508 134411 
6 : 161785 53198 161781 53210 172225 53201 
6 : 161796 161793 161787 199414 163076 163065 
6 : 97730 31696 92565 31695 92559 31693 
6 : 161876 161875 161877 175533 187803 175536 
6 : 161882 124260 161887 124262 174915 124268 
6 : 161883 161886 135713 179071 135718 135727 
6 : 161891 139035 18292 139049 18316 18290 
6 : 136651 161900 30663 136660 30660 30679 
6 : 115636 161975 161977 115648 115650 252399 
6 : 161980 161981 121788 208952 121794 121806 
6 : 80969 161995 81179 80979 80963 81191 
6 : 162006 161994 148287 235722 148311 148297 
6 : 68267 215 162052 210 68277 225 
6 : 162049 162055 162054 213130 213128 252102 
6 : 162062 160215 162069 160221 223829 160230 
6 : 124385 162256 137406 124395 124383 137422 
6 : 162266 162273 79868 246136 79879 79884 
6 : 162341 151578 162346 151579 169750 151585 
6 : 162350 52290 143218 52309 143231 52288 
6 : 162470 79568 2082 79578 2098 2073 
6 : 162472 76953 120007 76964 120025 76947 
6 : 162563 156186 162564 156187 166182 156189 
6 : 139979 138149 162577 138147 139988 138159 
6 : 162750 162749 162754 240364 248444 240371 
6 : 162768 162771 162763 259791 233043 233046 
6 : 162769 125388 121055 125408 121072 121051 
6 : 11214 162802 162795 11230 11217 190121 
6 : 92752 151392 162861 92750 92757 151403 
6 : 162859 162864 30186 218491 30193 30200 
6 : 40078 162964 162965 40079 40081 168705 
6 : 84223 99016 96555 84219 84218 96548 
6 : 162987 155052 162985 155058 209295 155057 
6 : 163010 162998 163013 194111 258982 194116 
6 : 163023 163022 37953 248423 37964 37962 
6 : 163093 163088 29079 186194 29099 29082 
6 : 163098 163108 163106 193690 193687 237074 
6 : 163101 163102 163096 226229 168039 168042 
6 : 51619 163121 151064 51631 51618 151079 
6 : 118525 72033 26573 72030 26568 26562 
6 : 142112 163196 163194 142121 142116 198059 
6 : 163209 163206 163202 224046 179557 179553 
6 : 163286 163284 149128 188341 149139 149131 
6 : 163292 163290 163294 262806 265137 262808 
6 : 163322 42858 50046 42876 50060 42851 
6 : 163324 163312 163320 174313 256109 174305 
6 : 53499 163382 14887 53506 14879 14901 
6 : 85129 41718 8944 41712 8937 8930 
6 : 163386 163394 163390 188824 188819 224575 
6 : 95708 66075 90486 66067 90481 66066 
6 : 163489 141331 109159 141342 109169 109154 
6 : 163492 163484 139898 179627 139920 139900 
6 : 13109 30148 163503 13101 13119 30163 
6 : 163573 163572 163568 258442 216667 216664 
6 : 163574 128554 124668 128570 124683 124662 
6 : 163582 163584 78039 253718 78049 78055 
6 : 163601 129017 163590 129030 187493 129020 
6 : 163606 163600 163589 244218 181424 181415 
6 : 79793 163672 163675 79804 79811 208480 
6 : 163687 163682 163688 234504 257701 234507 
6 : 163689 163693 163699 183098 183108 212948 
6 : 87302 12251 119872 12238 87299 12244 
6 : 116983 34715 163765 34711 116988 34721 
6 : 163853 163856 150568 215938 150578 150585 
6 : 163889 163886 163882 223263 198441 198434 
6 : 121381 163936 7619 121384 7614 7623 
6 : 163954 163957 163959 200450 200454 210154 
6 : 44478 163977 163982 44486 44493 199493 
6 : 28131 164039 3849 28146 3833 3865 
6 : 30868 63849 164038 30861 30874 63857 
6 : 164054 164059 164066 196371 196377 217644 
6 : 164142 74252 164146 74253 197933 74260 
6 : 164159 164164 164165 253257 253259 264653 
6 : 164174 164169 129595 234866 129608 129602 
6 : 164175 79303 164168 79318 207326 79306 
6 : 164185 89051 95737 89061 95750 89043 
6 : 91375 164244 164240 91389 91385 250479 
6 : 164238 51275 58993 51280 59006 51272 
6 : 154718 164248 164252 154719 154723 172298 
6 : 164253 164255 164249 239788 174145 174147 
6 : 51553 164274 139056 51565 51550 139072 
6 : 164282 164288 138050 240516 138060 138073 
6 : 164297 54493 72815 54500 72826 54483 
6 : 164329 134330 138051 134331 138052 134325 
6 : 50459 164338 164337 50462 50460 166282 
6 : 71582 164347 164342 71598 71592 255817 
6 : 164340 40182 164343 40195 247887 40200 
6 : 164439 164437 164438 182517 191716 182516 
6 : 164447 164452 128151 236607 128166 128171 
6 : 164453 29364 164455 29365 168090 29370 
6 : 109629 164567 96984 109638 96980 96999 
6 : 141807 164583 88376 141825 88373 88398 
6 : 164646 164648 164647 233372 233371 243199 
6 : 64649 122567 125414 64643 64644 122562 
6 : 164684 164683 77890 229730 77904 77900 
6 : 164701 164700 164697 258718 196738 196736 
6 : 85907 26241 164746 26232 85915 26253 
6 : 164820 164825 29874 168508 29875 29891 
6 : 164826 154664 164829 154679 260365 154684 
6 : 164830 60603 164835 60604 187822 60615 
6 : 43250 164856 164854 43260 43256 234967 
6 : 164866 164868 164857 264657 248664 248667 
6 : 78613 164921 164915 78628 78618 213206 
6 : 164919 164920 164916 255231 225667 225671 
6 : 164923 164913 164914 165995 209694 165977 
6 : 164933 35454 164926 35469 214508 35458 
6 : 164934 164928 9249 234073 9276 9263 
6 : 164938 164948 163056 196761 163063 163086 
6 : 165015 143133 165020 143140 231387 143150 
6 : 165029 165025 165031 194938 234680 194942 
6 : 165032 165033 165022 261601 184404 184405 
6 : 165036 165043 165042 179190 179188 210452 
6 : 165062 32132 165061 32145 245253 32144 
6 : 165073 165054 87615 193327 87638 87618 
6 : 98082 165140 152386 98096 98081 152406 
6 : 109376 76979 165136 76971 109387 76993 
6 : 122111 165131 89075 122112 89073 89078 
6 : 165146 165150 48043 253485 48062 48072 
6 : 165228 165226 86183 200861 86191 86189 
6 : 165235 2211 165246 2212 171929 2231 
6 : 165243 165238 165237 239171 238571 238564 
6 : 165338 49337 105344 49342 105351 49329 
6 : 165353 4316 165356 4328 250871 4333 
6 : 165354 165350 165352 224547 233431 224545 
6 : 165366 146439 133558 146454 133572 133556 
6 : 165369 165370 165364 245231 229660 229663 
6 : 165446 162127 28164 162135 28172 28163 
6 : 56276 165457 90324 56289 56270 90346 
6 : 148365 1770 165466 1769 148372 1783 
6 : 165468 165461 22014 190507 22034 22017 
6 : 13476 165541 165542 13481 13482 201194 
6 : 128415 165556 165563 128419 128426 225992 
6 : 165588 165584 165589 234547 252652 234548 
6 : 165643 165641 165642 256339 261076 256338 
6 : 165659 165654 165655 243639 245358 243632 
6 : 71413 165665 165664 71416 71414 234645 
6 : 165682 165676 165689 232205 252436 232214 
6 : 165687 165684 147167 261106 147189 147184 
6 : 165741 165746 146109 181599 146110 146120 
6 : 28539 165776 165764 28556 28540 166574 
6 : 738 165858 165862 741 748 196120 
6 : 55002 19119 165855 19110 55003 19120 
6 : 165860 165857 165859 195528 208919 195523 
6 : 165863 138252 165856 138266 173501 138255 
6 : 165877 165868 165872 178926 192858 178921 
6 : 165879 165880 165875 232881 211869 211874 
6 : 93250 114901 165958 93245 93259 114914 
6 : 103081 103850 165959 103072 103095 103867 
6 : 49259 165969 165967 49269 49266 238465 
6 : 165970 117804 165972 117816 256599 117819 
6 : 118616 166040 166039 118629 118623 238602 
6 : 166041 166043 103985 262016 104005 104011 
6 : 166046 103729 14608 103732 14612 14601 
6 : 166052 30348 166054 30360 243757 30362 
6 : 100983 166058 135606 100986 100982 135612 
6 : 6622 166076 166068 6633 6623 174586 
6 : 18227 114751 117485 18222 18223 114742 
6 : 166122 166117 166119 203282 207119 203276 
6 : 4608 121445 115101 4602 4601 115090 
6 : 166229 166224 155772 236828 155797 155786 
6 : 166253 48418 166257 48431 245978 48436 
6 : 166260 141715 166263 141718 180675 141720 
6 : 166319 166327 47428 193737 47432 47451 
6 : 166345 166348 166343 185507 166503 166504 
6 : 105413 166371 166366 105419 105417 218575 
6 : 53224 166426 166428 53225 53227 174748 
6 : 166427 166431 166429 186867 186862 207337 
6 : 166534 162596 3681 162607 3692 3679 
6 : 84471 166629 166620 84483 84472 183113 
6 : 127865 166626 100180 127873 100176 100190 
6 : 166623 166627 166621 224484 188361 188368 
6 : 166631 165647 129302 165651 129306 129301 
6 : 166634 166633 166636 245351 255893 245353 
6 : 166641 109491 72421 109496 72432 72415 
6 : 166661 74561 117930 74578 117948 74558 
6 : 85144 166714 166719 85150 85154 203372 
6 : 166712 164361 166723 164363 180925 164378 
6 : 166713 166718 166721 183541 183546 235826 
6 : 166720 166710 69795 169493 69809 69796 
6 : 134520 69017 166853 69014 134523 69020 
6 : 91545 166873 166867 91555 91548 200742 
6 : 34354 166906 147076 34358 34353 147080 
6 : 127150 71357 50620 71353 50615 50611 
6 : 166911 166920 166916 185145 185141 222670 
6 : 166932 166935 166941 205258 205266 228781 
6 : 166944 166931 166929 204977 177873 177852 
6 : 152051 123605 112726 123604 112725 112721 
6 : 167025 123485 141424 123498 141445 123482 
6 : 167037 167039 167026 254195 167236 167243 
6 : 167134 157041 58563 157057 58583 58561 
6 : 58343 167206 51074 58348 51062 51081 
6 : 77329 167221 167218 77343 77340 252815 
6 : 167216 167223 167213 227673 176590 176599 
6 : 143266 167301 105946 143273 105942 105950 
6 : 167303 56590 167304 56608 261602 56610 
6 : 167309 43856 167306 43863 189791 43858 
6 : 167324 136263 167316 136278 219774 136268 
6 : 167395 53335 167400 53341 196162 53349 
6 : 167399 67450 106672 67459 106683 67447 
6 : 2953 167409 167413 2959 2962 244512 
6 : 167471 167468 90488 209842 90510 90492 
6 : 114203 156699 167481 114200 114214 156713 
6 : 167494 167486 167489 213566 234803 213560 
6 : 167571 167576 70687 237628 70697 70706 
6 : 158022 167586 167582 158029 158024 192556 
6 : 167601 60876 167602 60889 251060 60891 
6 : 167627 167630 120336 176279 120337 120340 
6 : 58497 167666 167668 58502 58507 216219 
6 : 89269 167665 162621 89271 89268 162627 
6 : 167700 1415 155662 1416 155666 1413 
6 : 167763 73097 167766 73102 205001 73107 
6 : 167764 167771 167762 209567 197549 197564 
6 : 36738 167774 76840 36745 36728 76849 
6 : 167782 167775 167780 217776 243152 217775 
6 : 76954 167797 2083 76968 2072 2112 
6 : 97793 167796 167791 97807 97802 246237 
6 : 167789 167788 130127 225869 130138 130132 
6 : 70372 167854 34313 70373 34302 34315 
6 : 2664 167862 46992 2667 2657 46994 
6 : 56916 92407 167879 56909 56926 92418 
6 : 167877 106276 167873 106281 169028 106277 
6 : 164695 4761 167897 4759 164702 4777 
6 : 167951 167953 167952 188998 188997 208260 
6 : 99917 167978 167980 99923 99929 202664 
6 : 65252 99425 168059 65249 65253 99426 
6 : 168065 168060 168064 196381 246511 196380 
6 : 70351 168074 124082 70363 70347 124105 
6 : 168070 128430 168069 128440 205675 128439 
6 : 168104 3850 32828 3869 32849 3835 
6 : 37178 168145 168147 37196 37197 263602 
6 : 168134 168138 168144 169763 169767 218259 
6 : 168220 119595 168221 119599 204281 119603 
6 : 168223 168226 168227 242568 242569 265582 
6 : 88197 168308 168307 88203 88201 222440 
6 : 136371 168309 168314 136375 136380 228773 
6 : 152011 168310 168306 152015 152014 207492 
6 : 23313 168322 129252 23323 23310 129262 
6 : 168317 168320 168326 173654 173664 190619 
6 : 26638 168329 168341 26643 26660 193510 
6 : 168339 99269 168337 99290 239575 99284 
6 : 168342 168332 168336 219167 232163 219152 
6 : 168399 168403 101305 170623 101306 101317 
6 : 62508 94173 168431 62502 62517 94181 
6 : 168497 168489 128035 182729 128055 128037 
6 : 76611 168507 168502 76621 76614 183205 
6 : 168506 168501 168510 177095 247336 177097 
6 : 9532 111517 168596 9529 9539 111522 
6 : 168597 168602 116116 211931 116122 116135 
6 : 57108 75294 148916 57098 57104 75290 
6 : 168607 17359 168613 17366 212066 17380 
6 : 168688 100430 45530 100450 45546 45520 
6 : 44419 168769 129203 44421 44414 129205 
6 : 168771 168770 143365 193444 143378 143368 
6 : 159303 79846 104803 79844 104800 79837 
6 : 168802 168795 168793 231353 225761 225751 
6 : 27362 8870 168863 8858 27369 8879 
6 : 90893 118432 96613 90889 90888 96606 
6 : 168860 71637 168861 71639 173369 71642 
6 : 168872 168882 124551 235179 124562 124581 
6 : 168880 168869 168871 182465 228919 182453 
6 : 168896 168889 30600 214481 30615 30606 
6 : 168944 168943 168946 200069 207180 200073 
6 : 136500 168961 144596 136513 136497 144611 
6 : 168963 168964 161557 184755 161559 161561 
6 : 168975 168973 111215 173061 111217 111216 
6 : 98958 115658 168989 98957 98961 115664 
6 : 107166 133615 169064 107163 107180 133627 
6 : 145573 22911 169095 22910 145590 22924 
6 : 169147 37954 169148 37960 245331 37967 
6 : 169154 169150 169151 202039 203784 202034 
6 : 169158 52954 169161 52966 253137 52974 
6 : 169177 169176 169178 265526 265577 265527 
6 : 130548 169249 169248 130561 130560 245510 
6 : 169253 169254 169245 265047 223204 223205 
6 : 31187 148288 169261 31185 31200 148309 
6 : 169268 169267 133136 234909 133144 133143 
6 : 169284 169290 101659 227243 101666 101675 
6 : 5913 169348 133977 5917 5908 133980 
6 : 11517 169347 169351 11520 11526 215758 
6 : 169350 169352 169354 228689 228694 236926 
6 : 141457 169362 104067 141466 104066 104079 
6 : 169356 111452 169359 111455 182873 111464 
6 : 169364 169358 169363 228630 260337 228627 
6 : 169375 37981 11176 38005 11201 11168 
6 : 1502 169441 137911 1512 1499 137935 
6 : 169437 169440 169442 242473 242474 260328 
6 : 123465 169452 169454 123470 123473 231346 
6 : 169466 169465 169467 205817 221881 205818 
6 : 91376 28572 169546 28566 91388 28584 
6 : 169542 169539 58994 191261 59007 58999 
6 : 82810 169554 169549 82821 82812 192460 
6 : 169632 98381 169635 98386 202885 98389 
6 : 169634 6974 169636 6978 222924 6981 
6 : 169640 169645 169639 204088 187396 187409 
6 : 83811 169661 101423 83828 83802 101443 
6 : 18847 118550 169734 18843 18858 118568 
6 : 97712 29652 137969 29646 97709 29649 
6 : 169749 91821 169756 91827 198366 91833 
6 : 169833 169828 154686 242006 154707 154697 
6 : 158612 169835 169844 158613 158623 171684 
6 : 169854 47582 71100 47589 71107 47576 
6 : 169919 169921 169922 227739 227741 244793 
6 : 67774 169931 794 67784 787 810 
6 : 139142 169933 48765 139150 48759 48778 
6 : 169935 169938 79059 260841 79082 79086 
6 : 169948 58419 68293 58432 68306 58412 
6 : 170007 170008 63685 243275 63696 63697 
6 : 63919 170022 170019 63927 63923 235368 
6 : 170027 170037 170035 204090 204085 238852 
6 : 170030 35312 170036 35319 212282 35325 
6 : 170033 63471 170026 63482 187405 63474 
6 : 150033 170124 62291 150050 62286 62313 
6 : 170116 104566 170121 104567 175691 104578 
6 : 113958 127769 170129 113952 113964 127775 
6 : 170147 167643 128906 167664 128927 128905 
6 : 65403 170213 129254 65413 65398 129261 
6 : 18822 82703 170235 18818 18826 82706 
6 : 54497 169609 170231 54496 54498 169612 
6 : 170233 170238 81212 194544 81217 81226 
6 : 11599 170302 1124 11603 1107 1128 
6 : 170300 170301 142174 170914 142175 142177 
6 : 37493 170312 25353 37501 25341 25368 
6 : 217 170320 170323 224 226 229595 
6 : 121550 100920 170334 100913 121559 100928 
6 : 170385 170383 111337 174317 111346 111339 
6 : 170435 124057 96614 124059 96616 96607 
6 : 170485 100063 170483 100080 251076 100076 
6 : 170504 170499 170490 258267 214067 214063 
6 : 170516 170518 170514 259685 246151 246155 
6 : 92367 170590 157792 92377 92364 157809 
6 : 133726 111937 39724 111930 39718 39715 
6 : 170600 117823 170602 117840 264761 117844 
6 : 170621 144814 170624 144821 198357 144826 
6 : 170677 6506 138731 6508 138734 6502 
6 : 170680 166649 170675 166658 192577 166652 
6 : 170683 170685 170676 260409 200144 200145 
6 : 170787 170785 23548 209969 23560 23552 
6 : 154310 136021 170803 136017 154322 136032 
6 : 170798 130150 170796 130155 184802 130152 
6 : 170806 146826 170807 146830 191988 146831 
6 : 170811 11326 52037 11333 52045 11320 
6 : 170883 170885 170887 190398 190401 203160 
6 : 170888 170884 158549 201185 158564 158556 
6 : 170906 111566 4966 111572 4971 4958 
6 : 50299 28886 137708 28872 50292 28881 
6 : 155575 170972 168192 155586 155574 168203 
6 : 170966 113728 170969 113729 182978 113732 
6 : 170979 170978 170985 218558 223819 218564 
6 : 170980 170976 170983 201673 233591 201677 
6 : 141025 47395 170992 47391 141034 47405 
6 : 170994 170986 170996 190193 235791 190195 
6 : 171053 81906 109403 81912 109408 81901 
6 : 171140 142701 171142 142716 236612 142719 
6 : 171169 40626 171165 40638 225450 40633 
6 : 62957 171229 171232 62962 62970 208164 
6 : 171236 171235 70113 206163 70117 70116 
6 : 1388 125734 156723 1383 1386 125732 
6 : 88485 171252 171257 88499 88508 240813 
6 : 5887 171319 131805 5888 5885 131806 
6 : 136230 120934 171321 120930 136233 120938 
6 : 171327 100676 40496 100683 40501 40487 
6 : 171333 171334 86604 256560 86628 86632 
6 : 171352 171345 171342 259789 235601 235600 
6 : 119474 171438 30351 119490 30344 30361 
6 : 169083 158531 156084 158530 156082 156079 
6 : 40258 171449 10875 40267 10864 10889 
6 : 96445 120120 171512 96440 96455 120133 
6 : 171516 171510 171519 227656 256253 227661 
6 : 144159 171528 171530 144167 144168 255515 
6 : 160682 161670 171536 160681 160687 161679 
6 : 171550 1057 171561 1059 202275 1075 
6 : 63975 171609 171606 63983 63977 191344 
6 : 19255 162702 4762 19252 4750 4758 
6 : 109019 140501 171617 109011 109023 140509 
6 : 171633 171635 171628 224195 202279 202285 
6 : 171698 18029 108756 18044 108775 18026 
6 : 3684 171705 171711 3690 3706 225101 
6 : 97458 171712 156385 97464 97457 156392 
6 : 143981 171715 85604 143987 85600 85621 
6 : 171729 171718 53133 179990 53156 53135 
6 : 171741 171745 171747 238239 238242 258670 
6 : 171784 171788 171786 218906 218904 235483 
6 : 171787 4112 171789 4121 236802 4125 
6 : 171797 103959 171802 103971 243507 103978 
6 : 6338 171839 79489 6339 6328 79490 
6 : 171875 171872 66419 192875 66431 66421 
6 : 43714 19178 64431 19165 43706 19168 
6 : 171877 118888 171883 118898 219479 118905 
6 : 171880 171884 52189 260107 52204 52208 
6 : 107364 171951 47471 107368 47462 47480 
6 : 171956 13843 171953 13858 234593 13855 
6 : 172060 172068 114818 209557 114820 114839 
6 : 127262 172072 172077 127266 127275 189538 
6 : 172082 172086 172093 195859 195866 217634 
6 : 143327 172155 31859 143340 31858 31880 
6 : 172154 61461 172151 61473 230711 61464 
6 : 150296 172166 172160 150310 150299 193875 
6 : 172164 70002 172167 70011 223175 70019 
6 : 144755 134782 152068 134778 144753 134779 
6 : 172273 172274 172279 194490 194498 203499 
6 : 172275 172281 39289 212094 39295 39311 
6 : 172283 172287 172293 174015 174019 255493 
6 : 172286 172289 28622 241596 28632 28640 
6 : 172292 172290 53919 264060 53945 53942 
6 : 172347 172350 171487 206195 171491 171505 
6 : 172349 118573 2701 118591 2717 2694 
6 : 145097 172355 53689 145101 53687 53695 
6 : 172396 172394 172389 260401 222331 222325 
6 : 41568 18400 172444 18390 41570 18406 
6 : 170486 121210 172441 121209 170487 121211 
6 : 172448 117347 172451 117353 238979 117360 
6 : 172459 172457 172463 244258 260536 244264 
6 : 25994 172465 172470 25996 25999 193354 
6 : 172538 172539 117733 214877 117740 117744 
6 : 172589 172600 110735 180136 110736 110749 
6 : 75962 172631 172630 75975 75971 221195 
6 : 172634 21792 172638 21798 221675 21812 
6 : 172660 172672 172662 193856 193845 205304 
6 : 172671 137776 172667 137789 236731 137781 
6 : 172722 172718 172716 236458 173694 173684 
6 : 172723 172726 172719 260026 241396 241401 
6 : 138662 172742 172746 138669 138672 238088 
6 : 172741 168409 107008 168413 107018 107007 
6 : 111190 172808 172806 111200 111199 227196 
6 : 172812 172813 172805 265399 219617 219618 
6 : 172815 172823 172824 202652 202653 255342 
6 : 172852 172849 141182 214368 141191 141189 
6 : 172932 172929 21868 260888 21890 21886 
6 : 172944 172943 159254 259790 159279 159277 
6 : 172998 173005 173002 213247 213240 251516 
6 : 173058 173048 57895 183475 57909 57897 
6 : 10364 173110 173115 10366 10373 191168 
6 : 173121 89291 173123 89292 193586 89293 
6 : 173150 169686 135054 169695 135067 135053 
6 : 37337 173214 173211 37347 37346 230590 
6 : 173212 173206 173210 191279 229993 191276 
6 : 173322 173327 122622 206259 122626 122644 
6 : 86158 173329 173328 86164 86160 182013 
6 : 173334 173335 173336 254498 254499 258644 
6 : 173341 173340 173344 211124 220800 211135 
6 : 173343 34717 58845 34728 58857 34706 
6 : 173426 149837 173428 149844 239391 149846 
6 : 173432 107775 173422 107795 217577 107780 
6 : 172184 173441 49030 172192 49029 49045 
6 : 173477 38867 147248 38879 147264 38864 
6 : 173524 173520 173522 237827 243005 237819 
6 : 120462 151066 173535 120458 120483 151085 
6 : 173529 126311 89975 126317 89982 89969 
6 : 173536 8743 102459 8744 102461 8734 
6 : 107313 173610 76657 107325 76648 76667 
6 : 173614 173611 173608 236306 178155 178147 
6 : 152371 173619 114974 152377 114973 114982 
6 : 173615 63067 173618 63069 174212 63072 
6 : 33248 173632 70141 33260 33237 70167 
6 : 35917 173633 173627 35935 35923 204133 
6 : 107208 173631 173629 107224 107222 250843 
6 : 173706 173708 173702 241303 174253 174259 
6 : 173721 173723 173719 260647 236135 236142 
6 : 173722 151300 10298 151315 10317 10294 
6 : 3619 16398 35741 3606 3608 16388 
6 : 78771 173756 104415 78788 78765 104438 
6 : 173795 173797 173802 220607 220615 229306 
6 : 173801 80915 105794 80928 105810 80908 
6 : 12898 149751 173817 12896 12915 149772 
6 : 173806 173815 173810 202011 202005 238789 
6 : 173831 22879 173832 22890 249773 22892 
6 : 117437 85191 173843 85186 117448 85201 
6 : 173900 173897 173902 250940 262090 250944 
6 : 173903 128433 173899 128453 258153 128446 
6 : 122925 173911 173904 122933 122926 183905 
6 : 133307 64158 48918 64152 48909 48903 
6 : 153351 173915 47300 153366 47297 47319 
6 : 20702 173925 173922 20713 20709 237153 
6 : 173919 173926 173924 225226 225222 244902 
6 : 20053 173989 50482 20062 20048 50492 
6 : 173991 173986 100279 199909 100296 100282 
6 : 174099 174093 11825 191556 11842 11827 
6 : 174116 174106 174115 199018 264789 199017 
6 : 39197 4670 74171 4656 39191 4659 
6 : 174180 174182 174183 178854 178857 196965 
6 : 174192 174187 174184 248321 205089 205082 
6 : 25728 16399 174193 16386 25729 16400 
6 : 174195 93446 47140 93459 47154 47130 
6 : 115660 149614 44519 115656 44509 44515 
6 : 127405 174214 68762 127409 68758 68772 
6 : 120188 174270 170854 120206 120186 170880 
6 : 106858 174276 174283 106861 106873 205735 
6 : 174282 89816 174273 89830 188244 89819 
6 : 165337 131101 174294 131099 165343 131108 
6 : 42859 132175 174296 42856 42861 132177 
6 : 138256 174319 174328 138262 138269 240964 
6 : 174357 174353 174354 257853 259140 257848 
6 : 7103 174367 40035 7114 7094 40050 
6 : 50100 38087 174366 38081 50106 38099 
6 : 128130 174364 20676 128138 20671 20684 
6 : 174372 174374 13689 216096 13696 13702 
6 : 76612 167158 125784 76610 76608 125783 
6 : 164935 174453 174457 164936 164944 180404 
6 : 174483 174485 105461 210520 105467 105470 
6 : 174502 153704 62910 153716 62916 62908 
6 : 173138 65512 174529 65511 173146 65524 
6 : 174537 174544 61597 242096 61607 61615 
6 : 167112 17899 62165 17897 62163 17888 
6 : 141568 112703 80155 112699 80150 80149 
6 : 174611 174616 77986 184290 77987 77999 
6 : 174701 58846 174697 58862 211136 58851 
6 : 130336 174713 173635 130341 130334 173646 
6 : 174707 174715 174708 222672 222666 223128 
6 : 62087 174722 174727 62091 62099 243228 
6 : 104088 174728 174726 104103 104102 264294 
6 : 174717 174719 174725 178179 178189 228899 
6 : 129991 174793 174791 130000 129997 223270 
6 : 86009 174799 174804 86013 86024 200571 
6 : 174798 174797 119246 187046 119249 119248 
6 : 174803 174801 174802 242043 248598 242040 
6 : 174897 54845 174893 54859 184490 54846 
6 : 67212 174909 174906 67224 67219 252974 
6 : 72710 174972 174973 72718 72719 256420 
6 : 36023 174999 175002 36031 36033 230694 
6 : 174997 175011 102288 227111 102293 102313 
6 : 175082 175078 175087 214275 229658 214284 
6 : 24694 175099 172891 24705 24693 172907 
6 : 148895 88280 175091 88277 148904 88288 
6 : 162073 24266 175094 24264 162077 24273 
6 : 143964 38088 175195 38084 143973 38100 
6 : 175210 175199 175212 220710 262468 220713 
6 : 175222 158699 61205 158713 61223 61202 
6 : 175295 159723 175299 159738 264428 159744 
6 : 89835 175307 175303 89846 89843 251453 
6 : 87551 118015 175313 87548 87557 118024 
6 : 56003 175395 168356 56014 56001 168376 
6 : 175401 175403 69550 253717 69563 69568 
6 : 175408 175400 8783 201284 8801 8787 
6 : 175410 175417 175416 175991 175990 209733 
6 : 56700 175573 10445 56705 10433 10451 
6 : 146339 10876 157245 10872 146336 10873 
6 : 175571 175569 175575 198166 232709 198172 
6 : 52783 175661 175659 52787 52785 239861 
6 : 175672 706 175688 710 202104 727 
6 : 175747 175753 6406 233143 6417 6430 
6 : 141679 141397 158551 141389 141677 141394 
6 : 175797 160716 175791 160735 247505 160729 
6 : 175848 103935 175856 103937 198985 103946 
6 : 175853 175857 175851 254050 216925 216928 
6 : 38670 175872 175870 38684 38682 252957 
6 : 175865 31797 175874 31803 240349 31814 
6 : 175928 175933 175931 190416 190410 240706 
6 : 22223 175985 175993 22225 22230 185352 
6 : 80374 31860 176028 31851 80385 31869 
6 : 141598 176027 13844 141608 13841 13853 
6 : 176135 176136 176131 264494 188791 188793 
6 : 113026 113877 176140 113018 113028 113886 
6 : 166344 161033 176147 161031 166360 161045 
6 : 176145 174767 176139 174782 229200 174773 
6 : 176225 176224 176230 232698 233922 232703 
6 : 176227 39882 67526 39895 67538 39867 
6 : 176229 170457 165291 170469 165307 165288 
6 : 153629 176233 176236 153631 153635 190213 
6 : 113992 176246 176248 113997 114002 221268 
6 : 122507 176250 176252 122516 122519 257143 
6 : 176247 176242 176245 183333 217344 183331 
6 : 176251 79748 171294 79763 171309 79747 
6 : 148992 176322 164008 149008 148990 164033 
6 : 93599 176327 176328 93603 93604 227882 
6 : 176329 176330 42031 252761 42042 42044 
6 : 26354 56626 132372 26346 26351 56618 
6 : 140693 124489 97508 124486 97502 97499 
6 : 176359 173636 4518 173651 4536 4516 
6 : 176439 114451 95097 114473 95121 95091 
6 : 176455 63740 176447 63766 253311 63756 
6 : 115140 176511 176510 115143 115142 184702 
6 : 27543 176523 176529 27544 27551 187355 
6 : 118189 176527 176528 118194 118196 222811 
6 : 176532 30773 176533 30787 263986 30789 
6 : 176601 176610 176602 192620 192605 197321 
6 : 176613 176618 176611 226411 185702 185708 
6 : 176706 150231 176709 150238 220728 150244 
6 : 176707 176703 176700 206466 191217 191204 
6 : 10659 176723 102075 10669 10651 102092 
6 : 176716 176722 134446 215500 134455 134459 
6 : 156679 176735 176737 156692 156694 246963 
6 : 176796 111454 173653 111456 173655 111453 
6 : 96062 97754 176816 96050 96075 97773 
6 : 176812 176809 176806 248045 229906 229902 
6 : 133209 176818 176823 133211 133216 188718 
6 : 176886 176884 176887 237679 251844 237680 
6 : 176895 112375 120728 112386 120740 112368 
6 : 176897 88128 176889 88144 182728 88129 
6 : 176899 110960 176898 110976 261144 110974 
6 : 81844 176923 176926 81847 81850 221617 
6 : 126288 75127 63686 75120 63680 63675 
6 : 176978 176979 176982 195659 195663 201968 
6 : 176985 176986 176981 256824 209086 209089 
6 : 176999 170506 75041 170513 75054 75039 
6 : 177006 25575 131953 25590 131975 25571 
6 : 177081 177078 177074 263816 248624 248619 
6 : 3247 143156 24296 3244 3236 24291 
6 : 84640 154665 34456 84637 34448 34454 
6 : 177093 177101 177104 225566 225572 262318 
6 : 83368 177168 177166 83372 83370 186532 
6 : 177264 177265 62002 251915 62019 62022 
6 : 13607 177272 177273 13612 13613 246038 
6 : 127641 177269 172131 127644 127639 172136 
6 : 177267 177277 177266 192603 186125 186144 
6 : 177271 177274 177270 235154 225941 225944 
6 : 40667 177278 68216 40668 40657 68217 
6 : 45769 5225 177349 5214 45776 5227 
6 : 177344 177356 177353 187693 187691 262651 
6 : 177361 42175 177359 42184 187324 42177 
6 : 177363 56918 113903 56933 113923 56913 
6 : 177371 177366 177373 180247 233879 180254 
6 : 177376 177379 177375 261289 261164 261167 
6 : 66910 177397 151211 66926 66905 151231 
6 : 112679 177421 177430 112686 112694 219294 
6 : 7823 44327 161744 7811 7822 44323 
6 : 54426 62220 22337 54420 22326 22327 
6 : 152149 177442 177447 152159 152165 242599 
6 : 139855 177459 177460 139866 139867 248973 
6 : 177462 177451 177456 213994 240647 213985 
6 : 177475 177473 177468 245423 217458 217457 
6 : 177535 177542 177541 249855 249854 263234 
6 : 177555 162535 121300 162552 121315 121297 
6 : 177572 15663 177575 15682 264517 15685 
6 : 177644 177649 177655 210859 210862 249533 
6 : 177653 141 177642 153 190890 143 
6 : 39177 177665 177659 39189 39183 255619 
6 : 155217 177664 164213 155230 155216 164233 
6 : 131194 171353 177668 131193 131200 171358 
6 : 133225 177732 114135 133239 114131 114151 
6 : 177727 177730 171977 224153 171983 171991 
6 : 28673 8090 49909 8075 28662 8078 
6 : 177743 62136 177742 62147 253403 62146 
6 : 102899 177757 177749 102909 102905 241492 
6 : 177756 160423 139392 160439 139404 139389 
6 : 177808 85061 94598 85077 94609 85052 
6 : 103767 177821 177815 103778 103770 201529 
6 : 177898 105527 126415 105530 126419 105522 
6 : 177899 177900 177902 204254 204257 208741 
6 : 83188 145551 177915 83186 83193 145566 
6 : 22880 177996 177995 22894 22888 246357 
6 : 140098 178010 147386 140109 140091 147400 
6 : 178001 178004 178006 178289 178291 204159 
6 : 178036 49748 84923 49758 84936 49739 
6 : 129680 178040 71259 129685 71255 71265 
6 : 178070 80038 29468 80047 29478 29458 
6 : 178074 129371 178071 129387 252591 129382 
6 : 23136 178085 133243 23148 23129 133263 
6 : 178077 178080 178084 201857 201859 235760 
6 : 178105 178107 178111 220072 220078 244034 
6 : 29439 171549 35945 29438 29433 35944 
6 : 178158 23549 178159 23553 211056 23556 
6 : 178163 178164 178166 244790 244791 263304 
6 : 176802 178168 111634 176803 111633 111637 
6 : 178171 136906 178169 136913 216109 136911 
6 : 178172 61599 178176 61608 251550 61618 
6 : 178227 178243 64432 201999 64435 64451 
6 : 34986 178278 178279 34994 34996 240254 
6 : 170761 154451 178272 154449 170763 154455 
6 : 178277 178276 178274 235743 230784 230783 
6 : 178286 82419 68076 82422 68078 68065 
6 : 178345 178349 83677 192699 83680 83686 
6 : 178350 175321 178347 175328 207618 175326 
6 : 24389 178362 126748 24395 24382 126755 
6 : 178361 125901 45830 125906 45838 45820 
6 : 178434 90768 55736 90772 55740 55725 
6 : 178437 178439 136172 239545 136182 136186 
6 : 178444 142730 178435 142749 233798 142738 
6 : 119222 159147 171035 119218 119221 159145 
6 : 178453 178452 178449 251996 215066 215059 
6 : 178524 178517 171295 221275 171312 171298 
6 : 178532 178540 104805 243273 104818 104826 
6 : 178537 85547 178534 85568 255211 85561 
6 : 178544 178547 178556 181618 181624 204186 
6 : 32587 178630 3305 32595 3290 3324 
6 : 178623 178624 129206 189752 129208 129209 
6 : 178632 178639 178643 185917 185922 227954 
6 : 134783 178646 67528 134785 67518 67529 
6 : 178650 144797 178649 144806 231400 144805 
6 : 178651 178652 178648 249683 230256 230257 
6 : 178654 111268 178647 111284 209596 111270 
6 : 178695 48197 178696 48199 192808 48201 
6 : 178772 128485 178765 128508 239438 128496 
6 : 49454 69411 178813 49445 49462 69423 
6 : 178815 97180 178809 97192 217180 97185 
6 : 31828 169610 178841 31826 31840 169620 
6 : 178833 40183 178846 40186 186633 40198 
6 : 16072 178904 115929 16079 16067 115937 
6 : 178905 178903 178902 247381 239905 239902 
6 : 178942 71191 178941 71204 251298 71203 
6 : 178943 178938 69588 207777 69602 69593 
6 : 178947 26908 178937 26921 204462 26911 
6 : 178974 178973 142588 214622 142598 142592 
6 : 22676 118339 178981 22673 22677 118341 
6 : 179024 178177 70690 178191 70710 70689 
6 : 146739 171096 93067 146737 93063 93066 
6 : 153071 179063 179061 153081 153078 259424 
6 : 46675 179065 179069 46677 46680 213314 
6 : 179149 130337 126223 130339 126235 126219 
6 : 179150 179154 4519 237764 4527 4535 
6 : 134849 179224 179226 134852 134854 208918 
6 : 179223 164120 64549 164124 64557 64547 
6 : 94025 12990 123607 12983 94022 12986 
6 : 179311 179304 179309 229058 258451 229051 
6 : 100759 148937 69281 100755 69274 69279 
6 : 65357 179406 179412 65364 65370 234424 
6 : 179405 142062 20922 142068 20931 20913 
6 : 179429 179415 179428 181545 250542 181541 
6 : 33216 179484 100799 33226 33209 100816 
6 : 179476 179486 179480 189917 189913 246022 
6 : 179498 179489 179496 207637 240604 207633 
6 : 179514 179503 179502 207420 194205 194192 
6 : 109990 179520 179529 109996 110005 214786 
6 : 179526 34884 176477 34895 176487 34883 
6 : 100041 72818 166281 72809 100039 72816 
6 : 179574 72151 179568 72166 186736 72153 
6 : 179580 179578 179585 228306 231226 228318 
6 : 179583 36205 179584 36217 258084 36222 
6 : 179592 179591 88672 224807 88682 88681 
6 : 179597 147148 179596 147163 261662 147162 
6 : 49593 179650 179654 49598 49606 213199 
6 : 174092 88488 179671 88486 174094 88497 
6 : 179676 179669 156725 214710 156746 156730 
6 : 148669 179748 101762 148671 101758 101763 
6 : 179751 179747 179756 191090 216150 191096 
6 : 179762 145696 179752 145720 217911 145704 
6 : 179771 179767 179764 227088 212021 212009 
6 : 132772 161816 179790 132769 132776 161821 
6 : 179795 37810 37056 37821 37071 37043 
6 : 179808 179814 123732 261984 123753 123759 
6 : 179842 150035 179837 150048 217931 150040 
6 : 77936 179851 179845 77950 77937 199283 
6 : 168422 129889 179858 129888 168434 129897 
6 : 18030 132253 121866 18028 18027 121863 
6 : 102410 118340 179927 102406 102427 118361 
6 : 149927 109807 174746 109802 149926 109806 
6 : 179929 179930 179932 203925 203926 229000 
6 : 179931 154453 81380 154462 81389 81374 
6 : 179949 179955 179958 202423 202427 230546 
6 : 179951 137710 58154 137713 58158 58149 
6 : 179952 179950 456 209816 465 462 
6 : 179997 180005 179996 243556 217696 217712 
6 : 179999 135251 63741 135260 63754 63737 
6 : 113124 180015 180031 113127 113136 211635 
6 : 180093 180097 180092 250943 235940 235951 
6 : 180098 180102 72950 196990 72955 72967 
6 : 180108 177616 101898 177637 101919 101897 
6 : 180118 121323 180122 121333 222112 121344 
6 : 147851 180134 161942 147860 147849 161954 
6 : 180186 180191 167717 259487 167729 167738 
6 : 80512 180197 73895 80528 73884 73918 
6 : 180218 180222 14578 256566 14589 14595 
6 : 74543 6975 180267 6965 74550 6982 
6 : 166069 56484 180268 56482 166078 56493 
6 : 180278 180274 148533 258152 148551 148546 
6 : 180279 21079 180281 21095 265510 21096 
6 : 180292 180286 180282 226998 182894 182883 
6 : 171455 180371 180367 171471 171459 209153 
6 : 180372 180373 180385 185588 185600 191098 
6 : 180386 180389 180390 256140 256141 261981 
6 : 180394 180402 180397 196754 196749 219099 
6 : 180410 72920 180407 72935 260361 72934 
6 : 179085 180460 55191 179095 55190 55203 
6 : 180481 86867 180489 86873 234578 86881 
6 : 128416 56255 180538 56249 128417 56256 
6 : 138369 180545 180549 138380 138384 253445 
6 : 180543 180550 180551 246726 246728 264838 
6 : 60879 180557 147774 60888 60873 147782 
6 : 110304 180583 254 110306 247 255 
6 : 161801 180590 180587 161806 161803 223987 
6 : 180597 131445 180586 131460 223209 131451 
6 : 165101 36811 32336 36808 32333 32323 
6 : 180644 40230 171472 40232 171475 40229 
6 : 112352 170701 180658 112351 112367 170716 
6 : 180671 40149 180664 40168 247780 40161 
6 : 63533 180825 180823 63540 63536 221686 
6 : 132785 180824 180826 132790 132792 251678 
6 : 56975 180799 180831 56974 56985 180811 
6 : 114452 180834 102076 114468 102069 102094 
6 : 180830 180835 180829 244207 241884 241891 
6 : 180836 180832 180828 254775 240983 240977 
6 : 119100 180856 180857 119109 119110 249576 
6 : 157019 180904 44938 157033 44937 44952 
6 : 160451 180907 180909 160458 160460 263384 
6 : 180903 96289 180905 96296 214174 96302 
6 : 180914 151783 165822 151786 165828 151779 
6 : 181018 181004 16589 191862 16612 16590 
6 : 25401 181079 180619 25406 25400 180635 
6 : 181142 181124 117124 191390 117152 117129 
6 : 158138 181166 181169 158143 158149 215384 
6 : 181174 181175 103349 204296 103357 103359 
6 : 181181 121430 125173 121432 125176 121423 
6 : 126527 181250 181247 126543 126539 240804 
6 : 148141 76226 175165 76223 148139 76224 
6 : 106497 181252 138477 106504 106495 138481 
6 : 181260 181259 181253 264823 216002 216000 
6 : 156873 181342 181337 156882 156876 217066 
6 : 181338 181336 181340 207189 251402 207194 
6 : 181357 181359 1694 184553 1695 1701 
6 : 158510 181377 151632 158521 151627 151647 
6 : 181372 181379 34913 231671 34926 34938 
6 : 175642 111789 181433 111788 175655 111806 
6 : 181143 181432 102465 181161 102464 102480 
6 : 181436 138370 181435 138375 233556 138374 
6 : 181437 181439 181434 236315 227010 227017 
6 : 130083 181450 129833 130090 129830 129842 
6 : 156387 181444 132280 156388 132277 132281 
6 : 181459 181460 88673 258610 88692 88694 
6 : 17447 127970 181502 17440 17450 127974 
6 : 181522 95459 181527 95466 237868 95470 
6 : 181525 181530 102200 254402 102211 102219 
6 : 109588 181590 158038 109599 109585 158053 
6 : 181604 57123 181594 57138 200907 57126 
6 : 181606 40875 181612 40879 204366 40890 
6 : 181609 125785 181610 125799 248964 125800 
6 : 136041 21531 181617 21524 136044 21533 
6 : 181621 181623 172760 239516 172769 172775 
6 : 90079 181674 110013 90087 90072 110026 
6 : 181677 181676 181673 254377 228703 228702 
6 : 181683 181680 139437 194164 139441 139439 
6 : 173637 181781 181780 173645 173644 226145 
6 : 100760 181805 181798 100764 100761 206187 
6 : 181827 181822 181816 241437 211963 211956 
6 : 149502 181896 139165 149521 139156 139187 
6 : 181894 181890 181891 218130 219156 218125 
6 : 181926 181927 43201 240753 43210 43211 
6 : 80448 102766 181976 80442 80459 102780 
6 : 1530 22338 181983 1518 1539 22349 
6 : 106369 88106 156836 88096 106366 88104 
6 : 181980 69946 108556 69951 108563 69940 
6 : 182061 182060 156594 206531 156602 156598 
6 : 182067 163359 148182 163375 148196 148181 
6 : 77051 182077 182079 77055 77058 213398 
6 : 41530 25515 160743 25502 41528 25511 
6 : 63534 178476 168031 63532 63530 168030 
6 : 182154 44524 182153 44529 214788 44528 
6 : 182161 111294 182158 111306 258840 111303 
6 : 121765 182173 182163 121778 121766 193234 
6 : 182165 182170 182172 217100 217102 251301 
6 : 182248 36931 182245 36952 264910 36951 
6 : 103655 86677 182258 86667 103663 86683 
6 : 182260 182261 182259 263652 260520 260522 
6 : 4218 25789 182265 4207 4223 25798 
6 : 44610 119644 182266 44603 44620 119657 
6 : 135317 166502 182262 135315 135322 166505 
6 : 182275 182274 82052 236569 82063 82062 
6 : 182324 182334 182321 239315 211337 211357 
6 : 182329 182320 83941 189809 83952 83942 
6 : 182350 182354 182349 248154 241792 241799 
6 : 132841 107889 30506 107881 30501 30497 
6 : 182422 3175 173387 3185 173398 3174 
6 : 77721 71382 182478 71373 77734 71395 
6 : 182509 80916 182507 80926 230906 80921 
6 : 182511 100679 176578 100681 176581 100677 
6 : 182519 25754 176579 25758 176586 25752 
6 : 182603 182602 182599 238707 191128 191113 
6 : 17334 182610 30046 17342 17322 30061 
6 : 131533 182607 159232 131538 131532 159239 
6 : 182608 129596 90991 129606 91001 90987 
6 : 182625 177969 182620 177991 242729 177981 
6 : 131006 182683 122568 131011 122564 122577 
6 : 182686 67805 24728 67825 24751 24715 
6 : 182703 182702 182695 254452 185005 185004 
6 : 182751 54057 182755 54060 221340 54076 
6 : 182758 182759 12595 263065 12605 12606 
6 : 182767 62931 182766 62946 239527 62943 
6 : 27791 182844 173182 27796 27788 173186 
6 : 182847 182846 182851 232395 235753 232403 
6 : 182856 182864 182862 220793 220790 264621 
6 : 182860 114226 70417 114244 70434 70410 
6 : 182861 182854 182858 193941 226071 193932 
6 : 118050 182914 182909 118060 118055 217494 
6 : 167484 21474 182957 21472 167490 21481 
6 : 182959 182960 32338 251461 32350 32353 
6 : 182979 50214 136936 50219 136945 50207 
6 : 83859 183035 183042 83863 83876 211619 
6 : 183038 170890 161654 170897 161662 161652 
6 : 183137 183133 71775 198943 71787 71780 
6 : 183138 183131 183134 186382 204770 186375 
6 : 183143 183135 183141 210343 261574 210339 
6 : 183144 183147 183145 200702 200699 210823 
6 : 172101 49910 183214 49908 172103 49913 
6 : 183213 129233 133559 129236 133565 129225 
6 : 183215 183217 10145 225931 10151 10156 
6 : 183222 174225 129770 174229 129773 129769 
6 : 183227 183225 31239 260263 31256 31250 
6 : 183234 183242 90734 220738 90742 90756 
6 : 144888 183303 183297 144903 144895 222403 
6 : 183299 183302 32832 240601 32841 32853 
6 : 159398 133433 75459 133429 75454 75450 
6 : 180160 137944 183307 137942 180164 137951 
6 : 61978 35313 117806 35301 61971 35305 
6 : 183355 183362 171750 241935 171764 171774 
6 : 170242 31635 183402 31634 170250 31647 
6 : 183397 183403 136962 217482 136968 136981 
6 : 38816 183406 8116 38819 8105 8119 
6 : 183408 183413 88674 259006 88693 88696 
6 : 183410 183407 159033 232122 159047 159038 
6 : 39072 183438 99019 39081 39067 99029 
6 : 183457 111191 183449 111203 222254 111197 
6 : 183507 183505 183504 264462 263288 263286 
6 : 141027 183572 183578 141032 141041 222511 
6 : 183574 183579 183573 240596 225900 225913 
6 : 183589 183595 183592 250682 250678 255888 
6 : 58191 183602 88806 58195 58186 88818 
6 : 183607 162181 183606 162192 262497 162188 
6 : 122826 106182 131284 106173 122822 106177 
6 : 118393 183671 91447 118400 91438 91459 
6 : 183672 183675 183668 234807 188888 188893 
6 : 183673 183676 176380 234902 176390 176395 
6 : 740 183681 183687 744 751 221730 
6 : 183692 143995 183700 144003 226423 144011 
6 : 41719 183777 183780 41725 41730 214307 
6 : 145653 183785 183792 145654 145663 203298 
6 : 183805 19298 183803 19311 250761 19305 
6 : 140527 183845 20761 140532 20757 20767 
6 : 144389 75406 53550 75399 53542 53540 
6 : 183863 183864 20449 220866 20456 20457 
6 : 177760 183892 183890 177776 177775 264829 
6 : 47534 152707 170557 47530 47531 152706 
6 : 184046 184040 184045 214232 261257 214231 
6 : 91241 62003 184058 61995 91254 62021 
6 : 54822 184142 13996 54825 13984 14000 
6 : 106156 62365 23506 62356 23498 23496 
6 : 107865 183688 184146 107864 107872 183693 
6 : 184145 184150 184149 220820 220819 251106 
6 : 82130 184159 184156 82139 82132 189567 
6 : 74982 184235 132813 74983 74979 132816 
6 : 127264 184241 184238 127274 127271 239747 
6 : 131871 16680 184239 16676 131876 16689 
6 : 184237 43500 184240 43509 236862 43512 
6 : 86010 75157 184254 75151 86025 75173 
6 : 184328 184325 167649 200048 167660 167650 
6 : 184330 165887 184329 165903 262103 165901 
6 : 118078 161260 184334 118075 118082 161267 
6 : 184347 184340 184349 185101 240975 185103 
6 : 26187 69282 184413 26177 26189 69284 
6 : 184450 184444 184442 207186 189732 189726 
6 : 148516 22087 184504 22083 148527 22101 
6 : 184509 82316 172398 82331 172414 82313 
6 : 184517 184518 99303 238598 99316 99317 
6 : 108991 184539 184531 109004 108996 211722 
6 : 184556 184555 184554 247193 238672 238671 
6 : 135107 93271 184583 93267 135112 93280 
6 : 184593 157322 159453 157336 159465 157321 
6 : 178195 21701 184665 21699 178196 21702 
6 : 184675 184671 184676 251502 260782 251503 
6 : 184691 30283 184693 30286 211687 30290 
6 : 107210 184756 160617 107213 107206 160619 
6 : 184770 184779 31664 219539 31673 31680 
6 : 184778 184772 183194 239406 183207 183202 
6 : 184781 184773 184768 240005 200484 200474 
6 : 179087 184790 103292 179098 103290 103305 
6 : 184792 184789 184787 250456 248911 248909 
6 : 24561 184845 184841 24569 24565 213157 
6 : 184849 184848 127455 265026 127478 127477 
6 : 184856 184861 184860 229115 229113 261779 
6 : 21624 184930 184927 21633 21630 247102 
6 : 131468 184935 184943 131473 131487 219583 
6 : 184936 184932 156904 209058 156910 156906 
6 : 184940 184944 184933 262397 213992 213998 
6 : 144690 184965 184963 144697 144694 248910 
6 : 184961 184956 65287 187073 65303 65288 
6 : 185014 161261 185016 161270 235532 161273 
6 : 185036 185041 185046 200606 200612 232733 
6 : 185117 179026 154454 179038 154468 154452 
6 : 185122 185121 185125 196731 204721 196732 
6 : 185160 160931 49075 160943 49091 49073 
6 : 185211 122250 185215 122257 224686 122266 
6 : 175949 76926 182906 76923 175948 76925 
6 : 185247 185252 76284 219232 76290 76297 
6 : 129795 142888 185319 129790 129809 142900 
6 : 147678 185318 185315 147686 147680 244605 
6 : 161064 185395 185393 161077 161076 247100 
6 : 185391 185389 185390 208389 232676 208387 
6 : 32298 185403 185407 32310 32317 252542 
6 : 185406 34164 185401 34176 226567 34168 
6 : 185408 164493 185400 164516 214302 164497 
6 : 185499 185495 185500 196372 230583 196378 
6 : 185518 185516 156817 263659 156832 156830 
6 : 185574 185576 185571 245461 186283 186286 
6 : 185577 179012 167835 179022 167850 167833 
6 : 185586 118097 132488 118109 132498 118093 
6 : 185612 185608 185616 224927 243246 224933 
6 : 136246 185648 185645 136255 136254 247143 
6 : 96839 97902 185665 96828 96848 97912 
6 : 63218 185720 185721 63228 63229 262813 
6 : 185736 155994 88002 156007 88011 87995 
6 : 16978 22016 14308 16968 14288 14290 
6 : 132773 1560 185808 1555 132780 1567 
6 : 153166 106137 185805 106134 153171 106141 
6 : 61020 120911 185844 61014 61027 120924 
6 : 185837 185839 120603 189834 120605 120607 
6 : 185847 184908 8280 184921 8294 8279 
6 : 62747 129345 138080 62741 62743 129340 
6 : 2979 185898 185894 2995 2982 212793 
6 : 185891 169665 170856 169667 170857 169662 
6 : 185892 185895 185899 206790 206797 245091 
6 : 97069 162537 185904 97066 97074 162548 
6 : 184701 183258 185901 183257 184704 183262 
6 : 185921 56360 185925 56377 261290 56382 
6 : 185973 77815 185978 77816 208653 77823 
6 : 185984 170074 185979 170092 263818 170090 
6 : 127265 185989 144816 127272 127259 144828 
6 : 3782 121032 186004 3777 3792 121048 
6 : 128938 186003 186006 128950 128954 264041 
6 : 186005 186002 99794 262789 99813 99805 
6 : 68990 174919 186068 68988 69000 174929 
6 : 186076 186075 132814 207927 132831 132822 
6 : 114425 156310 186159 114423 114431 156313 
6 : 186176 186178 186175 236441 233049 233050 
6 : 186187 70261 186196 70265 205499 70277 
6 : 70946 186225 186223 70949 70947 195233 
6 : 186241 7322 5135 7331 5149 5112 
6 : 186244 186251 57052 188061 57053 57063 
6 : 61248 186321 180427 61252 61247 180431 
6 : 108592 26675 186323 26669 108596 26683 
6 : 164751 186324 28925 164756 28919 28940 
6 : 149683 186332 62821 149691 62816 62837 
6 : 186325 165418 186327 165420 195860 165424 
6 : 186407 186412 186409 200889 200883 240859 
6 : 142262 61311 186417 61307 142271 61322 
6 : 186442 91886 186454 91889 205802 91903 
6 : 143135 186501 147469 143147 143130 147480 
6 : 186500 186503 186498 235086 211954 211965 
6 : 186585 70262 53256 70271 53267 53241 
6 : 163951 186591 186599 163962 163969 243508 
6 : 186592 186594 186590 247947 241929 241931 
6 : 186596 183344 186598 183360 256826 183364 
6 : 186600 186593 76660 251949 76678 76668 
6 : 40558 186687 186686 40567 40564 261590 
6 : 186677 186682 186683 200770 200771 243511 
6 : 179416 4796 186689 4793 179419 4798 
6 : 186692 44329 23381 44338 23390 23362 
6 : 186694 171148 9536 171159 9550 9533 
6 : 186787 186784 186782 256173 250282 250280 
6 : 153276 186833 186834 153285 153287 241340 
6 : 111745 186841 68161 111751 68152 68170 
6 : 186846 24445 186842 24469 240650 24458 
6 : 186932 186930 174049 263841 174082 174073 
6 : 186941 44044 186935 44058 238716 44054 
6 : 43619 165318 187014 43617 43625 165323 
6 : 14828 187034 187030 14835 14829 192111 
6 : 187122 116729 187124 116744 249279 116751 
6 : 187127 187131 132437 196497 132443 132450 
6 : 136756 187138 187145 136757 136763 195814 
6 : 187179 187170 50215 213628 50227 50218 
6 : 187186 148728 56208 148736 56220 56204 
6 : 187191 187196 187194 234408 234404 249992 
6 : 38532 187204 187202 38540 38537 263228 
6 : 152134 113504 187278 113501 152137 113507 
6 : 75261 37931 132815 37919 75258 37928 
6 : 55313 140725 187419 55307 55321 140734 
6 : 92536 81588 187427 81581 92544 81600 
6 : 187424 187422 187429 201437 216963 201440 
6 : 42622 139278 187508 42620 42633 139293 
6 : 172641 1218 187504 1214 172643 1223 
6 : 28254 187519 187514 28266 28260 243671 
6 : 187513 32047 187511 32054 195392 32048 
6 : 187536 187530 187531 245594 249102 245590 
6 : 153352 187539 167451 153354 153350 167454 
6 : 187592 61288 9967 61296 9978 9951 
6 : 187600 187596 187601 200866 239448 200868 
6 : 187605 187599 187603 232944 252823 232940 
6 : 115966 26845 103703 26839 103695 26837 
6 : 187626 187624 187617 233895 191705 191702 
6 : 131423 187675 59542 131430 59537 59552 
6 : 51009 187739 171259 51015 51006 171268 
6 : 187767 187769 187775 191671 191679 211499 
6 : 187776 187779 187777 207750 207748 210136 
6 : 187781 187780 13959 221237 13973 13968 
6 : 187794 187791 187790 232620 215991 215987 
6 : 187813 187806 187805 231860 226634 226625 
6 : 187856 101547 187859 101550 216803 101556 
6 : 36554 49935 187874 36543 36564 49945 
6 : 43881 28705 163062 28696 43879 28702 
6 : 67911 187956 187952 67925 67917 238962 
6 : 164122 187960 171276 164123 164119 171277 
6 : 187963 187968 52467 207405 52474 52489 
6 : 188024 187443 151184 187457 151204 151183 
6 : 9474 188044 143476 9480 9471 143484 
6 : 59375 188040 188047 59379 59382 210522 
6 : 188046 188039 188043 209645 223602 209640 
6 : 11179 148316 188060 11175 11187 148331 
6 : 188128 181052 188125 181074 247540 181065 
6 : 188134 155278 188131 155289 222320 155282 
6 : 188135 188132 188136 224769 263215 224770 
6 : 188139 7485 6407 7488 6410 6392 
6 : 147036 149085 188208 147032 147040 149094 
6 : 188216 188207 188210 250547 258936 250541 
6 : 163763 188235 60043 163773 60040 60057 
6 : 8394 44853 188290 8389 8399 44859 
6 : 51532 188294 167925 51541 51529 167944 
6 : 188297 188301 122157 190932 122158 122169 
6 : 188381 188387 188378 244580 195065 195074 
6 : 168423 188396 188394 168433 168430 227762 
6 : 106409 123807 290 106401 282 285 
6 : 108869 188422 188417 108880 108876 246747 
6 : 146303 188419 164193 146311 146301 164203 
6 : 188416 188414 188421 198897 231602 198901 
6 : 54621 49911 143221 49893 54615 49904 
6 : 179533 91825 10146 91824 10144 10133 
6 : 188475 97714 72548 97725 72562 72534 
6 : 188478 188481 23068 236495 23079 23081 
6 : 188484 67615 133244 67626 133259 67607 
6 : 188494 188489 188492 223191 256944 223183 
6 : 97566 46649 188539 46637 97574 46657 
6 : 188556 167836 184797 167849 184812 167834 
6 : 188559 188553 18262 223767 18273 18266 
6 : 71719 188588 188577 71736 71724 218345 
6 : 188579 188580 181856 250495 181872 181874 
6 : 188662 112527 93321 112537 93341 93311 
6 : 188668 188674 188663 237961 198436 198445 
6 : 34406 188715 86750 34410 34393 86754 
6 : 188740 188741 9253 205058 9258 9260 
6 : 78571 149132 188746 78566 78573 149140 
6 : 153257 150649 138053 150643 138047 138046 
6 : 127278 30805 188760 30798 127289 30821 
6 : 188753 165319 188756 165325 230447 165328 
6 : 188757 188751 61312 211189 61328 61317 
6 : 188762 122485 188765 122488 210562 122494 
6 : 90770 136582 188799 90762 90776 136588 
6 : 188902 188898 162230 218765 162246 162234 
6 : 80875 188926 188927 80887 80889 265080 
6 : 188924 66723 188917 66733 223309 66726 
6 : 31832 60784 53137 31818 31816 53120 
6 : 178834 188941 188929 178849 178839 225763 
6 : 64384 188979 116886 64386 64377 116887 
6 : 86102 119150 88953 86092 86088 88942 
6 : 188980 155055 188982 155059 228574 155069 
6 : 146496 109724 116424 109722 116417 109716 
6 : 136008 189074 189065 136016 136009 191631 
6 : 189069 189072 135366 240161 135371 135382 
6 : 189076 155717 189085 155721 206960 155732 
6 : 189081 189083 158756 247044 158769 158775 
6 : 189084 189075 189088 200227 262644 200230 
6 : 189096 154569 189093 154578 203232 154573 
6 : 182793 101162 189107 101159 182796 101165 
6 : 134154 148202 189138 134149 134157 148206 
6 : 189139 12134 189145 12141 229514 12151 
6 : 189157 189154 38248 247904 38264 38260 
6 : 115432 189189 189187 115444 115440 254928 
6 : 121580 189252 189251 121587 121586 262477 
6 : 189256 189254 189268 190287 230999 190302 
6 : 189260 189264 189267 243931 243933 260698 
6 : 140482 189327 130676 140485 130675 130680 
6 : 189330 81523 30508 81534 30523 30496 
6 : 165104 189334 74174 165107 74167 74179 
6 : 166261 189338 189336 166269 166265 205676 
6 : 68993 189352 189356 69002 69006 261252 
6 : 189349 189347 37695 212383 37707 37701 
6 : 99820 189408 189410 99826 99829 230820 
6 : 155335 189411 189409 155349 155347 238216 
6 : 189426 90359 189424 90379 265415 90378 
6 : 70393 189441 189436 70407 70401 256967 
6 : 158194 189433 189440 158201 158207 245763 
6 : 189432 6214 189427 6227 219303 6219 
6 : 189500 52721 121551 52745 121575 52717 
6 : 153353 189584 64160 153362 64155 64174 
6 : 18873 189592 189595 18879 18880 227961 
6 : 155199 189601 136502 155201 136499 136508 
6 : 189668 189662 9084 218278 9108 9092 
6 : 109610 189673 107260 109613 107247 107263 
6 : 189699 189704 189701 215566 215564 247961 
6 : 189707 189703 189700 253992 244094 244085 
6 : 99891 59650 72257 59642 72248 59639 
6 : 189774 136043 172761 136058 172784 136037 
6 : 162089 189784 189777 162101 162093 225614 
6 : 189788 171999 189775 172013 192140 172000 
6 : 16682 132817 189820 16677 16688 132829 
6 : 132318 91307 112681 91300 112675 91298 
6 : 170543 161418 189842 161416 170552 161433 
6 : 189841 189840 189836 247352 208019 208018 
6 : 51939 189845 150357 51941 51935 150361 
6 : 114207 189858 15504 114218 15491 15516 
6 : 94126 189895 189897 94129 94131 210737 
6 : 189902 189903 189898 256122 220154 220157 
6 : 67616 109904 164627 67604 67610 109902 
6 : 40734 187898 189930 40732 40743 187909 
6 : 117908 60495 189964 60485 117917 60510 
6 : 189959 189960 118918 209885 118921 118922 
6 : 189963 183627 189965 183635 232305 183643 
6 : 189978 189977 189971 252328 235030 235027 
6 : 82520 190053 79492 82531 79476 79509 
6 : 153545 81215 190056 81208 153547 81220 
6 : 190060 190061 107778 265310 107797 107798 
6 : 190062 49370 31702 49371 31703 31687 
6 : 97321 190082 66980 97330 66963 66998 
6 : 30415 118191 190133 30409 30418 118193 
6 : 35015 190156 190154 35029 35022 252366 
6 : 138790 190151 190153 138794 138798 230763 
6 : 190150 190148 69019 215639 69023 69021 
6 : 94323 150839 190161 94320 94324 150842 
6 : 114794 190163 164707 114797 114791 164714 
6 : 190224 174850 190223 174864 258899 174863 
6 : 188389 73555 119383 73553 119381 73549 
6 : 130426 190242 170654 130430 130425 170662 
6 : 190245 190237 190238 194585 197097 194575 
6 : 136672 190389 190392 136674 136681 197637 
6 : 190390 190395 190394 205582 205581 262888 
6 : 137802 164708 188180 137799 137800 164706 
6 : 190406 96291 190419 96294 198559 96304 
6 : 190484 190480 175534 224616 175548 175538 
6 : 49595 190486 27443 49602 27429 27448 
6 : 131103 190493 153086 131111 131096 153101 
6 : 190497 87965 190505 87968 211263 87978 
6 : 190504 1773 127576 1787 127591 1767 
6 : 130940 190558 163174 130943 130935 163179 
6 : 190566 187707 182194 187717 182206 182193 
6 : 190574 190572 94668 192092 94671 94670 
6 : 18489 190639 188772 18499 18488 188792 
6 : 158320 117855 190633 117850 158330 117861 
6 : 136478 43321 115540 43316 115533 43315 
6 : 158634 190663 190660 158646 158643 245855 
6 : 190722 48164 190725 48172 249009 48176 
6 : 90276 7735 190733 7729 90280 7740 
6 : 145879 190732 190738 145881 145892 209824 
6 : 190739 155236 190737 155248 250687 155247 
6 : 125365 190752 190746 125380 125374 246982 
6 : 190759 190769 102839 197398 102844 102858 
6 : 190762 83781 146754 83789 146760 83777 
6 : 190808 112858 190811 112861 213481 112866 
6 : 22173 41190 14310 22163 14291 14294 
6 : 178762 190906 168110 178766 168108 168119 
6 : 190908 190902 190907 215921 242355 215918 
6 : 133376 105463 169223 105455 133374 105459 
6 : 162600 190977 190975 162613 162603 225090 
6 : 190978 190976 190980 249581 255321 249582 
6 : 190979 190981 190974 255947 223276 223279 
6 : 190998 190997 96840 204370 96844 96842 
6 : 71913 92294 191048 71902 71919 92299 
6 : 191056 180162 166480 180168 166487 166476 
6 : 191078 191072 191074 213071 222065 213065 
6 : 101139 191135 162319 101141 101135 162328 
6 : 160464 191142 99271 160466 99267 99272 
6 : 191159 114227 191162 114238 245912 114248 
6 : 191166 191172 191165 202197 196730 196740 
6 : 191242 113752 191246 113754 206430 113757 
6 : 173348 191302 191298 173362 173356 252703 
6 : 191307 191311 191310 211844 211842 256910 
6 : 191317 191318 153316 246587 153325 153326 
6 : 191348 175124 190361 175138 190379 175123 
6 : 191392 191395 191394 207392 207390 259857 
6 : 182177 191403 191406 182184 182186 241911 
6 : 133000 191433 191435 133002 133004 198608 
6 : 191509 191503 186290 202063 186316 186292 
6 : 123787 141143 191516 123784 123792 141152 
6 : 71950 191566 56885 71957 56875 56889 
6 : 191563 95196 42781 95199 42784 42772 
6 : 191571 191569 143809 253420 143824 143818 
6 : 191580 191583 191576 236035 205207 205212 
6 : 191589 191596 100324 228040 100329 100337 
6 : 177970 176292 191667 176290 177993 176312 
6 : 191668 191669 191663 265599 227472 227473 
6 : 148898 191682 173025 148900 148894 173028 
6 : 191687 88284 191692 88293 239563 88299 
6 : 128855 191731 167326 128861 128852 167331 
6 : 136463 191727 56777 136465 56769 56780 
6 : 191728 191729 191733 218295 218297 226778 
6 : 191739 191737 158214 241678 158226 158220 
6 : 191808 64677 191813 64678 193840 64681 
6 : 76903 189390 180623 76902 76900 180622 
6 : 191903 132350 191902 132354 224923 132352 
6 : 191952 191963 191959 215833 215830 261987 
6 : 191973 61768 191972 61792 265372 61791 
6 : 102567 191987 191978 102585 102574 223022 
6 : 156681 11151 32137 11146 32130 11137 
6 : 191979 150892 191981 150903 225448 150905 
6 : 168362 191995 191990 168371 168366 223723 
6 : 185820 153990 191989 153989 185822 153992 
6 : 192061 192058 185950 217530 185960 185956 
6 : 192062 192065 192064 232602 232601 246310 
6 : 192079 175701 45969 175703 45971 45966 
6 : 192088 192080 29050 209961 29066 29051 
6 : 61342 33250 192150 33234 61357 33258 
6 : 90081 192166 117257 90097 90074 117274 
6 : 187961 192228 192230 187964 187966 241857 
6 : 192233 90771 192232 90787 263444 90786 
6 : 17559 82392 192259 17553 17565 82401 
6 : 178015 192308 143477 178019 143474 143485 
6 : 192411 192414 155160 222547 155169 155175 
6 : 192417 192412 34036 226949 34059 34043 
6 : 192505 192507 192511 232004 232014 247210 
6 : 192510 192506 163818 247151 163834 163829 
6 : 192524 53690 192526 53705 258304 53708 
6 : 192609 192615 183628 222742 183632 183640 
6 : 163591 20205 192669 20201 163602 20216 
6 : 177381 192670 154484 177394 154480 154499 
6 : 24964 82985 192682 24955 24974 82994 
6 : 192688 1896 192685 1900 216321 1897 
6 : 192692 192691 15845 257121 15870 15868 
6 : 192755 29878 192756 29886 216970 29887 
6 : 192771 192776 183915 224787 183921 183931 
6 : 141938 192797 114853 141940 114843 114855 
6 : 178852 74177 192834 74172 178871 74196 
6 : 192843 38835 39137 38838 39141 38826 
6 : 97161 8117 88675 8108 88658 8107 
6 : 192908 192910 192911 235703 235708 254537 
6 : 156905 192952 192949 156924 156920 262729 
6 : 118873 91418 192988 91410 118877 91423 
6 : 192995 83350 120707 83352 120709 83343 
6 : 130014 193016 95691 130026 95686 95702 
6 : 65254 193105 193102 65267 65261 233445 
6 : 193163 193164 131832 254112 131845 131846 
6 : 56717 193167 193171 56722 56726 225040 
6 : 100838 193173 193168 100846 100841 227635 
6 : 193170 193176 193166 232106 217992 218005 
6 : 165268 13962 193251 13957 165286 13980 
6 : 193255 193260 193258 227630 227626 257240 
6 : 85285 193267 185951 85294 85284 185966 
6 : 193333 193335 193332 243532 234013 234016 
6 : 193340 17119 85953 17125 85964 17113 
6 : 94782 178055 193357 94780 94791 178065 
6 : 193366 193367 193365 230894 230842 230846 
6 : 193369 63356 193364 63365 222752 63362 
6 : 19424 193400 193399 19435 19432 238626 
6 : 193397 173453 193398 173459 223561 173462 
6 : 193401 92166 193396 92178 220557 92170 
6 : 193412 193405 193415 194168 251265 194171 
6 : 16367 193473 193467 16384 16369 204190 
6 : 147831 193472 193468 147840 147835 209388 
6 : 105978 157405 193477 105974 105981 157408 
6 : 166242 193482 101183 166254 101182 101198 
6 : 193483 87442 193475 87460 207272 87444 
6 : 168248 90897 193487 90892 168252 90903 
6 : 193566 81617 33877 81633 33893 33868 
6 : 193572 193575 193574 224145 224143 229088 
6 : 193647 193642 193645 221915 240560 221911 
6 : 59652 193652 193649 59656 59653 199885 
6 : 193653 193650 21872 208269 21887 21876 
6 : 170520 126417 193674 126412 170530 126426 
6 : 193670 78228 152795 78234 152798 78223 
6 : 193715 193717 193724 198936 198947 204774 
6 : 30128 61745 193748 30119 30136 61753 
6 : 73527 193744 3307 73531 3295 3312 
6 : 193741 193747 118692 203945 118695 118708 
6 : 193742 114069 193745 114072 214113 114078 
6 : 193806 193802 144601 257287 144617 144612 
6 : 193809 181956 50322 181959 50323 50319 
6 : 193841 184459 193843 184468 250721 184472 
6 : 193849 193852 193851 229415 229414 250389 
6 : 193892 193882 193888 201384 255866 201379 
6 : 108333 193896 108280 108336 108270 108287 
6 : 193919 161442 114902 161448 114913 114900 
6 : 157226 42058 140119 42056 140113 42055 
6 : 193964 193965 146442 202122 146446 146448 
6 : 193983 193982 193980 250103 234067 234064 
6 : 73838 194048 194043 73852 73847 240924 
6 : 194036 194041 142292 211566 142296 142301 
6 : 194044 194039 194038 222165 220751 220749 
6 : 42974 194053 194059 42980 42986 222999 
6 : 194063 194065 179549 218658 179552 179555 
6 : 147953 105694 194140 105687 147964 105704 
6 : 194139 180343 194138 180356 231361 180347 
6 : 194149 194147 100801 246240 100818 100810 
6 : 180746 194151 194158 180749 180755 198865 
6 : 194217 194216 194219 237419 248046 237424 
6 : 194223 152473 194222 152491 265603 152490 
6 : 194224 90489 101800 90490 101801 90482 
6 : 191008 162999 110584 162997 110583 110581 
6 : 21932 24597 194251 21921 21937 24600 
6 : 194255 194258 194259 252066 252067 263758 
6 : 9625 194287 108393 9635 9621 108412 
6 : 194311 148184 194302 148195 196309 148185 
6 : 194373 194375 123202 197864 123203 123209 
6 : 124390 51533 81246 51527 81238 51524 
6 : 194454 104173 189637 104187 189652 104172 
6 : 194469 194462 194457 256821 210959 210950 
6 : 194481 194472 194474 223535 233795 223527 
6 : 194493 160315 184203 160319 184209 160313 
6 : 194495 139666 39292 139673 39301 39284 
6 : 189216 194530 194537 189223 189239 229249 
6 : 21306 156477 194542 21302 21311 156484 
6 : 194548 194556 194549 203296 203292 222251 
6 : 194628 58532 82423 58542 82433 58516 
6 : 194635 126831 4482 126835 4486 4476 
6 : 194693 194689 194692 220574 257832 220572 
6 : 194703 73032 194702 73050 255932 73048 
6 : 128345 129796 194714 128340 128355 129804 
6 : 143457 194710 121924 143464 121920 121934 
6 : 194709 194711 194706 243701 195955 195958 
6 : 150017 194717 194721 150020 150022 206786 
6 : 194720 167905 169668 167909 169672 167903 
6 : 194785 194778 62008 229984 62023 62013 
6 : 194797 55589 194792 55610 258631 55607 
6 : 187709 194806 142293 187724 142290 142310 
6 : 194801 161140 94721 161147 94728 94716 
6 : 194845 194847 194852 211241 211249 239710 
6 : 194849 194844 130258 198045 130274 130259 
6 : 187636 194864 194861 187645 187639 219561 
6 : 194859 26961 194865 26963 204809 26970 
6 : 194868 10720 179724 10728 179729 10716 
6 : 194869 629 194867 636 216589 632 
6 : 194872 194874 194873 259145 259143 260465 
6 : 194935 58672 141740 58674 141742 58666 
6 : 87156 194990 113406 87166 87151 113421 
6 : 147954 86718 92412 86715 92405 86709 
6 : 36625 195079 195083 36629 36635 230469 
6 : 195081 58808 195082 58818 245846 58819 
6 : 104070 195093 131811 104081 104065 131823 
6 : 120939 23820 190529 23812 120937 23818 
6 : 195097 195090 117606 235720 117622 117612 
6 : 162264 195101 149525 162268 149523 149535 
6 : 195099 79225 170151 79233 170155 79222 
6 : 195120 195114 195119 240404 258705 240403 
6 : 144819 195166 101311 144823 101303 101313 
6 : 195170 130229 184992 130251 185009 130227 
6 : 187126 195180 195172 187135 187128 200829 
6 : 195264 126529 195262 126541 223124 126533 
6 : 110307 109755 195271 109742 110310 109760 
6 : 96292 9819 195287 9811 96307 9835 
6 : 195340 385 195336 402 239963 390 
6 : 71824 123509 195344 71821 71828 123518 
6 : 151459 195342 195349 151460 151469 207316 
6 : 195343 195341 195350 203889 218502 203908 
6 : 44255 121383 16276 44254 16259 16268 
6 : 195418 195417 195411 264815 246703 246702 
6 : 195423 107615 171678 107627 171685 107612 
6 : 195426 166185 125326 166192 125335 125322 
6 : 89375 195432 195434 89376 89381 223945 
6 : 157306 195444 137727 157307 137723 137728 
6 : 149506 195502 182553 149511 149503 182559 
6 : 182989 173066 139171 173063 139167 139162 
6 : 10189 121725 195507 10186 10191 121728 
6 : 149074 172661 28735 149071 28732 28734 
6 : 195545 195547 195553 239682 239691 246138 
6 : 103057 195575 195577 103059 103062 206582 
6 : 124008 195579 174383 124012 124005 174388 
6 : 140600 195582 159901 140608 140597 159914 
6 : 96083 195589 18766 96091 18756 18780 
6 : 195601 195596 195600 232219 248410 232217 
6 : 195654 195656 195652 256983 237501 237502 
6 : 195665 195662 195664 217547 227592 217545 
6 : 195666 195670 101764 235653 101772 101778 
6 : 86655 195757 144478 86663 86652 144499 
6 : 195758 195753 195752 233264 228221 228209 
6 : 195759 195760 195762 205178 205181 212278 
6 : 195773 195776 112404 224279 112412 112416 
6 : 31216 195838 164195 31224 31212 164205 
6 : 72351 195845 195844 72357 72353 217347 
6 : 195846 103224 54651 103236 54656 54640 
6 : 195849 52562 194665 52575 194687 52561 
6 : 187460 195851 149033 187462 149031 149035 
6 : 195864 138943 195872 138953 247047 138965 
6 : 145346 195922 195919 145356 145352 244861 
6 : 116538 168841 195927 116533 116542 168843 
6 : 177324 195928 3486 177330 3481 3489 
6 : 184075 123633 195818 123630 184074 123632 
6 : 142788 196004 195999 142796 142791 208270 
6 : 33467 196085 143459 33477 33464 143469 
6 : 196082 196080 121926 243702 121937 121932 
6 : 196105 13963 188876 13974 188891 13961 
6 : 95044 196155 196146 95060 95045 199766 
6 : 137463 196154 196147 137475 137465 202851 
6 : 196239 23164 148899 23169 148908 23159 
6 : 196240 175090 185606 175095 185613 175089 
6 : 175988 185821 196251 175986 175997 185833 
6 : 128220 196271 114696 128224 114690 114704 
6 : 196314 196317 196324 197134 197140 209221 
6 : 196318 119874 120361 119881 120368 119867 
6 : 163691 60287 196330 60281 163697 60290 
6 : 196346 91916 196340 91928 210883 91918 
6 : 30190 77240 196363 30177 30208 77257 
6 : 196350 183077 196365 183079 206881 183094 
6 : 196357 185764 19800 185776 19814 19798 
6 : 82225 149779 147152 82222 82221 147143 
6 : 88873 196407 196414 88877 88883 220098 
6 : 196405 63317 76550 63320 76553 63304 
6 : 196412 151158 196404 151173 204674 151159 
6 : 196432 196430 106279 260064 106291 106288 
6 : 196487 184278 196486 184287 241076 184283 
6 : 156312 196493 154343 156324 154337 154357 
6 : 48112 196500 83681 48118 48103 83690 
6 : 196509 109284 196518 109292 239183 109303 
6 : 196578 145325 196576 145331 199431 145326 
6 : 196588 66770 196585 66781 256960 66780 
6 : 196591 196593 118309 220021 118313 118314 
6 : 90306 196601 196604 90307 90311 206021 
6 : 117988 196628 18900 117996 18895 18910 
6 : 196631 196630 196627 251173 224368 224366 
6 : 74523 196636 132727 74526 74515 132735 
6 : 196637 196635 196641 212245 242911 212253 
6 : 196644 127340 196652 127344 247890 127355 
6 : 196702 30777 89557 30778 89558 30768 
6 : 171735 196727 196725 171746 171744 254513 
6 : 140484 196795 30510 140488 30502 30516 
6 : 196802 196796 196799 222194 242637 222192 
6 : 196803 196794 196800 218683 245306 218681 
6 : 196817 54521 191788 54525 191793 54519 
6 : 151893 196862 181463 151903 151890 181478 
6 : 196857 196863 34916 213048 34919 34940 
6 : 11719 51622 28624 11712 11710 28612 
6 : 34818 71614 196874 34813 34829 71631 
6 : 88285 186473 196889 88283 88301 186492 
6 : 190758 126775 196885 126773 190763 126785 
6 : 173777 89343 196893 89340 173781 89345 
6 : 188028 114025 17048 114023 17044 17033 
6 : 196937 196934 196935 205052 229674 205044 
6 : 34376 942 21676 927 21663 926 
6 : 197017 112458 197022 112461 219128 112467 
6 : 51677 110261 197055 51666 51684 110271 
6 : 197065 163508 197056 163526 242788 163518 
6 : 197111 197110 197120 208886 217450 208892 
6 : 7428 161508 110377 7424 7417 110367 
6 : 197129 197127 197123 243325 211858 211854 
6 : 154900 197145 97979 154915 97976 97993 
6 : 36626 86187 197185 36614 36627 86190 
6 : 197184 197187 40907 197802 40908 40913 
6 : 197189 197193 197188 241870 233788 233796 
6 : 144820 197210 101901 144824 101893 101904 
6 : 197212 43502 197218 43508 220960 43513 
6 : 197346 197344 197341 222698 197578 197570 
6 : 52366 197349 62654 52369 52357 62660 
6 : 93376 197351 86935 93378 86927 86940 
6 : 139757 39854 4023 39845 4014 4003 
6 : 197428 194387 184190 194397 184198 184189 
6 : 139462 197431 197441 139464 139470 214159 
6 : 162758 197504 11067 162765 11065 11074 
6 : 197505 197511 167719 253861 167726 167735 
6 : 197517 197515 73502 208263 73516 73508 
6 : 140744 169905 8282 140739 8270 8275 
6 : 197546 17732 197547 17750 262515 17752 
6 : 197587 197588 197590 243838 243841 262252 
6 : 197598 153485 27573 153493 27585 27570 
6 : 197600 182107 42205 182120 42227 42201 
6 : 197602 112131 141834 112132 141837 112124 
6 : 15934 122509 101058 15930 15926 101050 
6 : 197649 197645 79750 221273 79764 79752 
6 : 197663 197655 197651 219948 199814 199801 
6 : 178545 197669 197673 178553 178555 239515 
6 : 197675 75577 197672 75591 248829 75588 
6 : 19486 39884 197694 19472 19500 39901 
6 : 58620 197751 11789 58630 11771 11808 
6 : 197746 112281 197752 112289 243971 112303 
6 : 197756 197760 47906 233596 47912 47918 
6 : 197759 197762 197753 257563 211206 211211 
6 : 127685 160829 197798 127682 127688 160837 
6 : 95833 197847 73100 95850 73091 73119 
6 : 161341 197858 197849 161355 161347 228541 
6 : 181567 1730 163821 1726 163817 1724 
6 : 197910 197912 197911 236856 236855 246882 
6 : 197928 21532 172763 21548 172781 21528 
6 : 74378 88085 123072 74369 74373 88076 
6 : 197989 197987 197988 224533 231508 224532 
6 : 198002 198004 198006 251119 251120 254049 
6 : 118379 50754 191030 50743 118376 50753 
6 : 198070 21796 194314 21797 194316 21794 
6 : 63425 97570 198093 63414 63431 97577 
6 : 65829 198152 198148 65842 65834 215392 
6 : 76079 198155 156389 76084 76073 156394 
6 : 198157 198160 20236 256891 20245 20248 
6 : 69412 118052 159455 69403 69407 118046 
6 : 198262 167183 198260 167186 219381 167185 
6 : 198296 198308 174244 242056 174254 174267 
6 : 74254 150052 123073 74251 74247 123069 
6 : 96792 93195 198335 93186 96798 93205 
6 : 161603 120317 78409 120312 78405 78399 
6 : 198343 88132 156501 88140 156514 88125 
6 : 198351 155379 198358 155380 199403 155389 
6 : 143739 198385 196194 143741 143738 196196 
6 : 23756 155218 16368 23754 16356 16362 
6 : 198398 22146 198393 22161 249944 22152 
6 : 109728 198408 198407 109736 109735 257865 
6 : 197052 198409 116427 197059 116426 116445 
6 : 179961 8553 7348 8550 7343 7335 
6 : 198483 92929 198480 92937 232775 92932 
6 : 198489 104921 94599 104923 94600 94590 
6 : 46797 92326 184911 46782 46793 92324 
6 : 114261 132158 198521 114253 114267 132165 
6 : 98699 198557 177875 98706 98696 177885 
6 : 84924 123409 33419 84916 33401 33405 
6 : 89056 198625 198628 89059 89066 212701 
6 : 198627 198624 185167 212445 185174 185170 
6 : 198644 198632 28926 201937 28942 28928 
6 : 166667 52957 68623 52953 68617 52941 
6 : 198650 198647 198655 202041 233683 202047 
6 : 198662 198656 81654 214245 81665 81660 
6 : 198663 198668 135495 256561 135507 135512 
6 : 184945 198717 82459 184954 82455 82473 
6 : 91091 198718 198725 91092 91101 198945 
6 : 32806 23347 12755 23334 12735 12733 
6 : 198797 198799 159642 201329 159643 159650 
6 : 198801 164781 198800 164793 241969 164788 
6 : 107234 121668 55194 107227 55185 55187 
6 : 198810 198817 198812 242484 242480 252611 
6 : 198828 198820 198829 207403 260532 207404 
6 : 198888 198894 198891 228823 228818 257266 
6 : 198889 103676 198886 103681 214205 103678 
6 : 123810 42035 198898 42024 123813 42039 
6 : 115217 198962 188094 115220 115216 188100 
6 : 198972 31276 27143 31297 27165 27129 
6 : 199003 199007 199001 259561 255271 255273 
6 : 199045 124060 199049 124066 238398 124074 
6 : 199046 82733 96619 82738 96627 82721 
6 : 199050 180440 10759 180454 10777 10755 
6 : 144018 199053 199055 144023 144025 224995 
6 : 199054 190009 76984 190015 76992 76982 
6 : 181906 199134 199137 181908 181912 206330 
6 : 199139 32373 199140 32384 260583 32386 
6 : 75695 75190 199164 75176 75708 75206 
6 : 199156 160384 192549 160385 192550 160383 
6 : 199158 129106 199161 129107 216359 129120 
6 : 157680 199214 199215 157681 157683 212615 
6 : 45179 167139 199232 45177 45188 167145 
6 : 199234 169500 122279 169507 122290 122276 
6 : 199293 199291 60644 265021 60661 60657 
6 : 1193 199299 118669 1206 1185 118683 
6 : 199295 199300 199294 221534 215326 215339 
6 : 199297 114364 4675 114371 4678 4661 
6 : 199298 52296 191867 52310 191881 52294 
6 : 199314 97874 61897 97890 61919 61887 
6 : 110050 199371 147360 110054 110047 147364 
6 : 199373 125632 199372 125638 245245 125634 
6 : 124918 153615 136939 124914 124913 136933 
6 : 135419 199381 21833 135425 21819 21842 
6 : 122206 199393 119337 122218 119328 119346 
6 : 146920 199447 199449 146921 146924 209354 
6 : 62222 199454 117101 62224 62216 117105 
6 : 3941 153632 156953 3935 3936 153626 
6 : 103769 199463 199464 103772 103774 224909 
6 : 199465 199461 24828 210410 24835 24831 
6 : 43420 199562 113325 43425 43411 113328 
6 : 149387 199617 105830 149394 105825 105842 
6 : 199612 135583 199613 135587 225124 135588 
6 : 199615 199620 199619 248259 248256 260556 
6 : 184110 179725 199628 179720 184122 179730 
6 : 199625 48346 199624 48352 219620 48351 
6 : 199627 199623 113850 211997 113859 113853 
6 : 199633 199622 145064 204678 145081 145065 
6 : 171023 102519 175126 102513 171017 102514 
6 : 84089 58785 28927 58776 28911 28906 
6 : 186613 189623 23348 186612 23345 23346 
6 : 199693 150210 32807 150214 32813 32801 
6 : 199695 199697 136610 249936 136621 136629 
6 : 197533 27079 199698 27076 197538 27086 
6 : 198352 7398 199701 7397 198359 7409 
6 : 165874 199772 180626 165882 165869 180640 
6 : 192156 199767 199769 192160 192161 212559 
6 : 199820 43063 199831 43069 226696 43081 
6 : 176728 34257 199853 34253 176730 34262 
6 : 199854 199852 199857 202076 252682 202081 
6 : 106372 199862 69947 106375 69939 69953 
6 : 86532 149943 56486 86528 56473 56481 
6 : 199936 199947 199942 214378 214373 252211 
6 : 148454 2029 199954 2021 148458 2037 
6 : 40082 199976 6823 40090 6813 6834 
6 : 89925 199972 199978 89927 89936 228903 
6 : 146814 199974 71471 146821 71467 71480 
6 : 174563 200020 94229 174565 94225 94230 
6 : 77842 111543 200098 77831 77847 111546 
6 : 200107 124611 188878 124620 188890 124610 
6 : 200108 54848 161522 54855 161527 54843 
6 : 199996 200161 200148 200011 199998 205959 
6 : 84644 200179 105311 84648 84633 105321 
6 : 59405 150895 200239 59400 59427 150912 
6 : 200238 109234 200235 109246 238899 109240 
6 : 175849 191824 161677 175846 161671 161672 
6 : 197992 200243 159120 198000 159119 159128 
6 : 200242 173454 200240 173461 216916 173457 
6 : 169301 156086 195630 156083 169300 156085 
6 : 200253 185366 200249 185383 236152 185374 
6 : 170604 21703 200330 21698 170618 21725 
6 : 200333 145799 200345 145800 212362 145811 
6 : 200342 63018 96231 63028 96243 63010 
6 : 200402 67807 153647 67813 153650 67802 
6 : 200498 200500 200497 263008 262352 262357 
6 : 159415 200518 200524 159420 159425 232044 
6 : 200519 200520 200517 235856 219512 219513 
6 : 200528 155073 125196 155084 125210 125193 
6 : 45234 200550 200548 45238 45236 203558 
6 : 57545 143905 125791 57538 57536 125782 
6 : 109356 72926 53793 72916 53782 53780 
6 : 200467 200582 104683 200487 104682 104699 
6 : 200594 200600 200590 255897 230065 230073 
6 : 48538 200681 200679 48546 48544 240602 
6 : 185590 200683 200678 185602 185594 227599 
6 : 165955 95170 169280 95166 165953 95167 
6 : 55133 41021 200765 41009 55134 41023 
6 : 42180 186562 163269 42176 42173 163266 
6 : 200799 180344 187318 180360 187331 180341 
6 : 200835 122092 200833 122098 200985 122093 
6 : 200839 164587 136717 164604 136737 136715 
6 : 200846 126201 200848 126211 254859 126212 
6 : 200867 200874 200870 243649 243643 251587 
6 : 200911 7656 200913 7663 233944 7667 
6 : 200918 200916 190107 263351 190131 190125 
6 : 200923 88327 189307 88329 189311 88325 
6 : 200931 191070 200937 191073 219211 191083 
6 : 84900 93273 197701 84896 84899 93272 
6 : 201027 201022 201024 251775 255188 251767 
6 : 201040 201030 81808 222859 81824 81812 
6 : 156353 70845 185697 70839 156352 70843 
6 : 45589 201103 201098 45603 45594 215129 
6 : 126059 43175 201102 43169 126063 43181 
6 : 185136 198564 201107 185135 185153 198576 
6 : 99102 143346 36780 99098 36764 36772 
6 : 133100 124672 201111 124664 133104 124675 
6 : 155605 69647 201151 69643 155607 69649 
6 : 201153 114484 201156 114491 244874 114495 
6 : 184720 192019 201166 184717 184724 192024 
6 : 201205 201195 201204 214441 262498 214439 
6 : 93762 117825 201244 93753 93767 117834 
6 : 201245 201243 178697 251437 178706 178704 
6 : 68592 201303 192882 68594 68590 192885 
6 : 201304 164098 140765 164101 140771 140759 
6 : 103114 14149 201313 14140 103115 14150 
6 : 201321 201316 201322 223133 244697 223140 
6 : 136111 201333 61898 136119 61890 61914 
6 : 187365 39103 201361 39101 187366 39109 
6 : 191450 69314 201402 69311 191462 69327 
6 : 201400 14769 186024 14775 186032 14764 
6 : 112831 201406 201405 112837 112834 209142 
6 : 177713 201472 201471 177716 177714 213004 
6 : 82547 119360 158040 82538 82540 119354 
6 : 201558 201561 201562 219057 219062 237544 
6 : 83759 189517 178301 83757 83756 178298 
6 : 124236 171004 195819 124233 124235 171003 
6 : 169983 201571 93039 169994 93032 93052 
6 : 140708 201581 47105 140709 47098 47106 
6 : 201633 201635 201634 244805 244803 256747 
6 : 201636 149134 76440 149138 76443 76431 
6 : 201637 124407 50651 124414 50661 50642 
6 : 201641 201639 201638 256479 251148 251144 
6 : 201651 37986 201647 37997 205373 37987 
6 : 150018 201710 201713 150021 150027 219372 
6 : 201723 122948 46126 122950 46131 46118 
6 : 201728 93505 22558 93519 22579 22554 
6 : 150527 88111 179204 88103 150525 88105 
6 : 6051 201793 146186 6062 6047 146200 
6 : 201801 43621 201797 43632 242000 43628 
6 : 148612 5800 131554 5790 131550 5788 
6 : 201852 201847 201844 253699 243045 243039 
6 : 201871 201866 187731 217526 187743 187733 
6 : 201885 201874 201883 217270 261026 217267 
6 : 201890 64733 201901 64736 210655 64747 
6 : 16075 159220 89344 16071 16065 89339 
6 : 26644 201948 201947 26647 26645 205602 
6 : 201956 169415 158949 169428 158964 158943 
6 : 185591 201971 191178 185596 185589 191190 
6 : 115337 9218 202004 9211 115340 9224 
6 : 186083 202015 202008 186098 186090 248239 
6 : 202014 120102 202002 120116 216400 120103 
6 : 202026 202031 95617 208823 95618 95631 
6 : 202027 38587 202029 38592 224703 38594 
6 : 89910 113592 202083 89902 89911 113595 
6 : 94281 202082 192105 94282 94280 192106 
6 : 202087 39819 89949 39835 89964 39812 
6 : 68405 202088 56506 68407 56499 56507 
6 : 109214 50082 14731 50070 14721 14715 
6 : 202094 93197 5457 93198 5458 5445 
6 : 202136 157816 202126 157832 243951 157823 
6 : 59077 202168 130357 59082 59072 130365 
6 : 124009 178679 202166 124006 124011 178686 
6 : 202163 202167 202172 213338 213344 238663 
6 : 202165 200199 38978 200201 38981 38976 
6 : 202174 127895 202176 127896 227698 127899 
6 : 202181 182088 145469 182103 145479 145467 
6 : 202195 148730 202192 148740 257018 148739 
6 : 85775 177679 107341 85773 85770 107337 
6 : 202234 202240 202239 213331 213330 261210 
6 : 202238 134170 202232 134184 202553 134171 
6 : 22986 187732 190266 22983 22984 187729 
6 : 167992 39729 190187 39723 167989 39727 
6 : 202297 165799 202303 165800 215049 165818 
6 : 132332 173778 84433 132330 84427 84430 
6 : 202381 28105 202376 28120 219254 28109 
6 : 202387 182125 202390 182128 228250 182136 
6 : 972 202397 190698 975 970 190706 
6 : 126857 202398 113152 126864 113139 113160 
6 : 202395 165905 107723 165910 107726 107720 
6 : 202400 27310 202401 27317 248560 27319 
6 : 202417 202407 202412 230900 246261 230895 
6 : 31904 202454 202447 31916 31905 211961 
6 : 202470 202463 187240 216915 187260 187244 
6 : 82548 202482 202481 82558 82557 265294 
6 : 107892 202472 113326 107895 107879 113330 
6 : 202471 167743 202474 167744 213119 167750 
6 : 121217 202527 50324 121223 50314 50334 
6 : 27794 26015 202541 26002 27800 26025 
6 : 97070 103450 202604 97060 97076 103457 
6 : 202608 58500 114714 58513 114727 58492 
6 : 202629 202619 202626 256151 261803 256148 
6 : 163852 202711 172039 163858 163849 172047 
6 : 202709 202715 158557 215943 158562 158572 
6 : 28369 3445 202716 3434 28374 3452 
6 : 202780 107342 202782 107349 242606 107352 
6 : 202785 59627 96084 59637 96096 59620 
6 : 202789 202787 202792 210937 250934 210940 
6 : 202798 20453 195480 20469 195492 20451 
6 : 202850 78161 51891 78177 51909 51877 
6 : 202856 202862 202861 242313 242311 258600 
6 : 61719 152117 168745 61711 61714 152113 
6 : 135892 188359 99924 135889 99912 99921 
6 : 130837 187917 202882 130833 130852 187930 
6 : 158497 163725 202881 158493 158504 163733 
6 : 190984 202874 154370 190985 154368 154371 
6 : 202883 201656 116429 201667 116449 116428 
6 : 138463 5938 202929 5934 138471 5949 
6 : 202928 202927 183008 204902 183020 183011 
6 : 89559 202940 202939 89568 89566 245776 
6 : 187350 116374 202941 116371 187364 116388 
6 : 162354 202958 202960 162358 162360 244431 
6 : 202981 202966 194747 203821 194763 194748 
6 : 23784 203013 203010 23801 23799 265156 
6 : 203006 42747 203005 42762 261007 42761 
6 : 203011 203009 203004 263738 237440 237436 
6 : 111170 103554 203021 103545 111172 103555 
6 : 203037 203034 33688 211877 33694 33691 
6 : 102571 203097 55196 102583 55184 55212 
6 : 179088 203092 203094 179091 179097 223014 
6 : 96812 203104 203099 96820 96813 204055 
6 : 189457 171590 75756 171587 75753 75750 
6 : 203172 47588 203170 47604 245088 47595 
6 : 113087 203181 136832 113099 113080 136847 
6 : 123693 48456 123717 48445 123685 48446 
6 : 83909 203246 27878 83912 27863 27881 
6 : 203254 203257 169615 236902 169617 169623 
6 : 53629 177973 196687 53626 53628 177971 
6 : 196035 5529 142512 5526 142509 5521 
6 : 120339 203281 182389 120341 120338 182394 
6 : 203324 150300 192533 150309 192541 150298 
6 : 203325 203322 172571 222040 172580 172572 
6 : 203330 166186 203323 166197 224881 166187 
6 : 174297 90626 118460 90621 118457 90613 
6 : 184260 203340 183374 184273 183370 183390 
6 : 201837 203333 7043 201841 7042 7045 
6 : 10569 89756 203370 10555 10573 89759 
6 : 43027 203408 72636 43033 43018 72644 
6 : 203413 203410 76523 252087 76539 76531 
6 : 201580 189023 5263 189022 5262 5261 
6 : 203471 203472 171658 206137 171659 171662 
6 : 36712 203492 164526 36727 36710 164546 
6 : 137671 116655 203500 116648 137680 116667 
6 : 203501 50152 161362 50159 161377 50149 
6 : 48676 203549 190858 48689 48674 190871 
6 : 203555 108282 125417 108293 125433 108274 
6 : 75265 18544 203616 18534 75277 18559 
6 : 203610 17734 203614 17741 243690 17749 
6 : 203617 203615 203613 262518 251284 251279 
6 : 195841 203681 67674 195847 67673 67680 
6 : 160184 167594 203692 160183 160195 167606 
6 : 203687 203686 7349 215515 7352 7351 
6 : 203696 203695 203704 207712 208888 207721 
6 : 203755 203747 203749 229971 234450 229958 
6 : 203766 203769 203770 218540 218541 252141 
6 : 179341 203779 122162 179350 122156 122174 
6 : 203776 195615 203771 195624 206469 195616 
6 : 203799 203805 52851 220625 52856 52862 
6 : 92252 24056 136910 24047 92249 24052 
6 : 203835 48457 131835 48459 131840 48448 
6 : 203838 8094 54624 8101 54633 8079 
6 : 189004 203856 203861 189007 189010 219558 
6 : 179683 203912 203913 179689 179692 252648 
6 : 203916 203921 103226 208173 103227 103239 
6 : 203919 94784 203918 94788 218970 94787 
6 : 203928 11182 195123 11188 195130 11181 
6 : 203984 203988 203989 236917 236918 262256 
6 : 203990 203983 115457 233615 115471 115460 
6 : 25140 203999 160529 25151 25138 160536 
6 : 173551 203993 203994 173554 173555 211255 
6 : 181732 160831 204005 160827 181733 160832 
6 : 204010 78111 204006 78115 205410 78112 
6 : 204072 85581 143694 85586 143701 85575 
6 : 133003 7622 10001 7616 9992 7604 
6 : 128514 145979 138372 128513 128512 138365 
6 : 148774 204143 171176 148776 148771 171178 
6 : 131215 66773 9573 66762 9562 9557 
6 : 134032 204194 59409 134038 59398 59418 
6 : 204192 44000 199427 44001 199430 43999 
6 : 34233 202955 66549 34231 34222 66548 
6 : 54625 179354 10149 54619 10126 10143 
6 : 204205 204206 199502 261541 199520 199522 
6 : 134265 204252 204253 134276 134278 264171 
6 : 151380 51142 183825 51137 151379 51140 
6 : 107724 204268 66295 107728 66284 66299 
6 : 204265 150504 115289 150505 115290 115283 
6 : 204289 204278 204292 231526 263612 231528 
6 : 204336 84246 204338 84259 257224 84262 
6 : 204342 204346 149981 246765 149989 149997 
6 : 204345 204344 176902 252309 176917 176912 
6 : 204383 204374 204378 230969 249191 230964 
6 : 191745 204413 109729 191747 109725 109732 
6 : 204412 204418 204417 227180 227179 252053 
6 : 204424 79693 204434 79701 232720 79707 
6 : 204487 51195 11791 51208 11805 11769 
6 : 204492 139515 195631 139519 195634 139513 
6 : 180376 95932 204568 95928 180382 95946 
6 : 185592 204565 184819 185593 184816 184822 
6 : 161762 204598 204592 161778 161775 252856 
6 : 36327 204648 204649 36335 36336 260353 
6 : 204654 204645 133661 249956 133679 133673 
6 : 204709 204708 204710 228763 234571 228764 
6 : 182372 204725 204727 182385 182387 263302 
6 : 204782 147341 204779 147348 205687 147342 
6 : 110861 137412 204804 110851 110868 137420 
6 : 181517 204802 204803 181521 181523 227362 
6 : 43422 57730 193864 43407 43419 57728 
6 : 164680 155520 204875 155517 164690 155530 
6 : 192914 204928 20136 192915 20134 20137 
6 : 204938 204941 190700 227109 190704 190711 
6 : 77697 76374 204951 76364 77701 76380 
6 : 204953 204945 204958 208153 261652 208159 
6 : 204954 170280 204956 170291 261766 170293 
6 : 70629 174953 63319 70625 63303 63315 
6 : 166244 205016 203208 166252 166243 203221 
6 : 205025 205023 205024 253109 260309 253107 
6 : 36001 205090 150863 36014 35999 150881 
6 : 155857 205118 44458 155867 44448 44465 
6 : 100839 166869 179074 100833 100837 166864 
6 : 205194 205196 94947 258806 94958 94959 
6 : 186102 191179 205233 186099 186107 191184 
6 : 205241 205240 205237 263359 252516 252515 
6 : 205176 93127 187398 93126 187397 93122 
6 : 205250 126508 169882 126512 169888 126503 
6 : 205257 28858 205251 28871 251258 28863 
6 : 171151 205311 196613 171154 171150 196621 
6 : 63664 205314 205318 63666 63669 222000 
6 : 84390 205315 82154 84394 82146 82161 
6 : 205321 66624 90900 66625 90901 66613 
6 : 205325 180443 205328 180446 248435 180449 
6 : 205326 199957 96621 199965 96633 96620 
6 : 185427 177854 98413 177850 98408 98407 
6 : 205332 205341 205337 210654 210650 253881 
6 : 98503 172494 205393 98498 98510 172501 
6 : 97483 205464 205466 97485 97487 218203 
6 : 184784 187064 205462 184783 184785 187065 
6 : 205467 46055 74751 46060 74759 46047 
6 : 205480 190281 101664 190300 101687 101663 
6 : 205494 205498 102987 236670 102992 103001 
6 : 131715 205546 50926 131730 50911 50942 
6 : 205541 205540 205545 227892 241704 227901 
6 : 144779 152451 205548 144773 144780 152452 
6 : 205554 21344 133407 21354 133423 21333 
6 : 205560 205563 189271 231981 189279 189285 
6 : 205573 159802 205578 159809 238831 159813 
6 : 68735 205636 205637 68742 68748 251200 
6 : 122672 205640 46382 122690 46375 46400 
6 : 112379 205654 205655 112394 112395 265457 
6 : 205656 61045 205664 61046 206200 61054 
6 : 205658 105027 25484 105031 25485 25471 
6 : 205698 110212 191031 110217 191035 110211 
6 : 205706 205718 184011 216120 184015 184036 
6 : 24562 184206 205724 24560 24573 184217 
6 : 205758 205763 205759 213698 213695 250392 
6 : 205760 205757 205762 208765 254691 208767 
6 : 186355 205773 205772 186362 186358 234334 
6 : 205838 205836 188603 234234 188619 188614 
6 : 205848 96911 205854 96920 258823 96922 
6 : 205857 205840 205845 219332 247628 219321 
6 : 80078 205861 126228 80083 80070 126234 
6 : 205864 40466 205862 40475 241531 40473 
6 : 205866 93806 73103 93816 73118 73089 
6 : 36557 73341 201501 36544 36556 73340 
6 : 45396 134551 179551 45389 45393 134547 
6 : 125197 205942 19527 125212 19521 19548 
6 : 175311 205987 38588 175319 38584 38604 
6 : 82461 206009 206010 82468 82469 262214 
6 : 68489 206052 161567 68493 68482 161574 
6 : 96912 94697 116024 94685 96907 94688 
6 : 107434 160622 206053 107427 107437 160626 
6 : 108995 163433 150679 108989 108987 150673 
6 : 206065 206061 206060 248426 238463 238457 
6 : 206075 206068 206067 213704 208778 208758 
6 : 97294 157086 206086 97290 97308 157101 
6 : 206122 206120 166303 236932 166317 166308 
6 : 206131 206124 206128 235988 244232 235984 
6 : 7942 206153 206156 7945 7951 249750 
6 : 55316 189443 127578 55314 55306 127575 
6 : 179327 206206 206208 179330 179332 246102 
6 : 205423 206203 206205 205426 205427 239753 
6 : 173761 909 6891 906 6886 891 
6 : 186008 168658 17971 168655 17968 17964 
6 : 206216 206213 200958 237267 200970 200964 
6 : 206227 100405 206220 100416 217648 100408 
6 : 206237 206004 125984 206007 125988 125983 
6 : 206261 206265 128045 229751 128048 128052 
6 : 206262 194390 206260 194393 218470 194392 
6 : 206271 206275 206266 250098 208000 208006 
6 : 206347 206346 194118 253152 194128 194126 
6 : 2313 182430 93969 2311 2300 93965 
6 : 206418 165717 206417 165725 252098 165724 
6 : 61290 206422 126886 61295 61279 126892 
6 : 101405 1867 124432 1855 101397 1859 
6 : 105777 94832 197001 94817 105775 94828 
6 : 95280 206477 206479 95282 95287 216021 
6 : 108513 99002 206480 98995 108521 99006 
6 : 182763 206496 87191 182774 87188 87213 
6 : 206505 206503 73444 256401 73457 73454 
6 : 206550 191071 42206 191085 42226 42203 
6 : 206552 98720 206551 98723 228904 98722 
6 : 206556 206553 182447 243764 182467 182457 
6 : 206557 105951 206563 105953 212989 105964 
6 : 42121 206621 127459 42132 42117 127470 
6 : 206624 46268 140551 46283 140568 46263 
6 : 162872 178016 206640 162869 162884 178029 
6 : 206696 144428 206711 144433 234677 144448 
6 : 34687 206767 50652 34688 34678 50655 
6 : 192534 70007 193865 70004 192530 70005 
6 : 206773 14894 164897 14895 164899 14888 
6 : 206784 194077 131593 194079 131594 131588 
6 : 155255 206831 102327 155258 102322 102331 
6 : 206844 206847 23511 220125 23515 23521 
6 : 206848 206846 151280 235237 151289 151286 
6 : 206849 206854 206853 251661 251660 264022 
6 : 54522 122355 206862 54513 54533 122362 
6 : 206963 206955 206951 257097 235039 235031 
6 : 206484 206996 206995 206491 206488 239526 
6 : 206991 206997 206998 219737 219738 244157 
6 : 207001 207000 184798 214360 184801 184800 
6 : 139711 62539 207017 62532 139722 62555 
6 : 196266 195461 39140 195458 39139 39138 
6 : 207075 207068 164367 219548 164375 164368 
6 : 25141 207079 207086 25149 25156 232516 
6 : 133046 207077 207080 133050 133052 223585 
6 : 190859 207078 207089 190863 190873 230346 
6 : 167907 62768 207093 62763 167915 62772 
6 : 194718 170863 176259 170858 176257 170855 
6 : 35289 63883 207139 35278 35291 63884 
6 : 27195 207164 191603 27198 27193 191613 
6 : 207163 163804 207161 163811 239355 163807 
6 : 207165 196158 207159 196167 218282 196159 
6 : 207218 122280 18297 122283 18302 18287 
6 : 207224 139770 207219 139779 235868 139774 
6 : 17508 207115 182391 17507 17503 182390 
6 : 28708 207240 207245 28711 28719 248292 
6 : 200945 207247 207244 200955 200952 260861 
6 : 207242 199581 207246 199584 254194 199591 
6 : 207288 202801 207286 202813 236834 202809 
6 : 111978 207292 207294 111981 111982 214370 
6 : 207311 105174 207304 105181 231190 105177 
6 : 207371 63717 114977 63724 114988 63709 
6 : 207377 207373 207374 213976 251023 213974 
6 : 207444 207448 207440 246987 221285 221298 
6 : 207451 207457 207450 225708 225010 225021 
6 : 207458 207463 195462 224617 195465 195476 
6 : 206032 74433 207469 74432 206039 74443 
6 : 207471 197548 147870 197559 147882 147869 
6 : 145128 207513 207514 145135 145140 251852 
6 : 207511 110965 207512 110968 237098 110969 
6 : 207527 148922 202585 148930 202595 148921 
6 : 23191 207538 76020 23203 23181 76028 
6 : 60827 207572 160976 60829 60822 160981 
6 : 386 88410 207591 378 401 88430 
6 : 207590 207589 52324 257700 52338 52335 
6 : 207600 207594 207598 235312 264748 235310 
6 : 207650 207652 207648 251404 217060 217070 
6 : 69777 47144 88811 47128 69772 47129 
6 : 207654 207655 85956 238657 85961 85970 
6 : 90056 112177 207732 90049 90065 112189 
6 : 207753 131235 207749 131247 213418 131237 
6 : 207760 207751 207759 234812 261417 234810 
6 : 207807 102948 31573 102966 31593 31564 
6 : 137314 102923 207809 102915 137318 102925 
6 : 207813 159402 207815 159409 263699 159413 
6 : 135652 57407 196841 57396 135649 57405 
6 : 104071 8690 111458 8678 104063 8679 
6 : 207837 7455 207835 7469 257949 7466 
6 : 159291 83077 14316 83073 14304 14296 
6 : 207877 207876 207879 230334 238073 230344 
6 : 119911 207884 207889 119914 119920 229896 
6 : 122356 132470 116168 122344 116160 116162 
6 : 141072 207903 40504 141076 40490 40505 
6 : 207951 207946 207953 223187 261078 223188 
6 : 207955 207954 50174 265201 50192 50190 
6 : 207958 84434 207966 84446 250020 84454 
6 : 207967 112529 206595 112532 206599 112528 
6 : 208031 6625 208030 6640 241341 6634 
6 : 71062 208036 208038 71066 71072 233140 
6 : 208044 159823 31054 159827 31057 31049 
6 : 208049 208048 208042 265574 210657 210656 
6 : 74660 141600 31864 74653 31850 31857 
6 : 208131 125398 108396 125399 108397 108388 
6 : 208150 208145 208157 229963 248091 229973 
6 : 208214 208204 80404 211704 80425 80405 
6 : 137753 141073 208276 137746 137754 141074 
6 : 208281 208277 120731 210043 120744 120733 
6 : 205501 208303 208299 205507 205504 217849 
6 : 47688 98931 88381 47679 47676 88367 
6 : 112530 45795 208353 45790 112535 45807 
6 : 208362 178390 208364 178394 241412 178396 
6 : 107297 208420 208415 107306 107298 213420 
6 : 117068 208422 208419 117078 117074 251303 
6 : 44584 137571 55480 44579 44574 55471 
6 : 202433 31706 162034 31705 162033 31697 
6 : 208507 72425 109285 72429 109288 72414 
6 : 197133 208518 57622 197135 57619 57623 
6 : 208525 208517 86308 212420 86325 86310 
6 : 20055 208558 179819 20057 20054 179823 
6 : 52804 208565 4634 52811 4626 4650 
6 : 112354 208564 44769 112365 44762 44779 
6 : 118874 184883 208562 118872 118879 184892 
6 : 166364 208583 208584 166372 166375 247968 
6 : 208580 120582 174033 120586 174038 120578 
6 : 208582 208585 168568 239985 168575 168582 
6 : 208640 43810 193778 43814 193782 43806 
6 : 169067 208646 32774 169068 32771 32775 
6 : 60439 163534 208717 60435 60445 163537 
6 : 123672 208787 2253 123681 2242 2262 
6 : 132037 208786 202908 132047 132036 202920 
6 : 208792 208791 208798 214369 228963 214374 
6 : 208794 208797 208793 234660 231461 231465 
6 : 208799 83626 208795 83639 241802 83632 
6 : 208806 137480 208808 137485 233870 137491 
6 : 65647 208868 153019 65650 65641 153030 
6 : 152324 208867 208869 152330 152331 259092 
6 : 67098 208889 70148 67107 67088 70164 
6 : 45591 208934 208935 45596 45598 223121 
6 : 208932 208936 208942 209561 209566 236965 
6 : 208937 208943 175168 237996 175175 175187 
6 : 208957 208946 208950 231861 243163 231851 
6 : 191565 87836 137974 87832 137971 87829 
6 : 148256 165569 209025 148253 148260 165572 
6 : 178819 57263 195891 57260 178818 57262 
6 : 209026 86937 28480 86943 28488 28466 
6 : 209032 209039 156505 223119 156508 156526 
6 : 208567 209051 18299 208576 18298 18313 
6 : 96670 208588 209182 96669 96679 208599 
6 : 209197 209193 209194 238421 247170 238416 
6 : 209257 209251 209256 243149 263316 243148 
6 : 12662 209265 209267 12668 12674 253518 
6 : 31492 209263 209262 31501 31500 238802 
6 : 209264 209268 209266 251032 251029 262555 
6 : 99641 209278 209277 99651 99650 255081 
6 : 110322 209290 110711 110334 110315 110724 
6 : 154549 183281 209304 154548 154562 183293 
6 : 172307 209350 134578 172317 134575 134592 
6 : 209347 209349 209342 258382 210908 210909 
6 : 91226 145328 150899 91220 91221 145319 
6 : 200921 209395 34261 200926 34258 34267 
6 : 97587 209413 209399 97605 97588 213881 
6 : 209423 168091 209420 168103 253092 168101 
6 : 47563 209428 209432 47565 47570 214794 
6 : 204695 111795 183012 111793 183010 111790 
6 : 209431 209430 209429 250663 226758 226754 
6 : 168231 209446 79496 168242 79488 79512 
6 : 7289 18127 209472 7273 7299 18148 
6 : 117710 69696 209471 69687 117726 69713 
6 : 24648 209479 200273 24652 24646 200282 
6 : 175076 209477 202802 175083 175074 202812 
6 : 159978 188830 147059 159975 147051 147053 
6 : 209544 94858 175264 94870 175273 94853 
6 : 209552 160793 195732 160798 195738 160790 
6 : 209554 209553 209555 241757 245215 241759 
6 : 14862 197702 209562 14859 14866 197706 
6 : 209574 209575 209578 249864 249868 259902 
6 : 209579 209571 151093 241101 151107 151097 
6 : 34667 205127 151597 34664 34658 151595 
6 : 92858 44190 209616 44177 92862 44201 
6 : 209617 52679 88956 52688 88970 52666 
6 : 162155 21706 140766 21697 140757 21695 
6 : 114533 82008 209701 82004 114537 82012 
6 : 198885 135472 145671 135470 145670 135467 
6 : 136315 207761 21506 136314 21501 21505 
6 : 6627 209723 23072 6630 6616 23076 
6 : 166072 196654 122487 166070 122480 122486 
6 : 89273 209773 209782 89274 89283 216228 
6 : 209780 209776 61901 242760 61917 61911 
6 : 63811 108895 134006 63800 63802 108887 
6 : 120524 209783 193515 120525 120523 193516 
6 : 183993 209847 155783 184006 155778 155799 
6 : 99469 73991 115851 73979 99464 73981 
6 : 209849 107697 209850 107699 235332 107702 
6 : 209854 209853 209851 252342 248731 248728 
6 : 209865 157797 209858 157808 243044 157801 
6 : 186341 186376 95494 186339 95488 95489 
6 : 209925 209924 209929 226940 243031 226945 
6 : 210004 210003 53692 216181 53694 53693 
6 : 210005 210013 210016 217617 217619 262683 
6 : 210010 210011 160640 250998 160653 160654 
6 : 210022 45150 210023 45158 243353 45159 
6 : 69648 210094 210095 69652 69655 233365 
6 : 210098 184635 210093 184645 213939 184637 
6 : 164653 159903 45105 159898 45101 45100 
6 : 210114 119622 55164 119626 55167 55151 
6 : 210115 210117 87192 228082 87196 87201 
6 : 210125 125113 210128 125119 232543 125124 
6 : 133048 173553 207540 133041 133047 173552 
6 : 3274 147894 210190 3270 3283 147912 
6 : 130662 210188 210189 130667 130668 260985 
6 : 210185 210184 166597 229994 166602 166600 
6 : 210186 88411 210187 88417 245190 88421 
6 : 210236 210237 210241 244016 244026 245121 
6 : 210240 210235 210234 241571 224448 224439 
6 : 173528 191414 124761 173526 124753 124758 
6 : 48679 210252 210259 48683 48688 233287 
6 : 190496 210262 210253 190508 190503 244095 
6 : 210311 210309 105078 237196 105088 105079 
6 : 184758 210313 163154 184761 163148 163156 
6 : 210315 166770 61347 166781 61358 61341 
6 : 210322 14923 210325 14930 241740 14932 
6 : 210382 147583 196023 147587 196026 147581 
6 : 210387 210390 210389 257071 257069 260412 
6 : 210407 130041 210409 130043 216518 130047 
6 : 20851 129023 202137 20842 20850 129021 
6 : 210554 210551 210553 239939 256693 239938 
6 : 210628 148270 187243 148275 187245 148268 
6 : 210663 210666 50518 233270 50521 50527 
6 : 138565 151598 205151 138556 138563 151596 
6 : 154652 210708 210709 154656 154657 257268 
6 : 210710 210714 210712 263111 263109 265396 
6 : 210718 23932 194647 23941 194658 23927 
6 : 46819 138511 44803 46814 44784 44792 
6 : 182868 130017 8469 130012 8461 8457 
6 : 51420 210776 210778 51428 51432 258294 
6 : 144021 13201 89449 13195 89443 13188 
6 : 210771 210772 130380 234213 130385 130387 
6 : 210773 210777 92169 244754 92176 92184 
6 : 125369 210780 23665 125371 23656 23670 
6 : 181104 210781 210782 181112 181113 248704 
6 : 210793 210794 210800 226312 226321 229655 
6 : 85678 210839 210838 85688 85685 255958 
6 : 109215 41161 210837 41151 109218 41166 
6 : 78501 210846 144603 78509 78491 144614 
6 : 79413 136504 210841 79404 79415 136509 
6 : 210840 182647 210844 182649 226575 182653 
6 : 174704 92062 210918 92058 174714 92071 
6 : 193583 193292 210927 193289 193593 193303 
6 : 210922 210928 124879 215829 124882 124893 
6 : 210923 210921 197628 212982 197635 197629 
6 : 210925 56597 191205 56602 191214 56593 
6 : 210926 116759 191772 116768 191780 116757 
6 : 19327 195892 211010 19326 19331 195895 
6 : 90035 211015 211009 90041 90036 211559 
6 : 182178 89478 211016 89477 182188 89495 
6 : 211078 39106 211089 39112 236261 39120 
6 : 209791 114116 61632 114115 61631 61624 
6 : 211093 211096 181465 230482 181473 181476 
6 : 211142 26709 211139 26720 226804 26715 
6 : 142652 211149 211152 142654 142658 228453 
6 : 211145 211151 39075 221877 39077 39087 
6 : 211158 161944 211154 161955 224741 161949 
6 : 47997 20764 91919 20749 47986 20755 
6 : 211228 211222 49223 228998 49242 49225 
6 : 211232 52103 56211 52106 56215 52094 
6 : 211285 129914 182488 129921 182493 129909 
6 : 196024 211292 109777 196027 109775 109783 
6 : 78453 211365 211361 78458 78454 220985 
6 : 210172 211393 155038 210182 155037 155048 
6 : 211445 211266 23695 211267 23697 23694 
6 : 208448 211454 211460 208449 208455 220328 
6 : 211459 91420 185370 91426 185377 91417 
6 : 151162 96530 113852 96521 113844 96518 
6 : 204978 6258 89218 6256 89216 6245 
6 : 121732 125280 177975 121719 121724 125276 
6 : 164783 211523 10601 164799 10594 10618 
6 : 70897 194562 211585 70895 70899 194563 
6 : 211584 211588 211587 222364 222363 248217 
6 : 211596 152957 64559 152972 64575 64546 
6 : 211654 211656 211653 255021 250963 250968 
6 : 211666 109022 82846 109029 82861 82835 
6 : 211676 124531 211677 124534 232645 124535 
6 : 121148 211692 211693 121156 121157 265321 
6 : 39953 211734 103577 39955 39945 103578 
6 : 211736 71025 211738 71029 226851 71032 
6 : 211746 21017 211741 21032 252283 21024 
6 : 45652 211408 99951 45651 45638 99950 
6 : 185348 211749 211751 185354 185358 240632 
6 : 211831 211834 129684 258413 129695 129700 
6 : 101113 211896 211893 101121 101115 217567 
6 : 211898 149840 211895 149851 245521 149845 
6 : 99356 67329 211901 67317 99358 67331 
6 : 211903 107474 211902 107483 218074 107476 
6 : 86510 211974 9219 86514 9205 9226 
6 : 211975 163040 211973 163047 242957 163045 
6 : 153156 211990 177976 153163 153151 177988 
6 : 103640 12530 66423 12517 66410 12514 
6 : 212081 150771 212069 150791 225341 150777 
6 : 212124 22413 157838 22422 157853 22411 
6 : 212129 212131 212133 231207 231210 247020 
6 : 22960 174461 91114 22956 22950 91110 
6 : 50726 212191 110588 50728 50721 110592 
6 : 133293 116889 88957 116877 88945 88941 
6 : 198995 212222 195879 198999 195874 195886 
6 : 212261 3344 212257 3356 239129 3347 
6 : 212263 212276 212270 216931 216921 250633 
6 : 75720 112835 142266 75714 75716 112826 
6 : 212327 82965 37242 82971 37246 37228 
6 : 212329 212325 69731 229710 69744 69735 
6 : 113006 212333 20111 113008 20103 20113 
6 : 212335 212340 212339 243962 243961 265251 
6 : 212344 111041 212347 111043 232746 111048 
6 : 63019 133848 197002 63013 63017 133845 
6 : 183690 212390 32164 183695 32158 32171 
6 : 212405 212400 66239 239385 66254 66243 
6 : 132397 124139 212477 124132 132400 124145 
6 : 143120 212478 212475 143126 143121 227889 
6 : 76352 198517 55595 76348 55577 55590 
6 : 111979 212482 212480 111987 111986 241796 
6 : 212509 108926 154576 108932 154584 108916 
6 : 212512 212508 203230 255347 203241 203238 
6 : 141587 105202 212532 105196 141593 105213 
6 : 118272 212603 73603 118275 73598 73617 
6 : 90179 18546 212611 18535 90186 18555 
6 : 70089 212669 32339 70097 32325 32349 
6 : 92756 212672 30192 92758 30179 30196 
6 : 79965 212683 109261 79969 79956 109262 
6 : 119623 212743 159904 119629 119616 159908 
6 : 212750 91450 212739 91470 216069 91452 
6 : 77725 148041 170635 77716 77718 148036 
6 : 212773 212774 164473 237406 164479 164480 
6 : 212809 212808 212810 239450 249040 239451 
6 : 212814 212820 98033 219207 98035 98037 
6 : 212845 212835 212836 251937 252853 251931 
6 : 167524 29408 198690 29401 167520 29404 
6 : 212873 212869 203072 234789 203080 203073 
6 : 191011 212898 29375 191018 29368 29386 
6 : 33906 212908 159750 33919 33901 159769 
6 : 212901 212899 116170 214224 116181 116171 
6 : 212912 212921 212911 234470 225662 225673 
6 : 212915 212917 212920 244212 244214 248570 
6 : 212965 137172 19213 137174 19214 19203 
6 : 212969 175513 93970 175528 93984 93962 
6 : 10448 164387 212974 10443 10454 164395 
6 : 212971 212980 212977 230688 230686 246070 
6 : 213027 157008 92143 157010 92146 92136 
6 : 213041 89726 6093 89735 6102 6077 
6 : 95440 161239 213059 95434 95449 161251 
6 : 213104 140125 133568 140132 133580 133555 
6 : 23696 19068 122852 19054 23685 19060 
6 : 46241 213176 213178 46253 46254 262721 
6 : 126077 213231 213230 126084 126083 259040 
6 : 213228 50875 213232 50882 246618 50884 
6 : 28108 213245 213237 28121 28111 225657 
6 : 47618 120734 213261 47610 47620 120736 
6 : 213267 90281 213262 90290 226744 90284 
6 : 213298 213300 176480 237288 176485 176488 
6 : 213309 213307 35209 228034 35215 35213 
6 : 213376 171213 213378 171218 247298 171219 
6 : 213451 213450 213454 225513 232418 225517 
6 : 120300 110689 55596 110685 55582 55580 
6 : 208468 47235 213474 47234 208471 47239 
6 : 207603 184464 201691 184461 201689 184460 
6 : 213596 213595 18733 255751 18747 18743 
6 : 122097 164591 158452 122088 122087 158447 
6 : 161211 72108 119753 72098 119739 72093 
6 : 213675 189614 102054 189622 102065 102049 
6 : 182869 213676 213677 182870 182872 223120 
6 : 210736 213682 54787 210745 54786 54798 
6 : 213689 213684 30670 240453 30684 30676 
6 : 169589 172188 213706 169583 169608 172207 
6 : 185460 213738 213740 185469 185471 253278 
6 : 213741 144122 213743 144138 263832 144143 
6 : 15819 28171 204541 15809 15818 28170 
6 : 189160 213762 213752 189174 189161 214091 
6 : 213760 213753 87620 227005 87636 87621 
6 : 196011 20681 164900 20678 164895 20674 
6 : 105393 213812 213818 105396 105404 242941 
6 : 213813 181858 208064 181868 208072 181857 
6 : 213822 213825 213827 239658 239659 257629 
6 : 159688 73839 15704 73834 15695 15689 
6 : 213833 185283 187834 185289 187836 185279 
6 : 199471 76376 168528 76372 168525 76369 
6 : 213884 213890 213887 220411 220409 250361 
6 : 213903 213900 213902 231626 246472 231617 
6 : 149757 93830 213920 93821 149761 93832 
6 : 195691 213947 188185 195695 188181 188189 
6 : 211764 213961 213958 211773 211768 236403 
6 : 45937 213981 213972 45953 45944 239121 
6 : 213967 213978 8625 219327 8626 8645 
6 : 214028 214026 161169 223772 161180 161172 
6 : 214032 186531 214035 186539 245342 186547 
6 : 96426 174298 87447 96422 87431 87439 
6 : 214093 20556 183376 20557 183378 20550 
6 : 214117 214114 143373 258145 143392 143389 
6 : 214177 138899 214171 138910 231338 138901 
6 : 214183 55317 214184 55322 259354 55325 
6 : 158830 214195 214194 158838 158837 248807 
6 : 214193 214188 188098 240868 188108 188104 
6 : 39509 214249 214251 39511 39512 222676 
6 : 214261 214263 197088 224422 197092 197096 
6 : 214262 82057 122628 82059 122633 82048 
6 : 104151 163512 110264 104148 104144 110258 
6 : 140860 130839 187087 130828 140856 130832 
6 : 206428 70785 155281 70783 155279 70777 
6 : 214323 122673 214327 122685 249808 122691 
6 : 214332 214336 15850 251875 15863 15873 
6 : 214335 103938 214329 103951 237925 103940 
6 : 169203 214349 214344 169217 169214 259754 
6 : 214343 214337 214340 244514 256296 244509 
6 : 144408 204209 214355 144405 144416 204216 
6 : 147563 57595 172790 57585 147557 57589 
6 : 173122 214400 214402 173130 173134 252457 
6 : 14088 116761 124881 14076 14078 116753 
6 : 214423 214422 58673 229833 58680 58676 
6 : 164057 101186 214532 101181 164070 101204 
6 : 214527 207557 183377 207559 183379 183375 
6 : 163779 214534 131813 163780 131804 131814 
6 : 78961 214541 214544 78966 78972 237161 
6 : 124354 202943 140015 124352 124345 140013 
6 : 134990 214632 57475 134991 57461 57477 
6 : 214633 178141 214634 178143 225733 178144 
6 : 82135 7160 60072 7149 60061 7146 
6 : 185226 213311 17973 185225 17966 17972 
6 : 214667 193705 214665 193712 237268 193708 
6 : 214675 214673 39260 254156 39270 39268 
6 : 197654 53399 214685 53396 197664 53407 
6 : 208648 214684 157528 208652 157527 157537 
6 : 175606 82396 214690 82389 175611 82405 
6 : 191548 214711 156106 191561 156104 156125 
6 : 214736 88725 214739 88731 253617 88735 
6 : 151265 114933 84051 114928 84045 84044 
6 : 201435 214754 214753 201443 201441 253674 
6 : 17619 11949 111344 11932 17610 11937 
6 : 105752 214801 214802 105760 105762 260908 
6 : 209001 207022 200294 207019 200293 200292 
6 : 214808 214813 64527 250681 64532 64538 
6 : 136349 171660 214822 136346 136367 171671 
6 : 214830 184866 150651 184871 150661 150648 
6 : 180853 40127 171566 40123 171564 40120 
6 : 214868 3688 214867 3698 249781 3697 
6 : 110070 214873 132896 110076 110065 132906 
6 : 134036 44002 73215 43996 73209 43991 
6 : 181008 192955 214932 181005 181009 192957 
6 : 214933 105551 214934 105555 223051 105557 
6 : 214941 214943 214942 252372 252371 257194 
6 : 214947 52193 214944 52209 263429 52205 
6 : 40605 57009 214950 40591 40612 57011 
6 : 98661 214134 214954 98660 98669 214140 
6 : 157308 214956 113662 157317 113653 113671 
6 : 6804 145256 215002 6792 6811 145270 
6 : 214998 214999 196466 227670 196469 196475 
6 : 215005 215006 215010 222359 222366 222787 
6 : 26650 213185 180692 26648 26640 180690 
6 : 215069 215072 39235 230867 39237 39241 
6 : 215075 215071 2089 246921 2109 2097 
6 : 215084 36027 215076 36040 217354 36028 
6 : 211564 187485 201537 187483 201536 187481 
6 : 213049 215094 154490 213056 154489 154497 
6 : 146285 215150 215149 146298 146295 262676 
6 : 194291 202969 64305 194290 64299 64302 
6 : 215146 21184 215141 21191 230122 21188 
6 : 4911 215153 215156 4912 4917 222728 
6 : 153343 190925 47005 153339 46991 46995 
6 : 215151 134285 215155 134286 217765 134290 
6 : 8876 44050 128693 8859 8866 44040 
6 : 102597 215184 131055 102615 102590 131076 
6 : 215210 215212 215215 227614 227617 229123 
6 : 215217 193196 215216 193210 260558 193208 
6 : 173909 215224 215222 173914 173910 248281 
6 : 215221 215107 48925 215114 48934 48924 
6 : 213557 215297 215302 213568 213571 252506 
6 : 215344 215340 203888 231192 203899 203892 
6 : 215354 215351 215355 247666 259079 247669 
6 : 172477 8241 87361 8238 87355 8231 
6 : 175483 58365 215360 58361 175486 58368 
6 : 142378 215372 75758 142380 75745 75760 
6 : 164667 215368 151094 164668 151087 151095 
6 : 185058 215408 29746 185059 29739 29747 
6 : 162905 152549 186712 152541 162901 152544 
6 : 185040 165477 205947 165471 185037 165476 
6 : 208722 215413 215416 208724 208728 243234 
6 : 185823 87193 215425 87189 185830 87205 
6 : 215479 215488 215481 248891 248885 254031 
6 : 215486 215484 215483 256446 255185 255181 
6 : 215504 145257 215505 145266 260990 145271 
6 : 215545 167928 215547 167935 247465 167950 
6 : 171889 81348 215554 81341 171901 81364 
6 : 215567 215570 215558 259554 219517 219521 
6 : 215622 215624 215633 217036 217051 230586 
6 : 215638 57332 36784 57344 36793 36757 
6 : 200930 74143 215641 74140 200933 74147 
6 : 134220 215711 215707 134237 134228 237158 
6 : 215716 212864 215715 212870 227593 212867 
6 : 215719 145041 58291 145056 58307 58286 
6 : 145025 215729 178607 145030 145019 178617 
6 : 215731 215313 215726 215324 246816 215319 
6 : 78755 215785 206597 78756 78752 206598 
6 : 214118 215787 215788 214121 214122 224435 
6 : 190027 215821 215818 190046 190044 265327 
6 : 149217 215865 206395 149220 149216 206401 
6 : 2868 155999 100438 2862 2857 100428 
6 : 196424 215931 42181 196426 42178 42182 
6 : 167821 92931 172041 92925 167817 92926 
6 : 215935 84801 215937 84805 223640 84806 
6 : 215964 205989 159261 206000 159280 159258 
6 : 143631 216007 33489 143639 33485 33502 
6 : 147212 216010 123365 147221 123358 123378 
6 : 197358 216008 57058 197364 57055 57067 
6 : 216014 216012 129492 252168 129498 129495 
6 : 216016 70847 162114 70861 162125 70841 
6 : 96721 164413 216100 96714 96728 164425 
6 : 81185 216126 216121 81192 81186 216728 
6 : 80041 54214 105833 54199 80033 54202 
6 : 216144 64593 129377 64602 129383 64582 
6 : 216202 182582 41625 182585 41628 41621 
6 : 214546 216209 160836 214552 160835 160846 
6 : 76100 216238 73216 76110 73201 73224 
6 : 216237 208230 74435 208241 74448 74434 
6 : 173780 8319 216276 8314 173791 8334 
6 : 216277 216274 216278 260346 264433 260347 
6 : 216280 216282 103608 225622 103610 103618 
6 : 130338 112957 73104 112945 73095 73092 
6 : 197835 216285 126230 197840 126226 126233 
6 : 216343 216350 216346 222616 222613 262220 
6 : 216344 216345 172213 233354 172215 172218 
6 : 216379 216385 86615 222253 86618 86631 
6 : 7775 216417 216418 7781 7782 261166 
6 : 80081 92064 174677 80067 80074 92057 
6 : 216419 76152 40469 76153 40470 40453 
6 : 216429 203344 216421 203355 226153 203348 
6 : 7896 216435 173870 7907 7892 173886 
6 : 216432 216430 206885 231122 206904 206892 
6 : 170346 40736 91798 40728 91793 40721 
6 : 1847 154535 127075 1841 1839 127067 
6 : 84623 165783 202686 84616 84620 165780 
6 : 104301 55980 216476 55969 104305 55981 
6 : 216488 15706 181405 15709 181412 15697 
6 : 80754 110265 216496 80745 80756 110267 
6 : 216512 216511 131163 261049 131182 131180 
6 : 120540 216532 216527 120545 120541 234596 
6 : 216533 188501 11220 188515 11236 11215 
6 : 172851 216534 205519 172853 172848 205521 
6 : 113007 216552 12758 113015 12743 12769 
6 : 216548 216551 216550 239554 239553 248203 
6 : 67778 216610 87109 67783 67768 87114 
6 : 212849 23193 216632 23192 212862 23207 
6 : 216648 203213 99435 203225 99449 99432 
6 : 108849 112780 216679 108839 108858 112793 
6 : 204224 79368 131614 79364 131611 79355 
6 : 216672 216671 163822 243591 163830 163828 
6 : 178102 216684 216680 178108 178106 225650 
6 : 37758 119225 157047 37750 37753 119217 
6 : 91275 193054 58572 91272 58552 58568 
6 : 216691 170950 104958 170952 104963 104951 
6 : 97983 112685 189528 97973 97978 112680 
6 : 153172 87942 93044 87933 93031 87929 
6 : 69317 211865 166305 69316 69310 166304 
6 : 216809 216805 186026 228097 186037 186027 
6 : 189689 216860 161859 189690 161854 161861 
6 : 216864 216867 216863 249007 248866 248871 
6 : 216865 216866 197722 255308 197733 197738 
6 : 216868 216858 119532 224746 119549 119534 
6 : 140170 91421 179821 91411 140166 91416 
6 : 216886 216891 65292 222279 65294 65307 
6 : 216892 216887 216896 223012 249819 223020 
6 : 216935 216934 42595 248638 42601 42599 
6 : 216939 216945 147061 225606 147063 147072 
6 : 206693 216954 216949 206703 206700 250654 
6 : 216950 216956 145069 251378 145079 145087 
6 : 81594 216959 56334 81598 56321 56336 
6 : 216998 135153 33423 135154 33427 33406 
6 : 150303 184093 167745 150297 150295 167739 
6 : 217025 57732 216362 57735 216364 57731 
6 : 217040 100407 217044 100412 241302 100413 
6 : 29800 163341 217074 29794 29808 163348 
6 : 217075 217071 217072 225305 242412 225301 
6 : 94443 217080 7700 94448 7686 7703 
6 : 217079 197614 210137 197618 210141 197610 
6 : 168492 217088 44334 168495 44325 44340 
6 : 217099 131239 176385 131246 176393 131231 
6 : 217146 217142 206886 230395 206896 206890 
6 : 217153 217151 149335 255978 149351 149347 
6 : 217159 91422 217157 91434 259687 91429 
6 : 217163 538 37703 542 37704 525 
6 : 198759 69415 217174 69413 198769 69424 
6 : 9541 194391 50876 9538 9525 50872 
6 : 204295 210810 110491 204294 110488 110489 
6 : 64069 217305 217309 64074 64078 250570 
6 : 217013 217312 61635 217015 61634 61639 
6 : 193089 217371 217364 193097 193092 250243 
6 : 217360 144455 31433 144457 31434 31424 
6 : 217368 217366 217367 253949 256656 253948 
6 : 217326 124994 206397 124993 206396 124991 
6 : 76154 217406 174679 76155 76147 174680 
6 : 217441 107345 198038 107358 198051 107340 
6 : 110239 217445 217449 110244 110254 245969 
6 : 85730 29474 15552 29459 15531 15525 
6 : 217467 217473 29411 254228 29416 29421 
6 : 169168 217585 217589 169170 169173 250319 
6 : 169574 26582 217592 26575 169582 26588 
6 : 217600 217601 217602 232136 232141 237919 
6 : 217605 217606 173945 256677 173953 173954 
6 : 217668 161053 107399 161060 107408 107393 
6 : 217671 217663 217669 247995 259213 247994 
6 : 36521 217677 24735 36526 24711 24746 
6 : 217738 217735 149726 260653 149746 149740 
6 : 28523 217749 217740 28531 28524 219974 
6 : 217757 217761 217759 260681 260680 265112 
6 : 48290 132161 47236 48279 47217 47226 
6 : 168164 92541 209948 92534 168162 92537 
6 : 217806 217802 188608 230178 188617 188611 
6 : 154203 133764 167328 133757 154198 133758 
6 : 120176 142669 217859 120172 120178 142676 
6 : 214631 69237 217858 69236 214637 69241 
6 : 217869 217863 151215 220756 151225 151218 
6 : 132898 217937 187882 132907 132893 187893 
6 : 217935 217938 144716 224850 144719 144732 
6 : 41698 163486 5941 41693 5926 5936 
6 : 217950 8747 217946 8763 250667 8755 
6 : 212159 67619 174035 67618 174034 67612 
6 : 218015 162306 113663 162310 113666 113655 
6 : 218017 90845 51503 90850 51511 51487 
6 : 78596 204751 218021 78593 78598 204758 
6 : 29212 218086 165598 29226 29208 165609 
6 : 99528 56147 143052 56137 99520 56140 
6 : 166073 218097 144932 166074 144926 144935 
6 : 210556 218103 218100 210568 210563 253186 
6 : 85789 218144 59980 85792 59971 59986 
6 : 218147 43293 218149 43307 264148 43309 
6 : 218153 218151 209964 224146 209972 209968 
6 : 218154 218156 106677 235418 106682 106687 
6 : 218165 218161 81051 247556 81060 81055 
6 : 35392 218214 218216 35393 35394 239354 
6 : 206382 218217 218219 206389 206393 257481 
6 : 176937 157453 55741 157447 55734 55731 
6 : 205137 142737 218222 142736 205143 142744 
6 : 218225 218226 130502 261751 130514 130515 
6 : 151144 201692 162329 151141 151138 162321 
6 : 207386 142687 93405 142686 93401 93390 
6 : 218229 146619 217327 146622 217329 146618 
6 : 218242 218240 218239 248850 240165 240164 
6 : 1390 218290 113553 1395 1381 113564 
6 : 218288 218294 121796 239846 121801 121816 
6 : 218299 5942 218303 5948 253327 5952 
6 : 218302 218300 141338 255595 141348 141345 
6 : 155581 21838 213618 21825 155579 21836 
6 : 131875 132824 72959 131867 72944 72945 
6 : 218355 218354 218353 263941 263257 263255 
6 : 75521 181467 218361 75517 75535 181483 
6 : 211091 89727 218357 89725 211092 89729 
6 : 128136 218369 218366 128148 128146 261047 
6 : 137900 124831 107138 124820 107124 107122 
6 : 77056 218414 158324 77063 77050 158339 
6 : 218434 218435 218439 259380 259384 259391 
6 : 22812 207614 218478 22810 22814 207616 
6 : 183814 209868 156480 183812 156475 156479 
6 : 194539 218485 181758 194540 181756 181760 
6 : 218486 186730 72824 186735 72829 72819 
6 : 116865 149110 66829 116860 66817 66825 
6 : 199010 148188 75015 148186 75012 75007 
6 : 47807 47590 218546 47573 47810 47597 
6 : 173988 218551 80639 173990 80634 80641 
6 : 218548 217518 218553 217519 219007 217522 
6 : 64369 71708 143571 64360 64366 71698 
6 : 127513 11633 206371 11624 127510 11632 
6 : 148573 190961 201672 148571 148572 190957 
6 : 212217 218605 160982 212226 160978 160994 
6 : 218637 208740 118896 208749 118902 118893 
6 : 28603 218645 218647 28606 28607 246658 
6 : 218641 218643 218646 223243 223248 234125 
6 : 151250 15505 218650 15493 151256 15511 
6 : 167476 218648 173572 167477 167473 173573 
6 : 80806 218702 218689 80820 80807 222759 
6 : 53284 165519 218717 53281 53293 165534 
6 : 79672 179172 104959 79670 79664 104954 
6 : 218720 115757 213085 115759 213089 115755 
6 : 150304 216363 218774 150302 150307 216366 
6 : 121385 98359 218788 98351 121395 98372 
6 : 124995 218787 218786 125005 125001 241366 
6 : 218784 7624 184651 7626 184652 7620 
6 : 218785 16278 85358 16280 85359 16262 
6 : 183264 187297 91184 183259 91177 91180 
6 : 218790 218793 25925 224982 25928 25933 
6 : 218806 68849 71386 68858 71398 68835 
6 : 218842 191342 218844 191346 257501 191352 
6 : 34747 58427 212784 34735 34746 58426 
6 : 218845 68300 218848 68301 233304 68307 
6 : 218918 218921 218922 239465 239466 261631 
6 : 218919 218923 120367 245634 120377 120385 
6 : 142134 204588 78831 142132 78826 78828 
6 : 86578 218964 101188 86589 86569 101200 
6 : 200852 163365 156601 163363 156597 156592 
6 : 123565 218991 126621 123566 123555 126622 
6 : 128315 219004 190269 128319 128312 190272 
6 : 189377 216981 185350 189376 185346 185349 
6 : 219055 219061 219059 228942 228941 242849 
6 : 44530 68435 21376 44506 21357 21360 
6 : 173946 147494 23851 147490 23847 23843 
6 : 57704 161524 212008 57701 57703 161523 
6 : 219122 62514 125115 62519 125121 62505 
6 : 219131 134738 219126 134754 241529 134744 
6 : 148503 118295 114572 118287 114563 114562 
6 : 219197 219191 113207 237844 113226 113211 
6 : 41975 219203 156621 41985 41971 156635 
6 : 219260 219262 219263 246679 246681 265334 
6 : 219265 155339 110112 155343 110115 110106 
6 : 219266 219273 219264 230824 221078 221087 
6 : 57805 219277 219282 57807 57815 228944 
6 : 219336 219337 219344 226255 226268 226872 
6 : 219351 116605 219346 116617 226435 116606 
6 : 219354 16244 31865 16252 31876 16232 
6 : 69385 204451 42789 69384 42771 42786 
6 : 125566 165934 219403 125556 125569 165936 
6 : 43860 92984 219413 43852 43867 92994 
6 : 219466 206643 45840 206646 45843 45836 
6 : 165663 114188 130814 114181 130812 114177 
6 : 97591 19182 219474 19169 97596 19186 
6 : 195942 218901 219473 195941 195945 218908 
6 : 80288 213708 219501 80287 80293 213714 
6 : 219516 82884 66986 82888 66994 66962 
6 : 216771 219525 219529 216774 216778 249712 
6 : 219527 90230 132734 90234 132738 90219 
6 : 207023 191111 23514 191108 23512 23508 
6 : 219536 219543 219538 225283 225278 251259 
6 : 193988 219547 165831 193991 165825 165836 
6 : 219593 219592 219594 239358 261040 239363 
6 : 102150 206800 200981 102148 102147 200976 
6 : 2774 219656 219653 2782 2776 220641 
6 : 114411 219665 121648 114415 114403 121656 
6 : 150652 145228 121091 145222 121082 121081 
6 : 163885 192004 45268 163881 45257 45261 
6 : 219720 138031 219726 138033 237962 138042 
6 : 25863 16815 219728 16804 25870 16822 
6 : 219727 219729 136912 248796 136915 136917 
6 : 156663 219734 62936 156666 62929 62940 
6 : 168616 184299 93007 168614 93001 93003 
6 : 86799 78550 121670 78536 86793 78541 
6 : 219781 179885 219779 179890 223010 179886 
6 : 146096 197799 219797 146093 146108 197811 
6 : 219793 160838 219794 160847 259222 160848 
6 : 219832 147365 164218 147370 164223 147356 
6 : 219868 219869 147695 260169 147707 147710 
6 : 12996 219296 58254 12995 12980 58253 
6 : 219875 219884 66000 256215 66007 66018 
6 : 219916 219917 145286 247987 145292 145294 
6 : 136507 219923 115107 136514 115095 115114 
6 : 132181 50053 88641 50042 88628 50036 
6 : 219978 177218 193760 177225 193768 177215 
6 : 219979 154142 152180 154152 152189 152168 
6 : 179622 175650 102472 175641 102463 102462 
6 : 219985 219987 63075 251611 63083 63087 
6 : 154737 219990 220000 154738 154745 223061 
6 : 219997 219999 219998 264475 264473 264983 
6 : 220055 220057 129259 263174 129274 129277 
6 : 35352 220066 154491 35360 35338 154500 
6 : 28110 220071 8322 28113 8300 8323 
6 : 76932 220079 220069 76945 76933 225659 
6 : 50153 24125 28930 24109 28902 24106 
6 : 96533 220093 220091 96541 96539 226977 
6 : 204668 42417 220094 42413 204673 42420 
6 : 112977 208310 26384 112975 26374 26381 
6 : 186445 15338 215765 15330 186444 15337 
6 : 205794 197950 36094 197947 36092 36091 
6 : 107868 169885 180075 107861 107862 169881 
6 : 218549 50491 220173 50490 218550 50493 
6 : 200587 213765 185526 200586 185521 185524 
6 : 220181 220184 151165 226481 151168 151177 
6 : 92273 220192 220195 92280 92283 260967 
6 : 220231 132039 6414 132041 6418 6402 
6 : 220250 142362 78702 142368 78713 78690 
6 : 186457 97511 220259 97509 186470 97522 
6 : 44631 220264 27148 44637 27132 27160 
6 : 210102 220263 151538 210105 151537 151541 
6 : 113049 159648 97884 113042 97861 97869 
6 : 218019 220279 186904 218024 186902 186914 
6 : 38335 62011 71783 38325 38326 61993 
6 : 201398 94053 211866 94050 201396 94052 
6 : 220311 220310 210330 239473 210341 210334 
6 : 220330 30892 220326 30900 252019 30896 
6 : 220341 220337 140938 229076 140944 140940 
6 : 220387 220386 142299 244211 142305 142304 
6 : 202098 32166 200297 32161 200291 32160 
6 : 220397 220403 78413 242624 78416 78425 
6 : 220399 68000 214774 68005 214778 67998 
6 : 48744 181860 220414 48739 48750 181869 
6 : 56258 23320 220465 23305 56265 23330 
6 : 220463 169777 220462 169786 243419 169784 
6 : 220476 220475 116257 257430 116264 116263 
6 : 220477 220473 220472 238662 235772 235767 
6 : 220486 220484 206034 256961 206049 206044 
6 : 220524 220523 220520 260408 241013 241012 
6 : 220526 220532 120828 226708 120830 120837 
6 : 133187 220543 173848 133197 133183 173858 
6 : 79308 216122 220579 79307 79313 216125 
6 : 220650 70923 220651 70924 233812 70925 
6 : 220660 220664 213334 257432 213342 213347 
6 : 220662 156370 220659 156380 256657 156378 
6 : 155823 220669 220665 155828 155824 223447 
6 : 198180 162519 163747 162514 163744 162509 
6 : 220721 194051 172387 194062 172397 172383 
6 : 220723 12725 212981 12726 212985 12724 
6 : 220724 220727 107477 244375 107481 107485 
6 : 19928 220777 220782 19930 19940 242262 
6 : 164876 220779 220776 164885 164878 234806 
6 : 170175 53830 60047 53824 60041 53811 
6 : 57030 220843 125300 57040 57023 125311 
6 : 44718 220846 220848 44722 44727 240378 
6 : 121625 204589 187246 121623 121622 187241 
6 : 142135 220845 210894 142140 142133 210899 
6 : 160956 9575 220852 9566 160959 9578 
6 : 178007 220858 82428 178011 82418 82438 
6 : 220862 168804 131785 168807 131787 131780 
6 : 103204 13394 83437 13381 83425 13379 
6 : 68023 197814 220911 68018 68030 197821 
6 : 220906 207625 220913 207628 234776 207644 
6 : 184264 207263 220938 184262 184271 207271 
6 : 40442 220970 199266 40449 40439 199281 
6 : 47540 217990 179112 47539 47532 179111 
6 : 851 220973 201906 854 850 201913 
6 : 132257 218396 118346 132256 118337 118345 
6 : 221025 221022 221020 252020 228912 228907 
6 : 175788 221028 221035 175790 175795 228955 
6 : 175913 221086 221081 175923 175917 242644 
6 : 137025 221096 44003 137032 43997 44013 
6 : 221094 196579 73217 196586 73223 73213 
6 : 205129 216184 160646 205128 160638 160641 
6 : 49628 215670 221130 49627 49641 215683 
6 : 24798 221145 177938 24805 24792 177946 
6 : 201476 221146 136613 201483 136611 136627 
6 : 173273 221151 214069 173279 173271 214080 
6 : 221238 71196 221243 71201 250911 71208 
6 : 33972 86554 221254 33960 33977 86558 
6 : 221301 221303 221302 244296 244294 245160 
6 : 221309 78046 221310 78051 256647 78054 
6 : 213610 54306 45974 54305 45972 45955 
6 : 221321 221320 175707 254925 175714 175713 
6 : 113855 221344 221351 113862 113869 242160 
6 : 204670 221352 221346 204680 204677 255476 
6 : 211993 221347 221345 212004 212001 253040 
6 : 141813 221386 221380 141824 141818 255153 
6 : 221378 28328 113914 28329 113917 28312 
6 : 221381 221387 221383 259914 259910 262395 
6 : 221410 221411 147173 251299 147177 147179 
6 : 221419 221408 7162 234908 7177 7166 
6 : 85403 125966 199982 85396 85402 125964 
6 : 155921 221461 221460 155925 155924 252846 
6 : 164474 221454 221455 164475 164477 226004 
6 : 105629 213478 215750 105627 105628 213477 
6 : 221518 221519 221523 243758 243761 254888 
6 : 29657 171474 114369 29653 29647 114360 
6 : 194052 221588 221586 194057 194055 242775 
6 : 221598 94179 221602 94185 249728 94190 
6 : 221601 129894 207787 129903 207795 129890 
6 : 204719 30748 112047 30746 112046 30734 
6 : 205768 221646 173294 205775 173291 173315 
6 : 221643 221647 221645 238317 238316 254670 
6 : 148674 221654 221653 148682 148681 263010 
6 : 221650 191185 209075 191187 209077 191180 
6 : 221663 221659 190343 249091 190355 190350 
6 : 158006 221716 48050 158009 48041 48051 
6 : 165057 11976 221717 11970 165063 11985 
6 : 221719 137044 182881 137051 182889 137039 
6 : 221795 221798 213619 248980 213624 213625 
6 : 5532 196690 210359 5527 5530 196688 
6 : 221861 56065 124558 56083 124584 56056 
6 : 220080 221926 33280 220081 33279 33281 
6 : 222006 205290 222004 205308 263554 205306 
6 : 217511 116763 160817 116762 160816 116756 
6 : 44586 196894 222100 44583 44590 196896 
6 : 67371 159222 59809 67366 59792 59801 
6 : 96536 145072 210430 96520 96529 145066 
6 : 157180 222139 179728 157187 157178 179740 
6 : 222136 222137 184116 234002 184121 184123 
6 : 31475 222212 222210 31481 31479 258904 
6 : 222211 139285 175267 139298 175277 139277 
6 : 208569 188538 222231 188536 208579 188550 
6 : 189591 181737 206104 181728 189587 181734 
6 : 222261 222265 80668 259152 80679 80683 
6 : 67032 222268 25213 67034 25194 25217 
6 : 142249 222335 173489 142251 142241 173493 
6 : 218356 15004 161343 15003 161342 14997 
6 : 222349 70848 222343 70857 226621 70849 
6 : 84009 172573 134312 84004 84000 134302 
6 : 203619 222415 222409 203626 203622 236705 
6 : 10064 222421 156797 10066 10058 156803 
6 : 222419 222420 208090 244424 208095 208096 
6 : 97842 91455 176387 91436 97835 91445 
6 : 181818 194098 222486 181812 181825 194109 
6 : 222500 216553 195310 216556 195313 195309 
6 : 222526 222527 181128 244732 181130 181131 
6 : 22733 207541 222535 22730 22737 207546 
6 : 22342 129713 108561 22333 22329 108553 
6 : 116237 145026 11033 116227 11022 11025 
6 : 222548 222549 156001 261017 156011 156013 
6 : 108235 216826 219764 108233 108234 216825 
6 : 190479 113830 77105 113828 77100 77092 
6 : 222604 222611 57435 223978 57436 57447 
6 : 154164 222641 222634 154174 154166 235774 
6 : 219659 218557 72428 218556 72427 72426 
6 : 222701 222703 152395 229136 152396 152405 
6 : 101032 222719 222716 101045 101041 254826 
6 : 222732 6221 222748 6222 227829 6232 
6 : 222773 84836 147257 84840 147261 84827 
6 : 222777 204421 214562 204431 214568 204420 
6 : 45939 222843 219317 45943 45938 219320 
6 : 222845 94698 222847 94703 256958 94708 
6 : 52652 184446 168844 52647 52643 168839 
6 : 162457 214050 222908 162456 162460 214065 
6 : 179792 109637 217053 109631 179791 109636 
6 : 222911 15229 170369 15230 170371 15221 
6 : 199869 78803 109909 78799 109905 78790 
6 : 222920 159825 222927 159826 225247 159837 
6 : 124140 222958 111677 124146 111660 111682 
6 : 222957 12838 199983 12845 199990 12834 
6 : 222959 222954 182038 230076 182049 182039 
6 : 222978 185462 222970 185475 253526 185470 
6 : 158090 223032 223027 158096 158092 240062 
6 : 223031 195087 223028 195095 243424 195091 
6 : 223035 36716 223033 36722 238470 36720 
6 : 150974 223049 206910 150987 150971 206925 
6 : 222673 223039 146971 222675 146970 146977 
6 : 223043 97205 195394 97211 195402 97199 
6 : 223088 223090 223085 265107 247076 247077 
6 : 187068 223092 223094 187071 187072 234741 
6 : 116342 116818 223143 116336 116343 116819 
6 : 121710 132920 128461 121704 121703 128454 
6 : 223147 96537 184117 96538 184119 96524 
6 : 223155 223161 75050 224214 75051 75056 
6 : 223163 223159 180718 247356 180724 180720 
6 : 167748 119365 193867 119356 167741 119359 
6 : 223227 33380 223218 33397 231707 33382 
6 : 117441 80256 160220 80249 117436 80251 
6 : 152826 223285 223284 152830 152828 241392 
6 : 223288 142225 223290 142227 236014 142230 
6 : 157500 223299 71878 157509 71870 71897 
6 : 183953 223300 215846 183961 183952 215861 
6 : 188402 223353 191020 188408 188400 191023 
6 : 223365 223370 223367 249534 249530 255612 
6 : 84887 119852 135724 84876 84877 119840 
6 : 103061 223426 73605 103070 73597 73623 
6 : 223431 63858 203969 63866 203978 63855 
6 : 213530 42754 223436 42749 213536 42758 
6 : 26048 59352 183064 26034 26047 59349 
6 : 217452 223471 164531 217455 164529 164534 
6 : 223488 83660 223475 83671 229254 83662 
6 : 223495 213794 88136 213801 88145 88134 
6 : 223569 223570 89450 254048 89460 89461 
6 : 129092 223582 122853 129101 122840 122872 
6 : 213270 108376 75466 108374 75465 75446 
6 : 201031 163994 223622 163990 201032 163995 
6 : 215237 150582 189278 150577 189274 150572 
6 : 112710 124287 123098 112698 112697 123085 
6 : 79995 171938 169228 79988 79987 169219 
6 : 223686 215517 223685 215522 239066 215520 
6 : 13452 165382 68625 13446 13440 68616 
6 : 223737 76990 102330 76991 102337 76970 
6 : 27366 223805 170437 27372 27363 170449 
6 : 22991 223862 210864 22994 22987 210872 
6 : 223867 165786 204469 165792 204475 165781 
6 : 223926 223924 191525 243468 191535 191530 
6 : 91997 142805 118781 91991 91990 118772 
6 : 144839 223934 223938 144849 144853 254019 
6 : 223941 223954 158351 236707 158355 158370 
6 : 134203 2226 223998 2207 134206 2228 
6 : 129816 31056 224018 31046 129827 31070 
6 : 202235 197634 224059 197626 202237 197641 
6 : 224065 224067 224063 255750 247739 247745 
6 : 43399 5365 224073 5353 43402 5372 
6 : 186769 195513 97818 186766 97816 97817 
6 : 41998 118899 224116 41988 42002 118901 
6 : 100117 38875 224121 38858 100131 38887 
6 : 114661 224126 149233 114664 114655 149244 
6 : 224124 220764 104476 220767 104479 104475 
6 : 108429 97206 206912 97194 108425 97202 
6 : 98981 105176 19805 98974 19786 19787 
6 : 168824 224248 185267 168830 168819 185271 
6 : 224249 183081 77243 183089 77251 77236 
6 : 17713 220103 224302 17712 17718 220108 
6 : 224309 137072 224307 137089 261070 137081 
6 : 224324 224322 224321 244982 240200 240196 
6 : 224380 224383 224382 232003 232002 242859 
6 : 31364 224394 204914 31370 31363 204919 
6 : 221811 82262 149038 82261 149037 82253 
6 : 116764 224399 224403 116769 116773 241161 
6 : 112357 51013 140171 51000 112349 51002 
6 : 199902 224456 32007 199908 32005 32017 
6 : 97097 29020 123412 29005 97085 29008 
6 : 61723 210674 192452 61720 61717 192450 
6 : 222965 224487 224482 222977 222969 250197 
6 : 5598 62542 39144 5582 5580 39122 
6 : 100385 172950 84283 100382 84266 84275 
6 : 224522 224527 224526 226306 226304 261587 
6 : 224528 180695 219150 180711 219166 180693 
6 : 224586 154438 181519 154444 181526 154433 
6 : 224589 114430 224587 114440 255683 114436 
6 : 224593 189710 62115 189712 62118 62109 
6 : 224602 165834 222458 165839 222464 165832 
6 : 173240 216827 77106 173238 77099 77103 
6 : 4050 22093 216839 4036 4049 22091 
6 : 224661 130904 208328 130906 208334 130902 
6 : 191274 12218 224715 12216 191286 12231 
6 : 166248 209130 224718 166245 166250 209132 
6 : 59462 224731 81624 59469 59452 81632 
6 : 224728 203942 224732 203944 250369 203947 
6 : 86415 224754 224753 86421 86419 249182 
6 : 20037 178838 183102 20032 20033 178832 
6 : 224781 75654 135174 75658 135185 75645 
6 : 224837 106051 109536 106059 109549 106041 
6 : 156481 72163 181761 72150 156474 72152 
6 : 224878 197070 71109 197081 71117 71104 
6 : 20059 224887 224885 20066 20064 259684 
6 : 98072 224888 193781 98078 98071 193798 
6 : 224882 66796 224884 66797 230374 66800 
6 : 171416 224896 224895 171428 171427 263039 
6 : 224898 186864 214406 186877 214421 186863 
6 : 85679 125633 224904 85671 85690 125643 
6 : 8559 224956 114824 8569 8545 114837 
6 : 224950 74465 224953 74468 238304 74470 
6 : 224962 224965 222061 248424 222066 222069 
6 : 224976 185930 23516 185944 23530 23507 
6 : 224977 202745 32167 202759 32184 32162 
6 : 65782 66392 225041 65769 65784 66395 
6 : 171808 225053 225059 171817 171821 255677 
6 : 181685 222407 225111 181684 181688 222413 
6 : 221715 121557 216318 121556 216317 121554 
6 : 225114 225123 225116 227566 227558 248340 
6 : 225115 2057 80835 2060 80841 2050 
6 : 68168 104477 225155 68151 68172 104483 
6 : 29988 225161 43360 29995 29966 43376 
6 : 39557 74684 134314 39540 39544 74672 
6 : 17561 225217 71880 17562 17551 71881 
6 : 225220 225225 225221 234896 234891 242371 
6 : 104228 142593 135614 104220 104219 135602 
6 : 225295 225294 225289 265165 255215 255214 
6 : 36973 225304 142843 36981 36959 142851 
6 : 56978 128818 39416 56971 39399 39406 
6 : 225349 225352 225351 228124 228123 256936 
6 : 175485 225363 225358 175491 175487 231645 
6 : 225362 225357 67859 230386 67867 67861 
6 : 152691 213983 24453 152689 24442 24449 
6 : 225371 40856 151515 40859 151523 40847 
6 : 225374 101015 225373 101021 255336 101020 
6 : 13333 1936 142594 1917 13325 1927 
6 : 2465 565 210074 550 2464 563 
6 : 131426 225399 225400 131432 131436 243193 
6 : 225409 58255 225413 58263 247062 58267 
6 : 75993 225423 48205 76004 48188 48218 
6 : 225416 225422 183922 250898 183929 183938 
6 : 206814 146531 225455 146526 206817 146534 
6 : 215171 102770 56457 102769 56454 56440 
6 : 225458 206293 225459 206308 265190 206309 
6 : 225475 222731 225473 222744 254667 222738 
6 : 116004 177313 225481 115999 116006 177315 
6 : 166835 216760 110995 166834 110990 110992 
6 : 225511 138947 158762 138967 158780 138939 
6 : 206871 9851 112809 9850 112806 9842 
6 : 225525 176262 225531 176263 226684 176275 
6 : 43569 225539 140244 43578 43560 140256 
6 : 225541 225535 225532 243567 230369 230359 
6 : 206832 173460 225580 173455 206837 173467 
6 : 225582 225581 204309 258292 204322 204321 
6 : 225604 214240 51868 214242 51870 51865 
6 : 163781 202201 225627 163777 163785 202206 
6 : 225629 225626 181227 252651 181242 181232 
6 : 225640 225633 196766 251956 196780 196774 
6 : 66919 159952 161244 66907 66909 159943 
6 : 225648 195561 218269 195574 218284 195558 
6 : 165674 225683 225684 165679 165680 238010 
6 : 225686 201489 224174 201494 224182 201488 
6 : 160470 219151 225701 160469 160483 219163 
6 : 225697 225700 225695 242980 236976 236984 
6 : 225717 225711 146757 226730 146765 146758 
6 : 47742 1598 81188 1576 47730 1580 
6 : 95905 52047 106216 52030 95900 52033 
6 : 185916 217443 42918 185915 42912 42917 
6 : 225810 200135 225811 200137 241007 200141 
6 : 129165 201502 225814 129163 129166 201505 
6 : 225817 225816 225819 248050 248081 248055 
6 : 152876 225820 60468 152877 60457 60469 
6 : 225839 159539 130360 159547 130372 130351 
6 : 81502 193374 225852 81498 81506 193380 
6 : 200167 175771 35047 175769 35044 35041 
6 : 225876 80694 149337 80704 149346 80689 
6 : 1366 225918 225917 1375 1373 263607 
6 : 85888 155521 131910 85885 85883 131903 
6 : 29658 191839 77360 29654 29644 77355 
6 : 225966 214968 225970 214969 231327 214978 
6 : 225971 223707 223848 223719 223858 223706 
6 : 226021 29315 226017 29320 227188 29316 
6 : 226028 226029 226031 254913 254915 258827 
6 : 226030 226026 109910 242920 109918 109912 
6 : 123264 212353 152055 123262 123260 152053 
6 : 215110 226041 165804 215121 165801 165816 
6 : 226102 226099 226098 260970 260183 260181 
6 : 226120 39261 210075 39262 210079 39259 
6 : 226132 226126 116736 254165 116750 116746 
6 : 176924 145367 6701 145360 6696 6694 
6 : 226163 77490 226158 77501 242867 77496 
6 : 57659 226168 226169 57665 57668 261128 
6 : 226178 226177 36029 260875 36039 36037 
6 : 154120 226196 223661 154129 154118 223670 
6 : 226199 161950 119535 161957 119545 119526 
6 : 184208 161364 39297 161361 39290 39288 
6 : 205720 226228 116660 205725 116656 116666 
6 : 219815 204963 98416 204962 98415 98412 
6 : 100386 135394 226250 100379 100394 135404 
6 : 226245 65809 5599 65812 5602 5583 
6 : 226253 38843 84285 38852 84297 38829 
6 : 225174 226338 124436 225188 124435 124445 
6 : 59589 226344 4487 59597 4467 4497 
6 : 226343 93071 90333 93081 90342 90318 
6 : 226346 226350 34430 228896 34431 34435 
6 : 43594 126319 120469 43585 43584 120455 
6 : 66728 226358 151072 66732 66716 151081 
6 : 196643 226405 169616 196651 169614 169627 
6 : 226341 126837 148925 126836 148924 126828 
6 : 140842 99229 177880 99224 140839 99226 
6 : 226468 187821 222823 187826 222826 187820 
6 : 226477 39981 221188 39987 221196 39979 
6 : 178057 86938 4025 86932 4018 4007 
6 : 226521 226519 116967 234076 116973 116968 
6 : 226527 226528 197551 241960 197554 197555 
6 : 180843 226584 226580 180848 180844 227850 
6 : 226586 197801 112413 197810 112425 112406 
6 : 154165 161544 58650 154160 58641 58642 
6 : 30585 145333 62574 30573 30568 62563 
6 : 40634 226644 202069 40637 40629 202074 
6 : 20524 212926 226653 20522 20530 212933 
6 : 226658 226652 226655 245884 260222 245881 
6 : 226701 226699 226703 249017 250001 249018 
6 : 187141 226709 226706 187146 187142 240045 
6 : 98858 226764 145932 98862 98854 145938 
6 : 226821 226828 226823 232569 232561 239962 
6 : 111274 218235 226829 111272 111275 218236 
6 : 13825 35781 197552 13803 13819 35777 
6 : 159235 103580 40366 103573 40359 40355 
6 : 226363 226883 31741 226369 31740 31748 
6 : 224979 189625 136615 189624 136614 136608 
6 : 226922 144181 88788 144190 88798 88780 
6 : 194181 226953 173592 194184 173587 173594 
6 : 101531 96067 113530 96051 101519 96053 
6 : 226959 226954 226964 229905 254368 229914 
6 : 226960 97759 208483 97768 208492 97757 
6 : 226969 196843 226966 196850 228263 196845 
6 : 226984 185529 89221 185538 89231 89212 
6 : 7571 227035 227032 7581 7576 261952 
6 : 215159 181229 216726 181225 215158 181226 
6 : 19650 227093 95938 19667 19640 95954 
6 : 122988 227152 89984 122990 89968 89985 
6 : 142564 146226 227163 142553 142570 146234 
6 : 102655 226711 187840 102654 102650 187839 
6 : 201319 42725 15712 42720 15702 15687 
6 : 102720 211622 227190 102718 102727 211631 
6 : 148614 226182 174163 148613 148610 174162 
6 : 188075 227216 86752 188080 86749 86757 
6 : 227229 227226 227234 231809 241845 231815 
6 : 172403 227270 227268 172411 172406 235486 
6 : 227275 218902 81917 218914 81929 81916 
6 : 45773 227292 227293 45778 45780 259781 
6 : 190999 108131 97907 108125 97903 97896 
6 : 31169 227351 138158 31175 31159 138173 
6 : 227356 73694 227358 73698 255917 73702 
6 : 227370 227366 107921 256445 107935 107931 
6 : 197571 206755 144961 197567 144952 144955 
6 : 227480 188362 227478 188373 256235 188369 
6 : 227481 227474 227475 227916 235374 227903 
6 : 221341 145074 227489 145070 221353 145088 
6 : 223148 113858 227484 113857 223149 113861 
6 : 212412 119883 225324 119878 212411 119882 
6 : 164841 227537 227532 164847 164842 234345 
6 : 3741 227544 227542 3747 3746 254477 
6 : 220219 227545 226058 220230 220218 226077 
6 : 227551 227549 227552 250284 263782 250286 
6 : 227560 227567 216319 257854 216331 216339 
6 : 227563 227564 227557 262076 245263 245265 
6 : 10114 227608 196809 10120 10111 196815 
6 : 227610 227611 102333 255521 102344 102346 
6 : 98879 10450 128370 10437 98869 10438 
6 : 227671 158219 161268 158224 161276 158209 
6 : 81353 227680 224620 81361 81351 224625 
6 : 177548 162295 227734 162288 177551 162299 
6 : 227735 220270 227736 220278 260087 220280 
6 : 116608 227742 187920 116613 116603 187926 
6 : 223514 28417 227756 28415 223521 28426 
6 : 227755 183450 227758 183455 262831 183460 
6 : 14121 196217 210877 14110 14115 196214 
6 : 15315 195110 165521 15311 15306 165516 
6 : 218713 176086 160042 176084 160039 160036 
6 : 227795 167068 202589 167074 202596 167065 
6 : 227813 227816 128163 261409 128170 128172 
6 : 227814 56567 167045 56574 167054 56563 
6 : 11413 227864 218328 11414 11412 218333 
6 : 48745 157126 227870 48736 48754 157139 
6 : 176512 95073 177784 95067 176508 95068 
6 : 218170 154762 26074 154761 26073 26065 
6 : 227878 70268 152918 70275 152930 70256 
6 : 227891 227890 181489 232662 181491 181490 
6 : 124142 121433 199985 121422 124138 121431 
6 : 227930 227932 44227 261529 44233 44234 
6 : 227931 227928 227933 240201 262295 240203 
6 : 221265 101061 109780 101059 109779 101049 
6 : 227100 227987 79755 227112 79754 79772 
6 : 180661 39111 227992 39100 180667 39116 
6 : 227989 226874 227994 226880 250752 226887 
6 : 217141 189909 189643 189906 189640 189636 
6 : 228000 56864 80695 56871 80707 56853 
6 : 186865 228044 88814 186866 88807 88817 
6 : 228052 177032 128016 177040 128021 128007 
6 : 181023 31837 228104 31829 181027 31842 
6 : 196329 71587 228103 71584 196332 71588 
6 : 228102 228106 218048 239382 218053 218060 
6 : 228105 228107 90463 256118 90473 90478 
6 : 6142 198134 205608 6137 6139 198130 
6 : 193497 228115 228112 193509 193504 253247 
6 : 228116 228110 126673 241493 126689 126677 
6 : 228127 228136 70092 233179 70093 70101 
6 : 228165 111175 228161 111184 242073 111176 
6 : 228167 210416 148210 210419 148213 148207 
6 : 228168 228174 161423 247013 161429 161436 
6 : 217912 62299 153433 62297 153432 62287 
6 : 228183 228177 18770 251507 18791 18778 
6 : 138485 215985 228229 138483 138497 215999 
6 : 198135 228227 228225 198139 198137 241487 
6 : 228237 75017 92329 75025 92334 75000 
6 : 228242 228246 228240 262311 243162 243168 
6 : 155129 228254 228251 155139 155137 258448 
6 : 228248 228249 70561 234308 70562 70563 
6 : 169155 90971 228368 90966 169159 90974 
6 : 182966 121987 228392 121981 182973 121993 
6 : 228399 228396 228397 245238 248204 245235 
6 : 31191 228429 228428 31195 31194 243418 
6 : 121870 136289 73108 121864 73093 73096 
6 : 197839 210915 228434 197834 197842 210917 
6 : 160783 206221 99441 160779 99423 99433 
6 : 168980 217643 139177 168977 139161 139175 
6 : 228489 228486 228484 260482 254840 254834 
6 : 210675 228505 228510 210679 210682 250186 
6 : 150144 228545 228547 150148 150158 241825 
6 : 211230 228544 228548 211231 211235 228901 
6 : 35868 48986 228549 35857 35869 48987 
6 : 212505 228565 44463 212515 44459 44474 
6 : 152340 168116 228669 152335 152343 168120 
6 : 84671 228682 228679 84680 84678 261520 
6 : 228680 228677 228675 249629 236043 236038 
6 : 179443 228685 187301 179449 179435 187308 
6 : 199242 201741 5305 199238 5300 5302 
6 : 201004 216445 142713 201001 142708 142711 
6 : 173015 117208 200820 117200 173012 117205 
6 : 210588 147367 192362 147363 192359 147358 
6 : 228749 228744 213349 240470 213364 213350 
6 : 125199 115050 12293 115038 12283 12279 
6 : 89679 228783 157843 89689 89669 157851 
6 : 228788 228780 228778 250287 234494 234485 
6 : 228792 162729 89623 162732 89625 89612 
6 : 191188 145707 227591 145697 191186 145705 
6 : 64943 228821 137270 64950 64934 137275 
6 : 47205 19300 177512 19292 47198 19297 
6 : 228855 68995 153281 68996 153282 68986 
6 : 228866 195696 228863 195702 238132 195699 
6 : 190844 228882 205963 190857 190841 205976 
6 : 223240 228874 217185 223245 217183 217188 
6 : 103739 119486 97908 103727 97894 97899 
6 : 179355 228933 91830 179361 91823 91834 
6 : 60419 128577 122830 60414 60411 122820 
6 : 123455 229045 202912 123460 123450 202925 
6 : 204373 229047 217489 204375 204368 217490 
6 : 229106 132558 229103 132572 247049 132562 
6 : 229107 128963 229109 128965 245499 128969 
6 : 181739 83140 229118 83129 181749 83153 
6 : 35262 229161 112155 35274 35254 112163 
6 : 215560 229170 92446 215569 92443 92456 
6 : 217965 70331 70425 70329 70423 70319 
6 : 229172 229179 229176 236423 236415 254106 
6 : 229217 32779 199804 32792 199816 32773 
6 : 203698 229219 161572 203703 161563 161577 
6 : 229223 91893 229220 91900 257362 91898 
6 : 228078 229228 229229 228084 228086 242266 
6 : 197271 113979 116027 113975 116022 113972 
6 : 149918 176684 229293 149913 149923 176696 
6 : 52274 168948 229295 52267 52279 168954 
6 : 60646 90334 106906 60631 60635 90322 
6 : 205390 229346 80167 205398 80162 80178 
6 : 229343 203713 77992 203715 77996 77990 
6 : 41517 95175 146043 41504 41506 95164 
6 : 140078 203585 228258 140075 140077 203584 
6 : 163729 229360 229367 163730 163738 233555 
6 : 82156 229412 228404 82160 82155 228407 
6 : 229420 229413 229417 249394 258679 249389 
6 : 149843 229432 219896 149853 149841 219909 
6 : 211851 170564 179113 170561 179108 170555 
6 : 66179 109761 222233 66168 66178 109759 
6 : 148603 186552 229474 148600 148604 186553 
6 : 197996 118997 229484 118991 198008 119003 
6 : 214036 229479 177152 214041 177151 177158 
6 : 229483 5698 128578 5709 128586 5692 
6 : 229515 229520 179522 232422 179523 179530 
6 : 229523 121899 229518 121916 249997 121907 
6 : 70611 8721 181388 8706 70609 8714 
6 : 229552 174751 18608 174765 18624 18601 
6 : 229555 228005 190594 228010 190601 190593 
6 : 114662 189626 229583 114657 114668 189634 
6 : 229590 229585 229587 246930 252738 246927 
6 : 227751 229591 229593 227752 227757 237439 
6 : 224417 229599 16150 224427 16147 16156 
6 : 226238 229635 229637 226239 226241 244166 
6 : 229636 137852 126888 137854 126894 126875 
6 : 65944 174923 169191 65939 65938 169180 
6 : 210730 176066 229648 176062 210735 176080 
6 : 229642 203586 229644 203587 240066 203593 
6 : 126721 198910 229656 126716 126727 198918 
6 : 137829 201121 146451 137824 137818 146445 
6 : 229691 78671 229693 78676 247565 78682 
6 : 137810 226044 215453 137809 137807 215451 
6 : 222866 26716 164716 26713 164712 26702 
6 : 35434 61293 229704 35419 35440 61299 
6 : 51559 229698 220636 51563 51558 220642 
6 : 73169 229744 229749 73171 73176 251246 
6 : 209932 229745 42065 209938 42063 42072 
6 : 126079 211918 199337 126076 126072 199332 
6 : 45801 67134 229808 45783 45811 67143 
6 : 217626 229804 193624 217629 193621 193627 
6 : 147368 229817 200821 147376 147361 200830 
6 : 69525 135814 229821 69512 69529 135818 
6 : 113089 229822 229824 113090 113094 230424 
6 : 190440 85421 229825 85416 190450 85425 
6 : 229854 123517 151401 123521 151406 123503 
6 : 118172 229858 168845 118175 118166 168852 
6 : 175432 208179 229873 175431 175448 208195 
6 : 183882 112933 137509 112928 137505 112921 
6 : 200056 137536 77188 137532 77183 77175 
6 : 110091 43783 16151 43763 16133 16127 
6 : 229881 229875 229880 232555 253981 232553 
6 : 229884 229879 229878 252230 249057 249049 
6 : 9348 229892 228269 9356 9347 228277 
6 : 70355 141726 118672 70349 70346 118659 
6 : 46244 64817 96235 46230 46234 64802 
6 : 97548 217952 229921 97546 97549 217955 
6 : 123266 63021 229924 63012 123269 63027 
6 : 76404 117964 229967 76389 76418 117978 
6 : 68874 37818 49373 37803 49356 37798 
6 : 18549 230041 96353 18551 18536 96354 
6 : 175147 230042 230047 175150 175154 237316 
6 : 230046 16686 230044 16691 244801 16687 
6 : 230049 146532 219075 146544 219091 146529 
6 : 46971 213189 208434 46965 46964 208433 
6 : 109590 230058 176685 109598 109587 176694 
6 : 177881 19069 230098 19063 177882 19070 
6 : 230101 230105 230103 250978 250976 263410 
6 : 95656 148999 230110 95650 95661 149003 
6 : 191013 194101 215915 191007 191012 194097 
6 : 230114 230115 223269 249578 223273 223275 
6 : 55599 171760 230020 55587 55598 171759 
6 : 159598 79806 123302 79792 123294 79791 
6 : 230147 230140 230141 230183 241800 230179 
6 : 39205 212617 195240 39204 39200 195235 
6 : 4588 119456 230161 4578 4595 119464 
6 : 230163 167525 207040 167532 207051 167522 
6 : 230164 200045 181924 200050 181934 181919 
6 : 48243 52700 88815 48237 48238 52691 
6 : 230237 137294 225750 137296 225752 137293 
6 : 230265 112243 48486 112248 48499 48470 
6 : 126494 229059 192887 126493 126490 192886 
6 : 40543 192059 62413 40540 40534 62407 
6 : 128540 168266 140641 128537 128535 140632 
6 : 175312 24968 132260 24963 132251 24959 
6 : 230385 9379 230384 9381 233032 9380 
6 : 230388 171446 230387 171452 251444 171450 
6 : 230437 230439 104961 230776 104962 104967 
6 : 230440 230438 229615 234637 229624 229617 
6 : 230452 24454 208680 24464 208692 24448 
6 : 102391 18610 230454 18594 102392 18611 
6 : 186248 45205 230458 45201 186249 45213 
6 : 217298 218312 230460 217296 217307 218320 
6 : 52384 215498 54530 52381 52372 54524 
6 : 133478 2372 229680 2359 133477 2371 
6 : 216381 230514 166893 216386 166891 166901 
6 : 230519 188638 219698 188647 219710 188636 
6 : 230524 209901 230528 209902 231811 209908 
6 : 230531 210751 37705 210758 37715 37700 
6 : 176056 206645 200898 176055 176053 200893 
6 : 225813 161325 120216 161323 120214 120213 
6 : 230566 230561 160598 235402 160605 160600 
6 : 230347 112182 230603 112181 230348 112183 
6 : 230606 209308 230611 209309 235764 209320 
6 : 95464 220622 170265 95463 95457 170263 
6 : 230687 230684 41917 242227 41924 41921 
6 : 174831 230732 230731 174837 174835 240474 
6 : 230733 163418 119601 163426 119611 119594 
6 : 230742 208146 230738 208155 234448 208147 
6 : 230799 230805 230801 242451 242449 263464 
6 : 25761 94835 162730 25742 25751 94824 
6 : 103086 230815 101667 103096 101650 101677 
6 : 230816 110775 230814 110783 250218 110779 
6 : 57737 230819 218676 57739 57733 218678 
6 : 219420 230821 24456 219426 24451 24462 
6 : 145765 191456 192732 145759 145760 191447 
6 : 146837 230858 110024 146844 110008 110034 
6 : 151848 173873 230865 151842 151854 173883 
6 : 230913 230917 230919 245551 245553 262126 
6 : 225051 215532 77901 215530 77898 77896 
6 : 104232 230972 52999 104234 52981 53004 
6 : 139885 117966 230974 117955 139895 117981 
6 : 168891 125161 199822 125153 168887 125155 
6 : 226650 193682 230978 193681 226656 193693 
6 : 230980 152715 199268 152724 199279 152710 
6 : 108973 117331 167366 108967 108969 117326 
6 : 125542 34432 157948 34421 125535 34424 
6 : 27252 230998 212380 27257 27249 212386 
6 : 230992 154374 230994 154375 233910 154380 
6 : 231026 9576 165700 9579 165702 9568 
6 : 205349 229975 231038 205348 205356 229983 
6 : 212012 109539 207994 109535 207990 109532 
6 : 93645 230681 231077 93644 93647 230682 
6 : 231078 184803 169525 184811 169534 169517 
6 : 137689 161658 231080 137685 137692 161660 
6 : 148878 152996 57479 148876 57464 57465 
6 : 206950 223910 138949 206948 138944 138946 
6 : 36161 171661 138737 36158 36154 138732 
6 : 231095 121309 3024 121313 3032 3009 
6 : 231139 220199 231151 220206 253321 220216 
6 : 7292 124969 110620 7280 7278 110607 
6 : 166953 43364 53967 43355 53957 43343 
6 : 102697 198278 71920 102694 71906 71914 
6 : 126536 95840 231206 95828 126545 95849 
6 : 222669 45244 4526 45241 4525 4501 
6 : 231205 153714 225201 153718 225209 153713 
6 : 231219 217915 161474 217919 161479 161469 
6 : 23144 140443 23077 23130 23058 23065 
6 : 209724 231254 117492 209732 117489 117505 
6 : 231253 133252 231255 133257 249260 133265 
6 : 209661 231263 231262 209665 209663 249329 
6 : 231274 220003 40770 220012 40778 40767 
6 : 231278 171595 33584 171604 33597 33577 
6 : 227325 231311 194753 227334 194752 194765 
6 : 231312 231314 229321 241775 229326 229327 
6 : 207980 214880 231326 207977 207986 214885 
6 : 28375 89539 186996 28360 28368 89533 
6 : 218106 194829 203234 194826 203231 194824 
6 : 231379 219227 88007 219238 88018 88005 
6 : 147474 27887 231386 27870 147478 27891 
6 : 179345 179469 208262 179336 179344 179462 
6 : 36677 231417 226674 36681 36676 226682 
6 : 215811 194084 120198 194080 120196 120191 
6 : 228710 231427 231419 228723 228712 234600 
6 : 58115 179708 181635 58106 58107 179698 
6 : 184063 228373 225299 184062 184061 225296 
6 : 138884 217169 231483 138883 138885 217172 
6 : 220609 146744 230902 146742 220608 146743 
6 : 231490 231489 231486 265596 264142 264141 
6 : 231491 66426 117967 66428 117971 66412 
6 : 33353 117911 143651 33343 33347 117906 
6 : 186618 133349 19042 133342 19035 19031 
6 : 231595 93454 188612 93456 188615 93448 
6 : 52859 219556 188166 52855 52848 188164 
6 : 15339 205796 170079 15333 15328 170076 
6 : 100971 49880 231659 49872 100978 49889 
6 : 226838 129554 231663 129552 226847 129563 
6 : 106680 231665 47876 106685 47863 47880 
6 : 108612 231712 140670 108618 108604 140678 
6 : 231713 153091 231711 153104 257602 153098 
6 : 21508 38389 53286 21492 21493 38376 
6 : 207763 231714 231719 207765 207768 240690 
6 : 231716 231721 165522 246442 165531 165536 
6 : 231724 46352 231723 46360 242863 46354 
6 : 231725 221614 231733 221622 252563 221629 
6 : 98982 231774 22150 98991 22137 22157 
6 : 231771 61774 30197 61779 30202 30174 
6 : 66752 227123 47744 66751 47727 47743 
6 : 231783 93667 231780 93673 240009 93668 
6 : 178480 231794 72519 178492 72510 72527 
6 : 60504 231854 122951 60509 60487 122959 
6 : 86939 181389 54654 86933 54637 54649 
6 : 231878 231880 211548 240850 211551 211557 
6 : 231896 217546 43654 217554 43661 43651 
6 : 231899 217902 231898 217909 262196 217906 
6 : 13759 28577 229265 13748 13758 28576 
6 : 178975 147974 231942 147970 178976 147975 
6 : 191905 231944 231945 191909 191910 254380 
6 : 231989 231990 33856 262297 33861 33862 
6 : 232009 232001 77491 239262 77499 77494 
6 : 12099 232063 232053 12111 12102 248013 
6 : 181267 232059 232060 181276 181279 262374 
6 : 231550 232062 232052 231560 231552 237725 
6 : 147940 232072 28289 147949 28278 28301 
6 : 159421 232086 66989 159429 66976 67004 
6 : 210320 72013 80384 72008 80377 71997 
6 : 232111 223837 232109 223844 243290 223840 
6 : 232112 219955 210363 219959 210372 210358 
6 : 193021 154859 232225 154852 193022 154861 
6 : 189711 127388 232229 127384 189721 127396 
6 : 232228 76559 89223 76565 89228 76545 
6 : 44566 36212 232232 36194 44569 36216 
6 : 222007 232235 232233 222018 222011 258905 
6 : 232282 210761 57480 210766 57484 57474 
6 : 232285 178145 232284 178153 261966 178152 
6 : 87600 186780 31058 87593 31043 31051 
6 : 123569 232314 211503 123575 123564 211509 
6 : 40979 232356 232360 40983 40986 259679 
6 : 205334 232432 232431 205344 205340 261116 
6 : 77081 59783 104845 59767 77066 59769 
6 : 232469 232467 175269 264607 175285 175282 
6 : 194613 147084 160862 147078 160856 147075 
6 : 4261 94416 232477 4249 4267 94425 
6 : 232520 157560 204542 157566 204552 157554 
6 : 72735 164478 120251 72729 72726 120238 
6 : 146891 58135 232535 58124 146900 58143 
6 : 232527 3148 124316 3149 124318 3134 
6 : 232538 230746 232539 230749 240090 230750 
6 : 217513 232574 232575 217514 217515 259773 
6 : 232581 232580 98665 250300 98671 98667 
6 : 63958 232592 232594 63963 63965 260118 
6 : 78622 229121 174833 78620 78616 174830 
6 : 232588 232590 232589 240310 240308 240475 
6 : 232641 100330 98816 100338 98825 98794 
6 : 26484 179908 232651 26476 26496 179915 
6 : 232652 154222 197484 154235 197500 154216 
6 : 136794 175110 232686 136787 136799 175114 
6 : 72234 232690 232691 72238 72240 246730 
6 : 163871 232711 197877 163876 163868 197886 
6 : 20115 232744 232737 20123 20118 241974 
6 : 231542 232741 232738 231547 231546 249933 
6 : 137352 34596 141433 34584 137341 34585 
6 : 232751 126737 232753 126739 251103 126741 
6 : 71031 218398 75556 71026 71012 75552 
6 : 232789 161924 147496 161937 147509 147487 
6 : 150146 232857 232855 150160 150159 260843 
6 : 232862 55426 194355 55432 194370 55418 
6 : 116993 134768 37398 116981 37385 37387 
6 : 195609 212244 188846 195605 188840 188842 
6 : 198941 196137 50376 196129 50370 50368 
6 : 41603 59655 21879 41584 21850 21851 
6 : 4637 232899 170705 4639 4633 170707 
6 : 181714 135456 232909 135446 181722 135465 
6 : 80613 36213 188640 36196 80609 36206 
6 : 174854 232945 219172 174855 174852 219173 
6 : 184602 232950 175270 184617 175260 175281 
6 : 119962 51898 223333 51881 119959 51893 
6 : 233004 128494 53701 128495 53702 53683 
6 : 136562 233014 233011 136572 136570 264489 
6 : 233007 117788 233013 117790 248972 117798 
6 : 233020 14092 191779 14093 191783 14084 
6 : 58398 207545 13076 58392 13049 13073 
6 : 233067 160534 127582 160543 127594 127573 
6 : 212117 233070 233076 212119 212126 235513 
6 : 22120 156892 85451 22111 22106 85443 
6 : 201407 30812 233088 30806 201409 30813 
6 : 115899 91340 3025 91326 3008 3005 
6 : 233123 71083 42332 71087 42336 42311 
6 : 233124 233126 205821 256635 205827 205832 
6 : 210762 233128 140020 210764 140014 140021 
6 : 233133 95939 233132 95951 252512 95950 
6 : 233139 233142 190775 251577 190780 190784 
6 : 108259 179031 222578 108252 108258 179030 
6 : 233227 91579 109263 91583 109267 91564 
6 : 233300 41999 233299 42015 264431 42011 
6 : 229543 102393 233344 102390 229544 102398 
6 : 117995 111322 208917 111309 117991 111319 
6 : 233409 233402 219240 249538 219255 219247 
6 : 171362 54251 157845 54240 157834 54237 
6 : 233069 89682 233420 89681 233075 89690 
6 : 233462 233466 173085 250011 173089 173096 
6 : 233468 135234 223401 135245 223413 135232 
6 : 28832 196903 233470 28830 28833 196904 
6 : 118083 92787 89624 92772 89605 89601 
6 : 145803 233480 222885 145807 145801 222893 
6 : 199547 203429 175882 199544 175877 175879 
6 : 233479 4263 233478 4265 244227 4264 
6 : 20082 157799 233527 20076 20086 157804 
6 : 189826 129136 233538 129130 189833 129148 
6 : 233571 215317 201071 215320 201078 201065 
6 : 220023 233585 233575 220032 220025 244406 
6 : 229823 203177 233580 203175 229828 203182 
6 : 233625 85068 131061 85073 131068 85057 
6 : 121628 225533 233631 121626 121631 225537 
6 : 222215 233627 233628 222216 222217 240372 
6 : 233641 211258 190865 211259 190866 190861 
6 : 233492 167550 173162 167549 173161 167539 
6 : 233673 163456 233674 163466 262460 163468 
6 : 233676 111323 233675 111325 235594 111324 
6 : 233695 233689 233690 248485 248736 248473 
6 : 208744 175708 233734 175704 208746 175710 
6 : 58430 233754 233749 58440 58435 259455 
6 : 185769 142483 186204 142477 185763 142478 
6 : 233745 233746 233747 253897 253898 255613 
6 : 95816 38365 164630 38352 95810 38358 
6 : 196657 55036 233758 55031 196660 55039 
6 : 233808 187623 233811 187630 252721 187633 
6 : 219038 233813 30517 219039 30513 30521 
6 : 233854 184482 233856 184485 239040 184489 
6 : 233860 233863 219699 235114 219700 219703 
6 : 4638 233869 233876 4640 4651 242561 
6 : 213850 233868 179824 213852 179820 179825 
6 : 95357 227009 64132 95355 64113 64129 
6 : 13638 182798 123980 13634 13629 123970 
6 : 121857 77224 101168 77206 101153 77204 
6 : 95177 228261 228656 95173 95174 228257 
6 : 158895 206757 233926 158892 158901 206766 
6 : 180018 233924 233919 180030 180024 244961 
6 : 223897 209584 230248 209582 223895 209583 
6 : 109112 152716 229453 109108 109111 152714 
6 : 60289 233976 117017 60292 60278 117024 
6 : 82819 215463 104817 82816 82805 104815 
6 : 233978 210676 137954 210684 137959 137949 
6 : 81741 141901 186300 81732 81737 141895 
6 : 142936 141838 234031 141827 142945 141851 
6 : 212772 226006 224640 212771 212770 224638 
6 : 234043 223562 210053 223563 210057 210049 
6 : 234050 234049 224991 264005 225005 225002 
6 : 69349 167188 234096 69339 69351 167195 
6 : 55269 234106 124317 55277 55257 124330 
6 : 184176 234148 210291 184178 184173 210293 
6 : 234152 135256 234151 135271 264103 135270 
6 : 70041 159828 126890 70035 70031 126880 
6 : 126964 92174 106188 92162 106174 92158 
6 : 234158 61153 234161 61154 242388 61158 
6 : 141924 234168 234172 141925 141932 248143 
6 : 234171 209953 16407 209957 16413 16401 
6 : 99531 227310 234206 99530 99536 227320 
6 : 149182 221328 161951 149180 149176 161947 
6 : 219139 64838 234211 64836 219149 64845 
6 : 234218 224992 38739 224999 38749 38737 
6 : 234220 234219 138349 254991 138361 138358 
6 : 130435 162924 81816 130423 81799 81801 
6 : 234263 184211 234261 184218 240860 184215 
6 : 223751 73612 224507 73606 223750 73607 
6 : 115643 206314 96867 115640 96857 96863 
6 : 122135 234294 234293 122143 122141 252395 
6 : 135331 234300 234297 135338 135332 239021 
6 : 107870 234301 121508 107873 107858 121510 
6 : 229046 182130 234309 182129 229048 182132 
6 : 234349 206020 167653 206023 167658 167651 
6 : 107436 234353 234359 107438 107444 238514 
6 : 214636 142671 234398 142668 214638 142675 
6 : 175976 163276 187323 163262 175971 163267 
6 : 59138 234458 202281 59147 59137 202294 
6 : 133833 227214 234454 133832 133834 227217 
6 : 234518 234526 175173 253276 175182 175189 
6 : 228620 78368 111462 78367 111460 78355 
6 : 99231 189416 195486 99227 99228 189414 
6 : 147655 214002 234556 147652 147662 214016 
6 : 171240 232370 234554 171239 171243 232373 
6 : 234553 206570 11832 206572 11836 11830 
6 : 94512 153621 215850 94506 94510 153617 
6 : 133027 234605 156937 133038 133017 156948 
6 : 63001 228308 156800 63000 62994 156798 
6 : 94954 194016 128597 94946 94940 128592 
6 : 234619 198976 234615 198990 255333 198984 
6 : 234653 234652 102297 257144 102310 102305 
6 : 40265 234666 157255 40272 40256 157266 
6 : 46947 234676 227389 46953 46946 227406 
6 : 234710 172965 234711 172966 237091 172967 
6 : 234713 147022 206674 147026 206681 147019 
6 : 187527 234718 11833 187532 11826 11838 
6 : 201005 169010 234732 169004 201011 169020 
6 : 234725 201742 74904 201745 74909 74898 
6 : 234733 131837 192389 131839 192392 131831 
6 : 150222 232797 183352 150221 150219 183350 
6 : 228481 234764 150449 228490 150447 150469 
6 : 163475 234783 234778 163479 163476 241973 
6 : 193200 213197 234845 193195 193213 213208 
6 : 234843 181060 234838 181072 240921 181062 
6 : 234844 234846 209678 263790 209692 209697 
6 : 39346 121388 230130 39334 39344 121387 
6 : 215533 225309 234885 215531 215539 225320 
6 : 121651 1302 234753 1285 121650 1301 
6 : 234888 234887 91580 236669 91586 91582 
6 : 234939 231047 60077 231055 60092 60075 
6 : 37535 202436 234947 37528 37541 202444 
6 : 234951 234958 225202 241752 225205 225210 
6 : 804 199269 234963 797 807 199272 
6 : 234991 234993 90113 239867 90114 90119 
6 : 121283 199253 234999 121280 121287 199255 
6 : 143702 235003 235000 143709 143706 252441 
6 : 235002 71726 234998 71732 238068 71727 
6 : 156069 104306 235056 104293 156076 104313 
6 : 219789 127693 206106 127689 206102 127687 
6 : 36747 235066 235062 36753 36749 245005 
6 : 235102 235099 8790 253719 8800 8796 
6 : 235108 202633 227457 202639 227465 202632 
6 : 235117 139288 94863 139299 94876 94848 
6 : 43815 235140 205445 43822 43808 205453 
6 : 186459 235148 102336 186465 102323 102339 
6 : 233232 41340 194017 41339 194015 41332 
6 : 99177 235162 219385 99183 99170 219386 
6 : 235178 235175 14619 254889 14629 14622 
6 : 179395 180020 235213 179393 179400 180029 
6 : 235219 146858 229667 146865 229669 146857 
6 : 235221 7131 235218 7137 249896 7133 
6 : 80259 154860 235227 80250 80261 154864 
6 : 235230 235231 235228 262621 259422 259423 
6 : 141132 235270 170867 141134 141126 170871 
6 : 206788 112812 235274 112805 206795 112819 
6 : 235276 190031 235269 190045 245090 190036 
6 : 235285 235279 235282 236814 251994 236812 
6 : 235299 235293 183104 250189 183120 183111 
6 : 152642 159100 140101 152637 140092 140095 
6 : 215671 235330 118559 215684 118555 118569 
6 : 175956 69418 235334 69410 175959 69421 
6 : 213970 68495 103997 68491 103992 68478 
6 : 235396 235390 215770 238166 215781 215771 
6 : 235400 3346 49937 3349 49941 3332 
6 : 224203 181268 225556 181265 224202 181266 
6 : 225724 72930 235462 72928 225732 72937 
6 : 235460 7977 129578 7986 129585 7967 
6 : 235518 235517 235519 256741 261698 256743 
6 : 25284 235525 235376 25288 25283 235383 
6 : 90951 88905 235527 88888 90960 88910 
6 : 149279 195563 144258 149275 144243 144252 
6 : 134384 88926 235534 88916 134389 88934 
6 : 226103 235541 235540 226111 226109 248868 
6 : 235545 235537 110743 241110 110754 110745 
6 : 223093 73221 30674 73219 30673 30654 
6 : 235569 178784 235568 178790 236463 178786 
6 : 235571 133985 224556 133991 224567 133983 
6 : 136550 235628 11635 136552 11625 11639 
6 : 41250 235669 235673 41251 41255 245339 
6 : 235409 235672 93010 235410 93009 93016 
6 : 135656 235679 235676 135661 135659 252055 
6 : 235688 235683 235684 247972 261042 247967 
6 : 235694 211171 215988 211176 215994 211166 
6 : 28740 79235 235723 28728 28744 79242 
6 : 172666 66498 63220 66494 63216 63210 
6 : 235725 187737 115566 187744 115578 115564 
6 : 212288 107623 191528 107620 191522 107614 
6 : 221064 235729 235732 221067 221074 249982 
6 : 235733 21156 204543 21168 204561 21150 
6 : 25672 138928 223665 25660 25669 138923 
6 : 166270 213905 235779 166266 166275 213911 
6 : 235781 98966 234740 98973 234752 98965 
6 : 235838 113558 11834 113567 11851 11818 
6 : 163116 235843 235842 163122 163120 255489 
6 : 223624 235850 167089 223627 167087 167095 
6 : 183980 235892 198533 183984 183974 198536 
6 : 235893 235894 192974 253082 192976 192977 
6 : 235897 25897 235902 25901 248053 25903 
6 : 206658 235914 235912 206663 206661 250586 
6 : 235958 219242 235959 219248 250018 219258 
6 : 123909 28229 44080 28221 44067 28218 
6 : 147437 235963 235962 147445 147439 245120 
6 : 190345 235965 115691 190356 115685 115704 
6 : 229441 179965 235961 179964 229444 179969 
6 : 102772 18522 106804 18508 102759 18509 
6 : 215948 235970 12260 215952 12256 12267 
6 : 235971 235969 225066 246545 225076 225072 
6 : 114460 231295 235985 114458 114463 231298 
6 : 236026 236033 236029 247418 247413 263201 
6 : 236032 236024 89862 245213 89878 89868 
6 : 112490 227184 217850 112487 112483 217847 
6 : 206758 47009 236034 47000 206761 47013 
6 : 87424 236056 75053 87427 75029 75055 
6 : 231280 236058 131962 231289 131960 131969 
6 : 222482 82400 235074 82397 222481 82399 
6 : 236086 113641 236091 113642 245151 113644 
6 : 78254 213174 236117 78252 78257 213175 
6 : 85791 25058 236118 25045 85797 25067 
6 : 127992 82191 236121 82177 127994 82192 
6 : 236123 174552 156938 174556 156944 156927 
6 : 222106 20891 233048 20887 222105 20890 
6 : 114292 188541 80809 114286 80794 80802 
6 : 236160 236165 129941 246622 129944 129951 
6 : 198167 167841 165622 167837 165616 165612 
6 : 128863 236205 215757 128865 128857 215760 
6 : 105781 183730 147288 105772 105768 147278 
6 : 209662 195151 111082 195145 111079 111077 
6 : 196391 125402 236262 125393 196392 125403 
6 : 236266 64711 199117 64718 199131 64704 
6 : 112021 236317 132705 112028 112011 132715 
6 : 233071 116638 64741 116635 64739 64724 
6 : 192717 236325 218825 192719 192714 218828 
6 : 127557 188800 236339 127551 127566 188811 
6 : 161328 180768 236371 161320 161338 180780 
6 : 236363 235362 236365 235363 240898 235367 
6 : 236368 236369 168751 259748 168761 168763 
6 : 236372 197404 51083 197406 51084 51077 
6 : 10539 229707 10008 10537 9981 10003 
6 : 236377 141171 236379 141173 247122 141178 
6 : 236384 236386 198778 254230 198786 198787 
6 : 212651 85102 209818 85096 209814 85095 
6 : 236432 71233 192209 71235 192215 71225 
6 : 139209 58538 180806 58519 139203 58528 
6 : 121406 192454 236476 121400 121412 192461 
6 : 236492 231462 174059 231472 174075 174057 
6 : 116057 236539 14320 116069 14301 14330 
6 : 228493 236535 236536 228495 228499 246767 
6 : 186344 91097 236547 91087 186351 91103 
6 : 81141 236558 185531 81148 81135 185541 
6 : 196409 197377 212177 196403 196406 197368 
6 : 236590 236583 150074 238613 150079 150075 
6 : 236637 14546 189460 14556 189466 14541 
6 : 236641 236639 66691 247242 66697 66693 
6 : 236643 103429 222824 103434 222829 103427 
6 : 49914 236686 72557 49915 49896 72558 
6 : 133619 129690 236695 129678 133621 129693 
6 : 211479 38503 73517 38496 73510 38481 
6 : 13115 217249 236745 13113 13117 217251 
6 : 19958 228033 188727 19955 19951 188726 
6 : 131429 187385 30156 131422 30145 30150 
6 : 163498 191590 236746 163495 163500 191592 
6 : 236752 213629 236757 213630 238989 213634 
6 : 196458 45503 236800 45497 196463 45511 
6 : 26513 86168 235481 26500 26512 86167 
6 : 126422 120785 218905 120771 126421 120781 
6 : 236807 236805 109418 262305 109433 109427 
6 : 63576 236809 229618 63578 63574 229620 
6 : 236843 89928 194503 89932 194512 89924 
6 : 131344 202649 132042 131336 131327 132035 
6 : 218714 218383 87232 218378 87227 87226 
6 : 236895 236898 44917 239344 44919 44924 
6 : 236897 142937 231237 142940 231241 142934 
6 : 78936 142739 236916 78926 78942 142746 
6 : 223528 11487 236914 11483 223530 11491 
6 : 232865 133460 159241 133457 159238 133451 
6 : 141776 236936 236937 141778 141785 249123 
6 : 236939 78832 210897 78847 210912 78830 
6 : 157992 236948 236946 158000 157994 252550 
6 : 236945 236947 96997 251401 97003 97006 
6 : 146214 152571 236957 146203 146216 152583 
6 : 234827 236951 236954 234828 234833 240402 
6 : 236989 236988 171401 237026 171405 171402 
6 : 236994 160864 236995 160873 261058 160874 
6 : 183417 237005 204544 183424 183415 204557 
6 : 225438 237011 237015 225440 225443 249084 
6 : 237014 87452 188951 87458 188956 87441 
6 : 88333 225447 68090 88331 68066 68087 
6 : 237039 202575 91317 202582 91322 91310 
6 : 85814 237041 237045 85816 85819 248054 
6 : 218857 237051 235126 218861 218855 235127 
6 : 237050 46711 237056 46716 248617 46719 
6 : 227312 237081 143057 227317 143055 143062 
6 : 65810 4806 103361 4783 65797 4785 
6 : 196269 192438 9410 192430 9406 9404 
6 : 237086 237087 39146 244620 39147 39148 
6 : 237089 237088 237085 264383 244490 244488 
6 : 28889 237104 237100 28895 28892 246541 
6 : 71475 237127 56216 71481 56197 56222 
6 : 9546 184195 83559 9535 9527 83547 
6 : 166110 200730 237133 166105 166114 200733 
6 : 168534 1938 218744 1931 168529 1934 
6 : 187291 114699 103362 114695 103350 103343 
6 : 214882 207684 237168 207677 214883 207685 
6 : 219408 40949 147331 40944 147327 40935 
6 : 231318 203860 223711 203859 223709 203857 
6 : 237170 237169 188168 261705 188178 188175 
6 : 148656 237173 226876 148661 148655 226886 
6 : 189430 237172 237171 189435 189431 242455 
6 : 89008 155061 154554 88999 88998 154542 
6 : 113440 202216 142845 113432 113424 142840 
6 : 179709 228444 237216 179706 179712 228447 
6 : 26628 237230 237226 26635 26632 253097 
6 : 212817 147995 27578 147991 27575 27568 
6 : 170819 237238 155672 170828 155663 155680 
6 : 68830 20590 103064 20574 68817 20576 
6 : 167617 178687 159542 167612 159529 159531 
6 : 225833 226134 73613 225830 73608 73609 
6 : 188682 237344 237343 188692 188691 265591 
6 : 237399 220365 117970 220369 117973 117963 
6 : 237401 142599 229959 142604 229970 142596 
6 : 10605 237405 133905 10614 10590 133917 
6 : 82324 109266 98539 82305 82304 98517 
6 : 141902 237409 226007 141909 141899 226011 
6 : 237456 151429 237454 151437 260414 151436 
6 : 237458 190597 237453 190610 246473 190599 
6 : 237462 237463 174040 263672 174043 174045 
6 : 237465 168729 43073 168732 43075 43058 
6 : 156911 237473 219570 156912 156908 219573 
6 : 237483 5427 237480 5438 262726 5435 
6 : 131558 186030 108402 131552 108389 108392 
6 : 159996 37040 110028 37029 110009 37026 
6 : 120323 125570 183712 120310 120315 125558 
6 : 84740 177316 151644 84733 84732 151630 
6 : 224149 231867 237561 224144 224154 231874 
6 : 237556 237560 237554 252833 243716 243718 
6 : 237562 106163 151287 106165 151288 106155 
6 : 162523 209438 176663 162518 162512 176658 
6 : 190829 237599 237600 190832 190833 258076 
6 : 237602 159829 219819 159839 219829 159824 
6 : 168324 176011 237603 168318 168325 176012 
6 : 18711 113559 50624 18698 18691 50613 
6 : 237614 206167 147085 206168 147086 147079 
6 : 237623 105648 81222 105656 81228 81203 
6 : 26051 49289 164533 26032 26045 49282 
6 : 59757 237706 172308 59759 59752 172311 
6 : 236127 126018 237712 126016 236132 126025 
6 : 237716 74289 173730 74295 173737 74280 
6 : 237754 237753 34044 250210 34051 34050 
6 : 13336 8018 56655 7991 13321 7993 
6 : 44567 237801 175271 44571 44560 175276 
6 : 193265 237808 231786 193269 193264 231793 
6 : 18070 200120 237824 18062 18074 200128 
6 : 237840 187447 237845 187450 241389 187459 
6 : 1899 78552 237848 1887 1910 78561 
6 : 237847 226992 38124 226996 38131 38121 
6 : 15769 223780 83406 15768 15758 83405 
6 : 89169 237853 114346 89176 89158 114355 
6 : 6483 237859 160652 6489 6474 160659 
6 : 218602 216700 53430 216696 53426 53425 
6 : 94082 179174 159156 94075 94072 159148 
6 : 118401 50443 232201 50425 118399 50440 
6 : 201493 137253 107996 137245 107990 107987 
6 : 237896 224178 237898 224179 238012 224183 
6 : 237909 4768 199680 4770 199682 4766 
6 : 237911 214221 237916 214230 259394 214236 
6 : 105649 127342 90465 105638 90448 90451 
6 : 29166 65948 210754 29147 29162 65943 
6 : 209954 175737 237981 175726 209958 175743 
6 : 217805 110697 204519 110690 204515 110687 
6 : 222932 237983 237973 222938 222931 237979 
6 : 122116 237987 237818 122127 122115 237830 
6 : 235471 215435 222581 215434 222579 215432 
6 : 119934 238044 137511 119937 119922 137514 
6 : 202358 238048 194267 202366 194263 194273 
6 : 238045 238052 198692 249076 198697 198706 
6 : 238047 43209 238046 43215 249262 43214 
6 : 238051 23194 238043 23202 241117 23195 
6 : 238053 181925 198739 181936 198751 181918 
6 : 155524 238055 77906 155528 77889 77908 
6 : 208287 238097 238098 208290 208292 251675 
6 : 83762 120811 134890 83751 83753 120800 
6 : 238110 125424 153655 125425 153657 125412 
6 : 220934 83666 101194 83659 101189 83644 
6 : 204170 230893 233493 204168 204169 230892 
6 : 95305 238157 207995 95306 95301 207997 
6 : 238158 131121 204736 131125 204738 131119 
6 : 227945 238170 56370 227957 56366 56380 
6 : 184335 191720 33426 184331 33414 33415 
6 : 123911 179966 216256 123899 123907 179963 
6 : 189972 221538 238195 189969 189974 221540 
6 : 229442 186536 238196 186534 229447 186541 
6 : 189181 120786 238200 120775 189184 120788 
6 : 158170 238233 238235 158173 158178 244476 
6 : 224600 238234 232267 224605 224599 232274 
6 : 30107 238245 55983 30117 30092 55993 
6 : 150957 43473 157747 43466 150950 43467 
6 : 238248 238246 236348 238702 236352 236349 
6 : 238252 238250 120854 257124 120863 120862 
6 : 8527 127872 107783 8520 8518 107767 
6 : 238286 237771 81224 237786 81232 81223 
6 : 192319 238289 218331 192320 192315 218332 
6 : 238290 238300 238295 239672 239665 247327 
6 : 222023 220566 7860 220564 7854 7852 
6 : 238346 238344 238347 261768 263155 261769 
6 : 173125 238354 238349 173137 173126 238832 
6 : 180288 238356 100930 180290 100921 100933 
6 : 46658 218690 238389 46655 46660 218694 
6 : 238396 116152 181230 116156 181236 116148 
6 : 238399 57771 238394 57782 253499 57775 
6 : 238404 111549 234978 111558 234988 111547 
6 : 238407 223197 75894 223198 75895 75892 
6 : 168270 238411 72521 168271 72509 72522 
6 : 211769 107650 22479 107643 22477 22462 
6 : 238437 94675 136619 94678 136623 94664 
6 : 238440 204575 19044 204584 19052 19038 
6 : 71454 238442 238441 71460 71458 248869 
6 : 91686 122284 238475 91673 91690 122287 
6 : 107089 91687 94476 91669 94457 91667 
6 : 238482 70529 238481 70540 262968 70536 
6 : 84984 128350 238486 84976 84987 128357 
6 : 114962 24093 143572 24078 114956 24086 
6 : 103276 173826 71110 103269 71091 71102 
6 : 108106 238518 238519 108111 108112 249776 
6 : 70739 136253 238523 70732 70743 136256 
6 : 165585 190177 238521 165581 165586 190178 
6 : 236204 133770 56784 133769 56783 56767 
6 : 238529 63281 200412 63286 200419 63276 
6 : 45913 238584 34893 45916 34875 34897 
6 : 198012 238594 238589 198018 198013 240478 
6 : 238595 238592 238590 255234 240923 240917 
6 : 131122 124513 134083 124500 131114 124501 
6 : 27223 160129 238639 27212 27229 160139 
6 : 230510 147065 238638 147064 230513 147071 
6 : 238641 238640 210157 253721 210161 210160 
6 : 19774 86536 196658 19763 19768 86531 
6 : 109341 238683 44366 109345 44347 44372 
6 : 179175 238687 123862 179177 123854 123868 
6 : 142690 105559 238695 105542 142695 105564 
6 : 238726 182799 238728 182800 243776 182804 
6 : 238767 205425 238770 205429 246103 205435 
6 : 238778 219626 199509 219633 199523 199503 
6 : 238779 219854 238773 219860 245356 219856 
6 : 185687 152696 230132 152686 185685 152693 
6 : 31366 13485 238825 13465 31371 13493 
6 : 11155 238859 87624 11162 11141 87632 
6 : 208971 162332 206403 162324 206394 162322 
6 : 238692 19628 201695 19627 201694 19622 
6 : 124372 205117 238918 124368 124376 205125 
6 : 238919 238917 238916 244467 239275 239269 
6 : 204824 185000 163075 184993 163068 163060 
6 : 10096 188437 35645 10091 10077 35635 
6 : 141522 189462 70304 141510 70283 70293 
6 : 142379 238930 238929 142390 142386 253203 
6 : 238951 238949 238954 258175 262442 258178 
6 : 84094 238969 24130 84097 24112 24136 
6 : 110442 1940 56656 1926 56639 1923 
6 : 45472 238994 238987 45485 45474 242173 
6 : 169397 214759 239026 169392 169405 214764 
6 : 188310 220610 171104 188308 171097 171101 
6 : 11132 7830 203958 7809 11126 7828 
6 : 97426 111528 128049 97415 97416 111511 
6 : 200731 204299 192439 200727 192432 192433 
6 : 29190 154878 239076 29181 29193 154883 
6 : 194637 239083 239081 194642 194639 249224 
6 : 188404 239089 2093 188407 2086 2096 
6 : 239088 239086 206893 242944 206899 206894 
6 : 219499 239105 188273 219511 188269 188288 
6 : 239095 235995 216257 235999 216259 216255 
6 : 239153 199271 239147 199280 248663 199274 
6 : 153550 186734 187888 153543 153544 186727 
6 : 239186 188542 239187 188544 252843 188546 
6 : 119935 183654 21987 119928 21970 21979 
6 : 216621 134425 194268 134424 194266 134419 
6 : 239245 230480 239249 230485 258511 230488 
6 : 239283 223900 239282 223906 264689 223905 
6 : 239284 208304 198224 208308 198239 198216 
6 : 121611 222814 197407 121605 121604 197401 
6 : 239337 189295 239339 189297 261226 189300 
6 : 142939 4124 98540 4109 98524 4107 
6 : 161842 135180 225753 135164 161840 135175 
6 : 101532 175629 190942 101525 101526 175621 
6 : 63838 213007 237839 63833 63837 213006 
6 : 64903 2780 9974 2765 9952 2759 
6 : 98212 239440 208055 98213 98209 208057 
6 : 201978 92211 239447 92199 201985 92221 
6 : 239493 239497 221900 258975 221904 221907 
6 : 186583 1305 239499 1296 186584 1306 
6 : 239503 239507 117942 249767 117945 117947 
6 : 170918 230543 84930 170917 84922 84928 
6 : 230466 157456 136590 157454 136587 136576 
6 : 142914 126783 173035 126768 142905 126771 
6 : 167266 147497 228345 147488 167264 147495 
6 : 239585 239586 136072 255506 136077 136082 
6 : 6197 239592 181572 6201 6192 181580 
6 : 239590 1734 239596 1740 253842 1750 
6 : 239593 9322 239594 9331 262365 9332 
6 : 32568 157725 239597 32564 32572 157727 
6 : 227506 112185 227012 112180 227007 112179 
6 : 1507 131501 222552 1498 1505 131497 
6 : 106633 239635 239637 106635 106639 256865 
6 : 195598 239638 7360 195599 7347 7362 
6 : 239641 54064 223666 54066 223669 54061 
6 : 239646 42597 177696 42608 177705 42594 
6 : 53371 239652 239655 53376 53381 253692 
6 : 168370 185353 99960 168360 99944 99946 
6 : 188032 80955 207355 80944 188030 80953 
6 : 75868 93628 239690 75855 75875 93632 
6 : 198043 239712 239709 198050 198046 256844 
6 : 22123 203311 61321 22117 22105 61315 
6 : 74503 178589 239732 74497 74507 178593 
6 : 239738 217873 109666 217878 109671 109660 
6 : 239782 22886 71111 22896 71119 22869 
6 : 108625 71365 65590 71351 65574 65570 
6 : 40674 96592 239792 40659 40677 96599 
6 : 225042 27641 239789 27638 225044 27643 
6 : 239833 77746 16716 77753 16720 16699 
6 : 239834 126754 112286 126760 112294 112274 
6 : 71335 239839 207495 71340 71331 207502 
6 : 208947 239842 70123 208954 70118 70126 
6 : 198264 198763 217492 198257 198259 198760 
6 : 24246 107651 239883 24232 24248 107654 
6 : 239898 89588 224644 89596 224656 89585 
6 : 225109 227137 4980 225106 4974 4975 
6 : 191418 239927 120470 191421 120466 120476 
6 : 239928 72670 239926 72682 252984 72676 
6 : 95597 66112 232812 66096 95594 66110 
6 : 226537 239950 239944 226546 226542 251111 
6 : 177766 239978 183655 177774 177759 183663 
6 : 222608 239998 67406 222615 67401 67417 
6 : 197770 88114 195297 88109 195288 88108 
6 : 230773 159157 229619 159154 229616 159153 
6 : 90572 104576 240024 90557 90581 104584 
6 : 71068 190777 215200 71061 71063 190772 
6 : 240025 7494 55633 7498 55635 7470 
6 : 240065 135458 240067 135462 250760 135464 
6 : 223375 154226 69863 154219 69860 69852 
6 : 240072 232550 240071 232557 258602 232556 
6 : 35354 209680 201542 35348 35346 201535 
6 : 240141 225261 240140 225265 259013 225264 
6 : 10420 240160 236381 10425 10417 236389 
6 : 51119 108537 198780 51109 51115 108532 
6 : 100369 240184 196117 100377 100367 196128 
6 : 92476 240191 240189 92478 92477 240351 
6 : 137595 178827 193994 137584 137587 178817 
6 : 143103 240194 89487 143108 89474 89493 
6 : 240193 240192 10574 246971 10578 10577 
6 : 240206 57408 240214 57411 250762 57417 
6 : 112359 240241 155761 112362 112350 155766 
6 : 240239 165212 240242 165214 248355 165222 
6 : 225043 240249 81106 225048 81102 81114 
6 : 196905 240271 16901 196911 16897 16915 
6 : 240295 138350 232977 138354 232980 138348 
6 : 83738 104600 240311 83728 83740 104609 
6 : 96480 240312 191639 96487 96474 191646 
6 : 240314 187976 240313 187984 263523 187982 
6 : 197525 240347 240346 197531 197530 259950 
6 : 240343 207253 233819 207258 233823 207252 
6 : 149019 112186 66302 112170 66292 66286 
6 : 157928 240384 83408 157936 83396 83416 
6 : 110910 3983 232935 3967 110908 3981 
6 : 240435 56513 240431 56522 247444 56514 
6 : 240441 180349 28330 180363 28340 28321 
6 : 30894 240484 182456 30902 30887 182461 
6 : 140729 240488 13077 140730 13062 13078 
6 : 240489 45352 125200 45354 125202 45341 
6 : 240494 122717 12296 122728 12308 12282 
6 : 195360 240496 240495 195363 195362 242316 
6 : 13641 110999 3492 13626 3460 3471 
6 : 49267 208545 240506 49261 49271 208551 
6 : 230572 102419 205004 102416 205003 102412 
6 : 19726 74050 240537 19718 19734 74064 
6 : 240545 240548 150255 251759 150261 150263 
6 : 240577 195115 83409 195117 83413 83400 
6 : 240579 89865 87236 89876 87241 87214 
6 : 199756 104715 82402 104707 82393 82381 
6 : 240582 5770 240581 5772 242362 5771 
6 : 121266 77527 205891 77512 121258 77518 
6 : 215798 240264 3864 215797 3857 3863 
6 : 60884 114826 240615 60869 60887 114828 
6 : 20184 51146 228456 20170 20183 51144 
6 : 240667 14516 240668 14518 254583 14520 
6 : 240542 19961 228525 19960 228524 19956 
6 : 201232 52167 36393 52158 36386 36367 
6 : 213533 240715 119046 213541 119043 119057 
6 : 75845 240721 240725 75848 75851 257816 
6 : 114663 11007 133351 10993 114654 10996 
6 : 204097 126649 184658 126643 184648 126640 
6 : 228395 45504 19046 45502 19040 19018 
6 : 213796 240734 125452 213805 125445 125462 
6 : 92500 155387 177627 92487 92488 155377 
6 : 48816 240749 203077 48817 48811 203078 
6 : 240750 124948 32472 124953 32476 32459 
6 : 240754 203056 220425 203058 220426 203053 
6 : 126513 37502 23520 37492 23501 23494 
6 : 221604 117585 240790 117583 221607 117588 
6 : 161750 48716 59524 48704 59509 48694 
6 : 228445 99034 240795 99031 228446 99035 
6 : 240837 240833 240832 243476 241927 241917 
6 : 155923 176957 240842 155915 155927 176961 
6 : 163635 217774 233773 163630 163633 217772 
6 : 240885 240883 57683 250981 57689 57687 
6 : 240888 240882 240884 243599 251285 243592 
6 : 161825 68876 121222 68867 121207 68863 
6 : 225815 36308 25898 36303 25893 25879 
6 : 240902 240904 12222 263985 12230 12232 
6 : 53372 240932 200535 53379 53366 200541 
6 : 240930 221135 240928 221141 242270 221136 
6 : 148800 212984 107479 148797 107470 107475 
6 : 240947 195621 191215 195628 191223 191201 
6 : 113490 152157 191703 113481 113482 152150 
6 : 240986 131816 148298 131822 148305 131802 
6 : 240996 42509 240993 42518 253799 42512 
6 : 45041 140864 237495 45027 45039 140863 
6 : 210210 228262 116439 210204 116431 116435 
6 : 241005 42920 241015 42923 245971 42930 
6 : 47691 241037 206606 47693 47686 206610 
6 : 55895 241039 93329 55901 55884 93337 
6 : 235267 241045 241046 235275 235277 265326 
6 : 241050 31552 212460 31553 212463 31546 
6 : 241054 241051 216701 256809 216707 216702 
6 : 239704 241095 241097 239713 239715 263147 
6 : 178464 241100 241099 178469 178468 263361 
6 : 55869 241136 158356 55879 55859 158373 
6 : 175000 150128 122512 150120 122506 122504 
6 : 241182 112841 100559 112848 100571 100537 
6 : 44282 223770 241186 44280 44285 223777 
6 : 215866 241185 173400 215869 173393 173406 
6 : 170919 241222 163555 170923 163545 163562 
6 : 232457 230654 18141 230651 18136 18134 
6 : 241218 110623 173304 110627 173309 110611 
6 : 28231 241224 241227 28233 28238 250699 
6 : 239992 119460 198695 119457 198693 119451 
6 : 185338 125122 212015 125107 185331 125114 
6 : 232540 211416 109541 211412 109540 109533 
6 : 65263 196375 232238 65255 65260 196373 
6 : 132510 13557 94607 13541 94594 13540 
6 : 213402 153937 231695 153934 213400 153936 
6 : 241323 241326 132067 264165 132075 132078 
6 : 121511 27275 241329 27265 121516 27281 
6 : 241350 241351 241354 248375 248379 251218 
6 : 106308 241409 185532 106315 106299 185540 
6 : 241419 50222 155978 50229 155989 50212 
6 : 125304 241430 157153 125309 125295 157162 
6 : 62727 233943 11225 62724 11206 11222 
6 : 180514 15642 31367 15633 31357 15625 
6 : 20117 103456 61909 20101 20098 61888 
6 : 157129 241460 208069 157138 157121 208082 
6 : 229985 132496 162041 132493 162037 132486 
6 : 241506 241502 241505 258360 262952 258359 
6 : 158256 241509 241507 158266 158257 245455 
6 : 241513 241510 241512 264537 265414 264536 
6 : 154740 191855 241541 154733 154744 191858 
6 : 51967 202486 241545 51964 51972 202492 
6 : 160689 241549 126967 160690 126956 126968 
6 : 158120 241556 241566 158124 158135 249310 
6 : 241591 142808 222553 142816 222564 142804 
6 : 241593 241597 241599 246181 246183 264643 
6 : 79310 241601 206038 79312 79305 206041 
6 : 216232 236269 222517 216231 216230 222516 
6 : 127975 178395 114490 127969 114475 114482 
6 : 202843 199757 241643 199746 202844 199758 
6 : 241648 135677 223337 135685 223344 135673 
6 : 129642 159810 49529 129636 49510 49515 
6 : 203565 159025 8477 159016 8466 8459 
6 : 241679 122609 196473 122615 196479 122604 
6 : 147536 207718 241686 147531 147539 207725 
6 : 187992 231951 103999 187988 103988 103996 
6 : 183498 241691 111350 183510 111340 111360 
6 : 241688 241689 11670 246954 11674 11680 
6 : 69446 241695 137922 69453 69434 137932 
6 : 198482 100632 172044 100620 172038 100618 
6 : 241701 141408 241700 141414 252174 141412 
6 : 113288 231048 164504 113285 113283 164501 
6 : 241738 119857 108289 119865 108295 108272 
6 : 131938 241742 227458 131941 131935 227463 
6 : 24571 42130 224696 24550 24566 42124 
6 : 76188 226852 82990 76185 76179 82986 
6 : 126340 241765 241766 126348 126349 265514 
6 : 143003 224557 241763 143000 143005 224560 
6 : 241769 184775 241767 184780 251253 184777 
6 : 241777 133873 241774 133885 250010 133877 
6 : 24396 192295 241810 24390 24400 192300 
6 : 65836 42067 126756 42051 65824 42053 
6 : 239501 241814 70156 239504 70153 70160 
6 : 230358 241854 93704 230362 93701 93710 
6 : 137393 64411 158357 64400 137386 64402 
6 : 239542 241861 187555 239550 187554 187565 
6 : 3454 192007 210521 3443 3447 192002 
6 : 181913 130241 105319 130226 105306 105297 
6 : 66337 6512 42922 6497 42906 6496 
6 : 181026 169621 157155 169611 157147 157144 
6 : 170057 241957 97355 170061 97349 97359 
6 : 149320 197972 221773 149308 149316 197969 
6 : 103808 171124 241983 103803 103819 171134 
6 : 191258 177222 65591 177214 65583 65581 
6 : 241779 57160 170668 57159 170667 57150 
6 : 241989 232613 241207 232618 241213 232611 
6 : 30921 230425 51043 30919 30909 51039 
6 : 242022 139887 33383 139891 33385 33368 
6 : 45625 123639 123983 45613 45614 123624 
6 : 242029 140965 111000 140972 111005 110987 
6 : 242077 242079 85105 259389 85110 85111 
6 : 242078 60172 214241 60175 214247 60168 
6 : 20738 200433 242083 20727 20745 200442 
6 : 238649 242086 10886 238654 10885 10891 
6 : 237092 172500 241073 172498 237090 172499 
6 : 242131 76819 206677 76823 206682 76814 
6 : 202326 242182 178320 202328 178313 178321 
6 : 242189 193426 242194 193430 252625 193434 
6 : 94301 85225 192889 85208 94294 85216 
6 : 146287 242209 214153 146296 146284 214165 
6 : 242204 242206 216093 256552 216097 216099 
6 : 196104 165274 131244 165269 131234 131230 
6 : 60124 92689 242246 60114 60130 92696 
6 : 120562 242243 224105 120564 120559 224108 
6 : 196087 136817 66834 136813 66827 66821 
6 : 109950 168911 215399 109936 109944 168903 
6 : 123593 184640 242279 123586 123596 184642 
6 : 198403 242283 152271 198404 152265 152273 
6 : 156035 165162 153220 156029 153202 153203 
6 : 33521 242331 174321 33526 33515 174327 
6 : 112385 141971 133694 112372 112371 133681 
6 : 242341 93572 192479 93583 192489 93567 
6 : 130460 173257 242379 130448 130462 173259 
6 : 198824 235595 52479 198823 52470 52478 
6 : 156628 222122 242399 156622 156632 222127 
6 : 242469 226429 242472 226430 250216 226436 
6 : 242471 103864 190289 103869 190297 103854 
6 : 242521 242520 235314 246478 235319 235317 
6 : 242526 242523 204392 262425 204407 204405 
6 : 242535 110970 242540 110972 254080 110979 
6 : 242537 238330 1134 238337 1141 1132 
6 : 81052 35614 242562 35596 81056 35616 
6 : 242565 231683 242567 231687 255196 231693 
6 : 224682 242582 42728 224689 42724 42735 
6 : 144460 242589 59526 144472 59508 59536 
6 : 139702 242621 242622 139707 139708 265074 
6 : 228577 125571 206979 125568 206977 125563 
6 : 242649 62662 159931 62666 159935 62650 
6 : 152576 242655 207634 152579 152565 207642 
6 : 168416 242659 242657 168421 168420 263491 
6 : 37958 152034 147997 37951 37950 147984 
6 : 208873 224331 182113 208871 182109 182112 
6 : 122137 214362 220884 122132 122133 214361 
6 : 113011 162633 241964 113003 113010 162632 
6 : 224854 242704 201698 224855 201693 201699 
6 : 104644 242742 156941 104651 104637 156946 
6 : 242752 242750 124889 259774 124896 124892 
6 : 242761 181866 58400 181882 58409 58389 
6 : 162710 192278 85106 162704 85092 85093 
6 : 203734 242791 468 203741 459 479 
6 : 228094 198598 108403 198597 108398 108394 
6 : 242792 121064 204844 121071 204852 121060 
6 : 242794 242795 68364 263654 68374 68375 
6 : 203284 228895 242799 203279 203289 228898 
6 : 67945 164812 196692 67936 67940 164805 
6 : 53347 181129 47878 53338 47859 47868 
6 : 183615 146564 65702 146553 65689 65686 
6 : 236084 220554 242838 220551 236088 220558 
6 : 186463 242101 38743 186462 38728 38742 
6 : 56150 242875 242874 56153 56152 247513 
6 : 161409 102699 227313 102691 161407 102696 
6 : 203294 242878 242879 203299 203301 264038 
6 : 140845 157030 231333 140837 140843 157026 
6 : 59331 192190 242161 59326 59330 192189 
6 : 97765 237418 152482 97762 97749 152480 
6 : 206090 242926 172686 206099 172681 172698 
6 : 242929 133479 469 133482 477 447 
6 : 238738 226047 176750 226046 176749 176747 
6 : 201765 64662 206584 64653 201757 64654 
6 : 242994 167619 242995 167620 249452 167621 
6 : 208732 1265 108157 1263 108153 1249 
6 : 227793 9458 243027 9455 227797 9461 
6 : 243026 174515 35053 174522 35060 35040 
6 : 88356 232194 239268 88353 88355 232193 
6 : 156344 243069 163902 156347 156338 163906 
6 : 174466 34894 243081 34882 174470 34901 
6 : 212141 243080 243078 212144 212142 245287 
6 : 233205 243122 181110 233213 181107 181117 
6 : 29345 243130 191704 29351 29339 191712 
6 : 72764 243127 129721 72767 72755 129722 
6 : 181803 243136 118583 181807 118576 118588 
6 : 243132 193918 243138 193923 256866 193926 
6 : 243134 47719 69289 47722 69294 47704 
6 : 243135 67505 187229 67509 187237 67501 
6 : 25641 226788 243173 25637 25649 226794 
6 : 240316 243177 242953 240319 240315 242963 
6 : 43331 227574 243187 43327 43336 227580 
6 : 135554 190965 207341 135550 135552 190959 
6 : 161427 229503 198534 161425 161420 198531 
6 : 243211 12143 184916 12152 184925 12133 
6 : 115186 243255 218273 115189 115184 218276 
6 : 243254 90953 243259 90955 255091 90961 
6 : 243258 53348 243257 53356 263208 53355 
6 : 149607 243266 119047 149610 119036 119059 
6 : 243270 137320 243272 137327 263698 137329 
6 : 243299 210510 240770 210517 240776 210509 
6 : 108055 219900 243303 108047 108061 219907 
6 : 134426 243310 243314 134427 134433 259530 
6 : 207535 4591 243307 4585 207536 4592 
6 : 243313 243308 243312 249482 263574 249481 
6 : 243316 149713 242007 149716 242013 149712 
6 : 131037 155788 183750 131020 131026 155777 
6 : 213464 243342 142158 213469 142154 142160 
6 : 62729 243347 13487 62732 13466 13492 
6 : 162800 243350 155673 162808 155660 155682 
6 : 228141 188438 232936 188432 228138 188434 
6 : 223755 12568 161075 12563 161069 12557 
6 : 67244 140104 243391 67231 67253 140111 
6 : 16246 73641 13857 16234 13834 13838 
6 : 189675 188507 203115 188497 189672 188499 
6 : 243398 11312 158539 11314 158542 11299 
6 : 243428 70667 176016 70670 176019 70654 
6 : 207309 222784 243434 207303 207315 222789 
6 : 243432 231447 243437 231449 248225 231460 
6 : 64972 26287 69596 26269 64954 26271 
6 : 243483 129841 120495 129849 120503 120486 
6 : 951 227185 204041 950 946 204039 
6 : 99898 231059 144964 99896 99888 144962 
6 : 213715 26254 66151 26250 66143 26231 
6 : 136457 199828 238801 136450 136456 199826 
6 : 142320 142141 243580 142128 142322 142142 
6 : 64841 192628 161953 64834 64831 161943 
6 : 243588 243589 243587 264667 264228 264229 
6 : 206238 243627 162841 206239 162838 162842 
6 : 243628 155886 172217 155890 172221 155880 
6 : 243630 53207 200387 53211 200392 53203 
6 : 22567 243679 48632 22570 22552 48634 
6 : 75271 206818 243691 75266 75278 206828 
6 : 238693 29191 16601 29189 16599 16575 
6 : 167587 181111 23673 167580 23662 23663 
6 : 121512 243772 52200 121520 52183 52210 
6 : 243775 243778 189730 251403 189735 189740 
6 : 12263 131065 127467 12247 12246 127449 
6 : 55521 235967 140562 55519 55513 140560 
6 : 131756 243835 181307 131763 131750 181313 
6 : 150427 136052 239514 136034 150425 136050 
6 : 112466 159693 122262 112453 112451 122248 
6 : 243877 243880 243878 263969 263967 265241 
6 : 87343 184284 191919 87333 87334 184277 
6 : 121020 112713 243881 112696 121024 112716 
6 : 243888 243886 210421 250813 210426 210423 
6 : 102184 236179 218057 102180 102178 218052 
6 : 175136 243912 32474 175140 32461 32481 
6 : 243909 53290 243908 53297 258706 53295 
6 : 42333 188457 118200 42323 42317 118190 
6 : 121597 69153 128167 69141 121588 69142 
6 : 243923 180232 134650 180235 134652 134639 
6 : 96069 12411 149118 12396 96058 12400 
6 : 120563 158855 66835 120552 66819 66826 
6 : 220275 89277 241966 89275 220273 89276 
6 : 243957 243960 243956 249662 244084 244092 
6 : 215176 237311 244006 215174 215177 237314 
6 : 976 66304 102301 959 960 66283 
6 : 241138 141633 232270 141631 232269 141629 
6 : 81356 190347 244025 81345 81365 190357 
6 : 126320 244022 193628 126327 126314 193639 
6 : 244021 224622 244017 224630 245680 224623 
6 : 244023 244019 165430 257253 165439 165436 
6 : 244024 217630 224440 217638 224451 217624 
6 : 222048 121407 185464 121404 185461 121399 
6 : 153938 31245 142955 31236 142946 31234 
6 : 123814 110148 244059 110132 123820 110153 
6 : 217398 213583 244058 213576 217404 213587 
6 : 244081 177586 244078 177597 265068 177596 
6 : 244111 15474 106908 15477 106914 15461 
6 : 64623 43298 222736 43287 64620 43294 
6 : 93786 39114 244115 39095 93787 39115 
6 : 209889 227821 112738 209887 112730 112735 
6 : 15622 137596 230720 15610 15619 137594 
6 : 100659 15508 244127 15488 100666 15514 
6 : 244123 242152 156114 242158 156119 156113 
6 : 92276 208972 24904 92270 24880 24899 
6 : 227764 201050 68911 201047 68906 68900 
6 : 22189 233282 244195 22184 22192 233286 
6 : 244217 244215 235378 261799 235388 235385 
6 : 88769 244240 244237 88774 88773 260886 
6 : 244238 74870 244236 74877 244958 74871 
6 : 16247 244242 230705 16250 16245 230709 
6 : 244241 228713 46388 228714 46389 46386 
6 : 37244 16903 1704 16885 1681 1678 
6 : 242030 25027 244289 25026 242033 25029 
6 : 244288 203588 244293 203590 250764 203598 
6 : 205590 240755 207046 205589 205584 207043 
6 : 51336 213351 244324 51333 51338 213352 
6 : 244332 17938 241717 17939 241719 17937 
6 : 106310 70635 89224 70620 89208 70619 
6 : 242303 244341 244344 242305 242307 248315 
6 : 243322 96596 201294 96594 201292 96584 
6 : 244377 7431 244378 7433 252150 7434 
6 : 76232 212576 107505 76229 76220 107497 
6 : 70453 126148 204757 70446 70450 126143 
6 : 241456 58509 202827 58506 202824 58501 
6 : 144277 244411 213159 144282 144276 213163 
6 : 244422 244420 226994 263978 227006 227004 
6 : 177830 59110 74911 59098 74892 59088 
6 : 179195 50762 244439 50750 179196 50764 
6 : 198014 31129 5309 31122 5299 5276 
6 : 244445 228844 215128 228847 215131 215123 
6 : 145455 163278 180352 145446 145448 163265 
6 : 202719 45272 198438 45265 198430 45263 
6 : 244498 10516 210537 10520 210542 10510 
6 : 40266 226929 87370 40262 40252 87364 
6 : 200506 244544 141201 200508 141187 141205 
6 : 244543 244549 230021 254208 230025 230039 
6 : 183165 18097 195064 18087 183159 18090 
6 : 1458 152122 244573 1445 1463 152126 
6 : 222049 244576 85557 222057 85553 85566 
6 : 156407 235492 25180 156405 25168 25178 
6 : 244607 236919 178788 236920 178791 178787 
6 : 244615 244617 106909 263400 106916 106918 
6 : 197199 227374 244645 197197 197208 227386 
6 : 236605 28294 228188 28291 228186 28286 
6 : 216651 127800 32692 127794 32686 32678 
6 : 225177 58708 244658 58705 225185 58714 
6 : 244693 244692 200078 263620 200088 200087 
6 : 199172 244721 86623 199173 86612 86625 
6 : 243913 244726 79467 243915 79466 79469 
6 : 56151 29214 244778 29200 56158 29222 
6 : 71456 226107 140889 71452 71444 140884 
6 : 134289 244783 244785 134291 134292 255168 
6 : 189692 14707 213019 14698 189687 14701 
6 : 244822 225558 244820 225571 254418 225562 
6 : 48652 122212 244825 48642 48656 122215 
6 : 199388 29578 244824 29568 199391 29583 
6 : 244826 244823 134085 251360 134091 134086 
6 : 244851 168662 71512 168667 71516 71500 
6 : 17453 244876 131385 17456 17441 131390 
6 : 197576 179471 244918 179458 197577 179474 
6 : 244922 244919 21683 260011 21690 21688 
6 : 244925 66478 244917 66486 244965 66479 
6 : 225287 137322 192458 137317 192453 137312 
6 : 228504 244934 244927 228517 228509 253284 
6 : 244933 45075 244929 45081 255210 45078 
6 : 74664 15644 244935 15627 74665 15645 
6 : 193921 231422 112623 193916 112618 112620 
6 : 38173 194739 244970 38169 38176 194743 
6 : 8249 234658 141202 8246 8234 141198 
6 : 10888 41923 165626 10865 10874 41908 
6 : 236486 30015 128378 30013 128374 30001 
6 : 244978 244977 120619 250816 120629 120623 
6 : 104431 93458 209955 93440 104421 93449 
6 : 147759 245013 245011 147766 147762 260852 
6 : 198298 83272 125088 83263 125082 83258 
6 : 245022 232240 174256 232251 174266 174249 
6 : 155439 78474 48026 78468 48017 48010 
6 : 245029 16522 29215 16529 29219 16506 
6 : 162525 168236 65737 162510 65722 65725 
6 : 245071 245073 245072 256042 256041 260776 
6 : 9975 237841 144938 9973 9961 144937 
6 : 63839 245101 165897 63841 63825 165902 
6 : 177019 218118 114576 177013 114568 114571 
6 : 222411 129350 227138 129347 222408 129348 
6 : 208373 20997 190097 20991 190089 20988 
6 : 117111 245144 103715 117119 103696 103722 
6 : 185843 244740 169912 185842 169904 169911 
6 : 245143 245140 120620 257535 120628 120625 
6 : 204534 7327 28444 7323 28435 7303 
6 : 54162 78170 154880 54144 54152 78154 
6 : 245224 239695 170776 239700 170778 170774 
6 : 245271 245272 245270 250408 250354 250358 
6 : 245304 245305 245298 265571 259061 259062 
6 : 225128 245324 57442 225136 57438 57452 
6 : 245336 73079 245335 73083 248411 73081 
6 : 210664 245362 40046 210670 40042 40053 
6 : 232362 245361 173971 232364 173969 173982 
6 : 174130 245366 59557 174137 59541 59565 
6 : 245367 73378 134344 73386 134349 73360 
6 : 195623 191781 107482 191771 107472 107471 
6 : 245391 124854 237330 124859 237335 124851 
6 : 16052 133439 170954 16043 16045 133430 
6 : 178451 9193 187576 9188 178447 9189 
6 : 245413 203623 148083 203629 148089 148079 
6 : 9194 166974 37764 9185 9172 37755 
6 : 241773 222208 108056 222207 108054 108048 
6 : 41685 108976 70701 41673 41671 70682 
6 : 178736 209630 167843 178728 167832 167838 
6 : 198998 245466 128498 199005 128488 128507 
6 : 245471 227102 66305 227108 66311 66298 
6 : 49775 245495 245491 49782 49776 252953 
6 : 237854 163662 160989 163660 160987 160974 
6 : 171634 245526 207359 171637 171630 207361 
6 : 245549 102154 189616 102155 189617 102146 
6 : 26856 22348 245586 22324 26864 22355 
6 : 40805 223961 108565 40804 40797 108562 
6 : 72766 245584 125306 72769 72754 125310 
6 : 144415 160800 124187 144403 124175 124178 
6 : 149826 245587 212368 149827 149820 212369 
6 : 128864 175018 112868 128853 112850 112856 
6 : 138466 96113 111114 96103 111100 96099 
6 : 118859 199030 168753 118851 118849 168742 
6 : 133733 158607 123570 133725 123558 123560 
6 : 220569 60508 173306 60499 173293 60493 
6 : 113615 245649 3494 113625 3472 3502 
6 : 21916 229877 39700 21913 21901 39697 
6 : 40400 160627 70157 40393 40390 70139 
6 : 245696 245697 231952 264673 231956 231958 
6 : 178092 245699 245702 178095 178097 257510 
6 : 228058 153818 245698 153816 228063 153821 
6 : 179160 144693 245746 144687 179162 144695 
6 : 245748 214718 240275 214724 240286 214716 
6 : 170287 117866 245756 117852 170296 117873 
6 : 149297 224939 63082 149293 63061 63076 
6 : 219177 245800 213501 219181 213491 213504 
6 : 78528 106458 227049 78513 78526 106454 
6 : 207666 122213 245808 122207 207672 122219 
6 : 245385 187824 44369 187823 44368 44355 
6 : 203804 240079 245837 203802 203806 240083 
6 : 245843 142071 145613 142080 145623 142059 
6 : 239543 245849 171286 239548 171285 171291 
6 : 245899 245894 120017 246239 120027 120018 
6 : 39671 149987 233775 39659 39668 149984 
6 : 245902 245901 245905 252306 252501 252311 
6 : 245713 54256 245946 54255 245715 54261 
6 : 121774 165276 245960 121764 121782 165284 
6 : 177683 92762 194566 92753 177677 92754 
6 : 29659 4681 215331 4654 29656 4677 
6 : 212618 246085 133574 212619 133567 133576 
6 : 168620 154841 246089 154830 168621 154842 
6 : 25097 246124 38846 25104 25085 38851 
6 : 105020 162892 138846 105011 105010 138834 
6 : 92305 246127 235040 92308 92303 235046 
6 : 246126 123077 37133 123080 37136 37117 
6 : 112843 199086 241918 112830 112842 199085 
6 : 97697 226501 94977 97695 94961 94976 
6 : 232958 246214 246212 232967 232965 263719 
6 : 51927 246216 244314 51930 51926 244323 
6 : 245474 102958 167094 102957 167092 102942 
6 : 246217 184660 230133 184661 230135 184654 
6 : 114100 225986 156582 114093 114088 156571 
6 : 164719 246244 152621 164725 152602 152626 
6 : 212494 26719 176751 26710 176745 26703 
6 : 169309 231287 246149 169304 169308 231286 
6 : 239901 246247 185556 239904 185555 185557 
6 : 235702 44168 210083 44163 210078 44157 
6 : 194504 246331 157952 194513 157944 157965 
6 : 246329 57062 195129 57070 195138 57054 
6 : 92965 239613 123078 92964 92960 123076 
6 : 19286 246340 160432 19290 19279 160440 
6 : 177751 246342 246338 177758 177755 260074 
6 : 184594 89957 228151 89947 184591 89954 
6 : 240018 217917 156802 217916 156801 156795 
6 : 246397 246393 192890 255730 192902 192894 
6 : 148 201171 61213 144 130 61210 
6 : 101511 246475 240603 101516 101509 240611 
6 : 53612 242491 50628 53610 50609 50626 
6 : 200609 181202 208726 181192 200602 181194 
6 : 160691 196675 225942 160685 160688 196669 
6 : 246523 239476 246522 239485 263835 239484 
6 : 193106 227653 246557 193100 193113 227660 
6 : 246554 246558 240673 251026 240676 240685 
6 : 246556 120136 246553 120142 247620 120137 
6 : 36750 176910 174962 36741 36740 174950 
6 : 80048 211792 239222 80040 80046 211790 
6 : 56008 246589 52050 56013 52024 52055 
6 : 90747 200536 223724 90740 90743 200533 
6 : 209047 246619 246621 209052 209053 264178 
6 : 246630 221633 246625 221639 249188 221634 
6 : 11952 234124 183018 11951 11944 183017 
6 : 241006 86228 246673 86226 241014 86235 
6 : 246672 246671 47114 263577 47119 47118 
6 : 203313 86875 219574 86869 203305 86870 
6 : 230631 133415 127929 133412 127925 127911 
6 : 240663 220998 39960 220995 39957 39956 
6 : 246722 5640 242210 5647 242222 5639 
6 : 246755 210495 246753 210501 258463 210498 
6 : 39672 243800 63327 39670 39653 63325 
6 : 246787 246785 217276 255632 217282 217280 
6 : 157616 246790 246792 157619 157623 254664 
6 : 224204 52331 34471 52325 34463 34446 
6 : 212684 227874 158723 212682 158718 158720 
6 : 246797 123794 246798 123797 259852 123798 
6 : 246820 246818 235975 260093 235980 235978 
6 : 246827 201585 246822 201588 250842 201586 
6 : 63959 15160 213198 15142 63954 15156 
6 : 148710 235423 246840 148707 148714 235431 
6 : 246839 103918 83790 103921 83795 83772 
6 : 162375 211314 30457 162371 30448 30454 
6 : 86539 180870 246874 86529 86540 180876 
6 : 218385 176090 246900 176083 218388 176091 
6 : 179094 246911 246909 179103 179102 258524 
6 : 79577 217425 246235 79573 79576 217424 
6 : 246916 231965 246011 231967 246015 231963 
6 : 139910 46715 246953 46697 139915 46720 
6 : 228438 17623 5945 17621 5943 5925 
6 : 189316 9581 150907 9571 150891 9565 
6 : 53109 141411 50935 53090 50906 50915 
6 : 219886 246997 246992 219893 219888 252177 
6 : 144654 42362 247002 42347 144657 42365 
6 : 120063 247030 222943 120066 120059 222948 
6 : 190692 25965 52170 25958 52157 25944 
6 : 180884 144233 170955 144220 170946 144219 
6 : 247084 171813 247088 171815 250301 171819 
6 : 247112 217918 247111 217928 264604 217927 
6 : 245386 91557 81108 91556 81107 81085 
6 : 86046 163751 79504 86033 79477 79487 
6 : 112869 226752 56785 112862 56765 56781 
6 : 159406 213271 214840 159404 159405 213269 
6 : 243267 144234 41764 144230 41762 41745 
6 : 134973 245782 247181 134972 134975 245787 
6 : 229004 218258 247182 218251 229006 218261 
6 : 125307 240781 46860 125303 46837 46858 
6 : 247186 157157 53146 157161 53153 53129 
6 : 247188 29546 66246 29551 66251 29525 
6 : 133987 25181 247228 25167 133990 25187 
6 : 182002 19010 235493 19002 182000 19009 
6 : 236496 140449 247229 140446 236497 140451 
6 : 247230 228059 247231 228062 254721 228064 
6 : 247232 239797 176106 239805 176113 176104 
6 : 247233 122493 46100 122500 46107 46079 
6 : 157726 236870 112187 157724 112171 112184 
6 : 247297 176943 97234 176944 97235 97223 
6 : 246766 185752 92214 185751 92213 92196 
6 : 69447 3694 56039 3675 56018 3673 
6 : 203975 29258 110597 29246 110586 29239 
6 : 247333 30160 228035 30172 228042 30155 
6 : 98884 247341 146347 98886 98870 146350 
6 : 167844 139632 242225 139615 167842 139629 
6 : 238499 164400 243061 164392 238498 164396 
6 : 128657 161997 47748 128646 47734 47737 
6 : 174553 247368 32842 174554 32830 32843 
6 : 215799 247369 247372 215805 215807 263029 
6 : 247371 164462 28144 164468 28152 28132 
6 : 141363 118652 247383 118635 141367 118655 
6 : 158541 145585 159443 145571 158529 145572 
6 : 87092 222484 203461 87089 87086 203459 
6 : 39825 247408 221286 39831 39823 221291 
6 : 51831 210987 192214 51826 51822 192206 
6 : 10809 216022 77530 10805 10797 77521 
6 : 247452 146666 205893 146674 205907 146654 
6 : 234242 78143 12539 78139 12536 12515 
6 : 6167 194253 247459 6163 6174 194257 
6 : 244508 247457 190944 244513 190943 190947 
6 : 247463 247462 228036 258414 228039 228038 
6 : 73003 29682 154172 29667 72996 29673 
6 : 241610 221608 218882 221605 218880 218875 
6 : 66056 9913 239453 9901 66053 9911 
6 : 247600 247598 179639 264963 179648 179647 
6 : 60832 184641 153854 60826 60821 153849 
6 : 158706 149 114493 138 114480 134 
6 : 191907 247638 230617 191913 191904 230626 
6 : 237038 33136 237159 33134 237037 33135 
6 : 207741 247683 247681 207745 207744 264181 
6 : 129607 159244 147877 129594 129591 147866 
6 : 236271 74445 30058 74442 30054 30034 
6 : 62247 24397 3258 24378 3240 3237 
6 : 52258 129238 153058 52248 52252 129229 
6 : 77748 172107 140128 77741 77737 140115 
6 : 172312 247755 35647 172316 35634 35655 
6 : 216306 15674 141314 15667 141309 15659 
6 : 34864 145544 247800 34853 34867 145545 
6 : 207596 247807 136728 207597 136719 136735 
6 : 227492 46545 242808 46540 227490 46544 
6 : 51121 226123 247818 51116 51123 226127 
6 : 76333 247853 20300 76341 20281 20315 
6 : 247854 59882 247855 59889 257067 59891 
6 : 247859 143254 77112 143261 77121 77095 
6 : 218721 175232 247860 175229 218724 175234 
6 : 59680 247901 247900 59692 59688 265037 
6 : 204579 244268 133354 204577 133345 133352 
6 : 247899 231544 32815 231548 32819 32811 
6 : 227177 242031 196849 227175 196844 196847 
6 : 56414 217631 228025 56407 56409 217625 
6 : 244450 193633 245674 193629 244449 193631 
6 : 233696 247938 228212 233705 228210 228220 
6 : 247939 247937 166603 264373 166617 166612 
6 : 26798 232840 247948 26795 26799 232843 
6 : 202945 247955 247952 202952 202950 259802 
6 : 16870 158660 247975 16863 16871 158661 
6 : 220222 73380 247976 73373 220224 73382 
6 : 247978 158933 226063 158936 226069 158926 
6 : 124046 216714 8793 124042 8776 8788 
6 : 247983 236210 105207 236212 105209 105205 
6 : 189366 140328 190168 140316 189357 140317 
6 : 181945 163234 168387 163228 168379 163226 
6 : 122324 12843 75701 12828 75688 12826 
6 : 182700 109362 28861 109353 28855 28848 
6 : 248028 140966 123641 140969 123645 123626 
6 : 248030 60373 3495 60376 3498 3464 
6 : 239742 248037 132830 239749 132827 132835 
6 : 248058 248061 160518 254539 160519 160524 
6 : 248060 248062 39266 259362 39271 39275 
6 : 16820 145828 21423 16810 16803 21404 
6 : 248094 213482 65306 213486 65317 65291 
6 : 127390 248096 181393 127391 127383 181395 
6 : 168828 240456 50087 168827 50076 50086 
6 : 190721 248135 235441 190726 190720 235447 
6 : 233741 183085 247437 183083 233740 183084 
6 : 248134 9856 61778 9859 61782 9839 
6 : 62344 218799 248174 62341 62348 218802 
6 : 241540 48495 201700 48492 201697 48480 
6 : 159560 110273 248180 110257 159566 110277 
6 : 140423 143038 206374 140414 140420 143034 
6 : 228699 160153 172903 160147 172900 160142 
6 : 119834 58097 77657 58084 77641 58079 
6 : 28548 248209 154881 28549 28537 154884 
6 : 222485 78171 164027 78163 164019 78155 
6 : 232996 199760 225787 199754 225782 199750 
6 : 229497 170551 229505 170549 229494 170550 
6 : 200157 244640 236453 200156 200153 236451 
6 : 145661 248246 99802 145665 99790 99809 
6 : 170728 121041 248245 121031 170731 121045 
6 : 248250 218188 248248 218199 264663 218198 
6 : 170495 190069 246421 170488 170494 190068 
6 : 108110 22889 197074 22872 108100 22883 
6 : 161348 107142 226617 107129 161345 107139 
6 : 239241 248345 248346 239242 239244 249824 
6 : 248382 248381 248384 252438 257993 252444 
6 : 173829 248387 146946 173833 146939 146954 
6 : 72619 214895 248419 72615 72620 214896 
6 : 248421 222518 199438 222520 199445 199433 
6 : 200936 104647 182115 104639 182108 104638 
6 : 185690 151526 10012 151509 9999 9993 
6 : 204100 45507 247115 45498 204099 45506 
6 : 21161 248466 28177 21169 21138 28185 
6 : 1370 64506 102029 1355 1360 64493 
6 : 111402 248520 199841 111409 111397 199851 
6 : 163235 25796 116032 25786 116019 25777 
6 : 40830 143891 248557 40822 40832 143896 
6 : 248586 189733 217057 189734 217059 189727 
6 : 248587 155204 245916 155210 245925 155203 
6 : 248593 248594 241371 264610 241378 241379 
6 : 6228 183637 248631 6213 6236 183648 
6 : 209891 166955 248632 166948 209898 166964 
6 : 238119 248625 112739 238121 112737 112741 
6 : 126121 248635 208848 126129 126114 208854 
6 : 227437 38504 205209 38500 205205 38494 
6 : 248637 221504 204042 221509 204045 204036 
6 : 248674 9513 248671 9522 257608 9518 
6 : 139025 233257 248686 139022 139030 233263 
6 : 248687 152660 248685 152668 262946 152665 
6 : 102799 161611 130485 102788 102784 130471 
6 : 222218 133492 49086 133490 49081 49069 
6 : 206660 196923 248709 196917 206668 196932 
6 : 182999 208531 219157 182991 182993 208526 
6 : 199644 232450 200478 199641 199637 200473 
6 : 137030 232867 199440 137028 137024 199436 
6 : 97550 43299 248752 43289 97554 43301 
6 : 137149 152457 159422 137138 137140 152448 
6 : 175632 248795 113535 175634 113523 113537 
6 : 129314 39986 219630 39971 129307 39977 
6 : 248835 243096 247282 243098 247285 243093 
6 : 97965 48295 218037 48275 97961 48291 
6 : 248843 55604 174062 55609 174076 55588 
6 : 213110 18582 212788 18580 212783 18579 
6 : 248322 248875 206877 248326 206876 206880 
6 : 147235 132709 65015 132693 64999 64995 
6 : 212495 248880 248882 212499 212502 262285 
6 : 230308 198320 246364 198316 230307 198319 
6 : 204805 102207 248884 102203 204806 102208 
6 : 134794 215400 165304 134787 134780 165295 
6 : 248892 38563 230254 38564 230255 38559 
6 : 246613 248920 248916 246620 246614 248989 
6 : 191345 248924 200479 191350 191338 200485 
6 : 248921 122048 248922 122049 249201 122050 
6 : 32781 87454 248935 32765 32783 87456 
6 : 67737 248960 199120 67740 67732 199129 
6 : 67866 248959 233036 67868 67864 233037 
6 : 248961 207478 49231 207484 49241 49220 
6 : 248966 126515 84179 126519 84184 84168 
6 : 246228 180609 235318 180607 235316 180606 
6 : 237027 10931 156962 10926 156958 10917 
6 : 240394 162591 40921 162588 40918 40904 
6 : 51686 187094 242776 51675 51685 187092 
6 : 43785 202510 31395 43772 31375 31388 
6 : 113819 131559 121065 113807 113806 121052 
6 : 249086 174302 247427 174312 247434 174301 
6 : 167783 120108 222805 120097 167776 120105 
6 : 20592 249110 166025 20595 20580 166031 
6 : 49492 178688 153658 49480 49476 153646 
6 : 40546 231736 249113 40544 40549 231738 
6 : 236584 210267 78710 210264 78705 78701 
6 : 249151 126590 249149 126594 249165 126591 
6 : 133335 224495 249155 133329 133339 224504 
6 : 207832 34147 190620 34138 190613 34137 
6 : 29117 249156 141315 29118 29110 141316 
6 : 112209 177056 249195 112204 112212 177064 
6 : 198766 249194 248725 198770 198765 248729 
6 : 220073 249193 216294 220076 216290 216296 
6 : 101513 68031 249199 68013 101515 68035 
6 : 240401 87239 207639 87235 207632 87224 
6 : 180384 179257 212876 179245 180378 179251 
6 : 195028 225086 165305 195020 165292 165298 
6 : 171814 131916 165501 131905 165491 131904 
6 : 121289 143381 118703 121277 118686 118689 
6 : 199089 207500 185630 199076 185621 185623 
6 : 226488 228766 19538 226484 19530 19531 
6 : 120717 115320 158565 115301 120703 115306 
6 : 249313 249312 238133 251269 238137 238134 
6 : 163407 55271 249322 55259 163411 55280 
6 : 249320 249318 145906 260156 145917 145912 
6 : 201662 249327 72300 201669 72288 72308 
6 : 133397 249365 235923 133403 133395 235934 
6 : 29929 249371 73902 29933 29918 73915 
6 : 249370 178483 249368 178490 258150 178485 
6 : 7800 42898 212152 7786 7799 42894 
6 : 174131 249382 237206 174135 174125 237210 
6 : 75820 80981 117613 75808 75812 80965 
6 : 137050 249402 249404 137055 137056 258518 
6 : 133820 226354 249409 133815 133821 226355 
6 : 202946 196773 148842 196765 148832 148831 
6 : 9383 249441 174169 9386 9373 174176 
6 : 190747 39826 249444 39815 190751 39829 
6 : 82245 216692 187578 82240 82237 187571 
6 : 249456 49493 206588 49498 206591 49482 
6 : 152252 202364 198699 152247 152245 198686 
6 : 232872 12644 225491 12642 225489 12640 
6 : 249487 249490 145939 251193 145940 145946 
6 : 249492 244571 249491 244579 263829 244578 
6 : 97165 249519 194973 97167 97162 194978 
6 : 244827 13143 249520 13140 244833 13149 
6 : 249521 81790 224810 81797 224814 81786 
6 : 249524 103584 147878 103588 147887 103572 
6 : 188524 221966 212315 188520 188519 212309 
6 : 249528 86724 233540 86730 233545 86721 
6 : 249529 205733 141817 205737 141826 141810 
6 : 152537 48496 162333 48472 152527 48474 
6 : 249560 36183 249559 36192 264686 36189 
6 : 122557 122140 249563 122128 122560 122144 
6 : 168099 88530 249575 88522 168106 88536 
6 : 198982 246301 217130 198979 198975 217128 
6 : 249606 249602 214719 255031 214726 214723 
6 : 249609 249610 249604 261671 255417 255418 
6 : 56284 249618 249623 56285 56291 256767 
6 : 193660 229300 249620 193658 193663 229303 
6 : 90547 25306 249640 25293 90552 25311 
6 : 249646 219484 249642 219496 249983 219486 
6 : 169109 151038 249650 151029 169111 151043 
6 : 112510 217853 197730 112507 112499 197723 
6 : 166538 215401 209591 166530 166529 209580 
6 : 129443 70612 4028 70604 4013 4006 
6 : 246801 178061 39861 178060 39860 39850 
6 : 155118 220126 182589 155113 155110 182583 
6 : 85295 233618 228995 85290 85289 228992 
6 : 17178 171479 7704 17170 7676 7694 
6 : 63298 248314 197621 63297 63292 197620 
6 : 14668 237761 112961 14666 14659 112958 
6 : 147760 59384 105471 59373 105456 59369 
6 : 249793 243811 172246 243812 172247 172242 
6 : 105246 249799 227595 105251 105243 227602 
6 : 210106 21056 31288 21047 31279 21034 
6 : 107374 249801 61467 107376 61454 61468 
6 : 249837 83021 101812 83030 101821 83004 
6 : 193428 249843 199681 193436 193421 199692 
6 : 246302 167269 1905 167268 1904 1894 
6 : 9610 249878 154783 9612 9603 154787 
6 : 26872 249882 239956 26877 26871 239959 
6 : 87411 221901 169335 87405 87400 169329 
6 : 245653 93672 175181 93670 175178 93660 
6 : 249889 249885 249884 253274 253223 253216 
6 : 82404 192029 147476 82391 82384 147470 
6 : 157435 235811 249920 157430 157436 235812 
6 : 211035 137956 117023 137950 117014 117007 
6 : 222967 249919 16561 222968 16555 16562 
6 : 249923 85559 236180 85571 236188 85555 
6 : 45189 249964 47632 45192 45168 47640 
6 : 116262 213340 209519 116256 116255 209507 
6 : 209035 87480 59528 87472 59518 59500 
6 : 222637 245736 233158 222635 222633 233156 
6 : 202127 249970 195319 202134 195307 195329 
6 : 50468 105650 60792 50453 50449 60773 
6 : 208376 236090 249998 208368 208378 236093 
6 : 240424 173468 240520 173464 240420 173465 
6 : 243071 190098 220559 190096 220555 190090 
6 : 107073 109639 250048 107059 107075 109641 
6 : 242803 178665 207188 178663 207184 178659 
6 : 201649 229938 109868 201648 109860 109864 
6 : 132544 205049 80961 132541 80936 80949 
6 : 232346 211245 245662 211240 232345 211243 
6 : 244425 250089 250086 244429 244428 261028 
6 : 250092 250090 250085 264213 260186 260182 
6 : 250095 161528 109544 161531 109547 109529 
6 : 199739 250101 9266 199740 9255 9267 
6 : 50710 118750 217998 50701 50708 118748 
6 : 250133 161513 69181 161517 69189 69173 
6 : 246134 28743 236723 28742 236721 28741 
6 : 250151 239707 250152 239716 264962 239718 
6 : 245767 90208 244846 90207 244845 90206 
6 : 240332 170641 250209 170640 240336 170652 
6 : 50024 250212 250211 50033 50030 262914 
6 : 250215 250213 250214 254016 254054 254015 
6 : 91774 229996 250225 91766 91780 230001 
6 : 60293 82822 250252 60275 60299 82831 
6 : 195424 172879 197078 172870 195419 172871 
6 : 249718 250294 191116 249724 191115 191130 
6 : 250290 206724 180082 206727 180085 180073 
6 : 180043 250297 42218 180046 42200 42221 
6 : 212822 182116 163444 182110 163434 163429 
6 : 250314 39598 163463 39599 163464 39585 
6 : 250323 242626 124565 242631 124570 124564 
6 : 143445 250329 250334 143446 143450 252552 
6 : 193814 135592 246422 135582 193812 135591 
6 : 198107 211794 250333 198098 198112 211800 
6 : 250331 250337 105839 255562 105841 105849 
6 : 133878 157656 245520 133866 133875 157653 
6 : 249689 108059 250345 108057 249696 108063 
6 : 91954 192030 27890 91943 27864 27875 
6 : 250366 235747 240255 235754 240262 235744 
6 : 59466 160730 250371 59455 59474 160738 
6 : 205191 250373 80844 205195 80831 80851 
6 : 4891 197689 250377 4884 4892 197691 
6 : 242247 180026 250379 180023 242248 180028 
6 : 114414 29096 243892 29075 114413 29095 
6 : 250406 182788 236341 182790 236343 182783 
6 : 239656 207563 194440 207560 194439 194428 
6 : 250409 250412 88649 260568 88651 88657 
6 : 250418 250419 241372 264162 241376 241377 
6 : 100765 144766 102725 100754 100748 102711 
6 : 158897 21685 197690 21672 158891 21677 
6 : 56729 210268 204613 56721 56719 204602 
6 : 250444 177286 194891 177291 194899 177280 
6 : 107629 241921 100562 107625 100536 100560 
6 : 231826 50025 250492 50017 231827 50026 
6 : 238159 250520 196227 238160 196220 196230 
6 : 250523 39827 192217 39830 192222 39817 
6 : 39206 250529 46329 39207 39190 46333 
6 : 197301 1784 14326 1774 14312 1753 
6 : 250558 223588 16992 223593 16996 16984 
6 : 250562 218610 100290 218613 100297 100284 
6 : 250565 250566 162951 265222 162960 162961 
6 : 155848 217551 250600 155841 155849 217552 
6 : 234302 95602 31289 95595 31285 31268 
6 : 226198 250646 54067 226202 54062 54073 
6 : 125406 199121 68365 125395 68349 68356 
6 : 112156 229075 201377 112154 112150 201374 
6 : 187039 197458 250707 187031 187041 197460 
6 : 30782 250714 119756 30784 30770 119760 
6 : 231678 48497 213289 48487 213285 48483 
6 : 166975 115570 123865 115562 123849 115557 
6 : 202365 241115 250778 202359 202372 241119 
6 : 212856 250776 243655 212858 212854 243656 
6 : 250785 233403 250782 233411 252890 233404 
6 : 126103 128605 250790 126087 126108 128611 
6 : 37790 141704 110357 37783 37781 110343 
6 : 250804 169128 47913 169140 47926 47902 
6 : 244938 187233 109620 187230 109617 109609 
6 : 239892 141905 98544 141903 98541 98523 
6 : 2940 84180 213216 2922 2932 84176 
6 : 101622 72139 4838 72123 4819 4814 
6 : 134603 250856 250858 134604 134606 253574 
6 : 250859 250857 75896 260622 75909 75901 
6 : 250866 40775 187911 40779 187913 40760 
6 : 250867 170356 250864 170363 258988 170360 
6 : 211989 88261 176303 88252 176297 88248 
6 : 232121 250890 114240 232123 114235 114243 
6 : 118301 228061 237842 118296 118298 228057 
6 : 250928 250930 113214 262421 113225 113228 
6 : 250929 114578 176108 114588 176119 114567 
6 : 130783 231191 61780 130778 61761 61773 
6 : 196356 9857 250931 9849 196361 9862 
6 : 251000 251004 251002 259156 259153 261847 
6 : 227767 251015 232204 227771 227759 232209 
6 : 177552 29830 12766 29822 12751 12734 
6 : 204580 197332 136622 197324 136612 136609 
6 : 170289 244398 246453 170286 170288 244397 
6 : 76131 251050 187795 76134 76121 187799 
6 : 76209 166352 14246 76201 14228 14236 
6 : 251052 161057 125092 161062 125103 125078 
6 : 148507 165899 172710 148494 148495 165885 
6 : 251056 251053 183754 261713 183759 183757 
6 : 214984 143817 86480 143813 86477 86464 
6 : 225559 234500 144490 225555 144482 144486 
6 : 36914 79078 235941 36894 36911 79069 
6 : 251122 251125 231745 261903 231750 231754 
6 : 251123 162416 115795 162424 115799 115778 
6 : 251129 207686 223606 207691 223610 207678 
6 : 251151 103119 169014 103120 169016 103106 
6 : 5201 251155 251160 5203 5211 251581 
6 : 172822 92665 83022 92655 83010 83002 
6 : 234101 251158 194340 234107 194337 194346 
6 : 50279 54475 37425 50267 37409 37412 
6 : 155744 251162 101288 155746 101278 101290 
6 : 138139 240198 251170 138137 138145 240204 
6 : 160603 85817 25902 85808 25890 25881 
6 : 201509 199032 251192 199020 201510 199034 
6 : 46330 178867 214920 46316 46324 178858 
6 : 52306 4683 196972 4658 52295 4674 
6 : 250527 141729 165114 141728 165113 141714 
6 : 251197 151714 191878 151718 191885 151708 
6 : 251206 110275 238184 110282 238192 110272 
6 : 133215 39387 251222 39377 133218 39391 
6 : 87682 251230 251228 87690 87685 257609 
6 : 200264 72492 251225 72488 200265 72493 
6 : 229758 251233 19845 229762 19841 19849 
6 : 251231 89300 251236 89301 252458 89302 
6 : 116871 247999 251260 116870 116872 248000 
6 : 140348 247353 198537 140345 140342 198535 
6 : 134144 156963 251262 134137 134145 156965 
6 : 177820 146391 117692 146382 117680 117677 
6 : 245103 251264 251263 245108 245105 262481 
6 : 99364 56604 241215 56580 99362 56603 
6 : 157200 22547 221505 22534 157199 22543 
6 : 194940 216176 251286 194936 194943 216179 
6 : 215828 41731 105678 41726 105671 41714 
6 : 85296 62419 168048 62399 85282 62406 
6 : 188570 233619 251292 188566 188572 233622 
6 : 168520 136359 106340 136345 106328 106322 
6 : 251323 247439 251316 247449 252706 247440 
6 : 251326 61987 251327 61989 254404 61990 
6 : 232829 251331 119400 232830 119393 119401 
6 : 251351 153856 65559 153857 65560 65542 
6 : 202651 98668 60235 98659 60226 60213 
6 : 250299 145908 251359 145907 250306 145921 
6 : 146517 42133 85075 42119 85058 42113 
6 : 241285 25644 104934 25639 104932 25623 
6 : 251422 242104 117383 242105 117385 117380 
6 : 22739 189451 219514 22726 22732 189444 
6 : 160192 222305 251433 160185 160193 222307 
6 : 166238 221727 84958 166235 84946 84951 
6 : 111865 90954 206386 90943 111862 90949 
6 : 86516 183543 149764 86506 86505 149753 
6 : 179331 251468 205431 179333 179326 205433 
6 : 168081 193661 208987 168076 168078 193656 
6 : 89734 185707 249822 89721 89733 185706 
6 : 211095 251490 116406 211098 116399 116409 
6 : 126382 167937 251526 126372 126385 167939 
6 : 68974 79047 251531 68960 68979 79052 
6 : 246603 251563 225905 246609 225902 225909 
6 : 251436 216562 192819 216561 192818 192811 
6 : 251562 251561 205896 258779 205903 205900 
6 : 174629 54164 251566 54153 174631 54167 
6 : 190333 232998 251569 190330 190338 233002 
6 : 231679 251567 71891 231680 71886 71895 
6 : 251568 175610 213290 175616 213295 175605 
6 : 189015 65530 217401 65514 189006 65521 
6 : 250452 68779 251610 68777 250458 68783 
6 : 251612 145789 228350 145791 228363 145783 
6 : 235785 27734 251646 27729 235788 27739 
6 : 49013 251650 235426 49014 49011 235429 
6 : 12300 251667 247573 12301 12297 247577 
6 : 240138 244384 155791 240135 155787 155789 
6 : 127877 177137 180308 127866 127867 177125 
6 : 243013 227909 168755 227906 168752 168749 
6 : 115149 95081 240414 95064 115147 95077 
6 : 230835 251730 236616 230840 230825 236620 
6 : 92002 44992 68743 44981 68729 44980 
6 : 251731 251732 251735 251966 251969 254020 
6 : 167754 23997 221082 23985 167747 23992 
6 : 251751 127015 50662 127022 50666 50643 
6 : 251783 173355 251782 173367 265018 173365 
6 : 251784 138288 52599 138289 52601 52584 
6 : 108746 246762 226553 108745 108740 226552 
6 : 195280 251823 246463 195281 195279 246465 
6 : 234541 69268 96301 69264 96299 69249 
6 : 61255 232614 178508 61253 61246 178504 
6 : 231832 158645 161372 158639 161365 158629 
6 : 135820 114496 244895 114478 135819 114492 
6 : 251854 69530 166569 69533 166570 69519 
6 : 96070 111646 172690 96052 96061 111632 
6 : 110197 251863 251862 110199 110198 254168 
6 : 142426 251867 175633 142429 142419 175638 
6 : 251891 209873 82709 209878 82716 82705 
6 : 156652 47976 217700 47960 156648 47969 
6 : 202044 251894 210297 202048 202036 210304 
6 : 177362 251918 180353 177364 177358 180359 
6 : 55273 251925 174412 55274 55261 174414 
6 : 251928 194341 83024 194344 83028 83014 
6 : 251942 236300 232842 236299 232841 232837 
6 : 245229 4685 146459 4680 146457 4665 
6 : 247912 109974 205681 109973 205677 109967 
6 : 246851 252017 111953 246861 111951 111960 
6 : 252031 219646 219805 219650 219811 219635 
6 : 205784 132686 60236 132680 60227 60216 
6 : 252037 192642 204150 192647 204154 192636 
6 : 228507 180171 198928 180166 198925 180163 
6 : 252045 82823 252049 82829 263833 82833 
6 : 252048 137957 187662 137964 187671 137945 
6 : 199225 221743 247324 199218 199222 221739 
6 : 62391 235900 165261 62388 62384 165255 
6 : 70793 238185 186653 70789 70780 186648 
6 : 252079 222321 252078 222327 256878 222323 
6 : 7168 214985 193228 7161 7158 193220 
6 : 252089 207774 168663 207781 168669 168659 
6 : 249626 206333 220447 206332 220446 206327 
6 : 58434 142490 252113 58418 58437 142496 
6 : 218495 250466 19812 218493 19802 19811 
6 : 244325 252110 61781 244326 61776 61783 
6 : 252138 231684 87117 231686 87118 87113 
6 : 167147 133697 31438 133684 31426 31421 
6 : 223114 112389 59529 112384 59519 59505 
6 : 252154 252149 73191 253170 73195 73192 
6 : 121715 252181 252179 121717 121716 254927 
6 : 76210 102906 252186 76194 76213 102908 
6 : 131126 29580 252192 29563 131128 29585 
6 : 161529 125125 196228 125105 161521 125109 
6 : 252190 227781 252193 227782 254386 227786 
6 : 252227 127697 119021 127704 119031 119004 
6 : 249284 248264 249502 248261 249282 248262 
6 : 250249 252256 252254 250251 250250 256476 
6 : 177650 184643 252259 177641 177652 184644 
6 : 134879 223136 201750 134867 134864 201739 
6 : 143747 252271 250163 143749 143746 250165 
6 : 252286 180354 56929 180357 56932 56919 
6 : 161274 191722 122610 161262 122594 122599 
6 : 169968 67082 11675 67067 11664 11653 
6 : 126384 252319 231120 126390 126377 231127 
6 : 186543 232220 7365 186535 7344 7358 
6 : 252332 217632 67139 217639 67148 67131 
6 : 252333 206608 108792 206617 108804 108785 
6 : 183322 229092 252347 183319 183324 229096 
6 : 232312 35326 15070 35322 15063 15046 
6 : 252349 251324 63488 251329 63492 63487 
6 : 252350 246773 126628 246776 126636 126627 
6 : 94451 251883 252354 94450 94455 251888 
6 : 151715 248316 17181 151713 17167 17177 
6 : 43282 211829 243973 43275 43281 211826 
6 : 178521 236522 247218 178518 178520 236520 
6 : 87316 244802 252361 87313 87320 244806 
6 : 160226 46546 54364 46531 54355 46518 
6 : 179197 179450 17821 179184 17809 17810 
6 : 238249 214809 183716 214805 183713 183708 
6 : 252388 84181 191118 84182 191120 84173 
6 : 225699 121908 232155 121897 225694 121900 
6 : 243516 102960 239572 102956 239568 102955 
6 : 252412 31586 219158 31594 219164 31577 
6 : 207521 252450 252451 207522 207523 265239 
6 : 252449 203818 27007 203824 27012 26999 
6 : 221797 252481 251630 221799 221796 251635 
6 : 47356 155226 252485 47349 47358 155228 
6 : 131173 64316 252487 64292 131183 64323 
6 : 219437 204398 209387 204388 209379 204385 
6 : 176913 39675 28490 39663 28477 28459 
6 : 221621 252521 13562 221625 13550 13564 
6 : 33701 252537 97385 33707 33681 97392 
6 : 146229 252534 194123 146233 146222 194130 
6 : 155647 252531 252536 155648 155655 255289 
6 : 252539 214986 200968 214989 200972 200960 
6 : 42632 252557 219180 42639 42626 219186 
6 : 170009 236575 75145 170006 75126 75137 
6 : 208125 237192 252565 208123 208127 237195 
6 : 215961 252564 252568 215962 215965 253860 
6 : 252579 252581 252582 263324 263325 265039 
6 : 2561 252594 116035 2564 2543 116038 
6 : 248516 35930 33255 35928 33253 33230 
6 : 195865 235028 158770 195863 158757 158764 
6 : 222219 252602 185859 222225 185856 185869 
6 : 37847 26388 165602 26368 37838 26379 
6 : 211942 252632 145563 211946 145554 145565 
6 : 252633 213824 197099 213829 197106 197087 
6 : 101413 201663 130848 101404 101398 130836 
6 : 226335 47487 186654 47477 186644 47472 
6 : 249044 237499 155291 237498 155290 155287 
6 : 196598 246454 43079 196596 43062 43076 
6 : 252640 252644 90633 261356 90640 90643 
6 : 175023 109170 252655 109161 175025 109174 
6 : 212549 244584 181155 212544 181148 181153 
6 : 182524 88929 175884 88920 175875 88919 
6 : 193348 252666 191723 193349 191715 191725 
6 : 158992 125459 252671 125440 158997 125467 
6 : 102187 184981 16563 102172 16542 16552 
6 : 196333 252677 116289 196337 116279 116291 
6 : 207062 128720 252673 128715 207063 128722 
6 : 247105 220040 129142 220037 129140 129134 
6 : 252709 217920 252708 217930 264949 217929 
6 : 139953 252715 189127 139962 139948 189136 
6 : 252714 7948 252711 7953 253347 7949 
6 : 115526 221183 122745 115518 115512 122737 
6 : 252730 37402 95977 37403 95978 37380 
6 : 115673 245721 252753 115668 115678 245732 
6 : 175024 149627 68780 149615 68763 68759 
6 : 239893 109270 252759 109268 239897 109274 
6 : 189798 110151 252762 110138 189799 110152 
6 : 252232 200358 214158 200357 214157 200347 
6 : 128821 21257 102089 21239 102072 21236 
6 : 123338 224875 156200 123335 123329 156197 
6 : 142029 252812 195153 142031 142021 195156 
6 : 182293 252826 102209 182295 102201 102213 
6 : 252825 225391 98820 225392 98821 98815 
6 : 252829 252827 100333 258419 100341 100334 
6 : 36661 141344 112874 36646 36642 112853 
6 : 96117 252296 247142 96116 96115 247139 
6 : 154208 56789 111120 56771 111101 56764 
6 : 190181 138469 109171 138462 109162 109153 
6 : 249858 61988 232335 61986 232334 61982 
6 : 124269 252840 122285 124270 122272 122286 
6 : 144108 252841 234223 144110 144102 234225 
6 : 226645 252858 223015 226646 223007 223017 
6 : 252864 228336 80846 228341 80852 80836 
6 : 252866 158016 100936 158020 100948 100918 
6 : 198345 192721 120742 192710 120730 120729 
6 : 246409 252895 61502 246420 61500 61514 
6 : 251180 90470 53150 90469 53149 53125 
6 : 252904 252907 252902 263785 258077 258080 
6 : 30428 134651 222819 30411 30420 134643 
6 : 252945 252131 155491 252137 155500 155490 
6 : 85136 224573 29754 85134 29725 29748 
6 : 205811 113787 241216 113783 205808 113785 
6 : 1201 75336 205682 1184 1194 75327 
6 : 197228 247914 73906 197225 73898 73901 
6 : 252966 148544 160752 148549 160758 148530 
6 : 252994 19130 68632 19131 68634 19112 
6 : 69366 161866 253033 69361 69373 161874 
6 : 133510 189694 69675 133504 69664 69668 
6 : 49270 216767 234078 49262 49265 216761 
6 : 248027 108728 45627 108725 45626 45611 
6 : 253034 253035 253038 257341 257346 257620 
6 : 127562 249871 233794 127560 127556 233792 
6 : 205144 188804 136187 188797 136178 136175 
6 : 230471 223534 65122 223525 65116 65114 
6 : 253074 238025 253073 238036 264336 238034 
6 : 24352 142918 245216 24340 24351 142915 
6 : 196106 253103 232206 196109 196100 232211 
6 : 114120 245983 253110 114119 114129 245990 
6 : 98614 253112 253113 98617 98619 262173 
6 : 218891 66116 153193 66107 153184 66101 
6 : 244994 249416 180084 244992 180079 180081 
6 : 15008 141099 20304 14996 14988 20288 
6 : 170425 116407 253128 116394 170432 116414 
6 : 111425 35356 182209 35334 111414 35342 
6 : 194802 117143 9105 117131 9087 9075 
6 : 47977 210298 245929 47967 47974 210294 
6 : 243547 246054 135261 243544 135257 135259 
6 : 103585 253158 91004 103587 90985 91010 
6 : 207470 93283 32693 93275 32685 32673 
6 : 253157 253159 149199 260390 149203 149205 
6 : 216441 253161 119650 216443 119647 119658 
6 : 251830 195721 230498 195720 230497 195717 
6 : 132545 242212 169716 132543 132537 169713 
6 : 253189 205050 5643 205056 5649 5632 
6 : 17978 237266 60083 17974 17955 60078 
6 : 253194 65838 137833 65839 137834 65826 
6 : 198424 250991 253227 198423 198426 250995 
6 : 128966 104905 27974 104897 27961 27960 
6 : 138567 52682 253229 52672 138569 52684 
6 : 247254 210337 50379 210336 50378 50372 
6 : 244981 89352 253240 89351 244990 89359 
6 : 38470 10068 217921 10051 38465 10063 
6 : 253258 202732 62307 202740 62311 62294 
6 : 46484 224876 172881 46481 46475 172875 
6 : 65389 43631 107630 43612 65377 43613 
6 : 76236 253295 253294 76241 76239 265353 
6 : 65980 80295 234820 65959 65977 80291 
6 : 243072 253316 109500 243076 109499 109505 
6 : 68744 116614 58712 68730 58690 58697 
6 : 225183 169291 253318 169282 225184 169292 
6 : 138470 139912 253323 138459 138472 139914 
6 : 253329 62444 253322 62450 258816 62445 
6 : 95468 253333 253334 95474 95476 263587 
6 : 163347 145402 253331 145385 163353 145404 
6 : 217132 162419 225945 162412 217123 162413 
6 : 249050 124540 51762 124539 51761 51746 
6 : 252560 122639 26125 122638 26124 26101 
6 : 203930 245785 173196 203927 173184 173193 
6 : 217306 37193 148334 37185 148319 37177 
6 : 253397 132224 111353 132234 111362 111334 
6 : 242431 253431 204829 242434 204826 204835 
6 : 253434 247608 252882 247613 252888 247607 
6 : 250000 253460 249579 250004 249577 249587 
6 : 253457 148391 253456 148396 259916 148393 
6 : 167809 250603 253461 167808 167811 250604 
6 : 183734 74054 201274 74044 183726 74047 
6 : 253487 253489 121678 263236 121686 121688 
6 : 239150 253501 166007 239156 166005 166010 
6 : 245878 244347 79079 244346 79075 79073 
6 : 192703 121196 38070 121187 38063 38053 
6 : 253504 245242 253506 245247 261989 245249 
6 : 253509 242765 85485 242774 85497 85481 
6 : 166092 253532 4985 166099 4965 4990 
6 : 127651 245033 106195 127648 106175 106192 
6 : 186704 173470 220560 173452 186698 173458 
6 : 246039 216924 115797 216920 115792 115786 
6 : 200807 253534 253536 200808 200810 253742 
6 : 253539 143820 42797 143830 42806 42776 
6 : 130367 135729 253547 130347 130371 135731 
6 : 253546 174391 119858 174394 119862 119842 
6 : 142211 237731 173502 142209 142203 173494 
6 : 253562 253563 52967 259786 52970 52972 
6 : 86047 253568 189283 86053 86036 189287 
6 : 173733 149563 253569 149549 173741 149570 
6 : 215439 243000 205372 215437 205364 205371 
6 : 253603 9678 253601 9682 254542 9680 
6 : 253609 253608 181873 263996 181885 181884 
6 : 119194 23487 122101 23473 119180 23474 
6 : 239463 135041 242812 135037 239460 135038 
6 : 253614 253610 253612 259209 264840 259208 
6 : 149786 143677 253625 143664 149795 143685 
6 : 191553 250652 10734 191552 10719 10733 
6 : 25248 201650 74261 25242 25234 74255 
6 : 11286 206189 39898 11277 11266 39885 
6 : 238256 4893 134797 4889 134791 4879 
6 : 120690 63451 253683 63440 120692 63455 
6 : 253684 253681 182398 254639 182404 182399 
6 : 11341 228090 235924 11335 11336 228080 
6 : 103899 253716 58264 103903 58242 58273 
6 : 117720 230656 5569 117714 5551 5562 
6 : 253722 231466 218039 231468 218041 218030 
6 : 253748 143338 234595 143341 234599 143334 
6 : 205880 99936 168756 99925 168746 99918 
6 : 253752 180774 199033 180777 199040 180762 
6 : 253755 253758 225075 258246 225079 225080 
6 : 226027 78813 115914 78805 115912 78791 
6 : 253786 206662 124188 206666 124191 124183 
6 : 253790 72359 208167 72360 208168 72352 
6 : 234969 253812 253810 234975 234973 262237 
6 : 241423 253811 229463 241425 229457 229467 
6 : 193505 229198 215993 193498 193493 215986 
6 : 116491 183472 140253 116477 116475 140238 
6 : 123285 177752 134583 123278 123274 134576 
6 : 56987 94210 244141 56968 56984 94206 
6 : 253820 10240 193042 10242 193043 10232 
6 : 32380 53803 130243 32361 32365 53783 
6 : 132014 89873 240608 89853 132009 89866 
6 : 246758 253848 107029 246759 107026 107031 
6 : 253863 165726 9268 165729 9270 9250 
6 : 183112 117026 218059 117010 183100 117015 
6 : 239381 236182 241878 236177 239378 236178 
6 : 88230 137492 179827 88216 88218 137477 
6 : 17720 246496 116063 17717 17707 116061 
6 : 238298 139377 252437 139368 238297 139376 
6 : 106125 249847 4944 106124 4925 4943 
6 : 253907 253902 253900 256683 254249 254241 
6 : 184810 253916 61079 184815 61069 61086 
6 : 248926 134896 253925 134894 248931 134902 
6 : 225845 69707 7865 69699 7855 7841 
6 : 253967 253964 231567 256172 231571 231570 
6 : 214537 71656 117616 71649 117608 71633 
6 : 74151 254011 254007 74156 74152 256453 
6 : 37404 165810 254041 37389 37406 165811 
6 : 156152 133318 95979 133305 95961 95960 
6 : 248278 211133 254040 211131 248280 211134 
6 : 93876 254046 91198 93878 91164 91201 
6 : 247810 222124 164320 222123 164318 164313 
6 : 135357 133032 250422 133015 135356 133030 
6 : 226842 48464 66559 48458 66553 48441 
6 : 196499 121197 163252 121189 163248 121183 
6 : 253817 249118 78838 249117 78837 78835 
6 : 254147 254149 253364 254497 253365 253366 
6 : 254152 248083 118471 248084 118474 118468 
6 : 152486 249302 162240 152485 152467 162239 
6 : 100418 138167 111232 100400 100398 111210 
6 : 67869 136027 254184 67849 67873 136029 
6 : 92842 174883 170959 92834 92833 170944 
6 : 254197 172429 120972 172439 120981 120955 
6 : 171045 254219 229621 171050 171040 229630 
6 : 218723 123867 157055 123858 157048 123847 
6 : 19011 11531 178792 11506 19001 11518 
6 : 79601 80051 106659 79584 79586 80034 
6 : 198108 68056 245511 68049 198105 68054 
6 : 253088 217332 3192 217331 3191 3182 
6 : 227105 141636 244469 141625 227101 141634 
6 : 216942 214244 81958 214239 81951 81949 
6 : 254267 207909 227195 207914 227205 207906 
6 : 248190 162081 254268 162079 248194 162085 
6 : 254298 206742 75627 206743 75629 75615 
6 : 254299 95331 254300 95338 264036 95341 
6 : 195222 214375 171770 195214 171752 171758 
6 : 231371 166336 221573 166331 221564 166329 
6 : 254331 243783 59558 243787 59561 59554 
6 : 53111 172046 254360 53097 53115 172050 
6 : 218424 81507 127438 81501 127430 81487 
6 : 243836 201187 33098 201186 33095 33085 
6 : 36943 134701 242165 36928 36938 134695 
6 : 241557 241246 254364 241242 241560 241251 
6 : 254365 254366 113538 260173 113543 113544 
6 : 86079 254375 4370 86085 4342 4377 
6 : 162082 160155 117267 160141 117252 117250 
6 : 140082 239771 252050 140080 140081 239770 
6 : 151487 43036 251066 43022 151486 43034 
6 : 182294 187176 242365 182283 182290 187173 
6 : 172392 14933 187412 14918 172382 14920 
6 : 104185 156321 173884 104170 104171 156307 
6 : 97597 239946 115231 97593 97581 115227 
6 : 198025 254423 237691 198034 198021 237700 
6 : 57571 254433 82041 57572 57557 82042 
6 : 174150 254441 68228 174154 68215 68232 
6 : 254443 81629 250877 81630 250878 81627 
6 : 244939 254461 247940 244940 244936 247942 
6 : 44869 230401 252475 44858 44866 230398 
6 : 126387 156322 254307 126371 126386 156320 
6 : 241954 242543 304 241949 297 298 
6 : 105652 105447 186632 105426 105643 105435 
6 : 151812 238257 215402 151805 151803 215397 
6 : 83112 244426 214160 83106 83101 214154 
6 : 249286 221763 75417 221759 75414 75410 
6 : 148068 225536 161777 148062 148057 161767 
6 : 243561 250511 210907 243558 210902 210904 
6 : 254502 254504 219439 257653 219441 219444 
6 : 254507 233722 202733 233727 202737 202728 
6 : 234913 32352 160753 32346 160747 32332 
6 : 181114 254531 254529 181121 181116 262344 
6 : 181185 85405 192559 85399 181180 85400 
6 : 105041 22029 207549 22008 105029 22022 
6 : 180665 254554 118931 180672 118916 118941 
6 : 50580 207985 254556 50572 50582 207987 
6 : 65532 214974 223717 65520 65523 214967 
6 : 82125 123817 117752 82111 82110 117729 
6 : 251067 89064 254557 89062 251068 89065 
6 : 144997 51630 254576 51616 144999 51635 
6 : 146273 250696 15971 146272 15957 15969 
6 : 239096 254575 254577 239097 239102 257044 
6 : 240437 254582 113417 240440 113412 113418 
6 : 138290 214414 88824 138282 88802 88812 
6 : 179007 233497 126454 179000 126441 126447 
6 : 71306 127016 211204 71296 71301 127013 
6 : 226907 254615 254613 226913 226908 254792 
6 : 46361 254621 91152 46366 46344 91163 
6 : 221623 17746 233510 17737 221615 17738 
6 : 254626 156410 230013 156417 230019 156404 
6 : 254649 254650 135374 255974 135376 135380 
6 : 146787 254656 101948 146792 101929 101957 
6 : 254659 254662 254663 261508 261509 265161 
6 : 20623 78969 170377 20603 20616 78956 
6 : 7801 29027 254678 7784 7807 29031 
6 : 242987 116524 84933 116521 84932 84915 
6 : 254682 33654 235042 33660 235048 33652 
6 : 180684 4686 214923 4671 180678 4676 
6 : 240258 188014 230790 188010 230785 188005 
6 : 158625 146949 191536 146937 158615 146941 
6 : 249772 28179 52413 28178 52410 28157 
6 : 9021 236498 144940 9018 9009 144936 
6 : 235881 226790 46281 226786 46274 46272 
6 : 254752 195909 254755 195910 257146 195915 
6 : 254779 254780 151955 260821 151960 151962 
6 : 247864 215777 104001 215774 104000 103993 
6 : 254782 184520 238026 184523 238030 184515 
6 : 8220 251704 176492 8219 8211 176491 
6 : 218135 173076 182568 173069 182555 173062 
6 : 40583 254842 84650 40585 40568 84651 
6 : 254852 196907 32845 196914 32850 32835 
6 : 157805 73452 239169 73433 157800 73447 
6 : 235065 243155 149993 235061 149985 149986 
6 : 236173 178064 254878 178058 236175 178066 
6 : 13120 251756 254883 13118 13122 251761 
6 : 254911 220491 158459 220493 158461 158454 
6 : 19775 254916 218122 19778 19771 218124 
6 : 252732 241786 48937 241785 48936 48933 
6 : 254918 64170 240114 64171 240115 64167 
6 : 100997 225232 37291 100990 37261 37279 
6 : 254151 246809 135624 246808 135623 135621 
6 : 254941 237145 56659 237148 56660 56654 
6 : 208733 106459 200744 106452 200736 106451 
6 : 254944 1267 205157 1270 205159 1261 
6 : 9289 196441 192132 9284 9283 192122 
6 : 254947 233219 38071 233220 38073 38068 
6 : 254954 254952 254957 258654 260199 258656 
6 : 254975 254974 150457 264305 150468 150465 
6 : 254976 251951 148844 251960 148855 148843 
6 : 24249 133546 198281 24235 24241 133541 
6 : 38198 217477 49777 38191 38181 49772 
6 : 254978 254979 254980 257169 257171 258896 
6 : 254982 254986 143060 263915 143066 143070 
6 : 126971 162422 216926 126957 126963 162411 
6 : 255017 222379 255014 222388 259547 222381 
6 : 179594 121198 200825 121185 179588 121190 
6 : 255018 255020 3825 255529 3827 3828 
6 : 208352 83382 73084 83371 73071 73059 
6 : 86343 30641 255060 30620 86353 30648 
6 : 252995 217194 255057 217193 252997 217195 
6 : 193608 163835 242865 163819 193604 163827 
6 : 255089 160920 240562 160925 240567 160916 
6 : 72020 255094 242778 72022 72015 242782 
6 : 82346 255093 222322 82347 82341 222324 
6 : 191250 255092 255096 191251 191253 256184 
6 : 115550 173598 221952 115538 115542 173590 
6 : 128335 215403 170470 128329 128324 170462 
6 : 255127 223902 251381 223903 251382 223901 
6 : 255130 245296 254081 245297 254085 245295 
6 : 203718 216163 206680 203710 203709 206669 
6 : 12669 214626 139892 12663 12657 139883 
6 : 40064 5679 255159 5669 40067 5683 
6 : 246058 245867 64416 245863 64413 64412 
6 : 69676 177699 87506 69667 69660 87495 
6 : 152594 96874 50381 96860 50361 50355 
6 : 206319 253909 255189 206318 206321 253912 
6 : 233531 104580 255194 104575 233537 104583 
6 : 252139 231522 168483 231521 168482 168474 
6 : 202221 159854 255219 159845 202226 159860 
6 : 248310 248738 125096 248306 125090 125091 
6 : 7802 198584 255228 7797 7806 198586 
6 : 215814 255250 244520 215819 215812 244527 
6 : 10396 157639 255265 10387 10403 157643 
6 : 255261 7135 45849 7139 45851 7117 
6 : 90211 56898 253449 56877 90209 56897 
6 : 181458 159045 8128 159032 8115 8112 
6 : 74690 172882 184744 74679 74680 172869 
6 : 176286 255285 41314 176288 41301 41316 
6 : 48597 97386 6103 48580 6074 6078 
6 : 67923 251308 190794 67922 67912 190793 
6 : 255319 184370 255317 184379 261759 184373 
6 : 233272 255325 164907 233278 164903 164911 
6 : 170448 82742 255356 82728 170450 82744 
6 : 248432 216718 96631 216715 96628 96622 
6 : 255360 235305 255361 235306 258245 235308 
6 : 70200 255388 180612 70204 70190 180615 
6 : 85683 246230 131175 85681 85672 131170 
6 : 149078 63225 255396 63214 149079 63226 
6 : 93151 241153 255403 93148 93155 241159 
6 : 249164 222380 255404 222376 249170 222384 
6 : 186367 84257 251846 84244 186364 84256 
6 : 237486 255427 145588 237493 145583 145594 
6 : 71992 127393 105059 71985 71983 105048 
6 : 186238 189715 255434 186232 186239 189718 
6 : 255439 194406 63329 194407 63331 63316 
6 : 246479 255459 230296 246482 230292 230301 
6 : 255469 130141 2099 130146 2113 2079 
6 : 102891 250009 49946 102890 49927 49942 
6 : 255498 255496 136188 261752 136197 136195 
6 : 193489 96632 252922 96618 193488 96629 
6 : 156179 211573 209686 156175 156174 209673 
6 : 119607 255518 168935 119608 119596 168936 
6 : 255519 204282 229126 204287 229127 204277 
6 : 44666 13210 196283 13182 44656 13197 
6 : 2062 139704 56631 2053 2048 56620 
6 : 74384 83300 80848 74368 74367 80823 
6 : 98582 255525 119050 98583 98569 119051 
6 : 184626 166699 49532 166686 49518 49516 
6 : 97992 86324 246698 86300 97989 86320 
6 : 207930 112693 160027 112682 160011 112677 
6 : 208522 208635 225335 208516 208519 208624 
6 : 255557 73879 233663 73882 233667 73876 
6 : 255566 97209 147702 97212 147709 97195 
6 : 248527 162207 189318 162206 189317 162195 
6 : 255603 135594 221165 135599 221171 135584 
6 : 242591 255608 150179 242602 150174 150188 
6 : 251443 169533 174172 169531 174171 169514 
6 : 80733 255621 255620 80742 80739 261658 
6 : 186333 196777 232844 186326 186330 196769 
6 : 202948 176372 124772 176361 124760 124755 
6 : 255628 196525 105802 196533 105812 105796 
6 : 66891 194006 167810 66886 66885 167800 
6 : 255657 233561 255659 233566 262608 233568 
6 : 99234 157035 132615 99225 99221 132598 
6 : 210386 255663 20466 210391 20454 20475 
6 : 185045 186890 59246 185032 59231 59232 
6 : 82857 212654 199683 82847 82844 199678 
6 : 88931 249025 89632 88928 88912 89628 
6 : 193109 251022 120141 193108 120123 120138 
6 : 205847 255703 233454 205856 205843 233459 
6 : 186334 255733 236302 186337 186331 236304 
6 : 237620 110075 105448 110071 105442 105427 
6 : 239160 177138 100194 177132 100189 100182 
6 : 162099 21658 56518 21643 56503 21637 
6 : 255741 196442 207429 196445 207432 196434 
6 : 64056 171270 165217 64050 64048 165199 
6 : 240900 37349 188462 37348 188456 37339 
6 : 255771 205825 245775 205831 245781 205824 
6 : 216775 143387 144367 143375 144362 143363 
6 : 76509 255788 255789 76511 76512 265479 
6 : 112914 224080 3866 112910 3840 3858 
6 : 215802 199607 222397 199597 215795 199598 
6 : 238211 168102 250423 168098 238209 168100 
6 : 129900 213421 210885 129892 129891 210876 
6 : 245956 227770 119404 227765 119398 119389 
6 : 245830 181069 225669 181064 225665 181056 
6 : 255793 255794 211574 263788 211579 211581 
6 : 161982 255821 255820 161986 161985 262048 
6 : 255823 11839 156739 11849 156748 11822 
6 : 252489 255826 228338 252497 228335 228342 
6 : 102442 83689 8129 83673 8109 8106 
6 : 34601 198123 221696 34591 34594 198115 
6 : 197203 255160 233846 197202 197198 233845 
6 : 222414 144580 97238 144572 97229 97220 
6 : 255859 255860 227143 264402 227147 227148 
6 : 141385 11040 34054 11024 34029 11016 
6 : 181513 213190 227710 181506 181510 213188 
6 : 169495 36752 165844 36739 165820 36737 
6 : 239758 9230 255907 9225 239761 9232 
6 : 173563 22030 48938 22015 48917 22005 
6 : 255918 169676 226679 169684 226686 169673 
6 : 9631 255939 180636 9634 9624 180642 
6 : 212563 255941 84564 212566 84557 84572 
6 : 127778 118384 92154 118371 92132 92131 
6 : 255943 113968 191041 113971 191045 113960 
6 : 546 128144 20400 529 523 20381 
6 : 50529 225094 255944 50519 50530 225095 
6 : 228886 243844 11377 228883 11375 11376 
6 : 255797 255953 147788 255802 147787 147796 
6 : 206781 42073 205747 42061 205738 42060 
6 : 253398 253196 77754 253193 77752 77751 
6 : 251317 255972 212790 251319 212789 212794 
6 : 115630 48358 184129 48333 115618 48342 
6 : 224674 242156 210440 224670 210431 210435 
6 : 255992 212003 42424 212006 42429 42415 
6 : 255995 29857 91802 29859 91805 29838 
6 : 95181 256006 256005 95184 95183 258349 
6 : 256007 233909 130849 233914 130854 130843 
6 : 102892 149849 157661 102880 102881 149835 
6 : 243302 39454 254820 39448 243301 39453 
6 : 248213 133883 184612 133876 184606 133868 
6 : 249693 172652 139294 172650 139291 139275 
6 : 217152 254410 243786 217150 217147 243784 
6 : 256034 246185 48721 246187 48724 48719 
6 : 256035 93580 88146 93582 88148 88121 
6 : 203044 233711 183527 203039 183512 183520 
6 : 235419 221553 34934 221550 34928 34920 
6 : 256056 256055 211887 265551 211891 211889 
6 : 53862 181204 47279 53856 47252 47263 
6 : 158402 41067 256059 41052 158405 41069 
6 : 256057 256058 34012 258135 34013 34014 
6 : 171128 250475 160870 171127 160851 160868 
6 : 45407 250391 256087 45404 45410 250396 
6 : 62494 137784 256091 62482 62501 137795 
6 : 175206 249388 208766 175203 175198 208762 
6 : 180063 256089 13403 180067 13391 13408 
6 : 213697 256088 49050 213703 49039 49056 
6 : 12105 7983 128801 7958 12086 7966 
6 : 190581 256100 16906 190585 16895 16916 
6 : 244269 256101 69742 244274 69737 69746 
6 : 174861 256128 175274 174867 174847 175278 
6 : 252452 256127 213505 252455 213503 213508 
6 : 11420 210256 157133 11410 11407 157123 
6 : 256134 238065 256132 238071 261065 238069 
6 : 256138 146427 256131 146436 257335 146428 
6 : 152903 169812 227849 152891 152899 169805 
6 : 31096 185862 106580 31087 31080 106560 
6 : 19937 242310 42801 19931 19917 42791 
6 : 203445 251131 204456 203442 203438 204453 
6 : 210870 256200 256202 210873 210875 260934 
6 : 256201 186982 256198 186986 260238 186983 
6 : 256205 107093 188545 107098 188549 107081 
6 : 33799 256242 43335 33800 33776 43339 
6 : 67788 256240 248899 67790 67786 248902 
6 : 177568 216309 83146 177562 83128 83135 
6 : 256263 212759 32217 212764 32225 32210 
6 : 243918 59559 234182 59555 234177 59550 
6 : 230232 178126 65562 178119 65553 65550 
6 : 241750 195704 256292 195701 241755 195709 
6 : 247641 243759 99185 243756 99182 99180 
6 : 26326 574 187390 555 26319 561 
6 : 104078 7464 62697 7445 62675 7443 
6 : 127631 256304 214495 127632 127626 214496 
6 : 136240 75823 131821 75815 131801 75814 
6 : 253725 192097 59682 192095 59681 59672 
6 : 256312 16907 247195 16917 247201 16904 
6 : 221397 248365 215612 221394 215603 215609 
6 : 222180 253378 253673 222178 222179 253377 
6 : 79025 80028 164722 79011 79018 80012 
6 : 21806 194129 97387 21793 21784 97375 
6 : 40111 177021 238909 40101 40107 177016 
6 : 116313 113219 256349 113190 116315 113221 
6 : 135540 219600 209225 135534 135533 209216 
6 : 164599 163141 256355 163126 164603 163144 
6 : 162380 204741 119992 162369 119975 119980 
6 : 256359 105931 49234 105933 49238 49209 
6 : 14161 42733 238274 14136 14155 42727 
6 : 234731 223138 31135 223130 31127 31126 
6 : 68281 234057 221217 68274 68272 221210 
6 : 101246 129006 165730 101235 101236 128993 
6 : 54338 167604 144346 54326 54325 144333 
6 : 75252 252971 21222 75251 21202 21220 
6 : 203376 248231 235825 203375 203371 235822 
6 : 142694 154885 55941 142683 55911 55915 
6 : 85893 56312 256433 56296 85898 56315 
6 : 256434 145910 83025 145920 83034 83008 
6 : 13614 256462 93182 13618 13599 93185 
6 : 183623 92182 247791 92165 183620 92179 
6 : 256461 236094 126972 236095 126974 126966 
6 : 80644 184890 100294 80635 80628 100280 
6 : 171914 215892 87375 171909 87354 87362 
6 : 2170 212317 231360 2161 2164 212312 
6 : 147962 200797 256484 147955 147967 200800 
6 : 64417 201528 55748 64407 55720 55739 
6 : 129977 256487 253304 129981 129975 253309 
6 : 114805 147237 239299 114789 114802 147232 
6 : 105932 233620 119993 105928 105915 119986 
6 : 253254 251499 192895 251497 192893 192892 
6 : 256515 200321 256516 200322 256587 200323 
6 : 85562 117028 16568 85542 16541 16545 
6 : 256527 153001 256526 153009 265102 153008 
6 : 253975 203524 102345 203523 102342 102325 
6 : 256545 256544 44667 264063 44676 44672 
6 : 174820 252769 256557 174818 174825 252773 
6 : 203138 248268 219440 203133 203129 219435 
6 : 49194 139045 256564 49180 49196 139048 
6 : 241889 197471 114466 197467 114462 114454 
6 : 141591 147289 201277 141579 141586 147282 
6 : 193827 161133 69566 161124 69552 69548 
6 : 156165 256581 256579 156168 156166 261113 
6 : 202891 256578 137857 202892 137848 137858 
6 : 256582 87071 239968 87077 239972 87067 
6 : 100962 224039 243421 100954 100959 224035 
6 : 220053 256490 246047 220052 220051 246046 
6 : 217877 206320 47782 206311 47772 47771 
6 : 256588 255720 256591 255722 258946 255725 
6 : 70855 256606 105361 70856 70830 105362 
6 : 252169 256607 23242 252171 23239 23246 
6 : 166175 138495 256615 138476 166178 138499 
6 : 20566 188957 256105 20552 20564 188954 
6 : 65272 203224 256632 65257 65275 203226 
6 : 133970 180234 256633 133962 133971 180237 
6 : 227812 108676 211437 108669 211430 108664 
6 : 252336 3629 210599 3626 210597 3623 
6 : 256671 255412 48064 255419 48073 48063 
6 : 141483 38074 192368 38056 141472 38062 
6 : 18188 130324 21659 18174 18167 21642 
6 : 8223 181220 255198 8212 8221 181219 
6 : 250104 229721 221218 229718 221213 221209 
6 : 30461 85847 119994 30440 30442 85825 
6 : 210271 256717 184492 210272 184478 184493 
6 : 209279 62523 201054 62512 201042 62511 
6 : 48898 145829 20895 48882 20872 20879 
6 : 178956 126021 253017 126008 178955 126020 
6 : 252233 129332 82712 129330 82710 82698 
6 : 227301 214763 69426 214758 69417 69414 
6 : 255174 217498 256732 217497 255176 217500 
6 : 58266 256758 256752 58274 58269 261742 
6 : 166958 256757 197315 166962 166947 197320 
6 : 192614 256759 6229 192621 6216 6237 
6 : 230659 256755 43370 230664 43363 43374 
6 : 256756 69709 173311 69714 173318 69692 
6 : 138206 236813 187579 138202 138199 187575 
6 : 180887 227976 174885 180881 174870 174877 
6 : 95364 100079 89768 95344 89747 89748 
6 : 194007 52919 256789 52913 194010 52921 
6 : 256790 7465 224040 7467 224041 7457 
6 : 256792 193383 256793 193386 261584 193388 
6 : 134495 256813 243703 134497 134491 243706 
6 : 149095 203508 214519 149087 149089 203502 
6 : 196092 146004 25310 145995 25303 25297 
6 : 205711 256293 61612 205710 61602 61610 
6 : 256816 72768 224818 72773 224826 72763 
6 : 243734 256818 256820 243739 243741 262976 
6 : 246854 235797 225907 235792 225903 225898 
6 : 20148 166406 256857 20133 20152 166411 
6 : 159695 174346 255836 159685 159694 174345 
6 : 216776 129219 118710 129212 118696 118687 
6 : 244503 189550 256888 189548 244504 189553 
6 : 41434 256890 120501 41435 41416 120502 
6 : 133033 88532 199608 88515 133020 88523 
6 : 208877 256895 28148 208883 28138 28155 
6 : 53876 69088 38598 53865 38576 38577 
6 : 217001 242988 256916 216999 217003 242991 
6 : 255226 139799 256914 139798 255227 139800 
6 : 93768 201262 17060 93763 17032 17050 
6 : 192299 143176 256920 143158 192302 143180 
6 : 220940 256931 238570 220943 220935 238576 
6 : 223704 243550 245931 223701 223702 243543 
6 : 256948 240055 190542 240059 190544 190539 
6 : 107440 104002 256951 103981 107443 104008 
6 : 256954 166778 99319 166787 99327 99301 
6 : 129657 224899 256971 129654 129659 224906 
6 : 256970 227836 131178 227839 131181 131167 
6 : 99741 198092 202414 99732 99733 198088 
6 : 228582 256977 234285 228589 228576 234291 
6 : 46066 255140 257005 46064 46068 255142 
6 : 248461 162145 191537 162142 191533 162131 
6 : 255488 257041 53937 255490 53936 53940 
6 : 82798 233712 257063 82793 82802 233713 
6 : 14033 13764 257066 13747 14034 13765 
6 : 234626 21579 231620 21573 231615 21571 
6 : 231220 164422 192896 164415 192888 164410 
6 : 257099 94306 233723 94307 233724 94299 
6 : 257100 229065 257103 229068 260784 229072 
6 : 9385 148621 121069 9368 9364 121054 
6 : 127099 237194 257113 127093 127108 237201 
6 : 222041 43433 184102 43426 184095 43418 
6 : 180935 244257 193771 180930 180927 193763 
6 : 28992 70402 40164 28981 28978 40141 
6 : 257133 257135 192484 260453 192487 192494 
6 : 187581 257151 215062 187584 187570 215067 
6 : 29955 257157 171221 29961 29947 171225 
6 : 185340 257162 235926 185342 185336 235928 
6 : 51286 247376 193772 51281 51278 193765 
6 : 171129 177227 59014 171115 58995 58996 
6 : 14868 225169 13829 14864 13801 13824 
6 : 135115 148153 253175 135105 135114 148150 
6 : 184588 253219 63620 184585 63608 63619 
6 : 136139 106129 254084 106111 136135 106126 
6 : 167273 103948 257219 103933 167278 103952 
6 : 257220 257217 199927 259060 199934 199928 
6 : 257246 257244 198460 260550 198466 198463 
6 : 69089 226530 132265 69086 69082 132259 
6 : 72406 242137 256722 72403 72405 242136 
6 : 218404 242117 240042 218401 218399 240038 
6 : 257249 107508 197558 107513 197561 107496 
6 : 219145 221333 247731 219135 219143 221331 
6 : 95333 194659 165190 95325 95322 165177 
6 : 34544 52088 215243 34528 34538 52082 
6 : 189603 129384 257284 129375 189604 129385 
6 : 257307 150134 109787 150135 109788 109770 
6 : 199655 78144 24133 78134 24122 24111 
6 : 13643 257343 225961 13645 13636 225962 
6 : 257351 65982 148912 65988 148915 65966 
6 : 257355 219945 257356 219947 259508 219949 
6 : 59335 217889 257379 59327 59338 217895 
6 : 151921 187687 242167 151908 151917 187685 
6 : 257381 75590 162243 75597 162251 75574 
6 : 257387 195795 59947 195794 59946 59937 
6 : 58927 257407 257408 58929 58930 257939 
6 : 151434 103237 65871 103220 65850 65846 
6 : 188910 248006 144494 188909 144476 144489 
6 : 156379 201917 169506 156368 156364 169501 
6 : 72390 182544 217705 72376 72382 182536 
6 : 199404 84677 220450 84666 199396 84670 
6 : 86973 251686 257463 86972 86977 251688 
6 : 93609 186807 257462 93600 93611 186810 
6 : 257467 20567 74324 20569 74330 20540 
6 : 44592 75703 257484 44575 44596 75709 
6 : 257483 118765 253233 118768 253239 118764 
6 : 214197 257494 243410 214202 214190 243416 
6 : 222181 257488 188112 222184 188103 188119 
6 : 257490 85487 215613 85494 215618 85478 
6 : 225141 225315 42483 225137 42474 42475 
6 : 67486 196044 149045 67479 67474 149034 
6 : 221815 27125 104258 27117 104254 27101 
6 : 172692 243378 257523 172687 172700 243385 
6 : 257519 136919 175367 136922 175371 136905 
6 : 148510 129922 189551 129906 148498 129913 
6 : 239399 177022 187455 177017 187449 177008 
6 : 146429 208077 207550 146413 146412 207539 
6 : 257538 257540 257539 260573 260569 261754 
6 : 250950 168463 129333 168460 129329 129320 
6 : 177140 257545 213506 177143 177128 213509 
6 : 67057 178577 215191 67047 67051 178565 
6 : 257560 165092 201550 165095 201554 165080 
6 : 257561 257559 196064 260437 196070 196067 
6 : 257568 257562 47917 262410 47925 47920 
6 : 249583 253584 225096 249580 225087 225091 
6 : 22315 253637 138408 22314 22301 138406 
6 : 102682 190256 63366 102675 63343 63355 
6 : 175887 134461 166898 134445 166879 134442 
6 : 21316 105449 153556 21297 21301 105430 
6 : 160480 252910 236983 160479 160474 236981 
6 : 232874 228953 63893 228947 63889 63888 
6 : 250902 248279 37405 248276 37401 37399 
6 : 252015 250265 227464 250264 227461 227460 
6 : 199104 232625 189870 199099 189865 189866 
6 : 45630 13644 238469 13619 45623 13640 
6 : 257640 226434 257638 226443 261513 226440 
6 : 257641 257635 190296 259959 190301 190298 
6 : 197380 76568 185536 76551 185519 76548 
6 : 152596 26831 166315 26818 152587 26820 
6 : 251542 136920 199358 136916 199354 136909 
6 : 256728 175368 18448 175366 18447 18427 
6 : 179082 253167 153222 179081 153209 153221 
6 : 216428 244711 241671 216424 216423 241670 
6 : 257697 76161 126242 76163 126243 76142 
6 : 257709 144439 245202 144445 245206 144437 
6 : 35297 201981 95980 35287 35281 95967 
6 : 168816 245426 75630 168810 75609 75623 
6 : 232337 208552 257726 208544 232340 208556 
6 : 214043 257728 247741 214047 214040 247747 
6 : 247557 221043 257729 221041 247563 221049 
6 : 197959 257732 99322 197960 99305 99323 
6 : 257733 247868 216462 247870 216463 216461 
6 : 257735 257731 78298 258873 78302 78299 
6 : 184272 112160 20568 112148 20551 20545 
6 : 257745 132187 74325 132188 74328 74305 
6 : 257747 50059 201382 50064 201386 50049 
6 : 104098 150156 34438 104085 34419 34423 
6 : 169768 178188 121541 169759 121526 121527 
6 : 213123 216371 70020 213115 70009 70010 
6 : 189677 257774 112629 189679 112617 112632 
6 : 90189 146540 96361 90173 90169 96342 
6 : 96434 252264 74326 96431 74300 74323 
6 : 257465 174309 7051 174308 7050 7038 
6 : 181367 256307 104608 181366 104593 104605 
6 : 240266 257804 149451 240272 149445 149456 
6 : 134672 248122 257815 134669 134679 248125 
6 : 34125 232768 100449 34122 34107 100442 
6 : 198496 249137 231635 198493 198491 231633 
6 : 222883 245644 236578 222881 222879 236571 
6 : 238003 257822 104937 238004 104930 104938 
6 : 216749 227493 207931 216744 207918 207920 
6 : 217970 219681 73383 217963 73371 73372 
6 : 114331 257830 85488 114338 85465 85495 
6 : 138568 1269 66696 1252 66675 1244 
6 : 22239 242271 233100 22236 22232 233094 
6 : 137258 185832 11342 137242 11325 11330 
6 : 257837 108004 185357 108007 185362 107989 
6 : 218815 257847 257840 218822 218816 258629 
6 : 244452 257877 62841 244457 62834 62847 
6 : 146805 226792 140567 146797 140546 140556 
6 : 253937 94610 257879 94608 253945 94617 
6 : 257909 151226 144263 151232 144270 144244 
6 : 125034 240267 257913 125028 125037 240274 
6 : 257919 225727 219109 225731 219113 219097 
6 : 257921 257922 257920 264272 263244 263245 
6 : 39988 60920 221842 39968 39980 60915 
6 : 81144 35091 199517 35069 81136 35082 
6 : 206715 189510 173693 189502 173680 173678 
6 : 172379 112162 255863 112146 172375 112157 
6 : 165244 104516 179378 104500 165236 104503 
6 : 6574 79210 104485 6553 6554 79190 
6 : 85456 239479 176212 85453 85446 176207 
6 : 209062 208686 257937 208675 209069 208694 
6 : 163465 51206 242690 51188 163459 51202 
6 : 257951 130949 143599 130956 143603 130931 
6 : 251724 86948 250620 86945 250618 86944 
6 : 90288 258020 199684 90291 90277 199688 
6 : 140514 212655 216575 140508 140510 212649 
6 : 3598 124773 196779 3581 3587 124759 
6 : 92640 258062 214081 92647 92634 214089 
6 : 101579 242483 258061 101573 101587 242487 
6 : 243533 258059 11989 243535 11984 11995 
6 : 127020 256478 146148 127019 127004 146147 
6 : 188063 56186 154471 56174 154456 56169 
6 : 256708 72218 258083 72217 256711 72224 
6 : 72170 188646 257736 72155 72169 188645 
6 : 87484 213343 245738 87473 87477 213339 
6 : 258088 192486 209521 192491 209526 192475 
6 : 6833 247018 168717 6830 6820 168712 
6 : 246825 258107 138746 246828 138742 138751 
6 : 162551 247649 133916 162550 133891 133911 
6 : 9023 235762 258005 9017 9022 235761 
6 : 23086 258132 258134 23088 23091 261948 
6 : 152767 237768 200007 152762 152754 200003 
6 : 37429 258140 207346 37431 37422 207350 
6 : 26199 249020 137934 26195 26178 137924 
6 : 253438 49168 23244 49165 23240 23211 
6 : 225879 116748 246016 116735 225871 116743 
6 : 222309 167605 114830 167595 114822 114817 
6 : 6351 163754 240704 6336 6345 163749 
6 : 137632 258227 177889 137639 137624 177895 
6 : 202131 257073 258234 202130 202135 257078 
6 : 224788 79735 192821 79725 192813 79721 
6 : 252723 131626 221220 131623 221214 131615 
6 : 155748 174663 32983 155735 32971 32973 
6 : 257680 208611 258258 208610 257683 208615 
6 : 258259 35754 257582 35759 257587 35751 
6 : 163888 210525 71239 163884 71220 71228 
6 : 148264 240852 176915 148259 148254 176908 
6 : 258286 252307 61445 252308 61447 61442 
6 : 183701 153194 151292 153181 151278 151276 
6 : 148363 221166 252587 148357 148362 221163 
6 : 198111 223976 239225 198100 198102 223972 
6 : 254352 149247 127933 149246 127931 127913 
6 : 136683 56605 184400 56585 136670 56592 
6 : 258337 168418 232028 168419 232032 168414 
6 : 248070 222111 227329 222108 227328 222104 
6 : 254289 254170 258354 254167 254295 254173 
6 : 167427 18527 209226 18514 167421 18518 
6 : 245629 226817 258356 226813 245631 226818 
6 : 246547 258244 56467 246546 56464 56466 
6 : 197392 173037 157353 173029 157347 157342 
6 : 38566 171500 56041 38552 38543 56027 
6 : 241696 162616 39899 162608 39893 39876 
6 : 107244 191986 187216 107233 107232 187207 
6 : 129544 105516 134584 105503 129532 105504 
6 : 249119 212838 239369 212834 239366 212832 
6 : 78868 84060 236406 78861 78867 84054 
6 : 36916 178486 258407 36904 36919 178493 
6 : 221271 236525 258410 221266 221272 236527 
6 : 49295 59360 75631 49275 49277 59343 
6 : 154524 258429 99064 154530 99046 99069 
6 : 227283 223875 258428 223870 227284 223878 
6 : 136470 192792 236923 136464 136467 192789 
6 : 185879 27088 177631 27075 177619 27073 
6 : 258452 243595 247154 243596 247156 243590 
6 : 198827 258455 217706 198831 198821 217713 
6 : 258454 13459 248451 13461 248453 13455 
6 : 173360 50092 254211 50077 173357 50091 
6 : 249012 38076 149789 38069 149784 38058 
6 : 13946 14278 256361 13926 13943 14276 
6 : 71324 217755 257054 71318 71322 217752 
6 : 199359 194761 18449 194746 18433 18431 
6 : 254290 246939 258474 246936 254294 246944 
6 : 161135 199966 162738 161125 161122 162724 
6 : 258484 258481 185710 258547 185712 185711 
6 : 38029 239421 181418 38026 38019 181414 
6 : 34150 219647 246368 34139 34145 219645 
6 : 112027 229371 225988 112020 112019 225983 
6 : 241663 190543 239016 190540 239011 190537 
6 : 246048 240056 258504 240049 246050 240058 
6 : 21843 225892 134013 21839 21818 134009 
6 : 23645 242853 149667 23642 23631 149662 
6 : 203046 258510 258514 203048 203051 262441 
6 : 252533 48599 233652 48595 233650 48589 
6 : 258122 97389 34937 97388 34936 34908 
6 : 258513 6107 236677 6109 236680 6100 
6 : 19079 149565 258534 19062 19082 149571 
6 : 55106 233992 258536 55101 55112 234001 
6 : 176434 258538 96212 176435 96198 96214 
6 : 249721 237566 185942 237563 185933 185932 
6 : 258560 244996 213391 244998 213393 213386 
6 : 202734 161483 192897 161467 192883 161466 
6 : 242191 258583 257891 242192 242190 257893 
6 : 258586 131562 198604 131563 198605 131553 
6 : 258587 192739 237123 192743 237125 192734 
6 : 230221 138292 201779 138284 201772 138280 
6 : 258592 258593 217794 264062 217797 217799 
6 : 258594 201681 162825 201686 162831 162815 
6 : 188582 239671 257327 188578 188581 239668 
6 : 212337 157136 10613 157124 10602 10591 
6 : 575 44172 228528 556 566 44160 
6 : 258613 157983 251445 157984 251446 157982 
6 : 258617 172484 242228 172489 242235 172482 
6 : 247107 104581 36218 104577 36214 36198 
6 : 95907 125431 24745 95901 24717 24723 
6 : 167623 224515 153662 167616 153645 153652 
6 : 251934 120256 224648 120255 224647 120247 
6 : 38395 89152 165535 38379 38384 89140 
6 : 122051 89875 190380 89852 122033 89856 
6 : 65840 77756 153060 65821 65827 77740 
6 : 225418 258667 137836 225424 137828 137844 
6 : 19308 258686 155468 19309 19296 155470 
6 : 47213 180156 257081 47199 47212 180154 
6 : 93918 175439 194275 93906 93908 175430 
6 : 158421 258691 77194 158422 77178 77195 
6 : 238050 230162 240759 230156 238042 230159 
6 : 113031 254370 258699 113030 113035 254374 
6 : 257618 38225 91044 38224 91043 38206 
6 : 185151 226152 215133 185142 185140 215122 
6 : 210744 220156 228850 210738 210741 220150 
6 : 121179 9943 225947 9922 121170 9936 
6 : 122836 164091 173472 122823 122825 164074 
6 : 119023 253993 258715 119022 119027 253995 
6 : 258713 201350 251584 201351 251585 201347 
6 : 177288 70986 237076 70971 177285 70980 
6 : 246176 72681 258730 72674 246180 72685 
6 : 258732 254704 245934 254705 245938 245930 
6 : 121487 68231 81112 68209 81089 68208 
6 : 183453 203295 143061 183447 143048 143051 
6 : 240678 245573 251343 240672 240677 245568 
6 : 90576 156807 153444 90564 90563 153421 
6 : 217985 36219 258787 36210 217989 36223 
6 : 247659 252724 204231 247656 204227 204229 
6 : 255061 258790 258789 255066 255063 259375 
6 : 215803 258800 206523 215804 206516 206524 
6 : 256310 258817 149452 256311 149449 149453 
6 : 250173 56900 253419 56893 250170 56896 
6 : 227952 249766 161581 227949 161571 161576 
6 : 237624 21317 255812 21309 237621 21313 
6 : 62524 258843 119995 62525 62503 119997 
6 : 194704 165167 54860 165157 54847 54844 
6 : 95797 258848 141543 95802 95782 141551 
6 : 190080 218022 137153 190075 137142 137145 
6 : 257779 146953 157572 146952 157571 146936 
6 : 44031 52336 248007 44017 44029 52332 
6 : 84652 225564 251813 84646 84649 225560 
6 : 258889 258890 144583 264603 144590 144591 
6 : 69134 60619 232096 60593 69127 60613 
6 : 170428 87766 228537 87750 170422 87757 
6 : 251976 232021 258908 232019 251981 232024 
6 : 187217 226379 11161 187210 11150 11153 
6 : 213038 179893 258912 179884 213039 179895 
6 : 156782 258927 40337 156786 40324 40342 
6 : 227381 111587 233849 111576 227373 111577 
6 : 234946 255078 37824 234945 37819 37822 
6 : 21718 229067 130277 21711 21694 130266 
6 : 239948 20743 218894 20737 218888 20731 
6 : 258966 233993 258968 233996 260916 233998 
6 : 203808 239915 244911 203801 203803 239909 
6 : 218554 248351 258998 218552 218555 248354 
6 : 141258 244434 258999 141252 141263 244438 
6 : 259008 253380 213438 253385 213439 213436 
6 : 51287 171130 259026 51276 51294 171136 
6 : 177228 29517 259025 29499 177229 29518 
6 : 75169 200570 165707 75161 75155 165693 
6 : 259027 259028 119264 264730 119269 119270 
6 : 55456 177302 258327 55446 55455 177300 
6 : 4947 217136 254139 4938 4946 217134 
6 : 9944 8600 247743 8571 9940 8595 
6 : 259072 142032 221697 142033 221698 142026 
6 : 259097 150059 97520 150062 97521 97503 
6 : 259098 194027 237934 194032 237936 194018 
6 : 256619 183389 244366 183387 244365 183381 
6 : 172863 258621 259103 172862 172867 258630 
6 : 114006 237255 217351 114000 113996 217345 
6 : 248937 220942 12879 220936 12872 12869 
6 : 76338 230486 256937 76331 76337 230484 
6 : 151902 61644 258124 61627 151901 61643 
6 : 221557 15380 6108 15369 6096 6069 
6 : 56554 240376 227712 56552 56550 227707 
6 : 222600 12444 31097 12437 31091 12420 
6 : 242159 135299 184130 135293 184124 135281 
6 : 229185 218629 53706 218622 53700 53697 
6 : 195369 259171 259172 195371 195372 261629 
6 : 259176 259183 259178 259991 259990 263145 
6 : 195947 120789 259192 120776 195950 120793 
6 : 259194 243411 248810 243415 248820 243408 
6 : 96072 169213 243380 96060 96068 169206 
6 : 39018 197046 199204 39004 39005 197031 
6 : 109871 33656 36186 33641 36175 33636 
6 : 55847 15198 171290 15173 55835 15182 
6 : 233605 11495 64571 11485 64562 11468 
6 : 105188 14741 259235 14720 105193 14747 
6 : 259234 169677 186213 169681 186217 169666 
6 : 110295 215908 31681 110293 31658 31672 
6 : 190933 433 197734 419 190922 420 
6 : 153858 171202 213936 153847 153851 171192 
6 : 94401 158203 259281 94391 94403 158205 
6 : 233366 227692 114500 227687 114488 114486 
6 : 253330 61219 76773 61216 76766 61195 
6 : 212372 160160 257368 160146 212371 160158 
6 : 14742 77252 19817 14718 14713 19783 
6 : 220357 253768 30207 220354 30194 30205 
6 : 55848 98640 177159 55833 55836 98623 
6 : 191498 5704 224369 5696 191492 5697 
6 : 210580 18745 233606 18732 210572 18737 
6 : 51634 258830 259311 51633 51636 258834 
6 : 72683 89995 53939 72657 53911 53912 
6 : 244454 173861 252985 173852 244451 173856 
6 : 122818 256400 201383 122816 122809 201380 
6 : 161913 193284 219892 161906 161909 193275 
6 : 6517 241010 167000 6511 6504 166996 
6 : 178708 17061 243941 17042 178702 17057 
6 : 202132 254389 192301 202128 192290 192298 
6 : 259343 236077 75999 236080 76001 75994 
6 : 244338 257642 259345 244337 244339 257644 
6 : 131152 226983 76570 131143 76546 76558 
6 : 89432 239520 201467 89426 89420 201459 
6 : 259371 198062 214437 198069 214450 198056 
6 : 213244 41461 247611 41450 213239 41456 
6 : 233405 154071 259372 154063 233410 154079 
6 : 4775 257892 165604 4771 4760 165603 
6 : 259395 252158 192282 252166 192288 192280 
6 : 90577 96094 129145 90556 90560 96078 
6 : 133646 82406 78174 82382 78152 78148 
6 : 259409 147481 225790 147483 225791 147473 
6 : 89385 171223 55751 89374 55722 55732 
6 : 223631 245477 202517 223626 202502 202508 
6 : 228324 231 226263 223 226257 222 
6 : 259433 202207 259432 202212 264714 202210 
6 : 164580 105702 92424 105690 92406 92402 
6 : 170899 88390 93334 88377 93317 88366 
6 : 203737 180978 81666 180965 81657 81653 
6 : 207911 254959 475 207910 461 473 
6 : 259381 212657 201222 212656 201221 201208 
6 : 18746 248770 11497 18740 11466 11490 
6 : 147963 56931 28334 56914 28316 28304 
6 : 259476 259475 21993 265442 22002 21999 
6 : 85337 226391 118233 85330 85323 118227 
6 : 259477 58954 144787 58955 144788 58940 
6 : 259495 156120 241262 156124 241265 156112 
6 : 52570 259503 67682 52576 52557 67687 
6 : 238883 194569 18784 194565 18774 18765 
6 : 34175 252540 60086 34173 34155 60082 
6 : 203446 245957 64978 203441 64967 64973 
6 : 259518 259521 214990 261105 214991 214995 
6 : 257543 259524 223410 257546 223409 223412 
6 : 259548 259550 259552 261624 261626 265032 
6 : 259551 256390 87006 256396 87010 87003 
6 : 183187 251665 115056 183186 115045 115055 
6 : 206494 240635 235929 206490 206487 235920 
6 : 259574 259569 227056 260997 227063 227057 
6 : 84114 207504 241924 84109 84112 207497 
6 : 239349 259596 175469 239352 175462 175474 
6 : 227304 259624 258444 227309 227302 258450 
6 : 19753 26687 259627 19738 19756 26691 
6 : 235202 197495 225020 197486 225013 197480 
6 : 70201 219838 230297 70196 70197 219830 
6 : 112100 85686 204401 85670 112094 85677 
6 : 17517 131702 252247 17499 17513 131697 
6 : 63457 259635 259631 63460 63458 260953 
6 : 248378 83147 245606 83144 245602 83142 
6 : 242834 158523 191385 158519 191378 158513 
6 : 259647 47885 117145 47887 117148 47865 
6 : 205038 258111 254728 205037 205034 254727 
6 : 259652 194342 55640 194345 55644 55625 
6 : 69352 252885 195646 69350 69345 195641 
6 : 235651 210768 209088 210763 209080 209072 
6 : 24603 117114 259690 24589 24608 117118 
6 : 25312 157913 259691 25298 25315 157917 
6 : 101537 92694 244741 92677 101534 92691 
6 : 172124 224865 248001 172118 172123 224862 
6 : 251048 156827 91045 156825 91037 91023 
6 : 30403 240766 191124 30400 30396 191114 
6 : 241415 17459 102215 17452 102206 17439 
6 : 250176 163352 34333 163344 34327 34312 
6 : 259740 251769 190891 251772 190894 190887 
6 : 12415 75024 66841 12395 12393 66811 
6 : 158860 224113 243382 158851 158854 224106 
6 : 196093 92695 248002 92685 196089 92693 
6 : 259743 226371 227826 226373 227827 226364 
6 : 136363 257404 237031 136361 136356 237029 
6 : 195724 220014 258983 195714 195723 220013 
6 : 141259 143232 10160 141244 10138 10139 
6 : 49399 210513 69678 49392 49382 69670 
6 : 190853 259788 208925 190855 190842 208926 
6 : 237734 249250 111355 237730 111348 111352 
6 : 257040 257436 259792 257039 257046 257439 
6 : 257597 102965 219161 102964 219160 102951 
6 : 259806 100419 232247 100420 232249 100410 
6 : 32921 208171 65873 32916 32906 65859 
6 : 234542 98135 90374 98128 90368 90350 
6 : 81479 226492 259815 81473 81484 226497 
6 : 155081 183188 247575 155072 155079 183184 
6 : 236804 187701 77732 187697 77730 77723 
6 : 258845 202773 250919 202772 250918 202769 
6 : 76911 259861 108409 76914 76896 108413 
6 : 254566 172908 68371 172905 68366 68353 
6 : 37826 145736 255981 37807 37823 145735 
6 : 229990 243284 57313 229986 57306 57308 
6 : 259896 75340 195249 75342 195251 75323 
6 : 76029 259905 67411 76031 67381 67412 
6 : 259908 210066 244189 210071 244193 210058 
6 : 99131 105703 28335 99114 28309 28310 
6 : 181452 103163 97362 103152 97352 97336 
6 : 259935 259936 236289 262041 236290 236291 
6 : 30485 125746 259942 30469 30490 125752 
6 : 259960 254159 234186 254164 234189 234180 
6 : 34015 172970 160872 34001 33999 160852 
6 : 59247 232730 259964 59240 59254 232736 
6 : 133127 69711 220573 69690 133115 69697 
6 : 222030 117920 234341 117909 222022 117912 
6 : 211279 177891 260017 177876 211281 177893 
6 : 233994 249434 245451 233990 233987 245442 
6 : 86050 246581 217113 86045 86041 217108 
6 : 248241 11761 130601 11759 130600 11742 
6 : 236274 129609 260038 129603 236276 129611 
6 : 260039 159247 252275 159250 252281 159246 
6 : 147347 190523 259294 147339 147346 190522 
6 : 132990 260054 239422 132992 132987 239425 
6 : 244297 201753 238275 201746 238269 201743 
6 : 100170 59191 26084 59176 26061 26058 
6 : 260079 168002 250267 168005 250273 168000 
6 : 131223 226380 210228 131217 131216 210220 
6 : 159104 241167 193045 159101 159097 193037 
6 : 235296 236184 135187 235290 135178 135179 
6 : 243018 202676 212958 202667 212949 202661 
6 : 260096 31065 234488 31066 234489 31060 
6 : 235273 260116 226680 235278 226675 226685 
6 : 210721 242671 95336 210717 95326 95330 
6 : 259410 157439 212959 157438 212957 157426 
6 : 222357 3262 259189 3254 222356 3261 
6 : 224053 83447 73778 83438 73766 73750 
6 : 200181 260167 144496 200186 144479 144501 
6 : 234629 151435 252468 151427 234624 151433 
6 : 100029 214278 34056 100023 34027 34040 
6 : 108433 155178 201079 108419 108423 155161 
6 : 210798 222678 198869 210790 198862 198863 
6 : 259457 243669 83418 243668 83417 83411 
6 : 260190 253006 32066 253014 32070 32062 
6 : 98988 255615 260193 98984 98993 255618 
6 : 30 239464 14462 27 16 14456 
6 : 128450 260196 160759 128451 128429 160763 
6 : 5899 62700 243423 5881 5895 62695 
6 : 181237 257947 57777 181235 57764 57776 
6 : 43888 199405 27089 43883 27066 27077 
6 : 126929 260206 248290 126930 126926 248291 
6 : 247422 197900 177633 197894 177628 177622 
6 : 253838 259374 72970 253837 72966 72969 
6 : 24677 132548 130951 24665 24664 130930 
6 : 260212 176842 258459 176844 258460 176841 
6 : 40639 162208 9585 40624 9554 9567 
6 : 201428 59421 238897 59406 201423 59413 
6 : 116850 162640 61918 116830 61889 61894 
6 : 212338 146431 241971 146416 212334 146420 
6 : 260234 32787 260235 32791 264803 32793 
6 : 164345 128725 53155 128708 53131 53127 
6 : 247888 255814 90477 247885 90467 90472 
6 : 28552 260259 104720 28554 28535 104723 
6 : 133753 142697 149006 133739 133740 142682 
6 : 214694 16610 253707 16594 214691 16607 
6 : 200125 56188 170780 56177 170766 56171 
6 : 237821 154472 174440 154465 174434 154450 
6 : 93651 238656 260282 93648 93652 238658 
6 : 180064 165507 239322 165492 180059 165498 
6 : 219476 148282 260299 148276 219482 148286 
6 : 114557 130822 58860 114545 58838 58840 
6 : 234264 24577 160324 24567 160320 24557 
6 : 148886 152581 248864 148875 148883 152577 
6 : 197825 230197 260318 197816 197826 230199 
6 : 141884 165067 48068 141870 48039 48042 
6 : 252492 260339 248334 252495 248327 248339 
6 : 163409 194343 162445 163404 162428 162431 
6 : 37623 1606 210619 1575 37616 1595 
6 : 128660 59915 57778 59898 57759 57749 
6 : 136242 253297 148307 136238 136228 148301 
6 : 179693 199725 202208 179681 179682 199712 
6 : 186370 238339 260367 186360 186372 238341 
6 : 200849 111066 156520 111060 156502 111058 
6 : 137634 233995 123958 137628 123934 123948 
6 : 119707 234586 260374 119702 119709 234590 
6 : 215300 242260 260384 215293 215303 242263 
6 : 47671 241236 260385 47667 47673 241239 
6 : 260386 225056 882 225058 886 875 
6 : 93284 206045 40375 93274 40351 40362 
6 : 260392 191628 236196 191629 236197 191619 
6 : 223812 260402 214416 223816 214405 214418 
6 : 154211 227501 252656 154204 154207 227497 
6 : 260403 133773 259511 133776 259514 133772 
6 : 139338 245639 7869 139334 7849 7863 
6 : 217033 43633 242511 43623 217030 43629 
6 : 189296 260430 76298 189303 76286 76306 
6 : 152970 111331 213731 111314 152959 111320 
6 : 64770 116265 247363 64760 64768 116261 
6 : 260451 144467 133701 144468 133702 133682 
6 : 241904 127351 257056 127343 241902 127348 
6 : 216247 256529 123751 216245 123738 123750 
6 : 251706 260502 260500 251712 251708 261591 
6 : 260501 41036 172337 41038 172340 41015 
6 : 117413 117426 114035 117402 114016 114017 
6 : 211845 150878 46580 150866 46571 46562 
6 : 260507 165508 260152 165512 260157 165506 
6 : 80645 170163 260526 80633 80649 170170 
6 : 121458 142162 155794 121442 121444 142148 
6 : 131040 145478 260530 131019 131043 145486 
6 : 182545 203793 195536 182533 182531 195522 
6 : 191265 8439 154153 8428 154137 8421 
6 : 248109 143557 252248 143550 248107 143551 
6 : 7138 200903 242216 7127 7132 200900 
6 : 81311 5605 9417 5586 9392 5578 
6 : 187295 127081 138850 127072 138838 127065 
6 : 260581 125378 260582 125383 265483 125384 
6 : 211084 260603 84157 211086 84150 84160 
6 : 208460 22925 260608 22913 208461 22926 
6 : 184356 5071 253338 5059 184352 5069 
6 : 233391 102095 244716 102082 233384 102087 
6 : 220987 255781 260628 220986 220990 255785 
6 : 246499 33891 252440 33886 246495 33889 
6 : 116619 260629 169296 116622 116602 169297 
6 : 122688 61472 1879 61457 1858 1852 
6 : 249350 249906 254018 249342 249346 249901 
6 : 37852 250062 257259 37846 37849 250059 
6 : 231231 101646 191923 101640 191917 101635 
6 : 243883 219147 123108 219142 123103 123097 
6 : 127082 175565 226633 127068 127076 175558 
6 : 260643 257222 122964 257226 122970 122960 
6 : 260667 259068 31404 259069 31406 31403 
6 : 260668 214510 252104 214514 252108 214506 
6 : 113670 137742 253954 113649 113668 137737 
6 : 249427 192660 42368 192656 42364 42355 
6 : 156997 202922 242012 156989 156994 202916 
6 : 188938 257425 193150 188935 188928 193146 
6 : 141910 253367 251217 141908 141906 251215 
6 : 108030 228266 256421 108022 108027 228265 
6 : 6544 89930 103687 6526 6527 89919 
6 : 43303 25064 123619 25038 43290 25050 
6 : 219879 231158 192616 219872 192607 192611 
6 : 227305 219933 198772 219928 198762 198761 
6 : 196178 249209 249021 196175 196174 249016 
6 : 237366 171501 3702 171494 3691 3682 
6 : 40245 260742 234918 40246 40235 234919 
6 : 235405 62178 243752 62168 235399 62170 
6 : 151293 14013 260759 13989 151295 14015 
6 : 197786 260762 182593 197792 182578 182598 
6 : 248967 225279 260761 225277 248969 225281 
6 : 257962 213392 191125 213390 191122 191110 
6 : 35533 150982 83419 35525 35520 83395 
6 : 84766 256925 29897 84765 29870 29894 
6 : 192763 260763 260764 192764 192765 262626 
6 : 237852 200285 243670 200278 237849 200279 
6 : 60146 2065 11992 2049 11962 2045 
6 : 234616 248335 52739 234613 52726 52734 
6 : 260790 101072 260792 101078 264486 101079 
6 : 83302 41350 244190 41326 83297 41345 
6 : 260811 260813 89094 264492 89100 89103 
6 : 222915 78974 260817 78963 222919 78977 
6 : 260816 232918 236041 232922 236046 232913 
6 : 225775 144943 259015 144934 225774 144942 
6 : 673 260836 166515 675 666 166520 
6 : 252184 90442 233338 90438 233333 90435 
6 : 44261 26552 228980 26525 44257 26546 
6 : 130999 250993 204628 130998 130993 204625 
6 : 17343 206046 91007 17337 17327 90992 
6 : 145857 91717 81690 91699 81676 81669 
6 : 151372 232704 211632 151370 151366 211624 
6 : 173773 204457 86484 173760 86469 86475 
6 : 186017 253743 143825 186015 143808 143821 
6 : 160710 170110 251816 160697 160707 170105 
6 : 6487 145157 136409 6472 6469 136388 
6 : 251001 258303 128506 250999 128499 128504 
6 : 184322 215580 228470 184311 184316 215573 
6 : 258156 63820 238368 63817 238367 63814 
6 : 259076 166572 244899 166571 244898 166567 
6 : 260898 135823 223340 135828 223343 135810 
6 : 258322 130688 24461 130687 24460 24439 
6 : 260903 99412 260899 99415 261951 99413 
6 : 250147 231454 260915 231451 250149 231457 
6 : 198189 132619 237886 132602 198183 132609 
6 : 247134 260918 257549 247136 247132 257553 
6 : 7870 234343 173316 7859 7850 173300 
6 : 12108 236042 260955 12100 12110 236044 
6 : 185992 130247 220451 130228 185987 130236 
6 : 45580 256320 180818 45579 45571 180815 
6 : 59494 199726 260958 59486 59496 199729 
6 : 86023 243618 190797 86019 86012 190790 
6 : 255991 126125 228834 126123 228832 126117 
6 : 142897 94118 248123 94094 142893 94110 
6 : 260982 252835 201781 252838 201788 201776 
6 : 206705 260459 257707 206704 206702 257706 
6 : 83280 174263 244766 83260 83271 174255 
6 : 86081 240679 261002 86070 86082 240682 
6 : 252325 125097 233455 125094 233452 125086 
6 : 47543 193694 254901 47535 47542 193692 
6 : 67765 152723 261016 67750 67767 152729 
6 : 86563 246814 203884 86559 86552 203879 
6 : 88362 4101 178620 4082 88348 4087 
6 : 214280 155180 221906 155165 214273 155168 
6 : 163543 51873 81960 51854 81939 51846 
6 : 204990 76572 261037 76552 204993 76574 
6 : 50158 116668 250433 50145 50155 116663 
6 : 137681 260013 261051 137678 137684 260016 
6 : 175026 181160 211352 175013 175014 181147 
6 : 66875 261054 217538 66877 66864 217541 
6 : 192066 97649 236628 97635 192063 97640 
6 : 100052 117473 107793 100036 100035 107765 
6 : 214898 261074 208239 214899 208229 208242 
6 : 247691 44012 91008 44010 91003 43993 
6 : 261075 156412 224563 156416 224568 156403 
6 : 82581 261080 219971 82585 82573 219973 
6 : 12952 127417 173955 12939 12942 127404 
6 : 149301 119516 228360 119499 149294 119510 
6 : 160570 245727 258836 160562 160569 245726 
6 : 261096 127000 189811 127002 189814 126986 
6 : 52538 251133 215301 52536 52532 215296 
6 : 258160 148949 171502 148945 171499 148936 
6 : 9916 10424 261119 9895 9918 10428 
6 : 261121 252639 252266 252642 252268 252263 
6 : 220333 255638 228914 220329 220322 228910 
6 : 227899 258956 173738 227898 173729 173736 
6 : 185253 40616 218110 40601 185246 40607 
6 : 202655 154585 166216 154572 166201 154568 
6 : 245761 222432 247776 222426 245757 222427 
6 : 9329 260858 256686 9328 9325 256684 
6 : 135102 261142 197901 135103 135089 197906 
6 : 185882 213552 248783 185872 185877 213549 
6 : 260302 235432 261153 235430 260304 235437 
6 : 145220 142012 191366 142000 145210 142003 
6 : 261159 246895 261157 246898 261806 246896 
6 : 35851 158185 261161 35844 35852 158187 
6 : 70244 257812 158153 70243 70228 158152 
6 : 75850 230898 261163 75843 75852 230901 
6 : 22691 261176 63622 22693 22669 63625 
6 : 149204 91718 197560 91700 149187 91705 
6 : 129429 261182 176375 129432 129416 176378 
6 : 143024 39390 22317 39379 22302 22294 
6 : 26085 109302 238632 26062 26079 109291 
6 : 86275 70274 121657 70250 86259 70254 
6 : 86702 136926 190950 86689 86691 136908 
6 : 261206 261207 199361 265199 199366 199368 
6 : 74509 193046 160966 74499 74494 160953 
6 : 195381 202656 208837 195373 195375 202644 
6 : 155106 146007 260700 145992 155105 146006 
6 : 149007 203465 213296 148995 148997 203455 
6 : 206641 247705 164208 206637 164196 164202 
6 : 6984 68341 115915 6964 6968 68321 
6 : 194008 180207 233565 180198 194002 180202 
6 : 245074 175351 253443 175345 245070 175348 
6 : 117949 192583 250844 117935 117946 192576 
6 : 110701 136162 234235 110686 110694 136155 
6 : 151574 180424 198526 151565 151567 180412 
6 : 121006 186400 198932 120998 121001 186390 
6 : 211776 261311 261309 211782 211781 264257 
6 : 114501 256442 131395 114498 114476 131392 
6 : 26491 178511 225022 26475 26483 178501 
6 : 232616 148419 261327 148408 232617 148422 
6 : 1542 108569 150181 1523 1527 108555 
6 : 261332 261329 91286 261402 91294 91287 
6 : 64077 215441 18618 64068 18591 18606 
6 : 197461 231931 90124 197450 90106 90111 
6 : 147574 236394 192285 147567 147558 192276 
6 : 249681 16289 161184 16287 161181 16270 
6 : 28424 237434 261363 28419 28427 237443 
6 : 183454 2376 128823 2362 128814 2358 
6 : 4293 136055 213641 4274 4285 136047 
6 : 45633 133238 225964 45615 45621 133231 
6 : 185085 47445 247507 47431 185081 47441 
6 : 187219 15043 210231 15028 187209 15033 
6 : 48687 232514 160542 48682 48673 160533 
6 : 82167 169603 242633 82150 82159 169595 
6 : 22099 184002 208337 22086 22090 183992 
6 : 34697 192543 167757 34686 34684 167740 
6 : 261403 82554 242640 82559 242646 82551 
6 : 116381 261404 261406 116382 116385 261825 
6 : 78210 183171 261421 78200 78215 183176 
6 : 261419 210685 18105 210687 18108 18091 
6 : 233347 35000 235752 34992 233343 34993 
6 : 33198 58436 77255 33185 33186 58413 
6 : 130326 261466 235449 130329 130321 235452 
6 : 251779 252702 254212 251776 251777 252695 
6 : 116948 261469 30973 116952 30943 30977 
6 : 243318 228559 195797 228556 195792 195789 
6 : 236775 256224 261472 236773 236777 256227 
6 : 261474 63964 256012 63969 256015 63960 
6 : 137577 67376 143934 67362 137567 67363 
6 : 207962 244983 8330 207957 8318 8325 
6 : 227129 93286 63623 93278 63615 63599 
6 : 231784 245659 238422 231781 231779 238415 
6 : 85920 151001 110362 85905 85900 110345 
6 : 196957 261502 23531 196959 23509 23534 
6 : 251659 37569 254453 37566 251656 37568 
6 : 239359 95450 84710 95443 84706 84684 
6 : 160114 53008 117976 52985 117957 52982 
6 : 245623 209372 3536 209367 3528 3523 
6 : 144308 217827 227502 144302 144304 217823 
6 : 236207 226784 7018 226777 7013 7009 
6 : 186524 209009 144012 186518 143998 144001 
6 : 257923 220099 221200 220097 221197 220089 
6 : 112447 176114 151203 112441 112436 151180 
6 : 261576 248035 189536 248036 189537 189532 
6 : 97057 193124 119162 97051 97043 119151 
6 : 159858 215695 116900 159848 116882 116890 
6 : 202225 243847 260865 202218 202224 243846 
6 : 135704 250808 224168 135700 135695 224165 
6 : 59249 206685 80177 59236 59224 80163 
6 : 261598 165484 241399 165486 241402 165479 
6 : 199107 261605 260069 199110 199105 260070 
6 : 19227 260440 182406 19225 19210 182405 
6 : 182383 2324 112056 2309 112041 2302 
6 : 261625 160343 247243 160346 247247 160339 
6 : 196550 258562 238542 196548 196544 238537 
6 : 236618 261628 177795 236619 177786 177796 
6 : 173383 235989 89199 173372 89186 89194 
6 : 106034 247471 255675 106029 106031 247466 
6 : 152145 200556 261665 152136 152147 200558 
6 : 245709 261670 192198 245712 192191 192202 
6 : 246490 41147 258991 41140 246488 41146 
6 : 206377 83562 195963 83555 195953 83550 
6 : 249740 128803 33737 128796 33732 33717 
6 : 104329 56990 260613 56969 104328 56989 
6 : 186119 215679 261690 186116 186123 215682 
6 : 21028 156413 133466 21014 21012 133450 
6 : 182006 224564 261707 181998 182007 224565 
6 : 239887 119054 52173 119045 52166 52149 
6 : 148512 200049 85738 148500 85723 85729 
6 : 256984 155297 186660 155294 186657 155275 
6 : 158693 261729 237257 158695 158688 237259 
6 : 234630 72364 246469 72355 234621 72358 
6 : 66758 76237 72801 66738 66737 72775 
6 : 198844 197714 238424 197700 198837 197705 
6 : 261744 261743 138189 264923 138194 138193 
6 : 40017 249061 261745 40013 40018 249062 
6 : 180890 38710 63587 38697 63569 38687 
6 : 40427 179021 174743 40416 40415 174730 
6 : 203651 103623 241400 103604 203647 103615 
6 : 244931 61733 261762 61725 244932 61734 
6 : 234246 117977 234445 117968 234238 117969 
6 : 5705 35619 115466 5685 5690 35601 
6 : 99513 126171 213732 99498 99505 126162 
6 : 102557 221919 257476 102544 102554 221916 
6 : 22867 154232 234588 22856 22861 154223 
6 : 202180 259765 261855 202179 202182 259771 
6 : 247770 238950 216852 238947 216843 216841 
6 : 261854 184003 121459 184004 121462 121449 
6 : 143730 211390 227715 143724 143727 211387 
6 : 261859 252785 261860 252789 264684 252793 
6 : 7297 139801 163558 7282 7285 139783 
6 : 221496 261880 114614 221497 114601 114616 
6 : 260920 104216 55643 104215 55642 55614 
6 : 207933 247260 225340 207925 207919 225332 
6 : 229601 81825 167099 81814 167088 81803 
6 : 261893 233 135847 235 135850 214 
6 : 143975 5377 261894 5357 143979 5381 
6 : 174932 261246 159378 174931 159352 159377 
6 : 246198 261896 155472 246206 155464 155477 
6 : 13796 211539 21719 13787 13771 21708 
6 : 61164 245154 216930 61157 61148 216919 
6 : 176916 217780 6676 176905 6660 6665 
6 : 258405 61190 97650 61186 97646 61172 
6 : 167533 189552 29483 167518 29466 29470 
6 : 162491 244853 185184 162484 162476 185177 
6 : 184166 97578 43042 97564 43023 43019 
6 : 243779 207196 232443 207185 232434 207181 
6 : 78481 164703 140518 78470 78466 140499 
6 : 121756 250064 261942 121751 121759 250067 
6 : 52090 205566 129696 52080 52074 129683 
6 : 235687 185419 95823 185414 95817 95811 
6 : 246346 181494 8918 181492 8915 8905 
6 : 261973 161914 156270 161917 156273 156254 
6 : 253001 213857 193793 213856 193791 193779 
6 : 200065 220432 249265 200055 200060 220428 
6 : 254989 146201 207052 146196 207049 146189 
6 : 140850 137636 248169 137622 140847 137631 
6 : 199968 201278 252924 199956 199963 201273 
6 : 249523 230015 40377 230010 40373 40367 
6 : 261994 261995 261993 265014 262152 262153 
6 : 38226 119653 168392 38210 38214 119641 
6 : 219683 134347 226070 134336 219675 134337 
6 : 245910 212642 262009 212638 245915 212646 
6 : 262024 262022 11641 262672 11643 11642 
6 : 11727 250698 262026 11723 11731 250701 
6 : 28236 16347 251595 16329 28234 16345 
6 : 259308 175903 15976 175902 15974 15962 
6 : 61560 181421 144266 61548 61545 144249 
6 : 109103 166009 235947 109091 109094 166004 
6 : 260292 98044 145506 98043 145505 98025 
6 : 170398 262061 33390 170399 33372 33391 
6 : 262062 244062 200668 244064 200670 200662 
6 : 28999 259144 253044 28994 28990 253042 
6 : 218868 262085 173506 218869 173488 173507 
6 : 48270 258272 158368 48268 48256 158366 
6 : 223952 255163 217710 223949 217693 217703 
6 : 57692 243689 212079 57684 57678 212072 
6 : 197544 75276 247159 75264 197536 75272 
6 : 255035 262108 259662 255038 255033 259665 
6 : 261885 121685 214732 121684 214730 121669 
6 : 25460 22100 121460 22073 25442 22077 
6 : 262116 142165 115116 142166 115117 115097 
6 : 29638 8919 131725 8889 29620 8899 
6 : 246995 241702 92941 241699 92936 92935 
6 : 144189 141820 188529 141805 144176 141809 
6 : 212063 260162 231363 212062 212058 231362 
6 : 114334 81605 262133 81582 114335 81607 
6 : 213874 253383 188116 213871 188097 188109 
6 : 108488 224218 131973 108482 108476 131959 
6 : 262148 222129 172528 222132 172531 172514 
6 : 43960 161254 195571 43945 43950 161238 
6 : 220265 119137 41636 119131 41627 41616 
6 : 259846 219541 197787 219540 197785 197778 
6 : 262170 232805 261300 232810 261304 232803 
6 : 244352 221956 260220 221948 244350 221955 
6 : 131543 95630 230017 95610 131537 95622 
6 : 259578 156415 82997 156411 82995 82984 
6 : 256976 165737 94244 165732 94240 94224 
6 : 110126 262184 238218 110127 110119 238220 
6 : 99113 133107 250994 99096 99108 133106 
6 : 131000 262199 206525 131002 130994 206527 
6 : 179009 238152 244667 179002 179005 238148 
6 : 262207 126765 215388 126766 215390 126752 
6 : 6611 18584 71120 6597 6599 18566 
6 : 62777 256742 198209 62775 62767 198206 
6 : 169860 262227 262228 169861 169862 264090 
6 : 249777 261490 241446 249775 241442 241445 
6 : 240105 27458 153099 27449 153092 27436 
6 : 141654 122520 262235 122502 141657 122523 
6 : 174917 58657 200209 58643 174910 58644 
6 : 258618 258087 117243 258086 117242 117240 
6 : 101437 69990 241535 69965 101433 69987 
6 : 72074 140873 256879 72065 72072 140869 
6 : 148986 42581 262271 42567 148987 42582 
6 : 50903 235551 54108 50898 50887 54096 
6 : 191334 125228 262291 125217 191336 125230 
6 : 261528 244985 262296 244984 261531 244991 
6 : 128225 38849 19851 38831 19832 19825 
6 : 219839 16380 41173 16373 41163 16357 
6 : 245640 222033 84261 222027 84255 84247 
6 : 166193 192544 138614 166184 138593 138597 
6 : 33554 240369 123756 33546 33535 123746 
6 : 44639 155850 197239 44626 44629 155839 
6 : 262333 159700 239423 159701 239424 159692 
6 : 149830 66954 167731 66935 149816 66936 
6 : 64173 95981 223396 64148 64165 95971 
6 : 251018 249934 248205 249930 248202 248201 
6 : 10098 262349 107545 10099 10084 107546 
6 : 243356 40780 237448 40773 237444 40772 
6 : 256241 227584 173603 227579 173599 173593 
6 : 259405 238461 154790 238458 154788 154780 
6 : 181583 72972 250922 72951 181575 72965 
6 : 99388 44062 190800 44039 99378 44047 
6 : 215167 71659 57779 71650 57770 57750 
6 : 122241 215841 85459 122232 85439 85449 
6 : 176472 5434 261720 5421 176471 5432 
6 : 211193 257048 222451 211188 211185 222449 
6 : 132884 68177 261721 68155 132882 68175 
6 : 228400 152700 262396 152692 228402 152703 
6 : 259537 72526 221690 72524 221688 72515 
6 : 261861 258217 235948 258216 235946 235943 
6 : 73670 46512 194423 46486 73662 46506 
6 : 154247 29322 262400 29311 154248 29323 
6 : 262401 241480 231067 241482 231071 231058 
6 : 262404 260354 99903 260356 99907 99902 
6 : 102824 162247 134707 102809 102807 134685 
6 : 252240 21547 213642 21544 213638 21535 
6 : 114584 153826 151961 114566 114565 151937 
6 : 246389 97496 211354 97490 211339 97484 
6 : 225894 143798 5777 143789 5767 5755 
6 : 104377 262449 262448 104380 104378 262553 
6 : 241373 135979 51052 135970 51042 51027 
6 : 262160 169234 187006 169233 187005 169222 
6 : 262313 192012 174489 192011 174488 174479 
6 : 236004 188282 262453 188272 236007 188284 
6 : 242538 145139 126214 145134 126208 126198 
6 : 243459 100299 262471 100289 243465 100305 
6 : 16827 261055 227333 16825 16817 227332 
6 : 254293 60481 134708 60476 134700 60455 
6 : 262473 36949 194764 36953 194767 36935 
6 : 124657 132267 205012 124643 124648 132255 
6 : 242139 212581 262486 212575 242140 212583 
6 : 201367 256799 260655 201363 201366 256798 
6 : 107736 114864 111840 107713 107712 111812 
6 : 115298 149025 190714 115282 115287 149013 
6 : 148641 212237 66315 148633 66291 66297 
6 : 188976 176759 208255 176742 188963 176743 
6 : 262510 216911 118904 216914 118909 118895 
6 : 100053 239162 262511 100047 100055 239164 
6 : 166295 81229 100200 81211 100179 81201 
6 : 231439 213876 262529 213865 231441 213879 
6 : 257827 253677 240876 253675 240873 240870 
6 : 142352 204539 5148 142343 5131 5137 
6 : 255435 262546 89233 255437 89229 89235 
6 : 173479 132926 236344 132914 173474 132921 
6 : 193677 101295 147269 101280 147252 101277 
6 : 223116 262548 48726 223117 48714 48727 
6 : 240733 141978 262549 141969 240737 141981 
6 : 242539 246542 93581 242533 93573 93575 
6 : 188702 178756 262561 178741 188706 178758 
6 : 231871 47886 151650 47877 151642 47866 
6 : 262581 181137 248944 181140 248946 181132 
6 : 74855 219741 91466 74848 74837 91453 
6 : 84893 260904 216067 84892 84884 216066 
6 : 108647 262583 119631 108648 108631 119633 
6 : 240306 176397 60090 176391 60079 60066 
6 : 194555 258758 116185 194553 116167 116183 
6 : 262590 26974 60954 26975 60956 26948 
6 : 224848 35562 153761 35555 153755 35549 
6 : 262599 104848 161484 104851 161488 104833 
6 : 262614 15166 87122 15167 87123 15144 
6 : 148680 259672 251955 148679 148677 251952 
6 : 168557 20626 260243 20615 168556 20625 
6 : 37508 93209 200306 37487 37497 93196 
6 : 68008 64535 242067 64513 68003 64530 
6 : 83534 150983 223788 83520 83526 150975 
6 : 260584 144833 130250 144831 130246 130223 
6 : 261843 262316 220456 261842 220453 220454 
6 : 96461 238509 262635 96454 96463 238512 
6 : 208655 54764 53406 54753 53398 53382 
6 : 200126 255713 179041 200124 179028 179039 
6 : 244662 116621 261510 116609 244661 116620 
6 : 108196 247261 238559 108189 108185 238550 
6 : 238401 225134 271 225125 262 260 
6 : 172826 98672 259620 98655 172825 98670 
6 : 220240 262666 255345 220243 220236 255348 
6 : 247089 262667 227454 247090 227446 227456 
6 : 262670 171669 22637 171670 22639 22623 
6 : 251098 49953 239131 49944 239124 49939 
6 : 262697 179831 260889 179832 260890 179829 
6 : 228889 154561 262701 154551 228892 154564 
6 : 218474 199342 128057 199336 128047 128042 
6 : 40985 151549 43663 40973 40967 43644 
6 : 191335 216252 31295 191324 31275 31281 
6 : 228811 33555 256533 33543 228804 33550 
6 : 259745 233599 146150 233597 146149 146143 
6 : 257050 262730 203319 257051 203315 203320 
6 : 99389 244706 184375 99385 99375 184366 
6 : 248600 201430 165710 201426 165704 165694 
6 : 106999 175566 257786 106988 106996 175564 
6 : 200613 216168 160876 200604 160857 160860 
6 : 100886 256038 130712 100885 100871 130710 
6 : 198486 53116 158570 53099 158555 53094 
6 : 203165 262758 145297 203166 145283 145299 
6 : 261448 18620 81403 18619 81400 18592 
6 : 10100 32949 75762 10076 10081 32929 
6 : 230701 236528 101075 230692 101062 101063 
6 : 97825 259466 262781 97822 97828 259468 
6 : 233761 68343 174042 68336 174037 68328 
6 : 15095 258000 9233 15094 9203 9231 
6 : 96753 231267 262782 96747 96757 231270 
6 : 262791 254963 135509 254964 135513 135506 
6 : 243738 262798 109791 243740 109781 109799 
6 : 262797 983 171313 984 171316 968 
6 : 98327 262800 33436 98328 33403 33438 
6 : 55385 152404 261961 55373 55384 152403 
6 : 166143 109391 174442 109377 166132 109379 
6 : 174419 256911 114615 174415 114594 114610 
6 : 239291 83448 179562 83440 179556 83433 
6 : 48573 43753 178306 43731 48563 43739 
6 : 113619 167510 204243 113607 113612 167500 
6 : 248928 99679 217065 99675 217058 99672 
6 : 42987 262821 206745 42988 42977 206746 
6 : 221591 95337 262822 95327 221592 95339 
6 : 249377 169567 66012 169562 66006 65994 
6 : 258478 222894 96245 222891 96241 96233 
6 : 115373 229838 49534 115370 49508 49526 
6 : 24680 72043 256283 24660 24675 72041 
6 : 252844 46684 262858 46681 252845 46685 
6 : 141278 50993 253178 50980 141277 50991 
6 : 78510 182656 115118 78496 78486 115103 
6 : 249514 134056 183758 134053 183753 134045 
6 : 257286 167663 236826 167661 236822 167655 
6 : 192706 51321 200827 51304 192697 51308 
6 : 66664 237077 140652 66656 66643 140645 
6 : 232604 92886 212938 92881 212929 92879 
6 : 233701 157622 147909 157613 147901 147891 
6 : 250223 262880 245192 250224 245188 245193 
6 : 262882 243304 101043 243306 101048 101035 
6 : 9146 262896 16723 9149 9136 16726 
6 : 258231 262897 24321 258233 24317 24323 
6 : 252717 88233 213000 88228 212995 88221 
6 : 254818 235143 198543 235139 198539 198532 
6 : 125289 176307 196697 125275 125278 176293 
6 : 183055 39740 227468 39726 183048 39733 
6 : 48955 35184 260772 35167 48954 35182 
6 : 214513 98914 6715 98901 6699 6689 
6 : 35438 68203 139070 35421 35427 68189 
6 : 180874 225244 78816 180866 78797 78804 
6 : 60859 182026 176963 60850 60849 176947 
6 : 182345 222368 203903 182338 182337 203890 
6 : 136628 121317 187313 121295 136607 121303 
6 : 209504 247651 10615 209499 10600 10609 
6 : 69956 262940 58584 69960 58550 58589 
6 : 235232 223238 223830 223230 223822 223229 
6 : 262622 237166 262129 237164 262127 237162 
6 : 207769 152584 238093 152566 207764 152572 
6 : 122382 77503 204236 77478 122371 77485 
6 : 247664 6716 51769 6708 51760 6685 
6 : 246920 259030 120026 246918 120020 120024 
6 : 45581 104331 244717 45568 45577 104326 
6 : 187957 258539 262973 187954 187959 258541 
6 : 231112 154027 240981 154014 231103 154021 
6 : 212511 189299 30975 189292 30959 30952 
6 : 56314 170755 229740 56303 56309 170742 
6 : 237280 247472 262985 237277 237282 247474 
6 : 262984 145916 239327 145918 239330 145903 
6 : 262986 227718 262261 227721 262264 227716 
6 : 112604 259580 16761 112602 16736 16758 
6 : 126346 249810 21030 126341 21011 21023 
6 : 52662 189741 116977 52648 52641 116963 
6 : 113075 167242 141550 113062 113059 141531 
6 : 263002 30404 43482 30406 43486 30387 
6 : 75735 231505 247672 75724 75730 231499 
6 : 208976 263016 201705 208977 201690 201706 
6 : 231007 182746 24912 182742 24903 24895 
6 : 114245 263017 226072 114246 114234 226073 
6 : 188234 253241 223398 188232 188228 223391 
6 : 189513 263034 103624 189515 103601 103626 
6 : 13312 188720 233317 13303 13305 188716 
6 : 72889 263055 263057 72891 72892 263910 
6 : 220711 172201 205303 172189 205289 172185 
6 : 262466 137790 263058 137788 262470 137794 
6 : 210402 225939 256676 210394 210398 225937 
6 : 116528 80503 175839 80481 116514 80489 
6 : 204505 17519 263078 17506 204510 17520 
6 : 211120 256473 166492 211117 166482 166490 
6 : 228513 263081 255209 228519 228511 255217 
6 : 263080 243268 215473 243271 215476 215465 
6 : 12198 236345 162829 12193 12190 162822 
6 : 175070 204245 99681 175058 99666 99671 
6 : 184087 234083 3499 184077 3482 3490 
6 : 217103 71209 97853 71195 97841 71186 
6 : 57883 140308 50940 57865 50907 50913 
6 : 154048 167829 140226 154033 140203 140208 
6 : 263102 200645 263101 200651 264012 200647 
6 : 203110 151105 252821 151092 203108 151101 
6 : 259758 228145 70308 228144 70307 70299 
6 : 263105 189936 188444 189938 188446 188425 
6 : 258665 175509 207366 175508 207362 175500 
6 : 103747 247643 246628 103743 103741 246624 
6 : 234315 224756 263121 224750 234318 224759 
6 : 222358 178386 17064 178376 17052 17041 
6 : 226897 263123 263124 226900 226901 265387 
6 : 236079 263125 195325 236082 195315 195330 
6 : 31645 240325 254774 31643 31644 240322 
6 : 122383 51770 16162 51745 16134 16128 
6 : 214271 257882 262035 214268 214270 257880 
6 : 2815 256744 263141 2812 2816 256746 
6 : 263139 263140 52419 264798 52421 52422 
6 : 58769 99414 221084 58753 58764 99404 
6 : 199576 250534 263151 199571 199577 250536 
6 : 50284 25737 236346 25719 50278 25731 
6 : 76941 246629 263168 76935 76943 246631 
6 : 227307 221637 217502 221630 217488 217487 
6 : 230965 139528 99187 139521 99176 99164 
6 : 114193 218452 248283 114187 114190 218445 
6 : 153700 220632 256444 153689 153698 220630 
6 : 256278 76775 34335 76770 34331 34303 
6 : 143358 263179 247119 143359 143353 247120 
6 : 205358 189388 192865 189374 192853 189372 
6 : 258069 263192 98163 258072 98161 98167 
6 : 210584 15203 223541 15190 210569 15191 
6 : 263214 249790 165311 249792 165314 165306 
6 : 263216 206459 109737 206461 109739 109730 
6 : 193465 162024 263070 162009 193464 162023 
6 : 202713 115325 238139 115313 202710 115317 
6 : 261940 9359 261930 9358 261929 9357 
6 : 166926 247025 253222 166921 166922 247023 
6 : 261337 135627 37297 135626 37296 37263 
6 : 59472 220988 247508 59461 59465 220983 
6 : 130973 258632 251998 130971 130966 251993 
6 : 216693 230779 263263 216690 216695 230781 
6 : 263261 157062 104972 157064 104974 104948 
6 : 263262 227981 37770 227983 37775 37760 
6 : 247379 170067 255965 170060 247375 170063 
6 : 1074 3537 256940 1047 1069 3532 
6 : 217021 140406 219972 140400 217014 140402 
6 : 263274 209373 250269 209376 250274 209369 
6 : 221611 161081 263277 161068 221612 161082 
6 : 263294 254506 248272 254508 248274 248266 
6 : 217090 162896 251851 162891 217087 162893 
6 : 262740 111068 237685 111067 237684 111061 
6 : 263297 263296 263298 264240 264655 264241 
6 : 129359 262476 257298 129357 129355 257296 
6 : 255858 237539 194172 237534 194170 194166 
6 : 231016 125993 21997 125985 21986 21971 
6 : 47981 254520 248455 47978 47975 248447 
6 : 260533 135269 257013 135266 257012 135264 
6 : 263308 263309 201530 264403 201531 201532 
6 : 208356 168625 232222 168615 208349 168618 
6 : 263312 93021 93336 93024 93340 92997 
6 : 84099 26690 179913 26667 84088 26674 
6 : 188703 259871 263322 188700 188705 259874 
6 : 133792 241754 54799 133788 54777 54794 
6 : 170241 237951 209879 170236 170234 209871 
6 : 168560 263338 263337 168562 168561 264219 
6 : 230938 91781 263336 91768 230939 91782 
6 : 183594 144014 252787 143994 183590 144008 
6 : 19339 141641 257145 19322 19338 141637 
6 : 209029 263354 250621 209030 209027 250624 
6 : 226515 182189 263356 182181 226517 182191 
6 : 25409 9387 68373 9362 25394 9363 
6 : 150624 263366 224709 150626 150620 224711 
6 : 130096 258598 107489 130093 107467 107484 
6 : 138555 150245 132294 138541 132271 132276 
6 : 206566 103167 206475 103154 206462 103153 
6 : 229612 40273 141211 40264 141194 40255 
6 : 263379 30023 263378 30027 263837 30024 
6 : 170452 49811 232931 49798 170441 49806 
6 : 95160 92046 197175 92024 95150 92031 
6 : 102754 257389 608 102752 583 604 
6 : 215881 181354 88363 181345 88351 88349 
6 : 263401 174604 148699 174605 148700 148687 
6 : 101352 88793 239630 88776 101346 88790 
6 : 247706 151856 42047 151852 42041 42028 
6 : 256565 213319 43043 213317 43038 43030 
6 : 261185 89069 243453 89067 243452 89060 
6 : 17460 225396 60955 17448 17437 60942 
6 : 244901 96014 155984 96010 155979 95992 
6 : 21198 93435 208105 21173 21183 93423 
6 : 220693 75421 263446 75409 220695 75422 
6 : 256763 86565 38427 86561 38423 38402 
6 : 153924 228572 263468 153914 153926 228575 
6 : 245194 228216 197176 228211 197170 197164 
6 : 225057 263473 263474 225060 225061 265583 
6 : 230926 131924 260519 131912 230924 131921 
6 : 252445 41207 263476 41202 252447 41211 
6 : 109247 263132 165712 109245 109229 165711 
6 : 216384 254633 196480 216382 196468 196476 
6 : 256559 180981 81964 180977 81959 81942 
6 : 150668 259977 263500 150666 150669 259980 
6 : 181562 89356 55489 89341 55475 55465 
6 : 263511 100789 32538 100792 32540 32517 
6 : 172955 263514 62554 172957 62534 62557 
6 : 257383 192446 103368 192444 103366 103352 
6 : 30116 260825 219461 30113 30103 219458 
6 : 219795 74415 106546 74408 106538 74391 
6 : 259948 191368 119029 191364 119025 119011 
6 : 262051 246081 182836 246080 182834 182827 
6 : 114471 252978 234882 114465 114459 234875 
6 : 194009 263531 138383 194011 138371 138385 
6 : 254788 205434 263530 205432 254790 205438 
6 : 38428 15480 263535 15449 38431 15484 
6 : 207673 73052 232098 73035 207662 73041 
6 : 256719 194897 253596 194893 253591 194892 
6 : 258892 124860 241034 124858 241030 124852 
6 : 57981 245239 104489 57979 57968 104482 
6 : 139870 79214 213995 79193 139856 79202 
6 : 240648 148446 176216 148437 176208 148427 
6 : 23568 82583 258126 23540 23564 82580 
6 : 70511 125004 161186 70496 70500 124985 
6 : 64632 259744 255848 64628 64624 255844 
6 : 192618 13006 227828 12992 192610 12998 
6 : 237175 183644 118938 183636 118926 118917 
6 : 256353 66014 263569 66008 256354 66019 
6 : 263568 1831 250607 1832 250609 1827 
6 : 105909 263582 243762 105911 105902 243763 
6 : 111069 67898 138852 67878 111054 67882 
6 : 263593 134320 95242 134324 95246 95220 
6 : 255552 106463 237337 106460 237333 106456 
6 : 4841 49379 111554 4812 4822 49361 
6 : 24546 256980 191479 24544 24533 191475 
6 : 169879 131457 222240 131444 169868 131450 
6 : 152043 16013 191652 15992 152030 15996 
6 : 149831 263629 26261 149833 26238 26265 
6 : 160805 160590 219508 160574 160795 160580 
6 : 262601 226507 263630 226506 262605 226510 
6 : 108265 260092 132389 108262 108248 132385 
6 : 263639 56190 89098 56192 89102 56164 
6 : 262042 29264 263642 29263 262043 29265 
6 : 133533 220875 208172 133521 133519 208161 
6 : 160459 231623 195495 160454 160453 195484 
6 : 9388 201823 205998 9377 9378 201813 
6 : 147138 94980 11082 94965 11061 11055 
6 : 252566 226189 5810 226185 5807 5803 
6 : 257110 105090 167732 105086 167727 105071 
6 : 44891 244436 66563 44886 44875 66556 
6 : 58628 263665 49920 58632 49894 49923 
6 : 33362 249099 242462 33357 33355 242452 
6 : 232308 263051 235192 232307 232295 235191 
6 : 163931 209912 237068 163917 163923 209904 
6 : 237176 158206 263678 158199 237177 158208 
6 : 95401 260725 263679 95399 95402 260729 
6 : 115260 254680 64951 115259 64932 64948 
6 : 174028 263406 228650 174027 174023 228649 
6 : 211804 57451 54230 57433 54213 54194 
6 : 43484 232264 171869 43472 43469 171858 
6 : 173133 103187 193305 103174 173120 103175 
6 : 211906 263708 160823 211907 160814 160825 
6 : 245300 63727 224948 63721 224938 63719 
6 : 262077 257662 216337 257661 216336 216330 
6 : 124450 187934 47491 124430 47466 47473 
6 : 53615 18714 222691 18693 53607 18710 
6 : 136275 232380 206176 136269 136266 206166 
6 : 261748 209636 85973 209635 85972 85957 
6 : 46686 70538 232892 46665 46678 70526 
6 : 244394 253548 49197 244391 49191 49193 
6 : 228075 49613 262776 49601 228074 49612 
6 : 215030 100637 223454 100625 215024 100627 
6 : 114036 200905 142526 114026 114018 142511 
6 : 146124 7140 263767 7122 146129 7143 
6 : 176058 27127 149048 27109 149029 27106 
6 : 225375 230634 263772 225369 225376 230637 
6 : 170146 139014 221172 138999 170136 139006 
6 : 213472 42681 258112 42676 213468 42680 
6 : 238204 263779 170533 238205 170525 170536 
6 : 201900 104352 261112 104340 201898 104351 
6 : 60838 249532 61221 60833 60819 61214 
6 : 242282 127980 145405 127976 145396 127964 
6 : 120792 208753 176192 120778 120773 176176 
6 : 259191 218913 175717 218910 175716 175706 
6 : 77086 110574 119782 77067 77069 110556 
6 : 148890 110723 263807 110707 148891 110728 
6 : 76067 129243 172109 76052 76056 129232 
6 : 206782 153062 16724 153054 16711 16705 
6 : 225933 72563 133582 72555 133570 72540 
6 : 263809 77631 196975 77634 196978 77617 
6 : 263810 262742 51055 262743 51056 51053 
6 : 263811 129782 230430 129783 230432 129774 
6 : 171730 109057 263825 109042 171731 109062 
6 : 263824 258345 242597 258347 242600 242593 
6 : 260256 65673 242109 65672 242107 65669 
6 : 121417 183174 263830 121398 121419 183177 
6 : 60688 135849 226869 60679 60684 135840 
6 : 199015 221826 232393 199011 199013 221822 
6 : 198948 220889 109672 198939 109656 109662 
6 : 217879 186350 61084 186343 61076 61071 
6 : 256918 157829 193958 157828 193955 157814 
6 : 263851 195326 243943 195327 243944 195316 
6 : 49890 262014 36103 49887 36073 36100 
6 : 103565 64450 262262 64426 103564 64447 
6 : 198511 32539 254870 32528 198508 32534 
6 : 138232 263873 183664 138236 138226 183667 
6 : 263848 167537 43223 167536 43222 43200 
6 : 210757 176077 138528 176063 138512 138508 
6 : 213789 212385 231813 212378 213785 212381 
6 : 237197 197158 263877 197147 237199 197160 
6 : 263883 167559 135949 167564 135954 135932 
6 : 131974 193797 221990 131954 131958 193780 
6 : 68474 197665 204112 68461 68464 197652 
6 : 122314 178597 22490 122302 22464 22469 
6 : 159108 252680 247075 159103 159102 247068 
6 : 253942 42136 258741 42134 253939 42135 
6 : 22711 263899 260674 22713 22709 260677 
6 : 120655 263907 212792 120660 120646 212796 
6 : 93633 45411 252128 45388 93629 45405 
6 : 146897 225804 256023 146890 146894 225800 
6 : 218666 46584 114618 46572 114600 46557 
6 : 263911 170167 258680 170169 258684 170162 
6 : 72461 260594 210150 72460 72453 210149 
6 : 125548 248116 149427 125546 125534 149422 
6 : 230990 263920 218262 230991 218252 218266 
6 : 98114 244105 184630 98106 98101 184622 
6 : 235335 237353 228157 235331 228146 228148 
6 : 109644 263939 168856 109646 109630 168859 
6 : 178673 258113 258268 178669 178670 258110 
6 : 252728 248295 251808 248287 251799 248286 
6 : 31987 52022 171947 31961 31977 52007 
6 : 253616 129146 156809 129143 156805 129128 
6 : 263947 181771 219711 181774 219714 181759 
6 : 253663 245730 65316 245723 65312 65302 
6 : 34179 164512 263597 34162 34178 164511 
6 : 119864 231054 176399 119855 119843 176388 
6 : 119164 256394 260868 119160 119161 256392 
6 : 262700 142855 65565 142854 65564 65540 
6 : 2171 188247 160050 2158 2156 160037 
6 : 85406 263958 263957 85410 85409 265508 
6 : 103493 89962 129122 89941 103473 89943 
6 : 132341 12848 249540 12829 132336 12844 
6 : 251168 84452 219257 84447 219250 84435 
6 : 263956 243444 263955 243446 264306 243445 
6 : 59251 151882 241082 59228 59242 151872 
6 : 203723 172505 80179 172493 80161 80153 
6 : 259963 261715 184293 259961 184291 184292 
6 : 165071 227003 234706 165058 165060 226991 
6 : 257852 252614 55215 252609 55209 55204 
6 : 246395 90579 178210 90573 178205 90567 
6 : 263319 251483 118715 251482 118714 118706 
6 : 129530 247245 196925 129524 129520 196922 
6 : 261886 78564 54402 78563 54400 54375 
6 : 263655 238116 24750 238115 24749 24740 
6 : 78786 3632 175744 3614 78772 3620 
6 : 263990 246966 253214 246970 253215 246962 
6 : 45482 198793 248832 45471 45477 198783 
6 : 49440 258925 254237 49438 49436 254233 
6 : 255464 263993 135381 255467 135375 135384 
6 : 125728 125994 259527 125712 125726 125991 
6 : 152256 134429 162848 134415 152242 134418 
6 : 54746 50608 133775 50583 54733 50593 
6 : 115677 226762 258812 115665 115675 226759 
6 : 252807 141351 261297 141343 252806 141349 
6 : 194174 111590 156969 111569 156952 111565 
6 : 27555 264004 102062 27556 27538 102064 
6 : 161221 250716 257176 161214 161216 250712 
6 : 135882 207934 43515 135872 43496 43504 
6 : 177432 60769 206339 60753 177417 60756 
6 : 262793 262130 105331 262128 105329 105327 
6 : 42275 155769 44782 42264 42259 44765 
6 : 88234 242421 260891 88225 88231 242419 
6 : 180657 184895 50500 180651 50483 50484 
6 : 44147 219071 255959 44139 44145 219068 
6 : 66665 92887 179127 66639 66646 92873 
6 : 248723 237504 264037 237497 248724 237506 
6 : 74553 264046 218582 74554 74545 218583 
6 : 256640 220142 211213 220139 211205 211198 
6 : 39680 260315 76573 39677 39655 76571 
6 : 32596 74531 37073 32578 32576 37047 
6 : 43755 212251 264061 43744 43756 212252 
6 : 170187 134774 188853 134761 170172 134763 
6 : 206288 225965 123988 206279 123973 123977 
6 : 221471 77229 208339 77220 208326 77217 
6 : 209809 83823 264064 83819 209811 83825 
6 : 61885 23179 263503 23150 61884 23177 
6 : 81337 114685 196926 81321 81328 114676 
6 : 191694 197397 261637 191683 191691 197393 
6 : 208737 44378 146770 44361 146755 44352 
6 : 45456 257670 249593 45455 45451 249589 
6 : 60345 104695 58304 60324 58275 58279 
6 : 164949 246298 251255 164943 164945 246292 
6 : 204367 197788 125803 197777 125792 125789 
6 : 226496 247673 79921 226487 79906 79912 
6 : 212644 121109 88695 121088 88678 88662 
6 : 259203 261790 8136 259201 8132 8133 
6 : 153795 188939 161851 153783 153776 161836 
6 : 167417 258346 241727 167414 167408 241726 
6 : 26658 253348 138496 26655 26636 138494 
6 : 209165 264099 257870 209169 209159 257874 
6 : 258177 216853 145481 216848 145475 145473 
6 : 215911 200483 58305 200469 58292 58289 
6 : 102191 239384 183116 102181 102171 183107 
6 : 200649 264106 184984 200652 184969 184986 
6 : 22842 244402 241375 22834 22833 241369 
6 : 76419 246459 188790 76412 76395 188786 
6 : 259356 181312 264120 181310 259361 181315 
6 : 207836 173673 252650 173657 207833 173668 
6 : 246648 19969 221578 19962 221569 19954 
6 : 193418 262478 4989 193417 4969 4987 
6 : 189541 220962 256317 189530 189535 220955 
6 : 90043 36041 264147 36017 90047 36044 
6 : 245382 257577 263315 245376 245380 257576 
6 : 7333 70644 212188 7307 7324 70630 
6 : 261542 243638 261200 243636 261195 243635 
6 : 37373 163166 67108 37363 37356 67092 
6 : 184528 197962 264173 184512 184530 197963 
6 : 238169 15348 262015 15341 238168 15345 
6 : 114558 34732 57314 34710 57290 34705 
6 : 253091 245508 19637 245506 19634 19633 
6 : 259385 260288 478 259382 474 476 
6 : 259462 264182 216582 259463 216578 216583 
6 : 46071 187077 248912 46054 46061 187074 
6 : 52837 211180 232250 52824 52827 211170 
6 : 255223 166357 187800 166353 187796 166346 
6 : 248556 149793 263524 149783 248554 149791 
6 : 166457 219760 243165 166441 166446 219751 
6 : 263144 7873 122968 7872 122967 7847 
6 : 61192 20776 25534 20750 25504 20747 
6 : 257650 264049 6275 257648 6269 6273 
6 : 172737 147513 21391 147489 21370 21366 
6 : 174222 264207 83957 174223 83938 83958 
6 : 39372 230539 123109 39368 39355 123100 
6 : 219614 218197 99810 218184 99799 99798 
6 : 60839 213938 34336 60828 34299 34318 
6 : 74109 96601 256454 74098 74107 96598 
6 : 258574 110391 168126 110387 168125 110371 
6 : 233826 77783 210427 77776 210418 77772 
6 : 50994 47753 63624 47725 50971 47726 
6 : 262736 264235 120425 262737 120423 120427 
6 : 81577 263203 188812 81575 81563 188810 
6 : 202569 40926 3994 40910 3976 3958 
6 : 213150 136599 246120 136585 213142 136593 
6 : 98115 8961 224580 8939 98104 8950 
6 : 244735 84420 131798 84415 131789 84404 
6 : 254661 177479 257478 177476 254657 177477 
6 : 220412 199832 104236 199819 104226 104223 
6 : 216616 264264 264263 216618 216617 264496 
6 : 149083 262814 199912 149082 149075 199911 
6 : 62500 243462 242635 62489 62488 242625 
6 : 252023 180066 124580 180061 124566 124552 
6 : 228683 167174 213222 167166 213212 167163 
6 : 136569 197241 191103 136558 136556 191087 
6 : 235656 179812 227600 179801 227594 179799 
6 : 186253 33503 222592 33487 186247 33490 
6 : 188068 205377 260272 188057 188064 205375 
6 : 263364 105091 84571 105089 84569 84545 
6 : 181937 167538 249267 167516 181929 167529 
6 : 249077 264283 243661 249078 243654 243662 
6 : 238017 227772 264287 227763 238020 227773 
6 : 200463 171778 263009 171754 200461 171776 
6 : 194092 190043 259449 190023 194090 190040 
6 : 238375 9865 186216 9853 186206 9848 
6 : 264308 120656 262320 120657 262321 120654 
6 : 18887 98294 120260 18864 18865 98270 
6 : 221464 251220 98548 221459 98534 98545 
6 : 264312 10281 251938 10282 251940 10270 
6 : 146314 140997 111684 140973 111666 111663 
6 : 181186 124147 92820 124136 92811 92801 
6 : 169757 77632 143234 77615 143220 77613 
6 : 241316 222884 231637 222880 231631 222877 
6 : 257823 253412 26132 253410 26127 26126 
6 : 205853 161585 263817 161566 205851 161584 
6 : 258765 239117 238033 239112 238028 238022 
6 : 207237 137683 39310 137672 39294 39283 
6 : 257826 254884 174138 254881 174134 174133 
6 : 182773 175999 45662 175984 45646 45644 
6 : 189670 261507 257479 189669 189667 257475 
6 : 257264 261932 256906 257260 256897 256901 
6 : 194590 145568 218753 145552 194579 145555 
6 : 91877 264344 235990 91878 91869 235991 
6 : 94429 5075 233394 5051 94418 5064 
6 : 256573 216412 231306 216409 231303 216401 
6 : 258862 255299 264347 255295 258864 255301 
6 : 263721 111709 115554 111707 115553 111686 
6 : 247310 13314 264349 13308 247313 13315 
6 : 118157 171110 15481 118146 15462 15468 
6 : 232501 255627 259713 232495 232496 255624 
6 : 97037 110226 213207 97023 97028 110213 
6 : 105739 150834 260119 105725 105736 150831 
6 : 181808 1515 30270 1504 30257 1492 
6 : 264288 69298 264375 69297 264289 69299 
6 : 244354 234976 229469 234966 229458 229454 
6 : 97704 188285 251598 97687 97699 188278 
6 : 179975 81366 249093 81343 179970 81359 
6 : 90683 27982 88966 27959 88938 27958 
6 : 54747 247592 109179 54740 54729 109167 
6 : 120534 135684 242369 120519 120530 135678 
6 : 254803 136957 5778 136953 5773 5754 
6 : 164488 245609 103002 164481 102977 102994 
6 : 50286 79709 128475 50268 50272 79688 
6 : 173481 115445 150373 115427 150352 115424 
6 : 193678 230279 172418 193671 172400 172405 
6 : 162492 261093 192399 162489 162478 192396 
6 : 256488 246063 254523 246059 254517 246057 
6 : 81857 247212 264407 81851 81861 247215 
6 : 264406 175157 212083 175160 212085 175143 
6 : 205419 246082 264419 205412 205422 246084 
6 : 256249 139135 254345 139131 254340 139130 
6 : 176078 254061 241630 176074 176070 241623 
6 : 19585 151982 169511 19576 19578 151967 
6 : 173043 261638 264424 173041 173044 261641 
6 : 197105 145569 264144 145553 197104 145567 
6 : 122342 120676 213095 120661 122336 120669 
6 : 118406 239530 119407 118402 118390 119394 
6 : 238019 153740 252435 153733 238014 153736 
6 : 264440 249752 172339 249754 172345 172332 
6 : 181938 119946 207055 119927 181921 119932 
6 : 260101 260675 264441 260097 260102 260676 
6 : 263731 264442 198753 263733 198750 198754 
6 : 180518 262499 190126 180517 180510 190124 
6 : 81313 264454 139723 81314 81301 139724 
6 : 100395 19855 259543 19830 100392 19850 
6 : 200270 264455 77120 200271 77102 77123 
6 : 163877 173202 25230 163864 25204 25205 
6 : 246600 146353 10462 146346 10456 10441 
6 : 166495 104824 214849 104802 166485 104814 
6 : 264464 86349 139917 86352 139921 86330 
6 : 180240 264457 51095 180239 51075 51094 
6 : 252943 167057 118209 167052 118204 118187 
6 : 251124 89467 247794 89459 247787 89457 
6 : 57695 233516 262662 57681 57693 233515 
6 : 144214 246549 131074 144205 131046 131069 
6 : 224068 264481 245301 224070 224062 245303 
6 : 122126 235477 18621 122114 18595 18613 
6 : 141501 264303 173582 141500 141489 173581 
6 : 264502 172990 257717 172994 257722 172986 
6 : 71326 57042 247189 57020 71321 57033 
6 : 100743 264503 40207 100745 40177 40208 
6 : 125844 181033 193151 125833 125834 181021 
6 : 244515 264504 246945 244517 244507 246948 
6 : 59387 241868 123064 59381 59371 123057 
6 : 127179 243818 187009 127173 127168 186999 
6 : 234327 264514 240150 234329 234321 240152 
6 : 126174 173263 208927 126155 126160 173252 
6 : 264515 251176 18925 251178 18927 18916 
6 : 214559 202495 98297 202484 98278 98274 
6 : 4460 158861 172127 4449 4451 158848 
6 : 140756 262593 226222 140753 140745 226218 
6 : 254871 208028 198544 208023 198540 198527 
6 : 249515 182105 259017 182096 249512 182101 
6 : 251055 263740 238913 251054 238907 238912 
6 : 188586 48753 208084 48740 188575 48742 
6 : 31069 98429 157855 31044 31048 98405 
6 : 264544 118447 128700 118449 128702 118431 
6 : 1675 105683 141753 1657 1659 105662 
6 : 67445 129806 229576 67431 67439 129799 
6 : 258868 244106 260767 244099 258865 244100 
6 : 248197 148718 264548 148711 248199 148721 
6 : 29324 211633 67545 29313 29298 67531 
6 : 74878 106890 264551 74861 74879 106892 
6 : 245886 85716 818 85709 811 788 
6 : 66092 254573 264554 66089 66094 254574 
6 : 68980 113313 83031 68965 68961 83005 
6 : 170912 153639 237450 153627 170909 153636 
6 : 210029 210411 110848 210017 110835 110836 
6 : 243357 70309 204063 70305 204057 70295 
6 : 26807 255491 71629 26801 26783 71624 
6 : 48551 201974 82617 48539 48530 82599 
6 : 157017 3037 238276 3012 157011 3028 
6 : 231100 247652 142726 231094 142715 142723 
6 : 186931 260962 254608 186928 186926 254605 
6 : 264571 10896 205536 10897 205537 10879 
6 : 107097 256567 129950 107094 107080 129946 
6 : 263456 212456 261094 212455 261092 212452 
6 : 235408 85822 73354 85813 73345 73326 
6 : 244030 253283 144139 244027 144128 144134 
6 : 237307 195801 197415 195790 197405 195786 
6 : 5076 190801 180822 5061 5058 180802 
6 : 231114 256270 244719 231108 231105 244714 
6 : 159526 262932 36104 159522 36084 36101 
6 : 163645 264598 63334 163646 63313 63335 
6 : 264599 198126 65166 198128 65167 65150 
6 : 31529 258495 242172 31524 31519 242169 
6 : 181627 261056 248406 181626 181622 248405 
6 : 184358 252980 166903 184351 166881 166897 
6 : 260444 172533 93987 172525 93981 93960 
6 : 262531 264608 27706 262532 27703 27710 
6 : 236502 114585 259018 114574 236500 114582 
6 : 155395 199425 220458 155381 155385 199410 
6 : 259053 258041 33395 258035 33387 33386 
6 : 139690 186560 107117 139684 107104 107108 
6 : 117428 264620 168004 117433 117420 168006 
6 : 254598 225910 243945 225906 243937 225901 
6 : 87348 247737 192633 87344 87335 192629 
6 : 260534 170068 264625 170065 260537 170070 
6 : 252471 20472 237260 20463 237253 20459 
6 : 176497 138171 257452 138151 176494 138168 
6 : 201756 59118 210468 59103 201735 59104 
6 : 222976 236187 212963 222966 212941 212946 
6 : 255283 216374 138616 216370 138610 138601 
6 : 264639 8168 245313 8170 245314 8161 
6 : 254776 153540 160137 153535 160133 153520 
6 : 228881 218870 254708 218854 228878 218866 
6 : 205599 264650 194280 205601 194264 194282 
6 : 189697 205513 177704 189685 177689 177691 
6 : 6175 179993 178331 6162 6161 178311 
6 : 135925 263418 192901 135923 135911 192899 
6 : 51022 190277 199913 51010 51011 190265 
6 : 36364 224434 190683 36356 36350 190672 
6 : 213828 162934 164005 162922 163991 162916 
6 : 15780 238094 157937 15770 15765 157927 
6 : 185819 178831 232279 178816 185813 178825 
6 : 173136 264466 250555 173135 173129 250553 
6 : 150216 11012 249935 10997 150215 11009 
6 : 189633 177947 12770 177934 12754 12752 
6 : 260086 261559 23360 260085 23356 23358 
6 : 262268 228473 209770 228472 209768 209756 
6 : 166862 70990 201301 70968 166852 70973 
6 : 232605 153225 236630 153217 232598 153218 
6 : 129100 198192 20473 129087 20442 20452 
6 : 183874 237261 217120 183866 183862 217106 
6 : 65931 251431 13086 65928 13052 13081 
6 : 189706 75442 140737 75432 140726 75431 
6 : 162897 255410 42521 162895 42501 42513 
6 : 262310 127086 200725 127083 200724 127073 
6 : 163397 224098 255539 163389 163392 224092 
6 : 179430 204304 248988 179420 179427 204301 
6 : 203964 83564 218476 83553 203955 83557 
6 : 195443 182548 210305 182530 195429 182535 
6 : 248457 205972 52492 205966 52481 52473 
6 : 138041 242720 239073 138036 138034 239065 
6 : 154847 124216 225506 124197 154836 124207 
6 : 201997 66123 264697 66106 201998 66124 
6 : 194031 52744 264116 52722 194029 52742 
6 : 264701 246664 264702 246666 265117 246669 
6 : 106016 224358 210374 106002 106000 210360 
6 : 115278 91539 141614 91520 115262 91523 
6 : 182627 159570 225200 159550 182616 159554 
6 : 251204 46401 231591 46393 231585 46387 
6 : 209139 157418 83670 157407 83657 83649 
6 : 220945 32790 253700 32777 220937 32782 
6 : 223639 12356 188961 12346 188948 12343 
6 : 54682 92913 125465 54667 54668 92891 
6 : 252670 213806 93584 213798 93576 93570 
6 : 199815 253701 238579 199808 199806 238567 
6 : 264729 30930 113102 30933 113105 30910 
6 : 41858 45048 259132 41831 41853 45045 
6 : 262891 263703 25036 262890 25033 25035 
6 : 158316 162315 214143 158303 158310 162304 
6 : 66217 129335 175375 66201 66204 129321 
6 : 148249 264569 233165 148248 148238 233164 
6 : 246532 253423 42804 246527 42793 42795 
6 : 251135 95219 210151 95207 210143 95201 
6 : 198307 262876 240683 198304 198295 240681 
6 : 227662 229253 245576 227644 227651 229245 
6 : 80328 57982 234850 57966 80322 57978 
6 : 76111 252423 234751 76107 76104 234749 
6 : 214901 240454 145341 214893 145330 145335 
6 : 166845 134277 101178 134259 101158 101156 
6 : 111333 199329 64576 111318 64544 64555 
6 : 213734 18926 224377 18905 213726 18908 
6 : 218871 251177 195540 218862 195525 195530 
6 : 242383 207407 264450 207397 242382 207406 
6 : 64375 22323 250546 22295 64372 22313 
6 : 126598 89305 121944 89286 121917 89285 
6 : 251825 234633 133535 234622 133528 133525 
6 : 253793 229562 194686 229556 194676 194672 
6 : 223940 110787 264668 110774 223939 110786 
6 : 262658 220217 131515 220213 131512 131496 
6 : 178114 219935 219397 178104 178103 219379 
6 : 253268 6033 118067 6029 118062 6008 
6 : 258807 80853 237935 80850 237933 80839 
6 : 197444 146297 260204 146279 197443 146294 
6 : 45754 173482 115086 45742 45737 115068 
6 : 191911 49018 160163 49007 160144 49004 
6 : 248198 235436 83800 235424 83791 83787 
6 : 261152 12082 261640 12077 261149 12078 
6 : 80195 251282 261461 80191 80192 251276 
6 : 257760 260774 91158 257757 91153 91155 
6 : 72893 264781 172205 72894 72872 172206 
6 : 227233 263673 38103 227231 38095 38101 
6 : 252424 230174 187078 230170 187075 187069 
6 : 238890 263970 260971 238889 238886 260969 
6 : 259499 260718 157961 259497 157956 157958 
6 : 30274 161461 264586 30254 30271 161458 
6 : 148953 118589 152086 118571 148935 118572 
6 : 142585 249812 246737 142582 142580 246735 
6 : 198161 251421 59017 198156 59001 59010 
6 : 225280 119139 31682 119132 31674 31659 
6 : 118966 264818 257718 118967 118962 257721 
6 : 236260 258438 163053 236258 163044 163051 
6 : 260149 149773 200379 149769 200375 149754 
6 : 264817 145178 260657 145179 260659 145175 
6 : 51378 242221 262501 51369 51375 242218 
6 : 146125 187474 229675 146112 146117 187464 
6 : 264644 255263 260210 255262 260209 255260 
6 : 264830 48004 207796 48005 207797 47995 
6 : 199849 33596 168395 33582 168382 33574 
6 : 12955 103544 114995 12936 12937 103526 
6 : 264842 206809 7216 206811 7219 7202 
6 : 121181 256737 210072 121178 121169 210065 
6 : 14433 100819 231764 14413 14426 100804 
6 : 20512 260663 40341 20510 20495 40339 
6 : 200858 217897 259333 200851 200856 217891 
6 : 261667 258926 237430 258923 237428 237423 
6 : 242840 196729 195988 196724 195976 195968 
6 : 124933 259642 242857 124929 124923 242855 
6 : 50032 255650 202600 50027 50015 202597 
6 : 264852 33985 203885 33986 203886 33971 
6 : 214560 262145 204481 214555 204464 204478 
6 : 164357 258043 142966 164354 142948 142959 
6 : 238414 105935 207798 105929 207789 105924 
6 : 259700 140542 168275 140540 168273 140525 
6 : 98889 77319 246072 77300 98882 77314 
6 : 232714 123840 10898 123834 10882 10868 
6 : 256614 139999 259440 139994 256609 139996 
6 : 215538 264861 264862 215540 215541 265444 
6 : 107225 239511 204132 107217 107214 204122 
6 : 187997 67111 125778 67095 125760 67090 
6 : 203368 103749 208997 103733 203356 103735 
6 : 224757 264866 264864 224760 224758 265005 
6 : 200525 137158 261292 137144 200523 137156 
6 : 80789 146750 15483 80774 15455 15464 
6 : 106437 214768 264876 106429 106438 214770 
6 : 198774 60656 264137 60643 198773 60654 
6 : 264877 220616 38430 220619 38433 38416 
6 : 117903 247874 207726 117898 117892 207719 
6 : 193362 8729 103241 8715 103223 8708 
6 : 119732 12305 98789 12281 98761 12278 
6 : 135340 240063 246713 135333 135336 240050 
6 : 211617 105707 249106 105695 211614 105701 
6 : 264898 89933 143560 89937 143563 89920 
6 : 264899 226267 182574 226270 182576 182557 
6 : 137004 178223 264615 136993 137003 178221 
6 : 243351 167712 250118 167704 243345 167705 
6 : 262542 264907 5575 262544 5572 5576 
6 : 87462 256164 213666 87457 87446 213659 
6 : 201855 207280 262866 201839 201854 207275 
6 : 189423 96305 44964 96290 44940 44929 
6 : 67252 241170 193326 67243 67236 193312 
6 : 253490 182903 234028 182891 234018 182884 
6 : 218952 263488 80560 218951 80548 80557 
6 : 226921 105708 212322 105698 212311 105696 
6 : 164775 252400 70709 164771 70686 70704 
6 : 198847 244655 81694 198840 81677 81686 
6 : 188332 262770 142967 188328 142949 142962 
6 : 252837 264929 257586 252839 252834 257590 
6 : 51994 101126 264930 51978 51995 101127 
6 : 262512 153561 264932 153558 262514 153563 
6 : 38293 264887 118238 38292 38273 118237 
6 : 84116 81483 136383 81461 84103 81463 
6 : 251363 124522 184497 124516 184487 124507 
6 : 237240 64227 264616 64217 237239 64225 
6 : 237829 44675 89101 44664 89090 44647 
6 : 231527 115555 87126 115545 87112 87101 
6 : 169432 259890 106583 169424 106557 106581 
6 : 233941 245040 261807 233929 233936 245036 
6 : 196747 264246 93989 196744 93967 93986 
6 : 261928 28038 166033 28035 166028 28018 
6 : 145460 77879 78657 77862 78637 77856 
6 : 180708 259891 264793 180705 180707 259887 
6 : 93556 143977 241844 93542 93552 143970 
6 : 264964 261249 257087 261250 257089 257083 
6 : 48848 251547 184034 48840 48832 184025 
6 : 129336 14284 199365 14267 129324 14270 
6 : 183552 264333 216399 183549 183538 216397 
6 : 50904 240151 261703 50899 50902 240149 
6 : 83513 59388 260851 59368 83511 59385 
6 : 248361 186811 143500 186803 143493 143475 
6 : 205053 187475 264976 187463 205055 187476 
6 : 164867 258054 262962 164859 164863 258050 
6 : 213615 208617 152814 208605 152797 152796 
6 : 260646 262833 151318 260644 151314 151316 
6 : 185761 264985 41209 185762 41189 41210 
6 : 40891 215912 104697 40882 40868 104685 
6 : 192766 190385 243672 190362 192760 190373 
6 : 146395 227388 227151 146387 146386 227133 
6 : 261317 26088 91590 26086 91588 26060 
6 : 257966 60347 182597 60342 182590 60333 
6 : 264681 264993 120866 264683 120865 120867 
6 : 159682 264682 93217 159681 93190 93213 
6 : 258291 202761 264024 202756 258289 202760 
6 : 260060 264095 106349 260059 106345 106347 
6 : 79710 264321 32990 79708 32964 32988 
6 : 174200 45755 104437 45743 104416 45736 
6 : 135341 229378 264837 135330 135339 229377 
6 : 127679 164328 93990 127659 93957 93959 
6 : 79663 260052 12705 79661 12682 12701 
6 : 45166 168648 171412 45145 45146 168630 
6 : 247757 224287 261781 224281 247753 224285 
6 : 162088 173045 263505 162072 162086 173042 
6 : 185619 65986 126787 65970 126772 65965 
6 : 253720 161137 201282 161131 201275 161126 
6 : 251476 251887 36830 251472 36826 36827 
6 : 227222 240724 163469 227215 163454 163458 
6 : 79157 136384 19545 79147 19511 19522 
6 : 255588 29065 147274 29057 147265 29047 
6 : 259011 208620 263917 208612 259009 208613 
6 : 258616 130171 221367 130168 221360 130156 
6 : 218967 182317 99450 182306 99438 99428 
6 : 265045 182924 252891 182927 252894 182917 
6 : 234319 264734 208999 234317 208981 208996 
6 : 247007 156286 152306 156280 152296 152285 
6 : 186197 26089 53270 26068 53255 26057 
6 : 176254 253480 109796 176249 109773 109786 
6 : 13770 262193 59018 13767 13750 59015 
6 : 136277 51456 254739 51439 136272 51454 
6 : 60378 168858 116980 60363 60357 116960 
6 : 204528 248371 56348 204522 56332 56341 
6 : 226280 265061 47922 226281 47910 47924 
6 : 251752 259534 193878 251750 193872 193876 
6 : 82270 5539 164817 5517 82254 5522 
6 : 264456 264243 218065 264242 218064 218063 
6 : 67490 142528 210376 67473 67482 142513 
6 : 67952 188513 246271 67938 67947 188509 
6 : 179614 11348 265065 11328 179615 11349 
6 : 241448 39566 156203 39559 156198 39547 
6 : 197243 43668 264488 43649 197242 43666 
6 : 70963 247926 160764 70958 70938 160751 
6 : 241714 210995 221293 210984 221284 210980 
6 : 53439 262299 53711 53436 53409 53710 
6 : 237860 262684 261848 237858 237857 261846 
6 : 100770 118590 265087 100751 100771 118593 
6 : 144770 248858 265086 144764 144772 248859 
6 : 196600 220348 118479 196592 118459 118464 
6 : 250421 259510 90642 250416 90632 90637 
6 : 189302 202658 264530 189291 189301 202657 
6 : 195383 218113 100452 195376 100435 100439 
6 : 265099 172341 249993 172344 249996 172333 
6 : 258636 166984 159166 166978 159162 159143 
6 : 16015 149462 214590 15990 15999 149443 
6 : 92747 178598 241171 92734 92738 178590 
6 : 31989 139584 114836 31973 31969 114815 
6 : 251241 232772 180505 232767 180503 180496 
6 : 256766 94359 251341 94355 251335 94354 
6 : 49173 253155 187727 49163 49155 187721 
6 : 29355 92697 224825 29330 29341 92687 
6 : 262718 199155 263284 199151 262716 199152 
6 : 57718 254387 250099 57712 57711 250093 
6 : 264485 189407 209751 189406 209749 189392 
6 : 226796 233517 94616 226785 94602 94603 
6 : 253944 237324 56469 237315 56465 56460 
6 : 196764 263189 249594 196762 196758 249592 
6 : 259247 46585 194918 46579 194912 46568 
6 : 198872 33741 265124 33726 198873 33743 
6 : 228873 190171 198325 190164 198315 190160 
6 : 87322 258248 238561 87318 87311 238557 
6 : 106894 102731 1432 102708 1407 1406 
6 : 34701 241133 145626 34691 34682 145611 
6 : 95188 58720 47492 58692 47459 47454 
6 : 54280 241907 193153 54274 54271 193138 
6 : 236911 250953 257062 236903 236905 250948 
6 : 265140 24070 265110 24071 265111 24069 
6 : 250572 232407 252221 232400 250567 232401 
6 : 191820 149084 66509 149073 66496 66490 
6 : 199210 13256 232328 13234 199197 13244 
6 : 215956 135049 252362 135035 215951 135040 
6 : 64540 183722 206990 64522 64525 183707 
6 : 179531 237523 91129 179524 91111 91117 
6 : 183445 265095 169239 183444 169221 169237 
6 : 228380 207692 265148 207683 228382 207693 
6 : 94064 264806 91256 94062 91232 91255 
6 : 265149 186385 153334 186386 153335 153315 
6 : 178406 261315 229956 178402 178393 229954 
6 : 234895 227695 135827 227688 135816 135813 
6 : 165154 257123 182904 165148 165141 182893 
6 : 242488 257665 121689 242482 121674 121682 
6 : 265012 255708 246020 255706 246018 246014 
6 : 186170 173890 176876 173868 176858 173867 
6 : 115884 260882 103101 115880 103075 103098 
6 : 166115 230647 258241 166109 166112 230641 
6 : 43606 15981 53944 15946 43580 15948 
6 : 83514 236439 223613 83505 83504 223601 
6 : 127180 123065 192015 123046 127169 123052 
6 : 264379 174492 265171 174491 264380 174494 
6 : 133338 262475 240808 133337 133332 240807 
6 : 264082 210747 225212 210746 225211 210740 
6 : 206667 165413 1272 165401 1262 1257 
6 : 110726 88797 232037 88777 110718 88789 
6 : 4618 265181 144619 4619 4604 144620 
6 : 158824 206031 145484 158811 145463 145470 
6 : 264098 55575 264510 55572 264097 55573 
6 : 244245 262615 265183 244243 244246 262616 
6 : 263789 245836 260561 245833 260560 245832 
6 : 178760 67254 22495 67233 22470 22458 
6 : 20837 264458 28300 20835 20822 28299 
6 : 152886 258498 203825 152884 152871 203819 
6 : 127025 171093 107905 127008 107880 107886 
6 : 262149 259535 119374 259531 119371 119370 
6 : 110978 93585 265204 93558 110980 93587 
6 : 263454 265019 70573 263452 70570 70572 
6 : 140543 91933 168052 91909 140524 91911 
6 : 155733 132571 140028 132554 140006 132552 
6 : 240188 127680 224521 127673 224509 127671 
6 : 246406 117595 208400 117587 208391 117582 
6 : 233328 245972 200147 233322 200136 200138 
6 : 104911 205135 44196 104902 44181 44188 
6 : 36591 251930 101822 36586 36573 101814 
6 : 58144 252130 194919 58139 58132 194908 
6 : 221499 224229 174423 221490 174405 174407 
6 : 173818 265214 264351 173819 173816 264352 
6 : 184953 265076 262219 184952 184951 262218 
6 : 51838 265072 265217 51837 51840 265073 
6 : 265215 210997 172258 210996 172257 172237 
6 : 265177 265227 68641 265179 68640 68643 
6 : 59085 23022 264539 23000 59084 23021 
6 : 265236 160138 21261 160140 21263 21242 
6 : 234330 231805 43930 231796 43916 43915 
6 : 240153 210998 260498 210983 240147 210991 
6 : 265244 210260 146435 210261 146437 146415 
6 : 65819 265250 249171 65820 65814 249174 
6 : 263004 210820 19856 210818 19852 19839 
6 : 262384 99072 164547 99067 164542 99047 
6 : 133468 241837 147888 133462 133449 147875 
6 : 67113 227958 231959 67099 67100 227944 
6 : 233086 99326 56383 99314 56369 56352 
6 : 33228 255976 40343 33225 33205 40336 
6 : 95386 156788 261875 95375 95384 156783 
6 : 262084 114441 188177 114439 188176 114427 
6 : 203185 33398 135986 33377 135966 33367 
6 : 232084 254357 176219 232081 176205 176211 
6 : 264974 205940 215843 205938 215842 205931 
6 : 265274 232038 87247 232039 87248 87230 
6 : 139658 242886 23712 139653 23687 23702 
6 : 260370 258535 265275 258532 260371 258537 
6 : 49712 169704 229026 49700 49705 169692 
6 : 198904 92995 86979 92983 86961 86954 
6 : 33529 204030 259515 33517 33524 204027 
6 : 264843 231213 253832 231212 253831 231208 
6 : 226810 224502 198326 224489 198314 198312 
6 : 248756 209897 261741 209892 248754 209895 
6 : 228245 166459 257788 166443 228241 166450 
6 : 245593 241203 226638 241194 226629 226627 
6 : 264200 175568 253801 175567 253800 175562 
6 : 217760 100746 216119 100736 216107 100735 
6 : 257542 199367 193154 199357 193147 193135 
6 : 66219 254174 265297 66212 66220 254175 
6 : 258133 221062 209322 221058 209315 209307 
6 : 10548 70513 81543 10524 10525 70492 
6 : 84038 201432 251313 84028 84035 201427 
6 : 97624 249616 219330 97618 97614 219322 
6 : 67491 164819 246272 67475 67485 164815 
6 : 226310 121915 180710 121898 180696 121891 
6 : 202679 256082 100202 202674 100184 100195 
6 : 259680 227601 101782 227598 101777 101769 
6 : 262169 36889 123760 36885 123754 36866 
6 : 263633 197399 108328 197396 108326 108309 
6 : 195803 155498 264737 155480 195802 155497 
6 : 101372 195614 165815 101364 101360 165798 
6 : 83365 207112 81514 83355 81486 81500 
6 : 108650 91469 232213 91437 108640 91458 
6 : 201500 230758 119408 201491 119385 119391 
6 : 128926 265329 258252 128928 128924 258254 
6 : 251987 265330 260972 251988 251984 260974 
6 : 149154 169139 70441 149129 70413 70416 
6 : 263020 265331 211215 263021 211210 211216 
6 : 134776 237750 130742 134769 130716 130732 
6 : 212255 82046 93057 82034 93043 82022 
6 : 84188 204837 254459 84174 84183 204830 
6 : 252392 150967 265336 150960 252393 150968 
6 : 64228 265338 214448 64230 64214 214451 
6 : 257098 261841 108805 257093 108794 108799 
6 : 265325 263647 88397 263646 88396 88394 
6 : 135484 4165 257023 4145 135478 4159 
6 : 170253 264397 265346 170251 170255 264400 
6 : 128253 259366 246750 128247 128242 246746 
6 : 27201 263806 99686 27199 27186 99683 
6 : 262820 177342 195832 177339 195828 177323 
6 : 97525 128613 80854 97501 80825 80826 
6 : 69005 265350 177525 69007 68989 177528 
6 : 94540 246203 265349 94531 94541 246204 
6 : 5439 133424 265356 5417 5440 133425 
6 : 152025 247676 19547 152018 19523 19537 
6 : 246104 102280 207419 102273 207412 102268 
6 : 71422 264175 107119 71419 71410 107116 
6 : 223252 163912 263289 163897 223250 163909 
6 : 265364 231816 259919 231818 259920 231810 
6 : 164490 227968 80682 164476 80657 80672 
6 : 38180 261183 57496 38175 38165 57490 
6 : 164966 243406 263508 164960 164963 243405 
6 : 82692 195815 265366 82682 82694 195816 
6 : 131546 218408 38603 131534 38583 38590 
6 : 246843 234860 173046 234854 173036 173032 
6 : 212112 234496 253885 212100 212106 234486 
6 : 140702 235480 148176 140695 140690 148168 
6 : 260727 265373 239621 260728 239615 239622 
6 : 265374 237989 264980 237990 264981 237988 
6 : 265358 171932 238581 171931 238580 171922 
6 : 243104 245357 221848 243092 221837 221839 
6 : 264879 48362 199526 48360 199524 48345 
6 : 264757 103568 240382 103566 240380 103560 
6 : 141352 244594 62449 141340 62429 62442 
6 : 191086 244894 27592 191079 27572 27582 
6 : 206066 264836 148007 206064 147990 148005 
6 : 33290 116670 39312 33271 33263 39281 
6 : 172568 158650 179917 158630 172553 158631 
6 : 207238 188875 96978 188861 96962 96957 
6 : 220088 63168 260542 63159 220086 63167 
6 : 148052 253370 182031 148048 148038 182022 
6 : 218804 81930 216913 81915 216901 81914 
6 : 76488 99191 185564 76476 76482 99166 
6 : 203206 264218 137497 203205 137479 137496 
6 : 148582 254038 162832 148577 148566 162824 
6 : 166648 26090 243901 26066 166645 26080 
6 : 236665 233594 10322 233590 10309 10305 
6 : 18191 183095 142500 18177 18175 142476 
6 : 93898 205789 255349 93891 93896 205785 
6 : 264409 225321 264531 225318 264408 225319 
6 : 265398 185255 210702 185256 210704 185244 
6 : 68728 221279 265385 68717 68727 221278 
6 : 175012 141659 985 141646 969 964 
6 : 43164 253376 102066 43160 43140 102061 
6 : 239468 136739 7218 136725 7206 7190 
6 : 109852 236292 254320 109841 109846 236285 
6 : 130121 262137 173100 130118 130102 173099 
6 : 180362 17667 113926 17649 113904 17640 
6 : 48438 242058 12886 48429 12855 12871 
6 : 246308 161690 159140 161685 159129 159111 
6 : 258995 15872 216341 15869 216333 15851 
6 : 156492 105453 187895 105432 156476 105437 
6 : 20276 153128 109554 20255 20254 109528 
6 : 43434 254796 24004 43432 23974 23999 
6 : 58773 171094 256483 58757 58768 171089 
6 : 265419 250538 57746 250539 57748 57742 
6 : 245383 63031 74062 63025 74052 63006 
6 : 256219 260357 155686 256216 155675 155678 
6 : 265259 91664 235073 91663 235072 91653 
6 : 34182 76543 237276 34156 34170 76527 
6 : 144169 82472 162851 82449 144157 82452 
6 : 32321 265426 226572 32320 32304 226571 
6 : 186020 256069 69609 186016 69590 69601 
6 : 254761 193242 200975 193230 200971 193218 
6 : 125340 172889 156205 125324 125320 156191 
6 : 264091 47605 128282 47603 128280 47580 
6 : 193129 108165 265322 108150 193127 108164 
6 : 85823 239134 120233 85815 85803 120218 
6 : 167122 30732 3361 30721 3342 3330 
6 : 230571 248082 144142 230564 144124 144132 
6 : 91161 251810 242871 91149 91144 242862 
6 : 112822 245092 262323 112814 112818 245087 
6 : 244080 192880 76422 192871 76409 76397 
6 : 265436 160120 262556 160121 262557 160115 
6 : 90214 66565 10162 66537 10132 10129 
6 : 257887 245175 265438 245170 257890 245177 
6 : 259101 257846 17028 257841 17024 17021 
6 : 34871 265439 261595 34872 34868 261596 
6 : 116646 219827 177872 116630 116623 177858 
6 : 212128 96707 265413 96691 212127 96706 
6 : 263784 230889 254126 230887 254121 230882 
6 : 77201 137524 261565 77174 77196 137519 
6 : 199113 178473 119659 178461 119646 119643 
6 : 142434 132594 92699 132576 92683 92682 
6 : 14098 232134 193306 14091 14085 193297 
6 : 251746 264323 259777 251745 251742 259776 
6 : 186845 152704 79217 152687 79200 79197 
6 : 164191 71520 189576 71499 164179 71504 
6 : 254559 253454 168672 253448 168666 168665 
6 : 264009 174446 234146 174443 234144 174432 
6 : 93954 60925 182946 60897 93935 60909 
6 : 103979 47250 262894 47224 103977 47247 
6 : 168174 237980 56349 168166 56328 56337 
6 : 265450 110702 235250 110703 235251 110695 
6 : 156418 241838 91011 156406 90990 91000 
6 : 226534 232761 124659 226526 124650 124651 
6 : 26810 257888 133202 26803 26788 133199 
6 : 115769 94090 168302 94065 115753 94073 
6 : 265453 22356 234643 22358 234644 22344 
6 : 200422 178225 264847 178212 200421 178222 
6 : 252201 263424 176879 252198 176867 176874 
6 : 3996 246210 246121 3986 3985 246112 
6 : 90727 84609 185455 84588 90718 84598 
6 : 139455 176946 156971 139436 139433 156950 
6 : 264821 205149 136602 205148 136601 136584 
6 : 116725 138248 74770 116708 74743 74744 
6 : 218212 250025 211359 218208 211333 211344 
6 : 264787 115680 236469 115679 236468 115666 
6 : 223059 265458 60589 223060 60579 60590 
6 : 165794 258190 182841 165790 165778 182830 
6 : 145428 248320 77369 145425 77352 77363 
6 : 125057 264527 239276 125056 125049 239273 
6 : 35397 189525 144376 35388 35385 144358 
6 : 222437 22578 265040 22561 222435 22577 
6 : 65422 263793 198327 65420 65406 198324 
6 : 218931 219813 224503 218924 218925 219798 
6 : 237613 114811 165012 114799 165000 114792 
6 : 221466 237414 89597 221457 89584 89587 
6 : 245692 265435 259454 245691 245689 259453 
6 : 128640 84423 264870 84403 128639 84422 
6 : 244737 243720 151655 243712 151646 151645 
6 : 219023 262613 106228 219021 106214 106227 
6 : 24254 207710 237442 24243 24245 207698 
6 : 180320 117477 256083 117459 180310 117470 
6 : 192528 256810 136413 192522 136393 136404 
6 : 251006 53712 198470 53703 198459 53691 
6 : 262301 233439 88969 233434 88964 88960 
6 : 227817 134655 235022 134645 227809 134647 
6 : 161256 261800 220763 161252 161243 220758 
6 : 236567 224815 70442 224809 70427 70424 
6 : 261793 237213 121110 237211 121106 121097 
6 : 242527 16385 172783 16376 172770 16364 
6 : 158302 164072 194448 158285 158289 164053 
6 : 11884 262139 199042 11881 11872 199039 
6 : 122801 39460 258903 39436 122798 39455 
6 : 148463 264685 219189 148462 148456 219188 
6 : 172656 189958 94878 172642 94852 94856 
6 : 31627 130695 264124 31620 31626 130692 
6 : 46073 65318 258528 46044 46067 65313 
6 : 222285 161941 245733 161922 222277 161927 
6 : 246914 83959 228365 83948 228348 83945 
6 : 259342 219316 264633 219308 259338 219313 
6 : 251238 147048 85626 147041 85618 85601 
6 : 51952 239899 164986 51945 51938 164975 
6 : 177465 110130 208698 110108 177450 110110 
6 : 262185 219429 98373 219425 98369 98360 
6 : 55351 204748 208009 55335 55337 204731 
6 : 35164 216169 65606 35156 35144 65585 
6 : 86853 50637 34020 50612 33994 33991 
6 : 250481 229277 59020 229270 59009 59003 
6 : 9134 136902 262446 9121 9133 136901 
6 : 253533 223574 247798 223568 247789 223565 
6 : 139478 220697 248275 139465 139467 220686 
6 : 60029 36864 241298 36847 60024 36857 
6 : 157140 58410 241975 58387 157130 58399 
6 : 239043 85851 73055 85838 73044 73024 
6 : 264940 95317 261220 95316 261217 95315 
6 : 212924 265471 222173 212923 212909 222172 
6 : 248577 251525 249708 248569 248568 249698 
6 : 255070 265434 131634 255069 131624 131633 
6 : 251471 18990 264677 18982 251470 18989 
6 : 212693 157242 207367 157229 207353 157228 
6 : 140163 182528 249032 140151 140158 182523 
6 : 145756 255698 261481 145753 145754 255696 
6 : 137457 83696 200832 83675 137450 83683 
6 : 264018 55298 41176 55297 41175 41149 
6 : 103438 247250 87012 103430 86984 87001 
6 : 265506 264523 108167 264524 108168 108162 
6 : 30907 180068 162962 30886 30885 162937 
6 : 235181 255644 80428 235176 80411 80416 
6 : 246870 182974 210277 182968 210266 182964 
6 : 256721 204749 49243 204742 49236 49219 
6 : 97453 114996 261155 97436 97448 114990 
6 : 156349 233377 248623 156340 156345 233373 
6 : 180340 68508 160634 68485 160615 68481 
6 : 184090 263342 265160 184088 184089 263340 
6 : 252386 169021 91351 169017 91345 91331 
6 : 192078 49020 226736 49008 192068 49010 
6 : 162721 260291 265303 162713 162719 260290 
6 : 191175 265401 250691 191174 191169 250690 
6 : 106421 110879 259368 106400 106416 110875 
6 : 263425 265203 173892 263422 173887 173891 
6 : 82862 236397 218836 82854 82851 218826 
6 : 128991 38994 209527 38968 128976 38979 
6 : 249963 157100 235777 157097 235771 157094 
6 : 102685 143578 241585 102669 102681 143573 
6 : 187333 64028 28341 64005 28323 28305 
6 : 51814 77854 145739 51798 51805 77837 
6 : 251868 260174 169218 251866 169208 169215 
6 : 259200 241252 208498 241250 208494 208484 
6 : 239612 106439 264723 106431 239610 106436 
6 : 116159 71661 202213 71632 116149 71647 
6 : 7142 229678 259190 7130 7136 229670 
6 : 130122 165265 199043 130101 130104 165250 
6 : 259938 251100 229340 251095 229335 229329 
6 : 153478 243809 260316 153472 153474 243804 
6 : 255857 258003 76864 255856 76858 76859 
6 : 5876 253776 249439 5868 5867 249432 
6 : 79978 123802 103006 79957 79955 102971 
6 : 49174 240109 247538 49161 49162 240100 
6 : 187728 196072 257233 187710 187723 196063 
6 : 236516 260438 187500 236511 187490 187497 
6 : 6205 248786 20009 6198 6180 19998 
6 : 80146 254198 165739 80139 80130 165727 
6 : 263434 254286 86461 254282 86458 86451 
6 : 215120 137085 47449 137068 47437 47423 
6 : 236878 265525 260779 236879 236875 260781 
6 : 230770 168129 256457 168117 230765 168124 
6 : 228137 234694 32357 228128 32341 32345 
6 : 242151 7711 36831 7701 36823 7680 
6 : 233669 181051 252665 181040 233661 181044 
6 : 224748 177707 265528 177694 224749 177709 
6 : 214107 265249 25830 214106 25815 25829 
6 : 255875 264324 257607 255874 255871 257606 
6 : 252546 164517 76544 164508 76532 76517 
6 : 46202 162285 248984 46190 46198 162280 
6 : 98268 259979 261232 98264 98265 259975 
6 : 237095 160877 253062 160865 237093 160869 
6 : 255137 71862 193776 71855 193769 71846 
6 : 227589 819 229470 802 227571 803 
6 : 248585 242401 100912 242392 100902 100901 
6 : 32952 189939 91666 32940 32930 91651 
6 : 260687 60659 259717 60653 259709 60652 
6 : 106040 250305 229742 106030 106026 229735 
6 : 247091 255679 239334 247085 239316 239321 
6 : 8570 249096 115707 8563 8546 115698 
6 : 103468 181887 261755 103447 103464 181881 
6 : 80243 147293 265539 80226 80244 147295 
6 : 228799 201283 69573 201268 69559 69555 
6 : 4620 142168 255759 4603 4614 142159 
6 : 151593 52312 7712 52289 7691 7681 
6 : 30435 167059 221894 30414 30419 167043 
6 : 76363 238844 260798 76357 76360 238839 
6 : 238648 204530 262895 204520 238644 204527 
6 : 100793 92340 264439 92313 100791 92336 
6 : 264100 34577 55495 34571 55491 34550 
6 : 259974 78658 250205 78655 250203 78653 
6 : 200512 3604 176795 3588 176767 3586 
6 : 59086 253551 265548 59083 59087 253552 
6 : 235872 262967 18315 235869 18304 18312 
6 : 69457 260334 79640 69455 69430 79632 
6 : 235619 137940 263764 137920 235616 137937 
6 : 264786 131518 261517 131516 261515 131511 
6 : 205727 264939 213169 205726 205719 213168 
6 : 211608 256655 251559 211606 211602 251557 
6 : 172993 265188 247783 172991 172985 247781 
6 : 187376 40171 15521 40152 15503 15486 
6 : 139850 235790 245862 139839 139842 235784 
6 : 253415 124547 236580 124541 236576 124536 
6 : 265389 251560 201941 251558 201939 201931 
6 : 255172 33834 198238 33830 198231 33823 
6 : 148665 93793 31754 93775 31730 31725 
6 : 179515 227832 255850 179504 179509 227824 
6 : 58488 256981 132503 58485 58471 132500 
6 : 264839 222243 111559 222242 111556 111544 
6 : 109106 80527 178494 80505 109092 80511 
6 : 133959 42487 137745 42458 133945 42459 
6 : 21618 161415 265155 21606 21616 161414 
6 : 174949 103822 166595 103804 166580 103802 
6 : 255139 191926 152200 191920 152187 152178 
6 : 95293 219976 205909 95284 95279 205888 
6 : 200176 167079 160055 167064 160038 160031 
6 : 160484 248743 260132 160477 160481 248739 
6 : 56194 222594 195143 56180 56175 195126 
6 : 230409 137429 255687 137415 230402 137425 
6 : 28610 204706 102484 28601 28592 102469 
6 : 134542 67658 248668 67635 134531 67649 
6 : 264019 70992 243611 70989 243608 70981 
6 : 62804 245084 263904 62799 62803 245082 
6 : 200942 163449 98051 163432 98030 98028 
6 : 223329 114840 247832 114823 223319 114829 
6 : 255955 244541 183296 244534 183290 183285 
6 : 249067 144240 242830 144235 242820 144229 
6 : 170276 178133 265151 170257 170275 178131 
6 : 240089 107938 171207 107925 171196 107912 
6 : 261774 142857 256196 142853 256190 142849 
6 : 36191 253834 263408 36184 36188 253828 
6 : 37855 228284 257024 37843 37848 228274 
6 : 33864 41438 137620 33839 33847 41417 
6 : 257385 244627 62556 244621 62552 62546 
6 : 19266 265402 240912 19265 19258 240910 
6 : 191176 264341 121762 191173 121744 121758 
6 : 262844 92529 139189 92527 139185 92507 
6 : 188551 181548 263394 181532 188547 181546 
6 : 123704 265572 17225 123703 17199 17224 
6 : 9419 19857 253671 9389 9415 19846 
6 : 229380 260591 32229 229372 32212 32219 
6 : 158036 75710 55496 75692 55474 55464 
6 : 265544 118771 192986 118770 192985 118758 
6 : 116647 230890 208197 116634 116628 208180 
6 : 201903 255457 255904 201896 201897 255451 
6 : 161987 125753 256076 125733 161983 125744 
6 : 166460 70130 48639 70111 48615 48606 
6 : 255630 230911 93089 230903 93079 93073 
6 : 193133 1275 87013 1258 86994 1245 
6 : 187062 199732 57784 187047 57765 57767 
6 : 239364 130808 265162 130799 239362 130807 
6 : 257975 84715 240570 84709 240563 84707 
6 : 261866 217542 179131 217539 179125 179110 
6 : 257941 247202 91352 247198 91348 91342 
6 : 244656 234868 119272 234863 119258 119257 
6 : 99240 260919 122871 99237 99220 122865 
6 : 93772 259473 114038 93769 93751 114034 
6 : 178774 91959 251913 91940 178768 91955 
6 : 89205 49816 82750 49786 82719 49785 
6 : 90914 263496 10779 90910 10746 10774 
6 : 6988 193545 126905 6977 6969 126884 
6 : 93678 197716 216657 93662 93666 197704 
6 : 249175 5609 195479 5603 195471 5596 
6 : 167922 244529 16123 167914 16096 16113 
6 : 255302 110554 265417 110548 255300 110552 
6 : 186878 254701 265589 186871 186879 254702 
6 : 261688 200448 215620 200441 215615 200426 
6 : 33506 56195 260278 33481 33501 56187 
6 : 64082 255719 264982 64076 64081 255716 
6 : 61010 265496 214864 61009 61001 214862 
6 : 2997 9869 58441 2969 2972 9838 
6 : 191304 84541 225620 84526 191292 84529 
6 : 8702 219652 176025 8691 8685 176004 
6 : 246052 260592 78687 246049 78675 78678 
6 : 66376 201370 249333 66366 66369 201362 
6 : 141503 93847 200381 93820 141491 93825 
6 : 151907 256343 223192 151900 151895 223182 
6 : 250671 206002 174179 205993 174170 174159 
6 : 224608 240352 195916 224601 195896 195902 
6 : 134757 264628 166761 134755 134733 166760 
6 : 244701 134410 187853 134406 187845 134396 
6 : 250200 202684 265558 202669 250199 202683 
6 : 158847 42016 243417 41993 158836 42001 
6 : 209414 19194 263432 19180 209409 19189 
6 : 216969 222187 263658 216958 216967 222185 
6 : 218899 81608 215621 81595 215602 81593 
6 : 23208 263576 172231 23205 23187 172224 
6 : 259747 101151 24917 101146 24909 24882 
6 : 206830 262362 219096 206826 206813 219089 
6 : 243692 233519 256751 233506 243685 233511 
6 : 155659 255575 223193 155649 155641 223181 
6 : 217325 245404 146677 217314 146657 146665 
6 : 264766 210893 49244 210889 49240 49222 
6 : 264832 215749 120001 215747 119998 119982 
6 : 170341 194034 255335 170330 170337 194024 
6 : 260214 11048 202603 11042 202598 11029 
6 : 221500 190786 101823 190773 101807 101798 
6 : 263085 162452 194920 162448 194917 162432 
6 : 57374 26228 72142 26205 57360 26207 
6 : 220803 134777 196210 134766 196198 134764 
6 : 93880 244953 239677 93874 93872 239664 
6 : 166473 162554 187315 162534 166463 162538 
6 : 176521 164801 261756 164777 176518 164795 
6 : 259299 258657 124107 258652 124103 124101 
6 : 152973 98646 11505 98622 11478 11474 
6 : 202322 15205 18928 15189 18901 15172 
6 : 104383 50065 7061 50039 7032 7025 
6 : 106422 229029 188179 106411 106408 188165 
6 : 147337 189801 261706 147324 147335 189800 
6 : 252320 251412 176880 251406 176868 176866 
6 : 12418 241253 229913 12409 12407 229899 
6 : 233320 188092 11811 188077 11795 11787 
6 : 234545 264538 21584 234543 21572 21581 
6 : 3287 56579 112591 3265 3268 56559 
6 : 99393 265082 129478 99392 99367 129475 
6 : 170620 247501 262764 170612 170615 247497 
6 : 252908 233429 185440 233423 185434 185433 
6 : 222929 190837 171373 190825 171360 171356 
6 : 215050 247512 265044 215039 215046 247509 
6 : 218538 256812 27987 218532 27967 27975 
6 : 231185 265590 198472 231184 198456 198471 
6 : 132133 211070 233657 132119 132125 211058 
6 : 158528 258727 236685 158522 158518 236678 
6 : 265601 183534 151659 183533 151658 151633 
6 : 44730 31102 243568 31073 44723 31094 
6 : 121637 210289 154994 121624 121618 154972 
6 : 78718 237079 185971 78707 78696 185962 
6 : 173586 111097 216605 111075 173571 111080 
6 : 163625 223315 151086 163615 151065 151071 
6 : 232000 43608 245136 43595 231992 43597 
6 : 248720 172868 255494 172858 248718 172859 
6 : 253481 251908 217359 251899 217350 217349 
6 : 186270 64110 113347 64093 113322 64087 
6 : 193928 244798 230716 193920 193915 230706 
6 : 103693 265592 145694 103692 103673 145693 
6 : 231214 6841 257026 6827 231209 6832 
6 : 115866 90126 249637 90100 115859 90120 
6 : 254751 209415 260114 209406 254746 209407 
6 : 265564 257205 265234 257204 265233 257203 
6 : 253116 227590 260226 227577 253111 227581 
6 : 105914 182145 130631 105896 105893 130613 
6 : 64512 263648 262526 64509 64508 262522 
6 : 150470 76679 262182 76654 150462 76676 
6 : 258870 229841 265187 229836 258869 229839 
6 : 185258 125059 189304 125041 185243 125042 
6 : 258977 264429 197183 258974 197172 197177 
6 : 260431 210706 265449 210699 260429 210703 
6 : 172828 241241 166221 172820 166199 166211 
6 : 50503 100306 265300 50476 50501 100303 
6 : 136649 261386 259089 136644 136643 259084 
6 : 38203 265347 264261 38202 38200 264258 
10 : 13 6 8 0 202849 223339 71893 202838 71876 71879 
10 : 184 196 193 198 32898 32896 32899 206656 224405 206657 
10 : 320 316 329 326 48306 90312 90304 48321 48314 187448 
10 : 356 353 354 360 82702 126005 168454 82697 82704 126010 
10 : 687 688 677 680 202243 63219 79876 63223 79881 63211 
10 : 772 764 769 756 193318 245256 38128 193316 38118 38126 
10 : 1007 1014 1012 1002 154765 154763 65687 228593 65698 65694 
10 : 1018 1008 1013 1017 191362 228758 246891 191357 191361 228756 
10 : 1019 1021 1010 1003 258671 202698 80678 202701 80681 80662 
10 : 1039 1023 1043 1027 25120 242494 88500 25125 25108 88504 
10 : 1151 1160 1156 1148 219840 219837 192361 255533 192374 192366 
10 : 1236 1220 1211 1233 213510 94877 257739 94859 213507 94873 
10 : 1318 1319 1315 1314 74227 29724 21854 29729 21860 21848 
10 : 1470 1471 1475 1473 114176 114189 114182 122931 122924 167460 
10 : 1617 1620 1628 1622 174227 174238 174233 213411 213403 241382 
10 : 1629 1642 1644 1639 2612 2615 2609 206294 127458 127462 
10 : 1823 1808 1828 1825 69047 212358 212352 69059 69050 222892 
10 : 1857 1863 1877 1871 110256 110276 110270 155292 155285 228664 
10 : 2027 2023 2039 2036 157645 165263 165262 157662 157659 254317 
10 : 2134 2138 2131 2129 166365 120577 87863 120584 87868 87857 
10 : 2143 2137 2139 2130 210561 218578 109914 210557 109906 109908 
10 : 2450 2438 2440 2446 60707 159022 215124 60696 60700 159018 
10 : 2637 2634 2650 2653 209236 236601 236602 209246 209247 265043 
10 : 2648 2638 2645 2644 238545 261319 252446 238540 238533 252442 
10 : 2741 2752 2755 2743 107303 107307 107293 240443 119395 119405 
10 : 2886 2882 2898 2892 25889 152129 152120 25906 25896 235372 
10 : 2890 2899 2889 2884 226455 201503 106078 201515 106091 106077 
10 : 2945 2961 2947 2957 25309 25291 25304 61611 216113 61605 
10 : 2956 2951 2948 2955 157901 72760 190936 72758 157900 72759 
10 : 3137 3147 3153 3152 150551 150557 150556 225797 225796 250388 
10 : 3387 3391 3382 3383 132981 50745 59092 50748 59097 50740 
10 : 3406 3425 3423 3427 66658 66655 66661 236623 243603 236625 
10 : 3745 3733 3742 3740 150660 237205 226062 150657 150654 226060 
10 : 4078 4083 4086 4098 33961 33967 33979 94344 94351 155173 
10 : 4224 4226 4212 4211 254372 113889 107407 113895 107412 107383 
10 : 4241 4238 4230 4240 249226 100531 258278 100527 249225 100530 
10 : 4395 4392 4386 4389 260218 216996 237126 216992 237124 216984 
10 : 4397 4414 4402 4396 93539 93527 30339 167202 30371 30349 
10 : 4434 4425 4430 4429 211863 246314 243609 211856 211855 243600 
10 : 4553 4558 4557 4571 74818 74817 74835 166685 176856 166704 
10 : 5186 5179 5185 5180 230648 263694 248990 230644 230639 248987 
10 : 5230 5217 5241 5228 75587 248702 242163 75598 75585 242174 
10 : 5335 5341 5348 5340 49003 49017 49002 157359 146752 146767 
10 : 5498 5507 5493 5504 208466 56062 208459 56085 260548 56076 
10 : 5855 5870 5872 5843 173735 173740 24156 257551 24171 24175 
10 : 5983 5982 5974 5978 261610 246428 256347 246426 256345 246425 
10 : 5985 5999 5986 5994 60686 60676 60682 79338 190677 79331 
10 : 6123 6125 6112 6117 264320 18716 206177 18717 206180 18706 
10 : 6186 6187 6203 6188 95780 95801 95781 119293 119273 120977 
10 : 6194 6191 6202 6189 171857 213553 141537 171867 141533 141547 
10 : 6445 6447 6452 6453 43245 43252 43254 74139 74141 199264 
10 : 6448 6454 6458 6460 79267 79271 79272 215648 215650 260293 
10 : 6614 6601 6600 6612 84018 74695 265407 74669 84016 74693 
10 : 6828 6837 6824 6831 237396 215263 237391 215274 252252 215265 
10 : 7227 7222 7224 7229 163003 203970 230106 163001 163006 203973 
10 : 7371 7372 7378 7381 9526 9537 9547 80804 80814 190466 
10 : 8047 8054 8051 6682 206256 206248 6698 236577 6711 6704 
10 : 8052 8043 8044 8046 91146 98904 204226 91130 91138 98900 
10 : 8363 8366 8357 8364 150836 49334 150823 49351 168488 49338 
10 : 8404 8400 8402 8398 242948 252474 231123 242946 231118 231121 
10 : 8536 8540 8530 8535 259288 250193 256232 250198 256236 250192 
10 : 9128 9124 9122 9127 193519 136948 215847 136938 193518 136944 
10 : 9135 9130 9119 9131 248985 98269 251639 98260 248979 98261 
10 : 9449 9460 9442 9459 188246 141374 188245 141387 255447 141384 
10 : 9591 8138 9594 9593 8145 65381 65379 8149 8147 138590 
10 : 9745 9751 9739 9744 179362 53660 143806 53668 143819 53653 
10 : 9762 9764 9765 9770 232699 232701 232707 248893 248894 251386 
10 : 10030 10042 10031 10045 44081 44065 44085 66944 236000 66948 
10 : 10170 10171 10172 10168 143011 143012 138386 143027 138387 138388 
10 : 10359 10377 10371 10363 131901 131894 131886 240909 161083 161073 
10 : 10475 10472 275 10474 251623 308 255682 302 251621 305 
10 : 553 10489 10492 10484 568 572 562 236194 198777 198785 
10 : 10481 10482 10488 10485 153015 153025 153020 179635 179631 210077 
10 : 10639 10642 10633 10643 260003 192009 260004 192013 263921 192014 
10 : 10662 10672 10668 10648 216413 216407 39414 253340 39429 39424 
10 : 10666 10667 10653 10670 244203 114942 244206 114943 252774 114946 
10 : 10821 10833 10828 10822 77333 77328 77321 166888 86610 86602 
10 : 10846 10848 10863 10857 138968 138985 138975 154031 154016 234883 
10 : 10959 10961 10954 10951 241636 148541 73900 148547 73911 73891 
10 : 10964 10963 10949 10960 261013 21092 258151 21091 258149 21088 
10 : 10976 10969 10978 10977 31574 208528 208527 31580 31579 232149 
10 : 10995 11013 9982 11004 132952 9991 132940 10017 230138 10005 
10 : 11104 11100 3794 11102 181305 3816 213632 3808 181301 3813 
10 : 11247 11243 11239 11241 201421 34266 68089 34259 68082 34246 
10 : 11272 11276 11290 11280 144757 144768 144760 197695 197685 230259 
10 : 11398 11394 11397 11388 140865 231583 47483 140862 47468 47481 
10 : 11434 11428 11440 11423 130103 187879 62166 130117 62160 62180 
10 : 11718 11733 11724 11713 173866 173855 53920 251601 53946 53933 
10 : 11874 11864 1435 11863 34619 1453 25894 1437 25878 1436 
10 : 12013 12008 12009 12004 215118 230338 92215 215111 92204 92207 
10 : 12017 12026 9493 12033 13760 9494 13766 9510 236554 9519 
10 : 12025 12031 12020 12019 229761 41427 25817 41433 25825 25802 
10 : 12038 12037 12035 12040 104105 47864 115176 47862 104110 47867 
10 : 12043 12055 12050 12039 205929 205924 151637 255610 151652 151648 
10 : 12065 12076 12068 12060 157356 157344 108304 186484 108321 108306 
10 : 12195 12186 12188 1277 116824 128470 1309 116805 1284 1288 
10 : 12776 12777 12779 12778 218671 218677 218673 221079 221076 222189 
10 : 12811 12810 12803 12809 174480 52011 169224 52008 169220 52006 
10 : 12972 12970 12957 12971 249070 23200 249261 23198 249069 23199 
10 : 13096 13094 13088 13095 219559 135064 229018 135062 219555 135063 
10 : 13148 13132 13126 13144 141485 48182 252701 48156 141480 48175 
10 : 13280 13282 13278 13275 179066 139037 117225 139041 117231 117219 
10 : 13441 13457 13449 13454 72389 72377 72385 195532 245932 195529 
10 : 13673 13707 13690 13684 18789 18764 18760 192900 140784 140763 
10 : 13937 13947 13940 13942 167415 167406 167412 216117 251182 216111 
10 : 14049 14039 14043 14041 157440 236186 183118 157431 157422 183106 
10 : 14370 14380 14377 14385 94081 94076 94088 193059 234641 193072 
10 : 14382 14365 14384 14376 17594 245418 175042 17602 17585 175050 
10 : 925 14474 14471 14475 944 936 948 133658 197568 133663 
10 : 14491 14493 14487 14488 250320 163181 169715 163186 169721 163171 
10 : 14789 14780 14786 14794 25959 92295 198285 25945 25969 92309 
10 : 14825 14839 14837 14821 138336 138335 90103 250201 90122 90121 
10 : 14977 14980 14973 14985 201167 91945 201176 91950 227118 91956 
10 : 15128 15139 15121 15119 224542 114232 88680 114250 88698 88661 
10 : 15282 15291 15278 15297 97439 65220 97451 65232 203153 65245 
10 : 15285 15298 15290 15286 111903 111892 111886 199935 114997 114975 
10 : 15342 15344 15327 15350 238599 166775 238604 166776 247873 166785 
10 : 15600 15587 15586 15589 100638 84818 150590 84790 100614 84793 
10 : 15737 15745 15741 15752 66473 66463 66480 144957 211630 144969 
10 : 15742 15748 15743 15739 167867 167864 133655 204038 133664 133660 
10 : 15763 15760 15781 15779 97196 150986 150984 97214 97213 264276 
10 : 15775 15767 15754 15753 206916 33733 32061 33727 32051 32033 
10 : 15777 15755 15762 15759 38396 114353 83533 38382 38378 83518 
10 : 15783 15797 15789 15801 52631 52625 52633 190035 244522 190042 
10 : 15886 15877 15874 15880 60767 20627 154868 20602 60751 20614 
10 : 15909 15896 15893 15903 211705 182468 260547 182450 211702 182459 
10 : 16031 16027 16032 16029 122017 198391 162211 122019 122013 162216 
10 : 16048 16058 16046 16039 186949 174871 41754 174890 41772 41751 
10 : 16196 16205 16198 16191 228114 228111 93700 244041 93709 93705 
10 : 16351 16331 16334 16338 66956 176576 221781 66937 66943 176565 
10 : 16774 16777 892 16767 186013 908 32299 917 32309 894 
10 : 16938 16936 16941 16944 167248 206933 206935 167252 167256 240806 
10 : 17110 17099 17096 17093 221117 201356 182838 201339 182819 182813 
10 : 17114 17118 17120 17111 98873 98876 25197 162182 25203 25210 
10 : 17229 17226 17228 17230 37384 63872 110936 37379 37386 63874 
10 : 17398 17404 17409 13009 125541 125549 13021 228902 13033 13043 
10 : 17671 17678 17676 17680 76149 76146 76151 159015 203341 159017 
10 : 17677 17673 17684 8445 96176 178266 8460 96189 8454 8482 
10 : 17723 17722 17705 17708 261194 85596 118716 85593 118713 85573 
10 : 17846 17853 17858 17849 24996 25001 24980 228014 67677 67685 
10 : 17847 17857 17851 17855 36471 36460 36465 177044 246471 177037 
10 : 17877 17873 17878 17874 177581 208143 188775 177584 177577 188777 
10 : 18176 18182 18170 18168 162501 56504 50075 56516 50088 50067 
10 : 18341 18334 18340 5544 225844 247060 5570 225843 5561 5568 
10 : 18388 18376 18365 18367 178933 50383 71798 50365 71774 50351 
10 : 18411 18403 18395 18413 202441 97004 255558 96991 202442 97005 
10 : 18415 18399 18417 18409 118114 261612 239227 118117 118105 239229 
10 : 18632 18626 18627 18629 66394 81105 136401 66379 66382 81092 
10 : 18678 18676 18682 18672 182090 206027 155781 182100 155776 155792 
10 : 18801 18807 4171 18808 63830 4177 63831 4193 203052 4194 
10 : 18816 18821 18830 18834 48980 48989 48991 168459 168462 249287 
10 : 18957 18961 18958 18952 225930 225929 143225 240552 143228 143226 
10 : 18983 18984 18979 18974 252810 239757 200371 239760 200373 200368 
10 : 18993 18998 19008 18995 54734 54738 54730 136466 110808 110815 
10 : 19118 19129 19128 19121 163905 163904 163894 248615 173500 173499 
10 : 19304 19312 19307 19310 240213 240208 240212 257086 261280 257084 
10 : 19405 19416 19411 19399 180294 180291 48046 250741 48076 48058 
10 : 19409 19406 19402 19403 228332 121561 128600 121558 128596 121547 
10 : 19553 19568 19552 19559 156098 145570 156088 145593 230968 145580 
10 : 19573 19574 19582 19571 59068 59081 38962 116260 38966 38986 
10 : 19589 19603 19601 19592 132690 132688 132679 259619 202923 202921 
10 : 19745 19755 19750 19757 154233 154227 154234 241210 263252 241212 
10 : 19868 19866 19870 19874 218527 224020 224030 218530 218536 237340 
10 : 19885 19890 19876 19884 180995 36087 179366 36093 179371 36086 
10 : 19933 19920 19938 19941 87844 251474 251477 87847 87850 258601 
10 : 20060 20051 20065 20067 140172 233873 233877 140180 140183 260892 
10 : 20171 20173 20181 20186 89654 89658 89661 130903 130907 212521 
10 : 20489 20483 20488 20482 185380 255107 124571 185379 124554 124569 
10 : 20515 20536 20517 20521 66878 66856 66862 70991 170582 70970 
10 : 20659 20657 20656 20650 259197 249270 198708 249264 198703 198698 
10 : 20707 20703 20706 20698 190329 228465 71885 190328 71873 71883 
10 : 20733 20719 20720 20722 27271 52195 115223 27258 27263 52181 
10 : 20788 20789 20793 20787 173804 173813 163033 186093 163035 163048 
10 : 20978 20980 20983 20998 55967 55972 55986 65683 65704 131294 
10 : 21500 21517 21511 21504 114356 114347 114342 240406 203090 203075 
10 : 21763 21766 21760 21770 125364 89942 125370 89946 181106 89953 
10 : 22055 22037 22045 22038 85821 199038 106090 85810 85801 106076 
10 : 22256 22260 22253 22246 155840 119122 31272 119127 31278 31270 
10 : 22387 22385 22373 22376 249567 65096 115652 65092 115647 65083 
10 : 22396 22389 22395 22403 96297 177879 223581 96288 96306 177894 
10 : 22421 22408 22409 22416 129823 149742 234490 129812 129819 149730 
10 : 22536 22540 22542 22537 175805 175809 175800 206465 184389 184393 
10 : 22546 22539 22548 22538 203775 247545 191218 203777 191203 191220 
10 : 22573 20124 22559 22555 20147 202344 121809 20135 20130 121792 
10 : 22712 2762 22706 19342 2786 239973 19381 2781 2760 19370 
10 : 22798 22795 22802 22800 230954 249762 249760 230961 230959 261773 
10 : 22816 22806 22803 22813 131435 44166 226606 44151 131427 44159 
10 : 22840 22828 22825 22835 205282 136845 246456 136833 205279 136844 
10 : 23319 23332 23314 23317 219651 169776 190532 169795 190547 169775 
10 : 23427 23420 23424 23425 155958 206872 212786 155956 155957 206869 
10 : 23428 23421 23422 23430 176269 186210 245690 176256 176273 186215 
10 : 23604 23612 23619 23610 92876 92883 92874 204611 185953 185964 
10 : 23634 23646 23633 23630 215579 213616 136943 213626 136954 136942 
10 : 23733 23599 23734 23738 23600 56712 56715 23603 23608 78692 
10 : 23892 23888 23884 23894 141087 41486 194182 41478 141095 41488 
10 : 23897 23890 23895 23893 153419 257600 226622 153417 153410 226620 
10 : 23913 23902 23903 23904 69025 96595 110384 69011 69012 96578 
10 : 24024 24011 24029 24021 154026 256575 244715 154030 154022 244720 
10 : 24195 24205 18751 24196 126499 18757 126486 18787 153446 18761 
10 : 24398 24380 24386 24377 80960 151754 45848 80938 45817 45824 
10 : 24970 24951 24950 24976 39958 38596 241963 38575 39963 38605 
10 : 25233 11166 25243 25235 11169 57059 57045 11184 11171 98151 
10 : 25272 25282 25287 25274 83761 83763 83754 221423 143377 143382 
10 : 25319 25331 7639 25333 57127 7641 57129 7657 206644 7661 
10 : 25422 25426 25419 25430 173934 131022 173938 131030 213470 131039 
10 : 25703 25715 25712 25708 107964 107958 107952 244942 174594 174587 
10 : 25724 25735 25716 25727 127540 32969 127524 32984 147268 32970 
10 : 25975 25973 25981 25974 64489 75250 73057 64505 64488 73080 
10 : 26053 26052 26041 26054 245427 114148 261368 114142 245428 114149 
10 : 26146 26147 26165 26169 85299 85313 85317 107730 107734 243976 
10 : 26153 26172 26163 26166 148644 148634 148639 212768 250961 212758 
10 : 26313 26309 26310 26311 142391 171603 204065 142374 142377 171591 
10 : 26337 26334 26333 26340 177387 165981 234466 165974 177390 165986 
10 : 26361 26365 26356 26355 237984 212712 203519 212716 203526 203515 
10 : 26420 26406 18076 26430 85560 18099 250190 18079 85570 18111 
10 : 26599 26598 26592 26594 253342 180702 185863 180701 185860 180687 
10 : 26623 26619 26618 26616 76498 62790 29369 62781 29357 29356 
10 : 26757 26759 26754 26751 176720 160125 84048 160131 84055 84047 
10 : 26773 26779 26768 26777 238244 131291 238243 131302 261801 131299 
10 : 26887 26890 26895 26883 155904 155908 52186 226420 52197 52202 
10 : 27053 27047 27063 27059 38275 152022 152017 38291 38285 247580 
10 : 27084 27094 27083 27067 248785 248284 72964 248296 72975 72963 
10 : 27255 27243 27238 27235 163731 108023 72298 108014 72275 72271 
10 : 27348 27349 27350 27344 239045 239047 122952 241195 122954 122958 
10 : 27548 27553 27545 27540 205487 188450 119750 188459 119755 119746 
10 : 27755 6721 27752 27754 6751 252852 262143 6743 6749 252851 
10 : 27907 27908 27900 27902 264328 229252 238513 229255 238515 229243 
10 : 27935 27949 27946 27933 182279 182277 122623 249052 122640 122637 
10 : 28076 28064 28073 28068 195211 257668 232993 195207 195196 232988 
10 : 28263 28243 28262 28241 97210 253004 33735 97208 33713 33734 
10 : 28390 28389 28388 28386 211917 205646 133691 205645 133690 133689 
10 : 28515 28521 28522 28527 112263 112264 112267 216018 216020 217016 
10 : 28717 28697 28713 28700 46431 250920 141545 46428 46407 141541 
10 : 28805 28808 28816 28814 105238 105248 105245 191100 191097 243112 
10 : 28959 28948 28949 28951 94353 100529 106913 94339 94340 100514 
10 : 28961 28960 28958 17347 251337 247727 17378 247725 17375 17371 
10 : 29277 29267 29281 29276 39529 201590 166992 39537 39527 167003 
10 : 29282 5246 22608 29279 5274 22643 257302 5245 5267 22635 
10 : 29295 29293 29288 29285 254535 231514 179644 231512 179643 179634 
10 : 29453 29445 29440 29435 226329 211065 142626 211057 142615 142610 
10 : 29602 29593 29609 29606 53766 172754 172752 53774 53772 214856 
10 : 29634 29621 29618 29635 140219 92933 236246 92921 140222 92938 
10 : 29703 29716 29714 29710 168627 168624 168619 255152 233543 233541 
10 : 29783 29777 29782 20370 201603 250124 20399 201602 20390 20398 
10 : 30076 30068 30078 30080 62439 228439 228440 62446 62447 259512 
10 : 30223 30224 30225 30214 229661 229662 64277 248606 64278 64280 
10 : 30228 30240 30235 30233 137353 137350 137346 226551 204986 204981 
10 : 30554 30557 30560 30544 170892 170895 80540 194734 80543 80551 
10 : 30588 30586 30583 30570 238900 210232 68095 210222 68091 68085 
10 : 30851 30855 30844 30856 221125 118557 221127 118563 257323 118565 
10 : 30866 30876 30865 30860 135355 125866 60567 125881 60580 60564 
10 : 20025 31007 31016 17915 20034 20046 17913 207067 17931 17951 
10 : 31146 31141 31150 31152 52009 183442 183446 52019 52023 259125 
10 : 31183 31189 31176 31184 128686 49792 128680 49801 131808 49794 
10 : 31222 31221 31208 31220 247702 125182 246742 125181 246739 125180 
10 : 31309 31310 31302 31299 259640 158664 138065 158665 138066 138049 
10 : 31463 31472 31464 31473 44563 44555 44564 59779 217977 59780 
10 : 31470 31474 31462 31471 189824 36208 189822 36211 189942 36209 
10 : 31493 31491 31497 31483 209205 214476 56650 209207 56649 56653 
10 : 31494 31490 31482 31496 208141 52994 214621 52992 208144 52996 
10 : 10647 31639 28398 31629 10661 10646 10654 28413 128816 28405 
10 : 31955 31948 31958 31957 201444 259998 259997 201451 201450 262893 
10 : 27401 32084 32096 32100 27404 27418 27426 56754 56761 228602 
10 : 32234 32233 32236 32242 124502 150069 150083 124509 124521 204743 
10 : 32292 32300 32297 6871 34165 34163 6872 176382 6892 6887 
10 : 32426 32405 32423 32409 79977 263671 141854 79973 79958 141850 
10 : 32558 32565 10549 32561 52908 10552 52904 10563 112172 10557 
10 : 32601 32622 32613 19970 45917 45907 19971 205063 20001 19990 
10 : 32733 32724 32731 32743 64729 159820 186788 64725 64746 159834 
10 : 32747 32761 32746 32754 85319 79740 85314 79767 247222 79757 
10 : 32881 32868 32866 32884 54761 49884 252305 49868 54769 49892 
10 : 32886 32894 32885 32888 112108 85901 112104 85908 124180 85902 
10 : 26144 33027 33029 33023 26155 26157 26149 157719 111823 111827 
10 : 33159 33146 33147 32953 37421 52590 32975 37410 32955 32961 
10 : 33184 33179 33181 33169 252123 259566 69876 252120 69868 69870 
10 : 33197 33191 33204 33190 169675 250935 142489 169685 142475 142501 
10 : 33305 33311 33313 33317 60437 60440 60447 198339 198344 213797 
10 : 33334 33329 33337 33326 192961 242706 161178 192965 161166 161183 
10 : 33519 33527 33508 11647 217197 46707 11668 46721 11679 11649 
10 : 33771 33764 33765 33774 146862 151753 246652 146847 146867 151760 
10 : 34284 34279 34298 34275 105464 192016 71224 105478 71213 71245 
10 : 34642 34634 34637 34640 85107 159760 215971 85091 85099 159752 
10 : 34949 34947 25908 34948 115891 25917 142700 25915 115887 25916 
10 : 34958 34954 34959 34955 209495 240408 210459 209496 209487 210460 
10 : 34997 35001 34978 34999 250569 98156 250568 98164 260270 98162 
10 : 35168 35189 6683 35175 71442 6686 71435 6718 242873 6705 
10 : 35276 35264 35273 35269 238497 256418 251141 238493 238490 251138 
10 : 35574 35588 35569 35584 134921 95729 134916 95752 222754 95745 
10 : 35721 35710 13983 35713 160413 14008 185937 13992 160402 13997 
10 : 36117 36125 36126 36123 181496 181497 181495 263866 262222 262223 
10 : 36124 36119 36120 36122 220812 234434 258959 220806 220811 234432 
10 : 36163 36166 36159 36168 241816 189028 241819 189033 260061 189036 
10 : 22949 36273 34873 36291 22952 22948 22970 34878 110006 34903 
10 : 36272 36283 36289 36277 80137 80144 80133 234290 172613 172622 
10 : 36516 36520 36527 36505 168363 168375 67804 200542 67808 67823 
10 : 36589 36590 36572 36574 259267 83446 114612 83451 114619 83427 
10 : 36609 36606 1680 36596 256836 1713 167296 1708 167292 1692 
10 : 36867 36877 36886 36874 152776 152784 152774 232806 209079 209091 
10 : 36883 36891 36881 36888 256833 254831 256828 254841 263014 254837 
10 : 37154 37153 37161 37146 248530 249065 170957 248539 170956 170964 
10 : 37164 37173 37171 37167 100213 100212 100207 260395 198796 198791 
10 : 37314 37303 37302 37309 118752 110390 201299 110364 118745 110378 
10 : 37324 37332 37323 37329 179960 172785 179956 172803 238754 172795 
10 : 10674 37335 37342 37343 10677 10686 10687 89561 89562 205816 
10 : 37456 37464 37462 37453 201267 201264 176294 259472 176310 176306 
10 : 37468 37473 37479 27860 69646 69651 27861 184638 27874 27884 
10 : 37620 37608 37622 37612 79311 242041 138182 79316 79299 138188 
10 : 37728 37722 37720 37729 188440 171406 249863 171394 188441 171407 
10 : 37857 37872 37865 37859 41828 41819 41808 220347 74334 74318 
10 : 37880 37884 37874 37881 173143 77379 173139 77385 188163 77381 
10 : 37892 37875 37888 37878 82127 231806 152515 82121 82113 152501 
10 : 38164 38154 38148 38146 243510 145718 123761 145710 123748 123727 
10 : 38671 38668 38676 38677 150526 197767 197771 150530 150534 221179 
10 : 38786 38800 38788 38798 183889 183881 183887 208192 255900 208187 
10 : 28557 38919 38902 38903 28586 28561 28563 59019 65605 58987 
10 : 38949 38937 38958 38954 97906 221641 221636 97920 97915 258446 
10 : 39343 10990 39338 39333 11003 151516 104478 10998 10992 104470 
10 : 39384 39382 39378 39393 212443 134915 222229 134914 212454 134922 
10 : 39473 3080 39472 39463 3099 238120 53970 3095 3082 53968 
10 : 39491 39488 39479 39482 242395 41313 93976 41312 93973 41292 
10 : 15756 39505 39515 39502 15766 15778 15761 198870 108421 108434 
10 : 39752 39757 39748 39751 193838 93399 162320 93406 162330 93393 
10 : 39760 39749 39750 39754 134617 146626 208974 134607 134614 146617 
10 : 39767 39770 39772 39764 103511 103513 71767 115638 71769 71776 
10 : 39912 39919 39920 39907 215597 215598 129711 263728 129726 129727 
10 : 32266 39923 39922 39931 32272 32271 32284 73490 74602 73511 
10 : 35065 39984 39967 39974 35089 35067 35078 58009 173690 57995 
10 : 40015 40007 40019 40008 166491 257000 174886 166494 166475 174888 
10 : 40384 14877 40388 40385 14897 217168 217167 14904 14902 261046 
10 : 40531 38345 40519 40526 38372 55041 174041 38348 38359 55026 
10 : 40789 40792 20662 20373 249584 20686 20397 20691 20401 20369 
10 : 40933 40940 40931 40938 123809 106766 123806 106775 188161 106773 
10 : 41090 41100 41101 41099 105988 105989 105985 256104 244363 244364 
10 : 41220 6993 41221 41218 7010 227494 215754 7012 7007 215755 
10 : 41369 41379 41376 41384 147332 147329 147334 223853 248359 223856 
10 : 41536 40221 41535 41527 40244 247923 75341 40239 40224 75334 
10 : 41566 41569 41572 41563 143436 143437 54206 198099 54211 54217 
10 : 41590 41595 41606 41597 191948 191958 191950 202554 202546 208268 
10 : 41809 41823 41813 7023 76381 76366 7027 132186 7049 7034 
10 : 41934 41940 41937 41938 67776 67770 67771 136479 145490 136474 
10 : 42098 42096 4811 42106 106946 4821 110311 4820 106958 4836 
10 : 42163 42150 42165 42152 135706 263358 176309 135709 135688 176314 
10 : 42269 22900 42262 42271 22919 70813 250560 22905 22921 70816 
10 : 42528 42526 16577 42524 175604 16592 55922 16588 55918 16580 
10 : 42542 42534 42535 15208 60754 78960 15226 60744 15210 15211 
10 : 42546 33108 42540 42544 33142 170381 252663 33122 33138 170376 
10 : 42588 409 42600 42592 412 112509 112497 429 416 161863 
10 : 42699 42692 42695 42696 126757 158147 177243 126745 126747 158136 
10 : 42932 42946 42936 42941 81079 81068 81072 153512 207564 153503 
10 : 42948 42942 42943 42947 223381 235203 259562 223372 223380 235201 
10 : 4080 42964 42955 42960 4103 4090 4095 202817 232198 202807 
10 : 42962 42952 42963 42965 126724 253077 253080 126726 126729 263443 
10 : 43089 43101 43102 43097 194573 194574 194568 263150 256845 256851 
10 : 43133 43121 43128 20277 114123 245396 20307 114118 20285 20298 
10 : 43145 43156 43152 43142 140826 140823 127112 206802 127130 127122 
10 : 43246 42192 43258 43263 42196 85707 85712 42212 42222 240224 
10 : 43270 43277 43267 27291 85309 50770 27295 50784 27312 27292 
10 : 43409 43430 43417 43431 64101 64090 64102 167751 241463 167752 
10 : 43446 37044 43448 43456 37055 169982 169999 37057 37074 196207 
10 : 43519 43527 36955 43534 89002 36957 89016 36965 179719 36987 
10 : 43543 43540 43549 43544 135011 199000 198994 135021 135013 211960 
10 : 43570 43556 43562 43557 96936 158954 106570 96927 96924 106556 
10 : 37777 43701 43689 43700 37795 37784 37793 147795 262850 147791 
10 : 43687 43692 43698 43696 84231 84236 84233 228450 228448 244535 
10 : 43747 43742 43741 43738 207130 204241 154262 204239 154260 154259 
10 : 43831 43834 43827 43832 211025 90109 211019 90118 228152 90110 
10 : 43880 43871 43887 43873 84663 185878 101309 84676 84658 101324 
10 : 43989 43975 43985 10124 97723 244433 10158 97720 10134 10155 
10 : 44049 44046 44041 44057 190423 129462 210617 129459 190430 129470 
10 : 44099 44095 44093 24140 82523 71263 24162 71248 24145 24143 
10 : 44294 44299 44292 44296 155739 93442 155736 93452 175732 93447 
10 : 44615 44611 29834 44600 185508 29852 75757 29849 75752 29836 
10 : 44635 44628 44624 31265 180080 145049 31287 145037 31273 31271 
10 : 44708 44692 44701 44710 53643 224172 263357 53632 53644 224173 
10 : 44713 44729 44728 44724 121636 121634 121630 265139 250517 250516 
10 : 44841 44836 44844 44843 120192 194725 194724 120203 120201 245085 
10 : 45392 45400 45398 45383 178877 178873 49031 208760 49040 49038 
10 : 45432 45430 45436 45427 246935 248999 199353 246949 199351 199369 
10 : 45440 45447 45444 45448 109357 109354 109359 183199 213210 183200 
10 : 45551 45556 45558 45559 87043 87047 87049 191469 191470 223983 
10 : 45720 45729 45728 45732 177115 177114 177120 256768 258362 256775 
10 : 45727 12057 45716 45731 12073 132357 254271 12063 12079 132365 
10 : 45760 45777 45768 45774 99630 99614 99619 172694 229908 172683 
10 : 27402 45859 45862 45857 27423 27424 27415 254514 206110 206112 
10 : 45868 45865 45881 11050 66931 139272 11060 66957 11052 11087 
10 : 46004 46003 46013 46012 60772 100734 100733 60787 60785 193136 
10 : 46028 46037 46041 46032 115521 115525 115516 237524 194357 194365 
10 : 46039 46030 46033 46029 172178 205447 120618 172174 120601 120608 
10 : 46166 46174 46159 46178 152139 101420 152143 101428 207942 101435 
10 : 46290 4877 46292 46297 4883 196169 196179 4885 4897 215406 
10 : 46294 19473 46289 46293 19493 165302 230250 19479 19491 165300 
10 : 46326 46323 46328 46319 213904 232017 195241 213906 195236 195243 
10 : 46452 46454 46458 46451 189222 189227 174241 227649 174246 174252 
10 : 24619 46485 46472 46469 24637 24626 24621 156204 134322 134300 
10 : 46622 21232 46631 46628 21241 153536 153528 21259 21245 196478 
10 : 46683 46679 46671 14560 233834 139046 14591 139042 14580 14573 
10 : 30407 46874 46881 46878 30412 30421 30417 155484 155481 197403 
10 : 47079 47076 47080 47073 121531 194501 98148 121532 98142 98149 
10 : 47169 47178 47161 47168 199248 50755 187831 50767 187852 50752 
10 : 47180 47172 47163 47170 238278 74920 210469 74906 210458 74899 
10 : 47335 47323 47339 47344 87306 212414 212416 87310 87315 235302 
10 : 47377 47370 47367 47384 112857 68765 181159 68755 112876 68782 
10 : 47512 47522 47524 47514 139957 139959 139947 261413 185865 185867 
10 : 47529 47528 47538 47536 67634 118747 118744 67644 67641 199265 
10 : 47811 47815 47802 47816 261700 162148 261701 162151 265416 162152 
10 : 48104 48105 48119 48111 100848 100863 100859 117213 117204 196446 
10 : 48234 48229 17757 48232 169193 17779 228260 17765 169189 17776 
10 : 48371 48366 48364 48367 156054 74188 195242 74166 156048 74178 
10 : 48389 48375 48379 48380 89435 172782 180616 89413 89415 172759 
10 : 48515 48525 48521 48522 217736 217731 217733 253882 255902 253876 
10 : 48562 48554 6362 48558 82028 6373 132723 6365 82025 6371 
10 : 48564 44407 48575 48555 44423 189522 90225 44433 44410 90239 
10 : 48649 48645 48654 48651 153112 227086 227080 153119 153115 244812 
10 : 48653 48655 48640 29558 254385 85843 29582 85844 29584 29559 
10 : 48684 16971 48691 1759 16994 254546 1786 16998 1754 1791 
10 : 48795 48794 48797 48796 203729 214218 214217 203732 203731 215967 
10 : 48802 48806 32449 48803 72589 32450 72586 32458 83393 32452 
10 : 48808 48819 48813 48818 171030 171024 171029 216975 249739 216974 
10 : 48861 48875 48859 48856 167155 144449 125441 144471 125466 125438 
10 : 48872 48854 48862 48692 112391 192485 48723 112376 48697 48707 
10 : 26811 49543 49539 49541 26816 26812 26813 96859 109649 96856 
10 : 49720 49730 49734 49726 183885 183888 183883 254119 231568 231572 
10 : 49729 49717 49731 49735 146192 244301 244304 146197 146202 255486 
10 : 49824 49831 49835 49823 113614 113623 101924 227433 101943 101955 
10 : 49857 49854 49865 49864 107890 186268 186267 107903 107901 256481 
10 : 46517 49992 49990 49994 46523 46519 46527 57606 86302 57612 
10 : 50109 50108 37683 40023 264251 37713 40054 37712 40052 37681 
10 : 50119 50122 50118 50114 175235 171034 123853 171047 123869 123852 
10 : 50250 20600 50265 2384 20604 80268 2387 20629 2381 2415 
10 : 50397 50386 50396 50391 193614 261459 247160 193610 193605 247158 
10 : 50428 50439 50423 50431 131241 91440 131233 91457 193221 91448 
10 : 37625 50471 50455 50451 37650 37631 37628 117475 81231 81205 
10 : 50452 50456 50458 50465 100037 100038 100046 127864 127871 153549 
10 : 45142 50545 50538 50548 45155 45143 45162 70302 237030 70306 
10 : 50546 50542 50539 50547 204054 107536 238928 107529 204060 107540 
10 : 36637 50600 50602 50590 36657 36658 36641 234546 111113 111116 
10 : 50603 8730 50607 50584 8756 252659 56787 8762 8731 56791 
10 : 50686 50694 50689 50690 125686 125674 125677 173283 195049 173269 
10 : 50800 50814 50811 50804 51732 51729 51719 230082 116030 116028 
10 : 50833 50826 50836 50823 191022 246446 120019 191026 120008 120022 
10 : 50891 50897 50894 50895 138817 138810 138812 200191 210982 200187 
10 : 51176 51154 51172 51171 109894 262753 261110 109892 109890 261107 
10 : 51256 51269 51255 51253 137699 110704 80536 110727 80564 80534 
10 : 51391 51384 51393 51387 71641 179680 129456 71643 71635 129458 
10 : 9336 51406 51402 51409 9349 9343 9353 145677 247016 145682 
10 : 51410 51412 51405 51411 261933 228278 261931 228283 263588 228280 
10 : 51415 51417 51418 51414 138677 138680 102320 144017 102321 102324 
10 : 51542 51543 51534 51539 262869 229024 255684 229025 255685 229023 
10 : 51615 51627 51614 51629 133193 120456 133195 120472 245168 120475 
10 : 51788 9773 51794 51790 9782 128900 128894 9805 9796 241538 
10 : 51925 51924 51923 51922 213821 201034 194436 201028 194429 194427 
10 : 51937 22428 44893 51934 22441 44905 109257 22427 22432 44900 
10 : 51980 51993 51975 51985 144681 99914 144667 99939 217573 99927 
10 : 51984 37626 51986 51981 37637 192247 166284 37640 37634 166287 
10 : 52073 52079 52085 52076 122908 122914 122900 188254 150571 150581 
10 : 52224 52220 52215 52219 189621 119762 179297 119747 179281 119744 
10 : 52345 52354 52342 52349 121988 62402 121983 62415 194814 62409 
10 : 52368 52359 28460 52362 70631 28481 149982 28464 70623 28472 
10 : 52443 52424 52442 52426 76671 254832 101776 76669 76647 101773 
10 : 52540 21006 52545 25159 21009 92010 25162 21015 21003 25169 
10 : 52748 52757 52752 35031 141386 141375 35036 201143 35058 35045 
10 : 52821 52813 52830 4339 83261 174778 4358 83277 4341 4366 
10 : 47547 52878 11651 52886 47562 11650 47571 11667 204904 11678 
10 : 52937 52924 52934 52931 60012 241237 215537 60007 60005 215534 
10 : 53060 53046 20438 53055 138912 20474 237891 20444 138903 20460 
10 : 53068 53064 53072 53073 87797 142117 142118 87801 87802 216172 
10 : 53303 53304 53311 53310 157698 157716 157712 179878 179875 263638 
10 : 53456 53470 53459 53455 79158 79143 66961 119734 67002 66968 
10 : 53537 53538 53514 53520 258496 60477 162245 60482 162249 60458 
10 : 53590 53589 53574 53580 264577 115088 233119 115085 233115 115077 
10 : 54132 54140 54135 54138 178009 178003 178008 202072 238893 202070 
10 : 54133 54141 9555 54142 186117 9570 186124 9583 251314 9590 
10 : 54193 23683 54181 54191 23714 240709 262242 23700 23711 240708 
10 : 54308 54303 54297 54317 208608 115078 234173 115074 208619 115087 
10 : 54415 22251 54413 54407 22269 253118 151294 22267 22254 151290 
10 : 54674 54679 54666 54681 198347 58155 198349 58169 255927 58172 
10 : 54760 54758 54757 8606 238505 238024 8640 238021 8633 8632 
10 : 54828 54829 54818 54834 220815 153186 220826 153187 226426 153198 
10 : 54871 54877 1401 54876 200418 1417 200417 1426 259925 1424 
10 : 54991 54989 44174 54983 258119 44195 193126 44193 193123 44187 
10 : 729 55009 55011 54995 746 747 730 237049 65238 65240 
10 : 55078 47253 55085 55089 47258 135575 135577 47282 47285 261136 
10 : 55107 55091 55099 24141 86051 211813 24173 86040 24147 24163 
10 : 55229 55220 55228 33561 146327 246570 33587 146326 33572 33586 
10 : 55242 55241 55238 55239 210413 179207 194352 179206 194351 179201 
10 : 55356 55359 55366 55354 126414 126424 109400 175711 109404 109421 
10 : 55386 55382 1280 29068 239184 1313 29104 1304 29093 1278 
10 : 55530 55542 55543 55544 78476 78477 78483 252157 252162 257894 
10 : 55676 55668 55672 28904 179910 225016 28936 179902 28923 28931 
10 : 55689 55685 55691 55682 172831 197658 108447 172842 108445 108457 
10 : 55831 55816 55824 55462 67377 196900 55493 67369 55463 55478 
10 : 56247 56253 56252 32189 112016 112014 32197 156564 32205 32202 
10 : 56347 56322 56342 56338 85492 253386 240878 85484 85480 240869 
10 : 56419 56430 56420 17030 79733 79713 17031 143175 17059 17036 
10 : 56431 56434 56428 56424 256922 249893 183932 249899 183939 183928 
10 : 56688 56681 56690 56691 157034 254533 254534 157037 157039 263409 
10 : 56702 56707 56709 56693 217384 217387 85959 248613 85969 85971 
10 : 56818 56821 56820 56825 162305 162302 162312 192654 215536 192658 
10 : 56857 56866 56856 56861 187388 116730 187379 116742 206897 116732 
10 : 57122 7119 57124 5616 7125 180509 5627 7126 5610 5628 
10 : 40096 57207 57212 57202 40099 40105 40097 165893 116297 116306 
10 : 57242 57237 57236 57253 111912 106532 170943 106526 111927 106550 
10 : 57358 49354 57368 57361 49355 58472 58468 49366 49358 92566 
10 : 57389 57386 16854 57381 251757 16876 203668 16872 203664 16865 
10 : 57522 57521 57517 48151 171997 95228 48162 95227 48161 48153 
10 : 57532 57527 57530 57526 249014 254898 225618 249010 225609 225612 
10 : 57662 57660 57657 57666 227893 207106 246347 207103 227900 207108 
10 : 57691 57676 57694 57679 196994 261460 219087 196997 196979 219092 
10 : 57824 57834 57827 57816 188759 188750 58973 201413 58982 58975 
10 : 57934 57930 57944 57940 127893 178098 178094 127905 127901 255007 
10 : 57969 57980 57974 19019 114666 114656 19024 185693 19050 19034 
10 : 58070 58066 58075 58071 87833 202860 202853 87846 87837 210146 
10 : 54465 58196 58197 58202 54476 54477 54481 252335 252340 254594 
10 : 58210 58211 37046 31689 168945 37054 31699 37061 31708 31685 
10 : 58311 58315 58309 58316 149821 97684 149823 97692 219498 97694 
10 : 58373 58370 58371 58360 231644 233035 174168 231640 174164 174165 
10 : 58534 58529 58539 58541 184363 220283 220284 184364 184369 243614 
10 : 58874 58871 58879 58866 122711 183183 82881 122716 82872 82886 
10 : 58952 58938 58953 58937 134110 251425 127588 134111 127567 127589 
10 : 59051 59056 59065 59047 170522 170534 109402 212438 109410 109430 
10 : 59185 59194 59175 59193 227881 91577 227879 91591 264769 91589 
10 : 59324 31506 59339 59323 31515 187692 162229 31530 31514 162250 
10 : 59332 59328 59322 59337 218761 149119 248047 149111 218767 149124 
10 : 59459 59470 59460 3294 195612 195606 3308 220111 3323 3311 
10 : 59463 59468 59457 59456 228952 183900 165805 183904 165809 165797 
10 : 59475 59488 59497 59484 67915 67927 67909 231115 185096 185111 
10 : 59594 59580 59588 59592 75310 196531 259711 75298 75309 196528 
10 : 59718 59722 59708 59714 226909 107898 175915 107900 175921 107888 
10 : 59785 59774 59770 59788 186733 144723 235115 144711 186738 144728 
10 : 60101 60099 60111 60102 98648 131349 131333 98675 98654 166220 
10 : 60533 60532 60542 60539 77640 116109 116103 77658 77649 184920 
10 : 60674 15454 60663 60626 15482 93086 60655 15459 15453 60632 
10 : 60800 60808 1717 60815 119287 1721 119291 1738 248784 1745 
10 : 4105 60861 60860 60854 4132 4131 4118 263668 224654 224652 
10 : 61133 20070 61138 61136 20081 209860 209857 20085 20083 239167 
10 : 61537 61538 61532 61540 251391 206302 251392 206303 254740 206304 
10 : 61543 61542 61547 61559 79423 81026 81037 79433 79444 160923 
10 : 10382 61672 61678 61670 10388 10394 10385 167703 107256 107265 
10 : 61687 61696 61699 61689 69231 69238 69225 197815 82597 82603 
10 : 61704 61705 61698 61697 261983 217905 209090 217908 209092 209074 
10 : 61811 61814 61816 61805 199070 199074 119749 257177 119759 119763 
10 : 61830 61836 61835 61838 222014 222013 222017 263223 263902 263224 
10 : 62201 62199 56993 62208 157303 57007 174602 57004 157313 57012 
10 : 62322 35881 62315 62330 35894 135370 233640 35886 35903 135385 
10 : 62333 62335 62350 62347 140375 140391 140388 148284 148281 260108 
10 : 62336 43705 62338 62352 43712 155035 155049 43715 43730 178245 
10 : 62337 19167 62345 62340 19175 155909 155903 19187 19181 217278 
10 : 62452 62458 62465 62467 79102 79112 79113 157352 157361 256772 
10 : 53012 33266 62601 28908 33265 53025 28903 33286 28899 28941 
10 : 62632 62642 62636 62628 125969 125960 111661 154355 111681 111669 
10 : 62786 62785 62796 62784 156925 163002 150672 156934 150671 150683 
10 : 14058 62852 62856 26981 14062 14064 14053 186174 26995 27002 
10 : 62874 62870 4953 62872 201526 4983 233843 4970 201521 4977 
10 : 63142 63133 63138 63141 159808 214516 237369 159804 159807 214515 
10 : 63184 63180 63173 63186 248767 171289 258390 171287 248773 171293 
10 : 63245 63236 63241 63233 133230 183062 75617 133226 75605 75611 
10 : 63260 63258 32190 63263 236874 32216 256044 32214 236877 32224 
10 : 47703 63280 2687 63268 47715 2685 47709 2704 155671 2699 
10 : 63378 63375 63374 63372 172979 156703 111078 156700 111074 111072 
10 : 63393 63390 62251 63387 220372 62266 142958 62260 142953 62256 
10 : 63513 63509 63519 63507 106948 134600 77834 106957 77829 77844 
10 : 58888 63634 63629 63639 58896 58889 58906 75044 183987 75060 
10 : 63656 13376 63668 63665 13383 123252 123246 13402 13393 208903 
10 : 63768 63773 63781 63776 80607 80620 80611 175275 175266 219705 
10 : 63782 63770 63780 63777 122799 254548 219908 122795 122787 219904 
10 : 33612 63941 63936 63933 33630 33621 33616 150239 122166 122151 
10 : 63988 63979 63991 63987 212880 262330 262194 212882 212879 262197 
10 : 64177 42142 53617 64184 42145 53618 99215 42141 42156 53633 
10 : 64342 64343 64352 64338 135229 135239 107768 188367 107777 107787 
10 : 64351 64341 64340 64337 127875 117466 99935 117455 99910 99909 
10 : 64480 64231 5747 64476 64249 5769 215849 5746 64245 5765 
10 : 64790 64775 23539 15355 83887 23562 15375 23541 15358 15351 
10 : 64795 64796 64792 64780 264065 258127 146672 258128 146673 146669 
10 : 42586 64842 64844 25654 42606 42609 25652 259252 25679 25683 
10 : 64888 45636 64893 64882 45658 254338 209740 45663 45650 209750 
10 : 64898 64895 64894 64899 87060 68191 177666 68183 87061 68192 
10 : 64925 64927 64911 64912 242390 72434 89454 72436 89462 72413 
10 : 65030 65041 65027 65033 113605 73980 113594 74004 210835 73992 
10 : 65483 65475 65479 65468 227225 256788 134681 227220 134666 134671 
10 : 65492 65489 65494 65502 170418 197848 197855 170419 170426 209799 
10 : 65496 17464 65497 65498 17480 226409 226410 17481 17482 226614 
10 : 65631 3002 65628 65630 3022 187298 210453 3018 3020 187296 
10 : 65761 6725 65765 65756 6736 212843 98277 6750 6727 98293 
10 : 65913 65926 65917 65915 75437 75430 75426 134108 92448 92433 
10 : 66175 66172 66171 243 118095 117346 253 117340 249 248 
10 : 66187 66195 66199 66194 195011 195013 195010 253013 251811 251820 
10 : 66189 66197 66193 66185 225567 225557 146972 237723 146984 146976 
10 : 66257 66267 66270 66261 108720 108726 108712 206283 116964 116974 
10 : 66357 66364 66365 66368 86507 86508 86512 195144 195149 200366 
10 : 66372 66375 66363 66371 262074 173579 260464 173584 260468 173577 
10 : 66652 66660 66637 66653 209536 70975 209529 70983 212934 70977 
10 : 66884 66888 66887 66893 155011 155010 155018 223063 230873 223071 
10 : 67027 12681 67031 67035 12687 163867 163873 12691 12697 186282 
10 : 67029 67026 67033 67036 149636 179016 179019 149640 149647 229005 
10 : 67349 67351 67347 67357 242590 192043 242601 192044 246109 192051 
10 : 67462 67457 67453 9070 233648 183524 9103 183519 9099 9082 
10 : 67497 1084 67508 67500 1090 170822 170816 1099 1092 178219 
10 : 67553 67556 67561 21853 199890 199893 21874 259929 21884 21888 
10 : 67593 67591 67592 58798 233603 233931 58821 233601 58813 58814 
10 : 67691 67695 67689 67704 102252 87716 102260 87724 176287 87735 
10 : 67837 67841 67842 67838 160933 160935 160928 214773 172610 172611 
10 : 1836 67958 7840 67964 1844 1833 1848 7851 186365 7864 
10 : 67963 67955 67959 67966 133123 225842 245642 133118 133129 225849 
10 : 68248 37829 68257 68264 37835 123925 123932 37850 37854 257898 
10 : 68279 68275 68270 68283 234066 199741 253866 199737 234071 199744 
10 : 68285 68268 68276 68278 174578 239266 252107 174570 174573 239260 
10 : 68313 61758 68297 68311 61790 203907 263462 61769 61789 203904 
10 : 68529 68539 68536 68538 115206 115204 115205 234758 243895 234756 
10 : 68870 68877 68864 68875 194519 132492 194517 132497 234981 132494 
10 : 69128 69132 69129 69125 238612 238607 227046 241029 227054 227047 
10 : 69194 69203 69205 65712 100503 100507 65717 209435 65730 65732 
10 : 21553 69267 69259 69252 21576 21566 21560 195489 132612 132601 
10 : 69253 69250 69255 69271 98120 133516 133532 98122 98136 157036 
10 : 29124 69367 69370 69357 29140 29142 29125 263240 110752 110755 
10 : 69497 69493 42615 69508 122782 42621 172654 42618 122797 42637 
10 : 69613 69614 36228 69615 123194 36233 123198 36239 148200 36244 
10 : 69616 69621 69620 69617 198509 198506 198501 252876 198542 198538 
10 : 69770 69767 69764 67380 259529 200393 67414 200388 67410 67398 
10 : 69793 69798 69800 69807 151784 151787 151790 193987 193998 216393 
10 : 69878 69882 69887 69881 105750 105754 105747 190845 173485 173492 
10 : 1182 70348 70358 32326 1187 1198 1181 128123 32329 32347 
10 : 70485 70478 26694 70473 160303 26717 113159 26700 113146 26695 
10 : 70614 70606 70613 5123 139763 255777 5147 139762 5130 5145 
10 : 70750 70756 70749 70754 149818 149304 149817 149309 176558 149305 
10 : 70908 70901 70885 13677 239717 96733 13710 96725 13698 13682 
10 : 70995 70999 70996 70998 101406 101395 101399 110263 186641 110259 
10 : 71000 70994 71011 71004 99053 220171 220161 99071 99061 242787 
10 : 71050 71048 71053 7182 219597 241273 7208 219599 7204 7211 
10 : 71071 71056 71067 71060 79048 234925 166800 79043 79035 166795 
10 : 71133 71141 71129 71125 205286 170281 76402 170299 76423 76394 
10 : 71182 71167 71180 71178 138909 257552 252526 138907 138906 252525 
10 : 71314 71328 71313 71316 167418 157143 167405 157166 193155 157149 
10 : 60030 71408 71411 71417 60031 60037 60051 72128 72137 145733 
10 : 71586 71585 71597 71594 207058 217820 217817 207066 207064 257793 
10 : 71655 71644 71652 71636 190428 232924 148300 190427 148291 148296 
10 : 71689 71678 71690 71687 95473 262739 254027 95475 95469 254029 
10 : 71810 71807 36477 71799 249861 36496 75633 36495 75625 36478 
10 : 71959 71955 71948 71952 238226 137981 205084 137977 205080 137973 
10 : 71989 71987 8707 71993 236171 8725 246803 8722 236174 8727 
10 : 72105 72100 72104 72109 169463 188448 199063 169462 169468 188452 
10 : 72195 72192 72193 72196 158731 173390 201688 158728 158732 173391 
10 : 67163 72315 31887 72316 67177 31886 67181 31911 239850 31915 
10 : 72323 72329 72330 72339 137778 137780 137791 220699 220712 228414 
10 : 72489 72487 72499 72482 172951 229765 135395 172956 135390 135405 
10 : 72572 72564 72573 72567 87710 260117 208336 87711 87701 208340 
10 : 68982 72704 72720 72708 68983 69001 68987 108029 108013 159376 
10 : 72913 72906 72896 72904 235144 75061 208029 75052 208015 75048 
10 : 73307 73321 73318 73316 156895 156893 156889 239478 219575 219571 
10 : 73389 73388 73393 73398 155142 177670 177675 155148 155157 239976 
10 : 73407 73403 73412 73401 170427 258799 126566 170433 126552 126573 
10 : 73419 73423 73415 73420 219140 110738 219136 110746 223667 110740 
10 : 73475 73463 73467 73489 127427 141398 181499 127423 127446 141418 
10 : 73529 73525 73523 73536 160719 129210 199257 129202 160732 129217 
10 : 73561 73550 73562 73565 124616 225679 225689 124617 124623 230417 
10 : 73564 71184 73554 73568 71200 188892 245961 71192 71212 188897 
10 : 73678 61034 22718 73676 61044 22725 134099 22716 61042 22723 
10 : 73715 73707 52713 73711 186466 52736 244184 52720 186464 52732 
10 : 73716 73706 15835 73713 130390 15864 250628 15837 130389 15862 
10 : 73799 73809 73812 73808 162592 162594 162589 253201 246115 246119 
10 : 73803 73804 73798 73810 209325 160834 209329 160841 227848 160845 
10 : 34200 73926 73930 59793 34210 34214 34198 233406 59810 59817 
10 : 71293 74077 47895 74072 71307 47894 71299 47915 193874 47904 
10 : 74233 74238 74239 74241 191953 191954 191956 216171 216174 221502 
10 : 74540 55016 74537 74542 55023 120573 149939 55021 55025 120576 
10 : 74822 74833 74815 49504 224096 105673 49525 105682 49535 49507 
10 : 36506 74842 74857 74838 36515 36529 36510 159915 108278 108296 
10 : 74948 74947 60349 74939 225951 60371 101944 60370 101941 60354 
10 : 72369 75068 52943 75065 72386 52942 72381 52965 210296 52959 
10 : 58934 55301 13054 75438 55299 13050 58950 13048 55319 13080 
10 : 75506 75497 75509 75507 107919 220629 220623 107930 107924 239912 
10 : 33679 75523 75522 75524 33693 33692 33695 219964 221546 219965 
10 : 75847 75834 75831 75828 158150 126453 86761 126437 86743 86735 
10 : 3131 75863 75873 46551 3143 3155 3130 179559 46565 46578 
10 : 75942 75948 75946 13679 135913 135907 13683 164097 13692 13687 
10 : 54611 76057 76054 76063 54620 54614 54631 141246 179542 141255 
10 : 54582 28565 76085 76086 28560 54597 54601 28580 28583 251418 
10 : 76203 76214 76207 76193 169430 169419 93689 232630 93715 93702 
10 : 76205 76195 76198 76208 113884 156821 199102 113874 113887 156824 
10 : 76216 76199 76202 76211 160441 166519 253249 160421 160434 166513 
10 : 76265 76257 76258 76264 213332 214313 260635 213322 213329 214311 
10 : 76312 76314 76308 76320 204860 146967 204868 146973 226323 146987 
10 : 76323 76328 76339 76324 121259 121271 121257 209800 126554 126567 
10 : 16422 76581 5049 76582 16427 5042 16433 5057 154011 5060 
10 : 13442 77007 77008 77019 13444 13445 13464 132212 132231 135268 
10 : 60409 77269 77272 77278 60416 60418 60424 164081 164086 220552 
10 : 65198 77294 77291 77287 65211 65207 65205 229460 199273 199267 
10 : 77438 77439 47896 77440 188337 47903 188338 47907 210960 47908 
10 : 77441 77444 77445 77449 218775 218776 218778 234420 234423 241126 
10 : 77462 77456 77467 77461 178479 229354 221677 178487 178478 221687 
10 : 77568 27293 77579 77585 27297 107722 107732 27309 27318 190709 
10 : 77663 77673 77668 68884 168436 168429 68894 213425 68919 68901 
10 : 77677 77684 77678 51844 137715 137703 51848 142182 51869 51849 
10 : 77818 77826 77809 77811 232973 83663 108453 83669 108463 83646 
10 : 77931 77941 77940 77935 111776 111774 111765 236622 179117 179116 
10 : 41503 27236 77954 77962 27231 41513 41516 27247 27250 180148 
10 : 77961 77959 77969 77968 206451 226971 226970 206455 206453 252051 
10 : 77963 77958 77952 77970 201661 154373 229364 154369 201665 154381 
10 : 78011 78006 78016 78005 154668 229651 146974 154673 146958 146978 
10 : 78096 78079 78083 78098 87476 144459 242340 87468 87482 144463 
10 : 78214 78208 78196 78204 246108 174889 212035 174879 212029 174875 
10 : 78256 3084 78250 12982 3100 152061 13003 3089 3078 12989 
10 : 78334 78329 78333 78327 207608 231004 162336 207605 162323 162331 
10 : 78345 36612 78336 78349 36628 110833 204351 36616 36634 110843 
10 : 78377 78366 78370 78359 219648 239300 129272 219640 129257 129266 
10 : 68658 78394 78387 78389 68671 68666 68669 232156 239573 232151 
10 : 78430 47729 78435 78432 47732 120418 120410 47746 47735 138181 
10 : 78562 78554 78557 78549 245261 252612 214729 245255 214717 214721 
10 : 78741 78732 78742 78734 108567 258318 115825 108570 108551 115826 
10 : 78890 78878 78893 78892 157803 246253 246252 157807 157806 255861 
10 : 78902 78912 64989 78918 148632 65000 148642 65008 208257 65021 
10 : 78990 78979 78986 78992 123215 208025 262592 123205 123218 208027 
10 : 46907 79004 29329 79005 46919 29327 46921 29343 229496 29346 
10 : 79009 78997 79010 12115 161434 257534 12148 161435 12126 12149 
10 : 79041 79049 7474 79029 220235 7489 95864 7500 95877 7479 
10 : 79115 29234 79121 79120 29238 104646 104643 29257 29254 242354 
10 : 79126 79118 79119 79117 222071 240225 211724 222063 211711 211714 
10 : 53387 79134 79136 54884 53394 53397 53383 172833 54897 54903 
10 : 79150 79149 79153 12275 144774 155077 12286 144783 12284 12294 
10 : 79542 79540 79551 79556 105128 174812 174824 105136 105148 219442 
10 : 79642 79646 20753 79650 83989 20754 83996 20760 179861 20777 
10 : 5713 79665 79668 79677 5714 5718 5734 115560 115571 159160 
10 : 79679 9176 79666 79682 9198 123870 258633 9180 9199 123871 
10 : 79779 60865 79781 79782 60882 229394 229395 60885 60886 242250 
10 : 79932 79948 79937 79939 119026 119012 119019 195982 223537 195972 
10 : 80006 80027 80014 80004 126866 126854 111814 176753 111835 111826 
10 : 80088 80090 80096 68610 174315 174326 68620 196123 68622 68638 
10 : 80105 4507 69961 80120 4510 69970 113515 4503 4530 69988 
10 : 80325 80329 80330 80318 248976 248978 208684 265390 208696 208699 
10 : 80432 80434 80435 80439 142358 142361 142370 166866 166877 194894 
10 : 18505 80461 73722 80455 18532 18504 18521 73748 232329 73738 
10 : 80449 80458 80454 80444 200888 200880 127457 226816 127472 127463 
10 : 66610 80593 8769 10744 66627 8766 10743 8791 10765 8765 
10 : 80605 80614 80608 80602 132901 132891 103313 184604 103331 103323 
10 : 80636 80642 80637 80632 186980 186972 165201 210869 165215 165205 
10 : 52539 80863 80866 80860 52550 52552 52549 235499 230008 230016 
10 : 80902 80900 80890 14295 254543 160540 14329 160539 14327 14305 
10 : 81006 81010 81019 81013 88060 88072 88064 199328 199323 224376 
10 : 81082 81084 64850 69843 263254 64877 69872 64879 69875 64847 
10 : 81159 27957 81156 81170 27971 216187 229189 27965 27985 216199 
10 : 81320 79088 81317 81316 79094 90585 88273 79091 79090 88270 
10 : 81336 81323 81334 81319 148913 256769 102854 148911 102835 102853 
10 : 81430 81427 81433 81438 113726 155582 155585 113738 113742 225890 
10 : 81447 81446 81450 81445 149209 154734 105544 149214 105543 105548 
10 : 81459 81448 81460 60558 174634 264300 60587 174636 60573 60591 
10 : 38270 81476 81475 81472 38287 38284 38281 234572 226389 226386 
10 : 81508 81488 81491 81511 131723 147624 258958 131707 131726 147625 
10 : 45901 81773 81769 81749 45922 45918 45902 254285 94246 94238 
10 : 81841 81843 81856 81846 126287 126303 126293 175156 175144 219086 
10 : 81880 81877 81890 81892 86180 146098 146101 86193 86194 228419 
10 : 82122 82105 77370 82107 86968 77390 106784 77371 86956 77372 
10 : 82348 82349 82334 82339 261325 110279 187099 110280 187100 110260 
10 : 82355 82362 82364 82352 234721 234722 121799 262537 121811 121815 
10 : 82477 60896 57985 82482 60901 57990 130920 57983 60913 58006 
10 : 82529 82513 82536 82512 123954 251399 122859 123962 122839 122870 
10 : 64084 82542 82541 82555 64092 64091 64107 171077 171390 171092 
10 : 82638 82646 82642 82639 98057 98054 98052 148706 108313 108303 
10 : 50843 26469 82760 82757 26467 50855 50853 26495 26487 241211 
10 : 49253 26039 82786 82801 26031 49257 49274 26042 26055 131799 
10 : 67446 82797 82792 82789 67464 67456 67454 232336 189487 189475 
10 : 82948 82938 82944 82932 163242 246932 107413 163233 107394 107400 
10 : 82959 82974 82975 82962 190586 190588 190573 263181 198619 198621 
10 : 82961 82960 82955 82968 191432 133344 197326 133343 191438 133347 
10 : 83075 83083 83078 83089 197300 197293 197304 209235 236052 209243 
10 : 83110 83094 83118 83100 107848 252236 208099 107855 107841 208111 
10 : 2921 83245 83240 83235 2934 2929 2924 184997 101318 101308 
10 : 83244 83241 83237 83242 196751 130237 199411 130230 196748 130234 
10 : 83337 83329 83330 83338 218462 223507 264086 218453 218463 223508 
10 : 83470 72000 83464 70771 72017 220162 70791 72009 70769 70786 
10 : 83580 83578 83569 83572 243879 121293 174347 121285 174341 121279 
10 : 83614 83600 83597 83615 115345 93835 252813 93818 115348 93842 
10 : 83703 83709 83705 83712 206301 206292 206305 224699 249140 224701 
10 : 50569 83717 83716 83719 50574 50573 50576 213574 214878 213578 
10 : 83733 83745 83743 83731 187983 187980 149437 262189 149460 149455 
10 : 32579 83769 83750 83755 32599 32580 32584 90241 144373 90222 
10 : 83835 74130 83849 83844 74133 109007 109000 74155 74148 245436 
10 : 83877 83886 33680 83889 132123 33682 132128 33696 226328 33703 
10 : 83968 83967 83970 83974 230877 233424 233426 230883 230888 255903 
10 : 84194 84203 84191 84195 196253 179601 196242 179611 209747 179602 
10 : 2298 63436 84358 84355 2297 2319 2315 63452 63447 215267 
10 : 84352 84350 84348 84359 168703 143545 174987 143544 168715 143555 
10 : 84484 84479 16540 84476 235295 16569 212956 16558 212945 16554 
10 : 46758 84512 84504 84514 46774 46761 46776 149425 259634 149428 
10 : 24816 40895 84606 84602 24812 24836 24833 40920 40914 232937 
10 : 84619 56737 80651 84611 56744 80659 102980 56735 56739 80652 
10 : 84879 84875 84874 84895 119617 97834 165688 97831 119634 97858 
10 : 85003 85008 84996 84995 241553 177153 172139 177164 172148 172130 
10 : 85163 85166 85176 85170 112946 112959 112952 134942 134933 174685 
10 : 85169 85164 85172 85174 113502 173639 173643 113508 113510 207935 
10 : 85334 85342 85344 85341 249296 249300 249294 262282 261435 261441 
10 : 85512 85520 6366 85515 113616 6369 113606 6383 154263 6372 
10 : 85538 35597 85532 18893 35615 177155 18913 35606 18890 18897 
10 : 85641 85651 65679 85648 171748 65688 171743 65710 240525 65701 
10 : 85742 85750 85748 85746 144803 144799 144794 211621 170464 170461 
10 : 7098 53492 85767 85761 7095 7115 7106 53511 53501 209914 
10 : 85768 85755 5354 85758 87283 5379 168584 5355 87272 5361 
10 : 85865 85864 85876 85874 99093 104053 104051 99106 99103 204620 
10 : 67007 85884 85891 77880 67009 67016 67005 150871 77888 77907 
10 : 86136 86132 86133 60928 237870 247388 60951 237865 60944 60946 
10 : 86286 86289 86294 86278 201969 201973 140012 225736 140017 140022 
10 : 86641 86640 86647 86649 166368 233759 233760 166374 166376 259464 
10 : 86705 86698 86701 86708 256366 259797 264968 256365 256369 259800 
10 : 14182 54376 55182 86798 14179 14180 14185 54373 54385 55197 
10 : 86827 81580 21038 86825 81604 21061 253379 21037 81603 21057 
10 : 57120 86894 86887 86889 57131 57121 57125 149040 190114 149032 
10 : 87029 87027 87031 36763 132930 141165 36771 132936 36769 36779 
10 : 87174 87170 87171 87168 123180 161048 91030 123175 91019 91026 
10 : 87255 87249 87261 40279 113658 195449 40299 113667 40281 40308 
10 : 87416 87426 87430 87419 141362 141369 141355 239907 159440 159449 
10 : 87608 87592 87596 87607 185437 204975 264076 185426 185436 204974 
10 : 87650 87649 87641 87658 169502 117229 213341 117223 169505 117239 
10 : 87657 87654 87661 87644 234388 253951 133698 234395 133693 133706 
10 : 87669 87663 87666 81368 170782 218321 81402 170767 81376 81385 
10 : 84656 87794 87788 87793 84674 84665 84673 196756 233146 196753 
10 : 41713 87810 28761 87807 41736 28755 41734 28788 260639 28783 
10 : 72027 72246 87799 29726 72025 72037 29722 72259 29723 29742 
10 : 23748 87821 87817 87811 23763 23757 23749 217264 96726 96722 
10 : 87820 87818 87824 87825 219066 246485 246486 219072 219073 265600 
10 : 87888 87889 87884 87885 264731 225171 246031 225173 246034 225166 
10 : 87901 87905 87902 87893 249095 249090 188276 250702 188287 188277 
10 : 87935 87941 87949 87932 167501 167511 144354 207137 144361 144370 
10 : 87936 82020 87928 87934 82029 90224 154255 82021 82027 90223 
10 : 70224 88043 88047 88050 70232 70235 70240 198675 198678 233495 
10 : 71901 88095 36370 37111 71927 36369 37109 36400 37137 36365 
10 : 88116 88115 88100 88107 242344 122742 194361 122741 194358 122734 
10 : 88194 88206 88191 88210 139249 98766 139253 98784 247671 98787 
10 : 88440 88436 88444 22751 187035 238737 22770 187044 22762 22783 
10 : 88466 69010 88472 88474 69016 153836 153837 69026 69030 245433 
10 : 88599 88601 88602 88605 193729 193730 193733 215109 215113 223387 
10 : 88714 88704 88709 88708 164776 237631 220893 164769 164766 220882 
10 : 88724 88719 88717 88734 150038 129131 211306 129127 150047 129147 
10 : 89155 89139 89137 89151 157939 147712 255651 147689 157934 147703 
10 : 89254 89256 580 89262 181695 595 181705 598 210701 610 
10 : 77322 89515 89509 89505 77344 77336 77331 229688 191807 191796 
10 : 89522 52315 89520 89516 52333 234498 154674 52329 52321 154670 
10 : 89641 89648 89640 89639 146393 111563 97221 111588 97241 97218 
10 : 89815 89812 89823 89829 94342 141379 141383 94349 94352 226942 
10 : 10202 89900 67875 89899 10214 10201 10211 67895 218473 67892 
10 : 90190 90170 13220 90174 119891 13253 150788 13221 119870 13228 
10 : 90267 90262 90258 90272 169032 105800 230912 105793 169041 105816 
10 : 60154 90283 85082 81639 60169 60153 60151 85100 81661 81638 
10 : 90381 90389 90387 90384 112590 112588 112579 262948 197181 197174 
10 : 90383 90385 12207 90382 173838 12215 147892 12219 147898 12211 
10 : 90533 90536 90530 21402 256730 233053 21426 233056 21429 21420 
10 : 90788 90798 90796 90801 118064 118061 118066 251511 259036 251514 
10 : 66614 90929 90939 90926 66618 66630 66615 153249 96611 96634 
10 : 90945 90956 90958 90948 130803 130806 130793 257970 195568 195570 
10 : 91049 91055 91057 91060 97672 97678 97680 191749 191755 242889 
10 : 91069 33207 91065 91072 33217 130131 194146 33211 33223 130137 
10 : 32604 91214 91211 91218 32626 32616 32627 213551 258367 213556 
10 : 91227 91228 91230 91225 223095 223097 199434 240449 199437 199441 
10 : 91478 91487 91496 91480 105529 105538 105521 195951 118891 118906 
10 : 91510 91507 91514 91500 198940 229936 153320 198950 153317 153333 
10 : 19141 91612 91608 91602 19161 19154 19147 235552 181118 181108 
10 : 63249 91742 91736 91734 63259 63252 63250 149021 114858 114844 
10 : 91757 75712 91750 91746 75733 226490 199092 75723 75718 199080 
10 : 78379 91984 91981 91983 78393 78386 78392 229197 246506 229195 
10 : 92357 78485 92359 92356 78495 173932 172701 78497 78494 172704 
10 : 78819 92391 92394 92382 78840 78842 78825 259900 141318 141321 
10 : 37920 92491 92503 43489 37932 37942 37916 189539 43501 43514 
10 : 92486 75256 92493 92499 75260 151049 151054 75263 75270 193603 
10 : 92586 92593 22720 92592 115394 22721 115392 22743 257556 22741 
10 : 92594 92595 92591 25470 265569 233288 25499 233289 25500 25490 
10 : 92633 92631 92644 92635 205092 213759 213755 205106 205095 234025 
10 : 92717 87296 92712 92714 87303 102595 120359 87297 87300 102588 
10 : 92719 92713 92716 92724 106800 163704 215182 106796 106808 163718 
10 : 92746 92735 92748 22460 189173 264914 22492 189175 22472 22494 
10 : 92832 92841 92836 75444 166488 166479 75455 186396 75469 75460 
10 : 93129 93136 84401 93118 224137 84411 114139 84417 114145 84402 
10 : 52244 72533 93235 93234 52242 52253 52250 72549 72543 146441 
10 : 93240 75373 93241 93236 75388 260946 201127 75389 75380 201129 
10 : 76492 93300 93302 93296 76505 76506 76499 238210 199601 199605 
10 : 93292 93289 93301 60561 144886 164463 60572 144899 60569 60583 
10 : 93294 93299 93288 29358 174551 133018 29366 133026 29377 29359 
10 : 93343 93347 93344 57456 138940 138937 57462 140010 57468 57463 
10 : 93354 77857 93357 67259 77858 97177 67261 77863 67255 67267 
10 : 93468 93469 88075 41267 146244 88077 41271 88083 41276 41265 
10 : 93471 93470 93474 52147 207694 232693 52163 207705 52160 52174 
10 : 93493 93496 93490 93494 258115 252585 258109 252592 258253 252586 
10 : 93529 93524 93530 14599 138704 211695 14613 138705 14606 14615 
10 : 45566 27811 93730 93729 27807 45578 45576 27830 27826 244143 
10 : 93870 93861 93864 93866 115898 162546 183266 115889 115893 162536 
10 : 94033 94027 94039 94032 226368 256214 255842 226374 226367 255849 
10 : 91258 94074 94089 94080 91270 91291 91278 175053 175038 229631 
10 : 56272 94139 94141 60633 56273 56278 56269 104443 60634 60640 
10 : 94156 94154 94169 94164 162107 168940 168931 162126 162120 247535 
10 : 94366 94361 66095 94365 160410 66113 237687 66103 160408 66111 
10 : 11738 94386 94377 94383 11763 11746 11757 157895 221845 157888 
10 : 94393 94399 20128 94397 208953 20138 208949 20146 242453 20144 
10 : 5356 94526 94536 94521 5363 5375 5358 209318 155455 155471 
10 : 94555 94547 94549 94551 166678 205969 217704 166670 166672 205961 
10 : 94563 94561 94543 94558 262087 132232 260910 132230 260907 132229 
10 : 94622 94618 94629 94620 97347 157520 138918 97364 97341 138936 
10 : 94747 94749 94751 94742 227157 227158 165084 228068 165085 165087 
10 : 94795 94810 94796 94798 106128 106110 106112 136080 147504 136060 
10 : 94892 94893 43050 94900 103637 43051 103643 43055 136455 43072 
10 : 80031 94918 94913 94914 80055 80043 80050 223977 252588 223973 
10 : 94920 94912 94919 50312 221174 261611 50347 221169 50328 50345 
10 : 94934 94933 94927 94925 261998 228412 172200 228411 172199 172191 
10 : 94937 44760 94929 94930 44783 243463 255112 44775 44776 243455 
10 : 94995 94999 68860 95008 107064 68862 107074 68868 168952 68881 
10 : 95011 94998 95010 95005 155211 258943 252554 155209 155205 252549 
10 : 95017 95018 95028 95033 138195 138205 138211 150178 150186 252408 
10 : 95136 95133 95141 62154 153389 234369 62167 153396 62162 62179 
10 : 95172 95182 95168 95176 210213 187918 210207 187928 231587 187922 
10 : 95248 95256 95251 67384 117310 117306 67387 205220 67405 67399 
10 : 95269 95270 91562 29072 189844 91573 29084 91575 29087 29071 
10 : 75515 95292 95288 61622 75536 75526 61619 254999 61652 61641 
10 : 95310 95298 95303 95311 162376 212019 254384 162372 162377 212020 
10 : 27628 95422 95415 95408 27650 27640 27633 239437 149896 149889 
10 : 95526 95530 95524 95536 130197 108554 130203 108560 220928 108573 
10 : 95534 95537 95533 95529 261331 260924 193069 260931 193073 193068 
10 : 95651 95660 95649 95648 178767 147467 135007 147477 135020 135002 
10 : 95662 95653 95658 95657 194114 241439 235083 194104 194102 235075 
10 : 95891 95892 95893 95889 147969 147971 117956 168723 117958 117959 
10 : 96034 96031 96033 96027 245425 256596 131793 245424 131790 131792 
10 : 96122 96108 96106 96119 204031 183025 262912 183009 204028 183023 
10 : 96131 96130 1282 96127 186186 1297 151303 1295 151302 1292 
10 : 60691 96173 96182 96183 60694 60702 60704 130019 130021 220147 
10 : 96385 44178 5084 1247 44191 5101 1264 5079 1241 1239 
10 : 96507 96513 96497 96509 219018 99953 219013 99964 223726 99955 
10 : 96683 96702 96690 96700 112942 112931 112941 205597 261593 205595 
10 : 96904 74009 25772 96905 74010 25773 97606 25769 74011 25774 
10 : 97411 97408 97404 97413 220835 192736 251702 192729 220837 192740 
10 : 97474 41415 97473 97462 41437 264208 229278 41436 41426 229276 
10 : 97533 97535 96 97536 243491 115 243493 118 247824 120 
10 : 97621 97611 97612 4346 161059 163239 4368 161046 4354 4355 
10 : 38353 97827 97820 97824 38375 38367 38374 239866 261569 239863 
10 : 98227 98240 98235 98236 178755 178749 178750 241168 251038 241165 
10 : 98263 98245 98256 98258 108909 225893 242854 108900 108904 225888 
10 : 42887 84913 29974 98320 42885 29965 42891 29972 84919 29983 
10 : 98462 17305 98473 98466 17306 124735 124726 17321 17310 212187 
10 : 84020 98479 98483 98475 84027 84030 84022 184246 119247 119254 
10 : 98488 98482 98485 98489 210614 227521 248596 210609 210615 227522 
10 : 98493 98512 98506 98494 101645 101641 101627 236788 123106 123101 
10 : 98557 98555 98568 98565 157626 167716 167709 157644 157641 262505 
10 : 98589 98590 83643 98591 169065 83651 169066 83654 199800 83656 
10 : 98611 98602 98607 98616 111699 173595 240820 111691 111704 173600 
10 : 98747 98754 98741 98740 230396 167931 156314 167936 156317 156306 
10 : 99080 99082 99091 99092 141859 141867 141869 182527 182529 264600 
10 : 99095 99100 69719 99101 124670 69720 124671 69726 184565 69728 
10 : 83855 99123 99127 92401 83861 83869 83854 188522 92411 92419 
10 : 99456 99454 99457 99459 142046 192996 193001 142049 142051 200553 
10 : 99489 94456 14563 99493 94473 14581 234226 14562 94483 14590 
10 : 99584 99591 99585 99580 202276 202261 142821 209377 142833 142823 
10 : 212 99606 99602 31381 232 228 206 253983 31405 31397 
10 : 99750 99764 99759 99755 132908 132897 132888 217576 160255 160240 
10 : 99781 5929 62424 99772 5947 62443 139911 5927 5935 62428 
10 : 99786 99774 99775 99785 169976 204910 259516 169962 169972 204903 
10 : 65250 99847 99845 99849 65268 65265 65270 244762 246507 244764 
10 : 99854 99855 99856 99857 192331 192333 192334 209353 209355 229455 
10 : 99999 99997 99992 99988 197247 148539 124092 148537 124090 124080 
10 : 86544 100011 100006 100004 86560 86549 86545 148696 100528 100516 
10 : 100012 38404 90319 100015 38422 90339 251338 38403 38425 90344 
10 : 100100 17892 100106 100105 17894 123890 123889 17906 17905 243745 
10 : 100161 100163 100162 56738 201827 201825 56746 202051 56748 56747 
10 : 80686 100243 35474 2076 80705 35473 2074 35501 2101 2069 
10 : 100238 100236 100239 100241 140977 188399 188406 140978 140988 189647 
10 : 100267 100258 100254 100248 218519 170165 100298 170154 100283 100277 
10 : 100360 53879 37546 100362 53896 37560 240769 37543 53909 37574 
10 : 100393 65796 100381 100389 65817 139721 244487 65800 65811 139715 
10 : 100461 100463 95805 100462 237460 95819 237459 95822 247966 95820 
10 : 100482 100477 100478 100481 133436 144226 187569 133426 133435 144223 
10 : 100500 100508 24148 100498 189276 24159 176652 24165 176660 24158 
10 : 100510 100502 100504 71250 203387 211807 71268 203383 71262 71264 
10 : 100608 100603 80273 100597 230946 80296 176574 80290 176567 80283 
10 : 100670 100642 100661 100653 114219 253047 216604 114212 114208 216595 
10 : 100985 100999 64852 100995 192937 64859 192934 64876 248086 64870 
10 : 54838 101093 101094 101083 54857 54858 54839 253590 119990 119991 
10 : 101130 101137 101149 101134 127012 127024 127006 182747 158039 158056 
10 : 80124 101243 101249 94219 80136 80140 80123 229724 94232 94242 
10 : 101453 101445 101451 101456 150848 226798 234953 150847 150852 226803 
10 : 101484 101489 101492 101485 180132 180137 180127 235542 192624 192631 
10 : 83803 9779 101557 69966 9778 83824 69962 9802 9777 69991 
10 : 101610 101602 101596 101597 242414 171206 185801 171198 185789 171190 
10 : 101724 69378 101725 95189 69388 253537 95210 69393 69377 95215 
10 : 101824 101831 28614 101835 150719 28620 150725 28635 250703 28645 
10 : 101837 101846 101839 101849 142447 142438 142450 157660 254823 157663 
10 : 101867 101857 101855 15489 180670 166412 15517 166397 15500 15497 
10 : 102118 102114 7184 102117 164600 7213 242814 7196 164596 7209 
10 : 102228 52121 102223 102233 52141 177962 259010 52129 52145 177967 
10 : 102229 41987 102227 102230 42007 222182 259220 41997 42010 222186 
10 : 102251 100888 95479 41295 100893 95483 41298 95478 41294 41293 
10 : 102354 102359 102360 102362 174304 174306 174314 252685 252691 256163 
10 : 102371 102375 582 102380 228558 599 228563 605 257402 612 
10 : 102377 102378 102381 87988 258973 258976 88013 261373 88014 88017 
10 : 102450 102437 102433 102449 207623 163261 263481 163249 207622 163260 
10 : 102535 102531 102536 102528 249744 264389 239412 249745 239404 239413 
10 : 102576 102584 32125 102582 227001 32140 227000 32149 259134 32148 
10 : 102639 102630 102644 102625 187872 250755 133879 187880 133869 133888 
10 : 102648 102663 102647 102649 169116 165973 169101 165996 181073 165975 
10 : 102774 102771 12243 102760 226814 12266 120378 12259 120371 12245 
10 : 102785 102796 102802 102786 133491 133497 133483 245288 137203 137214 
10 : 103021 103027 103030 103028 118527 118532 118528 169575 169569 169712 
10 : 103039 103048 103035 103038 143284 107469 132272 107487 132293 107468 
10 : 103125 99884 103124 21858 99893 185054 21875 99890 21857 21869 
10 : 103135 57534 103132 103137 57540 104678 174454 57535 57542 104679 
10 : 103140 13349 84166 103139 13365 84178 219102 13348 13362 84177 
10 : 103243 61173 103252 103246 61174 126194 126179 61191 61176 160761 
10 : 74975 16672 103263 103258 16667 74998 74984 16695 16684 196998 
10 : 103380 28402 21237 39405 28422 21256 39422 21229 28399 21231 
10 : 103763 103776 103766 103773 120903 120890 120900 156964 232939 156957 
10 : 103781 103786 103798 103792 112801 112821 112817 186220 186214 259452 
10 : 103787 103790 103788 103797 194085 194078 194093 206874 238378 206882 
10 : 103887 103886 103881 103878 258207 188807 157463 188806 157462 157449 
10 : 103895 6208 103897 103902 6212 176604 176609 6220 6233 220577 
10 : 104035 104026 64289 104042 176157 64312 236445 64297 176166 64320 
10 : 104062 104054 104055 36765 229712 229848 36792 229705 36785 36786 
10 : 104082 104076 104080 104069 235719 257948 190629 235715 190617 190627 
10 : 104089 104084 104096 13017 149635 178184 13027 149646 13022 13035 
10 : 104277 104284 104285 104289 179328 179329 179335 238785 238792 242961 
10 : 104281 104278 104280 104288 186086 207408 213923 186085 186094 207418 
10 : 104290 104282 12893 93817 231272 12917 93845 12905 93831 12892 
10 : 104398 104393 63466 104401 212280 63485 241743 63479 212286 63491 
10 : 104519 104498 104515 54888 153308 256932 54911 153307 54895 54906 
10 : 104531 104527 15988 104524 196906 16005 177494 15998 177483 15994 
10 : 104665 104667 104669 104664 204874 204876 182220 248489 182230 182235 
10 : 104753 104749 104740 104739 249148 152815 147272 152806 147262 147246 
10 : 56855 104755 104765 2078 56860 56870 2071 191626 2088 2100 
10 : 104762 559 104763 104759 570 246130 234178 571 567 234179 
10 : 104777 70646 64114 104786 70657 64126 183252 64111 70672 64140 
10 : 104982 43583 104978 71601 43592 151069 71616 43587 43581 71607 
10 : 104993 104995 105002 105006 167628 167638 167641 186346 186349 248581 
10 : 105117 76008 29394 105112 76019 29406 172210 29391 76016 29403 
10 : 105140 64290 105138 105143 64315 233051 249503 64310 64317 233052 
10 : 105156 76747 105153 105150 76757 153848 107914 76751 76748 107909 
10 : 105220 22009 105226 41181 22013 150392 41185 22023 22004 41194 
10 : 105230 105225 105227 25134 197303 223591 25155 197295 25139 25146 
10 : 105392 105402 105387 105389 188587 116833 164780 116855 164798 116831 
10 : 105496 105499 30622 52945 228880 30635 52962 30643 52973 30617 
10 : 102893 90425 105511 105519 90424 102901 102910 90431 90445 199111 
10 : 48669 105613 25135 105614 48680 25130 48681 25144 211256 25147 
10 : 105615 105612 105611 105620 202902 173559 234273 173550 202906 173565 
10 : 98956 97476 105631 74738 97475 98967 74734 97489 74733 74756 
10 : 93244 105870 105867 105873 93256 93253 93261 190286 229797 190294 
10 : 106063 106054 106050 106058 231041 216997 258554 216983 231035 216990 
10 : 106265 106257 106266 106268 167632 217872 217875 167633 167639 220887 
10 : 106373 106368 106376 58554 175035 218722 58573 175043 58565 58580 
10 : 106383 8417 106385 106382 8424 171117 152172 8429 8420 152179 
10 : 106502 106506 57889 106493 203639 57899 106565 57905 106577 57890 
10 : 106592 45903 106593 106597 45914 243079 243082 45915 45923 246782 
10 : 106613 106610 106616 106620 122945 187525 187529 122949 122955 226628 
10 : 1496 106628 106630 106637 1500 1501 1510 142798 142812 148946 
10 : 106710 26471 106694 106704 26494 148421 235563 26474 26485 148411 
10 : 38183 106850 106846 106839 38199 38188 38184 213538 107658 107644 
10 : 42740 23773 106845 106852 23771 42748 42768 23785 23800 211785 
10 : 106962 106953 106960 92560 186558 250166 92581 186555 92568 92577 
10 : 106979 106964 106970 106973 146022 202291 229573 146015 146019 202280 
10 : 107042 107039 43896 107037 210989 43926 143496 43910 143478 43901 
10 : 107201 107185 107199 72270 176076 253558 72307 176073 72280 72304 
10 : 49330 107449 107455 107447 49340 49345 49335 174832 154774 154779 
10 : 107592 69401 107589 107581 69429 263865 217506 69428 69416 217503 
10 : 107675 107668 107679 107677 185936 252379 252375 185949 185945 263430 
10 : 14204 107701 107705 107704 14215 14222 14221 239869 239868 249630 
10 : 107948 23061 107962 107960 23064 122498 122495 23085 23084 253182 
10 : 108078 108072 108076 108080 183720 236357 259698 183711 183723 236362 
10 : 108129 108118 108119 108135 119483 139517 219932 119471 119493 139527 
10 : 48126 108215 108214 108213 48130 48129 48127 127195 109719 109718 
10 : 108330 108331 108342 108337 133386 133400 133392 154003 153994 223728 
10 : 108332 108339 87184 108343 176541 87187 176550 87198 229262 87210 
10 : 108484 108485 108477 108479 247008 183981 205448 183983 205449 183975 
10 : 108593 108603 108595 108599 194500 194491 194499 212095 260543 212092 
10 : 38907 108623 54584 108622 38913 38901 38912 54593 180929 54589 
10 : 108709 108704 108697 108708 245546 192373 263371 192365 245545 192372 
10 : 108737 108734 76834 99544 174952 76846 99556 76841 99553 76832 
10 : 61737 12632 108827 108821 12627 61743 61739 12636 12633 132725 
10 : 108837 108824 108828 3298 160737 188855 3325 160717 3302 3306 
10 : 108850 108854 6691 108851 243597 6707 243594 6714 252105 6709 
10 : 108873 39220 42022 108862 39236 42037 125178 39213 39226 42025 
10 : 108960 108956 108952 108957 201069 156002 209985 155995 201063 155997 
10 : 109207 34767 109199 81087 34796 218633 81116 34775 34764 81098 
10 : 109217 109221 109216 109222 224901 217261 224903 217269 261812 217271 
10 : 109633 109642 109643 99657 184454 184456 99668 261410 99678 99682 
10 : 73159 109682 109677 72535 73174 73166 72530 172108 72561 72545 
10 : 109832 109834 109820 66285 256817 115296 66309 115297 66313 66287 
10 : 109848 109836 109850 109851 129174 255805 255806 129176 129180 259588 
10 : 110064 93414 110073 110067 93415 110568 110559 93430 93421 181766 
10 : 110090 110088 110096 110097 202505 229597 229600 202512 202516 253982 
10 : 110161 110159 110165 4957 138075 148081 4964 138086 4962 4976 
10 : 110167 97997 110172 110170 98015 256715 256713 98022 98020 262480 
10 : 110432 110424 110420 110422 221510 202556 214316 202548 214306 202547 
10 : 110544 21144 110537 71093 21158 171683 71112 21147 21141 71101 
10 : 110765 110762 110759 110763 227711 189129 243562 189124 227708 189125 
10 : 110800 97707 91812 110791 97719 91832 143227 91811 97710 91816 
10 : 110885 110890 110882 100174 224782 117463 100187 117468 100193 100175 
10 : 110916 110914 110909 40897 253204 237250 40929 237247 40923 40916 
10 : 110946 110942 110952 93025 188844 225495 93047 188854 93036 93056 
10 : 111139 95682 111130 69968 95704 128901 69992 95685 69964 69974 
10 : 111289 111288 111295 68419 127399 145779 68422 127407 68421 68431 
10 : 111389 111387 111391 36803 238225 248318 36825 238229 36821 36829 
10 : 111510 23182 111504 111497 23209 243664 198709 23197 23189 198696 
10 : 111720 15657 111736 111733 15658 135138 135133 15680 15672 245608 
10 : 111757 111753 85437 111748 244135 85461 213993 85454 213986 85448 
10 : 90688 91670 111851 111852 90686 90704 90705 91692 91693 259041 
10 : 63950 111970 111964 111969 63967 63956 63966 224340 263518 224339 
10 : 112120 112121 26235 112112 262602 26259 209461 26263 209462 26248 
10 : 112322 112332 112320 112329 179816 151531 179806 151553 256536 151543 
10 : 57928 112444 112446 112437 57939 57941 57931 254720 151954 151957 
10 : 934 112484 112495 112492 949 955 953 221869 221866 251642 
10 : 112538 112545 112548 112547 133298 133302 133301 244539 244537 262848 
10 : 112539 24849 112549 112546 24855 155068 155064 24874 24870 256395 
10 : 18051 112555 112553 81371 18064 18058 18048 174430 81384 81377 
10 : 112568 112563 112562 112567 193203 165984 240914 165976 193201 165982 
10 : 112593 112597 112594 112592 137379 137376 120821 195809 120829 120826 
10 : 112760 112752 112753 112759 146840 189400 237121 146829 146839 189398 
10 : 1361 112772 7340 74452 1371 1350 1357 7366 74476 7339 
10 : 112779 112789 112778 112774 214512 204223 122629 204233 122643 122625 
10 : 112889 112890 94459 59506 193088 94467 59514 94468 59516 59503 
10 : 113025 113024 113029 113019 161047 163331 119639 161055 119638 119648 
10 : 68153 113050 113041 113051 68166 68159 68173 159418 220769 159423 
10 : 34370 102709 113126 113121 34368 34377 34371 102717 102710 133662 
10 : 113235 113244 113243 113237 120810 120809 120802 193440 144255 144251 
10 : 113356 113362 113358 113359 235698 235691 235692 248312 251345 248308 
10 : 113363 113354 86060 8614 174787 86086 8649 86063 8618 8610 
10 : 12686 113379 113371 113367 12703 12696 12688 232404 173201 173189 
10 : 113380 113378 113374 25200 260053 239703 25232 239701 25225 25218 
10 : 113382 113389 113386 113396 128860 128858 128869 218201 230173 218211 
10 : 113591 113590 113589 113603 132801 122695 187043 122692 132808 122700 
10 : 113696 113700 113704 113701 241321 241324 241322 260262 260261 262746 
10 : 113705 113702 30911 113699 264164 30931 258042 30927 258039 30924 
10 : 113809 24260 113818 68346 24265 162764 68352 24272 24255 68363 
10 : 94776 113934 113929 54642 94793 94790 54639 250622 54662 54657 
10 : 113935 113948 113947 113937 119093 119091 119082 256834 136626 136624 
10 : 114003 114007 114001 65847 253473 246466 65870 246468 65875 65867 
10 : 114039 114041 51354 114043 157628 51356 157632 51360 178214 51366 
10 : 114061 61760 114052 114060 61786 142493 254210 61762 61784 142492 
10 : 114079 114071 6370 90218 211400 6385 90232 6379 90229 6368 
10 : 114316 114319 114321 114337 136150 136152 136165 177953 177964 213440 
10 : 89136 114348 53278 114340 89149 53276 89138 53289 150977 53280 
10 : 114502 114504 62676 114513 128682 62680 128697 62681 148302 62696 
10 : 114512 114505 114506 114510 187058 190429 216730 187045 187054 190425 
10 : 114521 114523 114518 114524 230830 166743 230831 166747 241521 166748 
10 : 114536 114530 103670 4144 146726 103680 4154 103674 4149 4142 
10 : 114785 114778 39716 114776 258786 39745 250276 39738 250266 39735 
10 : 114800 114807 114795 114793 238742 198317 188191 198322 188199 188182 
10 : 114877 72537 114875 114873 72559 215334 201125 72554 72552 201119 
10 : 114957 114954 114952 114960 143028 135930 149086 135929 143033 135936 
10 : 115005 115008 115012 95093 154010 154015 95096 180804 95099 95107 
10 : 115011 115018 102071 115017 216408 102080 216406 102093 252976 102090 
10 : 115166 115167 115162 115164 242242 215586 224860 215587 224861 215585 
10 : 115178 110448 115175 115190 110457 159945 181135 110453 110475 159958 
10 : 115194 72417 115208 76974 72419 144029 76977 72437 72410 76999 
10 : 115401 115411 115405 115402 183337 183329 183327 208165 190600 190591 
10 : 115485 115494 106527 83122 191520 106533 83130 106549 83151 83121 
10 : 115519 115527 115523 88539 222540 222539 88552 243889 88563 88560 
10 : 115579 115591 115589 71214 126405 126402 71217 251687 71240 71237 
10 : 115581 83494 115587 115594 83500 188049 188053 83508 83515 247844 
10 : 115711 115713 115716 115712 205780 205788 205778 212513 208828 208842 
10 : 92130 115892 115900 115894 92137 92149 92141 167288 167284 187305 
10 : 116016 116003 116005 116002 221921 231873 208555 221909 208539 208543 
10 : 116078 116083 116074 116082 176374 122977 176370 122999 252986 122995 
10 : 116200 116204 116199 24883 199150 175908 24898 175922 24908 24894 
10 : 50271 116338 116348 101274 50273 50285 50269 132927 101276 101297 
10 : 116470 116462 116472 3677 171579 258161 3701 171581 3683 3704 
10 : 116485 116486 116493 116480 233330 233336 205610 241489 205611 205617 
10 : 116501 75396 116494 116504 75411 119771 224845 75397 75416 119775 
10 : 116573 116559 116566 116044 184436 254544 116071 184433 116047 116064 
10 : 116611 116600 116618 116615 144846 249349 249345 144852 144848 253557 
10 : 116946 116951 116935 116947 243319 154582 243317 154587 261369 154586 
10 : 116985 116992 116994 116999 170178 170179 170185 228948 228956 237745 
10 : 117048 117055 117049 117047 129797 129789 121918 135940 121929 121919 
10 : 81864 117153 7646 117155 81866 7642 81869 7648 146113 7654 
10 : 117185 86091 117189 24851 86105 212207 24864 86108 24844 24866 
10 : 117278 117286 117282 117285 206824 206815 206823 233514 257928 233513 
10 : 59927 117294 117300 117291 59944 59954 59938 240360 197169 197182 
10 : 117338 71465 32634 117332 71485 32654 237394 32632 71476 32645 
10 : 117398 117394 117395 55186 226999 245260 55210 226995 55198 55202 
10 : 117401 54378 87612 117397 54404 87639 254137 54377 54395 87631 
10 : 117422 117417 27104 48192 117826 27114 48203 27105 48193 27095 
10 : 117432 117431 17035 117430 265468 17068 265424 17066 265422 17065 
10 : 117507 95583 117514 27139 95584 121519 27140 95605 27136 27164 
10 : 117546 117538 117541 40488 147060 180968 40506 147052 40492 40499 
10 : 85866 117567 117553 117562 85880 85867 85878 124684 250428 124680 
10 : 117631 9813 117625 117628 9834 195497 237890 9820 9827 195487 
10 : 117688 117685 97219 117694 224910 97233 236700 97230 224911 97236 
10 : 117703 117725 76683 117706 124976 76684 124963 76708 173317 76694 
10 : 117773 117781 117776 117777 243653 243647 243648 261433 261805 261427 
10 : 117780 117768 117778 117775 152912 262053 254000 152909 152902 253996 
10 : 117877 117884 117880 117889 137392 137387 137404 164130 236340 164141 
10 : 117895 37360 117890 117900 37367 187989 233084 37364 37372 187995 
10 : 117896 117904 91883 36079 238171 91894 36097 91906 36106 36076 
10 : 118130 118132 118128 44349 261150 227058 44375 227062 44377 44364 
10 : 20577 118280 118268 3644 20597 20581 3637 167625 3668 3652 
10 : 118293 118294 9956 118291 213003 9970 182708 9971 182709 9966 
10 : 118389 118386 118381 31112 257320 247200 31138 247196 31136 31130 
10 : 118495 118499 49790 62678 169258 49797 62683 49802 62685 49784 
10 : 118507 118516 118521 118518 126398 126410 126403 236440 236435 254182 
10 : 118512 118517 118510 118519 210523 186794 210526 186802 247838 186809 
10 : 118739 118749 118751 118740 134530 134534 134521 246311 170572 170575 
10 : 118882 118868 118880 66785 137498 263060 66808 137494 66786 66805 
10 : 118953 118958 118964 118957 189853 189857 189852 219029 216584 216599 
10 : 118970 118969 118983 118972 193568 204091 204080 193582 193569 209981 
10 : 119119 119098 119111 119103 148398 253589 203002 148392 148383 202996 
10 : 119186 119192 119185 119196 166827 158448 166831 158456 239467 158463 
10 : 119195 119191 119190 119182 237117 209227 136732 209220 136724 136720 
10 : 119517 119504 68757 83927 175654 68785 83955 68764 83940 68752 
10 : 119581 60840 44901 119582 60844 44903 138307 44894 60845 44904 
10 : 119666 119668 119665 119669 182288 178389 182292 178391 227364 178398 
10 : 92649 119678 119691 119682 92653 92672 92657 170756 170740 224227 
10 : 77031 119794 119793 119795 77039 77038 77041 223330 225387 223338 
10 : 119807 119806 119805 90731 247252 239471 90749 239469 90748 90745 
10 : 31821 119819 119818 119814 31834 31831 31825 186626 161838 161835 
10 : 119812 40178 66224 90449 40180 66225 90452 40174 40176 66221 
10 : 119931 119923 77170 119939 146188 77185 205591 77176 146193 77193 
10 : 120032 56500 120036 120033 56510 222097 222092 56523 56517 254214 
10 : 19641 120270 120271 120272 19662 19663 19666 263196 263200 263360 
10 : 120284 120288 120287 120276 233824 233820 161426 248227 161432 161430 
10 : 120344 32635 120347 120345 32648 245558 245556 32653 32651 252246 
10 : 120392 120395 120391 120388 249969 246848 205894 246855 205904 205892 
10 : 120406 67228 120408 120403 67237 204446 193032 67248 67235 193044 
10 : 120507 120516 120510 120511 125532 125517 125519 194278 208190 194265 
10 : 23628 120528 5751 95984 23638 5744 23626 5768 96005 5749 
10 : 120557 120554 120561 120555 175624 206089 184012 175630 175620 184019 
10 : 1362 120635 73064 120636 1367 1356 1368 73076 232215 73077 
10 : 120645 120650 120644 120641 210935 176260 128267 176268 128274 128260 
10 : 91522 104239 120885 30312 91517 91534 30306 104256 30307 30326 
10 : 120892 106744 3933 120894 106750 3937 170904 3930 106753 3938 
10 : 121121 121114 121120 121123 134177 206467 244376 134172 134187 206474 
10 : 121235 28080 121237 95852 28081 131768 95855 28084 28079 95861 
10 : 112254 121267 121270 121274 112268 112269 112271 246604 246608 256872 
10 : 121355 121362 121350 121366 219362 143787 219364 143794 258418 143801 
10 : 121380 85438 86858 121374 85462 86884 247582 85433 85455 86877 
10 : 121505 121507 121518 115213 218887 218896 115221 232819 115225 115235 
10 : 121589 28277 108652 121596 28279 108657 166390 28273 28292 108674 
10 : 116934 121617 121601 121602 116949 116936 116937 155492 166609 155478 
10 : 121712 121708 53247 121706 211322 53259 151308 53258 151304 53250 
10 : 121834 121836 121843 107248 178213 178218 107259 201201 107262 107272 
10 : 121873 107491 121886 121868 107503 240014 215126 107516 107498 215138 
10 : 121996 52247 4663 121995 52251 4666 133557 4657 52249 4664 
10 : 122005 122006 122003 121999 229659 214914 191872 214917 191874 191869 
10 : 122183 108141 122186 116875 108159 257274 116898 108166 108140 116904 
10 : 57699 73026 122210 122208 57697 57707 57702 73039 73036 207993 
10 : 122319 122325 32520 122317 153806 32523 123195 32533 123212 32521 
10 : 96419 112144 122410 122411 96417 96420 96423 112145 112147 132176 
10 : 118544 122438 122445 22465 118551 118561 22463 173278 22468 22484 
10 : 117324 18255 120333 100891 18252 117322 100889 18253 18251 100890 
10 : 122660 122667 122659 122665 204761 202819 204760 202833 254353 202830 
10 : 122697 20417 122698 22755 20425 209608 22766 20431 20406 22776 
10 : 122719 122715 122705 98762 226390 125204 98785 125198 98778 98763 
10 : 122746 88542 122732 122744 88564 156854 252404 88546 88561 156851 
10 : 122760 122758 122756 122763 247317 234478 261102 234475 247319 234482 
10 : 122814 122819 122810 122812 246258 204107 243037 204114 243048 204105 
10 : 123014 84082 123009 123010 84098 234587 241209 84092 84095 234582 
10 : 123155 123154 123146 123153 227327 145827 209384 145824 209380 145823 
10 : 123270 123267 69039 123271 243145 69060 262720 69051 243147 69062 
10 : 19275 32933 123284 123289 19267 19285 19291 32946 32950 243856 
10 : 46811 123320 14883 20380 46820 14878 20375 14896 20393 14872 
10 : 123369 56167 123374 98143 56185 253576 98158 56191 56165 98165 
10 : 123457 66069 123453 123447 66086 215202 166797 66081 66076 166792 
10 : 109036 61481 123469 123477 61478 109047 109058 61494 61507 214846 
10 : 14912 88240 123576 123578 14910 14938 14941 88267 88269 263119 
10 : 123610 123621 123608 123616 197319 183629 197313 183645 254672 183638 
10 : 83856 123663 123660 123662 83870 83867 83868 221965 231356 221963 
10 : 68966 123679 123676 95854 68975 68973 68963 251208 95876 95873 
10 : 22556 123996 46119 123995 22569 22551 22566 46135 243157 46134 
10 : 124035 124044 69543 124038 156557 69547 156553 69561 197007 69553 
10 : 124122 124118 124121 124113 257395 264736 197180 257394 197171 197179 
10 : 124160 124166 124150 124152 237537 130048 138740 130054 138748 130029 
10 : 124366 124380 124367 124364 198920 198906 155855 201082 155876 155856 
10 : 124607 2544 124602 124598 2567 246933 170853 2555 2548 170845 
10 : 44879 8084 124631 124632 8076 44881 44882 8092 8093 179534 
10 : 124634 124628 124635 124630 151588 235576 179356 151589 151580 179359 
10 : 124637 56879 77349 124627 56895 77364 137982 56876 56880 77350 
10 : 124782 124785 71838 124788 174936 71843 174943 71847 225467 71859 
10 : 124807 51489 124810 45522 51499 195446 45533 51500 45512 45535 
10 : 124839 124835 124826 124828 262696 161356 181484 161352 181480 161339 
10 : 5388 67186 79866 115558 5384 5385 5387 67184 67185 79865 
10 : 124926 124931 124925 124924 257211 254800 251632 254802 251637 251631 
10 : 104544 55022 115904 125010 55019 104542 104552 55020 55035 115911 
10 : 125036 125027 125030 125025 224084 253095 206526 224079 206517 206520 
10 : 125050 125044 44446 100424 203237 44466 100446 44457 100436 44442 
10 : 125066 125068 44902 98521 218729 44913 98533 44916 98536 44898 
10 : 125154 125158 12519 125162 199649 12526 199654 12531 214479 12538 
10 : 125251 125239 125244 50507 148388 187158 50526 148382 50510 50514 
10 : 125271 5519 125285 125291 5520 135697 135707 5534 5541 242732 
10 : 125355 125360 125354 70134 229222 204120 70151 204129 70163 70147 
10 : 125475 125479 125480 125473 221558 221559 194318 263303 194330 194332 
10 : 86835 125488 125495 125492 86847 86854 86849 216170 216160 241404 
10 : 119921 125527 125530 125531 119940 119942 119943 254987 254988 261272 
10 : 125580 125587 125584 125583 137898 137895 137894 153409 153088 153083 
10 : 125619 110806 125613 125618 110810 133979 178776 110807 110809 133978 
10 : 125623 125624 125617 111099 227496 167330 111112 167333 111115 111104 
10 : 125692 36053 69167 125701 36054 69168 138800 36048 36066 69184 
10 : 125826 125821 125816 125822 218820 200464 230186 200452 218808 200455 
10 : 125845 60775 125839 90450 60797 257061 90479 60793 60771 90474 
10 : 125854 125855 125857 125848 221405 221407 135723 226133 135725 135726 
10 : 70730 126133 126131 126134 70733 70731 70740 133755 136469 133771 
10 : 126146 2508 126139 97864 2525 162631 97886 2514 2506 97870 
10 : 126258 126263 126268 126269 171338 171340 171341 203785 203786 224231 
10 : 22977 126360 126363 126365 22982 22988 22992 175228 175231 213090 
10 : 126465 126466 126461 32328 247880 133147 32348 133154 32355 32330 
10 : 126471 126484 70936 126472 168071 70940 168066 70960 171480 70941 
10 : 126537 121862 126535 126534 121872 228840 226146 121871 121869 226144 
10 : 126736 126738 126740 126735 193014 193015 174671 237762 174684 174688 
10 : 106745 126815 126827 24822 106747 106764 24818 141526 24825 24840 
10 : 28699 126924 126918 126931 28709 28704 28720 181569 213554 181584 
10 : 33938 127166 127177 71218 33941 33953 33935 149967 71219 71241 
10 : 97974 91299 127268 127258 91296 97981 97975 91313 91301 132823 
10 : 127296 31971 127301 127293 31980 223318 169226 31981 31976 169231 
10 : 31795 127377 127372 127373 31809 31800 31802 210424 226212 210415 
10 : 98067 127380 43799 127374 98077 43797 98074 43824 236886 43816 
10 : 30597 127483 12520 56643 30603 12512 30590 12527 56647 12513 
10 : 127538 115066 127528 38863 115079 177960 38880 115071 38862 38870 
10 : 90760 127544 127548 127546 90761 90767 90763 130494 130492 142729 
10 : 127606 127619 127612 11059 149834 149819 11063 209466 11089 11070 
10 : 127719 127722 127716 127718 264326 252219 260845 252223 260848 252217 
10 : 97583 127725 52184 127726 97584 52180 97589 52187 158831 52194 
10 : 115302 127741 92918 127739 115312 92916 115311 92930 194953 92928 
10 : 127759 127763 127750 127755 244303 149733 220427 149741 220431 149727 
10 : 103103 127770 127767 31113 103109 103105 31108 167282 31119 31118 
10 : 127820 127823 127810 127818 262080 182899 259135 182905 259142 182896 
10 : 46347 127850 126285 127856 46351 46346 46355 126294 221618 126299 
10 : 125256 127944 10291 127945 125264 10290 125265 10311 239178 10312 
10 : 127962 127958 127961 89970 241573 259880 89997 241570 89987 89996 
10 : 51464 128000 127984 127999 51482 51470 51481 175613 253705 175612 
10 : 13934 24050 128192 128185 13927 13944 13938 24064 24054 193144 
10 : 45465 128206 108525 128211 45479 45464 45481 108542 255073 108548 
10 : 9397 128218 84269 128214 9403 9393 9399 84276 138835 84272 
10 : 128320 128310 77765 128323 150535 77780 246008 77767 150541 77785 
10 : 128352 128353 128348 128343 250576 230896 167554 230897 167555 167548 
10 : 128517 128519 128515 128516 253446 227015 251072 227020 251077 227014 
10 : 66859 3413 97627 128543 3407 66857 66869 3411 3424 97642 
10 : 128637 128630 128633 34909 211886 233651 34933 211880 34918 34927 
10 : 128756 121397 82807 128761 121414 82826 256520 82806 121420 82832 
10 : 128995 129005 129009 129001 167237 167241 167231 254281 221216 221223 
10 : 129010 129002 129004 19981 229727 234288 20007 229716 19994 19996 
10 : 129156 40726 40752 107518 40738 40768 107533 40716 40723 40750 
10 : 129288 129290 129291 129300 139328 139329 139340 209884 209896 219315 
10 : 129299 129292 129294 60489 219758 244567 60516 219752 60498 60506 
10 : 3088 129514 123603 129513 3105 3087 3104 123623 265314 123622 
10 : 129647 105661 28767 129644 105681 28784 244599 28763 105676 28779 
10 : 94434 129661 129670 118800 94435 94447 94433 137978 118801 118810 
10 : 129733 129730 129739 129738 148232 206078 206077 148240 148239 235765 
10 : 130003 129993 129988 130007 187161 164906 253588 164894 187164 164910 
10 : 130140 40320 130142 130145 40335 246919 246922 40340 40344 262922 
10 : 130285 95958 130288 130290 95962 159707 159710 95968 95973 211129 
10 : 130295 130304 130303 3800 141238 141237 3803 250962 3824 3823 
10 : 130335 101542 130333 130340 101546 169649 174500 101544 101552 169656 
10 : 103192 130409 130411 46559 103198 103202 46555 165493 46564 46570 
10 : 130417 130413 55617 130410 224222 55637 194910 55632 194904 55626 
10 : 130419 130408 130416 124299 134564 252125 124325 134562 124300 124321 
10 : 45761 130518 130517 130516 45766 45764 45762 152466 134684 134682 
10 : 130572 130574 130565 19027 234847 132941 19043 132945 19047 19028 
10 : 130636 67800 106203 130634 67819 106221 223725 67795 67816 106215 
10 : 130744 130751 130745 130743 145398 145384 131372 153853 131386 131373 
10 : 130754 130760 9440 130759 174275 9447 174274 9452 202584 9451 
10 : 130770 130786 30181 19791 151413 30184 19794 30209 19818 19779 
10 : 130860 130867 111929 130858 193957 111942 190185 111955 190201 111939 
10 : 130866 130868 130864 130861 256874 235798 205898 235804 205905 205890 
10 : 75958 130913 48335 130916 75960 48329 75964 48339 157879 48341 
10 : 131187 77982 131184 123086 78002 192632 123110 77989 77980 123096 
10 : 131211 131225 34249 131210 178012 34254 150888 34273 150911 34251 
10 : 131371 131354 131370 131353 174332 265534 173512 174331 173484 173511 
10 : 131540 131536 131545 25165 226854 249525 25183 226858 25175 25190 
10 : 24262 131565 117247 131561 24284 24261 24280 117275 257372 117270 
10 : 7153 131657 76514 131664 7164 7148 7173 76525 231053 76540 
10 : 21523 131753 3801 131749 21534 3795 21530 3812 180602 3807 
10 : 131868 131880 131872 131882 151058 151050 151062 196995 262361 196999 
10 : 131920 131906 131908 131902 180062 208904 150875 180054 150862 150865 
10 : 19643 132006 132008 122030 19652 19654 19642 235637 122042 122045 
10 : 96056 132019 132025 132024 96057 96066 96065 132585 132584 224103 
10 : 132027 132020 66820 92315 140346 66837 92331 66822 92319 66813 
10 : 132099 51155 132107 132097 51164 215375 134580 51170 51156 134585 
10 : 21787 82561 132127 6080 21782 21805 6070 82578 6076 6104 
10 : 132167 132166 104413 132155 235244 104430 175736 104429 175735 104418 
10 : 132202 32493 14855 81675 32504 14869 81689 14844 32485 14849 
10 : 132302 34612 132301 120209 34628 259585 120228 34627 34611 120227 
10 : 132409 123174 125076 132411 123183 125085 232957 123173 123184 125089 
10 : 132426 132422 132423 71771 192855 196132 71782 192852 71778 71779 
10 : 132433 132434 132421 132427 263280 185361 223731 185365 223734 185351 
10 : 132513 132514 132516 132515 254560 254562 254561 254743 254742 263086 
10 : 132521 132523 62427 102453 163485 62432 102458 62435 102468 62425 
10 : 132568 132566 132565 108779 261817 258329 108800 258328 108798 108795 
10 : 132761 46494 91641 119635 46503 91649 119645 46490 46493 91639 
10 : 36900 87908 132791 73890 36896 36915 36893 87919 73886 73909 
10 : 132786 80508 132795 132783 80514 181795 148534 80524 80509 148550 
10 : 130008 73577 132860 132861 73576 130015 130022 73583 73585 200551 
10 : 131461 104469 132878 127910 104468 131477 127909 104480 104467 127927 
10 : 132875 73302 132872 132873 73317 176465 208681 73310 73313 176460 
10 : 132876 132879 132877 132868 237474 237472 148434 239475 148438 148435 
10 : 132970 132967 132971 35937 158595 188487 35946 158597 35942 35948 
10 : 133056 92432 1768 25474 92449 1782 25492 1763 25469 1758 
10 : 133162 133158 133166 133168 140167 184891 184893 140179 140181 260237 
10 : 45175 58640 133271 133273 45169 45186 45187 58652 58653 238660 
10 : 133280 963 133275 27301 981 165917 27320 967 957 27307 
10 : 133311 47293 90857 133314 47303 90867 190860 47289 47306 90872 
10 : 133370 96551 133382 133385 96552 144350 144351 96571 96574 262693 
10 : 133474 122345 133473 133475 122358 191794 216938 122352 122360 191795 
10 : 133600 133589 133599 133597 176452 257011 248452 176450 176446 248449 
10 : 133928 133931 133924 133926 233665 179288 200982 179294 200990 179283 
10 : 17331 129590 99136 134031 17330 17329 17336 99134 129597 99143 
10 : 48309 85722 134043 134050 48305 48311 48318 85725 85731 172706 
10 : 134134 134142 134139 134141 139445 139440 139444 201520 224907 201519 
10 : 134253 134250 134256 134251 141967 217091 156507 141980 141958 156527 
10 : 134288 134284 134293 134287 211480 240775 217851 211487 211475 217855 
10 : 134468 134470 134472 26986 147830 147836 26988 181619 26994 27001 
10 : 134498 22299 24082 134489 22319 24101 195964 22292 22310 24089 
10 : 134598 49363 134605 132483 49368 186557 132489 49378 49362 132499 
10 : 134623 134633 134629 134625 167023 167017 167014 237592 210447 210433 
10 : 134720 78263 105172 30182 78271 105179 30199 78260 30178 30180 
10 : 67062 134732 102454 134731 67086 67061 67085 102481 258811 102479 
10 : 134875 134871 134877 134865 236614 244945 210462 236615 210456 210464 
10 : 134988 134999 134993 134982 195870 195862 140011 230200 140027 140018 
10 : 119675 135084 135083 135077 119690 119688 119680 260155 208909 208906 
10 : 126067 7820 135220 23374 7818 126081 23371 7831 7810 23391 
10 : 14232 135312 135313 135318 14233 14235 14237 139388 139395 156819 
10 : 135410 135407 23220 105338 162116 23235 105352 23225 105343 23216 
10 : 135572 86836 135566 41048 86848 181196 41063 86839 41044 41055 
10 : 135662 135646 89311 25014 140087 89328 25034 89312 25016 25010 
10 : 88244 135703 135689 135698 88264 88249 88258 177986 243289 177982 
10 : 60991 135777 9784 135781 61005 9775 61008 9798 245504 9803 
10 : 135883 135898 107769 135887 144675 107771 144663 107786 168754 107774 
10 : 74114 135999 136004 136002 74120 74126 74125 218447 218443 237743 
10 : 49424 100795 135361 136007 49422 49423 49425 100794 100797 135362 
10 : 136213 136203 136201 136214 177519 155463 243934 155448 177527 155476 
10 : 136273 77093 84270 39133 77116 84292 39152 77090 39124 39126 
10 : 136440 136431 136441 136434 172009 257820 225613 172010 172001 225615 
10 : 136527 29463 136522 43197 29481 182497 43217 29469 29456 43202 
10 : 136529 136533 136530 12120 140743 140738 12123 148203 12135 12124 
10 : 136659 136658 103287 65283 234742 103300 65304 103297 65298 65279 
10 : 136784 34881 136780 136774 34902 254284 206989 34898 34887 206983 
10 : 9815 136793 44936 132595 9824 9808 9814 44947 132607 44934 
10 : 136860 136869 136865 136870 188090 188081 188091 248126 265375 248127 
10 : 136866 136858 136864 136868 180530 233498 256787 180525 180536 233501 
10 : 137001 136991 137000 136999 170827 259927 250114 170824 170821 250112 
10 : 137011 137022 137010 49651 221253 211637 49661 211649 49677 49660 
10 : 137121 137131 137117 137125 218192 159754 218186 159764 227198 159756 
10 : 137132 137126 137127 137135 252160 252622 262205 252156 252165 252628 
10 : 137239 45641 137249 137252 45642 153996 153997 45654 45656 229257 
10 : 28731 137339 137332 137337 28751 28737 28749 208779 263556 208776 
10 : 83730 58911 137361 137359 58908 83737 83734 58923 58916 191638 
10 : 137566 137562 77836 137561 222498 77852 221015 77845 221004 77843 
10 : 137642 137644 137646 137652 150745 150748 150758 180566 180576 195983 
10 : 137761 137757 137750 137752 237834 172802 201224 172794 201216 172787 
10 : 137873 137877 137870 137871 241001 224762 228658 224768 228667 224761 
10 : 137896 137897 50169 137907 161340 50170 161354 50173 185713 50188 
10 : 48449 137987 89046 137990 48450 48442 48453 89048 148815 89055 
10 : 138017 39000 18513 14443 39010 18519 14454 18503 14436 14435 
10 : 138102 90858 138098 138110 90875 165802 220113 90862 90885 165814 
10 : 138119 138125 138117 138113 241190 232773 172043 232781 172054 172042 
10 : 138224 63713 37085 99500 63731 37102 99516 37075 63707 37081 
10 : 112922 138231 138230 21975 112939 112938 21969 255480 21996 21992 
10 : 32408 138320 138308 138313 32427 32412 32415 158726 198860 158716 
10 : 138418 138416 107831 64293 197432 107842 64306 107840 64300 64291 
10 : 138445 20547 88629 138448 20549 88635 174300 20543 20560 88646 
10 : 138475 126658 93684 138493 126661 93687 158959 93683 126681 93707 
10 : 138786 7420 138789 138787 7422 147741 147738 7426 7423 149876 
10 : 138816 138811 138821 138826 209643 231914 231919 209646 209651 243816 
10 : 37898 138971 138970 134435 37904 37900 37897 175452 134454 134444 
10 : 139031 52318 139018 139026 52340 144500 254419 52320 52334 144492 
10 : 139103 139104 139107 139111 213312 213316 213318 232886 232889 243451 
10 : 139117 74396 139126 139139 74399 165787 165795 74409 74418 227970 
10 : 139311 139309 139307 139304 241864 223261 187004 223257 186998 186994 
10 : 50208 133996 95988 139495 50205 50200 50223 95985 134011 96009 
10 : 139551 139547 139545 74038 223072 180260 74061 180246 74049 74043 
10 : 139817 99368 139818 139824 99381 216124 216129 99382 99387 227526 
10 : 140035 33118 140030 34452 33132 144483 34464 33119 33107 34453 
10 : 140066 140051 140053 140055 173888 189654 227263 173869 173872 189642 
10 : 140144 93000 88372 140145 93006 88380 207970 88365 93011 88386 
10 : 123258 140148 127217 96224 123259 123257 96221 127218 96225 96222 
10 : 140157 140154 140159 140162 201269 236213 236217 201276 201280 255050 
10 : 140298 140300 140309 79481 218418 218428 79498 234435 79502 79513 
10 : 140327 140330 140313 140331 245060 160305 245061 160306 250308 160307 
10 : 140456 140462 87748 20287 213909 87756 20294 87762 20303 20282 
10 : 49310 140577 140574 103345 49316 49315 49304 195463 103358 103353 
10 : 50008 140792 11023 140795 50016 11018 50021 11034 226941 11036 
10 : 140810 84518 140801 140803 84530 143674 172003 84519 84522 143666 
10 : 140840 140852 140851 122843 189422 189421 122850 262241 122868 122866 
10 : 140854 140861 116415 140855 163514 116419 163506 116433 186643 116420 
10 : 115734 140910 84826 140907 115739 84822 115736 84833 151305 84829 
10 : 141114 141120 37266 141119 199482 37272 199473 37294 238806 37282 
10 : 100852 141216 141225 141223 100854 100868 100867 162103 162102 263527 
10 : 51466 83897 141284 141300 51460 51475 51484 83907 83922 195889 
10 : 141341 44512 141336 102456 44533 183019 102477 44525 44507 102467 
10 : 141589 141580 141594 141590 153243 236218 236211 153252 153245 252925 
10 : 116589 141986 98403 141988 116593 98401 116595 98419 233425 98427 
10 : 142090 142095 142096 16094 171836 171838 16098 265367 16120 16121 
10 : 142217 131352 142218 142213 131368 265361 260911 131369 131363 260912 
10 : 142463 142472 142471 93686 250731 250730 93706 264792 93716 93714 
10 : 130205 142551 142544 142546 130220 130207 130211 166030 208397 166016 
10 : 142636 79588 76014 142638 79599 76023 222606 76006 79600 76024 
10 : 142753 142757 142761 142755 178950 178957 178948 220691 200350 200359 
10 : 31823 142776 142782 142775 31838 31846 31836 235817 218051 218062 
10 : 103149 142867 142864 142869 103159 103155 103165 212986 248642 212990 
10 : 142873 142874 142877 142870 237810 237813 171859 241061 171861 171865 
10 : 5419 142988 142991 142987 5431 5437 5430 257052 247574 247581 
10 : 142984 142983 142982 142985 176462 156907 215834 156902 176463 156909 
10 : 140413 143018 143017 143025 140418 140416 140427 180782 190258 180793 
10 : 90963 94544 143072 143080 90962 90969 90979 94548 94562 182547 
10 : 143085 113425 143095 143091 113433 208602 208600 113450 113444 256197 
10 : 143199 143201 143200 45098 262575 262573 45117 262612 45122 45118 
10 : 143317 143312 143324 143318 168530 225233 225228 168543 168533 226694 
10 : 143344 143360 143350 143347 184578 184570 184567 229850 204630 204621 
10 : 88718 10055 96079 143403 10053 88716 88720 10054 10057 96081 
10 : 143408 143406 85212 62285 178198 85218 62295 85214 62292 62280 
10 : 143432 143426 143431 143424 214132 261837 200229 214131 200216 200226 
10 : 143443 106646 64585 143441 106655 64599 238757 64580 106653 64597 
10 : 134882 143514 143522 143511 134885 134895 134883 178305 144356 144365 
10 : 122899 143535 143528 143539 122916 122906 122919 164713 226052 164721 
10 : 143558 143559 143553 56203 264192 254644 56230 254645 56231 56224 
10 : 81733 143832 143842 18869 81735 81743 18862 164482 18872 18882 
10 : 143860 143857 124983 143851 219037 124999 173399 124996 173396 124987 
10 : 143876 89475 143874 143870 89494 257142 232277 89492 89484 232275 
10 : 43000 143991 20232 143986 43015 20224 43014 20250 255966 20244 
10 : 144057 65354 144058 144047 65365 248552 145615 65369 65355 145618 
10 : 144074 144068 123966 116956 216766 123984 116975 123975 116965 116954 
10 : 144216 12249 144211 140544 12270 262632 140572 12268 12248 140569 
10 : 144280 25626 144279 63683 25645 249135 63699 25643 25619 63698 
10 : 144286 144291 39285 144298 158633 39286 158649 39291 188868 39305 
10 : 136 144556 144545 144553 146 137 145 145394 213927 145392 
10 : 144629 144624 114224 144627 212645 114249 254105 114228 212641 114241 
10 : 144679 135225 144678 144665 135242 259734 199037 135241 135231 199036 
10 : 96441 144882 144876 144878 96465 96456 96457 240684 247626 240674 
10 : 145013 145010 94095 145002 233499 94117 167355 94108 167349 94097 
10 : 145316 145315 80486 123401 241672 80497 123416 80496 123415 80482 
10 : 145418 145417 125104 145419 255203 125130 261494 125127 255204 125131 
10 : 23131 145442 117483 145440 23147 23128 23146 117504 253183 117500 
10 : 18202 25661 145534 119522 18192 18214 18201 25681 25658 119548 
10 : 74957 145769 145763 110007 74969 74965 74955 220839 110035 110020 
10 : 13813 145850 72786 127784 13820 13806 13811 72791 127791 72783 
10 : 145854 145856 145853 145847 232758 230007 147873 230011 147879 147872 
10 : 133947 57000 42348 40288 56997 42343 40283 42339 40277 40275 
10 : 145963 145975 145967 44216 158034 158025 44219 206513 44236 44225 
10 : 52907 145977 7766 145985 52910 7757 52916 7769 175347 7780 
10 : 90052 89751 145984 145988 89746 90061 90068 89762 89770 235829 
10 : 21929 145996 146003 103698 21935 21940 21926 215593 103707 103717 
10 : 146081 146083 82701 146086 250947 82708 250951 82711 254484 82718 
10 : 146106 146104 146105 146095 261777 262052 219462 261776 219459 219460 
10 : 116859 136807 146161 146156 116857 116868 116862 136816 136811 169907 
10 : 146171 146166 146177 146173 163437 230768 230762 163447 163439 242358 
10 : 134983 146207 82590 146206 134987 82588 134986 82593 178134 82592 
10 : 146262 146257 146263 146260 214007 256072 227395 214012 214001 227403 
10 : 95559 146269 97683 146267 95566 95556 95564 97688 167718 97685 
10 : 88323 66763 146356 59399 66761 88324 59395 66765 59392 59402 
10 : 146399 146404 146398 64001 242718 212297 64015 212304 64022 64009 
10 : 146477 146471 146476 146470 160301 226043 152617 160300 152601 152616 
10 : 51672 146505 146493 146507 51689 51673 51691 155296 261478 155299 
10 : 146521 146508 146519 146516 200892 258743 235885 200890 200882 235883 
10 : 146578 146583 146581 146580 221809 221805 221804 243975 233956 233954 
10 : 146607 99661 116957 3479 99684 116978 3501 99658 3467 3474 
10 : 146610 146601 146605 146600 252875 261412 250236 252874 250230 250234 
10 : 142435 146648 39438 108039 142451 39437 108038 39459 108064 39435 
10 : 146705 146692 146694 146704 181746 197809 261778 181729 181742 197808 
10 : 27192 146786 146788 146790 27196 27197 27200 242968 242970 257972 
10 : 146802 85059 146808 146798 85069 235011 226812 85079 85067 226819 
10 : 146875 146882 146876 146880 227769 227760 227766 233099 246847 233095 
10 : 147010 147000 147005 147003 200672 231705 230433 200660 200658 230422 
10 : 147017 147024 147031 147027 199791 199799 199796 243240 243233 260378 
10 : 147107 147116 147111 147109 157099 157095 157089 237836 218834 218827 
10 : 142882 51185 143580 147119 51182 142880 142886 51183 51189 143585 
10 : 43021 147205 71493 147200 43037 43017 43024 71515 185182 71502 
10 : 147311 147316 147314 44217 240035 240033 44230 259031 44235 44232 
10 : 127845 147462 147454 104917 127860 127853 104914 231639 104941 104926 
10 : 147452 147453 63684 13543 222876 63692 13551 63693 13552 13534 
10 : 147458 147450 147457 75123 194603 245854 75143 194602 75129 75141 
10 : 147547 147542 147552 147551 178683 225837 225836 178691 178690 262430 
10 : 132910 147643 147645 147640 132922 132925 132912 242297 152926 152929 
10 : 29702 147666 147665 28315 29707 29705 28303 188517 28327 28324 
10 : 47034 147934 147947 147936 47035 47049 47038 157000 156988 197413 
10 : 148014 148018 148012 148020 252958 236883 252962 236887 263061 236892 
10 : 71378 89575 148054 148040 71374 71397 71383 89598 89581 187258 
10 : 148035 148044 148042 98525 164974 164971 98526 224641 98537 98535 
10 : 148074 12427 148073 57892 12447 265578 57913 12446 12421 57912 
10 : 117678 148086 148080 148087 117697 117686 117698 227144 258929 227145 
10 : 148101 148115 79484 147599 219894 79499 147613 79514 147628 79483 
10 : 148122 148125 148119 148123 236663 211325 236659 211331 243898 211327 
10 : 148140 148152 148151 148146 177409 177407 177400 253271 228848 228846 
10 : 44764 66789 148222 148221 44755 44767 44766 66791 66790 170700 
10 : 148261 28471 61425 76836 28486 61437 76853 28461 28465 61419 
10 : 148348 148353 148347 148346 246491 237918 217129 237926 217139 217125 
10 : 148482 148487 148479 148480 199663 151323 191696 151327 191700 151321 
10 : 148490 148488 103699 148489 233901 103720 250076 103712 233896 103716 
10 : 148502 148497 46082 113194 187446 46091 113205 46089 113202 46076 
10 : 148589 7821 148591 111513 7832 254078 111531 7834 7816 111533 
10 : 141933 113145 148630 111819 113142 141937 111815 113149 111811 111828 
10 : 148866 148862 148864 148860 214964 257927 192564 214962 192552 192560 
10 : 59902 75154 148964 148962 59894 59918 59913 75175 75167 253498 
10 : 141264 148959 148955 1589 141275 141267 1586 187056 1600 1592 
10 : 59348 69916 117801 149063 59341 59346 59351 69914 69921 117809 
10 : 44270 149218 125869 55913 44278 44268 44264 125880 55926 55909 
10 : 124961 149260 149255 18123 124974 124962 18119 163557 18145 18125 
10 : 81025 149284 43941 84693 81038 43934 81020 43962 84714 43935 
10 : 149355 149370 149360 149368 166497 166481 166493 192052 264013 192046 
10 : 132672 149371 149380 2245 132674 132691 2243 154588 2247 2269 
10 : 149383 149372 76278 87993 168691 76307 88019 76281 87996 76269 
10 : 149461 149458 149435 149454 263520 177504 261915 177502 261912 177499 
10 : 104193 149470 149475 46560 104203 104209 46556 224049 46573 46577 
10 : 83478 149811 4478 149805 83490 4472 83486 4492 212319 4485 
10 : 149858 149861 149868 148684 157305 157311 148685 180501 148688 148692 
10 : 94010 1976 149902 120005 1971 94015 94006 1979 1973 120011 
10 : 149928 149924 149930 149929 170768 230217 230215 170773 170770 230782 
10 : 149936 45197 149925 149932 45219 174444 243006 45199 45211 174436 
10 : 150008 142170 40493 81646 142184 40510 81664 40491 81644 40483 
10 : 150131 150140 150139 150129 248566 248565 247217 265290 247226 247225 
10 : 150192 150197 30043 150195 208244 30049 208234 30064 241836 30055 
10 : 150286 150291 150284 150288 246306 232979 246303 232990 254140 232983 
10 : 150336 150334 150341 9247 239257 247660 9265 239264 9264 9273 
10 : 150376 12401 150378 150384 12402 161097 161109 12406 12417 217894 
10 : 150390 150387 47296 22167 185745 47304 22174 47301 22172 22164 
10 : 57378 13108 150412 59540 13103 57390 57375 13121 13104 59562 
10 : 150433 150429 150430 150417 249496 250967 180614 249494 180610 180611 
10 : 137798 150502 150515 150511 137801 137815 137813 188975 188972 250958 
10 : 116273 150800 104799 137941 116285 104794 116271 104816 137953 104798 
10 : 150914 70285 40755 33573 70288 40757 33575 40748 33562 33560 
10 : 151425 151419 151442 151423 177031 228017 217342 177048 177030 217358 
10 : 131189 151444 151450 151443 131195 131204 131190 185435 157835 157849 
10 : 151661 151668 151664 151662 183325 183318 183315 221445 187417 187401 
10 : 151766 151770 151768 151771 213692 213690 213693 220700 229411 220701 
10 : 55695 151817 151811 151816 55718 55709 55715 249212 262981 249210 
10 : 151808 151802 151819 151804 195024 241698 230253 195037 195022 230262 
10 : 151916 108529 151909 151923 108538 192188 241563 108531 108547 192199 
10 : 151991 151985 151987 151989 184948 200386 223195 184946 184947 200384 
10 : 152001 117097 22334 152006 117110 22345 240955 22332 117117 22353 
10 : 152004 26841 151997 152000 26859 199667 233897 26847 26852 199664 
10 : 152094 152097 138390 152092 256975 138407 222753 138413 222761 138400 
10 : 152348 152334 152337 152346 163014 199194 256727 163000 163009 199190 
10 : 138617 152418 135275 152409 138632 135272 138618 135294 156115 135277 
10 : 151820 125756 152431 152430 125755 151834 151831 125775 125773 257361 
10 : 152434 152445 152440 147985 163030 163018 147986 224346 148006 147993 
10 : 151137 3172 146132 24889 3171 146131 24888 3169 3160 24886 
10 : 152672 152682 26277 42777 173768 26279 42779 26292 42799 26267 
10 : 152690 151507 152697 149224 151513 220768 149232 151521 149223 149241 
10 : 152742 152749 152741 152747 181323 166014 181321 166023 224512 166019 
10 : 59645 152858 152862 152865 59654 59660 59663 224576 224581 260885 
10 : 92090 36321 152857 113773 36318 92093 92089 36326 36319 113782 
10 : 153073 73863 153072 54352 73875 211046 54363 73871 54344 54360 
10 : 80748 72004 153157 153162 71998 80758 80763 72011 72021 225197 
10 : 51723 110232 17278 153235 51717 17268 51738 17273 110253 17295 
10 : 73365 153261 153256 153260 73376 73366 73374 158657 226061 158655 
10 : 139341 153356 153361 48913 139350 139356 48910 223589 48926 48939 
10 : 11745 153371 153379 153369 11752 11762 11749 186892 173677 173695 
10 : 153368 153380 153376 103596 165483 165480 103597 244642 103621 103616 
10 : 153455 153454 153456 153450 235076 242710 164026 235078 164023 164029 
10 : 153492 153487 153484 153496 208874 191640 245330 191633 208878 191647 
10 : 153589 153583 153586 153579 231649 245129 159275 231642 159264 159269 
10 : 153602 113652 153601 42463 113661 198374 42472 113659 42456 42468 
10 : 153885 153884 153877 107772 249667 180309 107789 180306 107785 107776 
10 : 154043 154039 100615 154042 215239 100630 233952 100626 215238 100629 
10 : 154107 154105 135388 139709 222373 135397 139714 135393 139713 135387 
10 : 147847 154180 154185 154187 147850 147856 147864 170058 170066 244259 
10 : 154182 154178 12717 154186 157514 12723 211106 12718 157518 12729 
10 : 57148 154215 148400 154218 57152 57147 57155 148402 197089 148405 
10 : 154396 154390 31511 154398 239457 31528 263048 31518 239459 31531 
10 : 154399 9214 149749 154412 9215 149750 172032 9212 9234 149771 
10 : 53498 154421 37691 154426 53502 37684 53508 37702 213788 37709 
10 : 154434 154447 77378 154440 187649 77380 187642 77398 239917 77389 
10 : 154435 154443 154445 154442 201021 201025 201020 247387 244903 244909 
10 : 106986 154540 154537 42500 107001 106997 42494 259181 42520 42515 
10 : 154641 52127 29049 154644 52135 29054 214564 29039 52138 29055 
10 : 154711 144925 154716 46085 144928 177724 46087 144945 46081 46112 
10 : 78007 154817 154811 154819 78021 78014 78022 234506 264330 234509 
10 : 154896 27995 23815 154892 28008 23828 190624 23802 27998 23819 
10 : 154936 154931 154929 154939 210951 171308 257312 171297 210958 171317 
10 : 80228 155014 74039 155016 80238 74034 80241 74056 256646 74059 
10 : 74980 37929 112676 155092 37918 74977 74993 37925 37939 112689 
10 : 155112 155117 13990 23503 202752 14001 23510 14007 23522 13981 
10 : 130609 155127 40290 155135 130617 40282 130622 40301 208988 40310 
10 : 155303 155305 155301 57893 210284 161764 57900 161774 57906 57894 
10 : 111315 155372 155362 52461 111332 111321 52458 224240 52491 52477 
10 : 155412 9927 155411 115451 9947 261892 115472 9945 9921 115467 
10 : 23343 155536 155542 61891 23344 23350 23336 159644 61892 61899 
10 : 155584 155580 143776 155577 215574 143791 193521 143785 193517 143783 
10 : 155597 155595 77516 146650 219969 77533 146668 77523 146659 77514 
10 : 155601 155600 3514 155594 260081 3541 205908 3534 205902 3522 
10 : 9156 61201 155609 114479 9151 9162 9152 61212 61197 114487 
10 : 21789 35941 155651 155646 21780 21807 21802 35959 35957 236676 
10 : 155703 155708 155715 155713 229369 229379 229374 247569 247564 262286 
10 : 155729 155722 155723 122975 217635 223914 122997 217623 122984 122985 
10 : 155838 155844 43645 155852 191094 43648 191104 43653 228812 43669 
10 : 103550 43713 155901 155910 43708 103552 103563 43716 43725 198026 
10 : 143326 155937 155941 155943 143331 143335 143336 225194 225195 238182 
10 : 156028 89049 71497 9040 89070 71519 9062 71490 9032 9031 
10 : 156151 156143 143687 156140 215115 143705 185082 143697 185072 143689 
10 : 156154 156138 90860 47426 167466 90884 47446 90863 47429 47419 
10 : 83620 156231 156230 156226 83629 83628 83623 226924 176776 176773 
10 : 156362 156359 153403 105342 240821 153418 105363 153414 105356 105341 
10 : 156421 156426 140929 117849 196599 140935 117856 140950 117872 117848 
10 : 156431 156434 156437 126154 218163 218169 126163 255133 126168 126176 
10 : 156468 39686 51748 31386 39704 51764 31399 39684 31374 31376 
10 : 156534 156535 156539 156537 220805 220813 220810 232670 232665 249437 
10 : 38761 141065 153948 156547 38759 38760 38768 141063 141077 153956 
10 : 156660 156674 55157 156672 201496 55163 201495 55177 246845 55176 
10 : 156899 61309 86864 156890 61330 86882 222454 61302 61319 86871 
10 : 151473 97562 148812 95735 97561 148810 95733 97560 95723 95732 
10 : 156987 156999 156996 30948 189101 189099 30951 255346 30976 30968 
10 : 157080 157079 143753 157074 262925 143773 231471 143772 231470 143762 
10 : 157107 157114 54055 157116 231232 54063 231234 54071 263241 54074 
10 : 157108 157102 124280 157117 180133 124290 235741 124282 180140 124298 
10 : 157175 78264 122012 19795 78274 122023 19815 78262 19784 19789 
10 : 74231 157202 105945 157198 74246 74225 74236 105967 214314 105954 
10 : 157193 136668 157197 29735 136669 183776 29738 136676 29731 29744 
10 : 34660 157204 157208 157205 34661 34666 34662 159627 159622 187819 
10 : 157218 157213 157211 44353 241028 232095 44371 232089 44367 44365 
10 : 67322 116754 157278 157273 67319 67332 67323 116765 116755 159805 
10 : 157392 157402 138078 130036 191770 138081 130040 138094 130058 130028 
10 : 157468 157471 157472 55619 194225 194226 55624 209829 55627 55628 
10 : 27764 157489 140630 72506 27772 27763 27759 140643 72520 72505 
10 : 157494 157486 157492 157491 204693 249178 243607 204690 204688 243601 
10 : 157496 69518 157504 95993 69521 183956 95995 69526 69510 96007 
10 : 157591 157595 157597 157590 181363 181364 167283 247194 167289 167291 
10 : 50294 157693 76688 157688 50303 50289 50297 76701 163553 76690 
10 : 130897 22084 157777 157778 22078 130908 130909 22097 22098 258173 
10 : 157989 117345 121206 158001 117350 121214 193820 117341 117362 121230 
10 : 33052 158015 158019 80829 33062 33065 33044 250736 80845 80849 
10 : 158197 158204 40146 158200 222433 40156 222425 40167 242460 40158 
10 : 158225 158222 147050 158215 252814 147068 191803 147066 191800 147054 
10 : 158276 158275 158272 158273 222286 181058 191034 181055 191032 181053 
10 : 158387 24238 158393 136958 24244 223439 136970 24252 24236 136978 
10 : 152816 158400 158396 47261 152827 152817 47260 160863 47273 47262 
10 : 158435 157141 158436 158434 157156 246408 241718 157158 157154 241721 
10 : 158480 158483 90618 74308 163315 90619 74310 90625 74314 74299 
10 : 158495 158502 158496 72273 169286 169279 72277 187924 72296 72284 
10 : 121852 158577 23921 75607 121856 23918 75604 23934 75618 23917 
10 : 2796 158622 22875 158610 2808 2789 2797 22887 162139 22876 
10 : 158707 158710 158704 158697 249531 213932 160991 213935 160993 160980 
10 : 102670 34402 158876 138391 34394 102673 102667 34405 34398 138396 
10 : 158883 158885 158886 158875 233315 233316 180524 250577 180529 180533 
10 : 158984 47100 138729 158979 47121 138752 237452 47097 47110 138739 
10 : 109837 159063 49933 159057 109845 49929 109840 49943 229328 49936 
10 : 8377 159086 159090 159088 8383 8385 8384 236243 236237 247922 
10 : 159192 137283 159193 61488 137297 239377 61498 137298 61483 61499 
10 : 159282 159285 137405 81242 232640 137418 81251 137426 81261 81240 
10 : 159301 159315 159302 159308 159412 159397 159403 166496 212036 166483 
10 : 124740 26215 148597 53823 26211 124737 53817 26214 26203 53821 
10 : 155333 159483 159482 81519 155337 155336 81518 196451 81527 81525 
10 : 104546 105410 149937 109900 104540 104545 104541 105409 105405 109899 
10 : 24216 159573 60638 159579 24217 24208 24227 60642 188318 60658 
10 : 78518 159623 60602 159626 78520 60594 78522 60605 190760 60608 
10 : 159660 159667 122593 134440 193756 122602 134451 122614 134463 122587 
10 : 159670 159672 13991 159678 183691 13995 183699 14004 213389 14010 
10 : 159718 159715 159706 159709 256334 208061 223397 208060 223393 208052 
10 : 159775 67666 54644 159778 67667 54646 172466 54635 67672 54650 
10 : 159993 159994 62000 159995 220730 62012 220731 62016 232879 62017 
10 : 117182 11366 159841 160009 11358 117181 117196 11365 11385 159862 
10 : 160006 89001 159329 160004 89012 159345 256393 89000 89010 159343 
10 : 160090 160087 160092 160088 242052 261937 244767 242054 242050 244770 
10 : 61529 160171 160174 140547 61536 61541 61527 241748 140561 140571 
10 : 160194 160199 105458 12591 256387 105473 12601 105476 12608 12582 
10 : 30720 17896 160211 160207 17886 30729 30727 17910 17909 257977 
10 : 160364 160359 160360 160355 212501 219810 164724 212489 164709 164711 
10 : 136036 160508 39254 160516 136040 39252 136051 39257 181306 39265 
10 : 1446 160610 120212 144116 1467 1442 1443 120232 144141 120211 
10 : 161027 161023 161022 91024 163332 163240 91042 163225 91028 91027 
10 : 91645 156813 161040 107392 91644 91657 91636 156826 107390 107404 
10 : 161041 161036 161035 91025 194419 189869 91041 189864 91034 91033 
10 : 155414 161089 4480 161094 155418 4479 155429 4484 201146 4498 
10 : 161090 93065 106898 161092 93070 106904 220678 93061 93083 106915 
10 : 72728 15662 161118 161117 15653 72744 72743 15679 15678 262752 
10 : 153237 105198 78037 8781 105197 78035 8778 78028 8773 8768 
10 : 149398 23478 161219 161207 23476 149410 149404 23489 23481 189619 
10 : 161220 161212 161218 161210 230940 261823 206808 230934 206801 206806 
10 : 41107 161285 161279 161286 41119 41108 41120 165008 257190 165009 
10 : 161300 161299 161293 161291 263791 247974 237070 247973 237069 237062 
10 : 157810 161305 161310 24294 157815 157820 24293 195312 24303 24310 
10 : 161306 161311 79715 161302 201259 79723 183918 79727 183923 79719 
10 : 12558 161539 161545 161547 12560 12564 12566 200202 200204 232674 
10 : 161548 161540 161541 161546 201912 209514 233154 201904 201908 209512 
10 : 161612 161617 161608 93192 255636 238704 93208 238709 93216 93204 
10 : 161717 161724 39409 161716 240328 39420 236399 39430 236414 39419 
10 : 159591 161741 161734 161736 159606 159604 159605 254306 260799 254301 
10 : 161896 161902 161895 150884 213036 199429 150901 199443 150909 150893 
10 : 162061 46532 127316 162063 46538 127321 219287 46528 46541 127325 
10 : 162156 162162 13686 162158 245673 13700 245665 13709 256850 13703 
10 : 120070 162184 162183 85948 120078 120076 85942 232396 85962 85960 
10 : 162258 162255 143778 98804 236764 143797 98823 143790 98817 98799 
10 : 58495 159640 162300 162287 58494 58514 58496 159655 159641 162641 
10 : 162464 162468 40325 135363 167790 40326 135364 40332 135372 40321 
10 : 162480 72629 95736 162477 72639 95741 189562 72626 72633 95738 
10 : 162655 162657 162653 37269 225439 207558 37280 207562 37284 37274 
10 : 162666 162672 85906 162673 214356 85911 214358 85921 261622 85922 
10 : 162745 33538 162755 162753 33540 206733 206731 33559 33556 264490 
10 : 140295 162785 162776 162783 140305 140296 140304 189284 252172 189282 
10 : 162877 110136 162873 152492 110147 213582 152506 110139 110135 152497 
10 : 79324 162918 162917 162919 79328 79326 79332 170653 182300 170656 
10 : 163099 163100 163107 163105 204684 204689 204687 217535 217531 236624 
10 : 163113 163110 163125 163119 163614 215966 215963 163623 163619 254940 
10 : 75861 134544 114593 163203 75859 75856 75865 114591 134550 114598 
10 : 120704 73474 8902 163222 73462 8896 120719 8893 73484 8920 
10 : 163220 163216 148092 163218 227897 148109 252173 148103 227896 148107 
10 : 163293 119355 70000 50646 119375 70026 50672 69997 50641 50638 
10 : 163297 162404 163311 159113 162408 195210 159117 162426 159112 159141 
10 : 163472 162533 163481 114711 162542 218797 114716 162553 114710 114730 
10 : 163488 96104 163483 111784 96111 169965 111799 96105 96100 111785 
10 : 156551 105770 163578 163581 105769 156556 156559 105778 105783 216717 
10 : 26216 130811 57298 163768 26212 26204 26220 57292 130815 57303 
10 : 104547 163944 87861 163943 104549 87853 104548 87865 164625 87862 
10 : 163973 2663 163979 163976 2666 179342 179339 2673 2670 197718 
10 : 164236 164237 143240 164243 200258 143245 200269 143247 229274 143259 
10 : 164262 9963 4187 164275 9965 4188 177027 4170 9980 4205 
10 : 19950 155555 164286 121084 19948 19967 19944 155569 121083 121105 
10 : 164356 62257 164358 51036 62269 262771 51054 62276 51024 51059 
10 : 164359 129767 164360 136829 129786 265255 136852 129787 129765 136853 
10 : 164449 164451 164445 164444 247710 223462 211435 223466 211439 211428 
10 : 164556 84795 164555 164554 84814 253773 219891 84811 84803 219889 
10 : 147663 164582 38244 164579 147673 38243 147671 38265 258330 38262 
10 : 35119 164644 164649 164642 35123 35128 35121 217196 173487 173505 
10 : 164663 164661 27688 153643 258301 27708 153667 27702 153661 27686 
10 : 96808 164669 164675 164665 96816 96824 96810 228143 187906 187912 
10 : 106298 164740 164729 164738 106317 106304 106314 213780 261198 213776 
10 : 61872 164836 124844 164834 61882 61869 61877 124857 200746 124849 
10 : 164848 164846 110610 76691 257835 110635 76711 110628 76707 76681 
10 : 165041 165047 165037 3013 209492 183261 3019 183268 3026 3016 
10 : 761 165147 78542 165144 774 758 766 78559 234701 78551 
10 : 122805 7259 157791 165240 7256 122803 122813 7257 7267 157802 
10 : 156288 24858 165349 88951 24856 156291 88949 24863 24846 88955 
10 : 5094 165405 108147 165403 5102 5085 5100 108158 215688 108156 
10 : 165467 105023 87961 165464 105044 87980 232517 87955 105035 87971 
10 : 13389 150542 165500 73761 13384 13400 13378 150554 73758 73769 
10 : 63401 63271 165539 107255 63264 63403 63399 63273 63265 107258 
10 : 78905 165553 165557 113147 78910 78915 78896 192800 113150 113157 
10 : 165552 165562 165558 165561 192175 192170 192173 236876 247276 236871 
10 : 108733 111036 36736 165576 108731 36732 108749 36733 111050 36754 
10 : 165570 165575 65146 61426 217782 65151 61432 65164 61449 61418 
10 : 42408 165649 165652 165650 42410 42418 42412 185527 185520 199506 
10 : 165767 134215 165772 154869 134221 220187 154874 134227 134213 154877 
10 : 159985 165950 14759 165948 159992 14758 159990 14770 196131 14767 
10 : 76922 166055 139504 166044 76939 76921 76927 139525 185559 139512 
10 : 104221 56644 166063 28920 56638 104235 28914 56657 28905 28937 
10 : 166094 166087 166095 63739 236702 255162 63758 236704 63749 63760 
10 : 166096 166085 166082 166093 223953 184186 254521 184174 223948 184181 
10 : 166125 166128 166120 166118 248582 220885 204772 220890 204775 204765 
10 : 166231 166237 145772 166232 173621 145774 173616 145787 175652 145776 
10 : 166350 166356 166358 126663 238939 238943 126676 260130 126686 126690 
10 : 114752 166421 139057 144927 114756 114747 114748 139061 144933 139051 
10 : 166416 166423 151939 113198 176628 151941 113200 151952 113213 113196 
10 : 55698 166536 161633 166531 55708 55696 55702 161642 225085 161639 
10 : 166533 38551 166542 166543 38560 237367 237368 38570 38573 263982 
10 : 77681 166553 81940 166551 77687 77675 77685 81957 238747 81955 
10 : 138678 109283 166640 166643 109281 138684 138686 109286 109290 217787 
10 : 166660 22621 166656 106327 22636 230500 106342 22627 22613 106334 
10 : 57107 166729 166727 80914 57115 57113 57100 220674 80922 80919 
10 : 122089 166828 166824 119742 122100 122095 119736 206804 119757 119752 
10 : 166842 166833 116959 101930 177338 116976 101949 116961 101932 101926 
10 : 166859 166857 110370 166848 232599 110383 170198 110382 170195 110372 
10 : 166928 166924 166912 166913 256126 214500 215139 214494 215132 214484 
10 : 104949 166969 166971 58562 104957 104960 58553 215054 58571 58575 
10 : 113061 167033 167027 167035 113069 113063 113073 172423 202765 172427 
10 : 167106 167107 167110 167109 203697 203708 203702 217451 217446 250849 
10 : 167117 167120 167121 167111 255055 255056 173093 260749 173097 173098 
10 : 167222 167217 158210 100675 242990 158228 100695 158221 100692 100673 
10 : 133777 167251 43172 167259 133787 43170 133794 43180 239064 43191 
10 : 37879 65510 167312 143472 37873 37890 37877 65534 65509 143499 
10 : 167389 148598 109752 111540 148606 109765 111550 109748 111537 109743 
10 : 167479 138620 15498 156722 138637 15513 156741 15492 138619 15496 
10 : 77597 15428 167495 118804 15425 77605 77591 15444 15426 118818 
10 : 167521 167534 167517 15542 198748 182485 15549 182500 15564 15544 
10 : 167567 156615 167569 167575 156617 203278 203288 156620 156631 215269 
10 : 77695 153500 167685 135607 77694 77708 77692 153518 135605 135628 
10 : 167767 167770 118338 108755 226532 118347 108762 118358 108776 108750 
10 : 151780 82277 167786 167778 82275 151796 151788 82302 82287 229787 
10 : 105155 163648 167859 65548 105154 105162 65538 163665 65547 65558 
10 : 167865 21673 167868 167871 21678 208301 208305 21681 21686 227189 
10 : 167899 167900 167890 167884 264340 237649 172532 237650 172534 172515 
10 : 36299 167977 73335 167987 36300 36293 36315 73338 185476 73356 
10 : 168143 168136 168141 168137 174723 241821 185200 174721 174718 185196 
10 : 28408 160123 134807 168157 28407 28406 28425 134806 160136 134823 
10 : 21043 168169 168163 168168 21055 21048 21052 213869 242764 213867 
10 : 159093 15023 160949 68073 15021 159092 68071 15022 15016 68072 
10 : 168315 112827 89024 168305 112847 89041 185639 89019 112828 89027 
10 : 168350 168347 168348 168353 228975 229843 238178 228973 228981 229847 
10 : 168494 168491 48705 133685 199340 48718 133695 48710 133688 48700 
10 : 168496 168498 161742 156497 254862 161752 156517 161755 156523 156495 
10 : 168548 85190 168554 168555 85194 223824 223826 85199 85200 252661 
10 : 119220 123851 168594 168587 119215 119241 119224 123873 123857 215068 
10 : 110436 168677 66418 8005 110447 66411 7999 66433 8023 7995 
10 : 149860 90840 57005 168686 90838 57002 149864 56996 90847 57010 
10 : 108364 168798 168785 168800 108378 108368 108381 184978 240783 184983 
10 : 168919 168915 168901 67523 258094 209598 67546 209593 67540 67530 
10 : 66519 168966 56358 103986 66520 56350 66513 56361 103990 56353 
10 : 168996 168991 168990 74746 234536 218209 74763 218202 74755 74753 
10 : 169045 169050 134808 169052 262827 134822 262828 134825 264365 134827 
10 : 169054 169043 136959 169049 195056 136985 264260 136964 195052 136980 
10 : 169175 132536 169165 163170 132549 202295 163189 132540 132533 163176 
10 : 82769 128766 169252 169246 82765 82780 82775 128776 128772 238763 
10 : 169255 144158 155879 67395 144170 155897 67416 144156 67391 67394 
10 : 8871 124056 169259 129454 8865 8878 8867 124064 124052 129463 
10 : 169365 123359 169368 169366 123360 186246 186245 123364 123363 195124 
10 : 169386 64266 169387 169389 64282 258797 258798 64283 64285 263636 
10 : 102170 108365 169457 169448 102163 102192 102175 108383 108373 212033 
10 : 169445 169450 61489 169449 182667 61492 182666 61496 218047 61495 
10 : 60282 157420 45061 16551 60280 45050 16536 45058 16548 16535 
10 : 169744 169745 104244 169738 252016 104257 196694 104260 196695 104248 
10 : 169766 169773 32638 13026 248118 32650 13038 32658 13044 13011 
10 : 62764 18574 47581 169838 18565 47575 62766 18563 18578 47585 
10 : 84367 170050 170047 136390 84377 84374 84363 257858 136410 136406 
10 : 28828 170130 170131 167281 28836 28838 28827 257318 167293 167294 
10 : 170229 170227 76754 170224 254401 76777 251774 76768 251765 76765 
10 : 170247 23781 170248 143045 23794 262824 143064 23795 23777 143065 
10 : 39690 170317 170315 43768 39692 39691 39682 170655 43771 43769 
10 : 170594 53624 142817 170591 53631 142825 176298 53622 53625 142818 
10 : 170607 170608 170614 170609 211532 211538 211533 217268 217262 227837 
10 : 170630 131869 7393 101896 131883 7410 101920 7392 101891 7389 
10 : 170689 143583 170697 170692 143586 179010 179004 143602 143595 242694 
10 : 170721 170735 132464 170733 196824 132468 196823 132482 263773 132481 
10 : 170729 170726 170723 170725 229684 219613 224291 219609 224290 219608 
10 : 56002 170815 170809 24727 56016 56007 24714 200547 24754 24731 
10 : 141507 170905 10918 170910 141511 10914 141523 10922 190214 10929 
10 : 153952 5557 76693 170922 5556 76687 153962 5547 5574 76710 
10 : 171073 171064 171070 171071 184615 254824 258900 184611 184614 254822 
10 : 31337 171164 9569 82417 31343 9553 31329 9574 82427 9559 
10 : 32911 171228 171233 171231 32913 32926 32918 195286 195277 231624 
10 : 171238 171237 48617 121790 214000 48627 121798 48623 121795 48609 
10 : 127277 171469 171457 100544 127288 127281 100539 203317 100568 100551 
10 : 171524 125979 82453 171532 125986 82464 233361 82444 125999 82474 
10 : 8583 162405 171543 171533 8582 8597 8584 162418 162406 172142 
10 : 132116 171554 171558 146651 132124 132131 132114 230487 146662 146671 
10 : 171560 171555 171551 171559 256342 221561 264990 221554 256341 221560 
10 : 171568 171575 171573 137912 233271 233269 137919 249782 137930 137927 
10 : 171696 35775 95613 75546 35780 95620 75553 35769 35765 75539 
10 : 40121 171709 162597 171700 40137 40118 40122 162615 173981 162599 
10 : 171727 158427 171723 17929 158437 240782 17941 158433 17925 17935 
10 : 171791 171780 141831 150350 172420 141853 150374 141832 150351 141828 
10 : 171963 171964 171966 171969 202967 202971 202976 204180 204182 219432 
10 : 172061 172059 172062 172056 190340 216039 176562 190341 176556 176563 
10 : 93002 67122 172087 172083 67114 93008 93005 67133 67125 200220 
10 : 172090 172095 158754 172089 245338 158768 239623 158773 239626 158766 
10 : 172177 172171 12130 172176 183979 12142 226208 12132 183977 12139 
10 : 172268 172261 38553 19482 206184 38561 19496 38557 19487 19471 
10 : 172447 172446 172443 172453 223970 211788 225133 211787 223979 211801 
10 : 172462 166578 172460 152173 166591 261169 152197 166590 152169 152194 
10 : 98856 34615 85809 3343 34610 85799 3335 34609 3331 3334 
10 : 172548 172547 172542 106071 236281 180769 106086 180767 106085 106073 
10 : 12490 172563 172566 172560 12503 12509 12499 234589 225012 225023 
10 : 172569 172586 172582 171673 172888 172883 171674 257781 171692 171688 
10 : 64782 172636 172635 6085 64786 64785 6075 223178 6099 6098 
10 : 172639 172633 172637 34912 211067 264066 34943 211066 34917 34941 
10 : 172743 172749 35039 172739 248512 35054 202594 35061 202599 35046 
10 : 126734 112949 169647 172756 112944 126733 126742 112948 112964 169659 
10 : 172922 59647 172928 113776 59651 191957 113781 59659 59644 113789 
10 : 172942 163610 172939 172933 163620 245128 174173 163617 163612 174167 
10 : 173014 121184 173013 173022 121192 207422 210593 121191 121205 207437 
10 : 7734 173119 82842 173116 7753 7728 7746 82863 247103 82856 
10 : 59875 173245 173246 143241 59887 59888 59873 254273 143256 143257 
10 : 44043 173411 173415 173416 44048 44051 44055 199717 199720 227517 
10 : 82152 79169 173445 173448 79160 82166 82171 79183 79184 258853 
10 : 116811 173480 173478 152791 116827 116822 116808 255921 152812 152810 
10 : 156860 173542 173541 112855 156866 156865 112854 244588 112875 112867 
10 : 169648 45232 134932 173649 45231 134931 169658 45229 45247 134944 
10 : 94692 83259 173707 8617 83256 94700 8612 83273 8609 8637 
10 : 173762 95193 143805 173759 95200 143812 200959 95190 95198 143810 
10 : 80778 173800 173803 90327 80786 80793 80769 260688 90345 90349 
10 : 167645 129370 173929 144597 129368 167647 144595 129372 129365 144598 
10 : 173999 173997 173996 174003 189561 185169 208575 185165 189571 185183 
10 : 163611 174017 71611 53921 163622 71608 53918 71625 53938 53910 
10 : 70503 57326 174086 16272 57316 70508 16261 57335 16260 16281 
10 : 144425 174102 174103 156724 144446 144447 144423 264477 156747 156749 
10 : 174209 141357 159218 75040 141364 159227 75058 141354 75034 75038 
10 : 30916 153930 174226 174236 30914 30917 30929 153933 153943 200671 
10 : 128890 174505 174506 7522 128898 128899 7517 264956 7540 7541 
10 : 116919 174716 153706 174669 116932 116917 116918 153719 174693 153705 
10 : 174795 168175 174788 37694 168189 196017 37711 168177 37693 37696 
10 : 174810 145813 174823 174813 145821 202980 202975 145831 145825 233055 
10 : 148726 174993 174992 174983 148747 148745 148737 263185 247402 247399 
10 : 175071 123628 3480 101931 123648 3500 101953 3475 101927 3468 
10 : 151418 175108 175113 175112 151424 151432 151431 220870 220869 246464 
10 : 69645 140 175219 131376 131 69657 69641 152 135 131393 
10 : 175289 96314 175294 76283 96321 210700 76289 96331 76272 76299 
10 : 175296 594 175286 175292 613 194838 240359 597 602 194830 
10 : 86931 7319 175306 175309 7309 86947 86953 7329 7334 255779 
10 : 175302 62651 39849 175301 62656 39856 181387 39839 62652 39851 
10 : 175379 175384 175387 24444 219268 219272 24450 255337 24459 24465 
10 : 175383 98355 110107 175378 98367 110123 214906 98349 98358 110111 
10 : 36517 153988 45102 106206 36514 36501 36508 45099 106204 45092 
10 : 175392 11327 175394 175391 11337 239653 223722 11345 11334 223730 
10 : 175413 153722 62930 175427 153724 62932 185836 62927 153741 62950 
10 : 175595 1091 157627 175594 1097 157635 233942 1087 1096 157634 
10 : 175597 175596 175592 51359 249910 201203 51374 201200 51372 51362 
10 : 161602 175675 5452 25355 161605 5451 25351 5461 25363 5441 
10 : 175678 175674 175685 175680 209002 220401 220396 209007 209003 242062 
10 : 175690 96082 175689 175694 96088 228309 240021 96086 96093 228313 
10 : 175843 72035 175840 163172 72044 198066 163187 72036 72032 163175 
10 : 175955 175961 175960 175952 227299 227298 219382 251509 219389 219388 
10 : 175969 20420 175975 78639 20422 186565 78643 20428 20412 78648 
10 : 41694 176130 176126 11665 41705 41703 11648 259517 11684 11677 
10 : 143116 121429 92810 108867 121425 92804 108864 92799 108861 92797 
10 : 176337 65663 117366 176338 65664 117368 190008 65657 65666 117369 
10 : 176445 176448 176443 158343 243548 210292 158358 210299 158362 158348 
10 : 176519 142702 176513 133892 142725 239674 133918 142718 133890 133908 
10 : 45368 42321 128153 176526 42309 45365 45370 42319 42326 128160 
10 : 131102 111692 176615 105348 111687 131105 105337 111698 105333 105354 
10 : 176641 176649 176646 59264 219505 219502 59275 245217 59283 59281 
10 : 145018 88346 176836 34033 88344 145028 34030 88358 34025 34048 
10 : 176904 176920 176900 176906 216398 191929 216391 191943 229788 191931 
10 : 176987 150444 176983 176988 150461 251946 262168 150455 150464 251947 
10 : 177079 177072 177075 177077 196127 249255 261154 196121 196124 249252 
10 : 177111 177108 177118 177105 226725 235433 186477 226731 186476 186486 
10 : 177198 96835 177203 177206 96836 178101 178109 96843 96850 216295 
10 : 177347 177354 177352 75575 227294 227290 75580 255074 75596 75589 
10 : 36487 53337 84406 177471 36475 36480 36492 53331 53346 84412 
10 : 67452 177474 131782 177467 67463 67448 67455 131791 208548 131783 
10 : 170328 177530 177539 48045 170331 170340 48044 198988 48048 48070 
10 : 177533 177540 177543 177534 243218 243220 243213 262078 248338 248341 
10 : 177571 177565 177573 177564 243869 264388 227965 243870 227960 227967 
10 : 177728 177731 177726 75610 240388 217456 75622 217460 75628 75616 
10 : 48452 177735 177738 42780 48454 48462 42769 200806 42782 42796 
10 : 169413 166500 177753 177750 166499 169423 169421 166514 166510 243851 
10 : 90717 10921 177818 171210 10905 90719 90716 10925 10919 171216 
10 : 177912 177907 177913 177916 218746 241984 241988 218747 218752 250362 
10 : 177918 177917 177920 177921 191241 205632 205633 191243 191244 223833 
10 : 154034 178050 178041 84796 154045 154040 84794 223449 84813 84804 
10 : 178056 8713 178062 5134 8718 215232 5138 8726 5113 5143 
10 : 178246 97319 12287 19525 97326 12292 19529 12277 19517 12271 
10 : 178293 178290 147387 178297 215673 147393 244312 147390 215685 147404 
10 : 178360 39589 51190 178366 39594 51196 206972 39572 39603 51209 
10 : 178445 78929 130496 178438 78947 130513 246118 78924 78937 130507 
10 : 178455 507 5723 178456 520 5740 265101 494 521 5741 
10 : 107209 166651 33249 178641 107207 33240 107221 33244 166657 33254 
10 : 166988 178645 178635 178644 167005 166991 167004 192587 264849 192585 
10 : 178638 178634 178637 117933 189025 200133 117940 189021 117934 117937 
10 : 178798 178795 178802 178804 183461 198136 198140 183467 183471 233334 
10 : 178895 178893 178892 167343 250582 249223 167359 249215 167353 167352 
10 : 178898 178899 118642 43803 203197 118644 43807 118646 43812 43798 
10 : 164870 178946 178944 68895 164889 164886 68893 258703 68920 68915 
10 : 178960 168453 178952 53548 168465 230127 53569 168457 53545 53560 
10 : 178971 178970 171676 178964 264092 171694 197083 171690 197082 171679 
10 : 93270 13817 178985 91703 13809 93277 91697 13822 13808 91708 
10 : 178989 178988 108757 178984 236963 108773 215130 108766 215125 108760 
10 : 179132 179148 128232 179143 186169 128233 186166 128252 254311 128245 
10 : 179147 169687 42033 179146 169702 42046 259363 42030 169701 42045 
10 : 102127 62911 179153 179151 62903 102133 102131 62919 62915 241534 
10 : 179232 179233 179231 179243 219870 197308 219883 197310 225480 197322 
10 : 179237 179234 179240 179242 227823 248628 248630 227825 227830 259339 
10 : 179247 179259 179254 179249 197823 197818 197812 234798 207643 207629 
10 : 174808 139461 176149 179321 139458 174807 174822 139460 139472 176165 
10 : 176037 179320 179314 179319 176048 176042 176045 230126 253018 230124 
10 : 179385 179387 179391 143046 194550 194558 143049 223522 143054 143068 
10 : 179497 179501 167062 179493 246760 167071 238086 167077 238091 167070 
10 : 38461 62293 156791 161464 38454 38459 38460 62288 62290 156789 
10 : 22224 179612 179603 179607 22242 22228 22234 211424 240637 211415 
10 : 179754 179761 179759 179757 235655 235652 235650 261302 243114 243111 
10 : 179781 78227 179776 179782 78239 233111 259863 78236 78241 233114 
10 : 58970 179943 79896 179937 58981 58961 58977 79919 222450 79904 
10 : 85697 180033 136476 180037 85698 85694 85702 136477 182111 136484 
10 : 178541 180126 180109 152867 178560 178543 152866 181314 152887 152869 
10 : 180120 180123 60460 26991 249497 60474 27006 60480 27010 26980 
10 : 180194 21078 61179 180195 21090 61188 259539 21066 21094 61193 
10 : 180196 87912 124085 160742 87926 124106 160765 87906 87910 124081 
10 : 180220 180225 122277 117226 262861 122294 117244 122296 117245 117217 
10 : 51701 180368 142260 180369 51706 51698 51712 142268 221072 142279 
10 : 180486 89026 180485 180484 89040 247665 247572 89039 89038 247571 
10 : 139591 151686 180541 180548 139587 139595 139608 151691 151699 227019 
10 : 180540 180546 32206 180542 225991 32211 225984 32221 233563 32213 
10 : 162981 180555 180552 154546 162989 162982 154545 181636 154555 154547 
10 : 180655 180652 180654 180659 237528 259682 262029 237526 237532 259688 
10 : 180729 162938 80401 124553 162945 80406 124557 80400 124549 80398 
10 : 180731 164679 180734 180732 164685 238056 238054 164689 164686 239320 
10 : 72593 180752 180756 180748 72598 72603 72594 222677 195393 195401 
10 : 171018 180753 129569 180758 171026 129567 171033 129577 232454 129587 
10 : 180839 180850 112399 40905 200876 112407 40909 112423 40927 40898 
10 : 158905 181001 171917 134196 158915 158903 134190 171930 134210 134193 
10 : 181013 181006 181016 55919 201702 253090 55939 201707 55921 55944 
10 : 181077 172892 117256 181076 172898 117261 204838 117254 172895 117259 
10 : 181087 53825 181086 181084 53837 234648 221014 53832 53831 221007 
10 : 117086 166101 181172 4794 117085 117087 4790 166103 4792 4795 
10 : 174559 181221 79359 181211 174576 79358 174566 79379 221221 79370 
10 : 181275 15222 181269 105305 15239 237163 105328 15233 15214 105318 
10 : 52268 181332 181341 181334 52269 52278 52270 184453 184443 200083 
10 : 181344 181347 38414 181353 193659 38415 193664 38419 243087 38426 
10 : 112018 139592 78665 70656 112012 78660 70647 78663 70650 70645 
10 : 181605 181601 181598 181596 256221 233950 204927 233946 204922 204915 
10 : 181782 181779 73099 174670 222671 73110 174686 73106 174681 73098 
10 : 181788 181792 128435 128117 247917 128442 128124 128448 128126 128107 
10 : 144815 181911 181915 181916 144825 144832 144834 232920 232921 262317 
10 : 181975 135033 106797 102596 135042 106805 102609 106792 102592 102587 
10 : 181989 181994 181992 181986 221609 221606 208384 243360 208395 208390 
10 : 109991 167226 182070 157738 109987 109999 109985 167235 157733 157746 
10 : 168653 86470 182164 6888 86468 168656 6885 86473 6879 6890 
10 : 182175 182166 182174 60067 226570 263598 60093 226568 60074 60091 
10 : 109381 182360 182359 182365 109383 109382 109385 201670 214410 201675 
10 : 167029 53889 141534 157739 53886 141530 157732 53882 53883 141529 
10 : 13818 40361 147868 32683 13804 13814 13802 40358 32664 32679 
10 : 64833 87332 124283 138920 64824 64828 64829 87324 87326 124277 
10 : 165156 124506 30450 73030 124505 30449 73029 30444 73027 30439 
10 : 155576 182985 35204 134002 155587 35201 133999 35220 134012 35196 
10 : 183123 183128 183121 81381 229551 188003 81387 188017 81404 81382 
10 : 183149 78642 183154 67269 78651 241516 67282 78654 67256 67286 
10 : 45345 12288 183192 183190 12272 45362 45361 12304 12302 261436 
10 : 91503 183236 183231 95487 91512 91508 91497 204769 95499 95491 
10 : 183309 183306 183311 41752 211116 254188 41766 211121 41757 41771 
10 : 15816 169837 110538 183422 15814 15813 15828 110536 169845 110549 
10 : 183416 108099 183426 183427 108105 231910 231911 108115 108116 264799 
10 : 11149 62567 183490 55192 11139 11159 11138 62580 55180 55205 
10 : 183575 183581 183570 183576 246859 193951 246853 193963 254601 193954 
10 : 183786 183789 183788 183793 220118 220116 220119 247514 257897 247522 
10 : 72711 127201 25020 183797 72706 25007 72712 25013 127203 25023 
10 : 183853 183855 183858 183854 252770 252772 252768 257180 255589 255591 
10 : 67754 66649 183971 183970 66636 67764 67762 66663 66662 258215 
10 : 178407 74710 183998 184005 74709 178418 178426 74719 74729 244863 
10 : 184054 14763 166299 110014 14772 166306 110021 14760 14755 110011 
10 : 162475 184157 123710 184160 162479 123708 162485 123714 193710 123722 
10 : 184223 184227 130615 184232 235173 130619 235180 130621 248495 130630 
10 : 64241 184315 184310 155970 64248 64244 64239 213620 155977 155973 
10 : 184508 184505 152794 150354 230272 152804 150365 152801 150362 150348 
10 : 134216 82390 184721 164009 82383 134218 134214 82395 82388 164017 
10 : 151823 184764 184759 184762 151833 151827 151832 227953 257417 227951 
10 : 161112 184863 184850 160828 161121 161113 160826 205421 160850 160833 
10 : 141282 185030 185023 185021 141298 141294 141291 241438 237797 237788 
10 : 181188 185039 185035 185042 181193 181190 181198 199999 208702 200004 
10 : 185132 127664 172510 185126 127676 172527 247398 127660 127674 172518 
10 : 185158 125559 185156 185162 125572 214776 245290 125564 125577 214784 
10 : 151476 185227 129931 185219 151482 129925 151477 129939 189565 129933 
10 : 119413 156365 185323 48706 119411 119419 48699 156372 48703 48715 
10 : 139768 185322 94466 133686 139772 94463 133680 94472 133692 94461 
10 : 907 95195 168654 69589 900 905 898 95192 69579 69587 
10 : 185413 185421 87866 185416 233763 87871 233756 87880 237071 87872 
10 : 35314 185478 164521 185480 35315 35310 35327 164522 187414 164541 
10 : 161321 185485 185487 73339 161324 161331 73333 226451 73343 73349 
10 : 185490 61716 180760 185481 61731 180776 195073 61715 61718 180761 
10 : 185498 185496 164052 99429 209129 164061 99439 164056 99434 99424 
10 : 185654 185652 185659 176096 221056 254724 176109 221061 176099 176117 
10 : 38943 185660 185670 99167 38945 38957 38938 204381 99169 99189 
10 : 185733 96316 155854 185741 96325 155864 232568 96311 96332 155874 
10 : 185981 2218 185974 157524 2233 216465 157544 2224 2210 157529 
10 : 38531 185997 132465 185998 38534 38524 38535 132474 219607 132475 
10 : 57403 186067 180142 154367 57410 57402 57398 180150 154377 154366 
10 : 41666 163451 125902 143587 41662 41656 41658 125897 143582 125894 
10 : 167013 186154 186151 84310 167024 167016 84307 234009 84335 84322 
10 : 186156 186153 186147 186148 260469 210450 216606 210445 216598 210428 
10 : 167924 186162 186160 137409 167934 167932 137407 231117 137419 137416 
10 : 126474 186224 148535 186226 126477 126469 126479 148536 197222 148538 
10 : 28433 24417 186237 186233 24401 28445 28436 24425 24419 212180 
10 : 134963 186257 186255 186254 134980 134979 134978 264327 264297 264293 
10 : 45935 170075 68487 186446 45932 45924 45942 68484 170082 68496 
10 : 186471 186455 186467 15844 194030 255987 15871 194025 15846 15867 
10 : 186515 186514 186505 186507 264951 218046 241808 218044 241805 218036 
10 : 111169 186520 5454 186519 111180 5446 111178 5472 252780 5470 
10 : 155540 58498 186622 12753 58493 155554 12747 58515 12737 12771 
10 : 105277 186668 156103 186667 105283 105274 105280 156111 227391 156108 
10 : 186701 186705 93170 106183 240426 93175 106190 93181 106196 93158 
10 : 20353 186750 186755 186747 20363 20367 20357 249125 210903 210910 
10 : 186760 186762 186765 184991 228674 228681 184996 233151 184998 185008 
10 : 186875 174427 186861 186869 174445 201786 236107 174429 174433 201775 
10 : 186921 128365 186922 141186 128371 228959 141193 128372 128360 141196 
10 : 186937 186942 186936 186934 246096 240976 234874 240980 234880 234870 
10 : 57823 187012 187016 187015 57828 57833 57830 211191 211187 242002 
10 : 137243 187022 187021 187028 137250 137248 137257 228079 230754 228088 
10 : 187027 187020 187025 187019 221138 239528 216065 221134 216057 216062 
10 : 187106 187107 187109 50320 205030 205033 50325 232438 50330 50338 
10 : 187276 39198 187270 187268 39211 196977 191884 39201 39199 191865 
10 : 95832 187284 159012 187280 95843 95830 95836 159026 220152 159021 
10 : 187346 187342 22145 187343 220362 22160 227841 22148 220349 22149 
10 : 55417 187621 187629 179200 55423 55431 55416 221182 179208 179216 
10 : 13110 150248 187674 187673 13107 13114 13112 150253 150251 203657 
10 : 187754 187752 187755 162941 254251 255106 162953 254252 162952 162954 
10 : 187857 187858 187860 134934 225425 225432 134939 245503 134943 134948 
10 : 88059 187547 187969 187965 88058 88073 88069 187568 187557 248775 
10 : 51556 188021 114754 188026 51560 51548 51567 114759 234379 114762 
10 : 188031 75989 151738 24300 75992 151745 24308 75985 24288 24292 
10 : 188045 188041 188052 188051 213580 231921 231920 213589 213588 261702 
10 : 188062 188058 188069 188055 218319 255715 195131 218326 195125 195137 
10 : 188130 146032 188133 116423 146037 206452 116430 146042 116416 116436 
10 : 188146 188143 83012 188149 224225 83026 260342 83016 224230 83035 
10 : 33625 154117 188302 188298 33622 33632 33628 154132 154119 224744 
10 : 33373 160097 188330 188333 33371 33394 33396 160117 160119 264595 
10 : 83881 188495 188488 82567 83895 83885 82560 217024 82587 82570 
10 : 79360 94227 19988 120958 79351 19973 79354 19978 94222 19980 
10 : 45791 38246 188654 188657 38232 45793 45803 38250 38259 206605 
10 : 10508 89534 188676 188667 10502 10521 10512 89549 89538 225508 
10 : 125675 188708 188693 22471 125691 125676 22466 193052 22497 22474 
10 : 188721 180781 188717 188714 180796 241582 222755 180789 180785 222751 
10 : 46192 76438 158652 188748 46184 46188 46201 76434 76453 158668 
10 : 183772 188825 72255 141739 183784 72254 141737 72267 141754 72251 
10 : 109043 29537 46849 188934 29527 46834 109055 29522 29548 46861 
10 : 179978 157148 90459 188936 157146 90457 179989 90453 157163 90476 
10 : 188991 120439 188988 188992 120448 237500 255667 120446 120452 237503 
10 : 189003 189001 113780 189002 249950 113791 260883 113786 249949 113790 
10 : 189090 189100 59935 44453 189298 59936 44454 59950 44469 44436 
10 : 140742 189142 189144 184909 140748 140751 140741 248229 184917 184922 
10 : 189350 168176 189346 189348 168185 210756 229795 168178 168181 210750 
10 : 70918 189412 30509 113324 70931 30495 70911 30529 113342 30498 
10 : 189579 167452 95966 48919 167458 95972 48930 95963 48916 48907 
10 : 139120 135126 189596 189588 135122 139129 139123 135135 135131 214551 
10 : 23452 139004 128911 182644 23446 23444 23451 128903 139003 128908 
10 : 189663 53340 189666 161139 53343 221914 161148 53350 53334 161150 
10 : 189683 189686 74594 189684 190924 74595 190923 74601 205199 74597 
10 : 189693 32280 33821 140876 32289 33829 140890 32265 32275 33818 
10 : 22727 189705 1772 13069 22744 1757 13047 1789 13085 1752 
10 : 189714 189720 189713 70627 252500 251451 70639 251454 70642 70637 
10 : 64211 189746 26578 189744 64220 26560 64212 26584 198060 26580 
10 : 84525 20925 189786 145600 20908 84538 84520 20938 20915 145625 
10 : 189918 189910 116731 149332 231975 116752 149354 116738 149339 116727 
10 : 189937 91796 75755 33580 91806 75764 33595 75737 33564 33563 
10 : 189980 189970 189975 189976 228031 245681 248414 228023 228026 245675 
10 : 189993 189997 32003 189989 263404 32025 236732 32029 236737 32008 
10 : 190050 190047 123940 24160 193375 123947 24166 123943 24161 24151 
10 : 190051 5858 74281 148096 5865 74288 148105 5847 5853 74275 
10 : 190139 190138 190144 108662 235014 237575 108673 235019 108671 108678 
10 : 73582 190169 190165 158553 73591 73586 73579 238135 158567 158563 
10 : 190175 190180 167325 190179 226780 167329 226779 167335 247141 167334 
10 : 190220 59775 153748 72156 59784 153756 72165 59771 59765 72149 
10 : 190246 65434 69855 190247 65447 69865 241780 65424 65450 69866 
10 : 130550 79594 182483 190322 79587 130549 130564 79592 79603 182501 
10 : 190317 190323 190319 54210 239999 239995 54221 255516 54231 54224 
10 : 190478 190483 190481 29500 216830 216828 29503 232374 29510 29505 
10 : 190502 190498 190501 190499 223587 236047 225146 223586 223583 225145 
10 : 190561 190557 125903 169707 206967 125911 169714 125905 169710 125900 
10 : 190638 190636 190631 135963 253516 192878 135981 192874 135976 135964 
10 : 65204 190645 190641 42202 65210 65206 42194 222064 42214 42209 
10 : 190719 130316 142479 77238 130320 142482 77244 130311 77232 77233 
10 : 190756 190753 45260 190742 264343 45284 192226 45280 192223 45262 
10 : 67171 76631 190912 149882 67164 67183 67168 76644 76626 149898 
10 : 68663 191151 191154 191152 68674 68677 68676 256616 256612 264794 
10 : 191161 191163 169117 191156 263019 169133 210971 169136 210975 169120 
10 : 88491 191234 135282 179722 88492 88483 88489 135283 179723 135280 
10 : 104199 191308 179547 124308 104204 104197 104192 179554 124315 124306 
10 : 191488 150418 191486 191482 150436 258497 213644 150432 150422 213640 
10 : 98626 191501 191493 15187 98643 98633 15179 233939 15204 15193 
10 : 79962 82318 44910 191505 79954 44895 79967 44897 82320 44914 
10 : 88759 191579 179455 73501 88765 88757 73491 179467 73514 73500 
10 : 179337 191585 191574 191575 179351 179338 179340 197581 202557 197565 
10 : 191595 35207 150250 191598 35218 150262 257213 35200 35225 150269 
10 : 124917 191660 191659 191658 124930 124922 124921 228471 215859 215848 
10 : 191743 54518 145252 191740 54536 145272 261884 54515 54534 145267 
10 : 191759 41843 191748 191754 41859 239780 257873 41847 41852 239773 
10 : 120668 191816 175226 509 120672 120666 501 175230 513 506 
10 : 191832 163296 4935 191828 163310 4949 232992 4932 163301 4940 
10 : 87044 109754 132491 256 87037 87040 245 109745 246 250 
10 : 169863 191891 4832 191888 169872 4828 169869 4837 223986 4835 
10 : 191893 191897 191899 25517 229355 229357 25520 259538 25530 25533 
10 : 189371 191997 191999 191994 189385 189387 189380 258543 235927 235930 
10 : 59054 54300 192087 177952 54295 59066 59053 54313 54299 177965 
10 : 157720 192180 114852 192169 157730 114847 157723 114868 233569 114857 
10 : 192321 116049 192325 192324 116060 242903 242902 116068 116067 261064 
10 : 192328 81616 192316 192323 81636 221752 252448 81623 81628 221744 
10 : 49623 192353 192344 192349 49642 49624 49634 193051 251041 193041 
10 : 43322 192423 42204 192428 43334 42193 43340 42219 255105 42225 
10 : 192503 77483 98898 79362 77484 98899 79363 77476 77474 79352 
10 : 191821 192604 9932 192599 191834 9931 191831 9948 256739 9942 
10 : 192672 130792 43948 192666 130804 43958 220757 43940 130797 43953 
10 : 192716 192712 192720 192715 210036 226741 224797 210041 210035 224801 
10 : 102516 192753 192757 192751 102522 102527 102518 207844 195390 195396 
10 : 192762 192758 31667 192752 240002 31678 203083 31677 203074 31669 
10 : 175398 168247 192839 192837 168246 175406 175404 168259 168257 263492 
10 : 192849 192842 192844 46123 200716 219768 46132 200714 46125 46129 
10 : 21342 192946 86868 192947 21348 21327 21350 86878 257047 86879 
10 : 192998 192999 101425 158554 205665 101427 158560 101429 158561 101422 
10 : 173638 93803 112954 193008 93802 112950 173641 93796 93807 112956 
10 : 7973 193023 78957 144477 7979 7962 7969 78967 144488 78953 
10 : 12096 181263 193029 34459 12093 12106 12085 181274 34457 34480 
10 : 156683 102568 193080 193079 102564 156688 156686 102575 102572 210219 
10 : 193101 193117 193107 8621 229256 229246 8628 247627 8648 8639 
10 : 183705 165929 172609 157741 165927 172607 157740 165926 157731 157737 
10 : 176820 170404 13304 54925 170403 13301 54922 13300 54921 13290 
10 : 140504 192267 165594 159747 140503 140500 140497 165593 159746 159745 
10 : 193561 193564 193565 118691 246639 246640 118702 255780 118709 118711 
10 : 188306 182124 70556 193662 182123 70555 188312 70554 182138 70567 
10 : 193828 193832 147280 193824 256649 147290 197010 147294 197015 147281 
10 : 193914 103082 144836 118778 103084 144838 118780 103079 103076 118773 
10 : 193975 193976 193971 119530 265463 223677 119550 223679 119553 119533 
10 : 122369 193979 31387 9254 122372 31383 9246 31390 9259 9237 
10 : 194037 194042 194035 194045 215091 209674 215093 209677 226717 209683 
10 : 84389 93623 83434 46567 84380 83423 46553 83424 46554 46552 
10 : 152352 194073 13392 49035 152364 13386 49027 13406 49054 13375 
10 : 194214 194215 194213 156596 218505 217883 156600 217885 156603 156599 
10 : 126009 176150 194293 18430 126007 126012 18423 176155 18428 18439 
10 : 146278 107839 194300 194298 107835 146293 146291 107850 107849 253019 
10 : 194382 194381 146852 45834 206964 146856 45842 146854 45837 45823 
10 : 194465 129681 101734 194458 129698 101752 223453 101726 129688 101743 
10 : 61829 35553 164292 59776 35539 61824 59764 35550 35538 59772 
10 : 86840 194610 94574 194617 86843 86833 86852 94576 200158 94586 
10 : 78286 134199 54899 194618 78281 54883 78291 54892 134201 54905 
10 : 152640 122305 194634 194626 122299 152650 152644 122315 122312 247078 
10 : 55334 194705 184475 119978 55349 55333 55329 184496 119996 119977 
10 : 194769 23550 35947 194771 23555 35951 217019 23538 23563 35958 
10 : 194777 194783 146832 14766 220736 146835 14771 146846 14779 14757 
10 : 194804 181125 35345 194803 181134 35358 253145 35341 181133 35357 
10 : 194877 103478 194878 23664 103482 216353 23667 103484 23653 23669 
10 : 195257 61852 180625 110018 61856 180630 110025 61846 61841 110012 
10 : 87030 133001 85354 195354 87028 85345 87033 85348 133008 85361 
10 : 195505 195500 121894 195503 208536 121913 239580 121896 208529 121902 
10 : 186100 195668 195674 195660 186112 186114 186103 256145 209085 209094 
10 : 195710 171588 170834 195718 171589 170835 199839 170831 171598 170844 
10 : 195939 195937 122603 176583 252817 122616 176598 122612 176594 122596 
10 : 99758 135230 180297 195990 99751 99756 99760 135228 135233 180300 
10 : 196018 196021 20389 44802 264252 20402 44816 20404 44820 20374 
10 : 196151 166555 196149 196152 166564 212592 233001 166558 166573 212599 
10 : 175414 196247 196243 196248 175423 175419 175424 212014 240091 212016 
10 : 172947 33852 38836 77101 33849 38834 77098 33837 33841 38828 
10 : 96345 196320 196322 196321 96351 96355 96352 225067 225063 225329 
10 : 58917 181833 196557 196560 58914 58926 58932 181844 181853 256229 
10 : 196568 196567 187548 196574 236331 187553 238453 187552 236336 187563 
10 : 196650 21182 105644 196647 21197 105659 257058 21175 21195 105655 
10 : 10684 187349 128159 119748 10682 10679 10678 128155 119745 119737 
10 : 20989 196722 196728 196721 20994 21002 20993 228760 228591 228600 
10 : 196786 45030 196788 116425 45037 233911 116437 45044 45024 116444 
10 : 2363 122354 196818 135494 2357 2366 2360 122359 122346 135500 
10 : 196871 120467 173847 196872 120479 173860 258831 120463 120481 173862 
10 : 197048 197032 13232 197035 209229 13254 225339 13238 209218 13242 
10 : 152264 120440 109727 197064 120434 109723 152284 109717 120454 109741 
10 : 48261 197205 197196 144570 48269 48265 48254 224917 144584 144573 
10 : 45006 197261 197257 158947 45011 45007 45000 198133 158953 158948 
10 : 197277 197276 86065 197279 253541 86080 256955 86078 253543 86084 
10 : 44331 197424 103355 138840 44337 44315 44321 103363 138845 103344 
10 : 197502 197510 121058 197507 208137 121063 208136 121073 257371 121070 
10 : 197524 161419 197523 120606 161424 210417 120613 161421 120598 120610 
10 : 197545 193598 197540 132820 193613 256316 132836 193609 132818 132833 
10 : 191069 154777 87108 197597 154776 87107 191081 87105 154782 87116 
10 : 197754 197757 169119 197761 229173 169124 229177 169126 245841 169131 
10 : 197945 2222 54902 108448 2232 54908 108461 2203 2206 54889 
10 : 198001 161676 162410 198005 161684 162415 246041 161669 161687 162421 
10 : 146224 198076 198079 97377 146238 146240 97367 263305 97391 97395 
10 : 197872 164385 139619 198173 164384 139618 197885 139614 164403 139636 
10 : 198242 128366 139620 198241 128379 139630 226930 128359 128369 139625 
10 : 198495 6857 198500 63690 6864 256654 63702 6870 6846 63704 
10 : 198551 175056 198552 116539 175069 262999 116552 175072 116534 116555 
10 : 198570 198571 54782 164991 239056 54792 165001 54793 165002 54779 
10 : 198713 155882 198714 198712 155892 260618 223199 155893 155885 223201 
10 : 198882 198875 133227 77215 206285 133237 77226 133228 77216 77207 
10 : 198884 198890 48020 4150 204789 48021 4151 48027 4156 4138 
10 : 198953 198956 198957 198955 234746 234747 234745 249814 248907 248908 
10 : 179797 198967 198971 43650 179804 179815 43647 248445 43659 43670 
10 : 199138 78959 199141 105310 78973 260363 105325 78976 78952 105330 
10 : 179437 199240 59102 199243 179441 59100 179445 59106 223131 59109 
10 : 95300 199390 199384 73033 95308 95302 73025 211315 73045 73037 
10 : 199481 199477 183372 199483 252265 183388 258064 183384 252267 183393 
10 : 199546 199556 199551 89616 216721 216713 89621 244231 89634 89626 
10 : 199555 90898 199553 124061 90908 249026 124071 90904 90890 124068 
10 : 130678 199575 199567 199570 130691 130684 130685 238669 245309 238665 
10 : 67049 49156 199776 162683 49146 67052 67045 49160 49152 162690 
10 : 85036 111419 62138 199774 85031 62129 85037 62133 111420 62139 
10 : 199798 185034 93938 103602 185047 93950 103622 93936 103599 93926 
10 : 199860 123855 199861 58569 123861 235280 58576 123863 58558 58578 
10 : 199945 199937 199943 199946 228967 254606 261267 228964 228969 254607 
10 : 84108 38279 200014 200019 38271 84110 84117 38282 38294 228775 
10 : 122829 113637 93171 172133 113628 93162 122824 93159 113634 93168 
10 : 200259 200261 200267 200262 236548 236553 236549 243371 243366 244221 
10 : 200324 164411 200329 140764 164424 258948 140779 164433 140760 140786 
10 : 94830 200336 200338 89618 94834 94839 89602 222889 89622 89630 
10 : 141585 105776 92782 69554 105767 92776 69545 92770 69541 69540 
10 : 85419 200400 171920 73441 85428 85415 73429 171927 73455 73437 
10 : 200465 154594 200459 200462 154614 252214 263838 154606 154612 252210 
10 : 45445 13359 200579 167162 13344 45450 45443 13363 13352 167165 
10 : 169201 152474 200620 172680 152468 169205 169199 152481 152469 172684 
10 : 200694 200686 200689 200692 208186 231569 235508 208181 208183 231563 
10 : 200710 200709 192104 200706 263925 192120 259110 192118 259107 192116 
10 : 40628 200920 150896 200922 40630 40623 40631 150898 204158 150900 
10 : 50725 108994 200940 200934 50720 50736 50729 109008 108999 242360 
10 : 200944 53892 199578 200953 53893 199580 204833 53891 53902 199589 
10 : 50983 93663 138178 72790 50977 50979 50972 93659 72779 72785 
10 : 201089 195969 201086 182812 195984 253997 182835 195980 182811 182829 
10 : 201094 201095 201093 201090 256608 253404 202253 253409 202258 202251 
10 : 156555 201148 94831 201149 156558 94823 156562 94837 249029 94841 
10 : 127972 201157 76760 190874 127978 76750 127971 76772 190889 76759 
10 : 201231 201239 41278 37129 236973 41281 37132 41286 37139 37104 
10 : 174733 201254 12693 25211 174741 12689 25206 12700 25221 12678 
10 : 201324 169104 201318 201317 169114 226722 225677 169106 169105 225660 
10 : 2518 6565 201326 201332 2502 2519 2529 6566 6573 202829 
10 : 201477 177936 1698 201478 177940 1702 226889 1693 177943 1703 
10 : 201573 201578 201576 201577 251619 251616 251618 259821 264414 259820 
10 : 201652 147210 201654 57056 147219 261000 57066 147220 57050 57072 
10 : 201717 169840 201715 28169 169850 264800 28187 169849 28165 28184 
10 : 201887 201886 201880 201876 265191 255277 235327 255276 235326 235320 
10 : 201942 201944 201943 182034 222101 222098 182037 244986 182052 182044 
10 : 201945 181553 197862 192970 181563 197870 192983 181551 181549 192968 
10 : 201962 3251 178372 192289 3253 178375 192293 3248 3249 178370 
10 : 10534 196450 202017 184647 10533 10535 10532 196452 184646 184649 
10 : 45131 72398 202032 16748 45124 45141 16728 72409 16731 16763 
10 : 202175 152266 165179 175242 152270 165186 175244 152260 152261 165174 
10 : 202203 128690 170436 129461 128696 170447 129469 128684 128679 129455 
10 : 186971 202242 199898 202246 186979 186969 186985 199905 248353 199910 
10 : 106730 202319 18731 202316 106736 18724 106731 18742 213728 18734 
10 : 202323 152152 202330 129709 152155 223965 129714 152162 129706 129725 
10 : 202325 202327 26848 202334 240948 26853 240958 26854 242351 26865 
10 : 202388 202392 202386 202391 235167 208982 235164 208995 258447 208991 
10 : 202393 133951 202389 70558 133960 249341 70575 133953 70547 70565 
10 : 202469 89582 176950 170634 89595 176964 170649 89579 89577 170631 
10 : 202628 202615 65111 202617 227852 65130 251588 65115 227845 65121 
10 : 202705 202706 6507 202708 231085 6509 231090 6510 233327 6518 
10 : 202743 202755 202749 202751 207033 207026 207028 238706 242063 238701 
10 : 185483 1451 202871 202873 1449 185491 185494 1466 1468 261852 
10 : 135650 202876 202879 108019 135653 135658 108010 226968 108020 108024 
10 : 202953 150445 154595 202949 150467 154615 259674 150441 150458 154609 
10 : 203025 43717 144000 203031 43721 144005 244631 43711 43728 144016 
10 : 170345 203106 203101 203105 170355 170347 170354 216520 246572 216519 
10 : 17136 203131 203128 203132 17143 17139 17144 216094 244423 216095 
10 : 203140 203135 203139 203141 249509 259826 265513 249506 249510 259827 
10 : 141130 169670 131591 203171 141125 131580 141137 131583 169678 131600 
10 : 203193 203194 72635 203192 265348 72654 263391 72655 263392 72652 
10 : 203249 203247 201161 195877 231384 201173 195885 201169 195882 195875 
10 : 203273 82259 203266 104250 82271 219962 104266 82260 82249 104253 
10 : 203361 203364 42469 203365 239935 42477 239936 42479 249424 42480 
10 : 141681 203398 203399 145284 141682 141684 141676 205667 145285 145289 
10 : 203488 87699 69920 75614 87704 69926 75621 69911 75600 69910 
10 : 203540 128691 203534 117607 128703 216737 117623 128694 117598 117609 
10 : 203544 203550 203542 22175 236055 232508 22186 232518 22198 22183 
10 : 109475 203556 203551 24732 109486 109478 24721 235668 24753 24739 
10 : 104341 185425 54246 64735 104337 54234 64723 54241 64728 54232 
10 : 43566 203633 203637 203640 43567 43572 43574 208437 208443 241488 
10 : 203765 76441 158042 203763 76450 158052 251146 76433 76447 158050 
10 : 141248 203837 49912 91829 141257 49903 91815 49918 91836 49900 
10 : 203841 203848 203846 98531 212777 212775 98532 245603 98546 98542 
10 : 203946 203939 203940 203950 215044 220110 261193 215032 215048 220114 
10 : 202896 197291 203996 203997 197290 202900 202901 197298 197299 232506 
10 : 109237 202064 59408 68084 109236 59397 68067 59407 68083 59393 
10 : 204208 204213 195730 204218 213710 195733 213717 195736 221778 195745 
10 : 204215 180942 197965 204207 180951 197973 209457 180941 180943 197966 
10 : 204263 204255 120777 118892 212439 120794 118907 120779 118894 118883 
10 : 204272 204270 204273 79751 248561 255832 79762 248564 79758 79768 
10 : 204347 112409 168636 204349 112410 168638 210492 112398 112415 168641 
10 : 204486 204488 177235 204485 261132 177248 242691 177255 242695 177242 
10 : 204570 82600 204571 204564 82611 248863 207638 82613 82601 207641 
10 : 116398 204635 141089 204638 116405 116391 116412 141098 249828 141103 
10 : 2312 204724 164310 172511 2325 2306 2307 164325 172529 164307 
10 : 197221 204781 109966 204785 197229 109963 197232 109976 259297 109980 
10 : 204800 204792 112973 204796 253835 112991 263589 112983 253829 112989 
10 : 103657 204877 131907 204873 103666 103649 103661 131922 247470 131915 
10 : 26159 204943 204936 204937 26171 26161 26162 210957 212238 210941 
10 : 205096 205100 137041 193307 242481 137046 193313 137052 193319 137040 
10 : 185727 181694 181652 205115 181690 181648 185734 181647 181699 181657 
10 : 52677 24862 108151 86995 24842 52670 52665 24848 24845 86985 
10 : 185441 40912 205142 205138 40906 185449 185446 40919 40915 233791 
10 : 205312 4801 83554 190460 4810 83563 190468 4784 4797 83549 
10 : 134381 124062 89190 205323 124054 89182 134386 89180 124067 89196 
10 : 205394 205395 205396 151865 255854 255855 151876 257250 151877 151878 
10 : 205399 69827 205392 205388 69840 243238 206688 69833 69828 206678 
10 : 205477 205473 58702 205476 220209 58716 253555 58704 220207 58713 
10 : 68163 97878 127919 66982 68150 68154 66959 97865 66964 66970 
10 : 200514 205551 205549 186900 200522 200521 186898 248791 186912 186909 
10 : 205561 205567 203381 205564 242682 203389 242678 203397 258374 203394 
10 : 205638 80376 1866 205635 80393 1880 238189 1853 80386 1873 
10 : 116120 205648 205651 94469 116129 116131 94460 253950 94481 94485 
10 : 167688 140727 205662 92440 140724 167693 92437 140733 92434 92451 
10 : 46173 205670 128892 194954 46179 46163 46171 128895 194959 128891 
10 : 205774 205770 205767 205776 230655 220570 247064 220565 230663 220575 
10 : 205779 149705 166204 202907 149707 166206 202910 149699 149704 166202 
10 : 175340 205874 205871 112175 175353 175346 112173 247279 112191 112188 
10 : 205916 83354 205915 194955 83363 225430 194961 83357 83351 194957 
10 : 159951 161143 205930 196050 159942 159961 159950 161159 161141 196071 
10 : 58133 173437 45397 206073 58128 45384 58142 45391 173447 45409 
10 : 206127 154013 206125 206129 154020 238711 239347 154018 154024 238715 
10 : 206132 206134 175880 114455 263157 175890 114470 175891 114472 114450 
10 : 206138 206142 206146 106332 239506 239510 106336 258987 106344 106348 
10 : 206204 180244 206211 206209 180249 240320 240318 180262 180259 264678 
10 : 206272 206269 54850 204730 239036 54856 204739 54854 204737 54849 
10 : 206276 206268 206267 184476 238615 232101 184498 232088 184484 184481 
10 : 206350 206358 148731 206352 224319 148732 224313 148748 254646 148738 
10 : 201838 112152 50051 74316 112151 50050 74315 50040 74302 50034 
10 : 36002 30890 206555 80403 30881 36012 35996 30904 30882 80423 
10 : 175806 195617 206565 122163 175802 175818 122154 195629 122159 122173 
10 : 19426 190088 206631 206628 19423 19433 19429 190094 190092 228752 
10 : 179135 206638 206635 206636 179141 179136 179140 229021 246740 229020 
10 : 206699 206706 630 206697 245204 639 241256 648 241264 637 
10 : 11755 186711 58002 182932 11751 11734 11750 57997 182928 57996 
10 : 200775 206720 206732 206726 200777 200791 200785 218898 218893 256535 
10 : 206841 130378 206842 206839 130393 264006 255330 130396 130392 255332 
10 : 203643 206927 206926 206928 203648 203646 203649 241074 243232 241075 
10 : 43176 54784 206930 8467 43165 43178 8447 54789 8450 8473 
10 : 206999 206994 62934 206993 238013 62947 228087 62942 228081 62938 
10 : 207097 207090 207099 112807 215817 264437 112820 215822 112808 112823 
10 : 191670 141794 93041 207142 141790 93037 191677 93028 141801 93054 
10 : 68115 207150 207155 207154 68123 68130 68127 240742 240741 254177 
10 : 96667 207146 207149 207157 96672 96677 96682 214881 214887 231922 
10 : 99487 205643 91682 48712 99486 91668 48696 91681 48711 48695 
10 : 61250 84090 207233 207230 61238 61256 61251 84096 84091 225019 
10 : 27081 95788 171856 207241 27068 27072 27085 95784 95793 171862 
10 : 207312 207310 123511 185766 248219 123523 185774 123520 185773 123507 
10 : 18354 124530 122627 207456 18353 18352 18361 122619 124542 122642 
10 : 14860 149188 207466 63610 14857 14863 14847 149191 63604 63614 
10 : 2159 174511 207529 207526 2157 2169 2165 174518 174513 239002 
10 : 31545 207575 53423 207577 31554 31532 31557 53433 256807 53435 
10 : 102053 7203 127123 200977 7183 102042 102051 7186 7201 127121 
10 : 207658 134078 184477 207670 134080 184479 211320 134077 134094 184495 
10 : 77599 207738 207735 207743 77603 77600 77606 210140 242147 210147 
10 : 33648 151722 207887 207882 33645 33657 33649 151733 151724 214213 
10 : 82007 137267 37840 207888 82005 37831 82015 37836 137276 37853 
10 : 147753 174482 99023 207898 147752 99015 147764 99017 174490 99038 
10 : 123451 95709 208040 6411 95705 123459 6401 95718 6400 6429 
10 : 208039 208035 208034 90491 221495 215207 90506 215197 90494 90493 
10 : 208045 104343 89676 98414 104347 89680 98418 89667 98400 89666 
10 : 208121 5802 159259 174160 5805 159267 174166 5791 5794 159255 
10 : 208138 208130 172896 208139 212376 172914 265461 172897 212377 172916 
10 : 208300 206749 179463 63105 206753 179466 63109 179461 63104 63099 
10 : 208345 208346 163340 208344 256277 163349 246323 163350 246324 163343 
10 : 208361 166557 208366 208358 166566 240587 223336 166576 166561 223345 
10 : 196097 208424 208421 208426 196110 196107 196112 254866 265141 254869 
10 : 58477 109758 191467 75890 58469 58475 58467 109753 75879 75886 
10 : 74988 207916 97982 208521 74987 74973 74994 97980 207926 97990 
10 : 202419 208715 51861 208720 202420 51860 202432 51863 210046 51874 
10 : 94578 208730 10723 208725 94589 10707 94582 10739 244644 10731 
10 : 208807 55421 77771 208811 55430 77779 244979 55409 55433 77784 
10 : 123300 208859 208855 208861 123311 123301 123312 210164 262178 210165 
10 : 125737 208956 208958 208944 125747 125751 125738 262538 214013 214017 
10 : 112380 88133 125444 31432 88122 112369 31416 88123 31413 31419 
10 : 209106 209113 209100 209102 245851 210577 224364 210583 224374 210570 
10 : 48424 188944 209127 209137 48421 48427 48432 188947 188955 217212 
10 : 68552 209173 106212 24733 68555 68545 24716 106219 24742 24719 
10 : 143193 122571 108283 67810 122565 108275 67801 108273 67798 67796 
10 : 58110 209181 207675 209178 58117 58109 58113 207688 225303 207681 
10 : 209254 39105 209248 112729 39118 226372 112745 39108 39097 112733 
10 : 209281 209280 209272 209270 257839 240099 224192 240097 224187 224180 
10 : 156066 197797 209330 209327 156063 156075 156072 197807 197805 251583 
10 : 209343 209344 161763 154971 212831 161765 154975 161768 154977 154966 
10 : 76097 209396 209397 30668 76105 76106 30655 246533 30677 30680 
10 : 209418 209417 199595 177486 224077 199602 177493 199599 177488 177484 
10 : 209612 165402 209615 209613 165412 264522 264521 165416 165415 265323 
10 : 209622 68593 209621 209619 68605 257654 245670 68604 68599 245666 
10 : 148403 209709 209710 69856 148410 148413 69849 235198 69862 69864 
10 : 83523 53283 107013 83403 53274 83517 83389 53277 53273 83392 
10 : 199302 209774 209777 209779 199305 199307 199308 241017 241018 244082 
10 : 209930 11031 155163 178605 11043 155179 178619 11026 11028 155159 
10 : 77743 209942 209943 146449 77758 77759 77738 264556 146467 146468 
10 : 192517 90673 210012 163652 90670 192527 163650 90681 90668 163666 
10 : 210133 210123 210122 210126 230419 224189 233102 224175 230411 224177 
10 : 210134 210132 153729 119386 253261 153743 119409 153737 119403 119379 
10 : 63196 64436 210180 210174 63189 63204 63198 64445 64438 217281 
10 : 210258 210257 116836 58394 260570 116853 58408 116851 58407 58383 
10 : 210399 51311 207612 194969 51319 207621 194980 51310 51306 194968 
10 : 66916 84700 195556 210481 66898 66914 66921 84698 84704 195562 
10 : 139221 162303 171177 40302 139215 139216 40286 162301 40294 40295 
10 : 156279 158309 148775 42471 156274 148769 42464 148770 42465 42461 
10 : 104422 35747 174655 210602 35738 104417 104436 35743 35756 174665 
10 : 210603 29052 16402 101283 29061 16414 101296 16387 29042 16394 
10 : 128135 210667 210661 210665 128143 128137 128141 225092 249783 225088 
10 : 180852 537 164898 210660 534 164892 180854 531 540 164902 
10 : 210719 178411 210715 210727 178419 224765 255671 178413 178427 224772 
10 : 210749 190283 44804 159363 190285 44806 159364 44801 159359 44795 
10 : 61147 210775 210770 102329 61160 61152 61144 231746 102343 102334 
10 : 186431 210801 146968 195391 186439 146963 186427 146986 195407 146964 
10 : 47564 179620 67074 183013 47559 47549 47560 67068 179617 67069 
10 : 103533 210804 210805 210807 103536 103537 103541 233369 233374 234127 
10 : 210855 201162 210854 210850 201170 229949 213929 201168 201164 213928 
10 : 210856 202835 210849 192021 202842 212593 192025 202836 192020 192022 
10 : 210919 203342 126229 174674 203353 126241 174691 126227 174672 126221 
10 : 210932 210931 170864 16106 219366 170866 16110 170865 16109 16097 
10 : 211001 211004 211005 170703 237525 237527 170708 252956 170710 170712 
10 : 211002 190268 50488 211006 190273 50494 246006 50486 190275 50498 
10 : 211023 211024 192108 210821 243438 192112 210827 192113 210829 192107 
10 : 211030 108372 211041 211028 108377 231352 214838 108385 108375 214848 
10 : 211074 211075 211072 211076 261679 224821 261680 224822 263729 224824 
10 : 211104 195184 147854 97354 195186 147858 97357 147853 97353 97342 
10 : 211160 148796 150235 19459 148805 150242 19467 148791 19448 19450 
10 : 123437 41060 160859 211218 41046 123435 123441 41053 41064 160866 
10 : 211304 202722 156793 211309 202731 156804 251506 156792 202741 156811 
10 : 71723 85582 211362 211367 71714 71725 71733 85584 85592 221748 
10 : 102523 211373 200468 211378 102524 102521 102530 200470 216972 200477 
10 : 211380 124941 211382 211375 124954 256927 223783 124958 124944 223789 
10 : 178230 112068 211388 211391 112064 178237 178240 112078 112079 257196 
10 : 44426 211402 211404 211399 44432 44435 44430 258143 249711 249713 
10 : 211451 11920 211452 19067 11930 265586 19086 11931 11907 19087 
10 : 211461 211464 211465 22914 258650 258651 22922 264997 22928 22930 
10 : 84800 211528 211531 211530 84815 84820 84817 262142 262140 263867 
10 : 127849 194595 63691 26112 127847 63681 26102 63689 26108 26094 
10 : 211658 211664 192270 211660 212658 192271 212648 192283 215976 192273 
10 : 211662 147562 199677 159749 147571 199685 159763 147559 147555 159748 
10 : 211679 12495 211672 211683 12504 222854 241986 12497 12507 222860 
10 : 20263 22229 211757 211753 20251 20275 20272 22243 22240 259116 
10 : 211830 100505 178038 101740 100512 178049 101747 100499 100494 101732 
10 : 205875 211899 211894 199023 205884 205876 199022 227919 199044 199026 
10 : 15595 211966 203384 140214 15597 15593 15588 203385 140215 140212 
10 : 59207 211981 211984 211988 59209 59210 59212 224160 224163 227459 
10 : 145068 135287 211998 84315 135274 145076 84303 135292 84300 84323 
10 : 212055 168724 212054 212049 168739 265142 234453 168738 168727 234452 
10 : 149725 212116 212121 19361 149729 149735 19355 231566 19366 19373 
10 : 212138 212139 212145 212143 225512 225518 225515 228581 228579 246778 
10 : 212199 87360 176769 212204 87363 176772 223313 87357 87379 176791 
10 : 118993 212264 212271 159122 118996 119000 118984 225946 159123 159134 
10 : 212345 34593 76848 212343 34598 76855 229782 34579 34595 76851 
10 : 194786 163958 212483 212481 163952 194791 194790 163964 163963 252202 
10 : 48263 212539 51229 212540 48271 48249 48272 51242 262568 51243 
10 : 166017 212604 164311 153649 166027 164306 153644 164321 153660 153642 
10 : 196829 200737 44362 212634 196827 44358 196839 44360 200752 44379 
10 : 201829 141148 170930 80666 141144 170926 80661 141142 80654 80658 
10 : 128092 67128 193619 62825 67117 128090 62812 67124 62805 62823 
10 : 42979 194648 183061 164528 42975 42973 42971 183059 164523 164520 
10 : 212799 212805 201209 212803 236396 201215 236393 201227 261260 201223 
10 : 212890 129184 212885 212891 129195 233892 265071 129187 129196 233893 
10 : 151498 167287 59105 5304 151493 59094 5289 59096 5291 5280 
10 : 203035 213043 194119 9091 203043 194117 9088 194127 9107 9086 
10 : 199561 213117 213121 213118 199564 199568 199565 222039 222036 222191 
10 : 106933 213134 213133 131613 106944 106941 106929 261828 131631 131629 
10 : 213179 117645 189194 213177 117654 189214 262949 117644 117653 189212 
10 : 213184 210191 2255 186046 210200 2264 186058 2254 186045 2248 
10 : 76928 118053 213236 213243 76919 76931 76940 118056 118065 219394 
10 : 118417 172789 51864 464 118413 51847 446 51857 455 441 
10 : 213455 81764 129000 205057 81770 129007 205067 81752 81761 128998 
10 : 114263 136153 175728 188607 114254 114259 114260 136149 136151 175722 
10 : 123054 169225 12597 213605 123049 12584 123063 12593 169235 12604 
10 : 196185 213607 79993 186992 196191 79991 186989 80000 187008 79989 
10 : 79697 213611 101284 207334 79702 79684 79694 101287 207340 101282 
10 : 213694 213701 213691 205287 249395 225794 205294 225803 205305 205291 
10 : 79437 206381 213809 213808 79436 79441 79440 206385 206384 240557 
10 : 134866 213834 213836 74900 134868 134873 74889 224681 74903 74908 
10 : 53051 69260 9822 213898 53042 9809 53052 9810 69261 9823 
10 : 18977 172020 195147 213922 18971 18973 18986 172016 172029 195155 
10 : 213968 120126 213971 213977 120128 229242 229250 120131 120145 238032 
10 : 81452 30872 198412 214023 30862 81451 81453 30870 30873 198413 
10 : 214034 73073 38253 93326 73086 38266 93338 38234 73062 38238 
10 : 22731 87969 214180 214179 22719 22740 22738 87976 87975 247960 
10 : 209400 214191 200424 214201 209404 200423 209412 200434 244632 200447 
10 : 214192 214186 214189 214196 221393 242763 248139 221391 221396 242766 
10 : 214347 190939 61604 184014 190951 61616 184033 61601 184009 61600 
10 : 214385 156444 210032 214383 156453 210045 218832 156441 156446 210033 
10 : 13757 214389 41424 143246 13761 13749 13753 41430 143252 41418 
10 : 43008 59879 28575 120493 42992 28558 42996 28562 59872 28568 
10 : 103177 166690 214403 121928 103173 103190 103169 166703 121922 121945 
10 : 190073 214460 214458 214462 190081 190079 190087 251666 260203 251673 
10 : 214457 214455 131472 214461 220766 131476 232082 131474 220773 131482 
10 : 174642 214464 214471 194430 174643 174649 174640 217240 194432 194444 
10 : 214540 214538 60757 214545 223231 60759 237040 60758 223237 60766 
10 : 45973 174657 214573 147255 45965 45985 45962 174668 147249 147273 
10 : 214595 201758 3657 108284 201766 3665 108292 3654 108281 3643 
10 : 180430 214599 116658 28929 180433 116652 28924 116662 28933 28915 
10 : 214744 214741 214745 214742 231106 246094 231299 231107 231101 231301 
10 : 27270 214755 85477 188099 27283 27260 27267 85491 188115 85469 
10 : 214806 120852 5462 214811 120855 5467 238705 5448 120861 5473 
10 : 214820 139443 214817 130042 139452 237028 130050 139448 130030 130046 
10 : 214824 114229 214828 138055 114230 217967 138057 114236 114223 138059 
10 : 214957 198375 171179 214952 198383 171187 249429 171175 198380 171183 
10 : 47848 199981 111676 120013 47846 47838 47839 111673 120010 111657 
10 : 215100 215098 215101 215099 225832 234274 232673 225834 225831 232675 
10 : 215105 174387 178681 135721 174396 178693 135733 174381 135715 135717 
10 : 187052 200561 215169 215160 187048 187061 187055 200576 200563 227530 
10 : 215226 208051 90874 92205 208063 90886 92220 90871 92202 90855 
10 : 215308 215305 200530 106213 229259 200537 106222 200534 106217 106210 
10 : 58231 215352 215348 79901 58236 58232 58222 231500 79913 79907 
10 : 50434 97839 215421 215423 50424 50441 50445 97846 97848 232826 
10 : 156661 215428 14117 215420 156676 14106 156667 14128 232208 14122 
10 : 210779 215492 160387 215496 210783 160386 210787 160394 251169 160398 
10 : 215542 136892 191586 35810 136894 191587 35811 136890 35800 35808 
10 : 215568 186901 215565 215563 186913 253990 245487 186911 186908 245484 
10 : 215651 134524 215644 215647 134539 252370 258053 134533 134535 252365 
10 : 204355 61574 215717 190366 61572 204358 190364 61576 61570 190370 
10 : 67129 165422 122983 215794 67121 67116 67146 122976 165441 123002 
10 : 129420 215793 215786 215789 129431 129422 129424 223919 235035 223911 
10 : 215863 133437 180165 215864 133444 180175 257001 133432 133447 180179 
10 : 215913 215902 212865 122039 240006 212883 122060 212871 122044 122038 
10 : 215945 102598 215954 150773 102601 220595 150774 102612 102594 150790 
10 : 215957 13239 215953 215949 13257 256750 238562 13252 13246 238554 
10 : 74256 216006 148164 216005 74262 74250 74257 148171 222584 148165 
10 : 179651 216013 27445 165083 179656 27442 165076 27455 165091 27440 
10 : 78411 130477 216034 49080 78401 78419 49063 130484 49068 49085 
10 : 216036 215247 216037 189121 215257 261620 189132 215258 189120 189134 
10 : 216142 29473 29409 216140 29477 29413 238756 29388 29476 29412 
10 : 216149 54452 184824 216152 54455 184828 236025 54447 54458 184832 
10 : 216288 80080 136287 4522 80085 136295 4529 80072 4506 4514 
10 : 205407 202485 216308 216310 202483 205414 205416 202488 202490 254343 
10 : 216347 134423 155884 82462 134430 155894 82470 134416 82447 82451 
10 : 216483 152897 146559 216481 152913 146571 261804 146549 152908 146568 
10 : 216538 216543 216541 176771 257845 257842 176783 260421 176792 176787 
10 : 113977 74019 2551 216635 74012 2542 113980 2540 74020 2552 
10 : 37594 216685 216681 216689 37599 37596 37604 228154 249541 228158 
10 : 160015 108179 119880 216747 108172 119871 160024 108169 108188 119887 
10 : 216758 216757 17653 210531 263608 17668 210549 17665 210544 17651 
10 : 216955 216953 216947 210429 258920 241266 210448 241261 210441 210434 
10 : 217000 217002 80493 43359 249376 80499 43368 80502 43373 43346 
10 : 217006 217011 186128 199915 227422 186131 199918 186142 199933 186127 
10 : 217008 203142 114978 84950 203151 114989 84961 114976 84949 84941 
10 : 217095 217094 217092 214285 232823 226562 214290 226561 214289 214288 
10 : 4803 203953 111526 217229 4800 4788 4809 111525 203960 111530 
10 : 217238 123391 217235 182305 123396 239657 182313 123392 123383 182310 
10 : 174120 217252 79455 203656 174127 79451 174119 79464 203661 79454 
10 : 112891 217361 167141 217362 112892 112888 112893 167142 233828 167143 
10 : 152498 106777 217405 143480 106769 152512 143470 106788 106767 143498 
10 : 217400 71230 217403 217392 71236 248358 223605 71238 71231 223608 
10 : 42751 217479 118556 217474 42760 42742 42755 118564 236407 118560 
10 : 216824 206568 113552 48625 206567 113551 48624 113550 48622 48608 
10 : 5634 217587 45839 169711 5644 5614 5626 45850 169718 45827 
10 : 217614 143138 128491 217621 143146 128501 256811 128480 143154 128509 
10 : 217667 111398 163229 217662 111405 163238 230086 111395 111401 163232 
10 : 210505 217762 213012 217767 210506 210504 210514 213015 222727 213022 
10 : 31835 183099 135172 217819 31830 31822 31845 135168 183117 135188 
10 : 142774 102177 109048 217812 102167 109039 142777 102164 102182 109052 
10 : 217844 211167 217832 217831 211182 246148 238944 211174 211172 238935 
10 : 217934 217939 217936 217933 220044 220043 219696 258902 219712 219709 
10 : 204019 217944 217942 111797 204021 204020 111792 226751 111800 111798 
10 : 40606 157310 2869 45537 40597 2849 40589 2863 45529 2851 
10 : 15937 218092 89479 218096 15940 15925 15943 89490 246976 89496 
10 : 161638 3689 165297 39887 3678 161632 39875 3680 3671 39877 
10 : 209793 17479 42295 185700 17476 42292 185699 17462 17474 42288 
10 : 35292 206361 130729 218449 35288 35282 35298 130727 206368 130738 
10 : 175786 183897 218442 218450 175783 175789 175796 183899 183909 223395 
10 : 218488 54499 218489 218487 54505 260473 251009 54508 54502 251010 
10 : 213744 173824 128269 16108 173823 128268 16107 128258 16099 16093 
10 : 171153 181535 63360 195954 171147 63351 171149 63353 181533 63358 
10 : 218595 218598 201769 88813 261770 201782 88829 201789 88832 88810 
10 : 218606 218600 163655 218601 230960 163668 233436 163658 230951 163659 
10 : 70395 202336 218649 156731 70394 70399 70389 202341 156728 156737 
10 : 92122 218707 218712 218710 92125 92128 92126 250839 250835 259984 
10 : 205920 110468 182204 94727 110463 182201 94724 110458 94710 94719 
10 : 184094 124409 20927 218779 124404 20923 184103 20911 124416 20936 
10 : 218794 218792 133898 3021 238674 133915 3035 133907 3029 3010 
10 : 191291 77242 218846 218850 77239 191294 191299 77245 77250 235446 
10 : 97295 154163 12562 218879 97289 12549 97302 12556 154168 12567 
10 : 110324 205730 176085 218956 110321 110319 110337 176081 205736 176095 
10 : 168365 176538 219016 219020 168358 168372 168373 176543 176546 243795 
10 : 146511 219045 56455 140553 146513 56447 140545 56458 140557 56445 
10 : 122574 219052 216055 55166 122579 122573 55152 216059 55169 55165 
10 : 219228 219230 219235 219229 239491 239495 239490 240356 239954 239961 
10 : 219338 219341 219339 43776 228322 228319 43781 229598 43787 43782 
10 : 219356 58703 219353 46383 58718 260617 46399 58717 46368 46395 
10 : 47946 200895 5635 219465 47944 5615 47947 5631 200897 5636 
10 : 39645 5464 183710 200296 5443 39640 39641 5453 5456 183706 
10 : 219588 180694 172326 219587 180704 172336 257447 172321 180703 172335 
10 : 102814 219730 20886 219732 102823 20877 102826 20896 259795 20899 
10 : 23964 159905 122575 119850 23958 23955 23954 122566 119841 119838 
10 : 98932 45799 108787 93327 45788 98918 93307 45789 45787 93309 
10 : 219796 119017 201338 202688 119033 201357 202703 119013 119014 201337 
10 : 219801 219809 176005 219804 239301 176013 239295 176020 246371 176018 
10 : 81138 130921 219859 219855 81133 81146 81142 130928 130924 243637 
10 : 116236 219867 219866 155167 116242 116240 116228 250613 155176 155174 
10 : 190400 142050 195693 198310 142045 190396 190397 142047 142048 195689 
10 : 220128 220124 62370 14005 235240 62372 14012 62371 14006 13985 
10 : 142688 191852 158738 220191 142685 142684 142696 158730 191859 158749 
10 : 40977 217544 220267 145044 40976 40987 40972 217557 145042 145055 
10 : 220288 220289 147391 160955 263130 147401 160969 147402 160970 147384 
10 : 39776 204764 50373 109661 39774 39763 39769 50371 109658 50358 
10 : 220321 91140 220320 163824 91162 263258 163842 91156 91134 163839 
10 : 220384 73841 220388 220383 73845 227168 225661 73849 73844 225666 
10 : 220400 120322 25364 220404 120325 25370 250683 25346 120332 25377 
10 : 184427 103453 58396 220418 103448 58390 184434 58380 103461 58403 
10 : 204753 199303 162630 220417 199301 162628 204759 162625 199309 162638 
10 : 220480 99146 220483 40363 99148 234862 40368 99150 40354 40370 
10 : 120416 220584 220581 119255 120422 120421 119242 247168 119262 119261 
10 : 163705 56456 131057 220591 56449 131051 163710 56444 56461 131064 
10 : 212409 220592 108180 209217 212415 108177 209215 108187 209222 108175 
10 : 102525 220604 32466 32055 102534 32457 32042 32480 32067 32032 
10 : 220600 211374 175131 220598 211377 175135 232447 175129 211376 175133 
10 : 220612 169029 15471 90331 169035 15478 90340 15467 90326 15458 
10 : 138900 220667 168233 220670 138902 138895 138904 168234 231978 168238 
10 : 209437 101742 203386 189277 101738 203382 189272 101737 101733 189270 
10 : 75301 220675 169030 201135 75303 75295 75299 169034 201138 169027 
10 : 220734 220729 91246 196133 229979 91253 196141 91248 196136 91243 
10 : 129668 215291 197615 220781 129667 129664 129674 197613 215299 197623 
10 : 220792 220791 47909 50656 264969 47923 50671 47921 50670 47892 
10 : 95592 220825 200428 220827 95603 95590 95604 200443 263657 200446 
10 : 218657 178876 134554 174404 178875 134553 174403 134546 174399 134545 
10 : 220902 220904 165494 220903 232534 165495 232529 165511 252129 165503 
10 : 220795 221030 169989 221029 220798 169988 220797 169995 237742 169993 
10 : 221150 189162 221154 107648 189165 246732 107653 189168 107641 107656 
10 : 221299 221305 133899 91186 236621 133904 91189 133920 91203 91170 
10 : 133850 69558 221308 162728 69544 133855 133841 69564 69549 162735 
10 : 221388 221389 221399 221395 222174 222183 222177 232816 232813 248812 
10 : 221462 182015 221465 120246 182025 260692 120258 182030 120241 120262 
10 : 16336 190342 221542 221543 16335 16344 16346 190351 190352 250695 
10 : 221536 7353 115689 221541 7357 115690 227679 7341 7363 115697 
10 : 66942 59276 209453 221660 59256 66939 66950 59271 59284 209460 
10 : 106678 221674 151639 189472 106689 106671 106674 151651 189488 151634 
10 : 155640 221668 194319 97380 155643 155636 97369 194320 97381 97376 
10 : 221707 221713 221708 84317 224677 224666 84319 228836 84331 84320 
10 : 73843 220748 221787 181411 73842 73846 73836 220750 181409 181413 
10 : 208450 185373 182452 162947 185368 182449 162944 182445 162940 162939 
10 : 95414 150731 221937 53428 95409 95418 53412 150738 53417 53432 
10 : 221934 144555 221932 160983 144559 230952 160988 144558 144547 160985 
10 : 222035 222026 222029 173295 244569 254674 173319 244561 173305 173310 
10 : 222059 222060 222053 195059 265541 253527 195076 253529 195078 195070 
10 : 222085 220992 212569 222087 221000 212579 259923 212568 221002 212584 
10 : 162092 84528 95231 212785 84521 95226 162090 84516 84527 95230 
10 : 222144 222141 208593 222140 224474 208597 223604 208595 223596 208594 
10 : 79825 222340 173254 222336 79835 79820 79828 173264 240966 173256 
10 : 222339 130454 222334 222333 130463 235597 235128 130457 130456 235125 
10 : 134767 63887 58854 222497 63876 58841 134771 58833 63895 58858 
10 : 222495 97737 72134 57304 97742 72138 57309 72122 57288 57284 
10 : 74438 81681 40365 90995 74419 40346 74421 40347 81668 40350 
10 : 75087 191375 151640 9094 75082 75079 9071 151635 9085 9077 
10 : 182322 222619 222625 222617 182325 182331 182323 240290 228346 228359 
10 : 161543 116258 128979 87474 116252 128971 87469 116247 87464 87466 
10 : 221175 194354 168287 156845 194353 168286 156843 168283 156839 156834 
10 : 146638 153386 222715 222718 146631 146642 146647 153391 153397 251097 
10 : 120683 156623 222764 95496 120678 120686 95482 156625 95484 95498 
10 : 116817 115434 172402 151306 115420 116810 116807 115426 115425 151298 
10 : 181738 221109 202690 222835 181736 181731 181741 202689 221113 202695 
10 : 222833 83137 80669 219450 83138 80670 219451 80650 83136 80667 
10 : 222899 222897 222902 222901 231798 243183 243180 231800 231799 248951 
10 : 222951 58214 43745 93046 58216 43748 93049 43733 58206 43734 
10 : 159152 91277 215051 222985 91268 159151 159159 91274 91284 215060 
10 : 95328 117810 164530 75619 95318 95321 75601 117803 75603 75608 
10 : 223038 223044 128789 223045 226320 128791 226322 128805 263441 128807 
10 : 223104 211878 48588 209967 211882 48590 209973 48586 209963 48585 
10 : 223160 223156 223162 148208 229506 250029 148214 229510 148211 148217 
10 : 223220 200657 62261 31242 200661 62264 31244 62259 31240 31230 
10 : 223297 223294 135672 139489 238366 135681 139499 135676 139494 135664 
10 : 195215 223311 223307 223304 195227 195221 195216 252208 230033 230024 
10 : 223356 149336 223351 2090 149348 227261 2103 149338 2080 2091 
10 : 223422 223423 23013 223425 234276 23015 234277 23016 253545 23018 
10 : 223433 174626 105556 222389 174635 105568 222401 105545 174623 105554 
10 : 223492 93571 59520 31435 93574 59527 31437 59502 31414 31412 
10 : 223696 223698 223691 108311 261151 227785 108323 227787 108327 108315 
10 : 223794 223796 44462 88006 257400 44468 88012 44470 88015 44440 
10 : 223802 90933 223807 82736 90934 230810 82737 90940 82720 82745 
10 : 223810 138283 162819 223811 138285 162820 232653 138273 138286 162821 
10 : 117442 191273 116378 181038 117439 116363 117438 116372 181034 116370 
10 : 223841 143330 80380 223846 143337 80388 250161 80371 143342 80395 
10 : 223923 223927 21154 157558 231905 21155 157559 21162 157568 21145 
10 : 113487 26850 223968 223957 26838 113494 113488 26863 26851 224823 
10 : 101263 106757 10923 110838 101252 10907 101254 10909 106743 10910 
10 : 201891 224013 177859 224008 201899 177851 201895 177869 235511 177864 
10 : 224015 224007 220421 19365 234492 220437 19379 220422 19367 19363 
10 : 224025 160647 224029 136399 160656 260551 136408 160661 136389 136412 
10 : 224081 88528 224083 224078 88533 262187 250425 88534 88531 250426 
10 : 84645 224207 224208 144481 84654 84655 84635 262315 144497 144498 
10 : 177829 151035 224258 50759 151031 177834 50749 151044 50747 50766 
10 : 224267 224272 150775 224265 246548 150783 238549 150789 238558 150780 
10 : 162967 155437 112049 224318 155431 112037 162978 112035 155445 112058 
10 : 145114 224326 199984 224327 145118 145113 145120 199994 263686 199995 
10 : 224387 197534 1733 72960 197543 1744 72971 1729 72956 1718 
10 : 14090 224402 129837 107478 14095 14079 14075 129850 107486 107466 
10 : 224455 169592 220698 100286 169599 220704 100291 169591 100276 100285 
10 : 224530 224531 79457 224534 226597 79458 226602 79459 228523 79462 
10 : 113832 175539 33854 219766 113827 33845 113829 33850 175537 33853 
10 : 224671 224672 224668 224669 251372 237587 241258 237588 241259 237585 
10 : 203218 101190 217202 213651 101184 203215 203211 101187 101185 213647 
10 : 224726 143699 224727 3314 143700 226039 3315 143704 3301 3319 
10 : 225122 182882 225119 100927 182901 255420 100946 182892 100922 100937 
10 : 169559 139790 80494 84926 139784 80488 84921 80485 84918 80477 
10 : 121405 102924 18094 225288 102913 18082 121413 18080 102929 18102 
10 : 202265 215654 225348 23558 202263 202266 23551 215655 23554 23559 
10 : 101876 153507 64864 88642 101872 64853 88625 64857 88632 64851 
10 : 225444 225442 57157 225441 253762 57167 250360 57164 250355 57162 
10 : 225474 219297 225477 112732 219305 256210 112742 219311 112731 112746 
10 : 68001 225522 125567 200298 68010 67993 67997 125578 200308 125562 
10 : 128317 94078 122738 115816 94069 122730 115804 94067 94066 115802 
10 : 225624 225625 62691 225628 227036 62692 227043 62693 232933 62702 
10 : 175894 26794 43593 89983 26791 43590 89978 26782 26786 43582 
10 : 20214 209675 151220 154492 20209 20196 20198 151213 154488 151208 
10 : 195294 225743 168289 175037 195296 168284 175030 168291 175039 168278 
10 : 140442 153815 133251 174584 140430 133240 140433 133241 153810 133242 
10 : 215304 225807 3916 67817 215306 3914 67812 3919 67818 3907 
10 : 168532 225859 64865 225855 168541 64858 168535 64875 244368 64868 
10 : 168412 15314 160040 80549 15308 160032 80539 15305 15301 80538 
10 : 38066 132448 83685 225938 38054 38049 38078 83674 132454 83695 
10 : 225981 225979 225980 221430 254093 256182 221441 254091 221438 221440 
10 : 201721 226087 226082 226086 201727 201725 201726 241197 257782 241196 
10 : 226089 187804 42504 226083 187814 42522 243166 42503 187808 42510 
10 : 226167 207168 156261 147616 207170 156263 147618 156258 147609 147601 
10 : 132243 133618 113998 68718 132235 113989 68706 113990 68707 68704 
10 : 226284 134225 225780 226283 134230 225786 229143 134224 134226 225781 
10 : 116631 204964 226291 226292 116626 116637 116643 204966 204971 235509 
10 : 153894 96692 226293 226296 96686 153900 153906 96698 96705 260652 
10 : 155284 187919 116434 226337 155277 116418 155293 116422 187929 116443 
10 : 164296 105440 186731 81221 105433 164291 81209 105436 81202 81213 
10 : 226416 109969 42296 141092 109981 42306 141104 42282 109958 42285 
10 : 220198 226433 103858 226438 220208 103856 220210 103868 254017 103871 
10 : 175343 226461 226460 100071 175354 175352 100064 264045 100085 100082 
10 : 226462 226463 211268 226464 230102 211269 230104 211280 260369 211282 
10 : 226478 226474 226475 226480 230066 234006 258769 230062 230068 234007 
10 : 226522 116543 226524 101942 116546 250235 101945 116556 101925 101956 
10 : 205029 93487 23455 226576 93484 23454 205035 23441 93492 23462 
10 : 226577 213460 226573 128917 213467 235258 128923 213461 128916 128918 
10 : 73965 226593 125450 226592 73972 73954 73971 125457 245735 125454 
10 : 226596 97297 47622 226588 97306 47637 235775 47609 97299 47624 
10 : 226747 47623 226738 209817 47639 237837 209828 47627 47616 209819 
10 : 117828 167995 209365 111948 117822 117827 111928 167993 111936 111944 
10 : 140669 161346 153411 70850 140661 140659 70834 153404 70840 70838 
10 : 206088 226958 190941 226962 206094 190937 206098 190945 251545 190949 
10 : 220252 9707 128595 227021 9706 128593 220254 9698 9711 128599 
10 : 227034 165324 30811 176464 165335 30820 176473 30800 165315 30801 
10 : 227160 27446 201539 227159 27453 201547 247526 27444 27451 201543 
10 : 227182 226965 227183 146041 226974 264733 146052 226976 146040 146053 
10 : 87159 105699 221962 56925 87150 87158 56908 105697 56910 56924 
10 : 195514 227232 163921 227230 195519 163915 195517 163932 261044 163927 
10 : 227343 149141 210964 227337 149155 210977 262411 149135 149149 210969 
10 : 203415 227344 227346 227347 203418 203420 203421 237290 237291 249748 
10 : 171828 15795 226673 227354 15788 171827 171830 15794 15798 226676 
10 : 227409 227414 227412 48927 232955 232953 48929 240118 48940 48932 
10 : 227533 69700 110617 18131 69703 110622 18139 69686 18115 18117 
10 : 49344 227618 213196 168926 49348 49343 49339 213200 168932 168924 
10 : 227623 227628 95233 227629 254896 95239 254897 95243 264925 95244 
10 : 227740 227750 227749 124437 248184 248183 124440 265421 124454 124453 
10 : 227807 227801 227802 222459 245473 246977 222476 245470 222469 222470 
10 : 227988 36030 196025 171299 36045 196034 171318 36026 36022 171296 
10 : 1195 168775 141725 228135 1190 1188 1205 141716 168782 141734 
10 : 228171 228173 228166 120612 254799 229508 120624 229511 120626 120614 
10 : 59629 126492 228178 228182 59621 59632 59636 126498 126502 255731 
10 : 95545 228228 228226 228230 95550 95547 95552 244043 259889 244046 
10 : 203635 169417 228224 140245 169416 203636 140241 169418 140236 140246 
10 : 124157 228290 228291 228289 124165 124168 124164 260057 258984 258986 
10 : 228297 128631 228301 9096 128635 242837 9100 128638 9076 9111 
10 : 220683 228551 53559 214150 220687 53557 214148 53563 214155 53555 
10 : 141289 228671 29251 211952 141296 29240 141286 29256 211958 29247 
10 : 130522 228728 228734 228736 130524 130531 130533 236228 236234 259783 
10 : 159236 127797 228739 228737 127788 159243 159237 127799 127798 230009 
10 : 161129 228795 92786 228794 161134 92778 161132 92790 255045 92789 
10 : 228825 228817 228819 228822 250070 258724 263591 250061 250066 258721 
10 : 89007 228888 4323 228890 89011 4303 89013 4332 260802 4334 
10 : 228931 228926 138706 80410 243765 138724 80429 138710 80413 80399 
10 : 228966 228962 228971 174055 252207 260424 174070 252215 174063 174081 
10 : 20039 217810 228986 53142 20035 20040 20028 217814 53140 53143 
10 : 122789 187886 213494 160242 122783 122784 122781 187881 160236 160239 
10 : 169396 229049 229054 219383 169403 169409 169394 255178 219390 219396 
10 : 207968 98933 229105 229101 98930 207972 207969 98942 98935 233542 
10 : 229117 15670 229112 219453 15684 254348 219463 15676 15668 219455 
10 : 229209 172836 207266 229210 172837 207267 232969 172834 172838 207269 
10 : 36524 107993 221132 87197 36509 36522 36507 107992 87183 87194 
10 : 45940 229285 174774 229283 45949 45933 45946 174779 245569 174777 
10 : 229288 120129 229282 8629 120143 240680 8643 120134 8615 8635 
10 : 78670 132702 219637 156573 78661 78667 78664 132699 132695 156569 
10 : 102635 229425 108051 229320 102636 102624 102634 108053 229325 108050 
10 : 229426 1226 219171 229430 1230 219178 249695 1222 1234 219185 
10 : 206940 207829 224033 190535 206938 206939 190530 207826 190531 190534 
10 : 13609 221039 164958 115459 13608 13605 13602 164956 115458 115452 
10 : 229534 229532 229538 90496 251207 251579 90502 251210 90501 90508 
10 : 178273 229549 229550 148321 178282 178283 148313 262494 148340 148341 
10 : 181942 25792 170839 229584 25788 170832 181943 25787 25793 170840 
10 : 229746 129237 16714 146452 129242 16722 146462 16700 129227 16703 
10 : 87339 229767 166584 154143 87342 87329 87327 166585 154144 154135 
10 : 187129 229815 229814 121194 187133 187132 121186 255528 121200 121199 
10 : 229871 229874 207039 229867 263734 207054 249266 207057 249269 207047 
10 : 230061 230060 127014 83174 265293 127027 83182 127026 83181 83159 
10 : 12641 43749 230210 144364 12625 12647 12634 43752 43737 144369 
10 : 189520 230214 230213 6382 189524 189523 6376 264873 6389 6388 
10 : 211029 200635 182668 230240 200632 182663 211033 182662 200637 182671 
10 : 59211 196040 230270 210362 59203 59214 59206 196042 196036 210370 
10 : 125329 142400 230318 138603 125319 125331 125318 142403 138588 138605 
10 : 188886 230410 119390 68907 188887 119382 68897 119392 68908 68888 
10 : 63575 230442 150172 230445 63586 63567 63593 150182 261401 150189 
10 : 230451 230450 154695 222188 261949 154701 222198 154700 222197 154694 
10 : 230459 200116 188004 148323 200123 188013 148335 188001 148317 148315 
10 : 230522 72164 93427 221755 72172 93438 221766 72144 72161 93425 
10 : 115988 230556 230553 18133 115994 115991 18118 247063 18147 18142 
10 : 230551 230552 58256 230557 231153 58258 231160 58259 232461 58271 
10 : 195854 221813 7662 142516 195853 7655 142508 7660 142515 7647 
10 : 230570 25895 145933 106080 25907 145947 106093 25888 25883 106067 
10 : 230627 230636 230629 230632 232085 232079 232083 244137 261726 244133 
10 : 230982 211852 212927 230976 211864 212940 254907 211850 211859 212935 
10 : 230987 230984 178181 150145 243223 178185 150153 178183 150151 150141 
10 : 188681 135455 228259 72292 135447 188679 72285 135451 72272 72290 
10 : 132559 98934 206603 231082 98919 132556 132570 98929 98944 206616 
10 : 179192 133901 187302 231092 133893 179186 179193 133894 133906 187304 
10 : 231148 231145 231147 231149 261087 261511 263035 261085 261088 261512 
10 : 86696 16818 199349 231310 16808 86693 86704 16813 16828 199363 
10 : 231392 231391 46273 224690 240856 46278 224697 46275 224694 46271 
10 : 231412 44494 38501 197724 44495 38502 197725 38478 44485 38490 
10 : 231425 224351 73639 31867 224355 73648 31873 73636 31866 31849 
10 : 45350 152454 118229 19532 45343 45340 19510 118217 19524 19519 
10 : 121131 175092 231539 117264 121128 121141 117246 175101 117255 117273 
10 : 160582 231534 84558 231537 160585 84550 160588 84560 243245 84566 
10 : 209951 231594 213429 231598 209952 209946 209959 213430 233118 213442 
10 : 24997 231612 103234 177033 25002 24984 24989 103242 177047 103221 
10 : 123695 164183 53663 9053 123689 53650 9035 53657 9042 9029 
10 : 202408 54932 131836 17210 54928 131834 17204 54918 17190 17201 
10 : 175516 231766 137175 27695 175517 137165 27690 137176 27696 27684 
10 : 212673 231776 122020 231777 212680 122018 212681 122027 265083 122029 
10 : 200169 209284 205731 80550 200166 200165 80544 205728 80546 80545 
10 : 191402 193355 231882 231883 191396 191408 191409 193359 193360 263343 
10 : 125679 118558 231889 136972 118545 125683 125671 118562 118546 136975 
10 : 231891 39418 195041 231886 39426 195050 244145 39412 39421 195044 
10 : 232006 196982 163825 232007 196987 163832 251274 163820 196988 163833 
10 : 110328 152570 232065 232027 110317 110333 110327 152585 152569 232033 
10 : 232064 176087 232066 80552 176092 262956 80556 176094 80542 80558 
10 : 141053 232105 212928 110381 141060 141050 110366 212936 110386 110379 
10 : 177923 106004 232113 232107 105998 177930 177924 106013 106005 234597 
10 : 232175 84837 128462 10303 84839 128465 10307 84825 10287 10292 
10 : 41729 199883 232186 224571 41723 41735 41728 199892 199882 224579 
10 : 214539 208405 170372 105316 208402 170368 105313 170367 105312 105302 
10 : 174373 135916 232350 232349 135910 174378 174377 135927 135926 264710 
10 : 19651 212868 232354 232355 19648 19655 19658 212872 212877 243108 
10 : 217165 20396 223271 202989 20394 217161 202985 20395 20391 202986 
10 : 200151 48353 135290 10727 48347 135285 10721 48336 10704 10710 
10 : 217981 104574 158238 62303 104571 158235 62298 104564 62282 62289 
10 : 134382 232479 232481 232478 134388 134390 134387 258540 256568 256570 
10 : 171810 113304 876 232585 113299 869 171823 862 113316 889 
10 : 232591 163419 110216 232593 163423 110223 257036 110207 163425 110224 
10 : 48294 180417 232636 188613 48284 48297 48285 180423 180411 188621 
10 : 232647 232648 232646 26115 243277 237668 26119 237671 26128 26117 
10 : 109948 232705 232706 232702 109954 109955 109952 264690 251643 251644 
10 : 216799 7531 214855 174683 7528 214854 174678 7527 7523 174675 
10 : 232764 51506 232765 232762 51508 241333 236832 51510 51507 236833 
10 : 131262 232788 54388 38122 131273 54380 38114 54399 38136 38106 
10 : 44550 217994 201291 232793 44546 44545 44554 201289 218000 201296 
10 : 232794 232791 232792 179115 246312 248657 179122 246309 179119 179120 
10 : 232904 218608 66798 232903 218618 66810 265268 66795 218617 66807 
10 : 65947 232911 232906 44809 65957 65949 44786 241848 44821 44813 
10 : 198293 217038 232961 232963 198289 198301 198302 217046 217047 248737 
10 : 197780 60338 180077 41630 60334 180071 41622 60332 41610 41620 
10 : 87681 93147 9509 20240 87672 9499 20226 9500 20228 9495 
10 : 38792 233072 233073 233078 38794 38796 38803 250278 250288 253886 
10 : 197952 233082 215769 233081 197958 197948 197957 215780 257360 215779 
10 : 233131 233130 178146 233129 248861 178150 240606 178149 240605 178148 
10 : 194229 7491 166794 83018 7487 166788 83013 7483 7475 83009 
10 : 233136 233141 877 233144 234105 878 234109 883 260923 890 
10 : 15437 233174 233178 233181 15438 15442 15446 234685 234693 247927 
10 : 233187 233189 170771 11185 261344 170781 11193 170783 11197 11177 
10 : 233195 99057 233197 187091 99063 256982 187097 99065 99049 187098 
10 : 117376 89453 233233 102335 89440 117381 102316 89456 89439 102338 
10 : 130383 231740 115789 210052 130382 115773 130379 115788 210051 115784 
10 : 36304 34621 233251 201504 34605 36313 36302 34630 34617 201517 
10 : 201597 225083 223272 173970 201595 201594 173964 223268 173968 173967 
10 : 5266 166995 47109 86225 5259 5250 5253 47101 86213 47092 
10 : 233346 230216 200117 18612 230220 200122 18615 200115 18609 18605 
10 : 210646 186781 54252 193539 186778 54248 193533 54242 186776 54244 
10 : 233473 104599 96479 16900 104610 96488 16913 96466 16890 16888 
10 : 27942 110092 233525 204225 27932 27951 27938 110099 110089 204232 
10 : 71433 233524 233521 214503 71439 71437 71430 247209 214507 214504 
10 : 128349 188078 198676 126448 128344 128346 126431 188073 126443 126445 
10 : 389 12220 233703 233698 374 398 396 12227 12224 260244 
10 : 117108 191701 156846 233810 117100 117098 117120 156837 191713 156859 
10 : 233809 151329 179210 233807 151337 179217 250078 151320 151334 179215 
10 : 229495 172120 233825 169910 172119 229501 169908 172125 169900 169915 
10 : 233906 189111 194654 228455 189113 194656 228458 189105 189110 194653 
10 : 48135 234034 151950 234038 48141 48131 48144 151953 249471 151958 
10 : 158813 234036 234033 234037 158817 158815 158818 244856 257509 244857 
10 : 155261 234051 130384 234045 155273 130374 155266 130397 247796 130388 
10 : 93532 158537 234094 230962 93526 93533 93531 158540 158536 230963 
10 : 234164 183613 164084 234160 183625 164092 246897 164075 183619 164089 
10 : 163789 25963 207695 36391 25957 163788 36380 25961 25943 36388 
10 : 128401 234208 138926 110742 128408 128398 110730 138931 110748 110731 
10 : 234252 234255 174251 233440 251024 174260 233450 174264 233456 174250 
10 : 234262 139671 63160 27728 139675 63165 27735 63150 27720 27713 
10 : 234270 234267 22025 22185 241179 22033 22195 22027 22188 22003 
10 : 125858 113286 201763 130362 113274 125851 125846 113284 113276 130356 
10 : 39778 234292 94055 210331 39780 39765 39775 94057 210333 94051 
10 : 163782 120943 111461 234299 120933 111449 163783 111446 120944 111465 
10 : 220816 115226 234304 27152 115222 220824 27149 115234 27138 27161 
10 : 234350 234348 116307 15554 240143 116316 15562 116309 15556 15536 
10 : 213005 177015 139062 151190 177012 139060 151187 139058 151181 139053 
10 : 218115 140444 234371 46096 140441 218116 46093 140447 46080 46097 
10 : 203417 96406 174463 234411 96401 174460 203426 96398 96416 174475 
10 : 234410 226298 234409 172328 226311 265122 172343 226309 172327 172342 
10 : 200795 106284 234414 113918 106280 200798 113910 106289 106272 113922 
10 : 234463 152589 234461 47776 152598 253914 47786 152593 47764 47781 
10 : 234465 220060 110472 187489 220062 110473 187492 110469 187487 110459 
10 : 234562 2778 68197 220423 2784 68202 220433 2766 2775 68194 
10 : 67441 205572 234678 49527 67437 67443 49503 205576 49522 49530 
10 : 234723 70121 226626 77109 70129 226639 77122 70120 70103 77107 
10 : 89168 234766 234830 107021 89167 89171 89157 234771 107020 107027 
10 : 234842 234840 228067 178569 253437 228073 178576 228071 178574 178567 
10 : 149710 66084 234929 95870 66073 149718 95858 66091 66068 95882 
10 : 235006 235005 235012 127464 235875 241288 127466 235886 127465 127479 
10 : 110526 209726 174585 235050 110524 110521 110528 174581 209729 174591 
10 : 169489 235060 193992 229777 169490 169483 169487 193995 229779 193990 
10 : 178826 82292 222798 165837 82278 178823 165821 82286 82276 165833 
10 : 180203 139597 235100 64133 139590 180206 64124 139606 64120 64141 
10 : 26358 235145 235149 235146 26359 26363 26360 236016 236013 237932 
10 : 86416 235161 235168 97910 86418 86425 86402 247647 97911 97921 
10 : 235210 206183 79620 235216 206188 79625 249214 79615 206196 79639 
10 : 32168 235243 235239 235241 32186 32178 32185 255890 264025 255887 
10 : 38702 235281 187574 235288 38706 38698 38712 187577 248540 187586 
10 : 235284 179173 119230 235287 179178 119235 257529 119223 179181 119240 
10 : 235343 235337 131597 203893 238376 131602 203906 131598 203894 131592 
10 : 235359 47406 117829 79728 47416 117843 79738 47390 47387 79712 
10 : 235415 235412 224437 122992 261836 224450 123001 224447 123000 122986 
10 : 235461 235463 235458 34467 262378 248010 34482 248017 34485 34472 
10 : 235465 89350 235468 182041 89354 261484 182048 89360 89342 182057 
10 : 91868 173371 235529 235530 91862 91870 91872 173373 173376 238712 
10 : 218998 225975 193459 187407 218994 193454 187400 193457 187403 187395 
10 : 235591 235587 95497 235588 258467 95504 260441 95502 258465 95503 
10 : 89706 45209 235630 218315 45196 89707 89701 45210 45203 218317 
10 : 221474 38096 163922 168573 38094 163920 168570 38085 38086 163913 
10 : 235857 205933 12295 66990 205934 12298 66992 12290 66983 12274 
10 : 99216 235890 235888 177980 99219 99217 99209 250810 177992 177983 
10 : 85914 235911 235918 66147 85917 85924 66126 247830 66154 66164 
10 : 40710 157334 192110 235957 40702 40704 40713 157324 157337 192115 
10 : 54161 133643 91952 229140 54149 54147 54159 91935 133642 91951 
10 : 236170 178733 221355 186280 178739 221364 186288 178730 178726 186275 
10 : 180204 70664 236319 236318 70655 180212 180209 70677 70674 262936 
10 : 236327 58164 120738 236330 58167 120741 246543 58148 58173 120750 
10 : 236421 149142 211201 50660 149152 211212 50669 149136 50644 50654 
10 : 236424 236416 236417 145610 256643 257242 145627 256637 145619 145620 
10 : 109519 236428 210332 198942 109527 109513 109511 210344 198952 198938 
10 : 236490 143765 234657 10884 143770 234662 10893 143764 10871 10883 
10 : 225765 176103 151951 236499 176100 151948 225772 151940 176111 151956 
10 : 62117 28441 236557 236555 28428 62125 62123 28453 28449 261197 
10 : 167047 236611 108672 223460 167058 108658 167044 108680 223469 108667 
10 : 196507 26078 234754 29092 26071 196506 29086 26076 26056 29090 
10 : 235575 179538 77623 236687 179537 77622 235577 77616 179540 77624 
10 : 236858 234767 236853 165526 234775 245212 165537 234769 165523 165530 
10 : 229433 236893 78706 204609 229436 78704 204605 78711 204612 78699 
10 : 236956 236959 234785 236953 261692 234800 246889 234801 246890 234792 
10 : 160225 127326 208627 2406 127315 160217 2397 127319 2395 2402 
10 : 34623 237047 49938 237044 34629 34607 34626 49952 257978 49948 
10 : 161408 151729 198280 237082 151719 161404 161413 151721 151734 198286 
10 : 64867 135619 226687 237144 64854 64866 64871 135617 135622 226691 
10 : 237229 237231 237223 237228 264835 244891 263521 244893 263522 244887 
10 : 220743 64660 3663 159910 64656 3659 159906 3639 64648 3650 
10 : 237573 195791 222813 237577 195793 222818 252135 195788 195799 222821 
10 : 87602 64742 237597 98420 64721 87605 87584 64744 64722 98423 
10 : 237607 237610 237612 156577 257030 257031 156584 263128 156586 156588 
10 : 51450 237616 237615 29507 51452 51451 29488 242498 29512 29509 
10 : 132140 237718 232663 45686 132149 132138 45672 232671 45701 45684 
10 : 237757 226939 203876 178609 226946 203882 178618 203875 178608 178603 
10 : 140534 215738 232074 25524 140530 140533 25510 215736 25519 25522 
10 : 237815 237812 130240 237814 256689 130249 261518 130244 256687 130248 
10 : 180754 186433 207845 124946 180745 180750 124936 186430 124938 124940 
10 : 195855 206647 114030 143164 195852 114024 143159 114027 143161 114019 
10 : 147568 162709 215969 237913 147556 147564 147573 162707 162714 215977 
10 : 195198 161682 196672 237921 161674 195194 195208 161675 161689 196680 
10 : 144394 237944 221756 214152 144401 144392 144391 221767 214167 214149 
10 : 237948 21310 237945 166288 21314 247886 166293 21312 21303 166289 
10 : 107194 212382 17781 190288 107191 17762 107187 17774 190284 17770 
10 : 237972 237969 188889 196219 264286 188896 196234 188894 196232 188877 
10 : 94300 238037 130267 238040 94302 94292 94309 130271 247494 130278 
10 : 139367 221736 116059 218330 139363 116046 139362 116055 218327 116054 
10 : 213070 238078 42210 145496 213079 42207 145493 42223 145507 42198 
10 : 12349 166251 238146 213655 12341 12354 12345 166255 166246 213661 
10 : 70237 238155 86756 11797 70246 70223 11775 86767 11809 11777 
10 : 238294 230826 238291 238301 230833 240411 244952 230828 230841 240419 
10 : 167599 234110 238303 238311 167598 167600 167611 234112 234121 243499 
10 : 117913 230653 58260 173301 117910 58244 117907 58257 173299 58248 
10 : 35245 74826 58679 238351 35239 35237 35248 58661 74827 58683 
10 : 212698 129942 185175 192390 129937 185171 192385 129930 129934 185166 
10 : 68053 118104 211789 105835 68040 68051 68038 118101 105820 105832 
10 : 213139 171284 136181 233787 171282 136179 213137 136171 171283 136180 
10 : 112002 238478 14584 18305 112004 14565 18285 14587 18307 14558 
10 : 190443 158329 230423 118318 158319 190441 118307 158327 118305 118315 
10 : 238694 223052 192959 206402 223056 192964 206408 192958 206399 192954 
10 : 207183 238729 238730 168846 207192 207197 168842 258269 168853 168857 
10 : 179506 31743 238771 238766 31733 179516 179507 31755 31744 242965 
10 : 129313 238776 238775 221191 129316 129315 129309 261196 221201 221199 
10 : 215499 238783 196472 166894 215506 196467 166890 196482 166902 166887 
10 : 225407 238817 18140 234332 225410 18129 225405 18143 234336 18137 
10 : 198809 62577 238860 238858 62570 198818 198814 62583 62581 254131 
10 : 238873 220350 238866 19807 220361 248221 19819 220352 19803 19810 
10 : 238922 200947 238923 46424 200951 258847 46430 200954 46419 46432 
10 : 212089 13337 33283 238968 13331 33278 212091 13319 13338 33284 
10 : 234558 238974 238970 19369 234564 234560 19368 241387 19382 19372 
10 : 117309 135589 238985 238982 117304 117321 117317 135601 135597 260757 
10 : 238986 238978 57440 264 255563 57453 273 57444 267 241 
10 : 137539 239196 239191 239192 137547 137540 137543 249079 255487 249072 
10 : 79944 127694 239205 65119 79933 79952 65098 127706 65104 65133 
10 : 239204 58816 223529 239201 58828 223542 261802 58812 58825 223538 
10 : 229931 239206 204768 71786 229933 204766 71784 204771 71790 71781 
10 : 2468 10418 239233 239235 2457 2469 2472 10419 10421 239454 
10 : 15006 239246 89730 50181 15011 14991 14990 89738 50185 50165 
10 : 146599 60372 58038 110998 60362 58025 110989 58016 60355 58021 
10 : 239285 216762 191607 123637 216763 191608 123638 191605 123635 123631 
10 : 93627 79176 239293 239290 79162 93635 93630 79186 79182 256025 
10 : 239348 16439 233381 239346 16446 233388 244230 16436 16440 233383 
10 : 161246 94729 218270 239353 94717 161241 161247 94726 94730 218271 
10 : 239392 174856 219898 160246 174860 219903 160250 174853 160233 160241 
10 : 239393 122792 219174 94864 122796 219183 94872 122785 94847 94860 
10 : 176939 185447 239452 232934 176933 176945 176938 185453 185445 232941 
10 : 22068 239487 44164 234175 22071 22057 22067 44171 234183 44162 
10 : 102441 236560 159041 88686 102440 102431 88660 159039 88685 88667 
10 : 182786 22453 152925 29094 22442 152917 29081 22440 22426 29077 
10 : 159615 49754 163554 43366 49746 159607 43353 49747 43342 43354 
10 : 192294 151749 17055 183925 151739 17045 183914 17037 151737 17043 
10 : 192943 233087 219572 222444 192942 192940 192941 219569 222441 219568 
10 : 198724 130161 47779 239739 130153 47770 198727 47761 130170 47787 
10 : 183418 2807 239841 239837 2800 183425 183419 2814 2809 243473 
10 : 147656 206169 48631 11835 147650 48613 11821 48621 11829 11815 
10 : 140827 158457 199200 7207 140815 140821 7191 158450 7194 7200 
10 : 128099 175895 239931 239924 128088 128105 128100 175905 175896 241576 
10 : 211839 170745 239988 145904 170738 211841 145898 170751 145896 145909 
10 : 188144 218660 209832 124319 188142 188141 124307 209830 124312 124311 
10 : 141876 182885 240127 11982 141873 141878 11968 182888 11973 11986 
10 : 3664 240186 73614 240187 3666 3641 3667 73620 262463 73621 
10 : 174146 128497 240246 198458 128484 174152 174141 128503 128487 198461 
10 : 240243 27642 240248 240247 27644 252153 252152 27649 27648 259154 
10 : 197998 240296 240294 216917 198003 197999 197994 244751 216922 216918 
10 : 143088 240341 36975 185788 143094 36960 143083 36986 185802 36966 
10 : 176940 202562 130505 240393 176935 130495 176942 130500 202565 130508 
10 : 199304 240491 189447 134107 199312 189442 134102 189453 134114 134101 
10 : 121874 240533 240529 240532 121885 121879 121884 253225 265352 253224 
10 : 240536 167807 223065 100074 167813 223069 100081 167804 100062 100070 
10 : 62726 67503 234473 240541 62719 62725 62734 67502 67510 234480 
10 : 177840 240540 2706 240538 177847 2702 177842 2714 246663 2709 
10 : 104627 36748 163634 191934 36731 104622 104624 36735 36743 163629 
10 : 226550 6670 65156 229778 6667 65152 226549 6647 6668 65153 
10 : 234890 240584 240586 51901 234894 234897 51899 263989 51910 51912 
10 : 217313 215656 240594 190194 215653 217322 190191 215665 190189 190204 
10 : 225408 115990 232456 240624 115987 225404 225415 115989 115997 232464 
10 : 240658 238946 25428 115110 238948 25429 115112 25427 115109 25417 
10 : 124652 102420 218400 240665 102408 124649 124660 102414 102428 218410 
10 : 4613 148522 183832 212519 4605 4609 4612 148515 148519 183827 
10 : 80956 206966 143594 202283 80952 80937 80948 143590 202277 143589 
10 : 10213 167438 240793 156511 10207 10215 10206 167445 156496 156522 
10 : 191550 240809 240811 156733 191551 191555 156727 245201 156736 156740 
10 : 240829 233719 85224 240830 233729 85238 264933 85223 233730 85239 
10 : 210472 181965 162040 240891 181961 162035 210477 162027 181969 162042 
10 : 107998 11338 240929 55174 11323 108001 55150 11340 11321 55175 
10 : 218847 206875 241048 186207 206870 218853 186202 206884 186200 186221 
10 : 212220 150736 231382 227115 150730 212219 212218 150734 150733 227114 
10 : 148243 224800 85104 241088 148236 85087 148246 85101 224803 85113 
10 : 241089 237832 209516 241087 237835 209523 245741 209513 237833 209517 
10 : 177682 238878 241093 164105 177680 177684 164095 238882 164104 164110 
10 : 60916 130595 157889 241145 60900 60905 60918 130583 130599 157891 
10 : 197139 197039 237110 241271 197030 197138 197142 197037 197041 237113 
10 : 235631 148170 56184 179036 148169 56182 179033 56168 148157 56172 
10 : 39669 213771 226979 212178 39666 39667 39665 213768 212173 212175 
10 : 241406 216813 241410 28442 216816 257647 28447 216820 28437 28455 
10 : 128187 57032 179983 241428 57024 128184 128191 57027 57036 179984 
10 : 123167 241452 107269 190115 123169 107250 123162 107270 190120 107261 
10 : 241457 181864 241458 241454 181871 249659 241967 181875 181865 241968 
10 : 61121 194518 92576 241497 61116 61107 61125 92570 194522 92580 
10 : 207665 238608 60616 227778 207663 60610 207660 60614 227777 60612 
10 : 132104 59758 151098 241547 59745 132098 132110 59748 59762 151106 
10 : 127095 95572 15968 241598 95558 15954 127105 15951 95578 15982 
10 : 241604 129604 241606 81684 129612 263370 81692 129613 81674 81693 
10 : 241611 181322 28029 241609 181327 28034 247396 28019 181324 28031 
10 : 128080 241649 218071 191216 128082 128078 128074 218076 191221 191211 
10 : 78371 7460 176014 241659 7444 78363 78372 7453 7461 176015 
10 : 139599 241664 169783 241668 139605 139588 139611 169789 260590 169796 
10 : 241687 163159 241682 70155 163167 257365 70169 163163 70140 70162 
10 : 218420 84809 53108 147619 84802 53104 147612 53083 84792 53091 
10 : 216879 47973 164132 241862 47968 164127 216882 47961 47982 164140 
10 : 232257 236037 220445 163077 232255 220443 163071 220444 163073 163069 
10 : 241892 110242 230491 241894 110250 230496 251296 110241 110252 230501 
10 : 241951 241955 154349 241950 252196 154352 246741 154356 246745 154351 
10 : 102421 132263 82991 240037 102409 82979 102418 82983 132262 82989 
10 : 176645 235908 180950 241756 176643 176636 176644 180948 235907 180949 
10 : 241979 216048 114827 66150 216051 114832 66159 114821 66144 66129 
10 : 38914 71849 8433 241980 38904 8411 38915 8413 71850 8434 
10 : 242021 136839 135971 188780 136841 135973 188784 135956 136830 135962 
10 : 98342 166839 77225 225955 98338 77203 98340 77212 166836 77222 
10 : 210104 218890 242082 188106 210101 210107 188096 218892 188101 188110 
10 : 77313 143767 10452 242088 77302 10434 77317 10440 143771 10460 
10 : 71974 242126 93784 111083 71979 71962 71965 93792 111090 93773 
10 : 111278 237364 134793 240163 111276 111262 111277 134790 237362 134792 
10 : 242304 179358 200804 95205 179360 200805 95206 179352 95194 95197 
10 : 242306 210142 118812 7702 210144 118815 7705 118806 7697 7688 
10 : 108107 198198 16111 242376 108101 16090 108114 16102 198210 16117 
10 : 242386 155264 109293 13207 155265 109294 13208 109282 13196 13191 
10 : 34752 2989 242424 235439 2971 34753 34750 2990 2987 235440 
10 : 133334 167254 130024 54795 133326 130009 54776 130011 54780 54775 
10 : 198572 207941 8479 225206 198565 8465 198567 8468 207937 8474 
10 : 80 28860 185002 219101 63 75 78 28857 28859 184995 
10 : 13364 213213 53798 242433 13360 13345 13370 53794 213221 53808 
10 : 242466 34010 147087 47276 34011 147090 47277 33997 33990 47259 
10 : 181099 210732 227241 229794 181093 181095 181096 210729 210731 227237 
10 : 1901 242485 234695 38125 1912 1898 1885 234703 38137 38123 
10 : 49605 202250 162119 165088 49597 49591 49592 162111 165081 162105 
10 : 242613 242605 242611 242608 243993 264712 260187 243990 243987 260184 
10 : 242614 242619 52168 242620 243262 52169 243263 52172 261011 52176 
10 : 160497 25369 236350 172615 25350 160495 160488 25365 25354 172614 
10 : 185157 110001 64531 165937 109992 64523 165928 64515 109986 64519 
10 : 8723 242647 4026 194673 8724 3999 8716 4027 194674 4022 
10 : 233192 242673 206739 164536 233200 206738 164532 206747 164545 164527 
10 : 60318 19631 242707 206404 19609 60322 60308 19636 19623 206411 
10 : 242739 199185 242737 242738 199188 245078 247289 199186 199187 245077 
10 : 150150 242796 70700 242798 150152 70685 150157 70702 245557 70705 
10 : 138351 41344 242847 242844 41329 138364 138359 41354 41348 255334 
10 : 54182 211272 149559 242880 54177 54173 54183 149556 211273 149560 
10 : 2639 184430 242906 14323 2632 2652 2626 184441 14307 14331 
10 : 242897 242901 238530 208071 250496 238532 208075 238538 208079 208068 
10 : 176807 242925 242924 242923 176815 176813 176811 259332 249307 249305 
10 : 57849 243028 178611 34047 57850 57842 34023 178613 34049 34034 
10 : 243089 243084 243090 106907 249336 263453 106917 249338 106911 106920 
10 : 180039 809 243188 221947 795 180049 180036 815 801 221957 
10 : 243214 158012 228333 11983 158017 228337 11988 158008 11969 11978 
10 : 243279 35466 194600 82065 35472 194608 82074 35455 35448 82053 
10 : 243297 107757 205509 198227 107760 205510 198233 107746 107745 198215 
10 : 125724 231011 137513 172216 125723 125714 125720 137510 172214 137502 
10 : 205783 202650 2261 30965 202643 2252 30957 2251 30955 2237 
10 : 243343 175248 74718 243344 175254 74726 262443 74708 175258 74731 
10 : 189463 237242 228418 243355 189461 189459 189464 228417 237246 228421 
10 : 243390 243386 193314 243388 246967 193325 262836 193317 246965 193322 
10 : 98725 185376 243399 243400 98718 98726 98727 185381 185382 260133 
10 : 145584 243397 30359 195637 145586 30346 145578 30363 195640 30355 
10 : 34171 243482 147176 214983 34184 34159 34167 147191 214997 147171 
10 : 243481 165275 243479 193226 165283 251304 193237 165279 165267 193227 
10 : 110426 185062 197574 243487 110415 110419 110429 185052 185065 197579 
10 : 150453 243509 241928 243501 150466 150452 150456 241937 254838 241932 
10 : 243504 243502 210159 171765 259670 210163 171775 210162 171773 171756 
10 : 208530 149513 135842 138163 149508 135837 138157 135830 138148 135829 
10 : 242477 768 243530 87627 767 242478 87625 770 759 87628 
10 : 145078 228828 184125 199512 145075 145061 145063 184120 199508 184109 
10 : 85042 48592 243678 194321 48578 85050 85034 48604 48584 194333 
10 : 243674 21803 89731 243677 21808 89739 258726 21783 21811 89742 
10 : 220189 104716 213286 55933 104710 213283 55925 104709 55905 55923 
10 : 82504 243736 85312 171302 82507 82489 82497 85318 171310 85305 
10 : 143872 243735 122513 102300 143875 122503 102284 122518 102308 102282 
10 : 20739 21053 243770 243769 20717 20746 20744 21065 21063 261686 
10 : 104057 83229 184573 243827 83213 104049 104061 83219 83233 184576 
10 : 235809 243907 161845 241876 235819 161841 235808 161852 241883 161844 
10 : 243910 215904 207847 190374 215909 207852 190382 207840 190367 190365 
10 : 241455 9674 243959 146422 9672 241459 146419 9684 9664 146432 
10 : 17742 212073 244009 146535 17736 17747 17727 212077 146527 146541 
10 : 18554 12264 225069 150782 12234 18547 18541 12258 12250 150776 
10 : 102926 82820 195063 244028 82804 102922 102930 82813 82825 195071 
10 : 188324 139889 168731 135972 139880 168722 135961 139878 135957 135958 
10 : 146625 231002 3188 158744 146623 3170 146613 3186 158739 3173 
10 : 36447 244153 230615 153114 36450 36445 36439 230621 153123 153113 
10 : 133057 190869 22028 236048 133043 22011 133054 22018 190867 22026 
10 : 244202 198599 84561 199119 198603 84565 199125 84553 198588 84554 
10 : 244298 244299 239663 242315 263320 239675 242323 239676 242324 239661 
10 : 244329 244328 142486 30201 264960 142498 30211 142497 30210 30183 
10 : 244371 148414 244372 82066 148415 252229 82069 148418 82050 82071 
10 : 130089 150240 218073 124890 130079 130088 124864 150237 124867 124884 
10 : 149198 108770 32691 244409 108754 32680 149206 32677 108777 32698 
10 : 204442 178591 15036 244416 178587 15032 204444 15025 178592 15038 
10 : 177403 76233 197707 63617 76225 177398 63605 76228 63595 63609 
10 : 244446 47747 244444 244443 47752 253273 253176 47750 47749 253172 
10 : 244453 176368 165431 89988 176373 165437 89994 165417 89979 89974 
10 : 6829 131694 148735 228270 6817 6819 6825 131684 131691 148733 
10 : 52107 149420 244496 244493 52098 52116 52112 149433 149424 257025 
10 : 244555 26418 244551 244552 26428 253282 253524 26422 26423 253277 
10 : 177174 244611 38420 244613 177175 38413 177178 38421 249335 38424 
10 : 244618 135398 244622 244623 135399 249168 249169 135401 135402 257604 
10 : 244071 244638 244633 51045 244079 244073 51044 246462 51058 51046 
10 : 244648 30426 235016 244651 30430 235018 259314 30422 30434 235023 
10 : 112291 215382 207358 242685 112285 112284 112288 207354 215381 207357 
10 : 244694 202438 214057 244686 202446 214068 246429 202435 202439 214058 
10 : 244757 9713 244753 52733 9721 255989 52746 9715 9689 52737 
10 : 244782 244779 244777 116180 264039 263330 116193 263327 116188 116187 
10 : 244834 143675 244831 95235 143686 263526 95245 143683 95224 95241 
10 : 244841 244843 244837 201929 258369 245858 201935 245859 201938 201930 
10 : 244868 86450 234281 236351 86457 234287 236358 86447 86448 234279 
10 : 209360 244871 152719 79074 209362 152711 79063 152722 79083 79057 
10 : 121839 244920 154242 223503 121846 121832 121837 154246 223505 154239 
10 : 244968 244967 82607 184830 245211 82614 184837 82608 184831 82595 
10 : 245050 82526 245047 176665 82535 246584 176676 82528 82518 176667 
10 : 85937 206791 170870 245095 85932 85928 85938 170862 206794 170876 
10 : 17566 28547 231676 51902 17548 17564 17549 28543 28533 51897 
10 : 245222 222375 245223 85616 222382 262367 85623 222383 85609 85625 
10 : 121173 236087 164088 93178 121171 121163 93161 164085 93174 93167 
10 : 208374 240422 238627 245268 208370 208369 208375 238625 240423 238628 
10 : 57161 207561 64869 65449 57153 57141 57142 64860 65436 64846 
10 : 37095 81054 126167 199921 37078 37083 37089 81043 81048 126159 
10 : 197362 47084 229382 37993 47081 197359 37984 47082 37973 37989 
10 : 139941 87051 24543 117356 87041 24530 117344 24524 87039 24527 
10 : 245325 118107 13522 205221 118118 13529 205231 13505 118099 13515 
10 : 245332 181841 236771 244881 181852 236779 244889 181839 181840 236770 
10 : 193909 230350 90064 222804 193904 90054 193903 90059 222795 90058 
10 : 245493 23789 245494 195046 23797 264364 195053 23798 23783 195054 
10 : 236487 217382 245531 47152 217379 236489 47149 217383 47146 47153 
10 : 245577 138519 245580 101673 138522 254058 101678 138527 101654 101682 
10 : 79177 245601 245596 114605 79188 79179 79163 250399 114620 114607 
10 : 239288 245599 134559 73770 239292 134558 73768 134567 73779 73756 
10 : 245622 245626 162020 111950 257615 162022 111954 162026 111958 111935 
10 : 245651 79340 163999 229596 79348 164006 229604 79325 79337 163997 
10 : 113981 97615 61351 245693 97609 61337 113982 61333 97616 61353 
10 : 245706 217886 108539 245707 217890 108543 258921 108533 217892 108544 
10 : 245754 220339 158332 201376 220346 158335 201385 158325 201373 158322 
10 : 245755 223884 76411 118467 223891 76420 118478 76403 118465 76390 
10 : 245804 245801 177135 153551 256260 177147 153564 177139 153555 153541 
10 : 245809 245805 146761 245810 258098 146769 263632 146763 258099 146771 
10 : 210966 193935 245845 70428 193929 210978 70421 193944 70420 70443 
10 : 245895 231962 140987 245900 231964 140990 246452 140984 231974 141001 
10 : 163638 28487 65158 99563 28473 65145 99551 28462 28467 65139 
10 : 218132 41030 243512 31584 41024 218131 31576 41029 31562 31582 
10 : 245955 131245 245959 245958 131249 252572 252571 131253 131252 259612 
10 : 227491 73878 181043 127132 73874 181039 127128 73868 73861 127118 
10 : 23327 65418 114099 176017 23306 23309 23316 65397 65404 114089 
10 : 246064 201524 246055 158359 201533 253312 158372 201527 158346 158361 
10 : 186089 246100 246099 172024 186092 186091 172015 249328 172027 172026 
10 : 231902 246165 243466 246169 231907 231901 231909 243471 259080 243475 
10 : 14550 109886 202487 141312 14533 14543 14535 109880 109876 141305 
10 : 121338 204183 172774 209385 121329 121322 121331 172765 204179 172766 
10 : 203716 246289 191260 193764 203719 191256 193759 191264 193770 191255 
10 : 196952 246299 37563 246300 196960 37556 196961 37571 264563 37572 
10 : 51968 239365 246339 141313 51966 51971 51961 239371 141311 141320 
10 : 246345 163217 81505 33096 163221 81509 33100 81496 33083 33073 
10 : 233207 84442 129112 246381 84437 129109 233215 84425 84453 129123 
10 : 246387 222278 246390 103299 222280 255883 103308 222284 103296 103311 
10 : 207172 148106 246431 50934 148099 207173 50927 148108 50917 50937 
10 : 220808 33097 141410 147621 33091 141404 147614 33079 33081 141391 
10 : 246430 74290 246434 246433 74291 246999 246998 74298 74296 264028 
10 : 227689 246436 27888 160990 227691 27885 160984 27892 160992 27872 
10 : 83530 246440 147700 32059 83532 83519 32039 147705 32065 32044 
10 : 125635 16377 164226 246483 16360 125630 125642 16363 16381 164232 
10 : 230834 139371 238531 246500 139365 230827 230839 139369 139381 238539 
10 : 246521 79209 209061 148440 79215 209068 148447 79201 79194 148429 
10 : 19336 57274 211554 159932 19319 19328 19324 57265 57258 159921 
10 : 209631 174740 246596 243059 174734 209634 209629 174742 174737 243062 
10 : 246646 168200 188728 35816 168206 188735 35823 168194 35805 35807 
10 : 196119 240959 246659 173498 196118 196126 173486 240965 173495 173508 
10 : 184066 181637 246675 246676 181629 184069 184070 181640 181642 260867 
10 : 237475 246682 98782 246687 237478 98781 237484 98786 261295 98793 
10 : 246690 118352 107506 242114 118357 107512 242118 107490 118350 107504 
10 : 94183 233616 207790 49230 94182 94177 49207 207788 49227 49221 
10 : 246754 112420 228420 188439 112424 228427 188445 112414 112401 188433 
10 : 150979 124951 243665 32060 124935 150978 32045 124950 32043 32057 
10 : 233777 65160 76856 191937 65155 76852 191933 65136 65148 76843 
10 : 83085 116062 246772 246770 83071 83092 83087 116073 116066 258015 
10 : 129074 246789 198023 246784 129079 129068 129075 198033 252378 198024 
10 : 220256 83298 246821 203521 83291 220260 203517 83305 83289 203531 
10 : 246833 246830 246831 246832 256014 256228 261913 256011 256013 256226 
10 : 246868 165163 246865 227050 165168 253593 227055 165164 165159 227053 
10 : 246881 56371 160628 246877 56381 160633 257366 56356 56375 160630 
10 : 51580 246950 212151 246951 51583 51577 51585 212155 261788 212158 
10 : 204162 246958 243613 246961 204164 204161 204166 243621 263134 243623 
10 : 82297 195906 230722 232273 82281 82290 82291 195898 195899 230718 
10 : 163791 119048 247033 247031 119039 163797 163796 119058 119056 264259 
10 : 22599 184285 112714 154149 22590 22584 22587 112704 154136 112701 
10 : 27669 247124 245811 34783 27670 27668 27651 245818 34794 34782 
10 : 30814 209148 247126 61325 30808 30815 30794 209150 61316 61327 
10 : 88205 89037 86876 19535 88189 86855 19514 86856 19515 19513 
10 : 122239 239477 203314 222447 122236 122230 122233 203310 222443 203306 
10 : 62093 121537 13036 157953 62083 13014 62085 13019 121524 13024 
10 : 181718 174927 72299 247266 174918 72282 181725 72278 174935 72309 
10 : 167970 228496 90880 41200 167966 90864 41188 90877 41197 41180 
10 : 238149 180791 54937 230848 180788 54934 230845 54923 180786 54931 
10 : 247315 247316 235603 247314 258158 235608 256537 235610 256538 235606 
10 : 34692 247347 247349 247345 34698 34700 34694 263927 257236 257239 
10 : 77447 223171 60730 145614 77443 60716 77435 60727 145605 60720 
10 : 247367 244702 199723 210613 244704 199724 210616 199722 210612 199713 
10 : 247374 8435 247380 247377 8437 254075 254073 8443 8440 261170 
10 : 247385 234195 247382 221982 234202 260139 221994 234199 221975 221987 
10 : 247421 1736 247419 247425 1743 248289 259376 1737 1747 248294 
10 : 20561 229074 50056 247435 20558 20539 20570 50054 229085 50062 
10 : 172857 247484 245126 87372 172864 172855 87356 245130 87376 87371 
10 : 65035 233209 192114 90116 65034 65032 65029 192109 90112 90105 
10 : 205810 247547 214308 29751 205815 205804 29743 214315 29757 29745 
10 : 247604 218661 247603 194907 218664 256908 194913 218663 194902 194911 
10 : 152123 185468 144131 195067 152114 144115 152115 144119 185458 144121 
10 : 236606 89567 247712 227069 89564 236609 227066 89572 89563 227078 
10 : 247709 199067 247711 245772 199068 252941 245774 199073 199066 245779 
10 : 226195 247764 247760 247763 226204 226200 226203 259254 265462 259253 
10 : 49293 87707 242666 247772 49279 49291 49300 87706 87712 242674 
10 : 177767 175435 247802 247801 175428 177773 177772 175443 175442 261561 
10 : 247808 237114 57631 200987 237120 57638 200991 57627 200984 57621 
10 : 247852 157703 247848 186818 157714 260310 186830 157711 157699 186825 
10 : 177843 187232 247945 118791 177838 177848 118775 187239 118776 118795 
10 : 185679 82739 10769 247982 82731 10756 185680 10745 82740 10771 
10 : 248022 44589 32532 182045 44594 32542 182056 32509 44582 32525 
10 : 189925 68339 117498 246276 68330 117487 189924 68322 68337 117496 
10 : 25763 97102 248066 127233 25744 25766 25747 97106 97086 127242 
10 : 235292 235810 117022 45076 235289 117018 45070 117019 45071 45054 
10 : 248102 60291 248105 85558 60296 260089 85563 60300 60276 85569 
10 : 248119 237389 248115 167374 237397 258660 167384 237393 167367 167378 
10 : 215868 208973 248176 158745 208967 215870 158737 208978 158734 158752 
10 : 22312 167351 248188 167552 22306 22321 22307 167357 167342 167560 
10 : 17567 54163 134231 104717 17550 17555 17554 54150 54148 104700 
10 : 248242 200005 94584 182942 200010 94587 182945 94575 182930 94573 
10 : 193813 248258 211793 248251 193821 193810 193815 211802 252553 211795 
10 : 120652 47598 222643 248323 47579 120647 120653 47591 47600 222647 
10 : 247688 248420 246026 248422 247690 246025 247693 246027 256962 246032 
10 : 248472 150481 239068 64016 150486 239075 64027 150480 64002 64013 
10 : 20591 28032 206586 208393 20573 20587 20588 28022 28023 206580 
10 : 64769 12570 58655 248543 12546 58633 64771 12545 12571 58658 
10 : 35898 240154 156780 100811 35895 35887 35882 156779 100808 100798 
10 : 248547 248545 192193 248548 248698 192197 261118 192194 248700 192200 
10 : 164352 244061 241320 231165 164351 164350 164349 241319 231164 231162 
10 : 157892 208705 208727 205953 157885 157886 157883 208700 205944 205945 
10 : 175814 248640 248644 248641 175815 175820 175817 255307 255304 261212 
10 : 169383 247845 108518 126562 169382 108509 126551 108517 126561 108507 
10 : 100414 121906 102959 236979 100399 100397 100411 102938 121901 102954 
10 : 102723 248760 67537 244955 102728 67515 102722 67542 244959 67536 
10 : 16821 248799 134698 194758 16824 16809 16812 134705 194762 134689 
10 : 152077 79623 248857 39894 79610 152081 39874 79638 39868 39902 
10 : 176752 212757 152622 188194 176746 152603 176741 152610 188184 152604 
10 : 248888 241413 248887 242363 241417 261313 242368 241416 241411 242367 
10 : 161641 171496 19497 248895 161634 19478 161651 19481 171507 19506 
10 : 43750 225490 248933 248929 43746 43758 43754 225496 225494 263805 
10 : 199807 42868 20562 248936 42862 20554 199809 20538 42872 20565 
10 : 1874 130846 47484 249045 1860 1851 1878 47467 130851 47488 
10 : 72018 249048 231584 186652 72024 72012 72007 231593 186664 186646 
10 : 246106 41765 55783 214841 41763 55781 214839 41738 41760 55778 
10 : 125405 198600 64714 204845 125394 64694 125397 64703 198590 64706 
10 : 86584 132185 87455 244360 86570 86568 86582 87436 132184 87453 
10 : 96430 219940 249080 249082 96427 96432 96433 219942 219943 252684 
10 : 42679 136510 249131 182652 42664 42682 42670 136517 136501 182657 
10 : 183835 216844 249134 249128 183828 183841 183836 216856 216846 255760 
10 : 25098 110494 195470 19844 25091 25093 19823 110485 19831 19836 
10 : 14552 151100 249158 35648 14536 14554 14530 151103 35630 35652 
10 : 198266 6026 249197 228153 6019 198274 198263 6034 6024 228160 
10 : 249232 238880 249233 249231 238887 262924 251985 238888 238881 251986 
10 : 249241 104208 73771 249242 104210 73775 255998 73753 104211 73776 
10 : 99648 249363 244809 109543 99654 99647 99634 244816 109553 109542 
10 : 249362 153117 209739 249360 153124 209748 259115 153109 153122 209744 
10 : 28006 161998 249399 214490 27996 28007 28001 161999 161992 214492 
10 : 239882 189166 249406 173277 189164 239889 173276 189172 173267 173285 
10 : 240136 90314 131038 172709 90313 131036 172708 90295 90299 131021 
10 : 249527 30563 137693 88791 30566 137698 88796 30551 30545 88779 
10 : 110247 249611 74571 204124 110248 74556 110238 74572 204125 74567 
10 : 157596 249648 104602 240471 157600 104590 157594 104606 240476 104601 
10 : 69674 33828 107758 249656 33809 69661 69679 33813 33832 107761 
10 : 71990 62664 249716 5142 62646 71991 5124 62665 5122 5144 
10 : 248757 74873 249736 241476 74872 248764 241475 74880 74868 241484 
10 : 249755 240553 242144 249756 240555 242148 265030 240551 240556 242150 
10 : 216287 80119 169657 174687 80117 169655 174676 80112 80113 169650 
10 : 238734 34292 149965 192216 34289 149963 192210 34282 34285 149956 
10 : 104158 249805 225180 249800 104163 104152 104159 225190 249907 225181 
10 : 66085 190778 7496 162439 66078 7471 66074 7486 162429 7482 
10 : 249842 63557 214225 159761 63559 214233 159765 63555 63550 159751 
10 : 249850 249856 249853 249848 257122 257119 255413 258994 255421 255414 
10 : 215553 73082 249928 74474 73074 215556 74462 73085 73056 74479 
10 : 249966 193952 48209 243935 193956 48212 243940 48200 193950 48208 
10 : 93429 72831 119774 81225 72807 93416 81200 72812 72806 81206 
10 : 40134 201601 187159 202993 40125 40124 40126 187148 201592 187149 
10 : 50731 74149 250041 98038 50715 50732 50719 74153 74132 98041 
10 : 250056 250057 229383 228643 264844 229391 228651 229392 228652 228640 
10 : 173442 178881 250140 205295 173434 173444 173436 178883 178872 205297 
10 : 194641 188243 148929 17374 188236 148919 17364 148918 17363 17357 
10 : 161450 250220 222554 250219 161459 161444 161456 222562 263762 222560 
10 : 33887 250367 3320 118704 33888 3291 33871 3321 118705 3299 
10 : 2061 33061 250376 234015 2047 2068 2058 33068 33056 234029 
10 : 250405 225824 250402 248401 225829 258499 248409 225825 225822 248402 
10 : 250491 250484 165502 250485 255676 165513 256913 165504 255672 165505 
10 : 174281 175778 239001 160047 174272 174279 160034 175775 160035 160044 
10 : 137076 209238 230337 250557 137066 137073 137079 209234 209240 230339 
10 : 250644 42602 250647 250649 42607 263242 263243 42610 42611 265501 
10 : 170182 34726 243282 250675 34716 170180 170184 34724 34729 243283 
10 : 138450 140943 118469 74322 138443 118451 74306 118453 74307 74303 
10 : 250745 119233 250743 241291 119236 254769 241295 119234 119232 241292 
10 : 59983 80237 193184 152059 59970 59978 59975 80229 80227 152052 
10 : 102274 250748 250747 31747 102277 102276 31726 257575 31751 31749 
10 : 227576 213073 248896 250773 213066 227575 227587 213072 213082 248903 
10 : 2496 8326 143930 219249 2477 2484 2489 8311 8321 143925 
10 : 32902 150997 180956 250583 32892 32895 32901 150989 150996 180955 
10 : 203120 246268 73646 204920 203118 73633 203111 73644 204918 73634 
10 : 207537 200047 43216 15560 200043 43206 15551 43205 15550 15526 
10 : 248514 110249 250861 246573 110246 248515 246571 110251 110245 246574 
10 : 250860 248646 250863 2558 248647 251295 2559 248650 2557 2563 
10 : 236074 178382 205744 24315 178378 205742 24311 178374 24297 24306 
10 : 165277 913 64974 207772 904 64961 165271 896 910 64969 
10 : 46358 247204 250984 145375 46356 46363 46348 247211 145373 145381 
10 : 180957 251061 247825 195744 180959 180953 180940 247828 195748 195742 
10 : 218178 196512 121655 243893 196503 121647 218177 121645 196511 121654 
10 : 231322 189013 117749 251127 189009 117745 231324 117735 189016 117751 
10 : 213839 216451 201749 245159 213830 201736 213838 201737 216450 201748 
10 : 127175 138824 241709 143495 127164 127172 127165 138819 138804 143489 
10 : 251203 249343 58711 187927 249353 58719 187935 58710 187925 58700 
10 : 123699 46659 134920 192393 46638 123688 123691 46643 46651 134910 
10 : 210511 211483 47012 197731 210503 47002 197720 47003 197721 46997 
10 : 251325 224135 229091 187410 224136 229093 187411 224131 187402 187404 
10 : 251362 17430 55344 85840 17434 55350 85849 17412 17414 55326 
10 : 251367 205007 136296 212577 205011 136301 212580 136283 204999 136286 
10 : 142567 140671 165089 23238 140656 142555 23223 140662 23222 23226 
10 : 231395 139843 235879 213162 139838 231390 213152 139840 139836 213155 
10 : 235350 246850 142829 250263 235348 142826 235349 142827 246849 142828 
10 : 251484 102060 199203 242809 102067 199211 242818 102050 102058 199201 
10 : 75801 182135 249423 251487 75793 75800 75805 182134 182141 249428 
10 : 229533 251530 186056 95874 229537 186049 95866 186059 95880 95860 
10 : 251605 139575 55066 251602 139585 55074 254969 55053 139577 55068 
10 : 103302 21383 23860 83949 21363 23838 83924 21356 21362 23836 
10 : 251608 251607 251613 251609 254242 257008 257004 254248 254243 258526 
10 : 161826 181967 251615 200080 161817 161831 161819 181970 181958 200082 
10 : 103919 251651 251652 251653 103922 103924 103926 260598 260599 261635 
10 : 33700 251695 15376 251693 33706 15353 33704 15382 258125 15378 
10 : 233709 209975 233649 189484 209971 233646 189477 209970 189470 189476 
10 : 251793 251792 207773 251789 264805 207785 259615 207783 259613 207778 
10 : 63163 235786 96971 201932 63161 63148 63156 96968 201928 96959 
10 : 190662 204892 236574 26123 190656 190658 26107 204887 26110 26116 
10 : 247991 2560 199843 251829 2556 199840 247992 2550 2562 199844 
10 : 220510 225492 82040 37070 220507 82036 37062 82037 37064 37048 
10 : 196676 251871 159131 251869 196679 159118 196678 159137 255983 159136 
10 : 77082 251892 204659 188642 77088 77076 77075 204665 188649 188633 
10 : 26515 126425 77731 208748 26502 26499 26510 77714 126420 77724 
10 : 226431 103093 251971 131506 103085 226444 131498 103099 103077 131514 
10 : 251968 142809 187235 161452 142813 187236 161455 142802 142800 161440 
10 : 252002 252001 121935 41889 264382 121942 41893 121941 41892 41865 
10 : 97034 252009 178572 247525 97039 97026 97033 178582 247539 178571 
10 : 163603 165988 252005 211570 163588 163605 163594 165993 165978 211577 
10 : 252013 231179 227634 68227 231183 227641 68234 227631 68223 68222 
10 : 187750 252024 228409 242627 187765 187746 187748 228416 242636 228406 
10 : 228625 8698 239059 224496 8693 228622 224490 8695 8692 224492 
10 : 5204 13668 66087 202917 5187 5192 5199 13651 13661 66079 
10 : 14670 40478 4531 174689 14652 4499 14664 4500 40463 4517 
10 : 176353 136297 92072 126239 136281 92059 126222 92055 126220 92054 
10 : 197845 217413 207869 226150 197836 197833 197838 207856 217409 207858 
10 : 252148 252147 202075 210224 258911 202079 210229 202077 210227 202066 
10 : 185511 243850 126680 252183 185509 126666 185513 126678 243852 126685 
10 : 242580 142724 91197 210465 142720 91192 210461 91171 142709 91182 
10 : 250672 229989 60053 221011 229988 60052 221010 60049 221006 60048 
10 : 252352 202961 191847 10157 202964 191848 10159 191836 10148 10147 
10 : 230695 210948 252357 252355 210946 230700 230696 210953 210949 254066 
10 : 73741 252360 119890 96358 73744 73727 73723 119892 96364 96340 
10 : 69182 252367 211718 98039 69191 69176 69165 211729 98046 98031 
10 : 92153 42730 252385 59113 42707 92157 59090 42734 42706 59117 
10 : 222168 252416 251517 235380 222171 222167 222164 251523 235387 235379 
10 : 194506 252427 13040 185202 194510 13030 185189 13042 185206 13028 
10 : 252567 127096 94978 205994 127103 94981 205999 94962 127091 94972 
10 : 51735 61354 192578 204126 51716 51726 51727 61343 61345 192567 
10 : 129427 155726 200223 62836 129415 129419 62813 155719 62817 62824 
10 : 157787 226742 252669 218831 157784 157788 157782 226745 218824 218833 
10 : 4128 164980 252757 44920 4111 4129 4104 164981 44907 44923 
10 : 65367 184743 20934 134317 65358 20907 65353 20924 134306 20912 
10 : 252794 172579 242505 138608 172581 242508 138611 172578 138594 138606 
10 : 17018 128380 241795 174064 17003 17017 17006 128375 128364 174060 
10 : 190966 252836 232655 214413 190970 190963 190960 232659 214417 214408 
10 : 167441 93577 182726 252871 93564 167432 167447 93566 93586 182734 
10 : 206284 109138 252873 101946 109128 206286 101937 109141 101923 101950 
10 : 139576 8564 244672 66158 8547 139574 66132 8562 8542 66152 
10 : 205336 89688 252905 252906 89675 205342 205343 89691 89692 264528 
10 : 83589 252930 252929 252932 83592 83590 83595 255453 262710 255455 
10 : 33910 206860 214243 180973 33904 33907 33902 206855 180966 180967 
10 : 252936 137128 219611 116182 137136 219619 116194 137123 116164 116175 
10 : 227811 42335 223463 227071 42330 223457 227064 42328 42329 223456 
10 : 215438 240257 148333 234134 215436 148318 215433 148329 234132 148326 
10 : 248479 252988 252991 159474 248481 248483 159467 259037 159475 159477 
10 : 253027 241465 23998 193873 241472 24005 193881 23996 193870 23987 
10 : 241105 253032 431 25678 241111 426 25673 438 25684 406 
10 : 141880 253051 248328 121565 141885 141877 121549 248336 121571 121563 
10 : 61355 160629 116036 219324 61340 61338 61349 116017 160624 116026 
10 : 127616 253098 253100 160801 127617 127618 127607 257349 160802 160804 
10 : 200784 20742 121515 251107 20728 121504 200783 20724 20741 121513 
10 : 253139 223947 182540 165390 223956 182549 165396 182537 165383 165374 
10 : 7903 242947 230399 253143 7899 7897 7910 230394 242951 230407 
10 : 187471 249892 143174 253187 187467 143157 187472 143169 249894 143177 
10 : 253190 34174 253191 7169 34177 261186 7172 34180 7145 7174 
10 : 209937 77627 251244 133578 77618 209936 133566 77626 77611 133577 
10 : 122182 253230 165406 205156 122184 122178 122180 165410 205161 165400 
10 : 229980 186034 237122 110031 186028 229976 110023 186029 110015 110027 
10 : 156675 227768 222571 13976 156665 156664 13955 222565 13970 13969 
10 : 253290 159520 53404 196811 159527 53408 196816 53393 159514 53395 
10 : 241443 74689 197079 246355 74685 197072 241441 74681 74687 197073 
10 : 185149 245655 253292 253217 185146 185150 185147 245656 245654 253218 
10 : 253298 177408 238419 253173 177412 238425 253179 177401 177405 238417 
10 : 253315 190099 253313 26081 190101 255243 26083 190100 26070 26082 
10 : 247554 253352 253353 199924 247555 247559 199922 254086 199925 199929 
10 : 135796 153059 253399 140129 135783 135799 135782 153064 140112 140137 
10 : 253406 153096 70854 253408 153100 70858 262694 70837 153102 70859 
10 : 196955 207032 5471 253432 196950 5455 196962 5459 207038 5477 
10 : 253263 182919 167194 253436 182918 167193 253269 167178 182925 167201 
10 : 253463 87579 133854 253462 87583 133861 257694 87564 87580 133857 
10 : 198525 47243 218038 175739 47233 198518 175723 47237 47230 175730 
10 : 220416 116844 253607 146426 116839 220419 146417 116854 116829 146434 
10 : 211305 104579 161481 153442 104570 161468 153430 104565 104563 153422 
10 : 162614 248851 253657 253653 162609 162620 162617 248860 248855 262982 
10 : 216802 93815 126240 4532 93808 126231 4523 93798 4508 4513 
10 : 231501 226489 241922 253695 226485 231497 231503 226486 226493 241925 
10 : 155945 191249 80390 242725 155935 80372 155942 80375 191248 80387 
10 : 224268 253756 85076 127471 224271 85065 127460 85078 127474 85056 
10 : 149948 225240 253777 242915 149944 149949 149947 225242 225237 242916 
10 : 161888 130368 253780 231050 130352 161890 161884 130370 130361 231051 
10 : 253779 220745 226138 119859 220746 226139 119860 220741 119851 119853 
10 : 132415 253813 235693 194418 132416 132410 132406 235696 194420 194416 
10 : 90439 233026 253819 239368 90434 90447 90436 233031 233022 239376 
10 : 27829 253825 253824 251034 27834 27833 27827 264919 251042 251040 
10 : 197898 253839 253841 251800 197903 197905 197897 262359 251804 251807 
10 : 253854 246172 253853 66949 246178 259480 66953 246177 66946 66952 
10 : 143707 33890 137077 253894 33874 137063 143711 33873 33895 137084 
10 : 51340 185272 14735 253896 51331 14716 51341 14730 185273 14736 
10 : 126210 240729 246539 1139 126207 126209 1118 240727 1133 1135 
10 : 117916 133125 117722 244560 117905 117702 117914 117705 133122 117719 
10 : 231156 230657 253927 234337 230650 231157 231154 230658 230652 234338 
10 : 155367 199327 173261 235598 155358 155354 155363 173251 199324 173255 
10 : 156377 250238 117238 18308 156375 117221 18291 117236 18306 18286 
10 : 253962 250330 225130 253960 250336 225135 256348 225129 250332 225132 
10 : 253467 59914 254006 181234 59912 253470 181233 59919 59903 181243 
10 : 212193 29259 254008 150690 29248 212196 150681 29262 29241 150693 
10 : 246401 254070 93977 247393 246404 93974 246399 93988 247404 93975 
10 : 205649 254077 23392 128053 205652 23387 128044 23393 128056 23372 
10 : 250574 91346 59114 31134 91343 59112 31131 59089 31107 31105 
10 : 68854 12442 204593 154985 12423 68846 68843 12433 12429 154970 
10 : 100996 101884 226693 238804 100979 100992 100994 101877 101878 226688 
10 : 168539 254155 250356 37290 168544 168537 37271 250364 37298 37287 
10 : 236544 130164 96873 253908 130159 96869 236543 96858 130163 96872 
10 : 254207 30017 176781 241797 30030 176794 241807 30006 30014 176778 
10 : 254222 105633 54743 252654 105634 54744 252657 54728 105632 54742 
10 : 152381 127414 63085 228352 127400 63063 152378 63058 127411 63077 
10 : 150132 230697 79760 102303 150126 79745 102285 79756 102296 79742 
10 : 237903 196884 239562 224930 196880 237901 224925 196881 196876 224926 
10 : 254288 224038 111467 235713 224043 111471 235721 111459 224034 111463 
10 : 75802 254324 254325 254322 75806 75807 75804 264735 260733 260734 
10 : 29194 222487 214692 213292 29187 29185 29184 214686 213284 213282 
10 : 133750 105562 60585 253704 105541 60566 133749 60562 105561 60584 
10 : 181826 54166 254328 235079 54154 181829 181819 54169 54160 235084 
10 : 243916 131438 155565 203665 131434 155563 203662 131419 131424 155556 
10 : 19188 232814 200437 52203 19183 19179 19166 200431 52198 52190 
10 : 224023 245814 66402 218626 224021 66391 218620 66398 218625 66389 
10 : 227636 254440 254442 254439 227638 227643 227637 258576 257856 257863 
10 : 91775 80262 254470 228213 80248 91783 91765 80269 80257 228219 
10 : 181790 254526 73907 124100 181793 73897 124086 73912 124104 73888 
10 : 140848 158262 90372 132614 140838 90356 132597 90358 132599 90353 
10 : 189434 232299 143657 219756 189429 143646 189428 143653 219747 143650 
10 : 236002 254578 254579 245676 236008 236011 235997 265126 245686 245687 
10 : 189115 213466 216845 254586 189108 189109 189117 213458 213473 216854 
10 : 142895 254611 188082 229567 142896 142889 142892 188083 229569 188076 
10 : 75871 79181 83443 225799 75853 75854 75866 79161 79174 83439 
10 : 174111 232388 75023 206538 174109 75009 174107 75019 206533 75014 
10 : 66272 109139 234079 123644 66258 66269 66262 109133 109122 123636 
10 : 205299 49048 236726 254696 49036 205292 205310 49043 49058 236738 
10 : 254757 226174 101071 79761 226181 101080 79773 101060 79753 79741 
10 : 230956 246322 250868 185795 230953 230955 185787 246319 185791 185794 
10 : 245475 135844 31588 111233 135843 31583 111228 31568 111209 31565 
10 : 254849 254851 191643 214581 262188 191648 214584 191651 214586 191635 
10 : 158910 254857 254853 244277 158917 158911 158909 255869 244285 244278 
10 : 235304 108191 225077 232323 108184 225065 232317 108181 108183 225064 
10 : 254912 136730 242813 127136 136736 242815 127139 136726 127110 127131 
10 : 254923 105563 254922 55940 105566 259856 55943 105565 55906 55942 
10 : 254972 232800 251943 241933 232804 251945 241936 232799 232798 241930 
10 : 255013 161229 241152 129844 161231 241155 129846 161226 129832 129839 
10 : 62392 187875 255053 243749 62386 62394 62390 187877 187870 243751 
10 : 239310 21385 255141 228353 21379 239312 228344 21386 21378 228358 
10 : 222724 107759 211485 231404 107753 211476 222722 107748 107755 211477 
10 : 15163 229125 115551 105360 15158 15147 15146 115544 105353 105335 
10 : 255257 240918 255254 249701 240925 262777 249706 240920 240915 249703 
10 : 255266 255264 130948 169717 264977 130957 169725 130955 169723 130938 
10 : 86022 216128 187060 210618 86017 86011 86015 187053 210607 187051 
10 : 255324 255323 201604 50528 259954 201607 50533 201606 50532 50516 
10 : 51017 100263 255351 255354 50999 51020 51023 100266 100270 260239 
10 : 248395 220954 208634 246697 220952 208631 246696 208623 220951 208629 
10 : 112985 255370 228645 235043 112986 112978 112980 228646 235044 228641 
10 : 1907 255395 121680 245259 1916 1891 1902 121690 245267 121675 
10 : 195548 66501 255399 239810 66497 195552 195546 66505 66499 239815 
10 : 65816 192443 250548 62550 65804 65815 62527 192442 62536 62548 
10 : 81309 229760 195473 255430 81307 81303 81312 195466 229764 195477 
10 : 111046 198122 172028 245003 111040 111038 111044 172017 198119 172023 
10 : 191625 243785 35499 149345 191620 35484 149333 35493 149341 35480 
10 : 249275 80703 217428 246013 80700 217426 246012 80692 80699 217423 
10 : 142448 251094 149848 133882 142446 142437 133862 149847 133880 133865 
10 : 222717 250753 239126 173094 222714 222713 173083 239123 173090 173087 
10 : 19158 240146 251685 172249 19155 19157 19146 240145 172240 172248 
10 : 126122 219631 221841 236456 126115 126116 126118 219623 219625 221834 
10 : 157997 255602 106661 255606 157999 106649 158003 106663 258944 106667 
10 : 244502 198110 78506 238384 198104 78505 238381 78499 198101 78504 
10 : 88185 202329 199666 255607 88177 88176 88188 199660 202332 199673 
10 : 130200 115763 115823 252402 115749 115805 130199 115748 115762 115822 
10 : 184288 172969 253055 80173 172959 184286 80156 172968 80154 80172 
10 : 118086 127236 255697 162736 118070 118091 118076 127241 127221 162741 
10 : 252322 68502 255702 247618 68500 252326 247616 68506 68499 247625 
10 : 155727 153000 67141 158771 152987 67119 155716 67118 152988 67120 
10 : 9416 195474 244484 196623 9405 9412 9407 195468 195459 196618 
10 : 150998 247240 255799 116896 150995 151003 116881 247244 116893 116901 
10 : 105286 255819 166404 255822 105287 105276 105295 166405 256075 166414 
10 : 205101 255824 250735 255825 205104 205099 205105 250738 262337 250739 
10 : 255852 255853 145237 88691 265121 145244 88697 145247 88699 88664 
10 : 101644 76821 230536 80174 76804 101639 80148 76817 76801 80168 
10 : 252597 22286 91122 137208 22284 91121 137205 22276 22279 91107 
10 : 167784 6675 245004 99567 6658 167781 99552 6672 6651 99562 
10 : 255911 255912 236595 255910 262629 236597 258009 236599 258011 236596 
10 : 194727 171832 131599 255916 171825 131589 194728 131584 171835 131603 
10 : 198016 103122 223137 187849 103112 198011 187830 103116 103110 187838 
10 : 162100 254893 143679 48179 162098 143665 48159 143678 48177 48157 
10 : 248649 170849 230499 33593 170847 230495 33588 170841 33576 33583 
10 : 231556 226317 256094 254412 226313 231559 231554 226319 226316 254416 
10 : 253724 216662 256102 132949 216661 253732 132948 216669 132938 132953 
10 : 256146 78943 11494 65123 78946 11498 65124 11471 65097 11469 
10 : 173770 256169 253418 168668 173776 173765 168652 253424 168670 168664 
10 : 229487 49494 108291 27701 49488 108288 27694 49472 27674 27681 
10 : 227509 208253 250955 111838 208247 227508 111833 208252 111829 111836 
10 : 231372 19963 256271 203666 19957 231373 203659 19966 19952 203669 
10 : 254880 79471 221575 237208 79470 221574 237207 79456 79461 221565 
10 : 256274 136078 224943 173952 136084 224947 173958 136070 136065 173948 
10 : 169565 135158 175832 256352 135147 169556 169566 135148 135159 175835 
10 : 249374 116525 25061 53975 116523 25060 53971 25049 53954 25040 
10 : 166829 39015 168019 7212 39002 166820 7197 39003 7180 7198 
10 : 218136 102963 232157 111234 102950 218128 111223 102953 102937 111225 
10 : 175523 112052 256435 172522 112040 175524 172508 112054 112039 172524 
10 : 195102 155765 256464 32015 155756 195105 32004 155767 32000 32019 
10 : 114103 256493 256496 246366 114105 114108 114101 260709 246370 246375 
10 : 256495 256494 70669 169787 262284 70675 169792 70673 169791 70653 
10 : 75115 83383 245337 256525 75097 75110 75117 83378 83386 245340 
10 : 77822 55 256549 12876 37 77827 12856 58 34 12884 
10 : 256562 72646 18309 256563 72647 18310 257442 18279 72648 18311 
10 : 23329 34148 78374 239014 23304 23307 23325 34130 34141 78369 
10 : 152595 130166 253734 109670 130147 152592 109650 130162 109648 109669 
10 : 256603 88562 115824 256602 88569 115831 264827 88541 88568 115830 
10 : 256604 168298 252403 193066 168304 252411 193074 168296 168282 193064 
10 : 189054 99447 244316 139184 99430 189049 139168 99444 99419 139180 
10 : 241127 223174 256642 142075 223169 241132 142069 223177 142065 142084 
10 : 256668 47245 256664 188620 47249 263918 188626 47248 47232 188623 
10 : 256707 256706 105187 255744 264109 105192 255748 105191 255746 105186 
10 : 220521 233323 136360 138744 220519 136351 138736 136354 138738 136341 
10 : 107587 239870 256734 177060 107583 107591 107579 239873 177055 177070 
10 : 193281 123955 249433 79508 123942 193279 79493 123952 79479 79505 
10 : 256869 214141 42366 137740 214144 42371 137744 42357 137730 42345 
10 : 175315 150622 16757 120834 150617 16744 120824 16742 120822 16738 
10 : 192777 178705 79734 24316 178694 79720 24302 79718 24298 24289 
10 : 168521 241815 256968 42926 168518 168523 42911 241817 42921 42928 
10 : 188598 254193 234059 254278 188596 188593 188597 234055 254192 234056 
10 : 70242 188084 256992 173168 70230 70245 70229 188088 173155 173173 
10 : 180531 94115 167556 256993 94101 167541 180537 94098 94120 167562 
10 : 248746 92019 256995 11533 92017 248748 11530 92022 11512 11536 
10 : 160567 257006 68444 228357 160571 68426 160559 68448 228361 68437 
10 : 246908 252746 253628 23867 246906 246907 23857 252744 23861 23862 
10 : 231938 51455 143258 59012 51448 143248 59004 51440 51435 58991 
10 : 103280 110550 22893 146951 103266 22871 103267 22873 110534 22874 
10 : 212291 221069 52415 157570 212287 52400 157555 52402 157557 52397 
10 : 257106 219490 191538 257105 219497 191544 263663 191524 219494 191542 
10 : 257129 256060 225465 65597 256063 225468 65599 225464 65596 65587 
10 : 257130 76822 253057 152190 76826 253061 152196 76820 76809 152185 
10 : 236328 257134 246186 125461 236329 236326 125451 246189 125464 125455 
10 : 246410 40201 257137 193145 40194 246412 193139 40203 40187 193148 
10 : 61392 192861 52052 257160 61383 52025 61393 52043 192862 52053 
10 : 15445 213570 242259 242146 15433 15441 15440 213563 213562 242143 
10 : 239048 84258 175563 42514 84252 175561 42508 84243 42493 42502 
10 : 166449 200721 249098 231855 166439 166447 166445 200718 200715 231853 
10 : 22602 172503 223658 191921 22588 22594 22591 172495 172492 191916 
10 : 257278 222871 167826 257280 222872 167827 257679 167822 222875 167830 
10 : 62095 257306 195132 257303 62100 62088 62096 195139 260275 195134 
10 : 123370 121540 57065 257304 121522 57048 123375 57047 121544 57069 
10 : 177208 6031 182921 139526 6015 177199 139508 6016 6011 139511 
10 : 253299 243244 167728 11079 243242 167725 11078 167723 11076 11066 
10 : 172378 201850 256416 244280 172366 172376 172371 201848 201845 244279 
10 : 257374 53208 131454 125990 53213 131459 125996 53193 53191 125975 
10 : 257460 257458 141542 257457 262618 141552 261521 141549 261519 141546 
10 : 257493 257489 257492 248809 263616 264430 248819 263615 248814 248817 
10 : 153609 40615 171185 42367 40596 153599 42350 40600 40588 42353 
10 : 204151 113669 227450 182233 113660 204148 182219 113664 113657 182224 
10 : 240354 159733 257505 76296 159731 240358 76294 159741 76279 76302 
10 : 231843 257564 124417 256370 231846 124412 231841 124420 256375 124415 
10 : 25612 87 254450 251250 62 25611 25610 86 85 251249 
10 : 143911 167172 53805 183208 143898 53784 143901 53787 167160 53791 
10 : 46630 193755 114467 175468 46627 46618 46624 114453 175451 114449 
10 : 257612 257613 257614 211506 260941 260942 211507 263221 211510 211511 
10 : 163333 46511 4371 107409 46498 4356 107395 4338 46491 4347 
10 : 224139 69931 183072 171992 69925 183065 171982 69919 69918 171978 
10 : 114919 227245 241624 253554 114908 114911 114916 227240 227244 241621 
10 : 78238 101292 35752 45978 78218 35735 45957 35737 45959 35731 
10 : 94135 203354 92075 73116 94127 92050 73090 92061 73101 73088 
10 : 100663 214706 257710 227398 100652 100669 100654 214712 214698 227407 
10 : 214257 15646 204923 190123 15639 204913 190111 15637 15635 190110 
10 : 93137 131794 15072 257725 93120 15050 93138 15052 131796 15073 
10 : 134516 257744 239802 225773 134518 134511 134509 239807 225777 225767 
10 : 188768 249470 144941 151200 188766 144930 151185 144939 151194 144922 
10 : 5235 158126 257752 257751 5223 5238 5237 158128 158127 259331 
10 : 206096 99628 149122 249303 99617 149107 206093 99610 99627 149121 
10 : 27799 257770 257768 257767 27806 27804 27801 264296 260277 260273 
10 : 257778 68746 31872 13864 68751 31882 13871 31848 13837 13835 
10 : 256071 206173 222688 257808 206172 222687 256074 206165 206178 222693 
10 : 155177 209994 239271 236835 155164 155172 155171 209988 209987 236831 
10 : 153077 117446 2411 252660 117434 2396 153075 2394 117444 2409 
10 : 236039 53806 170107 199418 53797 170102 199413 53788 53792 170096 
10 : 139868 257938 176469 131481 139873 139854 131462 176475 131489 131467 
10 : 257944 85429 239172 244281 85431 239177 244284 85422 85424 239166 
10 : 143107 182187 257984 218978 143096 143111 143101 182190 182180 218983 
10 : 86452 206986 257987 157752 86444 86459 86435 206988 157744 157758 
10 : 257994 257989 221745 137078 258564 221751 137083 221746 137080 137071 
10 : 258017 143913 213219 251252 143915 213224 251257 143906 143909 213217 
10 : 258025 229609 191425 258024 229611 191428 260960 191416 229610 191427 
10 : 119969 258032 135821 212598 119970 119947 119958 135825 212600 135808 
10 : 258033 199762 78173 71892 199765 78179 71899 78160 71875 71863 
10 : 208975 184469 3193 209766 184462 3180 208966 3177 184463 3181 
10 : 17882 140945 7053 90636 17869 7021 17866 7035 90616 7029 
10 : 258071 37999 222585 258067 38002 222591 260271 37988 38000 222587 
10 : 258091 7170 147182 176394 7176 147190 176400 7154 7157 147168 
10 : 191765 98017 258105 257291 98008 191767 191764 98019 98016 257295 
10 : 120532 64252 254801 108908 64234 120531 108885 64251 64232 108906 
10 : 106432 80924 196527 104457 80911 106426 104439 80918 80907 104447 
10 : 126842 80784 230904 60651 80773 126839 60636 80782 60628 60647 
10 : 67058 62149 240103 60206 62127 67053 60178 62143 60177 60198 
10 : 230474 130510 3991 233797 130503 3980 230463 3968 130504 3982 
10 : 223001 258230 178421 165191 223004 178412 165181 178425 165195 165175 
10 : 80816 253638 143576 258237 80815 80799 80817 143575 253639 143577 
10 : 37430 3630 232718 52708 3609 37424 37411 3625 3612 52702 
10 : 3228 258265 11990 234019 3234 3210 3224 11996 234027 11980 
10 : 29831 136121 239555 189630 29820 29829 29824 136117 136110 189627 
10 : 157135 238536 146430 181878 157128 146408 157119 146418 181863 146411 
10 : 258314 218337 257326 258315 218339 257329 260571 218336 218342 257331 
10 : 195302 159161 258319 157058 159149 195304 157044 159164 157040 157063 
10 : 22125 258323 165330 8163 22126 22112 8139 165332 8165 8151 
10 : 99831 99411 154699 218684 99394 99819 99823 99398 99403 154692 
10 : 87485 122291 14592 258340 87465 14561 87487 14570 122295 14594 
10 : 124719 161551 169508 38991 124709 124710 38967 161537 38972 38973 
10 : 231348 17944 46863 61504 17934 46855 61497 17917 17918 46831 
10 : 78529 23174 258358 108319 23151 78533 78514 23176 23157 108324 
10 : 95796 202771 199586 157753 95787 95786 95783 199579 157743 157742 
10 : 240334 182023 251933 187253 182018 240333 187248 182021 182010 187250 
10 : 37249 228979 3867 198618 37243 3836 37239 3859 198611 3854 
10 : 223705 156655 72391 205970 156649 72384 205962 72374 156644 72380 
10 : 258456 130325 258457 48181 130327 264994 48184 130328 48154 48185 
10 : 74829 255534 8957 229570 74828 8936 74823 8956 229568 8951 
10 : 157098 151979 247362 38992 151965 157096 38971 151975 38969 38989 
10 : 244380 134537 232603 218001 134529 232600 217996 134527 134525 217993 
10 : 89173 32477 258661 203086 32455 89174 89163 32478 32463 203087 
10 : 163734 258688 159375 258690 163737 159349 163739 159379 265272 159381 
10 : 258689 258687 57414 252054 262640 57419 252061 57416 252057 57412 
10 : 60174 210044 253511 238749 60167 60173 60171 210042 210039 238748 
10 : 128584 252464 245034 115464 128583 128581 115446 245032 115463 115462 
10 : 258714 152904 258716 182831 152907 259949 182832 152914 152893 182839 
10 : 157707 251533 253104 258795 157704 157705 157709 251532 251535 253105 
10 : 239556 155549 2531 258850 155546 2526 239557 2511 155552 2533 
10 : 21166 162147 256740 246358 21146 21163 21160 162144 162141 246356 
10 : 204110 239173 258871 108458 204104 204111 108450 239175 108454 108460 
10 : 258874 112630 13865 258878 112631 13866 259273 13839 112635 13870 
10 : 233196 165192 258884 258886 165184 233201 233202 165196 165197 264863 
10 : 1569 258940 258939 258938 1572 1571 1570 259817 259096 259094 
10 : 256673 51317 163254 259003 51316 163253 256674 51302 51320 163257 
10 : 233110 152811 38881 174664 152802 38877 174659 38865 152792 38868 
10 : 259007 104433 115081 29058 104434 115082 29059 104412 29043 29044 
10 : 180010 86295 259021 148848 86285 180011 148829 86296 86279 148850 
10 : 259049 100148 243803 259046 100154 243810 264370 100145 100152 243808 
10 : 205281 160112 244400 259054 160101 205277 205285 160109 160118 244405 
10 : 253694 219491 79916 185635 219488 79915 185634 79902 185624 79898 
10 : 126107 216788 132383 203525 126096 126088 126094 132376 203516 132374 
10 : 237016 218965 189056 217213 218959 189047 217205 189046 217201 189045 
10 : 254895 257819 173361 192135 254894 173358 192131 173359 192134 173349 
10 : 202056 254512 259151 102997 202055 202062 102984 254516 102996 103005 
10 : 84260 231856 244564 7867 84250 84254 7842 231852 7857 7862 
10 : 259187 155368 195535 259184 155373 195542 262113 155356 155371 195538 
10 : 95397 255371 227318 259217 95396 95394 95400 227316 255374 227321 
10 : 137401 127564 202117 187562 127545 137390 137389 127553 127549 187549 
10 : 59064 141931 114333 248811 59049 59048 59061 114317 141927 114328 
10 : 100124 248141 231436 259221 100120 100118 100130 231432 248145 231442 
10 : 249243 259245 252124 174416 249245 249240 174411 252126 174418 174413 
10 : 215745 231791 247876 91929 215735 215742 91920 231789 91923 91927 
10 : 229940 46222 205374 222586 46219 205366 222577 46217 46218 205365 
10 : 61471 113764 259272 238187 61455 61475 61465 113767 113759 238191 
10 : 259271 251199 250155 124444 251201 250157 124449 250153 124442 124441 
10 : 259159 246414 257424 178328 246413 257423 178327 246411 178323 178326 
10 : 126326 28639 259309 245678 28617 126328 126321 28642 28634 245684 
10 : 259328 237118 168022 199205 237119 168026 199208 168015 199199 168009 
10 : 259350 255473 226557 63332 255478 226559 63337 226555 63330 63322 
10 : 185240 259373 252884 259162 185242 185238 185239 252892 259168 252883 
10 : 82858 216576 172799 259383 82850 82841 82859 172791 216579 172801 
10 : 199763 237155 192033 51907 199755 192018 51890 192028 51900 51887 
10 : 31199 259434 257946 62699 31202 31198 31177 257950 62706 62698 
10 : 259494 244125 144441 227399 244126 144442 227401 144436 227392 144432 
10 : 259498 214210 228647 145683 214212 228648 145685 214204 145673 145675 
10 : 250910 251300 259522 6903 250907 250914 6898 251305 6899 6911 
10 : 88772 199497 144970 133674 88761 88754 88752 144953 133659 133652 
10 : 259567 154004 243796 242273 154006 243798 242274 154000 153999 242265 
10 : 199392 150080 60620 259570 150068 60607 199394 60601 150085 60624 
10 : 255798 247827 110360 244536 247826 110359 244533 110355 244530 110354 
10 : 246166 250448 79917 259591 246163 79911 246167 79914 250449 79918 
10 : 259603 209160 145476 74722 209167 145485 74730 145471 74714 74703 
10 : 86685 247642 138715 152300 86680 86670 86673 138712 152297 138698 
10 : 202057 170939 44921 259645 170927 44911 202061 44908 170942 44926 
10 : 237410 259644 186308 224649 237412 186301 224643 186311 224655 186296 
10 : 194805 215193 182213 196065 194799 182197 194798 182203 196053 182198 
10 : 189739 168854 58046 123986 168840 58032 123971 58029 123969 58022 
10 : 77167 238501 221361 169536 77164 77162 77156 221356 169528 169521 
10 : 207960 159228 196898 28117 159221 196891 28107 159219 28102 28104 
10 : 228805 240366 243110 259677 228800 228802 228809 240362 240368 243113 
10 : 222156 259725 259724 126568 222159 222158 126557 263637 126572 126569 
10 : 245279 143659 202347 118933 143656 202339 118928 143647 118913 118919 
10 : 61053 251428 85339 125206 61050 61035 61040 85335 125203 85324 
10 : 259812 226392 228770 247668 226394 228772 247670 226385 226388 228765 
10 : 204260 140387 216910 109426 140378 204256 109409 140380 109401 109411 
10 : 212434 259832 81924 176189 212436 81913 176177 81926 176190 81908 
10 : 150964 172433 86454 199587 150952 86434 150956 86438 172422 86442 
10 : 179807 119136 235641 259847 119123 179800 179813 119133 119138 235645 
10 : 259848 61580 259851 43660 61583 264813 43667 61585 43638 43671 
10 : 147135 84568 117271 259862 84548 117249 147142 84546 84573 117276 
10 : 200873 230476 257763 249876 200865 200872 200869 230473 230468 249873 
10 : 77281 259396 109504 109300 77280 77266 77265 109503 109299 109277 
10 : 256723 205010 118356 75564 205009 118354 75562 118342 75549 75542 
10 : 224966 259966 240223 145504 224968 224958 145495 240227 145508 145498 
10 : 177722 238911 151201 113222 177717 151182 113201 151192 113212 113195 
10 : 216246 259994 201620 254833 216250 201612 216244 201622 254835 201618 
10 : 188925 191426 195225 176786 188914 188915 176763 191411 176764 176765 
10 : 260020 260021 230032 174069 265451 230037 174079 230038 174080 174056 
10 : 166277 245987 214925 74192 166271 166267 74168 214918 74189 74186 
10 : 243986 258945 198048 18785 243984 198044 18776 198047 18783 18767 
10 : 215662 260080 245398 256938 215666 215657 215659 245401 256943 245395 
10 : 250769 154789 244885 168484 154784 244883 168481 154781 154773 168478 
10 : 260124 185064 44499 208267 185067 44501 208271 44481 185055 44489 
10 : 260140 243019 260142 180314 243020 262387 180315 243022 180303 180318 
10 : 62975 251901 177041 65874 62972 62958 62952 177039 65868 65853 
10 : 158129 149123 229910 243383 149103 158118 158121 149114 149117 229901 
10 : 219602 197047 168023 260194 197033 168012 219604 168008 197049 168027 
10 : 126191 241638 178488 25531 126184 126180 25509 178482 25525 25514 
10 : 260202 137154 122722 118234 137159 122726 118239 122706 118214 118212 
10 : 109142 140971 250233 225963 109123 109137 109132 140967 140962 225957 
10 : 260257 177610 76998 196286 177613 77001 196287 76981 177600 76983 
10 : 133647 192034 260260 164031 133636 133649 133634 192035 164011 164034 
10 : 113098 258036 231699 51051 113097 113092 51026 231698 51049 51040 
10 : 246597 246069 164402 165632 246065 164398 165628 164397 165627 164380 
10 : 260301 148713 132361 157355 148715 132363 157357 132344 148703 132345 
10 : 36311 152128 253279 145943 36298 36309 36297 152125 145922 145942 
10 : 161334 26426 260320 144136 26411 161335 144117 26427 26409 144137 
10 : 174865 39456 189953 260326 39443 174849 174868 39444 39458 189956 
10 : 225317 227452 166215 60238 225308 166208 60232 166209 60233 60222 
10 : 190968 53236 52603 88827 53226 52589 88808 52579 53215 52581 
10 : 252298 252805 226760 111123 252295 226755 111118 226757 111119 111111 
10 : 37827 194525 259095 162045 37814 37825 37809 194523 162031 162043 
10 : 258972 257399 96330 194834 257398 96329 194833 96327 194832 96318 
10 : 98642 210582 187564 78948 98629 98625 78921 187550 78934 78931 
10 : 260455 57278 222806 222474 57280 222807 222475 57267 57266 222457 
10 : 260470 92392 260471 134586 92393 260833 134587 92396 92381 134591 
10 : 258941 211799 214066 50343 211798 214064 50342 211786 50326 50327 
10 : 690 60026 162272 190274 676 682 685 60018 60019 162262 
10 : 112717 151880 253058 206684 112700 112715 112709 151873 151866 206679 
10 : 73247 228761 238631 65708 73242 73244 65678 228751 65695 65700 
10 : 86274 243075 259397 240430 86271 86273 86269 243074 240421 240429 
10 : 220856 88338 201429 260564 88330 201420 220860 88328 88342 201433 
10 : 200194 221290 43928 172251 200190 43909 172234 43913 172239 43905 
10 : 12107 180408 225728 251815 12092 12098 12103 180399 180406 225726 
10 : 187371 70403 156712 166407 70392 156702 166400 70388 70391 156698 
10 : 260623 230353 141639 195912 230354 141640 195913 141627 195897 141620 
10 : 195370 251480 139380 247326 195366 139361 195365 139374 247323 139372 
10 : 260669 239941 248490 152301 239942 248492 152304 239934 152295 152298 
10 : 229536 5208 123682 254569 5200 123674 229535 5195 5205 123680 
10 : 204596 10274 258640 6748 10266 204594 6733 10273 6719 6747 
10 : 233750 105189 253770 250470 105178 233744 233743 105183 105182 250467 
10 : 260701 26861 252063 191710 26862 252064 191711 26858 26846 191708 
10 : 260715 198144 259886 255381 198147 259892 255385 198143 198142 255379 
10 : 239608 86422 251554 217501 86417 239604 217491 86420 86413 217496 
10 : 251383 170472 240170 39900 170468 240167 39897 170466 39879 39892 
10 : 80522 247878 241639 160760 80518 80517 80510 241631 160750 160748 
10 : 158724 170940 218738 103000 158714 158719 102976 170931 102978 102989 
10 : 191066 142942 260819 109271 142927 191068 109259 142944 109255 109273 
10 : 216994 189404 259113 257902 189394 216991 216989 189402 189401 257900 
10 : 65215 813 260219 260840 786 65214 65217 812 817 260223 
10 : 149174 99112 16914 141177 99099 16894 141161 16889 99097 16893 
10 : 40889 257669 125802 183210 40888 40871 40876 125801 183209 125786 
10 : 126869 248562 260877 190712 126865 126872 126855 248567 190708 190715 
10 : 7575 260900 219576 208687 7577 7569 7567 219578 208689 208677 
10 : 165683 221415 214296 260905 165673 165671 165685 214287 221417 214298 
10 : 178536 183170 256471 198931 178529 178535 178530 183169 183160 198930 
10 : 117921 260939 110630 260940 117923 110606 117924 110632 263143 110633 
10 : 231110 94214 260957 260956 94203 231113 231111 94216 94215 261758 
10 : 130602 243099 182944 173696 130596 130588 130587 182939 173687 173675 
10 : 87053 222239 4840 75902 87046 4818 75877 4834 75891 4815 
10 : 182791 186195 238799 211330 182776 182785 182777 186192 186188 211326 
10 : 261020 252756 242298 150371 252760 242302 150375 242296 150369 150367 
10 : 190524 165119 214927 195250 165105 190515 190509 165109 165106 195237 
10 : 261032 261033 202348 242457 262944 202351 242461 202354 242464 202338 
10 : 135243 99938 245522 160253 99911 135237 135226 99933 99916 160248 
10 : 92020 249522 232870 235497 92018 92013 92014 232868 235494 232864 
10 : 50186 255570 261081 61647 50184 50189 50162 255574 61642 61651 
10 : 114922 131510 235612 138526 114897 114910 114898 131500 131491 138516 
10 : 182159 204701 68447 68784 182152 68430 68766 68432 68767 68418 
10 : 107308 221242 234809 222572 107299 107302 107300 221235 221233 222567 
10 : 247157 181581 261143 251803 181574 247162 247150 181586 181576 251809 
10 : 118427 137718 81667 238752 118408 81641 118421 81642 137716 81662 
10 : 216654 107511 253220 72799 107499 216652 72792 107507 72781 72797 
10 : 261179 223917 158774 140024 223918 158777 140026 158761 140016 140007 
10 : 261189 252541 17983 86485 252545 17988 86488 17977 86481 17958 
10 : 117532 261221 201010 74916 117534 117523 74886 201012 74919 74897 
10 : 261242 140675 194133 261244 140677 194134 262440 140666 140679 194135 
10 : 174633 222491 175617 154887 174624 174621 154870 175607 154875 154871 
10 : 247321 242713 214695 194113 242709 214689 194108 214688 194105 194096 
10 : 139268 261324 167730 199128 139273 139258 139261 167737 199132 167720 
10 : 261326 70797 222326 242781 70801 222332 242789 70787 70790 222319 
10 : 22352 88565 175048 261330 22328 22336 22354 88548 88567 175051 
10 : 217308 261343 45216 154473 217310 45202 154459 45218 154475 45198 
10 : 176422 261346 20433 225500 176424 20421 176416 20435 225505 20427 
10 : 60321 112251 233488 258879 60304 60313 60320 112244 112249 233487 
10 : 254773 21260 261362 84061 21258 254777 84059 21262 21235 84067 
10 : 254536 175335 39272 201468 175332 39269 201463 39255 175325 39258 
10 : 171171 189321 238898 261381 171162 171167 171173 189315 189325 238902 
10 : 10695 261405 257173 179275 10696 10694 10681 257174 179276 179273 
10 : 102189 116290 137300 214844 102165 102166 102176 116270 116282 137291 
10 : 37678 261422 123 59286 37679 93 37656 124 59287 94 
10 : 261444 261445 111088 260654 265283 111093 260658 111096 260661 111085 
10 : 24678 261453 59140 169719 24683 24659 24670 59150 169726 59135 
10 : 258430 177411 261487 81197 177410 258432 81196 177413 81180 81198 
10 : 157237 261488 261489 112296 157239 157240 112277 264890 112299 112301 
10 : 137860 115916 109917 246280 115905 109898 137855 109897 115913 109913 
10 : 246873 104557 54724 68342 104554 54722 68338 54706 68319 54703 
10 : 189169 261535 261534 234021 189171 189170 189163 262834 234024 234023 
10 : 211179 259436 99293 260126 211177 99274 211178 99291 259435 99292 
10 : 154320 214366 164773 243064 154315 154307 154317 164764 214363 164770 
10 : 214616 239806 249473 46106 214610 214613 46092 239798 46098 46101 
10 : 250985 193611 251277 261578 193606 250979 250987 193607 193615 251281 
10 : 261603 134186 218077 197643 134188 218081 197644 134175 134169 197632 
10 : 96437 260983 42879 229084 96436 42853 96428 42877 229082 42865 
10 : 261682 199669 220925 261681 199675 220931 265379 199662 199674 220929 
10 : 242576 129584 29898 195404 129580 29889 195398 29873 129572 29879 
10 : 246098 186965 256321 190798 186960 246095 190791 186963 186951 190796 
10 : 172395 80764 206437 242783 80750 172385 172391 80752 80760 206433 
10 : 63928 1465 73353 145945 1438 63913 63915 1439 1444 73331 
10 : 237188 253421 256067 26296 237182 237184 26285 253417 26290 26294 
10 : 75093 248943 159960 94737 75090 75080 75075 159954 94733 94714 
10 : 170397 129781 261834 258037 129768 170400 170395 129785 129779 258045 
10 : 231167 200667 33389 142961 200659 33381 142954 33376 142951 33369 
10 : 228325 39707 202519 16159 39696 202504 16149 39694 16126 16142 
10 : 247496 261898 164428 13705 247499 164419 13701 164431 13706 13688 
10 : 193432 26392 218193 261941 26380 193424 193433 26382 26394 218196 
10 : 211815 65740 176674 79511 65731 176659 79497 65726 65714 79491 
10 : 237582 261954 223452 71276 237584 223446 71270 223455 71278 71267 
10 : 221485 246199 241842 247970 221479 221478 221480 241840 246193 241841 
10 : 233997 193387 177892 23710 193376 177883 23699 177874 23692 23691 
10 : 62498 187761 258851 49052 62486 62497 49021 187757 49033 49051 
10 : 214115 122408 185299 235386 122395 185284 214110 122392 122400 185291 
10 : 164177 246028 30062 40378 164171 30045 40360 30057 40372 30032 
10 : 103465 146433 245488 127593 103444 103459 103443 146424 127571 127585 
10 : 96661 220360 255745 213360 96655 96659 96653 220356 213348 213356 
10 : 103818 8441 253060 262081 8416 103812 103821 8436 8444 253063 
10 : 230404 110876 254309 81263 110864 230400 81249 110872 81236 81258 
10 : 203627 246061 184185 63763 203624 184172 63744 184179 63753 63742 
10 : 90212 148824 254558 53676 90197 90210 53647 148823 53654 53671 
10 : 262118 167828 115323 53114 167831 115326 53119 115308 53096 53086 
10 : 233188 45217 234141 81401 45207 233182 81391 45208 45194 81392 
10 : 262147 154960 19229 164323 154961 19230 164324 19204 154941 19206 
10 : 82690 71037 16759 252278 71013 16733 82687 16730 71034 16756 
10 : 234 255201 167100 16160 229 216 205 167097 16155 16138 
10 : 257813 249220 242693 262209 249218 242689 257817 242686 249222 242697 
10 : 49169 178578 262230 201553 49154 49172 49157 178581 178562 201556 
10 : 58794 260014 180438 250434 58792 58783 58790 180437 250431 180435 
10 : 164758 125165 78146 66434 125151 78131 66417 78129 66413 66406 
10 : 261867 79766 262234 109790 79765 261868 109789 79770 79743 109797 
10 : 113765 46397 124448 31877 46373 113748 31853 46376 31847 31856 
10 : 259995 256531 31292 188117 256528 31291 188114 31290 188111 31274 
10 : 213842 112471 221427 181422 112460 213832 181404 112462 112456 181410 
10 : 259946 55991 201354 261429 55989 201352 259944 55978 55990 201353 
10 : 147136 197156 212373 243247 147129 147131 147134 197146 197148 212366 
10 : 132883 6577 209065 149250 6557 132874 132869 6567 6558 149229 
10 : 231276 251297 189935 170361 231273 189929 170351 189931 170357 170343 
10 : 192425 250771 136490 221958 192422 136480 192419 136488 221951 136483 
10 : 259869 214086 247073 22489 214083 247070 22486 214077 22478 22483 
10 : 254405 93139 193463 221442 93135 193462 221439 93124 93128 193455 
10 : 249671 262389 262388 202677 249676 249675 202668 265405 202681 202680 
10 : 244134 79213 149251 176215 79208 149243 176209 79195 79198 149227 
10 : 217840 214657 14251 262398 214642 14243 217843 14241 214661 14256 
10 : 262417 175373 262418 262415 175376 265200 263932 175377 175374 263934 
10 : 204955 244401 117871 76417 204948 117858 76401 117865 76410 76388 
10 : 72888 229419 187763 262485 72881 72875 72895 187747 229424 187766 
10 : 239688 3157 45408 249392 3150 45402 239683 3129 3151 45403 
10 : 49639 261734 260486 247074 49638 49637 49633 260485 247072 247071 
10 : 98241 221129 211778 193047 98233 98230 98228 211767 193035 193033 
10 : 262585 262586 208316 99804 262826 208317 99806 208319 99808 99797 
10 : 239855 143151 262598 135025 143142 239856 135017 143153 135001 135028 
10 : 150228 124359 150463 236305 124347 150217 150223 124348 124355 150450 
10 : 29198 175618 104722 259855 29182 29179 29196 104704 175615 104719 
10 : 209010 257125 32183 252786 209008 32163 209006 32179 252782 32175 
10 : 260880 262655 259956 235614 260881 259953 235611 259957 235615 235609 
10 : 2345 262660 152041 27589 2348 2331 2329 152047 27591 27569 
10 : 244003 259824 235325 64322 243999 235315 64314 235323 64319 64311 
10 : 246685 131484 208691 261722 131479 208683 246683 131469 131483 208688 
10 : 163372 100788 77660 75026 100779 77647 75008 77638 75001 74999 
10 : 218533 216196 262686 218632 216182 218537 218525 216200 216183 218634 
10 : 62181 3358 257979 254319 3333 62177 62174 3354 3353 254316 
10 : 179715 242410 209303 260866 179711 179702 179714 209297 242408 209302 
10 : 170145 129386 235260 238387 129369 170137 170139 129379 129380 235253 
10 : 146628 223081 158054 24911 146621 146612 24887 158045 24902 24890 
10 : 252096 18748 177161 15202 18741 177157 15197 18727 15171 15183 
10 : 255752 262733 233612 18923 255753 233604 18917 233613 18924 18909 
10 : 119348 232097 200748 227060 119340 119338 119339 200740 227045 200739 
10 : 200127 262765 154474 218322 200130 154458 200113 154476 218325 154460 
10 : 262786 21319 93434 262787 21320 93436 263477 21296 21321 93437 
10 : 49757 198585 212156 139802 49750 49751 49743 198580 139787 139788 
10 : 256638 169132 262803 50667 169129 256639 50663 169134 50647 50668 
10 : 260921 256003 101820 124329 256001 101819 124328 101815 124323 101788 
10 : 118539 262852 59144 163185 118543 59123 118524 59149 163190 59130 
10 : 232184 142124 36337 262851 142119 36331 232187 36320 142127 36338 
10 : 255639 262854 138718 130627 255640 138714 130624 138720 130628 130608 
10 : 80986 202209 57780 190434 80973 57752 80972 57768 190422 57766 
10 : 55400 12226 159735 197173 12203 55392 55393 12213 12217 159725 
10 : 45046 127212 239775 146051 45025 45040 45028 127208 127198 146045 
10 : 170647 262923 251936 154988 170650 170643 154967 251941 154993 154982 
10 : 260926 248537 261395 262938 248534 260925 260929 248535 248538 261398 
10 : 252578 262047 156744 121812 252576 156738 121807 156742 121810 121787 
10 : 231722 258342 87243 107032 231720 87229 107017 87240 107030 87216 
10 : 262970 262969 207213 196304 263683 207215 196308 207214 196306 196295 
10 : 262979 164430 233726 262978 164434 233732 264212 164417 164432 233728 
10 : 224631 251596 262991 216266 224626 224632 216254 251597 216261 216267 
10 : 187546 254042 183910 240119 187544 183894 187542 183907 240113 183901 
10 : 260027 93952 186724 260376 93947 186721 260025 93937 93948 186722 
10 : 38569 222559 137936 79636 38558 38548 38544 137916 79616 79608 
10 : 217607 255507 263045 147510 217603 217609 147493 255509 147502 147512 
10 : 232144 167276 4948 136083 167265 4939 136071 4933 136064 4927 
10 : 5240 254236 62051 248831 5233 5216 5231 62044 248826 62042 
10 : 133219 180794 246260 86765 133210 133214 86737 180790 86748 86758 
10 : 246137 239814 149542 32023 239809 149534 32012 149533 32009 31999 
10 : 259087 262812 79245 208773 259086 79243 208769 79244 208772 79231 
10 : 141243 233223 41174 261663 141235 41155 141241 41165 233222 41171 
10 : 252973 89546 102035 124213 89541 102030 124211 89527 89528 102011 
10 : 263076 190605 177042 67683 190609 177046 67686 177029 67670 67668 
10 : 174991 257261 237645 56228 174988 174982 56206 237638 56225 56218 
10 : 230756 233101 239529 232210 230747 230748 230745 233093 232200 232202 
10 : 253102 215429 224188 252434 215427 224186 252432 215419 215426 224185 
10 : 236815 242596 55787 75475 236808 55779 75467 55780 75468 55758 
10 : 62249 112298 177251 140135 62232 62238 62233 112279 112276 140117 
10 : 151601 258118 5107 87007 151600 5092 86989 5105 87005 5081 
10 : 228252 229052 105907 263120 228247 105899 228253 105900 229055 105910 
10 : 82672 91538 219960 234598 82653 82661 82663 91530 91533 219956 
10 : 106015 113766 30333 263127 105993 30308 106017 30309 113769 30336 
10 : 141955 261717 152625 65022 141953 141934 64997 152624 65019 65001 
10 : 174579 261829 202520 9277 174577 174564 9251 202518 9274 9256 
10 : 190973 128473 162830 201784 128458 162814 190958 128457 128459 162816 
10 : 49467 259035 177063 219395 49465 49453 49457 177061 219393 177053 
10 : 263173 34151 247566 239303 34152 247568 239304 34146 34142 239296 
10 : 176551 263183 99971 257904 176554 99945 176545 99973 257908 99966 
10 : 169769 243226 263194 157959 169764 169772 157942 243229 157950 157960 
10 : 194509 263193 11196 260269 194511 11180 194507 11200 260274 11192 
10 : 119114 249023 50534 173983 119108 50506 119099 50525 173972 50513 
10 : 42846 263217 242891 127213 42848 42842 42832 242895 127214 127209 
10 : 206233 198305 189240 244769 198288 189220 206223 189217 198297 189230 
10 : 261001 214658 229205 260127 214656 229204 260125 214643 214655 229203 
10 : 262010 70823 254255 124576 70821 254253 124574 70815 70803 124567 
10 : 263233 247498 135922 140782 247500 135928 140788 135918 140775 135905 
10 : 150615 218438 262490 215979 150608 150614 150607 218437 215968 215978 
10 : 259500 229559 62976 263248 229558 62974 259501 62965 229561 62977 
10 : 203949 195613 143710 160736 195604 143693 160720 143691 160718 143688 
10 : 254074 244261 251419 65601 244255 251413 65595 244254 65592 65594 
10 : 263278 176552 205359 235931 176553 205360 235932 176536 176542 205350 
10 : 129980 29960 176454 263310 29944 129969 129983 29949 29962 176456 
10 : 209214 12541 8024 117979 12528 8009 117962 7990 12518 8000 
10 : 139679 184219 188872 201936 139664 139665 139668 184202 184204 188857 
10 : 243695 226808 165010 263332 226802 165004 243698 164997 226811 165013 
10 : 192163 201822 172910 257369 192157 172893 192162 172894 201821 172906 
10 : 262036 260808 51771 258606 260807 51768 258604 51766 258603 51765 
10 : 4271 256571 173384 16449 4268 4257 4246 173381 16445 16429 
10 : 244310 184377 263131 200575 184365 244309 200565 184376 184361 200574 
10 : 11289 263436 152080 244960 11291 11273 11282 152084 244962 152075 
10 : 260008 231069 155679 246662 231065 155677 246661 155670 231061 155674 
10 : 192151 107441 161583 204130 107431 161562 192146 107429 107432 161564 
10 : 263447 184524 180335 263448 184525 180336 263558 180321 184526 180338 
10 : 95161 250226 12228 166611 95156 12209 95148 12223 166604 12214 
10 : 152666 59951 609 239960 59930 590 152658 577 59943 601 
10 : 249321 192646 170757 885 192640 170748 879 170737 872 868 
10 : 15296 255131 224946 84964 15295 15292 15281 224941 84960 84952 
10 : 240513 114247 134348 121108 114237 134341 121098 114222 114221 121077 
10 : 263499 261231 203672 138068 261233 203676 138072 203671 138067 138054 
10 : 214105 263003 137617 84296 214104 137608 84280 137616 84295 84271 
10 : 223070 253444 95367 261165 223067 95353 223068 95360 253442 95365 
10 : 91125 245289 160944 263542 91118 91109 91126 160940 245291 160946 
10 : 263543 214783 248501 137215 214787 248504 137217 214777 137196 137204 
10 : 222820 28297 51092 211440 28284 51080 211427 28271 28282 51079 
10 : 234271 47318 92217 258012 47311 92208 234268 47290 47317 92216 
10 : 183872 263609 252470 65877 183876 183867 65855 252472 65881 65869 
10 : 234738 258081 253453 9061 234736 234735 9054 253450 9059 9056 
10 : 254113 141260 198370 49672 141256 198367 49668 141247 49652 49658 
10 : 153839 76641 73196 263641 76627 73182 153840 73178 76642 73197 
10 : 178740 253738 47785 61083 178737 47767 61067 47780 61078 47756 
10 : 263656 263098 137187 153665 263100 137188 153668 137185 153664 137162 
10 : 260393 231972 100817 2106 231970 100814 2104 100805 2092 2077 
10 : 46515 252740 168394 91046 46509 46500 46489 168389 91040 91029 
10 : 261947 67629 87878 246284 67628 87876 246281 67602 67623 87873 
10 : 172601 29141 250645 223674 29130 172598 172592 29137 29133 223671 
10 : 75736 225601 261553 100570 75722 75734 75713 225599 100557 100567 
10 : 254120 260648 263732 208193 254118 254122 208185 260650 208188 208194 
10 : 201257 246599 247342 120088 201252 201253 120074 246594 120080 120081 
10 : 67987 188704 195051 236408 67974 67975 67982 188694 188696 195042 
10 : 250312 226057 50799 260830 226051 50791 250311 50788 226056 50796 
10 : 99835 101022 245311 208693 99815 99828 99822 101018 101011 208682 
10 : 250339 206577 50633 29520 206574 50629 29511 50622 29502 29486 
10 : 158440 29552 263823 61506 29533 158443 61487 29553 29524 61512 
10 : 250789 142235 190018 203528 142231 190016 203522 142221 142223 190010 
10 : 183003 263843 182572 111237 183006 182550 111219 182575 111240 111218 
10 : 252878 92335 123216 180725 92332 123211 180722 92314 92323 123196 
10 : 159524 134211 157542 108462 134191 157521 108444 134189 108440 108443 
10 : 198031 66122 260106 263857 66104 198027 198035 66120 66125 260110 
10 : 263870 68724 65878 217355 68726 65882 217356 65844 68715 65860 
10 : 167429 245632 144213 56468 167426 144195 56450 144204 56463 56446 
10 : 263900 224014 263898 260100 224019 265092 260105 224016 224012 260103 
10 : 62098 26027 34440 245560 26005 34417 62092 26003 26021 34434 
10 : 255537 260766 262887 141752 255535 255536 141748 260765 141749 141751 
10 : 220876 128027 237258 65879 128014 220868 65861 128017 65848 65864 
10 : 161938 127419 21390 258839 127402 21369 161936 21365 127416 21387 
10 : 250461 239314 115676 74767 239307 115671 74762 115667 74757 74742 
10 : 165371 17185 196976 214928 17169 165360 165362 17172 17175 196967 
10 : 165152 263964 257663 214733 165155 165149 165143 257666 214734 214727 
10 : 176376 223920 263975 62845 176364 176377 62820 223921 62827 62846 
10 : 109485 154962 255120 260443 109472 109480 109482 154952 154957 255117 
10 : 258366 229728 262070 120980 229723 258364 120973 229725 120963 120975 
10 : 258379 176740 54403 234707 176738 54398 234702 54382 176732 54389 
10 : 239997 76032 245515 262215 76025 239993 239996 76026 76030 245514 
10 : 264002 227146 233851 97244 227149 233852 97248 227134 97231 97232 
10 : 23491 72119 262369 261824 23469 23490 23488 72118 72117 261822 
10 : 210594 261813 264017 240468 210592 210595 210589 261814 240465 240469 
10 : 130879 225948 172146 247746 130875 130872 130877 172137 225943 172141 
10 : 6985 137863 56497 78817 6971 6963 6966 56479 78793 56472 
10 : 81795 149792 172011 145624 81779 81781 81778 149777 145597 145598 
10 : 220865 101177 238471 111006 101166 220863 110994 101169 101152 110997 
10 : 211580 162699 257230 249705 162685 211575 211569 162698 162692 249702 
10 : 209012 264075 725 5475 209015 711 5460 726 5476 693 
10 : 263197 145053 264104 41638 145052 263199 41637 145054 41618 41639 
10 : 231350 182674 137302 264107 182669 137295 231354 137285 182679 137306 
10 : 243652 58829 142751 65131 58817 142741 65120 58803 58797 65105 
10 : 263680 227384 264135 144589 227382 263682 144587 227387 144575 144592 
10 : 253977 225004 196289 204327 224998 196282 204318 196278 204308 196275 
10 : 252377 144015 262263 237697 144007 252373 237690 144013 144004 237693 
10 : 214660 125102 4374 251349 125083 4363 214652 4352 125093 4367 
10 : 247348 143895 257821 142081 143890 247346 142072 143894 142058 142078 
10 : 259488 264214 191924 80180 259489 191922 80175 191925 80181 80157 
10 : 242195 264217 264215 227200 242198 242197 227192 265304 227206 227202 
10 : 252626 264216 29223 208320 252629 29217 208314 29228 208322 29210 
10 : 258065 104379 177594 118477 104375 177589 118473 104361 104356 118458 
10 : 264239 261546 173960 84966 261547 173961 84968 173956 84963 84947 
10 : 196913 181851 149459 191653 181834 149441 191632 149436 181832 149438 
10 : 189996 66506 246139 79248 66495 189990 79224 66500 66487 79238 
10 : 177102 260585 260364 170115 177099 177098 170094 260359 170109 170108 
10 : 253649 143640 264281 38003 143635 253650 37996 143642 37980 38007 
10 : 264285 93922 212861 172226 93925 212863 172232 93912 93905 172212 
10 : 198428 245509 238181 258882 198422 198416 198425 238174 245507 238177 
10 : 219996 168105 223779 222400 168093 219992 219989 168095 168094 222390 
10 : 209669 156717 649 260466 156704 631 209667 622 156711 645 
10 : 264314 193959 209374 192823 193960 209375 192824 193946 192807 192810 
10 : 219684 98267 150266 138069 98254 150252 138058 98251 98248 138045 
10 : 264338 258856 158667 149671 258857 158669 149672 158663 149668 149654 
10 : 3927 253691 87212 45121 3923 3908 3904 87208 45114 45090 
10 : 263301 182444 196745 247403 182443 196743 247401 182429 182434 196734 
10 : 211691 226846 17220 230854 211685 17207 211686 17208 226837 17209 
10 : 139894 220376 192879 246460 139884 139882 139890 192867 220368 192872 
10 : 8568 126 197983 254488 91 8552 8565 107 121 197980 
10 : 191519 135140 170941 204480 135127 170925 191510 135125 135129 170929 
10 : 15422 230823 130693 113343 15417 15407 15406 130682 113331 113319 
10 : 219427 238670 238221 30530 219422 219421 30515 238213 30520 30519 
10 : 46663 212705 263390 95754 46654 46661 46636 212703 95742 95753 
10 : 253858 197159 105092 254937 197150 105083 253852 105073 197151 105084 
10 : 69536 254804 193527 155986 69532 69523 69517 193523 155981 155972 
10 : 162087 234859 88300 256774 162076 88278 162083 88290 234857 88295 
10 : 211948 57170 261338 264426 57154 211945 211949 57168 57171 261340 
10 : 107309 201057 188895 14132 107296 107295 14102 188879 14111 14108 
10 : 79863 264204 137304 187670 79861 79841 79849 137303 187668 137286 
10 : 241998 56577 155495 264371 56570 155487 241997 56561 56576 155494 
10 : 245156 92185 138362 231753 92177 138353 231743 92163 92173 138347 
10 : 212084 237322 119893 238560 212070 119877 212071 119884 237309 119885 
10 : 181830 63868 203468 264476 63852 181814 181831 63854 63869 203470 
10 : 143750 145737 57315 92582 143733 57295 92563 57296 92564 57286 
10 : 199059 138696 117390 204328 138681 117370 199051 117365 138682 117372 
10 : 264493 248602 9587 59425 248603 9588 59426 9582 59419 9556 
10 : 80270 54371 260248 259425 54345 80264 80263 54367 54366 259421 
10 : 262125 116386 99716 2418 116383 99709 2413 99689 2393 2391 
10 : 181292 214618 206029 116318 181285 181284 116298 206017 116305 116303 
10 : 238072 95088 184437 238546 95075 184428 238061 95069 95076 184429 
10 : 204113 179383 238577 244283 179369 204103 204106 179373 179375 238566 
10 : 261432 169821 262055 65132 169815 261428 65126 169816 65107 65127 
10 : 170453 89202 238719 264543 89185 170443 170454 89195 89204 238722 
10 : 180451 49812 129472 264542 49800 129457 180452 49793 49813 129473 
10 : 251580 210202 263622 95883 210197 251578 95875 210201 95862 95881 
10 : 220546 120482 245685 53943 120468 220539 53925 120473 53914 53930 
10 : 186113 69248 240612 57494 69230 186111 57469 69242 57454 57482 
10 : 214379 30026 260420 258626 30010 214377 214376 30019 30018 258622 
10 : 257844 3600 141213 174074 3597 141206 174067 3583 3585 141183 
10 : 193419 203630 111591 224921 193408 111568 193409 111571 203620 111575 
10 : 221665 262342 97705 11085 221662 97693 11072 97701 11081 11057 
10 : 241228 116803 209464 221782 116796 209455 221771 116791 116794 209454 
10 : 175121 253478 208174 128028 175115 175105 128006 208166 128020 128013 
10 : 243521 262030 264627 111238 243519 243522 111227 262032 111236 111241 
10 : 55574 258179 264636 115119 55570 55576 55552 258184 115113 115123 
10 : 105764 174329 30645 249254 105748 30623 105757 30630 174322 30638 
10 : 131367 86350 204906 263287 86329 131356 131365 86335 86348 204905 
10 : 232490 96704 6068 235512 96694 6054 232485 6038 96695 6055 
10 : 134294 140895 74610 198234 134279 74590 134282 74591 140878 74596 
10 : 249657 161872 38513 213023 161865 38506 213020 38486 161858 38497 
10 : 149100 243710 250545 41894 149091 149093 41871 243700 41884 41887 
10 : 67109 249769 56379 250847 67102 56351 67103 56372 249764 56373 
10 : 112496 215407 258093 231407 112482 112494 112489 215404 215394 231405 
10 : 71075 251211 224228 162450 71069 71065 71059 224220 162441 162436 
10 : 264696 262523 210545 64023 262525 210547 64025 210541 64019 64008 
10 : 264706 220169 264705 256880 220172 265028 256884 220170 220166 256881 
10 : 186183 145834 263930 18456 145816 186181 18429 145833 18426 18455 
10 : 46226 123082 132391 264770 46207 46209 46227 123068 123083 132392 
10 : 167135 123872 242828 104975 123850 167131 104950 123864 104944 104965 
10 : 160292 257684 214571 232721 160289 160284 160286 214567 232717 214563 
10 : 193860 249397 256028 264782 193850 193853 193861 249387 249398 256029 
10 : 46072 250464 21394 211358 46062 21358 46056 21382 211345 21375 
10 : 125337 39565 224879 264801 39543 125328 125339 39556 39567 224880 
10 : 220102 255896 6276 185543 220096 6261 185525 6268 185535 6252 
10 : 132018 236031 249206 243115 132007 132013 132010 236027 236023 243107 
10 : 247415 235646 58306 190384 235639 58300 190375 58296 190369 58287 
10 : 45165 253202 228425 110849 45161 45152 45144 228422 110846 110839 
10 : 221930 125166 166067 8025 125159 166061 8012 125152 8001 8004 
10 : 212557 167340 56793 109180 167327 56779 109164 56773 109160 56763 
10 : 157830 222512 192825 190205 157817 157813 157812 192812 190192 190184 
10 : 256276 136145 260032 186143 136138 256273 186135 136142 136128 186140 
10 : 264672 208891 160632 104012 208890 160631 104010 160623 103991 103983 
10 : 248243 162915 39993 243102 162914 39985 243094 39972 162912 39982 
10 : 242532 262393 187332 210546 242529 187325 210536 187329 210540 187319 
10 : 226920 147966 141822 231365 147956 141814 226917 141806 147958 141815 
10 : 71487 120352 63461 264193 71466 63435 71486 63439 120351 63459 
10 : 258308 216708 262298 27983 216703 258305 27978 216705 27966 27980 
10 : 264908 124977 220576 254673 124980 220578 254675 124966 124972 220571 
10 : 11929 99238 90377 21583 11915 11911 11908 90351 21556 21554 
10 : 253046 113871 145086 179744 113865 145080 179736 113843 113846 145059 
10 : 135118 95678 76238 216655 95664 76222 135110 76219 95669 76230 
10 : 240011 72802 197562 32697 72793 197553 32688 72789 32665 32684 
10 : 134095 85850 208008 255933 85826 134079 134089 85835 85845 208004 
10 : 140201 215899 254609 245133 140191 140198 140196 215891 215888 245127 
10 : 1104 36339 218465 214445 1079 1095 1094 36329 36328 214432 
10 : 174844 236781 264947 261917 174834 174845 174841 236782 236776 261918 
10 : 252143 264948 15169 119614 252144 15161 119606 15170 119615 15148 
10 : 161666 184307 98943 258331 161655 98925 161663 98928 184303 98939 
10 : 218394 263489 138964 261970 218393 138945 218391 138962 261968 138959 
10 : 183477 230366 210911 241494 183466 183464 183468 210896 230357 210900 
10 : 250514 140257 158966 233340 140251 158957 233332 140233 140247 158955 
10 : 126521 28868 264952 254455 28851 126522 126518 28870 28864 254457 
10 : 138501 264822 244048 205622 138498 138489 138480 244045 205620 205612 
10 : 226558 174968 61451 191945 174957 61434 191930 61429 174951 61430 
10 : 163759 252529 132625 217121 163752 132600 163746 132613 217110 132605 
10 : 175122 183875 262276 260417 175102 175118 175117 183871 183870 260413 
10 : 262277 195499 44966 217122 195494 44959 217114 44941 195482 44945 
10 : 195727 136366 216523 40782 136348 195712 40763 136350 40753 40766 
10 : 63843 189555 116319 187458 63828 63823 63826 116301 187444 116300 
10 : 265016 51836 246983 172256 51839 246985 172259 51830 51821 172243 
10 : 218265 241830 260847 70711 218255 218260 70694 241826 70698 70707 
10 : 195783 265024 202496 35659 195784 195769 35637 202498 35661 35638 
10 : 233753 233310 264108 263461 233302 233752 233751 233309 233308 263459 
10 : 87582 183740 105218 252927 87570 87562 87578 105200 183732 105208 
10 : 264248 85140 262461 59148 85139 262458 59146 85138 59120 59142 
10 : 155083 152463 251671 262281 152447 155080 155082 152458 152461 251669 
10 : 59 259447 252693 188962 56 54 47 252689 188959 188953 
10 : 216649 56852 252122 86592 56840 216645 86576 56847 56831 86586 
10 : 201835 123800 265055 264767 123788 201836 201834 123801 123799 264768 
10 : 70676 225993 260710 239022 70662 70671 70665 225990 225985 239018 
10 : 251283 145382 91159 219095 145376 91148 219083 91132 145365 91139 
10 : 248148 27288 263618 213880 27278 248144 213868 27286 27269 213877 
10 : 143361 133012 265066 69747 132995 143362 69724 133013 69722 69748 
10 : 21487 251463 40247 234692 21483 21465 21478 40240 234688 40234 
10 : 168783 236245 118684 75344 168777 118664 75318 118675 75332 75312 
10 : 6490 258309 233437 216198 6486 6482 6478 233433 216194 216188 
10 : 184381 264855 256325 165714 184380 184371 165690 256324 165713 165706 
10 : 240926 225675 209695 257231 225664 209681 240919 209676 225670 209688 
10 : 164818 30335 243293 210377 30317 164813 164807 30328 30321 210366 
10 : 254125 256177 264828 253884 254116 254124 253875 256176 253877 253883 
10 : 226308 253350 257453 137218 226301 226303 137199 253343 137206 137209 
10 : 241962 124658 75566 16762 124653 75558 16755 75543 16739 16732 
10 : 247907 212307 262524 124217 212298 247903 124210 212302 124204 124212 
10 : 85049 60210 253149 194136 60180 85044 85033 60202 60191 194125 
10 : 65421 219812 65024 188202 65412 64985 65405 65010 188187 65007 
10 : 18560 163719 73747 225343 18542 18533 18548 73732 163708 73737 
10 : 223509 231074 133678 244964 223501 133665 223504 133667 231060 133671 
10 : 60741 264927 142085 257241 60738 60717 60734 142082 257238 142076 
10 : 251205 248182 225191 256052 248178 225182 251198 225178 248179 225187 
10 : 246133 249277 243340 149352 246129 243332 149343 243333 149344 149340 
10 : 109714 264302 174474 264270 109712 109700 109711 174472 264268 174471 
10 : 211930 264177 263693 262705 211928 211927 211926 263691 262703 262702 
10 : 222830 124192 265173 66700 124185 222831 66688 124194 66673 66702 
10 : 11165 15044 193328 254136 11136 11152 11160 15030 15040 193320 
10 : 35506 206908 140999 154360 35485 35479 35481 140981 154344 140976 
10 : 82928 249624 144661 258449 82924 82911 82925 144656 249619 144658 
10 : 80987 179695 216736 62704 80971 80976 62673 179684 62684 62690 
10 : 52686 257272 27984 205164 52683 27953 52678 27977 205158 27964 
10 : 128779 152257 82471 172228 128765 82445 128767 82450 152243 82454 
10 : 51129 156787 62053 262650 51113 51108 51128 62031 156784 62050 
10 : 138828 247843 261704 260497 138822 138827 138825 247839 247837 260495 
10 : 19163 200198 108883 248957 19148 19144 19156 108871 200192 108877 
10 : 59252 208709 34019 261135 59237 33992 59248 34006 208708 34017 
10 : 261061 200615 47283 241403 200611 47281 241398 47267 200608 47275 
10 : 250500 218344 261321 177798 218334 250497 177790 218341 177782 177794 
10 : 265248 216566 265247 24322 216570 265423 24325 216568 24307 24324 
10 : 103589 35791 265256 120839 35771 103591 103570 35793 35772 120841 
10 : 259420 114127 42308 261256 114122 42304 259416 42283 114124 42305 
10 : 93771 224793 178711 246858 93765 93757 93766 178700 224785 178703 
10 : 227941 260664 217899 248701 227939 217884 227934 217893 248697 217888 
10 : 251626 251410 169703 244916 251405 169697 244905 169696 244904 169694 
10 : 265138 247392 255187 77400 247391 255186 77399 247386 77392 77394 
10 : 218026 68181 133422 261294 68165 133411 218023 68156 68174 133419 
10 : 158268 234000 45699 122869 158254 45675 122845 45685 122855 45670 
10 : 254710 68642 235134 262112 68635 235129 254706 68627 68639 235132 
10 : 17631 264463 255597 169974 17628 17625 17614 255596 169973 169970 
10 : 52115 248111 32659 264194 52109 32630 52114 32649 248110 32656 
10 : 259340 25070 265292 112750 25062 259341 112744 25071 25048 112751 
10 : 258242 218701 181547 83566 218695 181543 83561 181536 83558 83546 
10 : 256957 264396 74031 252743 256956 74027 252737 74029 252741 74024 
10 : 76967 191029 79582 141000 76955 76946 76950 79569 140980 79564 
10 : 187198 183005 41040 102968 182988 41019 102947 41018 102946 41013 
10 : 215022 206161 140000 249995 206149 139985 215015 139983 206154 139991 
10 : 126599 265313 252460 147046 126600 126593 126585 252461 147047 147042 
10 : 107983 191695 126789 102859 107971 107968 102829 126774 102840 102832 
10 : 48148 265318 89330 263268 48149 48125 48145 89331 263269 89327 
10 : 113397 213487 178793 74769 113385 113383 74741 178778 74752 74749 
10 : 117003 242912 63897 262067 116995 63873 117000 63890 242907 63896 
10 : 241064 37573 185012 46437 37561 185001 46425 37554 37542 46413 
10 : 232050 98792 19546 247584 98779 19533 232041 19518 98783 19536 
10 : 23680 249542 240202 265351 23675 23671 23681 240197 249543 240205 
10 : 159396 74128 58863 221017 74117 58843 159393 58835 74121 58853 
10 : 67203 262817 264989 149545 67200 67202 67188 262816 149541 149544 
10 : 81748 135143 74416 262146 81731 74389 81746 74395 135137 74414 
10 : 239566 132369 160164 186495 132355 160151 186479 132346 132349 160143 
10 : 180864 265363 20696 203001 180863 20677 180851 20695 203000 20679 
10 : 218370 196020 14905 40055 196012 14898 40043 14892 40039 14876 
10 : 155156 68205 241388 4204 68190 155149 4186 68201 4178 4200 
10 : 237441 264398 136984 236413 237438 136974 236398 136982 236410 136973 
10 : 126128 75981 130605 94588 75956 126110 94565 75957 75954 94566 
10 : 65219 184545 262963 98049 65203 65216 65200 184542 98029 98045 
10 : 166056 108137 265393 246633 108120 166057 166053 108138 108134 246634 
10 : 35564 233866 110576 186742 35557 35546 35551 110565 186732 110560 
10 : 156491 153763 75423 144734 153744 75403 144707 75402 144706 75400 
10 : 140836 14466 57639 242817 14444 57614 140828 14437 14457 57629 
10 : 255808 62183 265287 239133 62176 255807 239127 62182 62169 239132 
10 : 264804 169082 264170 213668 169081 264168 213665 169080 169069 213663 
10 : 183821 77089 164305 254550 77072 164290 183816 77071 77083 164302 
10 : 210217 224773 155300 187105 210203 155280 187086 155283 187088 155276 
10 : 181952 113896 4376 91047 113879 4359 91031 4350 91017 4345 
10 : 74694 171693 146957 222653 74678 74674 74683 146938 171682 146942 
10 : 254438 61756 129224 144375 61752 129218 144366 61738 61740 129201 
10 : 264892 17223 246265 211648 17221 246263 211646 17213 17206 211639 
10 : 225434 120720 201191 83827 120713 201182 83820 120710 83805 83816 
10 : 132667 258627 176793 174078 132664 132656 132655 176784 174068 174048 
10 : 265078 183368 148853 232850 183367 148851 232849 148830 183351 148838 
10 : 196419 264050 226989 263074 196418 196408 196417 226987 263073 226986 
10 : 54881 249915 262502 107278 54874 54878 54863 249911 107271 107275 
10 : 92822 164211 39245 259367 92809 39216 92819 39231 164206 39242 
10 : 33987 148701 2880 236840 33966 2846 33975 2861 148691 2872 
10 : 124818 139231 174607 248163 124803 124806 124816 139217 139227 174600 
10 : 246641 61757 211406 216779 61750 211398 216773 61746 61747 211395 
10 : 86175 141912 264421 231249 86155 86172 86166 141911 141900 231247 
10 : 183240 52060 223733 24752 52039 183235 24729 52046 24713 24736 
10 : 144331 261041 235389 202157 144326 144320 144318 235384 202152 202143 
10 : 226457 160611 180779 145950 160597 180765 145931 160592 145923 145925 
10 : 126331 165443 224453 62848 126310 126318 62811 165425 62818 62828 
10 : 184689 31650 196825 134828 31636 184679 134811 31638 31631 134812 
10 : 262385 224142 59366 261378 224141 59362 261376 59353 224140 59361 
10 : 219428 110129 245316 113345 110113 219423 113329 110122 110104 113336 
10 : 256220 51381 263349 107279 51373 256218 107273 51376 51352 107276 
10 : 255504 235553 103496 125189 235549 103490 125184 103485 125179 103471 
10 : 81559 182986 236768 265489 81551 81555 81560 182982 182987 236769 
10 : 92186 225008 250634 210073 92171 92180 92168 224996 210050 210061 
10 : 265491 249291 263880 253021 249292 263881 253022 249289 249285 253020 
10 : 255258 193216 211583 247537 193206 211572 247528 193194 193204 211568 
10 : 238795 239767 89771 264354 238784 89763 238791 89764 239763 89769 
10 : 73855 20866 265240 255840 20839 73854 73850 20864 20860 255839 
10 : 255962 207439 192377 261664 207430 192367 255956 192358 207434 192369 
10 : 263486 264998 228923 260138 263483 228916 260134 228920 260136 228911 
10 : 259225 86204 258191 254349 86199 258185 254342 86198 86196 254341 
10 : 166847 258580 234084 116557 166844 166837 116532 234081 116549 116545 
10 : 2198 198019 199249 17825 2187 2188 2176 198009 17813 17814 
10 : 128781 134432 125998 200396 128764 125974 128768 125976 134420 125982 
10 : 262870 128254 156327 81269 128251 156326 81265 128229 81239 81241 
10 : 265515 264540 250692 233166 264541 250694 233167 250688 233163 233159 
10 : 261678 143042 218703 63371 143040 218698 63368 143036 63349 63361 
10 : 262154 99158 30066 147889 99154 30063 147886 30039 99138 30042 
10 : 243286 156223 250168 221018 156216 243281 221008 156217 156214 221009 
10 : 108269 212721 89104 243010 108256 89072 108261 89085 212713 89091 
10 : 240575 259048 255477 76575 240574 240573 76560 255471 76569 76567 
10 : 253156 215196 262780 60211 215189 253154 60203 215195 60195 60208 
10 : 129012 172440 260516 157760 128996 129008 128992 172434 157736 157755 
10 : 145429 21488 133156 247928 21469 133132 145424 21468 21482 133148 
10 : 85207 20631 54372 99717 20606 54348 85184 20601 20608 54349 
10 : 127334 73883 86327 200994 73862 86303 127318 73858 73869 86307 
10 : 232836 263600 176402 193243 232833 176389 193223 176398 193236 176381 
10 : 126846 229307 196534 265537 126838 126832 126848 196523 229308 196535 
10 : 199331 213735 224242 208930 199319 199322 199317 213725 208915 208916 
10 : 115299 176761 141956 212240 115286 115281 115292 141936 176744 141941 
10 : 245067 260712 212767 261718 245063 212756 245064 212760 260705 212762 
10 : 132669 214381 265497 265545 132659 132668 132670 214380 214382 265498 
10 : 202228 119167 65568 4336 119152 65551 4320 65539 4309 4300 
10 : 231654 41931 205539 87383 41918 205523 87367 41912 41900 87359 
10 : 223107 233654 264871 151656 223103 223106 151641 233653 151643 151653 
10 : 13177 264872 236684 189491 13176 13170 13163 236681 189489 189480 
10 : 181382 265549 255292 233717 181381 181378 181374 255291 233716 233710 
10 : 256832 265532 265258 101784 256831 256829 101775 265257 101783 101781 
10 : 225038 60895 154565 96575 60881 154550 96561 60875 60867 96554 
10 : 232265 233152 256692 250927 232254 232259 232258 233149 233148 250916 
10 : 248427 242665 27593 145512 242660 27583 145501 27581 145499 27567 
10 : 111207 99814 264662 116195 99787 111204 111185 99811 99788 116191 
10 : 149856 259738 229341 160258 149850 149842 149836 229333 160252 160243 
10 : 160095 252912 232253 99297 160089 160084 99266 232244 99288 99281 
10 : 264232 10283 263271 78846 10280 263270 78845 10278 10256 78843 
10 : 180893 213281 166498 55794 180880 166477 55771 166484 55777 55769 
10 : 35565 72837 251012 187896 35543 35558 35552 72832 72820 187889 
10 : 9360 250068 265576 4166 9351 9361 4133 250069 4158 4168 
10 : 193372 123145 263563 54944 123131 193370 54926 123144 54917 54941 
10 : 135343 78686 64147 265568 78662 64118 135342 64112 78685 64146 
10 : 77320 220506 139638 41932 77310 77301 41898 139623 41914 41905 
10 : 130715 236252 50944 262226 130707 50910 130711 50933 236248 50939 
10 : 155834 223648 100641 252178 155825 100616 155829 100628 223643 100634 
10 : 203605 232433 219828 255905 203602 203601 203603 219816 232429 219823 
10 : 260048 264654 260787 164118 260045 260044 164111 260783 164116 164112 
10 : 16883 258859 257214 254480 16877 16875 16874 257208 254476 254474 
10 : 169318 145596 261910 236155 145574 169315 169307 145591 145582 236151 
10 : 178388 79737 48219 225915 79717 48196 178377 48189 79726 48206 
10 : 260673 220246 149719 166808 220238 149715 166804 149708 166793 149700 
10 : 53779 265495 265281 194966 53778 53777 53769 265280 194965 194964 
10 : 243842 175766 8926 264031 175759 8914 243840 8904 175763 8923 
10 : 206448 265587 249033 259275 206449 206441 206445 249034 259276 249028 
10 : 180506 156016 239277 45550 155991 180500 45531 156004 45528 45544 
10 : 195384 181708 265588 194841 181692 195385 194822 181709 181691 194842 
10 : 209569 149208 212586 265485 149189 209558 209568 149190 149207 212585 
10 : 214108 196274 110502 62558 196267 110490 62541 110486 62538 62530 
10 : 102707 37856 145692 4167 37833 102689 4141 37837 4136 4148 
10 : 152788 265533 241939 236309 152787 152778 152777 241938 236308 236296 
10 : 41829 257358 257471 229086 41824 41825 41820 257353 229078 229079 
10 : 163326 247436 183394 7060 163318 163313 7037 183382 7047 7039 
10 : 264724 138458 132193 262005 138456 132192 262004 132171 138455 132191 
10 : 255000 249832 265196 20317 249823 254998 20305 249831 20302 20313 
10 : 264848 214452 250122 264617 214444 250117 264614 214434 214443 250116 
10 : 16255 74668 112636 118797 16235 16236 16237 74649 74651 112609 
10 : 68750 250162 230715 254022 68741 68738 68745 230707 250154 230708 
10 : 11014 185695 197338 32820 11000 11002 10989 185684 32803 32805 
10 : 94646 25591 251882 221995 25569 94639 94636 25584 25577 221984 
10 : 261979 234203 131977 246156 234200 131971 246153 131961 234194 131965 
10 : 37654 249677 251723 256238 37642 37643 37647 249665 249668 251715 
10 : 129247 265185 205756 201132 129246 129235 129234 205752 201131 201117 
10 : 243341 173893 231131 154363 173879 231119 154350 173874 154338 154348 
10 : 75282 212086 261463 96366 75267 75275 75257 212078 96348 96363 
10 : 260343 179566 174424 55647 179560 174417 55641 174400 55622 55621 
10 : 55851 18750 64577 224379 18721 55832 55844 18723 18736 64561 
10 : 71142 261358 177598 117876 71138 71130 71126 177591 117870 117853 
10 : 264435 244407 118336 90644 244404 118329 90641 118321 90631 90612 
10 : 162887 231807 106790 260499 162874 106770 162885 106783 231801 106787 
10 : 251629 86980 54110 260492 86971 54100 251622 54079 86974 54104 
10 : 51545 114444 128255 242548 51526 51528 51536 114419 114434 128239 
10 : 251827 98141 265000 237894 98133 251826 237882 98139 98130 237892 
10 : 228532 261794 153033 263482 228529 153023 228530 153031 261789 153032 
10 : 263383 263159 8887 265143 263156 8883 263382 8882 263158 8886 
10 : 168211 60957 137430 98828 60936 137408 98806 60934 60929 98798 
10 : 209540 92889 140655 236631 92877 140639 209533 92865 92882 140644 
10 : 237059 155374 138272 251179 155364 138261 237052 138250 155366 138265 
10 : 253693 262579 125436 106231 253690 125427 106223 125432 106226 106202 
10 : 52117 48034 257267 228285 48007 52113 52105 48029 48023 228275 
10 : 265431 172588 39569 184749 172587 39568 184747 39549 172570 39551 
10 : 256243 239831 48789 221960 239822 48780 221953 48773 221945 48769 
10 : 157018 256839 91353 183279 157014 91329 157005 91347 183275 91335 
10 : 185910 165052 166474 91205 165038 166462 91179 165035 91173 91174 
10 : 252231 194591 223383 235566 194587 223379 235558 194581 194583 223373 
10 : 260175 241567 248703 237431 241562 248696 237426 241555 237416 237420 
10 : 247093 225323 265584 256703 225312 247092 247087 225322 225314 256702 
10 : 250307 56317 163412 92675 56310 163408 92663 56302 56297 92652 
10 : 262472 100271 263167 32031 100268 262467 32022 100269 31994 32024 
15 : 114 104 108 106 95 176568 209456 195739 66149 176559 176557 66138 195731 66142 66140 
15 : 1379 1398 1397 1396 1377 30489 30488 30486 11814 264444 262050 11848 262049 11847 11845 
15 : 1519 1537 1522 1526 1529 69952 69938 69941 69944 91280 115820 157051 91262 91267 115808 
15 : 1632 1650 1634 1637 1638 42137 42111 42114 42116 46286 94615 105599 46257 46260 94591 
15 : 1667 1663 1662 1674 1671 203504 176847 224093 224089 176845 203510 203507 176851 176848 237376 
15 : 2193 2190 2194 2175 2185 222291 255233 15715 187847 222294 15710 187837 15718 187851 15700 
15 : 2619 2623 2624 2613 2608 237999 238001 213156 105587 244840 213160 105592 213164 105594 105580 
15 : 2633 2627 2631 2636 2630 16980 116050 196540 41192 16974 16986 16970 116056 41182 41198 
15 : 2793 2790 2801 2795 2810 28158 110539 110535 110545 28167 28162 28176 157552 191531 157563 
15 : 3708 3725 3721 3707 3711 38398 38397 32035 38377 264277 32071 83422 32068 83420 32038 
15 : 3753 3760 3756 3749 3762 48310 48303 15527 48312 64587 15543 167648 15529 64590 15545 
15 : 4707 4695 4691 4689 4708 101553 40474 7534 245500 40456 7515 101554 7508 40477 7536 
15 : 4993 5000 4992 5004 4995 58088 46778 58094 58078 46790 148189 66824 46799 46779 66831 
15 : 5156 5158 5157 5159 5161 96784 96783 96786 96790 106152 111167 111168 106154 106157 143997 
15 : 5209 5207 5210 5198 5188 259618 261227 166217 30972 259621 166214 30969 166218 30978 30949 
15 : 5321 5332 5317 5326 5327 154827 108891 154824 154825 108903 213622 215852 108896 108897 213617 
15 : 5801 5787 5797 5812 5786 121061 198591 206003 68360 121059 121076 68347 198607 68355 68376 
15 : 6353 6337 6350 6340 6346 168241 257550 176673 245453 168240 168229 168237 176671 245449 176666 
15 : 6807 6810 6803 6812 6794 252775 197469 252778 166895 197474 260991 166900 197477 166889 166904 
15 : 7738 7727 7737 7736 7749 57593 199676 192269 203739 57591 57590 57601 192268 199687 192284 
15 : 7943 7940 7939 7932 7937 189119 185855 49078 137195 185850 49077 137194 49076 137193 49070 
15 : 8030 8039 8028 8032 8031 115187 95425 115174 115173 95447 154496 142306 95432 95429 142283 
15 : 8183 8182 8186 8173 8177 193702 209042 72638 129936 193707 72634 129935 72641 129940 72628 
15 : 8516 8531 8539 8517 8524 100050 100057 100034 100042 251721 100192 212950 100203 212964 100185 
15 : 9317 9307 9324 9330 9314 101312 199402 199407 163064 101323 101326 101304 250921 163079 163085 
15 : 7250 10117 10107 10103 10109 7269 7258 7252 7262 159521 54907 179380 54896 159511 54898 
15 : 11302 11297 11313 11300 11308 118639 169310 159430 169306 118653 118638 118648 159444 234196 159438 
15 : 11563 11557 11562 11556 11569 179870 245981 126563 251538 179868 126553 179877 126559 245989 126571 
15 : 11588 11598 11590 11610 11597 28884 28874 28893 28882 58152 163540 142172 58168 58150 142185 
15 : 12671 12659 12651 12666 12650 170290 53007 229966 43080 52988 170284 43059 52997 43046 43070 
15 : 13745 13736 13746 13739 13734 186725 264878 221846 173698 186726 186713 173676 221847 173699 173682 
15 : 14703 14712 14699 14689 14705 223907 198222 63110 223896 198237 63122 231409 63100 198223 63113 
15 : 14803 14802 14811 14797 14799 217903 232807 101771 123743 217907 101768 123739 101779 123757 101756 
15 : 15081 15092 15090 15091 15080 100142 100140 100141 99542 216390 221693 99559 216389 99557 99558 
15 : 15112 15098 15114 15110 15099 128806 264390 251819 146985 128808 128798 128783 251821 146988 146981 
15 : 16496 16483 16494 16485 16498 51829 233206 89956 243441 51827 51816 51832 89955 233211 89959 
15 : 16632 16637 16624 16633 16629 215894 41913 215882 141190 41929 226933 141208 41915 41906 141192 
15 : 6037 17841 17844 17834 17831 6061 6064 6049 6043 255482 183659 137516 183662 137520 137504 
15 : 18347 18356 18357 18362 18358 35460 35461 35471 35463 232547 232559 232549 232615 232609 235562 
15 : 18960 18954 18962 18963 18951 197619 246525 246530 118814 197622 197624 118805 251886 118816 118821 
15 : 19916 19894 6494 19899 19900 39538 6521 86236 106350 6495 39521 39522 6498 6500 86206 
15 : 23292 23290 23286 23300 23295 227697 175246 242292 242286 175243 227705 227700 175256 175251 257871 
15 : 14499 25445 25447 25453 25462 14506 14507 14514 14527 136496 136505 136520 142153 142169 212528 
15 : 26008 26020 26026 26023 26012 121535 121543 121539 121525 241827 241823 167368 252218 167380 167375 
15 : 6127 27036 27039 27029 27031 6140 6143 6129 6131 208436 93696 106566 93703 106573 93681 
15 : 27602 27606 27594 27608 27598 250222 85198 250229 147905 85202 260988 147907 85206 85188 147913 
15 : 29302 29304 29326 29319 29318 106875 106896 106887 106886 118592 118585 118584 246667 244966 244954 
15 : 29557 29542 29543 29556 29540 240787 241732 265315 218067 240779 240786 218054 241731 218055 218066 
15 : 31179 31182 7440 31196 31180 116137 7446 116154 116136 7448 120945 117597 7463 7447 117614 
15 : 31789 31778 31773 31769 31780 156630 87734 41315 182401 87722 41299 156616 41291 87725 41302 
15 : 32490 32488 32500 32487 32482 91698 95672 90982 32674 91711 90981 32672 90997 32687 32671 
15 : 32738 32723 32735 32740 32744 54254 219820 244165 244168 54249 54259 54260 219824 219826 258078 
15 : 32861 32865 20869 32859 21397 225827 20888 203811 21418 20898 203822 21430 20884 20868 21413 
15 : 33161 33164 33148 33158 33165 232656 52701 201774 232657 52704 201777 254588 52698 52706 201778 
15 : 33331 33339 33333 16258 33338 233490 233484 16282 233489 241364 16292 262711 16284 241363 16291 
15 : 33456 33457 33442 33448 33440 261902 89465 210067 38751 89468 210070 38753 89448 38717 38734 
15 : 33528 17607 33520 33518 33514 17630 237738 204907 139918 17622 17618 17612 204899 139907 139905 
15 : 33749 33755 33748 33756 33753 131268 121663 131270 131263 121677 253205 234698 121679 121673 234700 
15 : 34099 34098 34095 34085 34100 256589 243985 107355 259505 243982 107353 256592 107350 243988 107357 
15 : 35154 35151 33988 35141 35166 152821 34004 41057 200616 33998 41051 152836 33989 34021 41071 
15 : 35582 35589 35566 35586 35575 204177 54929 204171 138398 54940 241580 138411 54935 54920 138405 
15 : 27928 36347 36362 36341 36363 27934 27947 27929 27950 156465 43765 156469 43786 252228 43789 
15 : 36486 36493 15047 36500 36494 171985 15055 171996 171988 15064 232341 232331 15075 15068 243719 
15 : 36691 36690 36689 36696 36699 157718 148628 183248 183253 148627 157722 157728 148635 148640 227511 
15 : 36992 37004 36991 36988 37002 107754 74586 63092 107751 74606 63112 217848 63091 74604 63107 
15 : 37909 37911 37912 37902 37906 241887 241888 180808 234871 253336 180813 234876 180814 234877 180805 
15 : 38213 38216 38227 38209 38217 163327 163334 113875 163328 187798 113881 187787 113894 189872 113882 
15 : 34549 38641 38645 38654 38642 34552 34556 34562 34554 100774 100782 100773 123201 115922 115930 
15 : 9173 38700 38704 38696 38707 9190 9192 9186 9196 227972 170951 227975 170953 242821 170958 
15 : 40080 40087 40092 40086 40088 182378 182386 182374 182379 256905 237636 256896 237648 257022 237637 
15 : 40798 40795 40799 40814 40796 72753 113479 113497 103694 72756 72774 72751 151340 103700 103724 
15 : 41647 41646 41650 41651 41644 226105 239647 239649 87502 226116 226119 87500 265035 87515 87518 
15 : 42818 42824 42817 42813 42828 124143 97109 44210 124148 97125 44228 230081 44206 97131 44238 
15 : 43406 43398 43403 43404 43401 168585 261282 261571 237072 168579 168580 168574 261278 237065 237066 
15 : 43859 43855 279 43851 43864 135059 293 77383 198899 286 77375 135066 281 300 77391 
15 : 44131 44141 41148 44137 44136 110057 41152 110052 110051 41168 207426 200822 41159 41158 200815 
15 : 44303 44298 44297 35729 32957 214566 207344 35749 32979 207335 35748 32978 35746 32976 32954 
15 : 42140 44707 44695 44696 44703 42162 42147 42148 42157 126634 131943 238853 126611 126625 131937 
15 : 44987 44979 44983 44989 44982 58698 103849 144844 101656 58694 58707 58693 103863 101651 101670 
15 : 45021 45001 45004 45014 45017 160442 169433 250732 260073 160422 160433 160437 169422 169425 250727 
15 : 29037 38853 45733 32958 45751 29036 29038 29033 29060 38854 32956 38883 32959 45982 32986 
15 : 46318 46317 46339 46336 46338 186813 190527 190525 190526 186831 186827 186829 262156 265213 262155 
15 : 49403 49385 49391 49401 49400 112518 205516 264042 263750 112501 112514 112513 205512 205511 263742 
15 : 49450 49463 49469 49460 49451 115861 115865 115857 115846 251556 248727 159473 248735 159479 159468 
15 : 49708 49696 49711 49701 49710 135068 251408 188171 251407 135072 135056 135070 188174 255681 188172 
15 : 49840 49845 49851 44503 49849 145777 145785 44513 145780 179624 44521 179619 44531 204699 44526 
15 : 50559 50549 50563 50557 50551 85706 238459 221944 145497 85711 85701 85695 221954 145503 145494 
15 : 50702 36046 50698 50713 50709 36055 73181 147751 147745 36049 36068 36062 73194 73188 239434 
15 : 52781 52791 52778 52782 52780 166377 115908 166361 164622 115917 174044 164640 115909 115907 164623 
15 : 53317 53323 53312 53329 53321 124040 78030 124050 124036 78043 201279 162725 78053 78038 162740 
15 : 54337 54333 54324 54327 54341 229448 139578 171944 255043 139571 171939 229450 139569 139583 171949 
15 : 54717 54700 54719 54723 54725 55034 212162 212165 212169 55038 55040 55043 239859 239864 258006 
15 : 56117 56123 56133 56130 56118 56405 56415 56412 56398 214130 214125 62826 245679 62843 62835 
15 : 58726 29232 58729 58730 58732 29243 163435 163438 163445 29250 29252 29260 215917 215924 237793 
15 : 59988 59985 12981 59990 53948 256209 13004 259659 53977 13002 256211 53974 13005 12979 53980 
15 : 24787 60551 60553 60555 1685 24796 24807 24808 1679 192098 192100 1697 257319 1709 1711 
15 : 61115 37515 61119 61109 61114 37526 190066 96988 181955 37532 37518 37525 96995 181963 96987 
15 : 62588 62594 21521 62592 62591 175338 21529 175331 175330 21550 250971 243577 21543 21540 243570 
15 : 62602 50141 62600 62598 62599 50160 260015 229318 258747 50157 50154 50156 229313 258745 229312 
15 : 63045 63046 9776 8892 33071 207101 9792 8909 33088 9793 8910 33090 8888 9772 8890 
15 : 63151 33267 63155 63153 63166 33273 151610 151608 151623 33276 33274 33285 161360 180436 161373 
15 : 63421 63418 63433 63416 63422 148813 164188 131828 164178 148825 131827 148814 131848 185185 131830 
15 : 63792 63794 63797 63783 63784 250045 250046 69027 69180 263769 69034 69190 69035 69192 69008 
15 : 64062 34975 64065 11170 64070 34979 102384 11172 102388 34988 11167 34990 11178 188002 11183 
15 : 64915 13186 64919 64913 38715 13194 119200 102317 38721 13199 13190 13181 102326 38733 38719 
15 : 65775 65781 65783 65771 65779 131669 131673 81091 131667 218528 81097 198451 81104 198455 81096 
15 : 65898 65899 50859 65905 65912 171146 50866 171152 171158 50867 179423 179431 50878 50885 218477 
15 : 66037 22717 58377 25466 66032 22728 58391 25482 127577 22715 22714 22722 25464 58385 25473 
15 : 66911 66912 66915 66906 66923 182192 182200 154481 182208 187482 154482 187494 154487 202146 154495 
15 : 67214 67207 10498 67211 67213 138030 10511 154834 198431 10504 138025 138027 10507 10509 154833 
15 : 67576 67563 67566 67581 67565 70335 145235 249383 138062 70323 70342 70321 145243 138043 138070 
15 : 67983 67968 67984 67970 67969 84056 240973 102085 95111 84058 84042 84041 102086 95113 95090 
15 : 68029 68017 68012 68014 68036 185599 95948 122047 247412 95930 122032 185604 95926 95952 122053 
15 : 68402 68415 51324 68411 68412 162504 51328 162499 162502 51345 240463 252700 51335 51339 240458 
15 : 13774 68595 68585 68608 68602 13788 13781 13798 13794 130264 216105 216098 130283 130275 256848 
15 : 68588 68607 68583 22130 68587 170617 96715 22144 162210 96731 22156 162225 22135 96713 22143 
15 : 68805 68803 68811 49643 11774 135787 184698 49655 11786 135795 49650 11782 49667 11799 11768 
15 : 69365 69371 69368 69355 69363 235546 235544 87501 223664 264230 87517 223678 87512 223675 87499 
15 : 69810 28463 69797 69804 69803 28489 174964 233778 229783 28475 28483 28482 174960 174958 229776 
15 : 70067 70075 70069 70071 70064 188571 188563 188564 168033 215746 228996 168049 215734 168037 168040 
15 : 17161 70077 70095 70087 36798 17162 17176 17173 17158 77361 77358 36801 205081 36822 36816 
15 : 71549 71551 71545 71550 6396 253123 215204 253122 6426 215206 254568 6428 215205 6413 6427 
15 : 72407 72401 35764 72393 72402 232760 35789 82998 242119 35783 82988 232755 35766 35785 82992 
15 : 75109 75098 75107 75108 62806 122993 228020 235024 62833 122989 122991 62810 228018 62829 62830 
15 : 71556 76745 76732 76726 76725 71577 71566 71560 71558 181670 100451 88016 100433 88000 87987 
15 : 76796 76799 76792 76779 76798 260352 237673 148417 260351 237676 148424 264143 148412 237675 148423 
15 : 77573 77583 77576 77586 77569 143534 143526 143540 111816 152612 215454 111831 152623 111822 111837 
15 : 77948 77949 77945 77944 77943 261864 258049 254902 248660 258052 254905 248662 254899 248656 248655 
15 : 78205 78212 78199 78213 78201 213276 182665 213277 186392 182676 264203 186401 182677 182659 186402 
15 : 12361 78574 76424 78570 78569 12383 12360 12372 12370 76445 176687 158931 76436 76435 158919 
15 : 78595 78582 78580 78602 78590 97879 82883 205936 176199 82867 97889 97871 82891 82880 176213 
15 : 38640 78982 78981 78983 78985 38650 38647 38652 38656 148197 169902 169906 148199 148205 180717 
15 : 79858 79854 79864 41741 79853 213273 256477 41767 212030 213280 41759 212025 41773 212037 41758 
15 : 80212 80210 80213 80198 80200 261269 265452 87382 141214 261271 87378 141210 87384 141215 87352 
15 : 80343 80333 80337 80338 80346 91316 154857 170370 223236 91303 91305 91321 154851 154866 170379 
15 : 80882 80871 80874 80881 80885 154607 183358 230026 254302 154591 154600 154611 183349 183365 230035 
15 : 81722 81721 81718 81720 81713 251975 186821 245984 87763 186820 245982 87761 186817 87753 87758 
15 : 498 82235 82246 82238 82231 505 515 510 499 171046 171037 104952 213091 104968 104956 
15 : 82632 82623 82620 82621 82633 181325 117589 137180 247811 117579 137166 181326 117571 117591 137181 
15 : 83204 83205 83201 83209 83203 242992 175518 242997 224511 175519 247813 224513 175529 175515 224519 
15 : 83606 83613 83609 12890 83612 172025 172018 12897 172022 207413 12910 242954 12902 207411 12909 
15 : 17001 83634 83635 83640 83619 17019 17023 17026 17005 254200 254204 141204 258625 141207 141212 
15 : 84600 84599 84594 84608 84605 202558 142735 204353 204350 142734 202567 202564 142748 142742 246116 
15 : 84782 72091 84775 84783 84773 72112 187358 245550 163137 72103 72115 72099 187361 163128 163142 
15 : 85147 85161 76831 85152 85155 183553 76842 183539 183542 76863 221705 245006 76850 76854 221695 
15 : 86248 86242 86239 3797 86244 201469 172780 3829 243573 172764 3811 201460 3806 172771 3818 
15 : 86377 86368 86370 25343 86373 110000 130480 25366 200300 109984 25344 109993 25347 130475 25362 
15 : 87425 25568 87422 87423 87421 25580 231281 234192 193786 25578 25579 25576 231279 193783 193784 
15 : 87643 87646 87648 87653 87660 124258 124259 124267 124275 139767 139773 139780 156371 156383 234229 
15 : 88748 88743 88747 88737 1116 213802 255543 120745 1142 213800 120735 1129 120743 1140 1117 
15 : 89395 89391 89408 89404 89401 117682 193420 193414 193410 117701 117696 117687 258276 233853 233848 
15 : 89833 24983 4008 54638 5125 24985 4012 54641 5127 4001 24978 5116 4005 3997 5121 
15 : 90415 90420 90410 90416 90423 250144 208763 250139 250145 208777 250398 263912 208764 208780 250401 
15 : 90524 90521 53515 90522 90527 102811 53521 145814 178546 53516 102808 102813 53518 53529 145822 
15 : 90646 90648 90651 90653 90655 139980 139986 139989 139990 172325 172329 172330 219154 219155 236975 
15 : 90665 53411 90667 90676 90672 53416 145144 145150 145147 53418 53427 53422 160645 160637 198452 
15 : 90725 90723 90722 90712 55724 258211 257765 136196 55753 257761 136190 55750 136189 55749 55730 
15 : 90824 90831 90829 90833 56201 204504 204502 204511 56210 253827 260549 56227 253836 56223 56236 
15 : 91857 91856 91859 91855 91851 210698 257403 203239 169336 210705 203229 169326 203243 169344 169323 
15 : 92106 92098 92103 92096 1405 248765 264087 231075 1433 248761 231062 1423 231070 1428 1419 
15 : 92553 92546 92549 92555 92547 248369 261685 263614 253387 248367 248370 248363 261687 253382 253388 
15 : 92707 92709 92704 92284 92710 236970 207696 92304 236974 207702 92306 257172 92297 207709 92311 
15 : 92791 92792 92769 92781 92779 257693 96240 197011 162737 96242 197013 162739 96230 96226 162723 
15 : 93152 93156 93143 93141 93150 255873 156398 120499 251414 156401 120504 251420 120490 156395 120496 
15 : 93221 93223 93220 93228 93227 118435 117596 118448 118444 117602 179694 179690 117621 117615 253496 
15 : 93750 93737 21328 93748 93745 152464 21353 261439 247583 21335 152460 152456 21349 21347 247578 
15 : 94018 94007 75686 94013 94012 138136 75699 199987 182042 75691 138131 138129 75696 75694 182033 
15 : 94026 46233 94029 25046 94040 46239 193181 25054 193192 46245 25039 46255 25059 238128 25072 
15 : 14203 94279 94283 90098 67260 14206 14213 14202 14201 132803 90102 67265 90108 67275 67258 
15 : 94278 94288 94290 94289 22753 113601 113604 113602 22754 262534 262533 22779 263923 22782 22780 
15 : 94758 94762 94766 94764 94767 184706 184710 184707 184711 236652 236650 236653 241523 244944 241524 
15 : 83283 94948 94952 52715 94955 83290 83292 52714 83295 216783 52723 216784 52724 228331 52727 
15 : 96044 49471 96045 96049 96038 49485 217676 217680 125419 49495 49499 49473 258302 125430 125435 
15 : 15120 96162 96154 96156 96164 15129 15123 15125 15132 134338 155560 226601 134328 134339 155561 
15 : 96831 96845 96834 96838 96841 119487 119472 119477 119479 167187 185552 195635 167179 167182 185546 
15 : 97423 97431 97419 23364 97433 194396 161747 23384 194401 161756 23395 262707 23377 161759 23398 
15 : 97539 97541 96547 97538 97534 259583 96570 254965 244676 96573 254967 244678 96569 96568 244673 
15 : 97787 97785 21204 97777 12580 255040 21223 144348 12603 21221 144345 12600 21208 12574 12587 
15 : 95343 98180 98172 98183 98178 95358 95349 95359 95356 151694 236872 233557 151696 151692 233559 
15 : 98336 98347 98344 98334 98331 134274 134271 123625 110985 250232 123646 111004 123642 111002 110983 
15 : 99242 99254 99248 99253 99259 114964 114955 114963 114967 143463 243699 248186 143461 143465 243704 
15 : 99604 99607 99599 99594 79353 258401 247658 165734 79378 247663 165738 79382 165722 79374 79357 
15 : 99620 99613 75568 99632 99631 158119 75581 236231 236230 75573 158131 158130 75595 75594 261872 
15 : 20253 99638 99645 45637 99642 20260 20267 20252 20264 185335 45647 185332 45655 224176 45653 
15 : 81132 99881 99879 99877 99875 81147 81143 81140 81139 245354 228837 221202 228829 221194 221189 
15 : 100013 100009 100016 100014 93059 229301 256764 256762 93080 229305 229302 93072 258282 93084 93082 
15 : 100113 100122 100127 100119 100126 158839 158843 158835 158842 257829 242769 257828 242772 262595 242771 
15 : 95013 100480 100491 100486 100493 95021 95030 95025 95037 180891 180882 180894 242827 262101 242831 
15 : 100644 100664 100667 100662 100649 138638 138640 138636 138623 258918 256623 179738 256627 179743 179737 
15 : 100872 100884 100873 100876 100879 142052 142036 142038 142043 145293 158566 172045 145274 145277 158550 
15 : 101357 55439 101354 101343 88368 55461 265116 108806 88399 55459 55440 55436 108802 88395 88369 
15 : 101376 101375 101392 15213 33116 154850 168558 15220 33121 154867 15218 33120 15241 33143 15206 
15 : 101994 102000 101998 102005 102002 180414 180413 180418 180415 204512 208472 208467 204517 204514 210156 
15 : 102933 102920 102936 102921 102916 183173 263117 192466 137961 183178 183158 137943 192472 137966 137946 
15 : 23951 103058 103063 103056 103069 23961 23967 23960 23970 201762 178678 201767 178685 229491 178692 
15 : 103423 52668 103424 1248 103437 52673 151594 1253 151606 52675 1242 52687 1256 160349 1274 
15 : 104032 104038 60453 104028 21403 222109 60467 194750 21417 60473 194757 21424 60463 21400 21412 
15 : 104270 104275 10867 104273 104271 198175 10878 198169 198164 10899 242233 226937 10887 10880 226928 
15 : 104304 104299 104302 104317 104295 202692 219452 227857 182821 202687 202704 182814 219464 182818 182842 
15 : 104523 104521 104530 104538 104528 152027 163020 163027 163017 152035 152045 152031 244890 214578 214587 
15 : 104806 104810 104822 104808 104813 182661 182673 182660 182664 198934 187652 198922 187665 212031 187653 
15 : 51591 105882 105886 105884 105885 51600 51605 51602 51604 234115 234111 234114 243051 244669 243050 
15 : 106046 106060 106061 106053 106056 185343 185344 185333 185339 261493 230623 244814 230624 244815 230616 
15 : 107052 107050 69276 107047 107051 187225 69287 118580 222550 69283 118578 187224 69277 69285 118579 
15 : 107179 107167 86029 107165 107175 178053 86054 162530 231985 86035 162513 178042 86032 86043 162520 
15 : 107243 78540 32126 87611 38112 78558 32147 87630 38129 32123 78537 38109 32124 32120 38111 
15 : 108202 96310 108207 108201 87990 96315 181702 169320 88001 96326 96313 87986 169333 88010 87997 
15 : 55441 108940 108943 108942 38241 55442 55451 55450 38233 112533 112531 38242 212296 38258 38252 
15 : 109077 109076 109064 61422 99545 251796 131150 61443 99566 131148 61441 99565 61423 99547 61420 
15 : 109089 109099 109098 109105 73887 126188 126187 126195 73889 251674 252919 73905 251683 73904 73916 
15 : 109328 109330 109323 109329 109322 246256 196810 246255 179376 196814 262863 179382 196813 179367 179381 
15 : 109395 109392 44648 109388 109390 263041 44674 254036 261964 44671 254034 261962 44665 44670 254033 
15 : 89694 109814 109801 109810 81370 89710 89696 89704 81369 148332 230788 81396 148324 81373 81390 
15 : 110200 110193 110192 110204 110187 218764 208493 259067 134704 208482 218771 134691 208499 134690 134714 
15 : 110667 110681 110669 110674 110671 158108 158099 158103 158101 181930 203061 198700 181920 181917 198687 
15 : 78766 110684 110696 110691 110693 78767 78781 78778 78779 114268 114264 114265 218034 230177 218029 
15 : 112314 112308 71602 89965 112312 196778 71626 89992 252983 71613 89980 196775 71600 71623 89991 
15 : 113715 113709 113714 113711 99688 160224 233658 211048 99705 160223 160218 99696 211047 99703 99700 
15 : 113966 113963 17799 113957 113967 223134 17819 169013 250573 17815 169006 223135 17805 17820 169015 
15 : 115361 115369 115372 115375 115376 134664 134675 134677 134678 214522 214524 214526 260768 260769 264578 
15 : 116091 116086 92798 116087 116085 146309 92817 151850 125967 92805 146300 125957 92807 92803 125959 
15 : 116413 116408 50168 116395 87744 254997 50187 181481 87769 50183 181475 87764 50172 50164 87751 
15 : 118031 118032 118033 45669 118041 162773 162774 45676 162782 168228 45677 168239 45678 173732 45689 
15 : 37361 91884 118628 99299 118631 37357 37371 37358 37375 91899 91880 91905 99321 257420 99325 
15 : 119427 119420 119412 119424 119410 242586 161757 259042 128058 161751 242584 128051 161754 128033 128054 
15 : 119443 119445 4755 119431 119441 260630 4776 121755 258719 4778 121760 258722 4756 4773 121753 
15 : 61012 120278 120275 12117 120274 61017 61016 12114 61013 140338 12128 120600 12122 120597 12118 
15 : 120331 112061 120324 120326 120318 112084 242074 252791 200309 112073 112076 112066 242061 200302 200303 
15 : 121292 121276 121278 121288 121286 122269 166758 247329 245163 122249 122264 122263 166751 166750 245158 
15 : 121775 121772 121763 121767 60063 234899 164505 200966 60081 164502 200962 60076 164495 60065 60070 
15 : 123721 123726 123724 53651 42775 244855 244850 53664 42792 253746 53677 42803 53670 42798 42770 
15 : 124724 105047 124723 7314 124730 105052 139754 7320 178063 105049 7312 105058 7316 139761 7328 
15 : 125064 111904 125063 125073 102972 111915 186291 198859 102982 111913 111925 102970 186312 102979 103004 
15 : 125247 40116 125249 125254 125255 40130 230113 230116 230118 40132 40138 40139 233273 233275 259918 
15 : 125598 125605 125595 125606 100425 180495 155853 180498 100432 155863 232190 100441 155866 100427 100443 
15 : 98737 126369 126374 126370 126373 98738 98744 98739 98742 151845 151841 151843 154340 176859 154339 
15 : 126915 119274 126916 126917 72943 119276 151046 151047 72947 119277 119278 72942 163816 72948 72949 
15 : 127029 69040 127034 127037 127031 69044 145806 145808 145798 69055 69061 69046 255048 197008 197014 
15 : 127101 127092 127087 127090 127097 233042 159276 199126 254934 159265 199116 233039 159256 159272 199123 
15 : 127596 127601 127604 110608 127599 133124 133131 110609 133120 247065 110625 234335 110634 234347 110621 
15 : 26009 127707 127709 127713 127708 26010 26017 26018 26014 149638 149641 149637 218253 185191 185194 
15 : 127836 86177 127829 127824 127834 86197 185452 142747 251582 86186 86179 86195 142731 185451 142745 
15 : 103546 129066 129069 129070 129072 103549 103553 103557 103559 148269 148273 148278 201989 201992 217273 
15 : 129527 129515 129517 129531 129521 140622 151002 261627 215696 140612 140629 140617 151006 150992 215702 
15 : 130060 130059 130062 130064 103982 161558 180326 180339 103987 161570 161586 103984 219329 103994 104009 
15 : 130644 130646 80796 130648 130651 190252 80803 190254 190260 80805 206373 206378 80812 80818 241581 
15 : 130663 130673 130670 130669 130666 230005 230004 230002 229998 264220 263677 260250 263676 260247 260246 
15 : 130964 130972 17579 130970 130958 248536 17595 248533 150176 17601 257150 150183 17596 17581 150180 
15 : 131865 131852 131855 131862 131863 138170 182571 239578 249991 138152 138162 138165 182561 182565 239571 
15 : 132760 132764 75744 132758 132762 178463 75751 168378 178460 75759 168385 189867 75748 75754 168380 
15 : 4905 133514 133502 87492 133511 4918 4907 4904 4916 161873 87514 263745 87494 161870 87510 
15 : 133823 133825 133814 133822 133816 258029 225637 257472 232846 225641 257473 232852 225635 225631 232845 
15 : 75784 133952 133950 133949 133948 75796 75795 75794 75788 198373 192652 152292 192651 152291 152290 
15 : 135991 135993 135992 135988 40284 156277 156275 137722 40291 182218 137726 40298 137724 40296 40285 
15 : 13131 100851 136439 136429 136433 13130 13145 13135 13138 100862 100853 100857 147160 192133 147149 
15 : 136637 136635 136638 136639 136646 155757 208219 208220 208226 155762 155763 155768 242549 242559 243460 
15 : 136764 136766 136762 136758 120820 263367 259581 218406 120838 259582 218409 120840 218405 120835 120827 
15 : 81753 136768 136782 19983 136775 81755 81772 19975 81765 165735 19987 165719 20005 221222 19993 
15 : 137111 137113 137109 34770 53686 260896 256806 34791 53707 256808 34793 53709 34787 53704 34760 
15 : 55052 114814 110341 137238 137231 55050 55049 55073 55055 110339 114838 114819 110363 110349 195751 
15 : 137783 79221 137775 31997 137792 79240 172195 32013 254695 79223 31992 79246 32002 172203 32026 
15 : 138655 138657 107636 138653 138658 223437 107649 214070 223440 107655 214082 258520 107647 107659 214088 
15 : 139942 13507 105822 139940 67390 13523 105838 238758 67408 13501 13521 13498 105836 67386 67404 
15 : 139963 139975 139971 139965 139973 162913 162904 162900 162910 208847 182941 236452 182934 208844 182938 
15 : 9470 140275 140276 43900 140270 9484 9486 9464 9475 243814 43921 192213 43925 192218 43908 
15 : 140408 82562 35938 15360 140393 82584 35962 15384 142627 35936 15357 82563 15354 35939 15361 
15 : 141020 61975 141018 15053 141024 61983 229089 15066 235124 61980 15048 61992 15062 229100 15078 
15 : 141061 67636 70967 141059 141048 67654 70988 254903 179126 67632 67652 67639 70984 70972 179121 
15 : 141366 141356 141368 59798 141353 173789 262571 59818 143936 173793 59802 143921 59821 143938 59799 
15 : 68708 141651 141645 102283 109769 68719 68710 68702 68703 171303 102302 109782 102287 109772 102281 
15 : 141777 10261 141779 98271 141782 10268 246221 98284 246222 10271 10259 10275 98288 252850 98292 
15 : 142238 132214 142245 142246 142253 132215 155359 155360 155365 132219 132220 132223 203780 203787 205965 
15 : 89834 142353 7317 24414 142340 89847 7310 24408 89836 7332 24430 181399 7302 7321 24416 
15 : 84660 37552 142879 142872 141527 37545 84679 84668 84659 37570 37557 37551 199590 141548 141535 
15 : 143315 143311 143316 69846 37267 153504 211933 69858 37275 153505 69850 37268 69859 37277 37256 
15 : 143831 143846 143836 143837 120236 159895 159885 159887 120237 218740 226016 120263 218728 120245 120248 
15 : 143976 143971 143965 143972 143969 246200 209321 259639 241345 209314 246195 241339 209317 209312 241343 
15 : 99752 144151 144149 100177 107770 99767 99765 99746 99748 263952 100204 107799 100201 107794 100173 
15 : 144540 144537 144535 144531 48040 257118 248333 216332 48067 248331 216329 48065 216324 48055 48049 
15 : 128662 127888 145342 145357 145343 127886 128663 128678 128664 127889 127906 127890 145482 145462 155796 
15 : 146586 146591 146593 146595 146588 197274 197278 197281 197272 249612 249617 230083 259216 230089 230090 
15 : 146819 100892 87720 146822 146824 100898 87730 235582 235589 87715 100903 100908 87732 87738 252249 
15 : 147011 147007 147009 113082 147012 244068 264646 113103 264740 244067 113095 244069 113101 264648 113104 
15 : 105127 147421 147425 147418 147427 105137 105147 105134 105149 230299 209381 230303 209390 260205 209393 
15 : 147432 37662 147430 147434 147444 37668 188267 209549 209556 37664 37670 37676 188268 188280 216263 
15 : 147441 147436 147428 147433 59260 226502 149322 213716 59282 149317 213711 59278 149311 59261 59272 
15 : 147658 70109 147653 147659 147657 70125 219771 245591 243156 70119 70127 70124 219772 219770 243159 
15 : 144173 55445 98923 147672 147668 55444 98922 144188 144184 55438 55458 55452 98940 98936 239629 
15 : 148452 39439 103315 148461 148451 39442 103318 172655 160232 39434 39457 39440 103337 103317 160254 
15 : 116365 149413 149399 149406 149401 116387 116366 116376 116369 163145 206810 179298 163131 163127 179285 
15 : 150928 36240 12125 8273 150925 36250 12140 8290 198530 12112 8258 36248 8257 12136 8283 
15 : 151142 12367 151139 151154 151143 12377 182737 207610 207602 12373 12390 12378 182748 182738 209771 
15 : 151176 151174 141420 84304 151161 255472 141441 84329 210443 141438 84327 210439 84302 141428 84314 
15 : 151248 151243 151260 151241 151242 166402 206707 156105 156729 166413 156100 156721 156123 156745 156099 
15 : 151352 60992 151355 151359 151353 60997 172751 172757 172750 61000 61007 60998 209810 194956 194963 
15 : 151571 52126 151569 57182 151566 52136 209949 57190 188610 52133 52118 52131 57189 188605 57187 
15 : 152220 152226 152227 152218 142282 220064 220065 202141 142298 251519 202148 142307 202150 142309 142295 
15 : 152223 152229 129015 152228 152215 248575 129031 248573 181416 129037 261798 181423 129035 129019 181420 
15 : 152545 152547 152543 152551 152555 186882 182929 186884 186888 182933 208701 208703 182936 182940 221838 
15 : 112576 92027 152655 152661 152654 92025 112582 112584 112581 92035 92040 92034 229997 228207 228215 
15 : 152673 152681 17963 71496 152684 184162 17965 71501 184165 17979 71513 253744 17957 17982 71517 
15 : 153479 153471 96522 153469 153461 243640 96546 234011 185544 96543 234003 185533 96542 96525 185530 
15 : 109040 153789 66228 153797 153792 109050 66223 109060 109053 66240 225760 225754 66253 66244 241728 
15 : 139387 154304 154299 154302 154298 139406 139400 139403 139399 255383 260071 253248 255380 253243 253245 
15 : 154411 154410 154405 154409 154413 260146 248235 258435 264225 248234 258434 260148 248233 248236 258437 
15 : 154628 154625 20234 25810 154636 161223 20237 25816 214395 20235 25811 161233 20221 20247 25827 
15 : 54842 131115 30446 156040 49213 54841 30437 54861 49203 30445 131132 49212 30466 30436 49239 
15 : 127681 156070 156064 156068 156074 127695 127686 127692 127698 201345 227843 243644 201341 201348 227847 
15 : 92510 130422 156461 156464 156460 92506 92522 92523 92521 130434 130437 130433 229594 226860 226861 
15 : 157236 157232 157241 126744 51186 244666 261133 126763 51207 244668 126758 51203 126767 51210 51180 
15 : 157670 157676 41330 9699 157666 242112 41343 9712 203520 41353 9719 203530 9688 41334 9704 
15 : 157898 136809 157907 157911 157916 136810 158850 158858 158862 136814 136819 136825 215590 215599 248003 
15 : 158078 158068 68292 158070 19796 183087 68309 186212 19813 68294 183074 19797 68295 19781 19799 
15 : 160274 160280 160281 99422 160277 196374 196376 99431 196370 234381 99442 217204 99443 217207 99436 
15 : 122460 160365 160363 156563 65004 122475 122471 122459 64993 260708 156587 65023 156585 65017 65003 
15 : 160572 111291 119502 149612 63064 111305 119520 149631 63089 111287 111290 63056 119500 63057 63062 
15 : 144905 160777 160782 160785 139160 144908 144915 144916 139155 174644 174645 139163 218960 139176 139179 
15 : 160789 160797 160806 142904 160796 185611 185620 142908 185610 234861 142913 234814 142924 234826 142912 
15 : 112036 161591 161601 161598 19205 112044 112060 112057 19200 196746 196741 19211 263187 19234 19231 
15 : 64518 161613 704 161607 161604 64533 697 64528 64524 721 236355 200304 714 709 200299 
15 : 161807 135579 68046 13511 57428 135595 68058 13525 57445 68042 13506 57425 13499 57420 13497 
15 : 162057 86305 162059 162067 162068 86306 177418 177425 177428 86309 86323 86326 208633 208637 252662 
15 : 162166 162176 162173 143803 69585 204460 204458 143811 69592 261416 143829 69607 143826 69605 69582 
15 : 162278 125652 108892 162281 149655 125656 108898 218308 149660 108886 125663 125649 108905 108890 149664 
15 : 162661 162652 42857 7036 74309 184274 42878 7056 74332 42860 7040 74312 7024 42852 7026 
15 : 123029 142113 26574 72253 163396 123028 26569 72250 123041 26571 72252 142125 26563 26587 72266 
15 : 163474 20107 163478 41391 12750 20114 224985 41399 12760 20120 20096 12732 41409 12767 12736 
15 : 163712 163714 163707 13231 120358 244800 225070 13248 120376 225073 13250 120379 13241 120370 13222 
15 : 163850 100617 92924 163861 53095 100619 92927 188264 53098 92915 100639 53085 92943 53084 53117 
15 : 129484 165336 115536 165340 23227 129486 115531 129494 23218 115537 168928 23228 115546 23217 23237 
15 : 108918 59931 165760 165750 76280 59925 108937 108919 76275 59952 59933 59920 169340 76301 76282 
15 : 165761 165754 165756 165762 165749 228562 257392 264580 166614 228557 228564 166599 257396 166605 166618 
15 : 166150 126981 166149 166145 166151 126988 204696 175646 210803 126987 126985 126989 175644 204697 175647 
15 : 81466 144775 166705 166707 118218 81464 81467 81474 81462 144776 144782 118216 183181 118220 118228 
15 : 80776 166733 166735 166732 166730 80788 80790 80787 80785 264722 264136 259714 264138 259715 259712 
15 : 167129 167128 167123 167130 167136 230772 171042 238686 238690 171041 230774 230780 171043 171051 241297 
15 : 12832 97117 167591 75186 167581 12827 12847 12825 12833 97130 75178 97118 75201 182051 75187 
15 : 167680 52986 76393 167679 167678 53006 76413 238803 234441 52978 53003 53001 76407 76405 234437 
15 : 168440 168446 25630 75125 13544 206251 25633 75131 13547 25642 75140 13559 25621 13531 13535 
15 : 168513 35915 166987 74563 168519 35919 166990 74565 189031 35914 35908 35929 74562 166999 74573 
15 : 169186 169183 169197 159351 72276 180144 203592 159361 72289 180153 159355 72281 159373 72305 72274 
15 : 87911 169272 169274 128432 169273 87916 87922 87907 87921 252916 128444 252914 128449 258653 128447 
15 : 169579 130937 39586 59134 125899 130952 39601 59143 125916 39577 59125 125893 39573 39576 59124 
15 : 155950 169955 169954 169940 169946 155965 155964 155952 155959 265135 186219 235454 186218 235453 186205 
15 : 103107 17807 42715 5293 170126 17798 42709 5282 103111 17795 5275 17812 5278 42718 5298 
15 : 170420 109961 170417 170430 170431 109968 186815 213914 213916 109962 109978 109982 186826 186828 261255 
15 : 32251 168160 76347 171795 171801 32250 32247 32254 32262 76346 168161 168173 76350 76362 201625 
15 : 156255 171842 74279 171843 171847 156259 74276 156260 156266 74283 218416 218421 74284 74292 219887 
15 : 172094 172097 172081 172088 172099 257252 193637 235032 257255 193638 235034 261838 193625 193640 235036 
15 : 81154 172360 53419 128483 136391 81166 53410 81151 81153 53434 128505 136407 53413 53415 128479 
15 : 145773 172732 172733 63066 83937 145786 145788 63059 83931 239305 63078 83946 63081 83947 63055 
15 : 173222 173229 30352 173228 99165 191002 30354 191001 99168 30358 236143 99179 30357 30341 99178 
15 : 173223 119475 173235 173225 173231 119480 204384 204371 204379 119495 119484 119492 221642 255180 221635 
15 : 105024 173560 173558 160526 173562 105038 105036 105022 105039 233281 160537 241176 160535 233283 160538 
15 : 174016 120464 72665 15961 174013 120477 72678 15973 251593 72660 15953 120474 15949 72675 15970 
15 : 174618 69824 172958 151861 174617 69838 172974 151881 260375 69823 69822 69836 151860 172972 151879 
15 : 174985 174986 19208 172507 174989 253682 19220 172520 253685 19223 172523 256899 19207 19226 172526 
15 : 67498 13477 175589 109606 155664 13469 67499 67493 67495 13478 13471 13473 109607 155665 109602 
15 : 42569 175946 175936 175941 175935 42584 42572 42579 42571 187104 256882 186663 187096 186637 186656 
15 : 176804 113524 152470 176805 176808 113528 152475 206087 206091 113521 113529 113532 152477 152483 218760 
15 : 177003 177001 43802 177002 176992 247010 43821 250028 208022 43819 247009 208017 43820 43809 208020 
15 : 144426 177190 177189 177186 177180 144435 144434 144429 144427 241254 216591 179734 216590 179733 179727 
15 : 177806 177803 177805 177809 105576 235876 240854 241746 105590 235874 235884 105586 240863 105588 105598 
15 : 64783 91618 178160 97371 178162 64777 64784 64778 64789 91623 91614 91628 97379 221551 97382 
15 : 145862 49184 70525 179073 76518 49181 70523 145876 76516 49175 49198 49176 70539 70515 76541 
15 : 179166 179165 179164 179159 179167 253659 252608 240288 255879 252604 240282 253660 240280 252610 240289 
15 : 179495 179491 179494 165515 107011 220909 240397 165529 107024 220908 165520 107015 165528 107023 107005 
15 : 179778 179784 179775 177951 179780 234174 231429 177956 234169 231444 177968 253390 177954 231434 177959 
15 : 68016 54446 82594 180377 180381 54439 68011 68021 68025 54441 54450 54456 82602 82606 210765 
15 : 139237 180478 180487 180482 100546 139238 139250 139247 100541 209149 209146 100554 240652 100561 100558 
15 : 70942 128115 180646 180647 75320 70937 70955 70956 70933 128120 128121 75313 234683 75330 75331 
15 : 128116 165102 171473 180685 118668 128110 128114 128127 118657 165100 165117 118663 171483 118666 118681 
15 : 90301 181294 181286 181295 155775 90316 90309 90317 90297 225268 265319 155798 225269 155784 155801 
15 : 182297 135668 182287 182291 182284 135683 225395 244900 190892 135674 135679 135670 225388 190878 190884 
15 : 182416 182412 19064 123939 182414 211274 19076 123951 240698 19066 123945 211271 19061 19072 123949 
15 : 134261 182792 182797 58030 182795 134262 134270 58023 134267 183831 58031 183826 58037 208329 58033 
15 : 182977 182980 139485 143781 155969 187171 139487 143782 155971 139490 143788 155976 139479 139482 143777 
15 : 183049 47396 183044 183050 3517 47409 192816 246601 3529 47397 47411 3505 192817 3519 3530 
15 : 184060 179699 39073 113430 184068 179704 39080 113437 225035 39071 113428 179713 39068 39085 113445 
15 : 184313 113731 184320 184319 184312 113736 218309 218307 215845 113744 113740 113735 242852 215855 215853 
15 : 184342 184355 184343 95101 184344 216410 216402 95105 216403 233389 95118 234879 95108 233378 95109 
15 : 184587 184580 184579 23042 81181 209196 198843 23052 81195 198833 23045 81184 23044 81183 23031 
15 : 174369 184667 184673 184674 140762 174371 174375 174376 140761 211536 211537 140768 256842 140778 140780 
15 : 122348 145250 184682 184678 86606 122347 122361 122353 86595 145260 145253 86599 196470 86620 86609 
15 : 178992 184695 158139 184699 51192 179003 158137 179006 51191 158146 240718 51201 158148 51187 51204 
15 : 36058 185020 149880 185028 185018 36061 36056 36067 36059 149887 230766 211953 149893 149884 211962 
15 : 182370 154944 185129 93966 185131 154942 182380 93963 182382 154955 93958 154958 93980 258466 93982 
15 : 185254 185251 185250 185248 45532 251240 238323 232197 45547 238320 232196 45545 232191 45543 45539 
15 : 185644 2004 17617 185647 185649 2006 17620 218298 218301 1993 2010 2012 17624 17626 252297 
15 : 52624 120190 185893 176255 16101 52616 52628 52623 16086 120193 120189 16091 176258 16104 16100 
15 : 185924 185920 125759 185912 70142 249771 125780 200146 70170 125771 200140 70159 125761 70135 70145 
15 : 113175 171375 186261 186264 83167 113173 113179 113180 83156 171380 171381 83164 219036 83171 83173 
15 : 186438 186428 147690 186429 186432 200283 147706 206918 223785 147693 200272 200277 147694 147697 206911 
15 : 83906 186502 91942 31902 164010 83921 83896 31891 83902 91957 31917 164030 31892 91939 31900 
15 : 186604 186611 627 15501 186607 219031 633 15506 219025 651 15520 247782 614 640 15510 
15 : 123829 143757 186920 157248 186923 123823 123833 123825 123836 143761 143754 143766 157253 226926 157256 
15 : 168193 187181 187167 100322 134004 168210 168196 100320 134001 193528 100340 134017 100325 134005 100312 
15 : 49313 5595 110484 187293 84277 5581 49305 49319 49302 5590 5604 5587 110496 84267 84290 
15 : 187703 187704 187699 187702 172399 262303 238621 261495 172416 238622 261496 172417 238620 172407 172415 
15 : 187768 106138 159319 187771 187772 106140 159320 206365 206366 106135 106145 106147 159322 159324 237741 
15 : 30284 178994 188151 188160 11788 30281 30287 30299 11766 178997 179011 11784 215393 11793 11810 
15 : 181710 188690 188685 188688 155450 181724 181717 181720 155449 242036 257088 155475 242035 155462 155467 
15 : 58671 8948 28773 188822 49520 8933 28757 58681 49500 8927 8952 8931 28778 28756 49528 
15 : 188834 188836 180963 188826 86607 254631 180975 191801 86627 180980 191805 86630 180964 86605 86608 
15 : 188904 101378 188908 170364 34458 101379 200177 170365 34461 101385 101377 34450 170373 34468 34455 
15 : 189363 80015 189368 150573 189364 80019 222874 150580 222867 80029 80011 80020 150589 233957 150584 
15 : 146828 90735 62005 52041 99947 90733 61999 52036 99943 61994 52029 90730 52026 61996 52032 
15 : 48343 57999 189504 189508 189501 48328 48349 48354 48348 58004 58008 58001 208846 205946 205952 
15 : 128158 190137 190135 190136 190142 128165 128162 128164 128168 223459 228184 230591 223458 223461 228189 
15 : 190311 154832 190313 102019 17650 154840 242716 102027 17656 154845 102015 17646 102034 17661 17639 
15 : 190391 160810 190388 184382 124872 160819 193299 184397 124887 160812 160809 124869 184385 124875 124871 
15 : 20204 35344 110460 162680 142291 20188 20192 20200 20195 35333 35340 35337 110456 110450 142286 
15 : 190646 190651 190649 190643 190653 244353 244349 240218 244355 259704 240226 262238 240222 259706 240229 
15 : 140071 190983 190982 190990 146033 140074 140073 140083 140068 196840 201664 146035 196851 146034 146049 
15 : 191400 103222 191404 67671 191401 103229 215230 67675 215227 103235 67663 103231 67679 218974 67676 
15 : 192676 192684 95615 16746 192681 195817 95616 16747 195812 95633 16764 240046 16735 95623 16753 
15 : 193122 11371 193120 4319 88954 11378 215692 4330 88963 11374 4296 11355 4322 88958 4302 
15 : 194162 194157 33723 194156 194150 239415 33742 223792 195409 33731 223781 195397 33728 33725 195395 
15 : 194304 194308 36246 192967 194310 198505 36247 192969 198512 36252 192975 247359 36245 36257 192981 
15 : 34590 194412 6663 194405 194410 34603 6645 34597 34602 6680 233785 264368 6669 6678 233784 
15 : 42442 24534 131448 195273 195270 24520 42438 42447 42445 24528 24545 24538 131456 131449 205225 
15 : 195439 195436 195433 195435 195442 255161 243552 248450 257156 243549 248448 255164 243545 243554 248456 
15 : 195682 42411 113849 84311 184108 42422 113864 84326 184128 42405 42404 42409 84298 113847 84309 
15 : 58784 30602 78133 196075 142589 30591 58775 58789 58781 30593 30612 30598 78142 78130 142601 
15 : 104706 154872 196150 51889 71874 104702 104711 51880 71866 154876 51883 71869 51895 71884 51876 
15 : 172260 196173 196168 165293 196181 172267 172262 165290 172270 209588 165303 240172 165294 209595 165312 
15 : 79106 142909 196235 66684 102841 79098 79107 66668 79093 142910 66677 102833 66685 102843 66671 
15 : 196265 29630 5860 50925 147608 29640 5875 50943 147629 5844 29614 29623 5845 5852 50916 
15 : 196364 196355 196354 196366 196358 250472 247443 264110 254213 247438 250474 250468 247448 247442 254217 
15 : 196605 42672 144602 115105 183742 42678 144609 115111 183751 42666 42659 42671 115098 144599 115104 
15 : 84777 27546 196710 196703 196705 27536 84787 84778 84780 27557 27549 27550 205830 227077 205819 
15 : 196716 196717 196715 196719 156500 251847 238332 251853 156515 238336 255548 156518 238342 156509 156528 
15 : 197258 96931 197266 93691 197259 96932 203642 93694 203632 96943 93680 96933 93713 205618 93695 
15 : 187695 82319 176174 197603 150358 82317 176172 187696 150355 82314 82322 82311 176181 150353 150364 
15 : 197854 15000 197851 181464 197857 15010 249825 181477 258485 15007 14999 15013 181474 249830 181482 
15 : 68462 197942 73440 197940 197941 68471 68453 68468 68469 73451 243038 244275 73448 73449 243036 
15 : 198560 90361 198554 198558 44942 90376 231340 252527 44961 90366 90371 44928 231336 44946 44955 
15 : 198622 63426 9049 189557 192380 63427 9050 189558 192381 9030 63423 63424 9046 9047 189556 
15 : 25602 198730 170095 130232 198729 25606 25598 25594 25605 170101 130238 219098 130225 170098 130235 
15 : 185725 198919 198908 169322 198914 185742 185730 169321 185735 220306 169342 239965 169328 220298 169332 
15 : 199014 163362 199009 199012 196293 163371 206539 231759 196300 163364 163368 163361 206532 196294 196299 
15 : 199457 199456 74800 129708 199459 240951 74811 129723 257953 74807 129718 240957 74795 74814 129728 
15 : 200024 167228 200030 200025 120960 167233 234060 234053 120964 167240 167234 120954 234286 120974 120965 
15 : 112930 200059 194261 183651 200064 112935 112929 112927 112940 194270 183656 249074 183650 194277 183661 
15 : 200491 200495 200496 200493 200488 237000 237001 236998 207494 249643 243467 207501 243469 207503 207498 
15 : 104150 101403 200764 200754 47474 101393 104166 104155 47461 101416 101408 47460 228668 47493 47479 
15 : 200781 200780 153182 200790 27145 226536 153189 232820 27151 153188 226547 27150 153200 27142 27163 
15 : 150729 195876 143137 201393 201390 150727 143132 150740 150735 143136 195887 195883 143145 143141 239430 
15 : 201810 201808 201804 11218 201806 245824 203122 11233 239721 203117 11227 239719 11219 203114 11224 
15 : 202384 202380 202382 8317 154057 253267 262688 8335 154080 253265 8327 154068 8332 154077 8312 
15 : 202478 171082 202480 202475 30511 171088 255774 242639 30525 171091 171086 30505 242642 30528 30522 
15 : 202537 104092 202542 167364 185190 104095 242800 167369 185197 104100 104087 104090 167379 185205 167362 
15 : 203014 203016 98501 69825 80159 203645 98502 69826 80160 98507 69831 80169 69817 80147 69815 
15 : 203260 203258 203261 203253 110561 254481 257594 228202 110571 254482 228200 110570 228203 110572 110564 
15 : 203479 196875 65975 102845 203482 196877 65976 102848 226469 65974 102842 196888 65961 65984 102857 
15 : 204004 204002 203995 203991 204001 259227 225152 207555 247964 225151 207551 247962 207542 225149 207547 
15 : 204008 203839 204013 204009 98276 203844 218936 218933 98279 203847 203845 98275 227962 98286 98280 
15 : 204655 164293 105645 119768 204664 164294 105646 119769 209882 105641 119766 164304 105637 105660 119783 
15 : 30779 205489 191271 189613 205485 30786 30776 30775 30781 191285 189620 230598 189611 191277 189615 
15 : 95569 94971 205693 66938 205691 94960 95579 66929 95573 94986 66928 94979 66958 254939 66951 
15 : 136675 41724 205806 141741 49523 41716 136678 136667 49511 41727 41717 41707 141743 49524 49512 
15 : 94415 173370 96200 206135 206126 94412 94405 94431 94420 96195 173386 173374 96217 96207 238967 
15 : 206629 146558 106184 206633 206632 146560 106187 233770 233767 106179 146567 146563 106194 106191 240519 
15 : 147058 132469 135496 206857 86613 132462 135488 147062 86600 132461 132476 86596 135501 86598 86619 
15 : 207010 135391 137606 25814 19837 135396 137611 25818 19842 135386 25806 19833 25807 19834 19824 
15 : 132642 207174 127429 33089 207177 132650 127421 33078 132652 127439 33099 258960 33076 127444 33103 
15 : 205108 207289 207285 207283 207281 205124 205113 205111 205109 232565 221903 209993 221896 209986 209983 
15 : 207376 207375 120124 157526 207380 252301 120140 157536 254783 120139 157534 252303 120118 120146 157541 
15 : 207825 89318 154372 207817 207823 89329 154384 239777 259131 89315 89323 89326 154376 154382 239774 
15 : 207897 207896 196183 207890 149959 262159 196189 210528 149969 196188 210527 149968 196184 149957 149960 
15 : 41549 132333 207963 59806 207964 41545 41559 41540 41560 132339 59795 132342 59819 262687 59820 
15 : 207961 41449 173779 207959 154058 41462 173788 252886 154073 41446 41459 41445 173785 154054 154067 
15 : 208198 169391 208199 208200 208202 169398 239601 239603 239609 169399 169401 169410 248476 248482 251515 
15 : 208205 182448 56061 208207 208212 182451 56063 220324 220331 56059 182455 182458 56069 56074 236150 
15 : 127385 208273 62112 6257 208272 127387 62107 6248 127386 62114 6260 212174 6241 62113 6259 
15 : 183951 21834 139488 208359 136940 21829 139486 183954 136937 21821 21840 21820 139491 136930 136949 
15 : 208820 208814 136284 208825 208818 230578 136298 256724 242116 136290 230580 230573 136302 136293 242120 
15 : 106799 73734 56453 150769 120364 73725 56441 106795 106791 56435 73731 73728 56448 56442 120357 
15 : 94508 209784 209788 21835 96002 94509 94516 21814 94499 215582 21837 96003 21846 96013 21815 
15 : 141514 210027 171399 204047 210020 141525 141508 141512 141520 171409 204062 232942 171398 171400 204052 
15 : 210688 210681 195057 45065 210690 253285 195075 45085 265166 195069 45077 253287 45063 195077 45086 
15 : 84757 210799 210802 210795 206909 84768 84771 84764 84756 263442 249742 206921 249746 206924 206915 
15 : 204573 59677 191436 1700 212326 59675 191434 1699 204578 59671 1684 59679 1696 191440 1705 
15 : 94833 175825 96232 212359 212361 94826 94815 94842 94843 96227 175837 175838 96244 96246 262794 
15 : 212399 184972 46853 212404 187654 184976 46856 235816 187657 46847 184985 184967 46865 46848 187666 
15 : 212907 212904 145656 212900 212906 258762 145668 227203 264661 145662 227197 258761 145658 145666 227201 
15 : 213050 177383 213061 129025 142297 177385 225647 129028 142300 177396 129018 142288 129036 142312 129013 
15 : 213055 104119 162686 196051 187484 104122 162693 196059 187495 104111 104117 104114 162682 162678 187479 
15 : 213253 110590 213252 213250 213256 110595 242352 237790 245080 110594 110593 110600 237789 242357 237794 
15 : 213521 213514 213519 173157 213513 237383 264776 173177 229579 237381 173163 229565 173174 229578 173160 
15 : 213599 213594 98630 35612 213592 252097 98644 35622 224378 98637 35617 224367 35598 98631 35613 
15 : 146785 213810 177327 204240 171007 146789 146781 146784 146780 177340 204246 171013 177325 171000 171005 
15 : 188695 42750 173270 107646 136967 42746 173266 107640 136963 42745 42741 42743 107639 136961 107635 
15 : 191491 127643 71753 214038 214045 127642 71751 191494 191499 71743 127647 127653 71756 71762 243404 
15 : 129090 157023 90364 214172 214173 129084 90352 129094 129096 90357 157027 157028 90367 90369 231616 
15 : 163992 190669 81809 214267 16145 163989 81802 164001 16137 81807 190678 16140 81821 16131 16154 
15 : 182272 26482 124532 214269 197479 26477 124525 182282 182270 26472 26490 26479 124543 124528 197496 
15 : 214350 214359 180946 214354 109 224413 180947 224409 112 180960 245219 125 180952 105 117 
15 : 214470 86575 189043 65439 214473 86588 189053 65451 253761 86573 65426 86590 65433 189058 65452 
15 : 214748 86817 213861 214747 214750 86819 213863 215601 216960 86816 86818 86822 213862 213866 215606 
15 : 214936 27388 124992 214935 57330 27400 125006 238180 57346 27384 27394 27378 125000 57320 57337 
15 : 215194 187714 215188 117136 201538 187725 253146 117147 201552 187720 117127 187712 117144 201546 117133 
15 : 160701 77 109358 136695 215280 72 109349 136691 160705 67 70 84 109348 109364 136703 
15 : 215634 2832 215626 203212 215628 2844 234385 203227 244773 2837 2831 2839 203220 234382 203222 
15 : 215649 215643 215642 211708 215645 245435 242359 211725 256451 242353 211716 245432 211715 242356 211720 
15 : 216087 216082 173068 216083 216081 228327 173079 245480 226868 173073 228320 226859 173075 173072 226862 
15 : 146323 178462 29853 113885 216440 146320 29842 113873 146328 29847 113878 178465 29839 29855 113888 
15 : 146286 216506 202970 200348 216513 146288 146281 146280 146299 202977 200355 244005 200346 202983 200362 
15 : 171592 70298 188431 187904 107532 70290 171586 171585 107524 70292 70291 70281 187897 107526 107525 
15 : 167502 216792 216793 216797 216796 167503 167506 167513 167512 220508 220514 220513 242910 242909 264415 
15 : 217223 217220 217219 217222 34462 237721 234502 254411 34476 234497 237720 34469 234501 34466 34475 
15 : 217685 168904 217686 217689 217682 168909 238253 238258 230251 168910 168916 168905 240171 230252 230258 
15 : 130795 217867 161240 84703 144256 130800 130791 84690 130788 161248 84708 144259 84696 144246 84691 
15 : 171643 217956 217961 74048 217962 171648 171651 74041 171654 250606 74053 250610 74058 262724 74063 
15 : 9013 196655 218099 23073 174583 9011 9019 9000 9010 196662 23069 174580 23083 174590 23066 
15 : 218248 26190 162602 195019 218243 26201 162618 195036 249791 26181 26188 26196 162601 162612 195030 
15 : 218843 136696 167164 104686 218841 136706 167173 104693 251251 136692 104674 136704 104677 167170 104692 
15 : 170211 218932 156568 218927 218926 170220 156565 170216 170215 156589 246378 239023 156583 156579 239012 
15 : 218937 72733 218938 218942 154976 72737 249115 249124 154980 72739 72745 72727 251219 154981 154989 
15 : 185729 108927 194827 44461 219237 108920 185724 44452 185743 108923 44444 108939 44455 194840 44472 
15 : 219333 176833 57844 100524 203873 176834 57845 100525 203874 57841 100519 176830 57837 57843 100521 
15 : 219407 219409 110141 219412 143482 222201 110142 222204 143483 110145 240144 143488 110149 110134 143494 
15 : 1063 162016 39732 219692 142613 1056 1050 1067 1054 39722 162019 142606 39734 39720 142621 
15 : 219725 219723 219719 198433 186993 263067 225507 198447 187010 225503 198444 187007 198435 186995 186990 
15 : 107237 219786 219787 219783 219780 107245 107246 107241 107238 263713 252613 234705 252617 234709 234697 
15 : 106387 219977 54591 219981 65586 106389 54583 106394 65573 54596 250476 65593 54602 54581 65600 
15 : 149622 189805 214790 219988 219986 149618 149621 149632 149629 189804 189816 189810 214799 214795 258841 
15 : 144746 146907 220221 150653 220225 144737 144748 144738 144750 146909 146901 146911 150658 237545 150665 
15 : 1935 203745 220408 220405 37278 1933 1943 1937 1922 203752 203746 37273 226690 37285 37281 
15 : 220656 220657 94471 144456 220663 234387 94474 144458 234392 94479 144461 250241 94465 94486 144469 
15 : 106024 220898 220897 220899 77897 106037 106033 106039 77883 260521 265340 77917 260523 77910 77919 
15 : 220468 58648 128978 220974 220971 58647 128977 220474 220471 58639 58654 58651 128987 128981 233157 
15 : 221100 216698 34776 198453 136398 216706 34795 198467 136411 34774 198450 136396 34773 34769 136394 
15 : 158027 160390 19692 221451 221452 158021 19687 158032 158035 19688 160397 160400 19699 19702 262343 
15 : 221803 50785 212230 221807 221806 50786 212231 222870 222869 50782 50793 50792 212235 212234 250954 
15 : 103327 219169 139284 222015 222010 103325 103314 103339 103336 139281 219187 219184 139301 139296 257741 
15 : 222202 178017 152499 43914 222205 178023 152505 43919 241712 152493 43906 178030 43903 152510 43927 
15 : 222538 222537 115814 156844 222541 233894 115821 156850 242348 115819 156847 233903 115807 115829 156857 
15 : 222610 106651 222607 105834 222612 106660 239224 105840 255513 106654 105817 106664 105837 239226 105845 
15 : 222629 222622 222624 222621 222620 253632 255144 250460 245729 253627 250453 245722 250455 245724 245720 
15 : 41551 222704 89347 143927 154062 41552 41543 41546 41547 89349 143928 154064 89337 89338 143917 
15 : 222982 37759 17589 222992 222994 37762 17592 236816 236819 17572 37772 37776 17604 17606 264753 
15 : 222990 115815 150170 222980 193055 115828 150185 229628 193071 115806 115817 115812 150171 150168 193057 
15 : 182741 83172 146140 175914 223077 83166 146136 175907 182745 83161 83165 83178 146134 146144 175918 
15 : 223210 223216 223215 223212 43777 223632 223629 223625 43778 257631 241070 43790 241066 43788 43784 
15 : 223369 184723 223364 78164 223360 184735 237157 78178 229151 184728 78158 184725 78168 229141 78166 
15 : 54755 223489 223479 223490 223486 54767 54759 54768 54765 239119 264882 263717 239120 239114 263718 
15 : 223476 83264 223474 223484 223477 83266 227645 232959 232956 83265 83275 83267 227654 227646 233448 
15 : 223680 223681 223684 206671 103609 232725 232731 206673 103611 241077 206676 103614 206683 103619 103606 
15 : 196277 223743 223739 223738 38736 196288 196281 196280 38730 250631 244192 38752 244182 38745 38744 
15 : 223803 168251 8789 223806 223804 168253 8794 248433 248430 8782 168256 168254 8798 8795 252923 
15 : 217512 143276 191777 184394 191212 143275 191774 184392 191210 143272 143270 143271 184384 191199 184383 
15 : 224720 32778 224724 12870 224719 32785 256251 12875 256158 32786 12853 32784 12880 256162 12874 
15 : 142269 58978 224830 224828 185626 58966 142275 142273 142261 58980 58979 58972 241920 185632 185629 
15 : 125943 224842 224833 224834 224839 125955 125946 125947 125952 226735 228709 264131 226724 226733 228706 
15 : 211674 225704 197093 225710 197481 211675 197086 211684 197478 197094 232560 197482 197103 197084 197497 
15 : 225721 177107 29573 225718 225719 177123 29591 261218 262954 29567 177117 177119 29588 29589 261215 
15 : 90811 21680 226024 226018 67532 21667 90818 90812 67514 21691 21682 21664 231073 67548 67534 
15 : 95919 226035 64816 25055 189196 95923 64801 25047 95915 64820 25063 189206 25042 64811 25053 
15 : 202886 226242 190826 64737 193535 202895 190823 64734 193529 190835 64748 193544 64730 190822 64731 
15 : 226771 226774 226769 226775 124559 262855 254887 262856 124575 254890 265159 124582 254891 124568 124583 
15 : 111640 226961 226957 226956 184017 111650 111644 111643 111635 249304 243379 184029 243377 184024 184022 
15 : 149807 212057 113410 227210 113916 149804 113401 149810 113899 113407 212060 113912 113413 113398 113919 
15 : 94105 126446 227218 227221 173159 94093 94111 94121 94099 126452 126457 126439 249221 173166 173175 
15 : 152978 227921 66689 227920 227926 152981 66679 152979 152984 66692 234815 237905 66690 66698 234821 
15 : 227999 228003 206889 227249 227997 262959 206906 227262 246017 206907 227264 246019 206888 206898 227254 
15 : 178840 207059 135176 66241 53141 178836 135167 66232 53134 135169 66238 53139 66226 53128 53121 
15 : 228303 228293 183516 228298 189473 231875 183531 243721 189490 183518 231868 189474 183522 183511 189481 
15 : 228372 99030 228379 228383 223598 99032 229399 229401 223599 99039 99042 99027 265098 223611 223615 
15 : 228393 228391 228388 204734 73040 263892 253599 204747 73054 253597 204745 73053 204740 73046 73034 
15 : 228568 86107 228573 183283 215686 86110 255801 183289 215691 86115 86101 86106 183295 215699 183282 
15 : 196942 228724 102721 228727 228725 196944 102715 196949 196945 102724 249735 249730 102729 102726 251645 
15 : 229405 151328 220916 129715 229403 151336 220923 129724 233899 151325 129705 151330 129712 220917 129717 
15 : 229418 229423 229421 150552 229416 258855 258852 150560 256019 263549 150566 256027 150565 256021 150558 
15 : 76600 223515 229592 128819 134818 76598 76602 76592 76593 223516 128817 134815 128822 134821 128809 
15 : 215026 122917 160302 50789 203158 122911 160299 50783 203156 122905 50772 122909 50779 160298 50780 
15 : 141607 219954 224350 230271 230269 141603 141604 141615 141609 219952 219963 219957 224361 224352 243295 
15 : 189180 230280 230276 230273 176179 189193 189188 189182 176173 255924 238623 176193 238619 176188 176183 
15 : 114095 132704 230312 230305 230304 114084 114106 114097 114096 132717 132707 132706 239302 239020 239010 
15 : 230325 230323 230322 85221 208092 258570 250387 85241 208109 250383 85232 208103 85228 208097 85217 
15 : 230667 230675 230672 230670 230668 237874 237869 237866 237862 256447 254030 239919 254025 239913 239911 
15 : 117647 63022 230870 230872 230876 63011 117649 117651 117655 63024 63026 63032 243144 243151 257695 
15 : 138018 71049 230914 102056 163134 71042 138021 102045 138015 71052 71038 71044 102059 163139 102047 
15 : 216043 26252 59279 197970 195737 26251 59274 197967 195735 26230 26247 26246 59270 59268 195729 
15 : 178200 229060 202727 231223 153435 178199 178197 178211 153426 202726 229069 153434 202738 153429 153447 
15 : 101033 231315 231313 157649 108052 101040 101038 101029 101025 250006 157658 108060 157655 108058 108041 
15 : 198637 231833 178503 179906 96966 198641 178498 179898 96958 178509 179911 96972 178496 96952 96953 
15 : 172854 231997 195217 231993 196768 172866 172846 172856 172847 195228 245174 196781 195219 195212 196772 
15 : 232070 232073 156993 186050 51082 262975 156998 186060 51091 157001 186065 51099 156986 51072 51076 
15 : 92097 99897 232188 232180 232182 92088 92105 92099 92101 99906 99900 99901 249954 259930 249948 
15 : 104844 188639 144720 181762 175268 104837 104829 104835 104834 144714 181754 175261 144709 144708 175259 
15 : 232288 212099 232292 157844 126889 212109 260679 157852 126898 212113 157837 126887 157860 126904 126879 
15 : 136561 232351 232359 43655 232358 136563 136568 43642 136567 235643 43656 235642 43664 262195 43662 
15 : 232473 232484 16435 96203 232474 235992 16437 96205 235981 16450 96218 238723 16424 16438 96206 
15 : 143839 15671 227959 83141 204471 15660 143838 83125 143835 15669 15655 15665 83139 204470 83133 
15 : 71174 232683 162521 232689 101744 71175 71168 71183 71163 162522 236530 101745 162531 101729 101753 
15 : 9670 208067 177785 233061 233065 9668 9667 9675 9681 177778 208073 208076 177789 177792 244087 
15 : 18472 210645 177863 233413 233419 18468 18465 18475 18478 177856 210648 210653 177865 177868 250283 
15 : 150332 233520 31393 233523 131616 150333 31385 150337 131605 31394 234065 131618 31396 31384 131622 
15 : 26193 56033 233974 39889 230249 26175 26202 26173 26192 56049 39866 56032 39904 230261 39888 
15 : 234356 170080 180329 234354 234358 170086 180333 247619 258764 170071 170084 170089 180331 180337 247622 
15 : 8694 198568 234529 43179 234531 8689 8699 8676 8700 198574 43174 198575 43186 256289 43188 
15 : 17016 234665 215886 205524 176777 17025 17011 17009 17007 215895 205535 176788 205518 176770 176768 
15 : 234675 214699 234672 135291 234673 214708 250656 135300 256625 214703 135288 214705 135295 250653 135298 
15 : 134403 179444 92148 50760 5306 134395 92134 50746 5288 92140 50751 5295 50742 5281 5279 
15 : 183561 235110 235107 224161 235111 183568 183566 183559 183569 254094 224170 263069 224166 254095 224171 
15 : 164461 203460 236125 203971 236122 164456 164470 164457 164466 203469 203453 203462 203980 253711 203976 
15 : 197436 48891 236126 200353 18442 48887 197437 197429 18432 48892 48888 18420 200354 18443 18434 
15 : 236367 236280 236366 236364 227905 236287 256078 249462 227913 236286 236282 227904 249460 227912 227907 
15 : 184571 236376 85364 184656 36787 184572 85352 184563 36777 85366 184659 36788 85353 36761 36778 
15 : 24367 186955 94204 236470 236472 24362 24356 24368 24371 94199 186956 186962 94205 94211 240978 
15 : 236587 162373 55341 236586 49228 162381 55347 255931 49235 55332 162379 49215 55346 49204 49233 
15 : 14154 236648 236655 187842 74905 14156 14160 14146 14139 239419 187843 74907 187848 74914 74895 
15 : 205116 237018 201072 237022 220296 205120 201062 205126 205110 201076 244465 220299 201081 201066 220305 
15 : 11606 126205 88137 237108 237107 11596 11593 11615 11613 88124 126217 126215 88151 88150 264280 
15 : 237138 234961 213069 79070 237139 234970 213074 79080 256239 213068 79068 234971 79065 213076 79081 
15 : 73995 197453 138331 159464 237350 73988 73983 73986 73999 138325 159454 197457 138322 138334 159470 
15 : 213984 237479 237482 127926 176206 213990 213996 127921 176200 261724 127935 176214 127937 176217 127918 
15 : 237711 102818 14272 175360 194755 102821 14275 175365 194759 14266 102810 102812 14268 14269 175355 
15 : 23171 83788 88292 173034 102851 23153 23154 23161 23156 83770 83779 83771 88279 88271 102837 
15 : 238208 29378 28142 177492 214575 29382 28145 177495 214580 28124 29367 29376 28135 28140 177487 
15 : 238355 195199 238357 238358 15858 195200 240128 240129 15859 195203 195204 15847 255327 15865 15866 
15 : 231787 194815 140647 168044 185963 194813 140642 168043 185959 140636 168035 185952 140631 140634 168032 
15 : 103970 200457 234232 55602 218035 103961 103968 55579 103966 200456 55591 200451 55600 218032 55597 
15 : 218238 171569 69445 239136 239144 171567 69442 218241 218249 69439 171571 171584 69449 69458 249024 
15 : 239143 239140 161640 50523 137921 257573 161648 50535 137938 161646 50531 137933 50511 137910 50509 
15 : 21539 152881 121337 239518 27005 21526 21522 21546 21518 121321 152883 26990 121341 26984 27008 
15 : 81162 131677 239795 66396 239791 81152 81168 66380 81165 131680 66381 131679 66405 257859 66403 
15 : 240069 222852 211939 235197 240076 222853 211941 235199 241784 211934 222851 222862 211937 211947 235206 
15 : 230227 240085 240087 240080 34323 230233 230234 230229 34320 261772 246325 34334 246327 34338 34324 
15 : 197114 163158 238597 240123 240124 163151 197113 197117 197118 163157 163164 163165 238601 238603 257418 
15 : 136701 240000 125797 240752 58298 136700 125781 136710 58285 125796 240007 58297 125806 58283 58308 
15 : 205486 89565 169472 187357 179269 89560 169464 187351 179266 89552 89555 89554 169461 169460 179262 
15 : 187643 26965 114433 169693 110867 26960 114426 169688 110859 26955 26959 26954 114424 110850 110855 
15 : 238371 241043 68304 77247 241041 238374 68303 77246 238373 68312 77258 259448 68286 68310 77253 
15 : 90286 73970 241090 209820 201218 73950 90293 90279 90278 73974 73961 73959 209827 201226 201207 
15 : 70902 211242 241096 130268 140774 70896 70905 70887 70889 211250 130262 140767 130282 140783 130253 
15 : 35087 186886 186715 241144 205950 35081 35080 35088 35083 186708 186887 186881 186716 186710 205951 
15 : 225595 142272 199084 79910 241181 142270 199079 79905 225600 142263 79894 142280 79899 199095 79920 
15 : 219500 44082 216046 149318 241226 44077 216040 149314 219506 44076 44070 44086 149312 216050 149323 
15 : 200884 85071 241284 46276 213158 85063 200886 46266 200877 85074 46256 85064 46279 213161 46269 
15 : 213141 185448 130506 157457 241869 185442 130501 157452 213144 130497 157448 185450 130493 130509 157459 
15 : 227650 120135 242053 242057 213656 120127 227659 227664 213652 120144 120148 120125 262878 213662 213667 
15 : 48837 242093 242092 242095 242094 48843 48839 48846 48845 246940 259064 259063 246942 246941 259749 
15 : 242335 30637 242329 111351 173496 30646 260909 111358 173509 30642 30624 30629 111356 173504 111338 
15 : 242295 115437 242519 235485 141845 115436 242299 235484 141844 115443 115435 115422 235487 141849 141839 
15 : 162297 220274 61910 12763 242701 162293 61893 12749 162298 61904 12759 220277 12738 61913 12764 
15 : 219219 242936 41404 114721 242939 219220 41398 114717 219224 41405 114722 247650 41390 41411 114728 
15 : 238933 229194 99285 232152 242982 229193 99283 232150 238941 99279 229192 229206 99280 99295 232162 
15 : 241849 201951 140250 106578 243581 201950 140249 106576 241852 140240 106564 201953 106554 140252 106579 
15 : 181012 243730 125885 243727 206405 181017 125870 181014 181007 125891 258881 206414 125888 125874 206409 
15 : 141153 243868 206108 204472 243866 141157 141147 141146 141154 206113 204477 246079 204463 206109 204474 
15 : 90185 224266 244012 232319 120375 90180 90192 90182 90171 224274 224262 120369 232326 120383 120372 
15 : 244074 160108 117864 188783 234439 160111 117868 188787 234442 117851 160098 160105 117854 117860 188778 
15 : 163810 244248 171009 244250 144260 163813 163798 163815 144247 171012 257973 144264 171015 144248 144268 
15 : 244650 118201 244649 242008 51087 118210 264374 242019 51098 118208 118199 51066 242016 51093 51086 
15 : 190447 132070 231697 244681 241370 132061 190442 190452 190444 132064 132074 132068 231701 231696 241374 
15 : 151383 244688 244685 244689 50332 151386 151384 151388 50316 245918 251400 50337 245920 50333 50340 
15 : 224684 244696 201747 185295 15714 224687 201740 185290 15711 201751 185297 15716 185282 15703 15699 
15 : 244755 138352 115791 244749 244750 138363 115800 247795 250632 115774 138355 138356 115793 115794 247786 
15 : 219064 217263 164222 131169 204393 217260 164217 131165 204387 164216 131164 204386 131158 164215 131161 
15 : 245227 120079 245225 235745 173192 120090 254699 235756 173204 120086 120077 120072 235749 173197 173190 
15 : 76062 245233 215330 191876 133573 76068 76061 76059 76053 215338 191883 133584 191870 133569 133560 
15 : 115761 5732 245419 245420 58579 5715 115767 115768 58555 5738 5739 5711 264750 58585 58586 
15 : 76634 245467 135019 245464 168121 76643 76625 76635 76628 135027 255272 168127 135022 135005 168123 
15 : 146892 83441 174410 194906 124320 83429 146884 146888 124301 83432 83435 83428 174402 124305 124310 
15 : 245619 188365 245616 180304 235364 188370 250194 180313 235370 188366 180296 188363 180307 235366 180301 
15 : 184870 245914 73379 245911 145234 184879 73368 184876 145226 73385 263022 145245 73384 73364 145240 
15 : 98393 171364 98422 245945 126895 98382 98374 98397 98377 98406 171372 126881 98428 98402 126901 
15 : 81358 245114 246518 115696 246516 81357 81367 81339 81363 245123 115695 245118 115706 254489 115701 
15 : 246567 68055 246565 54222 246566 68062 260555 54228 260753 68060 54197 68061 54226 260554 54227 
15 : 164272 35437 182714 239967 212105 35429 164263 164269 164264 35430 35435 35432 182713 182707 212103 
15 : 155131 234310 105903 247000 247006 155130 105895 155132 155138 105901 234311 234316 105904 105908 247644 
15 : 65951 176072 135460 229796 17784 65940 65935 65945 17758 135444 176067 17766 135453 17763 17778 
15 : 239035 124515 247270 196225 207999 124514 239038 196221 207996 124518 124508 124511 196229 208003 196213 
15 : 103838 129557 247308 66558 211640 103825 103840 66540 103832 129560 66544 129551 66560 211643 66550 
15 : 219370 194088 226678 128277 247549 194081 219367 128270 219373 194083 128262 194091 128273 226681 128278 
15 : 212546 247588 8753 247590 247589 212551 8746 212554 212552 8758 258396 258395 8761 8759 258810 
15 : 55270 221492 6421 162438 55634 55268 6393 55258 55250 6415 162434 55630 6403 6394 55620 
15 : 165914 247716 101067 171305 247216 165921 101054 165904 165913 101076 171314 247223 101055 101066 171304 
15 : 161733 248156 30016 231463 157261 161738 30005 161730 157243 30028 231474 157270 30012 30004 157254 
15 : 80617 248212 39450 219901 94867 80618 39432 80612 80601 39451 219902 94868 39446 39433 94862 
15 : 39803 247884 186630 53148 193141 39802 39797 39784 39798 186629 53147 193140 53136 186624 53138 
15 : 248428 126652 40862 133355 248429 126653 40863 133356 258675 40844 126638 126655 40846 40864 133358 
15 : 238797 53265 152927 1307 10313 53263 152924 1303 10310 53251 1279 10286 1293 10295 1276 
15 : 71339 248459 248463 52409 204549 71342 71346 52389 71330 255297 52414 204554 52418 204558 52399 
15 : 170394 153939 248595 132072 230428 153929 170402 132058 170392 153947 132057 153935 132081 230436 132062 
15 : 96408 243513 176489 248712 248710 96407 96399 96414 96410 176486 243518 243515 176495 176490 249990 
15 : 115391 140732 147811 247959 127587 115380 115381 115390 115379 140722 140731 127568 147810 127572 127586 
15 : 216872 213854 137490 246150 221983 213843 137482 216871 216870 137481 213853 213845 137488 137483 221980 
15 : 208473 248840 123305 103972 154605 208479 123299 103964 154596 123309 103976 154610 103955 123293 103957 
15 : 137599 230352 10579 82298 222471 137593 10561 82274 137591 10572 82288 222460 10554 10571 82285 
15 : 234772 95949 234796 184835 89872 95940 234765 184826 89860 95941 95929 89850 184827 89861 89855 
15 : 37041 191458 196394 211872 220834 37032 37033 37035 37037 191448 191452 191453 196387 196388 211867 
15 : 249451 249447 249058 63581 249448 257003 249068 63594 257153 249059 63584 256997 63580 249060 63585 
15 : 184467 249554 249556 158746 24905 184471 184474 158729 24896 263285 158751 24913 158753 24916 24891 
15 : 164616 26551 247116 69740 204624 26538 164615 69725 164610 26550 26527 26543 69738 204623 69729 
15 : 163700 153793 230241 135184 218058 153777 163696 135165 163695 153790 135162 153788 135177 218050 135173 
15 : 250135 176959 231240 120253 186305 176960 231242 120254 186307 176953 120240 176948 120250 186299 120242 
15 : 250255 86725 113415 56928 212316 86731 113422 56937 212324 86711 56907 86720 56912 113408 56922 
15 : 22266 44636 95601 226541 41634 22250 22252 22263 22249 44621 44633 41609 95593 41611 41629 
15 : 216074 200704 39828 209607 45274 200700 39822 209602 45267 39818 200698 45264 39820 39810 45266 
15 : 250896 216560 250899 250897 243936 216563 257079 257077 243939 216569 216567 216558 265388 243950 243949 
15 : 190413 123953 45690 250975 245443 123941 45680 190418 190411 45671 123961 123950 45698 45687 245454 
15 : 251091 137676 24132 251088 250429 137682 24138 258746 250435 24117 137677 137675 24134 24131 250430 
15 : 247834 209648 223854 251189 251187 209647 223852 247840 247836 209642 209652 209650 223857 223855 254178 
15 : 84235 31983 183441 60890 251434 31965 84226 60866 84237 31978 31964 31986 60880 183443 60892 
15 : 37503 32174 120858 191117 251663 32154 37490 37495 37513 32156 32159 32187 120848 120868 191131 
15 : 220688 251889 221761 230123 208098 220690 220681 220684 208088 221764 230125 208102 221754 208089 208091 
15 : 251923 251922 207640 230194 57486 263487 207646 230202 57493 207645 230201 57492 207626 57473 57478 
15 : 222052 183167 210680 215468 252042 183163 210672 215460 222054 183161 183162 183168 210671 210683 215469 
15 : 251191 226454 3352 243747 120223 226453 3351 243746 120222 3345 226449 120215 3348 3338 120219 
15 : 223842 252080 159562 1876 228717 223845 159553 1869 223835 159569 1882 228722 1864 159556 1872 
15 : 130439 79342 252119 252118 244315 79322 130441 130440 130438 79344 79343 79339 257628 244318 244317 
15 : 167051 252134 186057 197409 242009 167055 167041 167042 167049 186061 197412 242015 186042 186054 197408 
15 : 135157 64819 80500 69053 127234 64807 80484 69043 127216 64798 64797 64806 69036 80483 69041 
15 : 160026 209224 247257 232321 150785 160013 160025 160020 150765 209223 209219 150770 232320 150784 150778 
15 : 252752 68441 252749 252748 211346 68450 258838 258525 211355 68446 68445 68433 258523 211351 211350 
15 : 51606 159180 223321 252899 55067 51597 51599 51611 51588 159172 159184 55054 223327 55060 55072 
15 : 245864 253134 253138 63755 217701 245866 245874 63752 217697 254522 63757 217702 63764 217711 63747 
15 : 179142 156319 110871 176869 253141 156309 110857 176857 179145 110853 156308 156323 110856 110874 176871 
15 : 253163 146329 74025 91801 168390 146333 74033 91809 168398 74015 91790 146318 74007 74017 91792 
15 : 161911 193381 74293 253565 79506 161907 74277 161912 79486 74282 193382 79494 74294 74270 79507 
15 : 253731 253733 37245 141176 204626 265067 37252 141179 204631 37254 141181 204633 37233 37241 141167 
15 : 140620 253783 250585 253789 147785 140623 140619 140628 140611 250589 262994 147792 250592 147783 147797 
15 : 66271 191610 116547 195825 3496 66265 66260 66266 3465 116536 191600 3484 116537 3473 3485 
15 : 163422 151039 240472 254111 191040 151027 163421 163424 163415 151037 151042 151034 240477 191037 191042 
15 : 174219 119512 126998 23864 254244 119503 126984 23848 174221 119496 23840 119515 23841 126999 23869 
15 : 254431 254432 52865 254429 244906 257166 52867 255182 244910 52868 255184 244914 52866 52860 244908 
15 : 251108 254750 254748 254747 237692 251114 251112 251110 237689 264845 263431 237702 263428 237699 237695 
15 : 919 254759 254760 86482 237269 921 922 899 912 263146 86486 237272 86487 237275 86479 
15 : 69389 254758 6901 69600 60084 69394 6875 69374 60059 6906 69604 60089 6876 6873 60060 
15 : 161933 68443 255145 240285 23865 68427 161939 161926 23846 68452 68438 23834 240292 23873 23854 
15 : 112493 240773 140891 47014 63118 112491 112474 46984 63094 140888 47010 63115 46987 63096 46981 
15 : 141705 243843 183288 116895 147786 141701 141698 116879 141692 183284 116892 147781 116885 147775 116880 
15 : 226668 217834 166173 126682 205615 217829 166165 126672 205607 166163 126671 205605 126662 166161 126670 
15 : 255551 255549 55208 254128 38132 259136 55214 254133 38139 55211 254130 38135 55207 38107 38130 
15 : 237519 78420 217722 137207 255578 78415 217717 137202 237521 78412 78403 78426 137197 217725 137216 
15 : 249019 195032 3699 79628 255600 195027 3696 79624 249022 3687 79614 195034 3676 3703 79635 
15 : 242949 243337 217429 35500 189651 242943 217420 35491 189645 217421 35492 189646 35487 189641 35483 
15 : 233864 132904 1231 42634 255739 132900 1227 42628 233867 1213 42619 132909 1208 1238 42641 
15 : 255763 255765 139719 110497 39150 257386 139720 110498 39151 139728 110501 39158 110480 39134 39129 
15 : 90092 160156 255938 255935 204849 90078 90096 90095 90083 160162 160159 160145 258550 204853 204850 
15 : 46825 250125 202998 173979 40049 46823 46818 46816 40022 202994 173975 40047 173965 40041 40034 
15 : 176756 113163 256261 114861 65016 113148 176758 114848 65006 113165 113137 64991 114862 65018 64992 
15 : 173753 44304 232716 57196 47156 44295 173752 57184 47139 44300 44289 44287 57192 47148 47126 
15 : 28550 134233 213293 16608 256428 28536 28541 16574 28551 134219 16585 134234 16593 213294 16609 
15 : 120691 207122 2320 256436 256437 120681 2304 120694 120695 2314 207124 207125 2322 2323 260439 
15 : 17148 256555 256556 256553 204399 17151 17152 17150 17137 261897 261025 204403 261027 204406 204402 
15 : 156653 166677 210300 256946 52485 156640 156646 156656 52462 166671 166681 52465 210303 52475 52488 
15 : 256033 252869 92910 240732 255542 252868 92909 240731 255541 92907 240728 252867 92905 92908 240730 
15 : 165407 160340 257271 11379 87004 160331 165411 11368 86991 160345 11367 86990 11382 87008 11354 
15 : 255237 250259 155889 191476 205224 250257 155888 191474 205223 155887 191471 205222 155881 155883 191466 
15 : 181032 60794 127349 179988 40202 60782 127338 179977 40185 60776 60781 40173 127337 40179 40184 
15 : 87977 225150 92452 13082 127590 87970 87953 13055 87957 92445 13075 127581 13056 92431 13061 
15 : 59217 202638 5538 254092 177987 59205 5516 59215 59200 5528 202636 177972 5537 5524 177984 
15 : 59684 94679 257912 37248 257914 59666 59687 37226 59690 94681 37229 94683 37251 262759 37253 
15 : 257956 220706 149536 257955 257960 220708 149538 258678 259088 149531 220707 220715 149537 149546 258685 
15 : 202194 258102 254638 258101 237639 202199 202190 202198 202186 254643 263184 237647 254642 237635 237646 
15 : 256503 219223 209502 25939 91200 219222 209501 25937 91199 209488 25926 91185 25922 91181 25912 
15 : 51124 237422 258198 242168 258201 51118 51125 51120 51127 237425 237417 237429 242170 259780 242171 
15 : 238452 252093 202116 210579 64570 238451 202110 210575 64565 202115 210578 64567 202105 64556 64558 
15 : 153248 258480 69569 258479 89633 153253 69546 153251 89609 69574 262950 89637 69571 69539 89636 
15 : 258507 147239 258505 129271 258506 147243 263161 129276 263792 147241 129249 147242 129273 263160 129275 
15 : 146232 89737 107146 194326 258512 89720 107127 146223 146239 89718 89722 89743 107134 107149 194331 
15 : 42927 35931 200142 192579 106343 35904 42915 42913 42907 35921 35920 35910 192565 106331 106330 
15 : 258557 258555 135043 140830 258558 259206 135047 140833 262884 135044 140831 259207 135031 135048 140834 
15 : 69323 228096 220836 236931 204851 69319 69318 69322 69315 220829 228092 204841 220831 204840 204843 
15 : 230778 5735 213093 157059 215064 5731 213088 157050 215055 5725 5717 5726 157045 213084 157046 
15 : 258648 258647 70817 56073 80417 261905 70824 56079 80421 70820 56078 80419 56050 70802 56052 
15 : 132227 195534 258734 52969 235130 132217 132233 52948 132222 195541 52956 195527 52977 235135 52963 
15 : 258866 184627 258867 237374 244598 184628 262457 237377 244601 184629 184621 184623 237378 244603 237370 
15 : 197217 248397 258937 239746 256313 197215 197220 197214 197216 248400 239743 248396 239750 256318 239744 
15 : 6352 23707 149566 45692 258970 6324 6334 6326 6355 23688 23682 23713 45674 149572 45700 
15 : 82197 247290 258980 110602 150692 82194 82200 82175 82179 247293 110596 150689 110604 150694 110579 
15 : 242447 185778 151407 203901 259233 185771 151404 203897 242448 151394 185765 185780 151395 151408 203902 
15 : 259244 55275 209836 104212 101816 55276 209838 104214 101818 55266 55256 55255 104201 101804 101786 
15 : 255364 259285 243017 259287 237780 255366 243015 255368 237775 243021 263951 237785 243023 237773 237787 
15 : 259305 259304 79472 30167 155567 259878 79475 30169 155571 79473 30168 155568 30144 79449 30147 
15 : 259403 224335 152038 181845 259407 224336 152039 181846 260122 152032 181836 224345 152028 152049 181855 
15 : 257411 190604 128023 259504 194679 190602 128022 257416 194677 128009 190611 190589 128030 128010 194688 
15 : 184104 226275 60736 256372 70021 184097 60724 184101 70003 60728 226273 70012 60732 60715 70018 
15 : 228887 209301 259549 159855 147789 209296 228891 159851 147779 209305 159846 147776 159861 147794 147771 
15 : 33831 177701 259757 161869 197735 33820 33833 33819 33822 177702 161853 177690 161871 197737 161856 
15 : 82267 250807 30332 142522 196696 82265 30304 82252 82257 30331 142518 196693 30315 30319 142510 
15 : 88733 90578 228314 217925 255724 88715 88728 88726 88732 90571 90570 90575 217913 228312 217922 
15 : 10244 260084 260083 58545 160964 10249 10246 10219 10226 261738 58549 160972 58546 160968 58524 
15 : 260208 260211 125914 242215 229672 261452 125915 242217 229673 125919 242223 229679 125910 125909 229668 
15 : 260322 192465 253522 255207 260325 192470 253525 255213 265093 192462 192463 192471 253520 253528 255216 
15 : 236337 248771 224237 18921 64573 236333 224232 18911 64563 224233 18915 64566 18907 64560 18892 
15 : 214258 260504 104262 142523 149046 214260 104252 142514 149036 104264 142527 149050 104241 104242 142502 
15 : 259764 260528 152279 74724 260527 259768 152276 74723 259767 152282 74728 263266 74704 152281 74727 
15 : 202046 165393 52971 217708 245936 165377 52958 202038 202043 52952 165380 165388 52960 52964 217698 
15 : 103816 254072 71858 180936 152192 103813 71836 103805 103800 71854 180932 152186 71845 71839 152176 
15 : 4644 218612 44778 260610 70819 4635 4625 4648 4627 44770 218616 70808 44781 44756 70825 
15 : 221905 181668 202815 201080 239272 181655 202806 201067 221899 181651 181650 181660 201061 202810 201074 
15 : 210355 255616 21661 213359 14744 210353 21648 210346 14732 21657 213355 14737 21649 14714 14733 
15 : 260720 66010 260719 260722 53978 66016 264630 265064 53982 66015 66017 53949 264632 53981 53984 
15 : 208306 199499 204044 73521 205213 199489 204034 73509 205198 199485 73504 199486 73506 204033 73507 
15 : 177195 114215 250658 260994 647 114205 177192 177197 626 114211 114220 619 250661 641 652 
15 : 69135 103923 260996 108322 146766 69116 69137 69117 69119 103925 103905 103908 108325 146768 108302 
15 : 228134 254684 259895 197256 205688 228131 228132 197246 205674 254683 197251 205683 197253 205686 197245 
15 : 145015 170414 138410 230851 86763 145004 138389 145008 86740 138394 170410 86746 138401 86739 86753 
15 : 242917 78814 218579 164636 246279 78808 218576 164632 242913 78802 78795 78810 164628 218577 164633 
15 : 230925 155534 260153 229738 150880 155523 230923 229729 150868 155532 155522 150860 229736 150877 150867 
15 : 238124 259335 66011 189208 261653 238122 66004 189200 238125 66009 189205 259337 65996 66013 189213 
15 : 128676 242289 182102 209163 244859 128671 128666 128669 128673 182094 209155 242284 182091 182095 209156 
15 : 236865 261882 220958 132834 101913 236868 220949 132826 101906 220963 132837 101918 132825 101905 101892 
15 : 147816 189454 241024 87979 25498 147804 147809 87960 25476 189448 87963 25479 87973 25491 25467 
15 : 262082 106417 187647 128249 244912 106418 187648 128250 244913 106407 106402 106413 128234 187644 128241 
15 : 55876 64420 144585 233850 253308 55852 55858 55867 55871 64401 64410 64414 144576 144579 233844 
15 : 116723 234538 230172 236465 65314 116714 116713 116715 65282 230167 234533 65297 230168 65296 65300 
15 : 262348 164617 241362 229846 81537 164618 241365 229849 81539 164614 164612 81520 229844 81533 81531 
15 : 77876 186575 259971 105809 113924 77866 77875 77859 77861 186572 105795 113906 105803 113921 105788 
15 : 259412 251718 117474 237784 217574 251716 117472 237781 217570 117467 237774 217569 117464 117462 217562 
15 : 104788 247277 262609 208256 32223 104784 104792 104780 32196 247280 208250 32215 208259 32228 32209 
15 : 194485 262659 259729 169818 58826 194486 194483 169798 58807 259730 169819 58827 169814 58824 58805 
15 : 259320 262254 180578 115469 11503 259319 180573 115465 11496 180577 115468 11501 115455 11480 11475 
15 : 140717 262669 220016 130055 257297 140719 140710 130031 140713 220017 130056 257299 130044 220011 130051 
15 : 142388 134590 141322 35656 262767 134572 141302 35629 142389 134570 35626 134593 35627 141323 35657 
15 : 128661 242046 23057 1608 247173 128655 23037 1584 128656 23048 1599 242039 1573 23049 1601 
15 : 260984 92045 88424 262881 166608 92044 88423 260987 166606 88401 92048 92028 88431 88408 166615 
15 : 120928 205458 208026 226219 8297 120917 120918 120920 8265 205440 205443 8284 208013 8285 8288 
15 : 153006 247045 257095 206614 200228 152998 153002 152990 152989 247040 206607 200222 206609 200224 200214 
15 : 96215 175470 233392 231304 252977 96196 96204 96202 96211 175458 175456 175467 231293 233387 231300 
15 : 92281 93412 48501 158750 209769 92262 48467 92265 92271 48468 93392 93402 48473 48482 158735 
15 : 262802 188352 262406 70437 254101 188351 262405 70436 254100 188350 70418 188347 70435 254099 70432 
15 : 212157 29030 158229 176597 33437 29019 158217 176587 33422 29012 29015 29004 158211 33408 33412 
15 : 134899 263089 90236 263090 195829 134900 90220 134901 134887 90237 263339 195830 90238 90227 195831 
15 : 61883 159636 106462 197395 44376 61871 61867 61876 44342 106448 159625 44354 106450 44346 44359 
15 : 262095 16530 162716 140520 263246 16528 162715 140519 262096 16516 16512 16531 140498 162717 140521 
15 : 111654 97771 254172 218768 229911 97747 111647 111638 111641 97767 97758 97760 218763 229904 218756 
15 : 225646 236513 196068 259982 117149 225642 196056 225644 117139 196058 236510 117140 196066 117132 117146 
15 : 46805 169916 229513 252877 36256 46791 46801 46804 36226 169909 169914 36241 229507 36251 36253 
15 : 3126 27671 245392 157221 200750 3106 3122 3116 3118 27667 27660 27661 157215 200743 157206 
15 : 33363 222747 235193 261739 118940 33352 33354 33360 33344 222735 222745 118923 235188 118925 118936 
15 : 82828 85567 137962 198933 45082 82803 82808 82814 45051 85543 85551 45052 137947 45055 45064 
15 : 119469 203066 241120 243660 182502 119453 119459 119462 119449 203057 203059 182487 241113 182492 182495 
15 : 189242 233458 251348 263715 8646 189225 189235 189241 8620 233451 233457 8631 251347 8641 8644 
15 : 251025 86083 239116 245575 247624 86075 239109 245567 247615 86069 86072 86074 239106 239108 245565 
15 : 169605 253806 256024 263553 236734 169598 169600 169604 169594 253802 253805 236725 256022 236727 236733 
15 : 160502 172438 53906 171870 46436 160487 53884 160486 46408 53888 171853 46411 53887 46403 46410 
15 : 43163 30788 262124 211052 181050 30763 43162 43153 43150 30785 30780 30774 211050 181047 181037 
15 : 262356 261554 185641 240657 263662 261551 185638 240654 262354 185637 240653 261552 185627 185640 240656 
15 : 196264 207110 73488 131729 264027 196255 73476 131712 196263 73477 131717 207109 73465 73487 131728 
15 : 99882 35095 247286 219632 264160 35070 99880 99874 99883 35090 35084 35096 219629 247288 219634 
15 : 200391 262216 75907 223992 205228 200389 75888 200385 200382 75903 223990 205226 75893 75889 205217 
15 : 131112 49349 27459 264348 23248 49332 27433 131113 23219 27428 49350 23212 27460 23210 23249 
15 : 174090 26554 161187 262712 36795 26540 161162 174089 36776 26537 26553 26524 161185 36773 36791 
15 : 15831 219375 244525 198212 264438 15820 15826 15817 15832 219369 198197 219378 198199 244528 198214 
15 : 223892 246461 135983 262554 234451 223885 135967 223890 223880 135975 246457 234440 135980 135968 234447 
15 : 251440 246610 222510 260078 258781 246602 222503 251439 251438 222502 246607 246606 222507 222506 258778 
15 : 25338 186859 31372 242220 190127 25329 25317 25334 25330 31358 186854 186847 31368 31359 190116 
15 : 26944 255567 108435 240693 34058 26943 26930 26941 26924 108432 240689 34052 108430 34028 34046 
15 : 153400 36568 130120 260178 229338 36552 130099 153395 153387 36549 36567 36559 130116 130106 229336 
15 : 234108 68981 95720 234930 7504 68970 95710 234099 7492 68962 68971 7472 95711 7478 7493 
15 : 76088 229773 174946 264726 152198 76081 76075 76089 76071 174937 229774 152181 174947 152175 152199 
15 : 35878 219445 214166 233058 264771 35866 35865 35870 35879 214147 219431 219446 214151 214168 233060 
15 : 213113 264088 222652 246361 71123 213112 213107 213108 71106 222651 246360 71122 222642 71108 71114 
15 : 66632 257281 216722 105216 82747 66629 66626 66616 66611 216720 105212 82743 105203 82735 82722 
15 : 216484 263583 119032 206115 182840 216482 119016 206101 182817 119030 206114 182837 119015 119010 182815 
15 : 113055 218025 6580 176218 67000 113048 6555 113044 66966 6568 176203 66985 6563 6550 66978 
15 : 97333 115061 82896 264889 261437 97309 82866 97335 97331 82870 115065 115060 82898 82892 261442 
15 : 126951 193911 120114 235830 165847 126938 120091 126946 126936 120101 193906 165824 120107 120096 165838 
15 : 209539 153226 237078 204615 170207 153214 209534 204601 170192 153219 153211 153205 204610 170197 170190 
15 : 181380 244736 47890 248947 9112 181375 47869 181376 9081 47879 244733 9102 47881 9067 9104 
15 : 209116 230479 169823 11504 254001 209103 169801 11482 209108 169806 11484 230472 11479 169811 11493 
15 : 156923 119733 159428 261293 127938 119715 156900 156917 127914 119717 119730 119711 159424 127916 127934 
15 : 170274 107936 131397 185800 34337 107911 131375 170259 34314 107908 107916 34307 131381 34309 34317 
15 : 264986 201982 133319 185087 240121 201984 133320 185089 240122 133312 185069 201979 133309 133316 185079 
15 : 248524 197887 146355 246074 85975 197882 146348 246067 85968 146342 197880 85954 146345 85947 85965 
15 : 158444 200653 264112 265063 214850 158430 158442 158445 158431 200650 200654 200633 264113 214847 214851 
15 : 239155 265070 262906 245887 264507 239157 239152 239146 239154 262907 245889 264508 245883 262905 245885 
15 : 254424 265090 265089 260109 265088 254428 254427 254422 254426 265593 260113 265563 260112 265562 260111 
15 : 57745 99416 238222 242645 113344 57721 57738 57740 57722 99406 99407 99396 238214 113333 113335 
15 : 259329 265144 14465 158464 136738 259330 14461 158462 136733 14467 158467 136740 14446 14442 136714 
15 : 264988 264790 34576 221831 261394 264788 34574 221830 261392 34573 221829 261391 34565 34568 221824 
15 : 104770 255466 225884 227265 265158 104764 104756 104757 104771 225875 227259 255468 225868 225885 227266 
15 : 33956 59390 209655 265096 265170 33934 33945 33954 33957 59378 59389 59391 209654 209656 265097 
15 : 178193 34442 265198 264567 167382 34428 178194 178190 167361 34443 34441 34425 264568 167383 167381 
15 : 30935 265269 31258 265175 262750 30936 30908 30932 30925 31260 265176 262751 31257 31251 262748 
15 : 137160 251672 186916 232049 67003 137151 137141 137146 66973 186910 232042 66993 186905 66979 66988 
15 : 205941 219522 119735 118240 261440 205932 119722 118224 205937 119724 118226 219520 118211 119731 118235 
15 : 247996 17297 265302 116041 107414 17290 247997 116031 107401 17298 17275 17272 116042 107416 107385 
15 : 249869 237248 168649 204064 35660 237245 168644 204059 35649 168642 204053 35644 168635 35633 35639 
15 : 240444 222574 14133 265324 68921 222568 14125 240446 68910 14118 222576 68905 14134 14100 68922 
15 : 136386 155086 226396 265342 115064 136369 136373 136385 115040 155075 155085 115043 226395 115049 115063 
15 : 174139 251763 30171 188736 221579 174132 30149 174117 174122 30162 188729 221571 30151 30154 188725 
15 : 241240 40617 225143 256701 60242 40611 225139 241234 60234 40608 40614 40592 225140 60231 60237 
15 : 76135 52838 194426 14257 229208 52812 76123 14227 76128 52823 14226 52826 14238 194414 14245 
15 : 234906 64984 214996 263599 6910 64971 214982 234903 6895 64970 64982 6874 214993 6893 6907 
15 : 34242 58631 135801 244180 198371 34221 34225 34236 34230 58615 58624 58621 135794 135790 198363 
15 : 21136 129198 252510 7710 265397 21122 21133 7677 21135 129191 7689 129197 7707 252509 7709 
15 : 247946 162809 203125 109627 263350 162801 203119 109618 247944 162797 109604 162806 109612 203123 109623 
15 : 175511 16727 205754 137843 140139 16706 175499 137821 140116 16710 16701 16702 137826 140121 137817 
15 : 226118 439 264231 236719 263748 424 226115 226104 226114 436 425 435 236718 263743 236717 
15 : 265517 188466 179279 128174 211444 188465 179278 128173 211443 179263 128156 188451 128154 179268 128161 
15 : 125234 201454 260483 151554 262414 125218 125227 125214 125229 201445 151534 201449 151545 260478 151548 
15 : 90854 248164 2881 260736 40314 90849 2856 90851 40280 2875 248161 40307 2877 2848 40312 
15 : 212558 175028 250669 247146 111810 175015 212547 212545 111796 175022 175019 111787 247138 111802 111801 
15 : 217882 264256 96879 253741 264816 217880 96864 217876 217881 96876 253739 264253 96871 96877 253740 
15 : 193698 66666 152728 235952 248669 66651 152709 193684 193689 66644 66654 66659 152717 152720 235938 
15 : 86176 182481 12448 170651 187259 86161 12424 86157 86162 12431 170632 182470 12430 12432 170633 
15 : 158318 195457 265308 192664 253958 158306 158317 158305 158314 195455 192650 195450 192662 253956 192657 
15 : 229885 241071 170673 81831 258607 229876 170664 81815 229882 170666 81819 241067 81805 170670 81823 

